row,obsid,sourceName,beam,frequency,driftRate,snr,n_beams,n_obs_at_freq,ra,dec
54172,MeerKAT:array_1:20250701T085314Z,Gaia_4669727145610415104,15,919.9671592116356,0.02017610064910066,339.2006,4,1,4.104917798003196,-65.75621622031709
54178,MeerKAT:array_1:20250701T085314Z,Gaia_4669731749815407232,21,919.9671592116356,0.02017610064910066,302.90634,4,1,4.132750307042477,-65.65175504954972
54175,MeerKAT:array_1:20250701T085314Z,Gaia_4669722124792715520,18,919.9671592116356,0.02017610064910066,276.45016,4,1,4.154683470000491,-65.57481961578418
54164,MeerKAT:array_1:20250701T085314Z,Gaia_4669720170583578368,7,919.9671592116356,0.02017610064910066,273.05603,4,1,4.142433042258477,-65.65830661296471
20501,MeerKAT:array_1:20250708T083640Z,Gaia_4669681172280380800,1,879.9958712756634,-0.19167295616645627,265.45984,4,1,4.144022622433948,-66.11683398435129
17435,MeerKAT:array_1:20250701T095804Z,Gaia_4669713573513776384,39,874.9914136230946,-0.1462767297059798,264.5674,2,1,4.135081671264423,-65.75194419313402
17359,MeerKAT:array_1:20250701T095804Z,Gaia_4669721128360267392,19,874.9914136230946,-0.1462767297059798,254.42189,2,1,4.164118841996032,-65.61790782588749
23639,MeerKAT:array_1:20250712T092209Z,Gaia_4669815106540510848,6,869.9956152886152,-0.1462767297059798,247.72145,4,1,4.16380532445806,-65.55678540542186
23652,MeerKAT:array_1:20250712T092209Z,Gaia_4669726698933866112,19,869.9956152886152,-0.1462767297059798,246.35738,4,1,4.123021492832987,-65.64792617949458
17438,MeerKAT:array_1:20250701T095804Z,Gaia_4669698111631422592,40,874.9888370335102,-0.05548427678502682,245.02731,2,1,4.103343666826624,-65.93825510535834
17401,MeerKAT:array_1:20250701T095804Z,Gaia_4669696840321087872,30,874.9914104342461,-0.11096855357005364,244.34389,2,1,4.111816986933466,-65.99525578631238
17446,MeerKAT:array_1:20250701T095804Z,Gaia_4669705116721809920,42,874.9888370335102,-0.05548427678502682,244.08664,2,1,4.151660527294777,-66.05077059096503
23657,MeerKAT:array_1:20250712T092209Z,Gaia_4669702406598752640,24,869.9956152886152,-0.1462767297059798,242.19086,4,1,4.086659521575402,-65.84501600372867
17379,MeerKAT:array_1:20250701T095804Z,Gaia_4669811567487460096,24,874.9914104342461,-0.11096855357005364,240.28148,2,1,4.182460508460625,-65.58498551850913
20601,MeerKAT:array_1:20250708T083640Z,Gaia_4669681962554362368,51,879.9958712756634,-0.18662893100418113,237.83891,4,1,4.138224446074749,-66.10411249321956
23666,MeerKAT:array_1:20250712T092209Z,Gaia_4669732505729686144,33,869.9943636655807,-0.16645283035508046,234.16566,1,1,4.136333645197005,-65.57676109566584
53940,MeerKAT:array_1:20250701T085314Z,Gaia_4669684092858155648,25,915.9673020392656,0.02017610064910066,233.16856,3,1,4.123812185180635,-66.04716288400303
23658,MeerKAT:array_1:20250712T092209Z,Gaia_4668955288447797760,25,869.9956152886152,-0.1462767297059798,231.08826,4,1,4.174426335117182,-66.03219708700108
20535,MeerKAT:array_1:20250708T083640Z,Gaia_4669681996914101120,18,879.9958712756634,-0.18662893100418113,230.81252,4,1,4.139396981194498,-66.10063873949068
16425,MeerKAT:array_1:20250701T085314Z,Gaia_4669778547779094528,46,871.9688715487719,0.04539622646047649,224.43456,1,1,4.096527642593909,-65.49160127983093
23635,MeerKAT:array_1:20250712T092209Z,Gaia_4669811567487460096,2,869.9956184774637,-0.18662893100418113,223.91246,1,1,4.182460508460625,-65.58498551850913
53918,MeerKAT:array_1:20250701T085314Z,Gaia_4669699382941779584,3,915.9673020392656,0.02017610064910066,211.05157,3,1,4.113790531160726,-65.8703693528765
53937,MeerKAT:array_1:20250701T085314Z,Gaia_4669719002352475392,22,915.9673020392656,0.02017610064910066,208.59097,3,1,4.154972806956826,-65.69636264771198
23649,MeerKAT:array_1:20250712T092209Z,Gaia_4669727214329905920,16,869.994365260005,-0.17654088067963078,198.82262,1,1,4.109438969306825,-65.74064617130749
20613,MeerKAT:array_1:20250708T083640Z,Gaia_4669719483388811904,57,879.9958680868149,-0.1311446542191543,183.55487,3,1,4.1451543812396325,-65.70095198966882
298851,MeerKAT:array_1:20250701T085314Z,Gaia_4669726625918388224,53,879.968587487936,0.01008805032455033,180.86989,1,1,4.126242113649026,-65.66560009418758
20521,MeerKAT:array_1:20250708T083640Z,Gaia_4669729928749271936,11,879.9958680868149,-0.1311446542191543,173.79294,3,1,4.118910556243688,-65.62400179093467
20505,MeerKAT:array_1:20250708T083640Z,Gaia_4668961610639724544,3,879.9958553314209,-0.035308176135926156,173.56618,1,1,4.196391452940595,-65.82004549596878
20507,MeerKAT:array_1:20250708T083640Z,Gaia_4669736903776210944,4,879.9958680868149,-0.12105660389460396,158.56537,1,1,4.120185767851399,-65.47336939109383
29137,MeerKAT:array_1:20250731T130553Z,Gaia_5423628287002712704,44,874.9962622672319,-0.09079245292095298,147.80113,2,1,9.349876037116735,-45.282527898447604
29116,MeerKAT:array_1:20250731T130553Z,Gaia_5423510639258307328,28,874.9962622672319,-0.09079245292095298,145.8813,2,1,9.343427134608197,-45.73696427410684
20525,MeerKAT:array_1:20250708T083640Z,Gaia_4669723709636594048,13,879.9958617091179,-0.0857484277586778,136.35532,1,1,4.12184748846574,-65.74606282703172
20555,MeerKAT:array_1:20250708T083640Z,Gaia_4669724465550837888,28,879.9958680868149,-0.1311446542191543,133.98128,3,1,4.119621550204282,-65.73789746708061
304104,MeerKAT:array_1:20250731T144023Z,Gaia_1468279276454493824,11,879.9973636567593,0.005044025162275165,132.48323,1,1,13.501585547018664,30.74776330880312
22190,MeerKAT:array_1:20250710T132016Z,Gaia_5256133255493666048,48,874.9863656759262,-0.12610062905687913,130.8659,1,1,9.951036272738827,-61.65013909023987
16801,MeerKAT:array_1:20250701T085314Z,Gaia_4669830121746188672,47,875.9687287211418,0.04539622646047649,130.81396,1,1,4.142002513807104,-65.38772218118773
26352,MeerKAT:array_1:20250719T103545Z,Gaia_4669723847075514752,5,879.9938910007477,0.1311446542191543,118.84973,3,1,4.113344953987144,-65.80790768750131
26346,MeerKAT:array_1:20250719T103545Z,Gaia_4669832630007089024,2,879.9938910007477,0.13618867938142945,118.12101,3,1,4.135668494193676,-65.39577576137432
278477,MeerKAT:array_1:20240319T020710Z,Gaia_2543036568160810496,32,1675.873485967517,-0.025220125811375827,118.09438,3,1,0.737230035102561,0.032486749264079975
278457,MeerKAT:array_1:20240319T020710Z,Gaia_2530997843549541248,12,1675.873485967517,-0.025220125811375827,117.30435,3,1,0.7607880258329646,-0.38413766275952727
26464,MeerKAT:array_1:20250719T103545Z,Gaia_4668963053748722048,61,879.9938910007477,0.13618867938142945,116.77241,3,1,4.178169291060081,-65.88508297435585
278456,MeerKAT:array_1:20240319T020710Z,Gaia_2543020865760350464,11,1675.873485967517,-0.025220125811375827,110.92711,3,1,0.7261650565901477,-0.2852434678886343
17296,MeerKAT:array_1:20250701T095804Z,Gaia_4669686017003536640,2,874.9713764935732,-0.20680503165328176,110.90061,3,1,4.132765211108305,-65.97382453850489
17449,MeerKAT:array_1:20250701T095804Z,Gaia_4669686012707274624,43,874.9713764935732,-0.20680503165328176,109.06021,3,1,4.133221043602255,-65.9692417190359
22166,MeerKAT:array_1:20250710T132016Z,Gaia_5256029420359472256,2,874.9863465428352,-0.035308176135926156,103.49675,2,1,9.942389185326418,-61.924011707512186
22188,MeerKAT:array_1:20250710T132016Z,Gaia_5256031069626481792,45,874.9863848090172,-0.19671698132873144,101.56544,1,1,9.920851175629705,-61.968609530920105
22175,MeerKAT:array_1:20250710T132016Z,Gaia_5256090374537520128,17,874.9863465428352,-0.035308176135926156,99.69952,2,1,9.871788620665779,-61.79059290871185
17510,MeerKAT:array_1:20250701T095804Z,Gaia_4668964428138269952,59,874.9713764935732,-0.20680503165328176,99.18093,3,1,4.1891414737304835,-65.82288525731616
20503,MeerKAT:array_1:20250708T083640Z,Gaia_4669060360527883264,2,879.9958712756634,-0.19167295616645627,98.11843,4,1,4.195521277277195,-65.64384544600205
55207,MeerKAT:array_1:20250701T095804Z,Gaia_4669700070136544640,7,919.966698423028,-0.10592452840777847,91.49794,2,1,4.1025528305222805,-65.84718019004706
55229,MeerKAT:array_1:20250701T095804Z,Gaia_4669699348582040576,16,919.966692045331,-0.07566037743412748,89.59482,4,1,4.111172790836376,-65.87984362181173
24112,MeerKAT:array_1:20250712T121643Z,Gaia_4669690655568165888,32,874.9878166019917,-0.04539622646047649,88.422966,1,1,4.1017848524268805,-66.03988818977508
55247,MeerKAT:array_1:20250701T095804Z,Gaia_4669811567487460096,24,919.966692045331,-0.07566037743412748,87.554825,4,1,4.182460508460625,-65.58498551850913
55235,MeerKAT:array_1:20250701T095804Z,Gaia_4669721128360267392,19,919.966698423028,-0.10592452840777847,83.259445,2,1,4.164118841996032,-65.61790782588749
29332,MeerKAT:array_1:20250731T130553Z,Gaia_5423605025459534848,52,879.9976394921541,0.035308176135926156,82.07645,4,1,9.350008059598292,-45.661798670631015
55194,MeerKAT:array_1:20250701T095804Z,Gaia_4669686017003536640,2,919.966692045331,-0.07566037743412748,81.29614,4,1,4.132765211108305,-65.97382453850489
29262,MeerKAT:array_1:20250731T130553Z,Gaia_5422885704336991232,17,879.9976410865784,0.03026415097365099,80.767204,1,1,9.381775180193616,-45.349593719013235
303943,MeerKAT:array_1:20250731T130553Z,Gaia_5422841002316914816,60,879.9976458698511,0.01008805032455033,80.30237,1,1,9.387398072166352,-45.78365968231924
55292,MeerKAT:array_1:20250701T095804Z,Gaia_4669686012707274624,43,919.966692045331,-0.07566037743412748,78.05949,4,1,4.133221043602255,-65.9692417190359
29314,MeerKAT:array_1:20250731T130553Z,Gaia_5423613443595632128,43,879.9976331144571,0.06052830194730198,77.917114,1,2,9.37256954105626,-45.346322257524854
29310,MeerKAT:array_1:20250731T130553Z,Gaia_5422755721446663296,41,879.9976394921541,0.035308176135926156,77.27771,4,1,9.356339502852032,-45.853495787514824
29324,MeerKAT:array_1:20250731T130553Z,Gaia_5422843746794666752,48,879.9976394921541,0.035308176135926156,74.98792,4,1,9.394910046485801,-45.62787436213004
29288,MeerKAT:array_1:20250731T130553Z,Gaia_5422869967576843136,30,879.9976490586996,-0.06052830194730198,74.240776,1,1,9.404112227295835,-45.4655330632445
10303,MeerKAT:array_1:20250715T232237Z,Gaia_6440700903742898432,26,863.9901749044657,-0.03026415097365099,72.81597,4,2,19.624629354364806,-63.71847338176609
55199,MeerKAT:array_1:20250701T095804Z,Gaia_4669700516813162496,4,919.9666904509068,-0.07061635227185231,72.60602,1,1,4.107692502960613,-65.82334529127918
5151,MeerKAT:array_1:20250708T085539Z,Gaia_2978880194273961216,49,856.8381425887346,0.1614088051928053,72.47704,1,1,4.644548500135154,-18.335188897012195
5138,MeerKAT:array_1:20250708T085539Z,ex_LEDA_866614,1,856.8381441831589,-0.08070440259640264,72.23776,1,1,4.658194466666667,-18.561667
29292,MeerKAT:array_1:20250731T130553Z,Gaia_5422885188940887040,32,879.9976394921541,0.035308176135926156,71.937416,4,1,9.379694813245623,-45.38407576947281
9868,MeerKAT:array_1:20250714T053348Z,Gaia_4669719758266718592,58,868.1514053493738,-0.10592452840777847,71.76711,1,1,4.142002533721463,-65.69469461611777
274722,MeerKAT:array_1:20240319T020710Z,Gaia_2530941905895482240,58,1237.8299780339003,-0.19671698132873144,71.7187,1,1,0.7602238314893407,-0.5645047467900717
10258,MeerKAT:array_1:20250715T232237Z,Gaia_6440683891377314560,12,863.9901749044657,-0.03026415097365099,71.66757,4,2,19.645864272484435,-63.86122211199529
24017,MeerKAT:array_1:20250712T092209Z,Gaia_4669681996914100864,3,879.9966652989388,0.050440251622751654,70.933655,3,1,4.1387636225831566,-66.09069349647753
29238,MeerKAT:array_1:20250731T130553Z,Gaia_5423627118771453568,5,879.9976490586996,-0.07061635227185231,70.921074,1,1,9.354754328717267,-45.34954096156781
29342,MeerKAT:array_1:20250731T130553Z,Gaia_5422869555259955968,57,879.9976474642754,-0.06052830194730198,70.42429,1,1,9.403232289914737,-45.50325589179326
10365,MeerKAT:array_1:20250715T232237Z,Gaia_6441085492294009344,51,863.9901749044657,-0.03026415097365099,70.33288,4,2,19.674122826014305,-63.45461689543384
10268,MeerKAT:array_1:20250715T232237Z,Gaia_6440693585118612608,15,863.9901749044657,-0.03026415097365099,70.106224,4,2,19.628594431975266,-63.924863811963455
5144,MeerKAT:array_1:20250708T085539Z,Gaia_2978700836439467776,29,856.8381298333406,0.20680503165328176,67.19994,4,1,4.692044564171477,-18.453929069474643
279814,MeerKAT:array_1:20250701T085314Z,Gaia_4669681305423190912,45,867.9690191596746,-0.01008805032455033,66.60827,1,1,4.144524387988824,-66.08909789821749
24069,MeerKAT:array_1:20250712T092209Z,Gaia_4668961610639724544,55,879.9966652989388,0.10592452840777847,65.18533,4,1,4.196391452940595,-65.82004549596878
24051,MeerKAT:array_1:20250712T092209Z,Gaia_4669829537630636544,37,879.9966652989388,0.10592452840777847,63.32801,4,1,4.141682000641891,-65.40145979467135
24109,MeerKAT:array_1:20250712T121643Z,ex_LEDA_310383,29,874.9954825937748,-0.12610062905687913,62.06782,1,1,4.144116333333334,-65.76642700000001
5139,MeerKAT:array_1:20250708T085539Z,ex_2MASX_J04393087-1834328,2,856.8381298333406,0.10592452840777847,59.84884,1,1,4.658576999999999,-18.575750000000003
24016,MeerKAT:array_1:20250712T092209Z,Gaia_4669811567487460096,2,879.9966652989388,0.10592452840777847,59.102856,4,1,4.182460508460625,-65.58498551850913
17189,MeerKAT:array_1:20250701T095804Z,Gaia_4669733742680268544,31,871.9684378653765,-0.10592452840777847,58.59143,1,1,4.141783037426076,-65.56016081583336
275707,MeerKAT:array_1:20240319T020710Z,Gaia_2530941184340976128,31,1525.0659335702658,-0.025220125811375827,57.1706,3,1,0.756121300463945,-0.5637406497708526
275587,MeerKAT:array_1:20240319T020710Z,Gaia_2543022270213789952,5,1525.0659335702658,-0.025220125811375827,56.49256,3,1,0.722678710270916,-0.22492068923097225
24046,MeerKAT:array_1:20250712T092209Z,Gaia_4669686012707274624,32,879.9966652989388,0.050440251622751654,55.14248,3,1,4.133221043602255,-65.9692417190359
9866,MeerKAT:array_1:20250714T053348Z,Gaia_4669722541405576448,9,868.1513304114342,0.19671698132873144,54.080048,1,1,4.152424275847108,-65.53037745812888
275772,MeerKAT:array_1:20240319T020710Z,Gaia_2531019833782091904,47,1525.0810710340738,0.025220125811375827,53.83987,3,1,0.7425774527380558,-0.15910888919615893
17447,MeerKAT:array_1:20250701T095804Z,Gaia_4669705116721809920,42,875.0093668401241,-0.0857484277586778,53.571075,3,1,4.151660527294777,-66.05077059096503
17504,MeerKAT:array_1:20250701T095804Z,Gaia_4669714191989054848,57,875.0093700289726,-0.10088050324550331,53.49941,2,1,4.161193168234339,-65.8407822315043
17508,MeerKAT:array_1:20250701T095804Z,Gaia_4669812357761441792,58,875.0093668401241,-0.0857484277586778,53.445656,3,1,4.176019349042368,-65.56923353654236
24015,MeerKAT:array_1:20250712T092209Z,Gaia_4669812563919875200,1,879.9966652989388,0.050440251622751654,53.395233,3,1,4.173439981851773,-65.54933189394633
17490,MeerKAT:array_1:20250701T095804Z,Gaia_4669708350833499904,53,875.0093668401241,-0.0857484277586778,53.27272,3,1,4.153196784488671,-65.91853188874613
17413,MeerKAT:array_1:20250701T095804Z,Gaia_4669709965741200640,33,875.0093700289726,-0.10088050324550331,52.826706,2,1,4.134161181422981,-65.89310178857059
29523,MeerKAT:array_1:20250731T134912Z,ex_ASASSN-V_J160640.46-484323.8,42,879.9976299256086,0.16645283035508046,52.774826,1,2,16.111237999999997,-48.72328
24073,MeerKAT:array_1:20250712T092209Z,Gaia_4669711649368397184,59,879.9966652989388,0.10592452840777847,52.389465,4,1,4.143489364460024,-65.87008161048347
24052,MeerKAT:array_1:20250712T092209Z,Gaia_4669713539154051968,38,879.9966652989388,0.06557232710957715,52.219395,2,1,4.141713242289284,-65.72886604085323
5148,MeerKAT:array_1:20250708T085539Z,Gaia_2978888681127986688,38,856.8381298333406,0.20680503165328176,51.11615,4,1,4.6671346788742545,-18.337949147705874
17417,MeerKAT:array_1:20250701T095804Z,Gaia_4669717146926603904,34,875.0093684345484,-0.0857484277586778,51.02365,2,1,4.165769995642935,-65.72588032717957
17486,MeerKAT:array_1:20250701T095804Z,Gaia_4669735250212219264,52,875.0093684345484,-0.0857484277586778,49.345776,2,1,4.1324736222485985,-65.47852355237711
5553,MeerKAT:array_1:20250708T085539Z,Gaia_2978695132722853120,53,863.9564177542925,0.07061635227185231,48.63721,2,2,4.677415399594819,-18.506950026605562
275722,MeerKAT:array_1:20240319T020710Z,Gaia_2543029352615742080,36,1525.043648302555,0.02017610064910066,48.335308,4,1,0.7283424581571786,-0.028808596750400838
5491,MeerKAT:array_1:20250708T085539Z,Gaia_2978864594952822528,41,863.9564177542925,0.07061635227185231,47.854713,2,2,4.645955729657119,-18.503077367881087
275721,MeerKAT:array_1:20240319T020710Z,Gaia_2543029352615742080,36,1525.033093214035,0.10088050324550331,45.502922,3,1,0.7283424581571786,-0.028808596750400838
20673,MeerKAT:array_1:20250708T085539Z,Gaia_2978704169334031744,46,870.2320652157068,0.06052830194730198,45.471973,2,1,4.695184610629824,-18.332276006924257
5143,MeerKAT:array_1:20250708T085539Z,Gaia_2978888608112809728,26,856.8381298333406,0.20680503165328176,45.46132,4,1,4.6678567534079525,-18.34155306186468
29663,MeerKAT:array_1:20250731T141132Z,Gaia_5931367531044267904,54,879.9973078519106,0.04035220129820132,45.22867,3,1,16.303664874357327,-56.249846749793015
275649,MeerKAT:array_1:20240319T020710Z,Gaia_2531016427872523392,19,1525.0436594635248,-0.03026415097365099,45.016922,3,1,0.7563692345891898,-0.20883492276179103
275604,MeerKAT:array_1:20240319T020710Z,Gaia_2543034678375189632,9,1525.0659208148718,0.025220125811375827,44.81089,1,1,0.7342001438921485,-0.014725531379194025
5149,MeerKAT:array_1:20250708T085539Z,Gaia_2978888612409926784,43,856.8381298333406,0.20680503165328176,44.46829,4,1,4.667929257784091,-18.344630832204633
275747,MeerKAT:array_1:20240319T020710Z,Gaia_2530994098337321088,42,1525.0731483399868,0.02017610064910066,44.281555,2,1,0.7453893920028318,-0.3979518482198706
22080,MeerKAT:array_1:20250710T123913Z,Gaia_2894427358981809152,19,874.9865633845329,0.015132075486825495,44.097904,4,1,6.602258454050711,-30.375199504910164
1859,MeerKAT:array_1:20250701T095804Z,Gaia_4669713539154051968,49,863.9687235206366,-0.0857484277586778,43.966755,3,1,4.141713242289284,-65.72886604085323
278238,MeerKAT:array_1:20240319T020710Z,Gaia_2543034678375189632,9,1626.0765075832605,0.16645283035508046,43.85093,1,1,0.7342001438921485,-0.014725531379194025
300574,MeerKAT:array_1:20250710T123913Z,Gaia_2893833416543796480,43,874.9865633845329,0.01008805032455033,43.724907,4,1,6.599445271915725,-30.993045390061933
22090,MeerKAT:array_1:20250710T123913Z,Gaia_2893838501784986368,29,874.9865586012602,0.09583647808322814,43.681496,4,1,6.617418189601333,-30.85699679632125
1725,MeerKAT:array_1:20250701T095804Z,Gaia_4669716459731837184,3,863.9687187373638,-0.07061635227185231,43.14197,2,1,4.172792520781388,-65.73560503005208
187758,MeerKAT:array_1:20250731T120456Z,Gaia_5423511601330978816,55,961.9998112916946,0.015132075486825495,42.9915,2,2,9.338811270870176,-45.70822260249601
22102,MeerKAT:array_1:20250710T123913Z,Gaia_2894411381703462400,41,874.9865601956844,0.05548427678502682,42.69273,1,1,6.613176611615868,-30.468164507385453
22070,MeerKAT:array_1:20250710T123913Z,Gaia_2893830873923147264,9,874.9865633845329,0.015132075486825495,42.65878,4,1,6.6015839526207465,-30.98092808222558
187752,MeerKAT:array_1:20250731T120456Z,Gaia_5422837257105417216,49,961.9998112916946,0.015132075486825495,42.608967,2,2,9.393147569739016,-45.85636873472589
29615,MeerKAT:array_1:20250731T141132Z,Gaia_5931584860796499840,6,879.9973078519106,0.04035220129820132,42.51861,3,1,16.265053878235836,-55.80953496324364
1869,MeerKAT:array_1:20250701T095804Z,Gaia_4669713367355346944,54,863.9687235206366,-0.0857484277586778,41.761475,3,1,4.138825032764708,-65.77594082267676
22659,MeerKAT:array_1:20250710T145421Z,Gaia_3630416768751323136,48,874.9917277246714,-0.09583647808322814,41.32517,3,1,13.45970672904429,-7.785197356611359
1765,MeerKAT:array_1:20250701T095804Z,Gaia_4669729482072672512,17,863.9687187373638,-0.07061635227185231,41.262947,2,1,4.114156205120421,-65.63433311751987
14280,MeerKAT:array_1:20250731T120456Z,Gaia_5422869417820977792,62,863.9995405524969,0.05548427678502682,40.670944,2,1,9.401388403937736,-45.53226524659168
275777,MeerKAT:array_1:20240319T020710Z,Gaia_2537023579586481792,48,1525.0436770021915,-0.10592452840777847,40.1469,1,1,0.7623531229885682,-0.06647654603891257
22096,MeerKAT:array_1:20250710T123913Z,Gaia_2894407602132303104,35,874.9865554124117,0.1160125787323288,39.666203,3,1,6.609510801550615,-30.635170432408394
22061,MeerKAT:array_1:20250710T123913Z,J0636-3044,0,874.9865586012602,0.09583647808322814,39.598923,4,1,6.609552777777778,-30.733611111111113
29630,MeerKAT:array_1:20250731T141132Z,Gaia_5931571701016090624,21,879.9973046630621,0.05548427678502682,39.580624,2,1,16.27762438099922,-55.902580159981156
22653,MeerKAT:array_1:20250710T145421Z,Gaia_3630302591340754944,34,874.9917165637016,-0.05548427678502682,39.315228,2,1,13.46151718331075,-8.052305201205487
29672,MeerKAT:array_1:20250731T141132Z,Gaia_5931562630044033280,63,879.9973078519106,0.04035220129820132,39.125298,3,1,16.27410876032144,-56.07188142355216
14064,MeerKAT:array_1:20250731T120456Z,Gaia_5422852272311080576,10,863.9995405524969,0.05548427678502682,38.677998,2,1,9.365367101418332,-45.668142461118876
29610,MeerKAT:array_1:20250731T141132Z,Gaia_5931526449225934848,1,879.9973046630621,0.05548427678502682,38.177063,2,1,16.266197655335837,-56.387545083378974
275791,MeerKAT:array_1:20240319T020710Z,Gaia_2530943280285016320,52,1525.0436578691006,-0.02017610064910066,37.87101,4,1,0.7614536291229272,-0.5167216066239629
275588,MeerKAT:array_1:20240319T020710Z,Gaia_2543022270213789952,5,1525.073156312108,-0.015132075486825495,37.807537,2,1,0.722678710270916,-0.22492068923097225
275762,MeerKAT:array_1:20240319T020710Z,Gaia_2543031173681877120,46,1525.0436323583126,0.09583647808322814,37.7692,1,1,0.7354489376147069,-0.06440900923182608
1870,MeerKAT:array_1:20250701T095804Z,Gaia_4669713298635870336,55,863.9687235206366,-0.0857484277586778,37.710453,3,1,4.13960787023654,-65.76910268184827
275807,MeerKAT:array_1:20240319T020710Z,Gaia_2531022720000112896,56,1525.043648302555,0.02017610064910066,37.680283,4,1,0.7488358347954938,-0.05095121610039055
275638,MeerKAT:array_1:20240319T020710Z,Gaia_2530991280839514240,17,1525.0857873409986,0.015132075486825495,37.625885,1,1,0.7550898157103431,-0.45577172504298274
275733,MeerKAT:array_1:20240319T020710Z,Gaia_2531010586717352576,38,1525.033118724823,-0.015132075486825495,37.343185,1,1,0.7364797018395393,-0.2923174094215459
22646,MeerKAT:array_1:20250710T145421Z,Gaia_3630400379156148608,18,874.9917277246714,-0.09583647808322814,37.33895,3,1,13.471967585503963,-7.8778982862017255
22106,MeerKAT:array_1:20250710T123913Z,Gaia_2894412240696962944,46,874.9865538179874,0.12105660389460396,37.23619,3,1,6.606015386817216,-30.524972005445463
94103,MeerKAT:array_1:20250720T073007Z,Gaia_5083372937627408768,40,924.9919553399086,-0.14123270454370462,36.970844,3,1,4.003663495945535,-24.138633583422255
275691,MeerKAT:array_1:20240319T020710Z,Gaia_2530988703859124608,28,1525.0436578691006,-0.02017610064910066,36.67938,4,1,0.7501983358662013,-0.5231516086096337
94139,MeerKAT:array_1:20250720T073007Z,Gaia_5084042299690752768,58,924.9919553399086,-0.14123270454370462,36.440056,3,1,3.95585963812923,-24.105451285546117
22086,MeerKAT:array_1:20250710T123913Z,Gaia_2893832110873752960,25,874.9865586012602,0.09583647808322814,36.344604,4,1,6.595043766348948,-31.01183377350794
275657,MeerKAT:array_1:20240319T020710Z,Gaia_2530963312012456192,20,1525.0731467455626,0.025220125811375827,36.00915,4,1,0.7400390451892073,-0.6279043626119837
275656,MeerKAT:array_1:20240319T020710Z,Gaia_2530963312012456192,20,1525.043629169464,0.10592452840777847,35.96284,2,1,0.7400390451892073,-0.6279043626119837
22072,MeerKAT:array_1:20250710T123913Z,Gaia_2894413374568320640,11,874.9865601956844,0.06557232710957715,35.960476,2,1,6.604358796985487,-30.48546538105122
64949,MeerKAT:array_1:20250731T124411Z,Gaia_5850069267700290176,4,919.9847680330276,0.12610062905687913,35.94548,4,2,14.650560772476442,-64.32393557401112
275672,MeerKAT:array_1:20240319T020710Z,Gaia_2531002310315546624,23,1525.0857729911804,0.08070440259640264,35.911835,2,1,0.753448264326955,-0.2947137830362302
94083,MeerKAT:array_1:20250720T073007Z,Gaia_5083391285727699072,30,924.9919553399086,-0.14123270454370462,35.61167,3,1,3.9866724848257653,-23.941147129408847
279471,MeerKAT:array_1:20250701T085314Z,Gaia_4668954360734828672,55,855.9694444537163,0.01008805032455033,35.341526,4,1,4.156560034799208,-66.08225737511033
22650,MeerKAT:array_1:20250710T145421Z,Gaia_3630316021702728192,27,874.9917261302471,-0.09079245292095298,35.151104,1,1,13.45064918286198,-8.007572961315033
279405,MeerKAT:array_1:20250701T085314Z,Gaia_4669059879491518848,2,855.9694444537163,0.01008805032455033,34.92885,4,1,4.189684870798124,-65.69200230256133
275824,MeerKAT:array_1:20240319T020710Z,Gaia_2531007910952850560,60,1525.0857650190592,0.1160125787323288,34.9197,4,1,0.7429205526301578,-0.33685624636780465
275779,MeerKAT:array_1:20240319T020710Z,Gaia_2537023579586481792,48,1525.0857841521502,0.025220125811375827,34.87188,3,1,0.7623531229885682,-0.06647654603891257
22661,MeerKAT:array_1:20250710T145421Z,Gaia_3630322760507186176,54,874.9917149692774,-0.050440251622751654,34.627895,2,1,13.447969500910252,-7.851834192770847
275651,MeerKAT:array_1:20240319T020710Z,Gaia_2531016427872523392,19,1525.0731467455626,0.025220125811375827,34.298836,4,1,0.7563692345891898,-0.20883492276179103
279480,MeerKAT:array_1:20250701T085314Z,Gaia_4669736285300904192,62,855.9694444537163,0.01008805032455033,34.215992,4,1,4.119652601436114,-65.53565856273653
22119,MeerKAT:array_1:20250710T123913Z,Gaia_2893830599045245056,59,874.9865538179874,0.12105660389460396,34.00572,3,1,6.60342754892438,-31.01429163298435
275723,MeerKAT:array_1:20240319T020710Z,Gaia_2543029352615742080,36,1525.0857857465744,0.02017610064910066,33.853497,3,1,0.7283424581571786,-0.028808596750400838
22113,MeerKAT:array_1:20250710T123913Z,Gaia_2893835443768340864,53,874.9865554124117,0.12105660389460396,33.847794,2,1,6.609505289360426,-31.03318514016035
275748,MeerKAT:array_1:20240319T020710Z,Gaia_2530994098337321088,42,1525.0858096629381,-0.0857484277586778,33.846634,2,1,0.7453893920028318,-0.3979518482198706
9867,MeerKAT:array_1:20250714T053348Z,Gaia_4669703849707801344,11,868.1633762866259,-0.1160125787323288,33.832973,1,1,4.102027145557674,-65.76608377829065
275612,MeerKAT:array_1:20240319T020710Z,Gaia_2543020865760350464,11,1525.0436578691006,-0.02017610064910066,33.6153,4,1,0.7261650565901477,-0.2852434678886343
22109,MeerKAT:array_1:20250710T123913Z,Gaia_2894221990825582592,49,874.9865601956844,0.06557232710957715,33.581882,2,1,6.62062097731709,-30.583846521011004
5600,MeerKAT:array_1:20250708T085539Z,Gaia_2978701557993923200,62,863.9846709519625,-0.07061635227185231,33.395424,3,1,4.683804686556305,-18.445783123474648
20628,MeerKAT:array_1:20250708T085539Z,ex_LEDA_866614,1,870.2320652157068,0.06052830194730198,33.11701,2,1,4.658194466666667,-18.561667
279459,MeerKAT:array_1:20250701T085314Z,Gaia_4669701410166340736,48,855.9694444537163,0.01008805032455033,32.85509,4,1,4.096127496965686,-65.88542707813265
16069,MeerKAT:array_1:20250701T053744Z,Gaia_4669730856462223872,7,879.9988735765219,0.1462767297059798,32.83377,4,1,4.1024349345990405,-65.57500289036119
5510,MeerKAT:array_1:20250708T085539Z,Gaia_2978697671046354816,44,863.9846709519625,-0.07061635227185231,32.813293,3,1,4.668064411814478,-18.490590348592022
22642,MeerKAT:array_1:20250710T145421Z,Gaia_3631072867955624448,9,874.9917165637016,-0.05548427678502682,32.707214,2,1,13.44202633259517,-7.832822801231019
892,MeerKAT:array_1:20250701T085314Z,Gaia_4669832630007089024,35,860.0304143130779,-0.04539622646047649,32.629955,2,1,4.135668494193676,-65.39577576137432
56814,MeerKAT:array_1:20250705T204042Z,Gaia_6440683620794454784,24,919.9843598604202,0.015132075486825495,32.556965,2,1,19.648266000836074,-63.878844581560664
300594,MeerKAT:array_1:20250710T123913Z,Gaia_2893837814590229632,62,874.9865633845329,0.01008805032455033,32.470116,4,1,6.617538517357171,-30.900036608395713
56079,MeerKAT:array_1:20250704T110253Z,Gaia_4669712955038486144,53,915.9751641452312,-0.04035220129820132,32.46773,4,1,4.13597054696761,-65.78184966513393
22071,MeerKAT:array_1:20250710T123913Z,Gaia_2894417016700496512,10,874.9865586012602,0.09583647808322814,32.428425,4,1,6.622986481071047,-30.413410357288388
870,MeerKAT:array_1:20250701T085314Z,Gaia_4669725702501432960,8,860.0304143130779,-0.04539622646047649,32.13751,2,1,4.1293585114848765,-65.69254377740788
16072,MeerKAT:array_1:20250701T053744Z,Gaia_4669776280036326528,14,879.9988735765219,0.1462767297059798,32.083866,4,1,4.091606107838294,-65.61029024079076
22665,MeerKAT:array_1:20250710T145421Z,Gaia_3630252151244878464,60,874.9917245358229,-0.0857484277586778,32.050076,1,1,13.47399307433372,-8.165711623291395
17769,MeerKAT:array_1:20250701T095804Z,Gaia_4669734567314018688,18,879.9681553989649,-0.14123270454370462,32.03608,4,1,4.141644467778401,-65.49983413739118
275693,MeerKAT:array_1:20240319T020710Z,Gaia_2530988703859124608,28,1525.0857666134834,0.10592452840777847,31.983507,3,1,0.7501983358662013,-0.5231516086096337
278240,MeerKAT:array_1:20240319T020710Z,Gaia_2530963312012456192,20,1626.0765139609575,-0.035308176135926156,31.96875,1,1,0.7400390451892073,-0.6279043626119837
22639,MeerKAT:array_1:20250710T145421Z,Gaia_3630320797707168768,4,874.9917149692774,-0.050440251622751654,31.72002,2,1,13.447753188521238,-7.913509983321759
275582,MeerKAT:array_1:20240319T020710Z,Gaia_2531020383537905280,4,1525.0857650190592,0.1160125787323288,31.64243,4,1,0.745221066782977,-0.11875607416656016
275603,MeerKAT:array_1:20240319T020710Z,Gaia_2543034678375189632,9,1525.043648302555,0.02017610064910066,31.617004,4,1,0.7342001438921485,-0.014725531379194025
275671,MeerKAT:array_1:20240319T020710Z,Gaia_2531002310315546624,23,1525.0543835610151,0.025220125811375827,31.501339,4,1,0.753448264326955,-0.2947137830362302
22063,MeerKAT:array_1:20250710T123913Z,Gaia_2894202985591779200,2,874.9865538179874,0.12105660389460396,31.133705,3,1,6.632262103990571,-30.823399236129255
5963,MeerKAT:array_1:20250708T171220Z,ex_Gaia_DR2_6760418849077771904,19,863.9908605068922,-0.04035220129820132,30.826221,1,1,18.894543133333332,-30.699008000000003
275710,MeerKAT:array_1:20240319T020710Z,Gaia_2543036568160810496,32,1525.0331235080957,-0.035308176135926156,30.628647,4,1,0.737230035102561,0.032486749264079975
5325,MeerKAT:array_1:20250708T085539Z,Gaia_2978678635751304192,8,863.9846709519625,-0.07061635227185231,30.606365,3,1,4.680803833720451,-18.707016632742295
275569,MeerKAT:array_1:20240319T020710Z,Gaia_2531001107724685056,2,1525.0436594635248,-0.025220125811375827,30.60241,3,1,0.7557155464466122,-0.3518601929548976
275801,MeerKAT:array_1:20240319T020710Z,Gaia_2543025916641889664,55,1525.0436594635248,-0.025220125811375827,30.592781,3,1,0.7239145832923025,-0.1557840121917612
64965,MeerKAT:array_1:20250731T124411Z,Gaia_5850121975545270016,20,919.9847680330276,0.12610062905687913,30.474598,4,2,14.641445881913636,-64.07722302272863
275636,MeerKAT:array_1:20240319T020710Z,Gaia_2530991280839514240,17,1525.0330964028835,0.0857484277586778,30.430233,1,1,0.7550898157103431,-0.45577172504298274
53169,MeerKAT:array_1:20250701T055458Z,ex_SDSS_J002238.11-005315.2,13,919.9843821823597,0.04035220129820132,30.343626,1,2,0.3772525333333333,-0.887575
278244,MeerKAT:array_1:20240319T020710Z,Gaia_2530994098337321088,42,1626.076510772109,0.17654088067963078,30.324888,1,1,0.7453893920028318,-0.3979518482198706
275788,MeerKAT:array_1:20240319T020710Z,Gaia_2543034850173888256,51,1525.033093214035,0.10088050324550331,30.228607,3,1,0.736723915152909,0.010956342725646063
275804,MeerKAT:array_1:20240319T020710Z,Gaia_2543025916641889664,55,1525.0857857465744,0.02017610064910066,30.196795,3,1,0.7239145832923025,-0.1557840121917612
56086,MeerKAT:array_1:20250704T110253Z,Gaia_4668962469633170560,60,915.9751641452312,-0.04035220129820132,30.19072,4,1,4.188886318823479,-65.89443379698685
279613,MeerKAT:array_1:20250701T085314Z,Gaia_4668954360734828672,55,860.0304111242294,0.005044025162275165,30.054129,1,1,4.156560034799208,-66.08225737511033
16073,MeerKAT:array_1:20250701T053744Z,Gaia_4668965385914739968,20,879.9988831430674,0.025220125811375827,29.882914,2,1,4.179617504745324,-65.78596480693881
8465,MeerKAT:array_1:20250712T092209Z,Gaia_4668956147441282816,28,865.0744232535362,-0.050440251622751654,29.851925,2,1,4.177215911150071,-65.96450638703253
314502,MeerKAT:array_1:20250701T055458Z,ex_SDSS_J002141.02-005520.2,8,919.9843869656324,-0.005044025162275165,29.736834,2,2,0.36139626666666674,-0.922279
278245,MeerKAT:array_1:20240319T020710Z,Gaia_2531000901566280448,61,1626.0765139609575,-0.13618867938142945,29.644733,1,1,0.768897013277575,-0.24229261158372167
14587,MeerKAT:array_1:20250731T124411Z,Gaia_5850133417339766144,46,857.794027030468,-0.04035220129820132,29.607536,3,2,14.608123346674866,-64.09880564370269
17786,MeerKAT:array_1:20250701T095804Z,Gaia_4669683714901017216,22,879.9681538045406,-0.13618867938142945,29.58453,3,1,4.124901104607179,-66.07362089590109
275712,MeerKAT:array_1:20240319T020710Z,Gaia_2543036568160810496,32,1525.0857666134834,0.11096855357005364,29.446653,3,1,0.737230035102561,0.032486749264079975
10287,MeerKAT:array_1:20250715T232237Z,Gaia_6440695955940547456,21,863.9566314071417,-0.06557232710957715,29.187805,1,1,19.64047794867069,-63.820273953964175
22652,MeerKAT:array_1:20250710T145421Z,Gaia_3631071905882948608,30,874.9917277246714,-0.09583647808322814,29.028519,3,1,13.446198103843304,-7.85408488932159
275793,MeerKAT:array_1:20240319T020710Z,Gaia_2530943280285016320,52,1525.0857713967562,0.09079245292095298,28.95591,3,1,0.7614536291229272,-0.5167216066239629
16067,MeerKAT:array_1:20250701T053744Z,Gaia_4669828335039784320,3,879.9988735765219,0.1462767297059798,28.949808,4,1,4.152241069429861,-65.48212924232352
278243,MeerKAT:array_1:20240319T020710Z,Gaia_2531010586717352576,38,1626.0765139609575,0.05548427678502682,28.895329,1,1,0.7364797018395393,-0.2923174094215459
17782,MeerKAT:array_1:20250701T095804Z,Gaia_4669682374871238272,21,879.9681522101164,-0.12610062905687913,28.84372,2,1,4.136301510057609,-66.06510405814161
275613,MeerKAT:array_1:20240319T020710Z,Gaia_2543020865760350464,11,1525.0810837894678,-0.025220125811375827,28.824883,1,1,0.7261650565901477,-0.2852434678886343
275789,MeerKAT:array_1:20240319T020710Z,Gaia_2543034850173888256,51,1525.0731483399868,0.02017610064910066,28.796268,2,1,0.736723915152909,0.010956342725646063
275602,MeerKAT:array_1:20240319T020710Z,Gaia_2543034678375189632,9,1525.0330979973078,0.08070440259640264,28.685675,2,1,0.7342001438921485,-0.014725531379194025
275686,MeerKAT:array_1:20240319T020710Z,Gaia_2531005849368549376,27,1525.0436578691006,-0.02017610064910066,28.632433,4,1,0.7393356573213863,-0.3878247195616528
275662,MeerKAT:array_1:20240319T020710Z,Gaia_2531018012715958656,21,1525.043661057949,-0.035308176135926156,28.60772,1,1,0.7527249114505852,-0.11483072703552165
275658,MeerKAT:array_1:20240319T020710Z,Gaia_2530963312012456192,20,1525.0857713967562,0.0857484277586778,28.421734,3,1,0.7400390451892073,-0.6279043626119837
275665,MeerKAT:array_1:20240319T020710Z,Gaia_2531018012715958656,21,1525.0858112573624,-0.09583647808322814,27.93679,4,1,0.7527249114505852,-0.11483072703552165
17768,MeerKAT:array_1:20250701T095804Z,Gaia_4669734567314018688,18,879.9420323520899,-0.14123270454370462,27.884985,4,1,4.141644467778401,-65.49983413739118
53171,MeerKAT:array_1:20250701T055458Z,ex_2SLAQ_J002212.21-004431.6,21,919.9843853712082,0.025220125811375827,27.752071,1,2,0.37006200000000006,-0.7421330000000002
28843,MeerKAT:array_1:20250731T122153Z,Gaia_5834068143714259328,16,879.9980412870646,0.08070440259640264,27.642439,3,1,15.896650021679527,-59.08713829811617
16513,MeerKAT:array_1:20250701T085314Z,Gaia_4669727145610415104,15,873.4891375303268,0.025220125811375827,27.624336,4,1,4.104917798003196,-65.75621622031709
56048,MeerKAT:array_1:20250704T110253Z,Gaia_4669705705133623552,22,915.9751641452312,-0.04035220129820132,27.584406,4,1,4.155592957583869,-65.99371965242827
16524,MeerKAT:array_1:20250701T085314Z,Gaia_4669816377850832640,26,873.4891375303268,0.025220125811375827,27.370617,4,1,4.15383398790465,-65.51608871714133
56819,MeerKAT:array_1:20250705T204042Z,Gaia_6440709665476154496,29,919.9843598604202,0.015132075486825495,27.359493,2,1,19.652737869316162,-63.54671521219836
275758,MeerKAT:array_1:20240319T020710Z,Gaia_2543023202222577280,45,1525.043673813343,-0.09583647808322814,27.351295,1,1,0.7340080180841233,-0.1887641302708684
13486,MeerKAT:array_1:20250730T013301Z,ex_ASASSN-V_J051558.53-655358.2,23,864.0002500712872,-0.06052830194730198,27.324614,1,1,5.2662580000000005,-65.89951
28869,MeerKAT:array_1:20250731T122153Z,Gaia_5834023372970478336,42,879.9980365037918,0.12610062905687913,27.294174,4,1,15.917838332433197,-59.1025288420533
16815,MeerKAT:array_1:20250701T085314Z,Gaia_4669722541405576448,5,879.9934047013521,-0.1160125787323288,27.24048,2,1,4.152424275847108,-65.53037745812888
9029,MeerKAT:array_1:20250713T071947Z,Gaia_4669730993901177472,48,863.9842452406883,-0.03026415097365099,27.165365,2,1,4.108404554538889,-65.57908775922895
316183,MeerKAT:array_1:20250705T204042Z,Gaia_6440693585118612608,49,919.9843630492687,0.005044025162275165,27.152487,1,1,19.628594431975266,-63.924863811963455
28831,MeerKAT:array_1:20250731T122153Z,Gaia_5834068693470181760,4,879.9980412870646,0.08070440259640264,27.105116,3,1,15.898933653667875,-59.03565431121469
57877,MeerKAT:array_1:20250708T083640Z,ex_LEDA_312357,6,919.9956818670034,-0.14123270454370462,27.04372,3,1,4.11525,-65.545556
28857,MeerKAT:array_1:20250731T122153Z,Gaia_5833966610677525888,30,879.9980365037918,0.12610062905687913,27.02974,4,1,15.888454119508413,-59.336672514817664
275740,MeerKAT:array_1:20240319T020710Z,Gaia_2531009732019003776,40,1525.0857650190592,0.1160125787323288,27.02588,4,1,0.7432967669973841,-0.23940174267981273
57862,MeerKAT:array_1:20250708T083640Z,Gaia_4669681172280380800,1,919.9956834614277,-0.15132075486825497,26.985474,2,1,4.144022622433948,-66.11683398435129
275605,MeerKAT:array_1:20240319T020710Z,Gaia_2543034678375189632,9,1525.0858144462109,-0.11096855357005364,26.919683,3,1,0.7342001438921485,-0.014725531379194025
28830,MeerKAT:array_1:20250731T122153Z,Gaia_5834047630948442368,3,879.9980428814888,0.10088050324550331,26.91369,1,1,15.951488276786602,-58.901788600383945
275678,MeerKAT:array_1:20240319T020710Z,Gaia_2543022442012637952,25,1525.0436339527369,0.0857484277586778,26.907703,1,1,0.7232105077027494,-0.204113057160907
11119,MeerKAT:array_1:20250719T103545Z,Gaia_4669726625918388224,44,864.0189494788647,-0.1614088051928053,26.83438,1,1,4.126242113649026,-65.66560009418758
275828,MeerKAT:array_1:20240319T020710Z,Gaia_2531000901566280448,61,1525.0857682079077,0.10088050324550331,26.76602,2,1,0.768897013277575,-0.24229261158372167
275764,MeerKAT:array_1:20240319T020710Z,Gaia_2543031173681877120,46,1525.0857682079077,0.10088050324550331,26.503277,2,1,0.7354489376147069,-0.06440900923182608
28868,MeerKAT:array_1:20250731T122153Z,Gaia_5834046016040721792,41,879.9980365037918,0.12610062905687913,26.316954,4,1,15.945130879105504,-58.940301298293576
275820,MeerKAT:array_1:20240319T020710Z,Gaia_2530969909082218112,59,1525.0857841521502,0.025220125811375827,26.266727,3,1,0.7394865006918928,-0.4709936335983624
167116,MeerKAT:array_1:20250719T103545Z,Gaia_4669776280036326272,7,960.0047608464956,0.035308176135926156,26.2556,1,1,4.0913018046202625,-65.60364379504367
62339,MeerKAT:array_1:20250719T103545Z,Gaia_4668955872563377280,30,920.0908626168966,-0.015132075486825495,26.213512,1,1,4.182342771048197,-65.99473666287432
56802,MeerKAT:array_1:20250705T204042Z,Gaia_6440704167917990656,14,919.9843678325415,-0.04539622646047649,26.194483,2,1,19.660919215948624,-63.6817638401855
275692,MeerKAT:array_1:20240319T020710Z,Gaia_2530988703859124608,28,1525.0548858046532,0.02017610064910066,26.184938,2,1,0.7501983358662013,-0.5231516086096337
28888,MeerKAT:array_1:20250731T122153Z,Gaia_5834018425167527808,61,879.998044475913,0.07061635227185231,26.15976,1,1,15.939022470189839,-59.19740380290504
314543,MeerKAT:array_1:20250701T055458Z,ex_MCG+00-02-019,60,919.9843869656324,-0.005044025162275165,26.131138,2,2,0.3938008,-0.5098
18673,MeerKAT:array_1:20250704T110253Z,Gaia_4668954635612750464,59,874.9921087920666,-0.19671698132873144,26.088367,1,2,4.165356976881865,-66.06308997314007
17785,MeerKAT:array_1:20250701T095804Z,Gaia_4669683714901017216,22,879.9420307576656,-0.13618867938142945,25.967281,1,1,4.124901104607179,-66.07362089590109
16893,MeerKAT:array_1:20250701T085314Z,Gaia_4669697321357440896,44,879.9934158623219,-0.1714968555173556,25.921787,1,1,4.107420880784835,-65.94111724977175
275763,MeerKAT:array_1:20240319T020710Z,Gaia_2543031173681877120,46,1525.0543835610151,0.03026415097365099,25.81259,4,1,0.7354489376147069,-0.06440900923182608
28852,MeerKAT:array_1:20250731T122153Z,Gaia_5834011518859072640,25,879.9980412870646,0.08070440259640264,25.682367,3,1,15.934893634907793,-59.32153626256232
16554,MeerKAT:array_1:20250701T085314Z,Gaia_4669812048523796224,49,873.4891327470541,0.04539622646047649,25.646526,1,1,4.167230624348885,-65.59422753381918
167528,MeerKAT:array_1:20250719T103545Z,Gaia_4669726625918388224,44,960.0047576576471,0.035308176135926156,25.602238,2,1,4.126242113649026,-65.66560009418758
28839,MeerKAT:array_1:20250731T122153Z,Gaia_5834063470739886464,12,879.9980365037918,0.12610062905687913,25.587694,4,1,15.896465775893766,-59.165159961857185
16809,MeerKAT:array_1:20250701T085314Z,Gaia_4669059879491518848,2,879.9934031069279,-0.12610062905687913,25.540722,2,1,4.189684870798124,-65.69200230256133
56054,MeerKAT:array_1:20250704T110253Z,Gaia_4669784801251509376,28,915.9751641452312,-0.04035220129820132,25.4953,4,1,4.1092929102048386,-65.43462166346426
17955,MeerKAT:array_1:20250701T095804Z,Gaia_4669702475318229888,61,879.9681553989649,-0.14123270454370462,25.46111,4,1,4.090598890117017,-65.84115856175454
275637,MeerKAT:array_1:20240319T020710Z,Gaia_2530991280839514240,17,1525.0543851554394,0.02017610064910066,25.460283,2,1,0.7550898157103431,-0.45577172504298274
275818,MeerKAT:array_1:20240319T020710Z,Gaia_2530941905895482240,58,1525.0810821950436,-0.02017610064910066,25.449028,4,1,0.7602238314893407,-0.5645047467900717
298679,MeerKAT:array_1:20250701T085314Z,Gaia_4669718761834284288,10,873.4891455024481,-0.01008805032455033,25.422699,1,1,4.148909313646341,-65.71576021346517
18648,MeerKAT:array_1:20250704T110253Z,Gaia_4669721476253687552,45,874.9920912533998,-0.03026415097365099,25.416628,2,1,4.157401643956513,-65.58253542747391
322845,MeerKAT:array_1:20250719T103545Z,Gaia_4669719895705672448,60,920.0908610224724,-0.005044025162275165,25.33758,2,1,4.146941409302808,-65.68543763760889
17781,MeerKAT:array_1:20250701T095804Z,Gaia_4669682374871238272,21,879.9420291632414,-0.12610062905687913,25.27505,2,1,4.136301510057609,-66.06510405814161
58362,MeerKAT:array_1:20250708T085539Z,ex_2MASX_J04393087-1834328,2,920.0906952023506,-0.02017610064910066,25.23159,1,1,4.658576999999999,-18.575750000000003
57937,MeerKAT:array_1:20250708T083640Z,Gaia_4668957315672408448,25,919.9956834614277,-0.15132075486825497,25.222406,2,1,4.167943327077473,-65.91490365815017
16071,MeerKAT:array_1:20250701T053744Z,Gaia_4669777104670046464,12,879.9988831430674,0.025220125811375827,25.210703,2,1,4.087448993790196,-65.5813999291443
275759,MeerKAT:array_1:20240319T020710Z,Gaia_2543023202222577280,45,1525.0857650190592,0.1160125787323288,25.169224,4,1,0.7340080180841233,-0.1887641302708684
14580,MeerKAT:array_1:20250731T124411Z,Gaia_5850109571678535040,39,857.7940286248922,-0.025220125811375827,25.136375,1,2,14.628129029189022,-64.34056285513356
275812,MeerKAT:array_1:20240319T020710Z,Gaia_2530969943441957248,57,1525.0858144462109,-0.11096855357005364,25.127392,3,1,0.7365414659458664,-0.4968968232228151
16556,MeerKAT:array_1:20250701T085314Z,Gaia_4669681893834902144,51,873.4891375303268,0.025220125811375827,25.10083,4,1,4.14521235405552,-66.04819269464353
8434,MeerKAT:array_1:20250712T092209Z,Gaia_4669696840321087872,8,865.074421659112,-0.02017610064910066,25.03506,1,1,4.111816986933466,-65.99525578631238
56805,MeerKAT:array_1:20250705T204042Z,Gaia_6440700972460971136,16,919.9843678325415,-0.04539622646047649,25.012253,2,1,19.628651953930696,-63.70122210489706
275679,MeerKAT:array_1:20240319T020710Z,Gaia_2543022442012637952,25,1525.0731467455626,0.025220125811375827,24.996489,4,1,0.7232105077027494,-0.204113057160907
16553,MeerKAT:array_1:20250701T085314Z,Gaia_4669701410166340736,48,873.4891375303268,0.025220125811375827,24.805302,4,1,4.096127496965686,-65.88542707813265
16869,MeerKAT:array_1:20250701T085314Z,Gaia_4669776378819612160,32,879.9934031069279,-0.12610062905687913,24.796288,2,1,4.092627102993682,-65.59956470327292
17323,MeerKAT:array_1:20250701T095804Z,Gaia_4669703849707801344,8,875.0176482796669,0.015132075486825495,24.785473,1,1,4.102027145557674,-65.76608377829065
322805,MeerKAT:array_1:20250719T103545Z,Gaia_4669702990712825600,8,920.0908610224724,-0.005044025162275165,24.773664,2,1,4.100091141142604,-65.83794899042074
275727,MeerKAT:array_1:20240319T020710Z,Gaia_2530998457729328768,37,1525.0437471568584,0.02017610064910066,24.765976,1,1,0.7619251542386725,-0.33798985058248865
275677,MeerKAT:array_1:20240319T020710Z,Gaia_2543022442012637952,25,1525.0331235080957,-0.035308176135926156,24.704422,4,1,0.7232105077027494,-0.204113057160907
16912,MeerKAT:array_1:20250701T085314Z,Gaia_4669726698933866112,54,879.9934047013521,-0.1160125787323288,24.637886,2,1,4.123021492832987,-65.64792617949458
275698,MeerKAT:array_1:20240319T020710Z,Gaia_2543026054080860416,29,1525.085816040635,-0.1160125787323288,24.58943,1,1,0.7251322501176422,-0.14034722709361452
275583,MeerKAT:array_1:20240319T020710Z,Gaia_2531020383537905280,4,1525.0962340086699,-0.025220125811375827,24.486366,3,1,0.745221066782977,-0.11875607416656016
275833,MeerKAT:array_1:20240319T020710Z,Gaia_2531012755675980032,63,1525.0659335702658,-0.025220125811375827,24.44503,3,1,0.741937908973146,-0.22171596124314782
14597,MeerKAT:array_1:20250731T124411Z,Gaia_5850117818016690432,56,857.794027030468,-0.04035220129820132,24.264324,3,2,14.64482934971744,-64.1993613304672
275633,MeerKAT:array_1:20240319T020710Z,Gaia_2531005054799125888,16,1525.0858112573624,-0.09583647808322814,24.185854,4,1,0.7623231250773252,-0.1803675080926043
57930,MeerKAT:array_1:20250708T083640Z,Gaia_4668963019388978816,23,919.9956834614277,-0.19671698132873144,24.14441,3,1,4.177961804934599,-65.90148414720024
275564,MeerKAT:array_1:20240319T020710Z,J1658-5324,0,1525.085769802332,0.09583647808322814,24.081774,1,1,16.977594444444442,-53.401944444444446
9078,MeerKAT:array_1:20250713T071947Z,Gaia_4669816068613192576,55,863.9842452406883,-0.03026415097365099,23.927723,2,1,4.166302129414096,-65.47241053477455
16825,MeerKAT:array_1:20250701T085314Z,Gaia_4669718761834284288,10,879.9933951348066,-0.06557232710957715,23.85597,2,1,4.148909313646341,-65.71576021346517
57947,MeerKAT:array_1:20250708T083640Z,Gaia_4669724465550837888,28,919.9956738948822,-0.09079245292095298,23.849394,1,1,4.119621550204282,-65.73789746708061
18608,MeerKAT:array_1:20250704T110253Z,Gaia_4669705705133623552,22,874.9920577704906,0.19167295616645627,23.840889,1,1,4.155592957583869,-65.99371965242827
17701,MeerKAT:array_1:20250701T095804Z,Gaia_4669686017003536640,2,879.9681538045406,-0.13618867938142945,23.8176,3,1,4.132765211108305,-65.97382453850489
275782,MeerKAT:array_1:20240319T020710Z,Gaia_2530940462786470656,49,1525.0548985600471,-0.035308176135926156,23.694765,1,1,0.7577030230840216,-0.5755156261173519
275577,MeerKAT:array_1:20240319T020710Z,Gaia_2530979151851814144,3,1525.043629169464,0.10592452840777847,23.667301,2,1,0.7280532610396407,-0.5704520443748631
56786,MeerKAT:array_1:20250705T204042Z,Gaia_6440680459698547456,1,919.9843662381172,-0.035308176135926156,23.607018,2,1,19.629638246896484,-64.02795386465266
8488,MeerKAT:array_1:20250712T092209Z,Gaia_4669735250212219264,41,865.0744232535362,-0.050440251622751654,23.568913,2,1,4.1324736222485985,-65.47852355237711
275592,MeerKAT:array_1:20240319T020710Z,Gaia_2530943520803184256,6,1525.081072628498,0.02017610064910066,23.448088,1,1,0.7635115973258082,-0.47493624095779524
16914,MeerKAT:array_1:20250701T085314Z,Gaia_4668954360734828672,55,879.9933951348066,-0.06557232710957715,23.251694,2,1,4.156560034799208,-66.08225737511033
16827,MeerKAT:array_1:20250701T085314Z,Gaia_4669712096045013120,11,879.9933935403824,-0.04539622646047649,23.183071,2,1,4.142776096359649,-65.80822437625409
18675,MeerKAT:array_1:20250704T110253Z,Gaia_4668962469633170560,60,874.9920912533998,0.06052830194730198,23.130445,2,1,4.188886318823479,-65.89443379698685
110181,MeerKAT:array_1:20250701T133303Z,Gaia_4669721304454980992,11,960.0069755017757,-0.050440251622751654,22.932169,2,1,4.158664689475895,-65.60761597393986
275643,MeerKAT:array_1:20240319T020710Z,Gaia_2531002722632387456,18,1525.0330979973078,0.08070440259640264,22.880243,2,1,0.7551800271822875,-0.2755369660756789
275578,MeerKAT:array_1:20240319T020710Z,Gaia_2530979151851814144,3,1525.0731467455626,0.025220125811375827,22.698551,4,1,0.7280532610396407,-0.5704520443748631
316180,MeerKAT:array_1:20250705T204042Z,Gaia_6440683891377314560,46,919.9843566715717,0.005044025162275165,22.67836,1,1,19.645864272484435,-63.86122211199529
18600,MeerKAT:array_1:20250704T110253Z,Gaia_4669680519445349888,18,874.9920912533998,0.06052830194730198,22.64483,2,1,4.13388869210737,-66.1171842689331
17870,MeerKAT:array_1:20250701T095804Z,Gaia_4669699486020994816,41,879.9681553989649,-0.14123270454370462,22.637897,4,1,4.114902472693033,-65.86227339563979
275701,MeerKAT:array_1:20240319T020710Z,Gaia_2531011621804591872,30,1525.0858112573624,-0.09583647808322814,22.58883,4,1,0.734102522012589,-0.261544566210716
275790,MeerKAT:array_1:20240319T020710Z,Gaia_2543034850173888256,51,1525.0810821950436,-0.02017610064910066,22.509079,4,1,0.736723915152909,0.010956342725646063
55073,MeerKAT:array_1:20250701T095804Z,Gaia_4669729482072672512,17,917.5667853951454,-0.10592452840777847,22.456108,2,1,4.114156205120421,-65.63433311751987
275687,MeerKAT:array_1:20240319T020710Z,Gaia_2531005849368549376,27,1525.0810710340738,0.025220125811375827,22.445572,3,1,0.7393356573213863,-0.3878247195616528
57889,MeerKAT:array_1:20250708T083640Z,Gaia_4669718590035592320,10,919.9956818670034,-0.13618867938142945,22.432909,3,1,4.145714685577417,-65.7505184247624
56843,MeerKAT:array_1:20250705T204042Z,Gaia_6440630809876553856,51,919.9843662381172,-0.04035220129820132,22.387192,2,1,19.65583600271892,-64.07446884040192
167438,MeerKAT:array_1:20250719T103545Z,Gaia_4669720067504380288,36,960.0047608464956,0.025220125811375827,22.380486,1,1,4.149975830371698,-65.64818931556401
110334,MeerKAT:array_1:20250701T133303Z,ex_LEDA_310383,31,960.0069755017757,-0.050440251622751654,22.320873,2,1,4.144116333333334,-65.76642700000001
275600,MeerKAT:array_1:20240319T020710Z,Gaia_2531011376990672256,8,1525.0857937186956,-0.015132075486825495,22.277544,1,1,0.7286175656815567,-0.2861088353098092
56825,MeerKAT:array_1:20250705T204042Z,Gaia_6441453313293282432,34,919.984358265996,0.03026415097365099,22.240217,1,1,19.632281950891908,-63.591246767750896
275744,MeerKAT:array_1:20240319T020710Z,Gaia_2530968122375825792,41,1525.0857729911804,0.08070440259640264,22.237803,2,1,0.738204220925874,-0.5697986856881555
275730,MeerKAT:array_1:20240319T020710Z,Gaia_2530998457729328768,37,1525.0858096629381,-0.09079245292095298,22.20926,2,1,0.7619251542386725,-0.33798985058248865
55107,MeerKAT:array_1:20250701T095804Z,Gaia_4669710824734657920,51,917.5667949616909,-0.15132075486825497,22.184994,4,1,4.126598923470231,-65.89491523847894
18606,MeerKAT:array_1:20250704T110253Z,Gaia_4669734876551648512,21,874.9920912533998,-0.035308176135926156,22.176577,2,1,4.1374617501081365,-65.51720576574803
57883,MeerKAT:array_1:20250708T083640Z,Gaia_4669721922930270208,8,919.9956834614277,-0.18158490584190595,22.043287,1,1,4.14538356482789,-65.59187105035373
275802,MeerKAT:array_1:20240319T020710Z,Gaia_2543025916641889664,55,1525.0548858046532,0.02017610064910066,22.015242,2,1,0.7239145832923025,-0.1557840121917612
275621,MeerKAT:array_1:20240319T020710Z,Gaia_2531005054800403072,13,1525.0810710340738,0.025220125811375827,21.911068,3,1,0.762334154808746,-0.18134099670137954
18668,MeerKAT:array_1:20250704T110253Z,Gaia_4669732024693331456,56,874.9921008199453,0.02017610064910066,21.847336,4,1,4.13963618428612,-65.61770926340897
18652,MeerKAT:array_1:20250704T110253Z,Gaia_4669710652935966464,47,874.9921008199453,0.02017610064910066,21.837845,4,1,4.128322691003256,-65.90240185464353
291014,MeerKAT:array_1:20250720T063432Z,Gaia_5083280716089581824,21,863.9568354934454,0.005044025162275165,21.817945,2,2,3.9753689507251955,-24.371311841644122
17954,MeerKAT:array_1:20250701T095804Z,Gaia_4669702475318229888,61,879.9420323520899,-0.14123270454370462,21.774584,4,1,4.090598890117017,-65.84115856175454
14592,MeerKAT:array_1:20250731T124411Z,Gaia_5850134070174931584,51,857.794027030468,-0.04035220129820132,21.586498,3,2,14.615801024232004,-64.0260877838034
28675,MeerKAT:array_1:20250731T120456Z,Gaia_5422881443729431808,40,879.9980062097311,0.10088050324550331,21.579758,1,1,9.390668069772126,-45.41482272094172
25032,MeerKAT:array_1:20250714T053348Z,Gaia_4669712096045013120,16,872.4540787637234,0.06052830194730198,21.551321,3,3,4.142776096359649,-65.80822437625409
291174,MeerKAT:array_1:20250720T063432Z,Gaia_5084049205998141824,59,863.9568354934454,0.005044025162275165,21.498446,2,2,3.9760814009878818,-23.931843794841118
275751,MeerKAT:array_1:20240319T020710Z,Gaia_2530991452638205184,43,1525.043648302555,0.02017610064910066,21.490696,4,1,0.7506526471438891,-0.4547490214838105
23761,MeerKAT:array_1:20250712T092209Z,Gaia_4669812563919875200,1,875.0456957966089,0.12610062905687913,21.438797,4,1,4.173439981851773,-65.54933189394633
58040,MeerKAT:array_1:20250708T083640Z,Gaia_4669701238367628288,58,919.9956818670034,-0.14123270454370462,21.284983,3,1,4.095503075459785,-65.91075792134293
275681,MeerKAT:array_1:20240319T020710Z,Gaia_2543037354139398912,26,1525.0331075638533,0.035308176135926156,21.236113,1,1,0.7354096646074186,0.04012672298767867
65843,MeerKAT:array_1:20250731T144023Z,Gaia_1468182931748162816,58,919.7929874956608,0.07061635227185231,21.214417,1,1,13.514538403170715,30.24766526621455
16881,MeerKAT:array_1:20250701T085314Z,Gaia_4669723847075514752,38,879.9933935403824,-0.04539622646047649,21.199839,2,1,4.113344953987144,-65.80790768750131
16075,MeerKAT:array_1:20250701T053744Z,Gaia_4668956624181438848,32,879.9988735765219,0.1462767297059798,21.12155,4,1,4.1620908714967655,-65.97583954409316
55089,MeerKAT:array_1:20250701T095804Z,Gaia_4669709965741200640,33,917.5667933672667,-0.14123270454370462,21.081358,3,1,4.134161181422981,-65.89310178857059
64960,MeerKAT:array_1:20250731T124411Z,Gaia_5850163619554029440,15,919.9847680330276,0.12105660389460396,21.057415,4,2,14.631277969261392,-63.81670254146709
1935,MeerKAT:array_1:20250701T095804Z,Gaia_4669811567487460096,24,867.9685886651278,-0.13618867938142945,21.032648,2,1,4.182460508460625,-65.58498551850913
275741,MeerKAT:array_1:20240319T020710Z,Gaia_2531009732019003776,40,1525.096235603094,-0.035308176135926156,21.023859,1,1,0.7432967669973841,-0.23940174267981273
275596,MeerKAT:array_1:20240319T020710Z,Gaia_2531019215306801792,7,1525.0857857465744,0.02017610064910066,20.945219,3,1,0.7459943739457774,-0.16875545891781413
275624,MeerKAT:array_1:20240319T020710Z,Gaia_2530985233525500544,14,1525.033093214035,0.10088050324550331,20.919035,3,1,0.7235069224525283,-0.4101373383961824
15937,MeerKAT:array_1:20250731T144023Z,Gaia_1468230382546830464,21,863.9567334502935,0.06052830194730198,20.853664,2,2,13.516224048053068,30.71580045598897
57984,MeerKAT:array_1:20250708T083640Z,Gaia_4669697630595069056,40,919.9956882447004,-0.1714968555173556,20.85074,2,1,4.096110979684874,-65.99388612473113
11044,MeerKAT:array_1:20250719T103545Z,Gaia_4668955872563377280,30,864.0189526677132,-0.18158490584190595,20.810799,2,1,4.182342771048197,-65.99473666287432
64972,MeerKAT:array_1:20250731T124411Z,Gaia_5850164371082780288,27,919.9847680330276,0.12610062905687913,20.805151,4,2,14.6303541860771,-63.815888477277966
62264,MeerKAT:array_1:20250719T103545Z,Gaia_4669723847075514752,5,920.2097636163235,-0.05548427678502682,20.755766,4,1,4.113344953987144,-65.80790768750131
275750,MeerKAT:array_1:20240319T020710Z,Gaia_2530991452638205184,43,1525.033137857914,-0.10088050324550331,20.743397,1,1,0.7506526471438891,-0.4547490214838105
12826,MeerKAT:array_1:20250721T053024Z,Gaia_4669686979076209920,36,863.990331158042,0.04539622646047649,20.714396,1,2,4.124980832366678,-65.95248833433105
275646,MeerKAT:array_1:20240319T020710Z,Gaia_2531002722632387456,18,1525.0857713967562,0.09079245292095298,20.699135,3,1,0.7551800271822875,-0.2755369660756789
6790,MeerKAT:array_1:20250710T132016Z,Gaia_5256022685850525312,14,855.730615645647,-0.08070440259640264,20.626524,4,1,9.907503810161627,-62.130700966522056
57975,MeerKAT:array_1:20250708T083640Z,Gaia_4669721579331652480,37,919.9956834614277,-0.19671698132873144,20.551598,3,1,4.150853913562524,-65.61806567427121
275663,MeerKAT:array_1:20240319T020710Z,Gaia_2531018012715958656,21,1525.054396316409,-0.025220125811375827,20.533087,1,1,0.7527249114505852,-0.11483072703552165
23928,MeerKAT:array_1:20250712T092209Z,Gaia_4668965390210943616,49,875.0456957966089,0.12610062905687913,20.49079,4,1,4.179309435646519,-65.79217371975943
15711,MeerKAT:array_1:20250731T141132Z,Gaia_5931565550622194816,9,863.9566824287176,0.04539622646047649,20.481113,3,1,16.269188067990708,-55.94316522666657
65733,MeerKAT:array_1:20250731T144023Z,Gaia_1468226053219833472,3,919.7919957637787,0.16645283035508046,20.439922,1,1,13.532539172565649,30.82117655454777
275565,MeerKAT:array_1:20240319T020710Z,J1658-5324,0,1525.0962340086699,-0.025220125811375827,20.427097,3,1,16.977594444444442,-53.401944444444446
55063,MeerKAT:array_1:20250701T095804Z,Gaia_4669700070136544640,7,917.5667949616909,-0.15132075486825497,20.349216,4,1,4.1025528305222805,-65.84718019004706
15880,MeerKAT:array_1:20250731T144023Z,Gaia_1468208250578057728,2,863.9567334502935,0.06052830194730198,20.159895,2,2,13.50098179294044,30.640853607711737
20291,MeerKAT:array_1:20250707T231708Z,Gaia_6440697502128807936,49,875.004655316472,0.05548427678502682,20.156431,1,1,19.609887765495866,-63.877958584247445
55113,MeerKAT:array_1:20250701T095804Z,Gaia_4669714191989054848,57,917.5667790174484,-0.07566037743412748,20.141401,3,1,4.161193168234339,-65.8407822315043
54972,MeerKAT:array_1:20250701T095804Z,Gaia_4669719277230381952,56,915.9669528603554,-0.11096855357005364,20.111912,1,1,4.150605078077018,-65.67675329361344
75400,MeerKAT:array_1:20250707T231708Z,Gaia_6440637510025518720,58,924.9989054352045,0.10088050324550331,20.036367,1,1,19.67354622949729,-63.973071464464205
4597,MeerKAT:array_1:20250707T231708Z,Gaia_6440708462885289088,29,863.9561498910189,0.015132075486825495,20.008215,1,1,19.663299042930742,-63.58103938744305
275668,MeerKAT:array_1:20240319T020710Z,Gaia_2530970149600386304,22,1525.0331235080957,-0.035308176135926156,19.93287,4,1,0.7376351895815338,-0.4675196204226045
275669,MeerKAT:array_1:20240319T020710Z,Gaia_2530970149600386304,22,1525.0857841521502,0.025220125811375827,19.927958,3,1,0.7376351895815338,-0.4675196204226045
275743,MeerKAT:array_1:20240319T020710Z,Gaia_2530968122375825792,41,1525.0543835610151,0.025220125811375827,19.927664,4,1,0.738204220925874,-0.5697986856881555
57874,MeerKAT:array_1:20250708T083640Z,Gaia_4668958861860615552,5,919.995678678155,-0.1311446542191543,19.927198,1,1,4.185207056318481,-65.96423227153983
275572,MeerKAT:array_1:20240319T020710Z,Gaia_2531001107724685056,2,1525.08579531312,-0.02017610064910066,19.850515,3,1,0.7557155464466122,-0.3518601929548976
18671,MeerKAT:array_1:20250704T110253Z,Gaia_4669696599802903296,58,874.9921008199453,0.02017610064910066,19.836725,4,1,4.1015200026666045,-66.02714520222767
6852,MeerKAT:array_1:20250710T132016Z,Gaia_5256031069626481792,45,855.730615645647,-0.08070440259640264,19.76152,4,1,9.920851175629705,-61.968609530920105
18640,MeerKAT:array_1:20250704T110253Z,Gaia_4669702475316740608,40,874.9920960366726,0.035308176135926156,19.65654,1,1,4.090481243884077,-65.84000563808392
1923,MeerKAT:array_1:20250701T095804Z,Gaia_4669736250941165568,15,867.9685759097338,-0.07566037743412748,19.593447,1,1,4.118396769094823,-65.54868740802111
17869,MeerKAT:array_1:20250701T095804Z,Gaia_4669699486020994816,41,879.9420323520899,-0.14123270454370462,19.559055,4,1,4.114902472693033,-65.86227339563979
275684,MeerKAT:array_1:20240319T020710Z,Gaia_2543037354139398912,26,1525.08579531312,-0.02017610064910066,19.555344,3,1,0.7354096646074186,0.04012672298767867
15687,MeerKAT:array_1:20250731T141132Z,Gaia_5931526449225934848,1,863.9566824287176,0.04539622646047649,19.475723,3,1,16.266197655335837,-56.387545083378974
18582,MeerKAT:array_1:20250704T110253Z,Gaia_4668958793141139328,8,874.9921103864908,-0.20176100649100662,19.457277,1,2,4.187031872851043,-65.97524654168643
6864,MeerKAT:array_1:20250710T132016Z,Gaia_5256038216451624064,51,855.730615645647,-0.08070440259640264,19.241796,4,1,9.902944153683556,-61.910872987993315
23915,MeerKAT:array_1:20250712T092209Z,Gaia_4669719277230381952,45,875.0456957966089,0.12610062905687913,19.175558,4,1,4.150605078077018,-65.67675329361344
65839,MeerKAT:array_1:20250731T144023Z,Gaia_1468227977365141760,56,919.7919973582029,0.1614088051928053,19.145144,1,1,13.510652805854482,30.62418707164443
275830,MeerKAT:array_1:20240319T020710Z,Gaia_2530987707426679680,62,1525.0857985019684,-0.035308176135926156,19.08469,1,1,0.7267100111577531,-0.31860299240604256
275540,MeerKAT:array_1:20240319T020710Z,Gaia_2530968122375825792,41,1364.1800063699484,0.05548427678502682,18.997112,2,1,0.738204220925874,-0.5697986856881555
13396,MeerKAT:array_1:20250730T013301Z,ex_KMHK_679,2,863.9567334502935,0.07061635227185231,18.983599,3,2,5.246111133333333,-65.608333
275754,MeerKAT:array_1:20240319T020710Z,Gaia_2543030520846859776,44,1525.0331235080957,-0.035308176135926156,18.919691,4,1,0.7404795625619336,-0.08306693717831858
13536,MeerKAT:array_1:20250730T013301Z,ex_BSDL_1327,37,863.9567334502935,0.07061635227185231,18.912384,3,2,5.359166666666666,-65.68
13506,MeerKAT:array_1:20250730T013301Z,ex_ASASSN-V_J051944.46-652504.6,29,863.9567334502935,0.07061635227185231,18.873522,3,2,5.329015333333333,-65.41794
167721,MeerKAT:array_1:20250719T103545Z,Gaia_4668963053748722048,61,960.0047576576471,0.035308176135926156,18.823133,2,1,4.178169291060081,-65.88508297435585
70900,MeerKAT:array_1:20250704T110253Z,Gaia_4669704743060998144,23,923.9749502390623,-0.06052830194730198,18.794281,1,1,4.095026751097078,-65.72902297523066
275601,MeerKAT:array_1:20240319T020710Z,Gaia_2531011376990672256,8,1525.0962340086699,-0.025220125811375827,18.784004,3,1,0.7286175656815567,-0.2861088353098092
15806,MeerKAT:array_1:20250731T141132Z,Gaia_5931345235962646144,41,863.9566824287176,0.04539622646047649,18.779646,3,1,16.284458726543384,-56.375935089830705
54990,MeerKAT:array_1:20250701T095804Z,Gaia_4668961778142193408,62,915.9796237498522,-0.025220125811375827,18.775103,1,1,4.183490045603507,-65.9658931837893
55062,MeerKAT:array_1:20250701T095804Z,Gaia_4669731062620671616,6,917.5667774230242,-0.07061635227185231,18.675846,2,1,4.112367794040065,-65.55399840996427
112873,MeerKAT:array_1:20250702T203437Z,Gaia_6441067419071562240,56,960.005027115345,0.04035220129820132,18.673485,4,1,19.6946560909132,-63.63325237595423
167409,MeerKAT:array_1:20250719T103545Z,Gaia_4669700894770229632,33,960.0047592520714,0.025220125811375827,18.667711,1,1,4.093324312239798,-65.91951121359244
65747,MeerKAT:array_1:20250731T144023Z,Gaia_1456203374605290880,10,919.7919941693544,0.1714968555173556,18.661411,1,1,13.542413809594178,30.411249409664748
275551,MeerKAT:array_1:20240319T020710Z,Gaia_2530943280285016320,52,1364.1800063699484,0.05548427678502682,18.65541,2,1,0.7614536291229272,-0.5167216066239629
54828,MeerKAT:array_1:20250701T095804Z,Gaia_4669716459731837184,3,915.9668524116278,-0.14123270454370462,18.63005,1,1,4.172792520781388,-65.73560503005208
167598,MeerKAT:array_1:20250719T103545Z,Gaia_4669702406598752640,50,960.0047560632229,0.05548427678502682,18.593988,1,1,4.086659521575402,-65.84501600372867
3541,MeerKAT:array_1:20250706T014240Z,Gaia_6441063914378243456,42,863.9567509889603,-0.02017610064910066,18.587034,2,1,19.696159728151382,-63.71236765309189
301061,MeerKAT:array_1:20250712T060917Z,Gaia_4669737797129407232,22,872.4540213644505,-0.01008805032455033,18.572546,1,1,4.114368881214304,-65.4634706919527
24014,MeerKAT:array_1:20250712T092209Z,J0408-6545,0,879.9966652989388,0.06052830194730198,18.537762,2,1,4.138994444444445,-65.75252777777777
275715,MeerKAT:array_1:20240319T020710Z,Gaia_2530969599844561536,33,1525.08579531312,-0.02017610064910066,18.507751,3,1,0.7342646712997313,-0.5011760979067167
58021,MeerKAT:array_1:20250708T083640Z,Gaia_4669702475318229760,52,919.9956818670034,-0.15132075486825497,18.50527,1,1,4.090497010742219,-65.83460510183568
301089,MeerKAT:array_1:20250712T060917Z,Gaia_4669778547779094528,47,872.4540213644505,0.01008805032455033,18.489931,3,1,4.096527642593909,-65.49160127983093
1976,MeerKAT:array_1:20250701T095804Z,Gaia_4668964428138269952,59,867.9685870707035,-0.12105660389460396,18.454817,2,1,4.1891414737304835,-65.82288525731616
17761,MeerKAT:array_1:20250701T095804Z,Gaia_4669699348582040576,16,879.9681553989649,-0.14123270454370462,18.447908,4,1,4.111172790836376,-65.87984362181173
1919,MeerKAT:array_1:20250701T095804Z,Gaia_4669729585151865728,12,867.9685870707035,-0.13618867938142945,18.429527,1,1,4.107257170354558,-65.65160918439804
275719,MeerKAT:array_1:20240319T020710Z,Gaia_2530999625960439808,35,1525.0858144462109,-0.11096855357005364,18.41533,3,1,0.7686932544052767,-0.3089535554304851
275728,MeerKAT:array_1:20240319T020710Z,Gaia_2530998457729328768,37,1525.0543851554394,0.02017610064910066,18.357862,2,1,0.7619251542386725,-0.33798985058248865
6866,MeerKAT:array_1:20250710T132016Z,Gaia_5256149919966241280,52,855.730615645647,-0.08070440259640264,18.341045,4,1,9.937804951612277,-61.50245471404635
18573,MeerKAT:array_1:20250704T110253Z,Gaia_4669728313841533440,3,874.9921008199453,0.02017610064910066,18.31528,4,1,4.100643179139309,-65.69721046202997
275700,MeerKAT:array_1:20240319T020710Z,Gaia_2531011621804591872,30,1525.0331346690655,-0.0857484277586778,18.165087,1,1,0.734102522012589,-0.261544566210716
17913,MeerKAT:array_1:20250701T095804Z,Gaia_4669710824734657920,51,879.9681394547224,-0.07061635227185231,18.149382,1,1,4.126598923470231,-65.89491523847894
10907,MeerKAT:array_1:20250719T103545Z,Gaia_4669718693114807808,4,864.0189542621374,-0.20680503165328176,18.063719,1,1,4.150674010519596,-65.72275782362854
275625,MeerKAT:array_1:20240319T020710Z,Gaia_2530985233525500544,14,1525.0810821950436,-0.02017610064910066,17.912724,4,1,0.7235069224525283,-0.4101373383961824
112765,MeerKAT:array_1:20250702T203437Z,Gaia_6440683689513934464,31,960.005020737648,0.06557232710957715,17.803371,4,1,19.646909253418205,-63.875229648391695
1029,MeerKAT:array_1:20250701T085314Z,J0408-6545,0,863.9573297649622,0.025220125811375827,17.79043,1,2,4.138994444444445,-65.75252777777777
2619,MeerKAT:array_1:20250702T203437Z,Gaia_6440697021092449152,46,864.0019034892321,-0.15636478003053011,17.737488,2,1,19.634833379956643,-63.78137866933455
13863,MeerKAT:array_1:20250730T235713Z,Gaia_4669681996914100864,55,863.9564831256866,-0.08070440259640264,17.655914,1,1,4.1387636225831566,-66.09069349647753
55067,MeerKAT:array_1:20250701T095804Z,Gaia_4669730306706410880,11,917.5667790174484,-0.07566037743412748,17.648495,3,1,4.113787001810862,-65.57197560265381
58055,MeerKAT:array_1:20250708T083640Z,Gaia_4669684848772399232,63,919.9956834614277,-0.19671698132873144,17.643377,3,1,4.121875777814259,-66.03574663954605
17799,MeerKAT:array_1:20250701T095804Z,Gaia_4669681996914100864,25,879.9681522101164,-0.12105660389460396,17.63434,2,1,4.1387636225831566,-66.09069349647753
68888,MeerKAT:array_1:20250701T095804Z,Gaia_4669729482072672512,17,923.9665540009737,-0.10592452840777847,17.62696,3,1,4.114156205120421,-65.63433311751987
5789,MeerKAT:array_1:20250708T105617Z,Gaia_3394161750354576000,61,863.9568657875061,0.04539622646047649,17.566607,3,1,5.339386885719578,16.748003960785237
2690,MeerKAT:array_1:20250703T155221Z,Gaia_6440634967404865024,57,868.066543713212,-0.04539622646047649,17.545343,1,1,19.687350471161192,-63.991954097271815
2495,MeerKAT:array_1:20250702T203437Z,Gaia_6441449430642864512,15,864.0019034892321,-0.15636478003053011,17.528898,2,1,19.609415215157334,-63.789942282956396
60938,MeerKAT:array_1:20250713T100933Z,Gaia_3394135014182950016,18,919.7910263538361,0.11096855357005364,17.515413,2,1,5.3471070807884065,16.534528542575984
275615,MeerKAT:array_1:20240319T020710Z,Gaia_2530997843549541248,12,1525.0436785966158,-0.1160125787323288,17.515049,1,1,0.7607880258329646,-0.38413766275952727
3546,MeerKAT:array_1:20250706T014240Z,Gaia_6440636062621352832,47,863.9567509889603,-0.015132075486825495,17.470514,2,1,19.66918244530789,-64.04388497627451
112782,MeerKAT:array_1:20250702T203437Z,Gaia_6440687808385485568,36,960.0050303041935,-0.03026415097365099,17.441679,2,1,19.674599321748943,-63.80249901734273
112741,MeerKAT:array_1:20250702T203437Z,Gaia_6440697124171653632,25,960.0050239264965,0.06052830194730198,17.441107,2,1,19.642204321100877,-63.760060949381284
275567,MeerKAT:array_1:20240319T020710Z,Gaia_2531020417896983552,1,1525.0858128517866,-0.10088050324550331,17.430477,1,1,0.7468645710424519,-0.10939136209038902
112864,MeerKAT:array_1:20250702T203437Z,Gaia_6441460288320161408,54,960.005020737648,0.06052830194730198,17.423449,4,1,19.651456331036382,-63.53379709872802
112831,MeerKAT:array_1:20250702T203437Z,Gaia_6440689869971379584,47,960.0050239264965,0.06557232710957715,17.39366,2,1,19.6499320734985,-63.82299821043306
55069,MeerKAT:array_1:20250701T095804Z,Gaia_4669731887254377472,13,917.5667933672667,-0.14123270454370462,17.296114,3,1,4.13410253586617,-65.62875416839998
65791,MeerKAT:array_1:20250731T144023Z,Gaia_1468182004035197312,32,919.7929859012365,0.07566037743412748,17.2931,2,1,13.498865253466748,30.28766525953138
112658,MeerKAT:array_1:20250702T203437Z,Gaia_6441451973263764352,5,960.0050318986177,0.03026415097365099,17.215181,1,1,19.62260307500198,-63.661249760245056
23534,MeerKAT:array_1:20250712T060917Z,Gaia_4669720754699148288,33,872.4540070146322,0.11096855357005364,17.178652,3,1,4.156097990505139,-65.65813538413508
3901,MeerKAT:array_1:20250706T120334Z,Gaia_3394237066901542144,18,863.9996585398912,0.050440251622751654,17.148792,1,1,5.371584439027651,16.706030343518094
275716,MeerKAT:array_1:20240319T020710Z,Gaia_2530967469540769920,34,1525.033112347126,0.015132075486825495,17.050972,1,1,0.7318207414955208,-0.5883858180529418
11013,MeerKAT:array_1:20250719T103545Z,Gaia_4668958827500877440,24,864.0189526677132,-0.18158490584190595,17.04534,2,1,4.186058031446229,-65.98619807195168
5754,MeerKAT:array_1:20250708T105617Z,Gaia_3394112925166619520,41,863.9568689763546,0.03026415097365099,17.043718,1,1,5.33354948998582,16.462564258780567
112891,MeerKAT:array_1:20250702T203437Z,Gaia_6441465236122768128,60,960.0050414651632,-0.025220125811375827,17.041534,2,1,19.654375487978783,-63.38410335002333
112820,MeerKAT:array_1:20250702T203437Z,Gaia_6440688980913616256,44,960.0050303041935,0.035308176135926156,16.965706,1,1,19.661735302801535,-63.85416868387933
68934,MeerKAT:array_1:20250701T095804Z,Gaia_4669698111631422592,40,923.9665619730949,-0.14123270454370462,16.896347,4,1,4.103343666826624,-65.93825510535834
5780,MeerKAT:array_1:20250708T105617Z,Gaia_3394108316665083520,56,863.9568705707788,0.03026415097365099,16.886158,1,1,5.338498106447831,16.354004061855914
275796,MeerKAT:array_1:20240319T020710Z,Gaia_2530997225074268544,53,1525.073156312108,-0.015132075486825495,16.872423,2,1,0.7639154324518892,-0.3922466246226695
112816,MeerKAT:array_1:20250702T203437Z,Gaia_6441081162966921088,43,960.005027115345,-0.025220125811375827,16.817945,1,1,19.680021087197684,-63.54123171301072
112758,MeerKAT:array_1:20250702T203437Z,Gaia_6441067865748168064,29,960.0050303041935,-0.03026415097365099,16.778702,2,1,19.683821608590677,-63.64525101460144
112840,MeerKAT:array_1:20250702T203437Z,Gaia_6441010686848756096,49,960.005020737648,0.06557232710957715,16.702694,4,1,19.7017362155793,-63.9241662957465
112677,MeerKAT:array_1:20250702T203437Z,Gaia_6441449739880510080,10,960.005039870739,-0.04539622646047649,16.691551,1,1,19.610568979813607,-63.760778267160724
112673,MeerKAT:array_1:20250702T203437Z,Gaia_6441016394860061184,9,960.0050303041935,-0.06557232710957715,16.689934,1,1,19.711795047254903,-63.771324120458516
98190,MeerKAT:array_1:20250731T120456Z,Gaia_5422881443729431808,40,924.9917145818472,-0.10592452840777847,16.686886,3,1,9.390668069772126,-45.41482272094172
112792,MeerKAT:array_1:20250702T203437Z,Gaia_6440677401681817856,38,960.0050430595875,-0.06052830194730198,16.627735,1,1,19.637826258661583,-64.0201424224844
5688,MeerKAT:array_1:20250708T105617Z,Gaia_3394156836911993984,2,863.9568657875061,0.04539622646047649,16.588013,3,1,5.334365073123847,16.764525939164464
5746,MeerKAT:array_1:20250708T105617Z,Gaia_3394142268383063040,37,863.9568514376879,0.15132075486825497,16.581337,2,1,5.361797355001117,16.622283824247976
112654,MeerKAT:array_1:20250702T203437Z,Gaia_6440679531985571968,4,960.0050191432238,0.09079245292095298,16.578917,1,1,19.654329298812332,-63.94172168609748
52994,MeerKAT:array_1:20250701T053744Z,Gaia_4669778375980403456,61,919.9843805879354,0.02017610064910066,16.552721,2,2,4.100410648139817,-65.50723973419025
275785,MeerKAT:array_1:20240319T020710Z,Gaia_2531000351810466816,50,1525.0858112573624,-0.09583647808322814,16.515747,4,1,0.765290525287308,-0.2753568168259827
112796,MeerKAT:array_1:20250702T203437Z,Gaia_6440702690449243520,39,960.005020737648,0.06052830194730198,16.451645,4,1,19.65862345313282,-63.697209650691896
98170,MeerKAT:array_1:20250731T120456Z,Gaia_5422854230816201216,20,924.9917145818472,-0.11096855357005364,16.428207,3,1,9.378025733147803,-45.68658974314467
17912,MeerKAT:array_1:20250701T095804Z,Gaia_4669710824734657920,51,879.9420164078474,-0.07061635227185231,16.40332,1,1,4.126598923470231,-65.89491523847894
112886,MeerKAT:array_1:20250702T203437Z,Gaia_6441451973263491712,59,960.005027115345,0.05548427678502682,16.389685,2,1,19.62331094610222,-63.66446856992857
60957,MeerKAT:array_1:20250713T100933Z,Gaia_3394160444684497024,62,919.7910263538361,0.09583647808322814,16.384342,3,1,5.351848209674716,16.830404336902777
112701,MeerKAT:array_1:20250702T203437Z,Gaia_6440682761800997888,16,960.0050239264965,0.02017610064910066,16.37334,1,1,19.64571518238437,-63.913697432397264
98160,MeerKAT:array_1:20250731T120456Z,Gaia_5422852272311080576,10,924.9917145818472,-0.10592452840777847,16.348032,3,1,9.365367101418332,-45.668142461118876
60956,MeerKAT:array_1:20250713T100933Z,Gaia_3394137904696361600,59,919.7910231649876,0.16645283035508046,16.320782,2,1,5.343268231541483,16.548205091777348
112706,MeerKAT:array_1:20250702T203437Z,Gaia_6440696608775590528,17,960.005027115345,0.04035220129820132,16.296204,4,1,19.632519687370717,-63.800738865833324
112845,MeerKAT:array_1:20250702T203437Z,Gaia_6441464853868863488,50,960.005039870739,-0.015132075486825495,16.281115,3,1,19.652285124068747,-63.40371139134386
60939,MeerKAT:array_1:20250713T100933Z,Gaia_3394189547383394944,19,919.7910279482603,0.06052830194730198,16.277435,2,1,5.370879410063646,16.66098650406909
112694,MeerKAT:array_1:20250702T203437Z,Gaia_6441063158463999232,14,960.0050382763147,-0.035308176135926156,16.259283,1,1,19.69555251284233,-63.7303507389889
5771,MeerKAT:array_1:20250708T105617Z,Gaia_3394239953119551232,51,863.9568657875061,0.04539622646047649,16.241974,3,1,5.368527534197562,16.789466552187132
60958,MeerKAT:array_1:20250713T100933Z,Gaia_3394141409389627520,63,919.7910263538361,0.09079245292095298,16.21724,3,1,5.356448790080585,16.59799960949033
275683,MeerKAT:array_1:20240319T020710Z,Gaia_2543037354139398912,26,1525.0543867498636,0.015132075486825495,16.21176,1,1,0.7354096646074186,0.04012672298767867
112729,MeerKAT:array_1:20250702T203437Z,Gaia_6441083495132551936,22,960.0050287097692,0.06052830194730198,16.189053,1,1,19.68909033649124,-63.45300620340342
112715,MeerKAT:array_1:20250702T203437Z,Gaia_6441453794329653376,19,960.0050414651632,-0.025220125811375827,16.136333,2,1,19.602747558001738,-63.69638635150585
54155,MeerKAT:array_1:20250701T085314Z,Gaia_4669736285300904192,62,919.1671871393919,0.02017610064910066,16.102104,2,1,4.119652601436114,-65.53565856273653
25014,MeerKAT:array_1:20250714T053348Z,ex_2MASX_J04081510-6551410,5,872.4540787637234,0.06052830194730198,16.077623,3,3,4.137534666666667,-65.861502
275617,MeerKAT:array_1:20240319T020710Z,Gaia_2530997843549541248,12,1525.0962244421244,0.015132075486825495,16.052507,1,1,0.7607880258329646,-0.38413766275952727
112650,MeerKAT:array_1:20250702T203437Z,Gaia_6441084392782329344,3,960.005027115345,0.05548427678502682,16.048788,2,1,19.67669485894518,-63.51229140113957
275609,MeerKAT:array_1:20240319T020710Z,Gaia_2531000381874689920,10,1525.0810821950436,-0.02017610064910066,16.028944,4,1,0.7638577764774298,-0.28205409488982813
52992,MeerKAT:array_1:20250701T053744Z,ex_LEDA_177089,30,919.9843821823597,0.015132075486825495,15.910666,4,2,4.1932778,-65.829167
112749,MeerKAT:array_1:20250702T203437Z,Gaia_6441069167122610304,27,960.005027115345,0.07566037743412748,15.89957,1,1,19.69984291461124,-63.596090512689635
112661,MeerKAT:array_1:20250702T203437Z,Gaia_6440697635271979264,6,960.0050542205572,-0.10088050324550331,15.88754,1,1,19.614640972592326,-63.85917615107838
60944,MeerKAT:array_1:20250713T100933Z,Gaia_3394150789598051072,28,919.7910231649876,0.16645283035508046,15.887297,2,1,5.339596890552517,16.604348478519825
22607,MeerKAT:array_1:20250710T140151Z,Gaia_5240338152494495232,33,879.9917863607407,0.05548427678502682,15.878555,3,1,11.028584859867882,-64.52565489664063
55523,MeerKAT:array_1:20250701T133303Z,ex_LEDA_310536,33,919.9945115596056,0.07061635227185231,15.867327,4,1,4.164333333333333,-65.748611
25043,MeerKAT:array_1:20250714T053348Z,Gaia_4669722124792715520,23,872.4540787637234,0.06052830194730198,15.860787,3,3,4.154683470000491,-65.57481961578418
112753,MeerKAT:array_1:20250702T203437Z,Gaia_6440636238715194368,28,960.0050287097692,-0.02017610064910066,15.838798,1,1,19.675339186061393,-64.03486462534826
60946,MeerKAT:array_1:20250713T100933Z,Gaia_3394140069359843584,31,919.7910263538361,0.09079245292095298,15.813319,3,1,5.356781170063123,16.54727221494186
112640,MeerKAT:array_1:20250702T203437Z,Gaia_6441014711232887936,1,960.0050478428602,-0.1160125787323288,15.768514,1,1,19.702747058650274,-63.83637390141657
54131,MeerKAT:array_1:20250701T085314Z,Gaia_4669775421042834560,30,919.1671871393919,0.02017610064910066,15.702705,2,1,4.090726383417257,-65.68297231125712
112664,MeerKAT:array_1:20250702T203437Z,Gaia_6441457333382702848,7,960.005020737648,0.02017610064910066,15.659098,1,1,19.610725222385533,-63.54079990414462
17760,MeerKAT:array_1:20250701T095804Z,Gaia_4669699348582040576,16,879.9420323520899,-0.14123270454370462,15.641106,4,1,4.111172790836376,-65.87984362181173
112901,MeerKAT:array_1:20250702T203437Z,Gaia_6441451114270038528,63,960.005027115345,0.04539622646047649,15.63994,4,1,19.617936179462735,-63.68454977519511
2688,MeerKAT:array_1:20250703T155221Z,Gaia_6440682761800995072,12,868.066530957818,0.17654088067963078,15.62346,1,1,19.64739031529793,-63.905134712219485
55512,MeerKAT:array_1:20250701T133303Z,Gaia_4669736835056734336,22,919.9945131540298,0.07566037743412748,15.617319,1,1,4.123071212817975,-65.49663242359968
10876,MeerKAT:array_1:20250719T103545Z,Gaia_4668961816798136192,40,860.1960462927818,0.13618867938142945,15.558086,3,1,4.182928098671695,-65.95403997271916
112801,MeerKAT:array_1:20250702T203437Z,Gaia_6441084495861544320,40,960.0050318986177,0.015132075486825495,15.557063,1,1,19.67813426434014,-63.480968390494134
275579,MeerKAT:array_1:20240319T020710Z,Gaia_2530979151851814144,3,1525.0857666134834,0.11096855357005364,15.530527,3,1,0.7280532610396407,-0.5704520443748631
86073,MeerKAT:array_1:20250712T092209Z,Gaia_4669726698933866112,19,924.0567697137594,-0.050440251622751654,15.486908,4,1,4.123021492832987,-65.64792617949458
7498,MeerKAT:array_1:20250711T100558Z,Gaia_3394244419885535616,49,867.8890811055899,-0.1714968555173556,15.470161,1,1,5.362325016825237,16.88304319806763
17865,MeerKAT:array_1:20250701T095804Z,Gaia_4669698111631422592,40,879.9681538045406,-0.13618867938142945,15.461506,3,1,4.103343666826624,-65.93825510535834
55549,MeerKAT:array_1:20250701T133303Z,Gaia_4669707079523178880,59,919.9945115596056,0.07061635227185231,15.432698,4,1,4.144287567137453,-65.92855412070273
112855,MeerKAT:array_1:20250702T203437Z,Gaia_6440636341794408448,52,960.005039870739,-0.02017610064910066,15.41263,3,1,19.677164170708956,-64.02066284484518
107919,MeerKAT:array_1:20250701T085314Z,Gaia_4669731749815407232,21,960.0066805332899,-0.19671698132873144,15.410717,1,1,4.132750307042477,-65.65175504954972
2480,MeerKAT:array_1:20250702T203437Z,Gaia_6440631084754464768,12,863.9580201506615,-0.08070440259640264,15.396792,2,1,19.6547503184951,-64.05285248331806
112686,MeerKAT:array_1:20250702T203437Z,Gaia_6440631084754464768,12,960.0050446540117,-0.10592452840777847,15.370531,1,1,19.6547503184951,-64.05285248331806
11934,MeerKAT:array_1:20250720T073007Z,Gaia_5083290577334476800,4,863.9645190238953,0.025220125811375827,15.355276,3,1,3.982918540633981,-24.16892537543416
1947,MeerKAT:array_1:20250701T095804Z,Gaia_4668961816798136192,35,867.9685870707035,-0.12105660389460396,15.319618,2,1,4.182928098671695,-65.95403997271916
10623,MeerKAT:array_1:20250718T225142Z,Gaia_6440684892104737408,23,863.9568418711424,-0.04035220129820132,15.259482,1,2,19.66904319674638,-63.917765105941996
55513,MeerKAT:array_1:20250701T133303Z,Gaia_4669705705133623424,23,919.9945147484541,0.06557232710957715,15.243216,4,1,4.155669116390295,-65.98813152897685
280097,MeerKAT:array_1:20250701T095804Z,Gaia_4669734567314018688,18,862.0096895247698,0.01008805032455033,15.215305,1,1,4.141644467778401,-65.49983413739118
275667,MeerKAT:array_1:20240319T020710Z,Gaia_2531018012715958656,21,1525.118709012866,-0.025220125811375827,15.205569,3,1,0.7527249114505852,-0.11483072703552165
55497,MeerKAT:array_1:20250701T133303Z,Gaia_4669709587784079488,7,919.9945115596056,0.07061635227185231,15.153799,4,1,4.138289303494584,-65.93475154260774
22584,MeerKAT:array_1:20250710T140151Z,ex_ASASSN-V_J110241.16-641115.6,10,879.9917863607407,0.06052830194730198,15.124543,2,1,11.044768,-64.18768
12238,MeerKAT:array_1:20250720T073007Z,Gaia_5084040478624611840,50,863.9645190238953,0.025220125811375827,15.084097,3,1,3.967082268198341,-24.084564266364136
22585,MeerKAT:array_1:20250710T140151Z,ex_ASASSN-V_J110313.38-640711.5,11,879.9918023049831,-0.07061635227185231,15.068954,1,1,11.053716666666666,-64.11985
14633,MeerKAT:array_1:20250731T124411Z,Gaia_5850069267700290176,4,863.9565102308989,-0.02017610064910066,15.051119,4,1,14.650560772476442,-64.32393557401112
275736,MeerKAT:array_1:20240319T020710Z,Gaia_2531010586717352576,38,1525.1186978518963,0.02017610064910066,15.047475,4,1,0.7364797018395393,-0.2923174094215459
15110,MeerKAT:array_1:20250731T130553Z,Gaia_5423511841849159040,23,863.9998323321342,0.07566037743412748,15.037456,4,1,9.338705562069476,-45.684511442505695
68950,MeerKAT:array_1:20250701T095804Z,Gaia_4669829537630636544,48,923.9666624218225,-0.10088050324550331,15.006911,2,1,4.141682000641891,-65.40145979467135
23919,MeerKAT:array_1:20250712T092209Z,Gaia_4669714191989054848,46,875.0456957966089,0.12610062905687913,15.006153,4,1,4.161193168234339,-65.8407822315043
55071,MeerKAT:array_1:20250701T095804Z,Gaia_4669736250941165568,15,917.5667790174484,-0.07566037743412748,14.987225,3,1,4.118396769094823,-65.54868740802111
57956,MeerKAT:array_1:20250708T083640Z,Gaia_4669720995217335936,31,919.9956738948822,-0.10088050324550331,14.982437,1,1,4.162549134949634,-65.63593647430399
112682,MeerKAT:array_1:20250702T203437Z,Gaia_6441475887641404672,11,960.005027115345,0.04035220129820132,14.95844,4,1,19.627952806854807,-63.40563990923423
2689,MeerKAT:array_1:20250703T155221Z,Gaia_6441465270482505984,51,868.0665325522423,0.08070440259640264,14.940215,1,1,19.656390994602866,-63.38063783948705
2600,MeerKAT:array_1:20250702T203437Z,Gaia_6440698017524871552,42,863.9580201506615,-0.08070440259640264,14.938611,2,1,19.62551497208505,-63.80965197000701
57934,MeerKAT:array_1:20250708T083640Z,Gaia_4669696737241871872,24,919.9956882447004,-0.1714968555173556,14.937869,2,1,4.103313579121814,-66.00049770341214
55506,MeerKAT:array_1:20250701T133303Z,Gaia_4668961576279986432,16,919.9945131540298,0.06557232710957715,14.92845,1,1,4.196874455870767,-65.83653532538816
86056,MeerKAT:array_1:20250712T092209Z,Gaia_4669811567487460096,2,924.0567697137594,-0.050440251622751654,14.893242,4,1,4.182460508460625,-65.58498551850913
17798,MeerKAT:array_1:20250701T095804Z,Gaia_4669681996914100864,25,879.9420291632414,-0.12105660389460396,14.884482,2,1,4.1387636225831566,-66.09069349647753
60955,MeerKAT:array_1:20250713T100933Z,Gaia_3394133059973258496,58,919.7910789698362,-0.04035220129820132,14.81957,2,2,5.350169764646185,16.42854187394371
68878,MeerKAT:array_1:20250701T095804Z,Gaia_4669729585151865728,12,923.9665540009737,-0.10592452840777847,14.800329,3,1,4.107257170354558,-65.65160918439804
60945,MeerKAT:array_1:20250713T100933Z,Gaia_3394254036317213952,29,919.7910263538361,0.12105660389460396,14.794743,1,1,5.354680687125043,16.82980190106359
112828,MeerKAT:array_1:20250702T203437Z,Gaia_6440697021092449152,46,960.0050430595875,-0.03026415097365099,14.782004,1,1,19.634833379956643,-63.78137866933455
68910,MeerKAT:array_1:20250701T095804Z,Gaia_4669815106540510848,28,923.9665540009737,-0.10592452840777847,14.761591,3,1,4.16380532445806,-65.55678540542186
14623,MeerKAT:array_1:20250731T124411Z,Gaia_5850066896878290944,2,863.9565118253231,-0.04539622646047649,14.741481,3,1,14.647718028696788,-64.37395853195206
112724,MeerKAT:array_1:20250702T203437Z,Gaia_6441462590422644864,21,960.005039870739,-0.015132075486825495,14.727456,3,1,19.63286756576221,-63.50886223097603
55499,MeerKAT:array_1:20250701T133303Z,Gaia_4669725702501432704,9,919.9945147484541,0.06052830194730198,14.726335,4,1,4.129209423289225,-65.69331212587907
12184,MeerKAT:array_1:20250720T073007Z,Gaia_5083240034159425408,42,863.9645190238953,0.025220125811375827,14.66378,3,1,3.978968408035021,-24.57111856851651
14851,MeerKAT:array_1:20250731T124411Z,Gaia_5850163894431855232,54,863.9565102308989,-0.02017610064910066,14.653378,4,1,14.623895428321232,-63.84108500367465
301049,MeerKAT:array_1:20250712T060917Z,Gaia_4669727145610415104,12,872.4540149867535,0.01008805032455033,14.565386,2,1,4.104917798003196,-65.75621622031709
25012,MeerKAT:array_1:20250714T053348Z,ex_LEDA_309474,4,872.4540803581476,0.050440251622751654,14.561492,1,3,4.1352778,-65.865833
60953,MeerKAT:array_1:20250713T100933Z,Gaia_3394240709033765888,56,919.7910789698362,-0.04035220129820132,14.548771,2,2,5.372394843398513,16.862246684328095
15120,MeerKAT:array_1:20250731T130553Z,Gaia_5422882062204753536,25,863.9998323321342,0.07566037743412748,14.5161495,4,1,9.400284379360265,-45.43043315389963
52993,MeerKAT:array_1:20250701T053744Z,Gaia_4669714741744883456,58,919.9843821823597,0.015132075486825495,14.488933,4,2,4.164016476677452,-65.7911469015375
14764,MeerKAT:array_1:20250731T124411Z,Gaia_5850123899691009280,33,863.9565118253231,-0.04539622646047649,14.431909,3,1,14.59771196037901,-64.30080858636023
301041,MeerKAT:array_1:20250712T060917Z,Gaia_4669727489207812736,6,872.4540149867535,0.01008805032455033,14.391865,2,1,4.103933615884337,-65.71413711469654
60950,MeerKAT:array_1:20250713T100933Z,Gaia_3394256480153700864,47,919.7910247594118,0.10592452840777847,14.386293,1,1,5.360305322655568,16.913369209138395
63613,MeerKAT:array_1:20250722T155604Z,Gaia_6440706263862054016,9,919.7927850037813,0.20680503165328176,14.383145,2,1,19.648540291896435,-63.670993666798154
14642,MeerKAT:array_1:20250731T124411Z,Gaia_5853167210433761024,6,863.9565102308989,-0.02017610064910066,14.356778,4,1,14.624503472486635,-63.76372563335355
55102,MeerKAT:array_1:20250701T095804Z,Gaia_4668963053748722048,46,917.5667933672667,-0.14123270454370462,14.333511,3,1,4.178169291060081,-65.88508297435585
52989,MeerKAT:array_1:20250701T053744Z,Gaia_4669776108237635328,11,919.9843821823597,0.015132075486825495,14.326518,4,2,4.095788873225301,-65.61929555540252
8568,MeerKAT:array_1:20250712T092209Z,Gaia_4669699486020994816,21,868.5151094645262,-0.11096855357005364,14.307124,1,1,4.114902472693033,-65.86227339563979
68880,MeerKAT:array_1:20250701T095804Z,Gaia_4669731887254377472,13,923.9665619730949,-0.14123270454370462,14.282947,4,1,4.13410253586617,-65.62875416839998
6681,MeerKAT:array_1:20250710T123913Z,Gaia_2894427358981809152,19,864.5480208992958,-0.015132075486825495,14.269684,2,2,6.602258454050711,-30.375199504910164
29021,MeerKAT:array_1:20250731T124411Z,Gaia_5850140151848886528,52,879.9854309856892,0.09079245292095298,14.226823,2,1,14.612587205725992,-63.88516705737275
55551,MeerKAT:array_1:20250701T133303Z,Gaia_4669709484704842496,61,919.9945147484541,0.06052830194730198,14.210031,4,1,4.138259747697322,-65.95836953997919
112733,MeerKAT:array_1:20250702T203437Z,Gaia_6440693413319921408,23,960.0015624314547,0.02017610064910066,14.2016535,1,1,19.62743351175796,-63.94297695034336
55108,MeerKAT:array_1:20250701T095804Z,Gaia_4669735250212219264,52,917.5667949616909,-0.15132075486825497,14.193704,4,1,4.1324736222485985,-65.47852355237711
15185,MeerKAT:array_1:20250731T130553Z,Gaia_5423613477955379456,38,863.9998323321342,0.07566037743412748,14.183484,4,1,9.37260522251668,-45.32556176220224
15065,MeerKAT:array_1:20250731T130553Z,Gaia_5422880206778814592,14,863.9998323321342,0.07566037743412748,14.139955,4,1,9.391734540423013,-45.486760642600096
1574,MeerKAT:array_1:20250701T095804Z,Gaia_4669700516813162496,4,861.5688057094812,-0.07061635227185231,14.013144,2,1,4.107692502960613,-65.82334529127918
6679,MeerKAT:array_1:20250710T123913Z,Gaia_2894421552185985536,18,864.5479794442654,0.16645283035508046,13.98981,3,1,6.611743986185792,-30.363740113824807
55538,MeerKAT:array_1:20250701T133303Z,Gaia_4669729928749271936,48,919.9945147484541,0.06052830194730198,13.935588,4,1,4.118910556243688,-65.62400179093467
279771,MeerKAT:array_1:20250701T085314Z,Gaia_4669699382941779584,3,867.7027423381805,0.005044025162275165,13.903388,1,1,4.113790531160726,-65.8703693528765
60931,MeerKAT:array_1:20250713T100933Z,Gaia_3394086193290113024,1,919.791090130806,-0.11096855357005364,13.876823,2,2,5.3539697404783615,16.431952924626813
112668,MeerKAT:array_1:20250702T203437Z,Gaia_6441460975514926080,8,960.0050287097692,-0.035308176135926156,13.849078,1,1,19.66357758906119,-63.46456714647583
6733,MeerKAT:array_1:20250710T123913Z,Gaia_2894031672234327040,47,864.5479778498411,0.20176100649100662,13.803657,1,1,6.603484137683811,-30.698323696980655
60937,MeerKAT:array_1:20250713T100933Z,Gaia_3394147284904844288,17,919.7910805642605,-0.050440251622751654,13.734306,2,2,5.35834816412135,16.74944337167
6760,MeerKAT:array_1:20250710T123913Z,Gaia_2893837814590229632,62,864.54802249372,-0.025220125811375827,13.715287,1,2,6.617538517357171,-30.900036608395713
10530,MeerKAT:array_1:20250718T225142Z,Gaia_6441451973263764352,2,863.9464334696531,0.015132075486825495,13.684518,1,2,19.62260307500198,-63.661249760245056
55105,MeerKAT:array_1:20250701T095804Z,Gaia_4669713539154051968,49,917.5667853951454,-0.10592452840777847,13.625499,2,1,4.141713242289284,-65.72886604085323
60936,MeerKAT:array_1:20250713T100933Z,Gaia_3394133059973255808,16,919.7910821586847,-0.06052830194730198,13.62253,1,2,5.350346806898824,16.439332131438196
185094,MeerKAT:array_1:20250730T235713Z,Gaia_4669816377850832640,38,960.0002039819956,-0.12610062905687913,13.591024,4,1,4.15383398790465,-65.51608871714133
52991,MeerKAT:array_1:20250701T053744Z,ex_LEDA_307511,28,919.9843805879354,0.02017610064910066,13.58948,2,2,4.137944466666666,-66.095833
23535,MeerKAT:array_1:20250712T060917Z,Gaia_4669775421042834560,34,872.4540229588747,-0.015132075486825495,13.584077,2,1,4.090726383417257,-65.68297231125712
58716,MeerKAT:array_1:20250708T105617Z,Gaia_3394142916921606400,46,919.9847823828459,-0.015132075486825495,13.577183,3,1,5.358533984057118,16.617464385977616
86110,MeerKAT:array_1:20250712T092209Z,Gaia_4669699520380750336,57,924.0567697137594,-0.050440251622751654,13.576014,4,1,4.114173732490904,-65.84320925199803
25245,MeerKAT:array_1:20250715T163334Z,Gaia_6760417547732520064,18,872.0085711181164,0.04035220129820132,13.549735,1,1,18.907492561044233,-30.628976623905583
10527,MeerKAT:array_1:20250718T225142Z,Gaia_6440679531985571968,1,863.9568434655666,-0.050440251622751654,13.546921,1,2,19.654329298812332,-63.94172168609748
301057,MeerKAT:array_1:20250712T060917Z,Gaia_4669730306706410880,19,872.4540213644505,0.01008805032455033,13.524086,3,1,4.113787001810862,-65.57197560265381
185383,MeerKAT:array_1:20250730T235713Z,Gaia_4669696840321087872,60,960.0002039819956,-0.13618867938142945,13.5172205,3,1,4.111816986933466,-65.99525578631238
60934,MeerKAT:array_1:20250713T100933Z,Gaia_3394133128692736512,13,919.791083753109,-0.07061635227185231,13.502882,1,2,5.348934430974777,16.441217725966265
560,MeerKAT:array_1:20250701T083536Z,ex_SDSS_J010022.98+001122.0,39,867.8746228665113,-0.12105660389460396,13.495848,1,1,1.0063852666666666,0.189467
14738,MeerKAT:array_1:20250731T124411Z,Gaia_5850164371082780288,27,863.9565102308989,-0.02017610064910066,13.486597,4,1,14.6303541860771,-63.815888477277966
301091,MeerKAT:array_1:20250712T060917Z,Gaia_4669830121746188672,48,872.4540213644505,0.01008805032455033,13.441772,3,1,4.142002513807104,-65.38772218118773
184894,MeerKAT:array_1:20250730T235713Z,Gaia_4669776280036326272,22,960.0002055764198,-0.14123270454370462,13.429257,3,1,4.0913018046202625,-65.60364379504367
52988,MeerKAT:array_1:20250701T053744Z,Gaia_4669712783239780224,5,919.9843821823597,0.015132075486825495,13.4106455,4,2,4.137784419356912,-65.82012245067386
55088,MeerKAT:array_1:20250701T095804Z,Gaia_4669720067504380288,32,917.5667949616909,-0.15132075486825497,13.36147,4,1,4.149975830371698,-65.64818931556401
26045,MeerKAT:array_1:20250719T103545Z,Gaia_4669778547779094528,10,872.2134881168604,-0.050440251622751654,13.309677,2,1,4.096527642593909,-65.49160127983093
275616,MeerKAT:array_1:20240319T020710Z,Gaia_2530997843549541248,12,1525.0543835610151,0.025220125811375827,13.274147,4,1,0.7607880258329646,-0.38413766275952727
68974,MeerKAT:array_1:20250701T095804Z,Gaia_4668965390210943616,60,923.9665619730949,-0.14123270454370462,13.272803,4,1,4.179309435646519,-65.79217371975943
7497,MeerKAT:array_1:20250711T100558Z,Gaia_3394107599407181824,14,867.8890444338322,0.050440251622751654,13.270295,1,1,5.340892379670838,16.33921667440653
6756,MeerKAT:array_1:20250710T123913Z,Gaia_2894416707462849664,60,864.5480129271746,0.04035220129820132,13.270152,1,2,6.625953140044507,-30.43764428311696
184647,MeerKAT:array_1:20250730T235713Z,Gaia_4669714741744883456,4,960.0002039819956,-0.13618867938142945,13.19271,3,1,4.164016476677452,-65.7911469015375
55514,MeerKAT:array_1:20250701T133303Z,ex_ASASSN-V_J040528.64-653613.3,24,919.9945115596056,0.07061635227185231,13.155102,4,1,4.091288666666666,-65.60369
62341,MeerKAT:array_1:20250719T103545Z,Gaia_4669815759375542784,31,919.9936123043299,0.14123270454370462,13.148172,1,1,4.168112736010006,-65.50635331170118
55061,MeerKAT:array_1:20250701T095804Z,Gaia_4669713912815018752,5,917.5667774230242,-0.07061635227185231,13.11805,2,1,4.165815723271222,-65.85941242810505
1908,MeerKAT:array_1:20250701T095804Z,Gaia_4669716459731837184,3,867.9685886651278,-0.13618867938142945,13.095876,2,1,4.172792520781388,-65.73560503005208
1218,MeerKAT:array_1:20250701T085314Z,Gaia_4669726625918388224,53,867.7027375549078,0.025220125811375827,13.058639,1,1,4.126242113649026,-65.66560009418758
60942,MeerKAT:array_1:20250713T100933Z,Gaia_3394147903380141568,22,919.7910805642605,-0.050440251622751654,13.026075,2,2,5.356419729853157,16.749504207182635
184850,MeerKAT:array_1:20250730T235713Z,Gaia_4669718693114807808,19,960.0002055764198,-0.14123270454370462,13.024594,3,1,4.150674010519596,-65.72275782362854
275689,MeerKAT:array_1:20240319T020710Z,Gaia_2531005849368549376,27,1525.1078605502844,0.02017610064910066,13.01662,2,1,0.7393356573213863,-0.3878247195616528
23524,MeerKAT:array_1:20250712T060917Z,Gaia_4669736250941165568,23,872.454011797905,0.05548427678502682,12.999595,1,1,4.118396769094823,-65.54868740802111
60940,MeerKAT:array_1:20250713T100933Z,Gaia_3394146632069837056,20,919.7910885363817,-0.10088050324550331,12.955262,1,2,5.355650038094407,16.690445636594195
3670,MeerKAT:array_1:20250706T055242Z,Gaia_4669712474002150016,54,863.9565724134445,-0.03026415097365099,12.914272,2,1,4.144305388034787,-65.79607105957692
23541,MeerKAT:array_1:20250712T060917Z,Gaia_4669703403031184768,40,872.4540133923292,0.050440251622751654,12.91277,1,1,4.102001491747326,-65.82514083527903
58378,MeerKAT:array_1:20250708T085539Z,Gaia_2978678571329039488,7,920.2146856039762,-0.20680503165328176,12.882655,4,1,4.681480660107926,-18.709843504281377
28922,MeerKAT:array_1:20250731T124411Z,Gaia_5850028826295272064,17,875.9854972809553,0.09079245292095298,12.862103,3,1,14.581280556776317,-64.42209600784794
1917,MeerKAT:array_1:20250701T095804Z,Gaia_4669720269366811264,10,867.9685743153095,-0.07061635227185231,12.854616,1,1,4.141721577710191,-65.62913646493067
10648,MeerKAT:array_1:20250718T225142Z,Gaia_6440693413319921408,29,863.9464350640774,0.015132075486825495,12.821206,1,1,19.62743351175796,-63.94297695034336
60932,MeerKAT:array_1:20250713T100933Z,Gaia_3394447485939522304,2,919.791090130806,-0.11096855357005364,12.745425,2,2,5.3440246908867035,16.96591534907151
23539,MeerKAT:array_1:20250712T060917Z,Gaia_4668954532532290304,38,872.4540070146322,0.11096855357005364,12.743229,3,1,4.161170257628223,-66.04670205374931
62288,MeerKAT:array_1:20250719T103545Z,Gaia_4669698042911946112,14,919.9936154931784,0.1311446542191543,12.693379,2,1,4.105147728387502,-65.94326904581334
23538,MeerKAT:array_1:20250712T060917Z,Gaia_4669704743060998272,37,872.4540229588747,-0.015132075486825495,12.682214,2,1,4.095050804231429,-65.73558192112485
12322,MeerKAT:array_1:20250720T073007Z,Gaia_5083271164082364416,63,863.9787652045488,0.04035220129820132,12.676256,1,1,3.997073970453678,-24.417114215672168
29309,MeerKAT:array_1:20250731T130553Z,Gaia_5422755721446663296,41,879.9854931682348,0.03026415097365099,12.660207,1,1,9.356339502852032,-45.853495787514824
19695,MeerKAT:array_1:20250706T120334Z,Gaia_3394089659327144320,39,872.0003295391798,-0.04035220129820132,12.637279,3,1,5.375574321122891,16.47321480843516
278741,MeerKAT:array_1:20240319T020710Z,Gaia_2530940462786470656,49,1696.7997955977917,0.08070440259640264,12.61654,3,1,0.7577030230840216,-0.5755156261173519
14846,MeerKAT:array_1:20250731T124411Z,Gaia_5853137626695049344,53,863.9565118253231,-0.04539622646047649,12.604447,3,1,14.568296651759736,-63.96443379831008
68938,MeerKAT:array_1:20250701T095804Z,Gaia_4669705116721809920,42,923.9665619730949,-0.14123270454370462,12.563896,4,1,4.151660527294777,-66.05077059096503
62354,MeerKAT:array_1:20250719T103545Z,Gaia_4669696840321087872,34,920.2097636163235,-0.05548427678502682,12.535238,4,1,4.111816986933466,-65.99525578631238
184932,MeerKAT:array_1:20250730T235713Z,Gaia_4669778547779094528,25,960.0002039819956,-0.12610062905687913,12.526712,4,1,4.096527642593909,-65.49160127983093
1623,MeerKAT:array_1:20250701T095804Z,Gaia_4669702475318229888,61,861.5688200592995,-0.13618867938142945,12.52517,3,1,4.090598890117017,-65.84115856175454
134686,MeerKAT:array_1:20250708T083640Z,Gaia_4669711271411291776,12,960.0418519377708,0.03026415097365099,12.514164,4,1,4.136452826014428,-65.83310848706334
185023,MeerKAT:array_1:20250730T235713Z,Gaia_4669776451835017728,32,960.0002039819956,-0.12610062905687913,12.512201,4,1,4.089717179313183,-65.58523538204743
112702,MeerKAT:array_1:20250702T203437Z,Gaia_6440682761800997888,16,960.0206317454576,0.03026415097365099,12.439684,2,1,19.64571518238437,-63.913697432397264
3666,MeerKAT:array_1:20250706T055242Z,ex_OGLE_MBR229.17.00041,52,863.9565724134445,-0.03026415097365099,12.411849,2,1,4.1774528,-65.606486
26023,MeerKAT:array_1:20250719T103545Z,Gaia_4669718693114807808,4,872.2134897112846,-0.05548427678502682,12.388985,3,1,4.150674010519596,-65.72275782362854
58390,MeerKAT:array_1:20250708T085539Z,Gaia_2978691559310142976,11,920.2146808207035,-0.18662893100418113,12.372748,1,1,4.676406632850507,-18.643014117827857
65448,MeerKAT:array_1:20250731T130553Z,Gaia_5422853577981188224,63,919.9975011050701,0.19167295616645627,12.340472,2,1,9.384070496630654,-45.69636985511141
68915,MeerKAT:array_1:20250701T095804Z,Gaia_4669696840321087872,30,923.9794433265924,-0.015132075486825495,12.279247,1,1,4.111816986933466,-65.99525578631238
6651,MeerKAT:array_1:20250710T123913Z,Gaia_2893826372797351040,1,864.5480177104473,0.015132075486825495,12.260631,3,2,6.619675190873301,-30.915519526818453
301087,MeerKAT:array_1:20250712T060917Z,Gaia_4669681305423190912,46,872.454024553299,-0.01008805032455033,12.228358,1,1,4.144524387988824,-66.08909789821749
60947,MeerKAT:array_1:20250713T100933Z,Gaia_3394159448252252288,34,919.7910247594118,0.1160125787323288,12.173154,1,1,5.35037165407791,16.740890125453003
112707,MeerKAT:array_1:20250702T203437Z,Gaia_6440696608775590528,17,960.0206333398819,0.015132075486825495,12.114527,2,1,19.632519687370717,-63.800738865833324
1173,MeerKAT:array_1:20250701T085314Z,Gaia_4669727489207812736,9,867.7027487158775,-0.02017610064910066,12.108288,1,1,4.103933615884337,-65.71413711469654
29012,MeerKAT:array_1:20250731T124411Z,Gaia_5853135874348085888,43,879.9854309856892,0.09079245292095298,12.083787,2,1,14.5610358905594,-64.08030294946562
62445,MeerKAT:array_1:20250719T103545Z,Gaia_4669686463680117760,62,920.2097636163235,-0.05548427678502682,12.074564,4,1,4.120626951884693,-65.98777240002492
23509,MeerKAT:array_1:20250712T060917Z,Gaia_4669703849707801344,3,872.4540277421474,-0.035308176135926156,12.035314,2,2,4.102027145557674,-65.76608377829065
288180,MeerKAT:array_1:20250712T092209Z,Gaia_4668955872563377280,4,864.5480639487505,-0.005044025162275165,12.030392,3,1,4.182342771048197,-65.99473666287432
58684,MeerKAT:array_1:20250708T105617Z,Gaia_3394081829603347712,15,919.9847823828459,-0.02017610064910066,12.010176,3,1,5.357327313785556,16.358888883115284
300250,MeerKAT:array_1:20250708T150449Z,Gaia_5888194897749616128,51,875.0042359828949,0.005044025162275165,11.9969225,3,1,15.172865248252775,-53.25975546749951
112877,MeerKAT:array_1:20250702T203437Z,Gaia_6440630672437607680,57,960.0206397175789,-0.015132075486825495,11.993298,4,1,19.6513555101635,-64.07734606483893
8485,MeerKAT:array_1:20250712T092209Z,Gaia_4669710824734657920,40,864.5480655431747,-0.04539622646047649,11.973713,1,1,4.126598923470231,-65.89491523847894
288193,MeerKAT:array_1:20250712T092209Z,Gaia_4668963053748722048,35,864.5480591654778,-0.005044025162275165,11.973213,2,1,4.178169291060081,-65.88508297435585
6381,MeerKAT:array_1:20250709T163303Z,Gaia_6440692588686135424,21,865.9557922780514,-0.15132075486825497,11.951451,1,1,19.67526446227594,-63.67266238005948
23545,MeerKAT:array_1:20250712T060917Z,Gaia_4669702990712825600,45,872.4540070146322,0.11096855357005364,11.884009,3,1,4.100091141142604,-65.83794899042074
6388,MeerKAT:array_1:20250709T163303Z,Gaia_6440705984687030656,60,865.9557811170816,0.1160125787323288,11.877024,1,1,19.67184407823028,-63.547298404307284
91953,MeerKAT:array_1:20250719T103545Z,Gaia_4669829537630636544,63,924.2106715142727,-0.04035220129820132,11.848392,4,1,4.141682000641891,-65.40145979467135
112841,MeerKAT:array_1:20250702T203437Z,Gaia_6441010686848756096,49,960.0206317454576,0.03026415097365099,11.843744,2,1,19.7017362155793,-63.9241662957465
62417,MeerKAT:array_1:20250719T103545Z,Gaia_4668956147441282816,54,919.9936107099056,0.14123270454370462,11.790839,2,1,4.177215911150071,-65.96450638703253
62337,MeerKAT:array_1:20250719T103545Z,Gaia_4669681996914100864,29,920.2097173780203,0.18662893100418113,11.77535,1,1,4.1387636225831566,-66.09069349647753
6687,MeerKAT:array_1:20250710T123913Z,Gaia_2893825994840234240,22,864.5480177104473,0.015132075486825495,11.763332,3,2,6.6191655924045465,-30.9268556679195
58471,MeerKAT:array_1:20250708T085539Z,Gaia_2978672146057892480,42,920.2146856039762,-0.20680503165328176,11.724183,4,1,4.6681439808363026,-18.62369876697134
185335,MeerKAT:array_1:20250730T235713Z,Gaia_4668955872563377280,56,960.0002039819956,-0.12610062905687913,11.715944,4,1,4.182342771048197,-65.99473666287432
275815,MeerKAT:array_1:20240319T020710Z,Gaia_2530969943441957248,57,1525.1186978518963,0.02017610064910066,11.704063,4,1,0.7365414659458664,-0.4968968232228151
185409,MeerKAT:array_1:20250730T235713Z,Gaia_4669709965741200640,62,960.0002055764198,-0.14123270454370462,11.699913,3,1,4.134161181422981,-65.89310178857059
112832,MeerKAT:array_1:20250702T203437Z,Gaia_6440689869971379584,47,960.0206189900637,0.09079245292095298,11.697196,1,1,19.6499320734985,-63.82299821043306
11577,MeerKAT:array_1:20250719T204244Z,Gaia_6441460700637021440,38,864.0003537088633,-0.12105660389460396,11.695917,4,1,19.654762595151173,-63.48757438626541
112716,MeerKAT:array_1:20250702T203437Z,Gaia_6441453794329653376,19,960.0206301510334,0.02017610064910066,11.651716,2,1,19.602747558001738,-63.69638635150585
9195,MeerKAT:array_1:20250713T100933Z,Gaia_3394242049063617536,11,864.0000125020742,0.17654088067963078,11.643579,1,2,5.360888576516884,16.799506532776025
112690,MeerKAT:array_1:20250702T203437Z,Gaia_6440696196458731264,13,960.0206333398819,0.02017610064910066,11.621999,2,1,19.62863546499827,-63.850211743288064
13654,MeerKAT:array_1:20250730T235713Z,Gaia_4669713912815018752,2,864.0001831054688,-0.1160125787323288,11.587875,3,1,4.165815723271222,-65.85941242810505
91942,MeerKAT:array_1:20250719T103545Z,Gaia_4669698111631422592,46,924.2106747031212,-0.05548427678502682,11.550378,1,1,4.103343666826624,-65.93825510535834
112834,MeerKAT:array_1:20250702T203437Z,Gaia_6440689869971379584,47,960.177623540163,-0.10088050324550331,11.545731,2,1,19.6499320734985,-63.82299821043306
6729,MeerKAT:array_1:20250710T123913Z,Gaia_2893826166638924800,45,864.5480177104473,0.015132075486825495,11.475286,3,2,6.619828250637562,-30.930941411735247
112742,MeerKAT:array_1:20250702T203437Z,Gaia_6440697124171653632,25,960.0206301510334,0.02017610064910066,11.473481,2,1,19.642204321100877,-63.760060949381284
279738,MeerKAT:array_1:20250701T085314Z,Gaia_4669812048523796224,49,863.946380853653,-0.01008805032455033,11.468912,1,1,4.167230624348885,-65.59422753381918
288197,MeerKAT:array_1:20250712T092209Z,Gaia_4669702475318229888,50,864.5480591654778,-0.005044025162275165,11.462097,2,1,4.090598890117017,-65.84115856175454
300254,MeerKAT:array_1:20250708T150449Z,Gaia_5887874566244869120,55,875.0042359828949,0.005044025162275165,11.455511,3,1,15.141374983439837,-53.07818991337295
23548,MeerKAT:array_1:20250712T060917Z,Gaia_4669698042911946112,51,872.4540086090565,0.09079245292095298,11.451591,1,1,4.105147728387502,-65.94326904581334
112861,MeerKAT:array_1:20250702T203437Z,Gaia_6440639090573476480,53,960.0206301510334,0.035308176135926156,11.446451,2,1,19.682808419388635,-63.928947645499754
62391,MeerKAT:array_1:20250719T103545Z,Gaia_4669698111631422592,46,919.9936154931784,0.1311446542191543,11.432644,2,1,4.103343666826624,-65.93825510535834
8436,MeerKAT:array_1:20250712T092209Z,Gaia_4669709965741200640,10,864.5480639487505,-0.025220125811375827,11.419556,2,1,4.134161181422981,-65.89310178857059
185246,MeerKAT:array_1:20250730T235713Z,Gaia_4669721128360267392,49,960.0002039819956,-0.13618867938142945,11.412507,3,1,4.164118841996032,-65.61790782588749
8501,MeerKAT:array_1:20250712T092209Z,Gaia_4668964428138269952,48,864.548060759902,-0.015132075486825495,11.406358,3,1,4.1891414737304835,-65.82288525731616
6713,MeerKAT:array_1:20250710T123913Z,Gaia_2893825818744265472,36,864.5479794442654,0.16645283035508046,11.3926735,3,1,6.616800588616322,-30.957209964374815
112887,MeerKAT:array_1:20250702T203437Z,Gaia_6441451973263491712,59,960.0206476897001,-0.05548427678502682,11.3858185,1,1,19.62331094610222,-63.66446856992857
112783,MeerKAT:array_1:20250702T203437Z,Gaia_6440687808385485568,36,960.0206460952759,-0.015132075486825495,11.3846855,1,1,19.674599321748943,-63.80249901734273
135203,MeerKAT:array_1:20250708T083640Z,Gaia_4669701238367628288,58,960.0418519377708,0.025220125811375827,11.367851,4,1,4.095503075459785,-65.91075792134293
23540,MeerKAT:array_1:20250712T060917Z,Gaia_4669832630007089024,39,872.4540133923292,0.06052830194730198,11.349984,1,1,4.135668494193676,-65.39577576137432
6667,MeerKAT:array_1:20250710T123913Z,Gaia_2894417016700496512,10,864.5480145215988,0.03026415097365099,11.348389,2,2,6.622986481071047,-30.413410357288388
8476,MeerKAT:array_1:20250712T092209Z,Gaia_4669719895705672448,34,864.5480655431747,-0.02017610064910066,11.346143,3,1,4.146941409302808,-65.68543763760889
29193,MeerKAT:array_1:20250731T130553Z,Gaia_5422845331643836800,29,875.9855514913797,0.09079245292095298,11.321683,4,1,9.366577188920683,-45.90058479850626
280309,MeerKAT:array_1:20250701T133303Z,Gaia_4669732368290731904,29,864.7355283796787,-0.005044025162275165,11.320243,1,2,4.134336350705453,-65.58305856445355
6382,MeerKAT:array_1:20250709T163303Z,Gaia_6441011412697998976,25,865.9557874947786,-0.025220125811375827,11.295654,2,1,19.706595703583233,-63.880441857492556
19717,MeerKAT:array_1:20250706T120334Z,Gaia_3394255827318385280,50,872.0003295391798,-0.04035220129820132,11.293692,3,1,5.356310625543982,16.919919474658343
2191,MeerKAT:array_1:20250701T133303Z,Gaia_4669681172280380800,38,864.735529974103,-0.02017610064910066,11.28587,4,2,4.144022622433948,-66.11683398435129
68902,MeerKAT:array_1:20250701T095804Z,Gaia_4669811567487460096,24,923.9666624218225,-0.10088050324550331,11.283386,2,1,4.182460508460625,-65.58498551850913
112651,MeerKAT:array_1:20250702T203437Z,Gaia_6441084392782329344,3,960.0206381231546,-0.035308176135926156,11.277979,2,1,19.67669485894518,-63.51229140113957
23552,MeerKAT:array_1:20250712T060917Z,Gaia_4669829915587758720,55,872.4540277421474,-0.035308176135926156,11.263691,2,2,4.1440081251297345,-65.39631822133349
112793,MeerKAT:array_1:20250702T203437Z,Gaia_6440677401681817856,38,960.0206285566092,0.035308176135926156,11.263083,1,1,19.637826258661583,-64.0201424224844
135150,MeerKAT:array_1:20250708T083640Z,Gaia_4669784801251509376,54,960.0418519377708,0.025220125811375827,11.262665,4,1,4.1092929102048386,-65.43462166346426
112734,MeerKAT:array_1:20250702T203437Z,Gaia_6440693413319921408,23,960.0206269621849,0.050440251622751654,11.2593775,3,1,19.62743351175796,-63.94297695034336
58403,MeerKAT:array_1:20250708T085539Z,Gaia_2978699908726484352,16,920.2146808207035,-0.1311446542191543,11.245431,3,1,4.6745878964163685,-18.407634053271796
135078,MeerKAT:array_1:20250708T083640Z,Gaia_4669705705133623552,48,960.0418519377708,0.025220125811375827,11.236169,4,1,4.155592957583869,-65.99371965242827
68909,MeerKAT:array_1:20250701T095804Z,Gaia_4669815759375542784,27,923.9794528931379,-0.05548427678502682,11.222923,1,1,4.168112736010006,-65.50635331170118
288178,MeerKAT:array_1:20250712T092209Z,Gaia_4669812563919875200,1,864.548060759902,0.01008805032455033,11.214019,4,1,4.173439981851773,-65.54933189394633
9451,MeerKAT:array_1:20250713T100933Z,Gaia_3394141409389627520,63,863.9573983252048,0.10592452840777847,11.213331,2,1,5.356448790080585,16.59799960949033
112711,MeerKAT:array_1:20250702T203437Z,Gaia_6441460288320161792,18,960.0206333398819,-0.0857484277586778,11.212894,1,1,19.651090985477136,-63.53156997969461
24260,MeerKAT:array_1:20250712T161927Z,Gaia_6441450839392144512,58,875.0008924752474,0.07061635227185231,11.212801,3,1,19.608834402681307,-63.70549383929768
559,MeerKAT:array_1:20250701T083536Z,ex_LBQS_0056-0009,17,867.8925984054804,-0.20680503165328176,11.21247,2,1,0.9848652,0.11433900000000001
558,MeerKAT:array_1:20250701T083536Z,J0059+0006,0,867.8925984054804,-0.20680503165328176,11.207839,2,1,0.9848666666666666,0.11433333333333334
58453,MeerKAT:array_1:20250708T085539Z,Gaia_2978904280450535936,35,920.2146856039762,-0.20680503165328176,11.198747,4,1,4.6543084950736615,-18.24779624679772
58695,MeerKAT:array_1:20250708T105617Z,Gaia_3394143986369959680,24,919.9847823828459,-0.015132075486825495,11.197537,3,1,5.361458866169047,16.715959959655635
13682,MeerKAT:array_1:20250730T235713Z,Gaia_4669705361536222080,9,864.0001831054688,-0.1160125787323288,11.187343,3,1,4.150719560167508,-66.02839966826893
58477,MeerKAT:array_1:20250708T085539Z,Gaia_2978703550858744576,45,920.2146808207035,-0.1311446542191543,11.185211,3,1,4.690345113420692,-18.378593947560372
1703,MeerKAT:array_1:20250701T095804Z,Gaia_4669735250212219264,52,862.0073441267014,0.025220125811375827,11.177518,1,1,4.1324736222485985,-65.47852355237711
112851,MeerKAT:array_1:20250702T203437Z,Gaia_6440705954624377600,51,960.0206269621849,0.04035220129820132,11.163462,1,1,19.66918020926093,-63.56346159524397
2189,MeerKAT:array_1:20250701T133303Z,Gaia_4669690655568165888,34,864.7355347573757,-0.050440251622751654,11.155075,2,2,4.1017848524268805,-66.03988818977508
112776,MeerKAT:array_1:20250702T203437Z,Gaia_6440705714106201344,34,960.0206173956394,0.1160125787323288,11.1513195,1,1,19.673218409753954,-63.57638660481282
112750,MeerKAT:array_1:20250702T203437Z,Gaia_6441069167122610304,27,960.0206285566092,0.04539622646047649,11.1463,1,1,19.69984291461124,-63.596090512689635
18043,MeerKAT:array_1:20250701T133303Z,Gaia_4669729928749271936,48,872.4540899246931,0.05548427678502682,11.122439,2,2,4.118910556243688,-65.62400179093467
58350,MeerKAT:array_1:20250708T085539Z,Gaia_2978705333268469888,60,916.2137506008148,-0.19671698132873144,11.121318,4,1,4.685584788788064,-18.36111948058692
10874,MeerKAT:array_1:20250719T103545Z,Gaia_4669734567314018688,22,860.1960829645395,-0.050440251622751654,11.11867,3,1,4.141644467778401,-65.49983413739118
112675,MeerKAT:array_1:20250702T203437Z,Gaia_6441016394860061184,9,960.1776139736176,-0.04539622646047649,11.112422,1,1,19.711795047254903,-63.771324120458516
2181,MeerKAT:array_1:20250701T133303Z,Gaia_4669723537837887232,13,864.7355331629515,-0.03026415097365099,11.091765,1,2,4.120103592942797,-65.78784657700487
280315,MeerKAT:array_1:20250701T133303Z,Gaia_4669736903776210944,41,864.7355188131332,0.005044025162275165,11.070376,3,1,4.120185767851399,-65.47336939109383
112817,MeerKAT:array_1:20250702T203437Z,Gaia_6441081162966921088,43,960.0206221789122,0.015132075486825495,11.065802,1,1,19.680021087197684,-63.54123171301072
280305,MeerKAT:array_1:20250701T133303Z,ex_ASASSN-V_J040712.63-652824.0,25,864.7355188131332,0.005044025162275165,11.060687,3,1,4.120176,-65.47333000000002
112678,MeerKAT:array_1:20250702T203437Z,Gaia_6441449739880510080,10,960.0206445008516,-0.07566037743412748,11.056213,1,1,19.610568979813607,-63.760778267160724
275690,MeerKAT:array_1:20240319T020710Z,Gaia_2531005849368549376,27,1525.1186978518963,0.02017610064910066,11.038519,4,1,0.7393356573213863,-0.3878247195616528
112785,MeerKAT:array_1:20250702T203437Z,Gaia_6440687808385485568,36,960.1776123791933,-0.035308176135926156,11.016711,3,1,19.674599321748943,-63.80249901734273
112902,MeerKAT:array_1:20250702T203437Z,Gaia_6441451114270038528,63,960.0206269621849,0.050440251622751654,11.015513,3,1,19.617936179462735,-63.68454977519511
280324,MeerKAT:array_1:20250701T133303Z,Gaia_4669723434758672384,58,864.7355251908302,0.005044025162275165,11.013133,1,2,4.126931080572212,-65.78149626179535
6670,MeerKAT:array_1:20250710T123913Z,Gaia_2894210411593744128,12,864.5480208992958,-0.02017610064910066,11.008159,2,2,6.6366062194449515,-30.718036279872784
8506,MeerKAT:array_1:20250712T092209Z,Gaia_4669700826050753024,52,864.5480687320232,-0.03026415097365099,11.007734,1,1,4.093689278198568,-65.91981091210215
112770,MeerKAT:array_1:20250702T203437Z,Gaia_6440691725395639040,32,960.0206524729729,-0.09079245292095298,11.005365,1,1,19.666799774700674,-63.7582720526406
24148,MeerKAT:array_1:20250712T161927Z,Gaia_6440709390598240896,2,875.0008924752474,0.07061635227185231,10.979162,3,1,19.655053814158247,-63.56563906534111
112646,MeerKAT:array_1:20250702T203437Z,Gaia_6440679085308975744,2,960.0206142067909,0.1311446542191543,10.969724,1,1,19.650657746896325,-63.99907638472231
58481,MeerKAT:array_1:20250708T085539Z,Gaia_2978703550858744192,47,920.2146808207035,-0.13618867938142945,10.952408,3,1,4.690333876116085,-18.377095856195716
24541,MeerKAT:array_1:20250713T100933Z,Gaia_3394141409389627520,63,872.0091849714518,-0.025220125811375827,10.945821,2,2,5.356448790080585,16.59799960949033
20468,MeerKAT:array_1:20250708T083640Z,Gaia_4669728313841533440,20,876.2216506451368,-0.15132075486825497,10.919559,3,1,4.100643179139309,-65.69721046202997
54229,MeerKAT:array_1:20250701T085314Z,Gaia_4669717078207144576,16,920.7671280950308,0.06557232710957715,10.902702,2,1,4.17227561858907,-65.6725713578207
112754,MeerKAT:array_1:20250702T203437Z,Gaia_6440636238715194368,28,960.0206301510334,-0.025220125811375827,10.867027,3,1,19.675339186061393,-64.03486462534826
6387,MeerKAT:array_1:20250709T163303Z,Gaia_6441070270929848192,58,865.9557906836271,-0.10088050324550331,10.861295,1,1,19.696722325416033,-63.5435625719206
112759,MeerKAT:array_1:20250702T203437Z,Gaia_6441067865748168064,29,960.0206381231546,-0.03026415097365099,10.857331,2,1,19.683821608590677,-63.64525101460144
58376,MeerKAT:array_1:20250708T085539Z,Gaia_2978888062654110592,6,920.2146856039762,-0.20680503165328176,10.857305,4,1,4.673853051503906,-18.345041224181763
11588,MeerKAT:array_1:20250719T204244Z,Gaia_6440698739079389952,40,864.0003537088633,-0.12105660389460396,10.851681,4,1,19.61237874809231,-63.80862774231264
2176,MeerKAT:array_1:20250701T133303Z,Gaia_4669717009487668096,5,864.7355315685272,-0.02017610064910066,10.843881,2,2,4.175787298060694,-65.68881306564361
58307,MeerKAT:array_1:20250708T085539Z,Gaia_2978914038616192256,17,916.2137506008148,-0.19671698132873144,10.783811,4,1,4.673256565358913,-18.07771914190216
11680,MeerKAT:array_1:20250719T204244Z,Gaia_6441080544491623936,57,864.0003537088633,-0.12105660389460396,10.773263,4,1,19.690632317053833,-63.5527722659874
112865,MeerKAT:array_1:20250702T203437Z,Gaia_6441460288320161408,54,960.0206189900637,0.14123270454370462,10.763877,1,1,19.651456331036382,-63.53379709872802
64897,MeerKAT:array_1:20250731T124411Z,Gaia_5850115378475148800,16,915.9848343282938,0.12105660389460396,10.746277,1,1,14.639760880990124,-64.26677417659582
112807,MeerKAT:array_1:20250702T203437Z,Gaia_6441070855045397376,41,960.0206301510334,-0.03026415097365099,10.744458,3,1,19.701614308202757,-63.50497636060612
20497,MeerKAT:array_1:20250708T083640Z,Gaia_4668960992164421504,60,876.2216474562883,-0.1311446542191543,10.734038,2,1,4.1952596775397355,-65.88847062882579
19653,MeerKAT:array_1:20250706T120334Z,Gaia_3394237066901542144,18,872.0003295391798,-0.04035220129820132,10.72378,3,1,5.371584439027651,16.706030343518094
8448,MeerKAT:array_1:20250712T092209Z,Gaia_4669726625918388224,18,864.548067137599,-0.025220125811375827,10.712318,3,1,4.126242113649026,-65.66560009418758
2178,MeerKAT:array_1:20250701T133303Z,Gaia_4669687288313854592,8,864.7355283796787,-0.03026415097365099,10.681527,1,2,4.121355608675426,-65.92474543555748
9306,MeerKAT:array_1:20250713T100933Z,Gaia_3394159448252252288,34,863.9573983252048,0.10592452840777847,10.675515,2,1,5.35037165407791,16.740890125453003
112692,MeerKAT:array_1:20250702T203437Z,Gaia_6440696196458731264,13,960.1776107847691,0.05548427678502682,10.672976,2,1,19.62863546499827,-63.850211743288064
112683,MeerKAT:array_1:20250702T203437Z,Gaia_6441475887641404672,11,960.0206397175789,-0.015132075486825495,10.672802,4,1,19.627952806854807,-63.40563990923423
112797,MeerKAT:array_1:20250702T203437Z,Gaia_6440702690449243520,39,960.0206158012152,0.10592452840777847,10.671961,1,1,19.65862345313282,-63.697209650691896
62725,MeerKAT:array_1:20250719T204244Z,Gaia_6440685059608398464,60,919.7941386699677,-0.025220125811375827,10.654683,1,1,19.670049270941956,-63.89297877403784
112836,MeerKAT:array_1:20250702T203437Z,Gaia_6441456886706080896,48,960.0206205844879,0.025220125811375827,10.648495,1,1,19.627596580736565,-63.51683161564565
58308,MeerKAT:array_1:20250708T085539Z,Gaia_2978901222433895168,18,916.2137506008148,-0.19671698132873144,10.6451435,4,1,4.678763865115581,-18.119302150546535
26129,MeerKAT:array_1:20250719T103545Z,Gaia_4669696840321087872,34,872.2134976834059,-0.0857484277586778,10.638805,3,1,4.111816986933466,-65.99525578631238
26282,MeerKAT:array_1:20250719T103545Z,Gaia_4669815759375542784,31,876.0192113816738,-0.15132075486825497,10.631204,3,1,4.168112736010006,-65.50635331170118
2190,MeerKAT:array_1:20250701T133303Z,Gaia_4669731784175145344,37,864.7355315685272,-0.015132075486825495,10.628901,2,2,4.130571455057676,-65.65242445590076
112869,MeerKAT:array_1:20250702T203437Z,Gaia_6441455782899016448,55,960.0206397175789,-0.02017610064910066,10.627307,4,1,19.6107637246379,-63.55988771361879
112856,MeerKAT:array_1:20250702T203437Z,Gaia_6440636341794408448,52,960.0206205844879,0.07566037743412748,10.625671,2,1,19.677164170708956,-64.02066284484518
10175,MeerKAT:array_1:20250715T163334Z,Gaia_6761211700039304576,53,864.0022112131119,-0.04035220129820132,10.613337,1,1,18.91618922390948,-30.119089553277767
2174,MeerKAT:array_1:20250701T133303Z,Gaia_4669728309545548800,1,864.7355204075575,0.04035220129820132,10.613307,2,1,4.101071313012646,-65.70311296485484
112846,MeerKAT:array_1:20250702T203437Z,Gaia_6441464853868863488,50,960.0206253677607,0.05548427678502682,10.610879,1,1,19.652285124068747,-63.40371139134386
2182,MeerKAT:array_1:20250701T133303Z,Gaia_4669704158945427712,15,864.7355379462242,-0.07061635227185231,10.604409,1,2,4.089912795982981,-65.79060952179496
112730,MeerKAT:array_1:20250702T203437Z,Gaia_6441083495132551936,22,960.0206253677607,0.09583647808322814,10.591251,1,1,19.68909033649124,-63.45300620340342
112697,MeerKAT:array_1:20250702T203437Z,Gaia_6441063158463999232,14,960.1776044070721,0.0857484277586778,10.570798,2,1,19.69555251284233,-63.7303507389889
112721,MeerKAT:array_1:20250702T203437Z,Gaia_6440678432473937664,20,960.0206301510334,0.035308176135926156,10.570558,2,1,19.65589186127942,-63.99309971071861
112802,MeerKAT:array_1:20250702T203437Z,Gaia_6441084495861544320,40,960.0206205844879,0.07566037743412748,10.565583,2,1,19.67813426434014,-63.480968390494134
112687,MeerKAT:array_1:20250702T203437Z,Gaia_6440631084754464768,12,960.0206397175789,-0.07566037743412748,10.565159,1,1,19.6547503184951,-64.05285248331806
278693,MeerKAT:array_1:20240319T020710Z,Gaia_2543029352615742080,36,1696.7997955977917,0.08070440259640264,10.563534,3,1,0.7283424581571786,-0.028808596750400838
6741,MeerKAT:array_1:20250710T123913Z,Gaia_2894218039455660416,51,864.5479826331139,0.1462767297059798,10.555257,1,1,6.627336236790301,-30.616893480203895
112889,MeerKAT:array_1:20250702T203437Z,Gaia_6441451973263491712,59,960.1775948405266,0.09583647808322814,10.548315,1,1,19.62331094610222,-63.66446856992857
2177,MeerKAT:array_1:20250701T133303Z,Gaia_4669709587784079488,7,864.735529974103,-0.035308176135926156,10.540638,1,2,4.138289303494584,-65.93475154260774
91929,MeerKAT:array_1:20250719T103545Z,Gaia_4669734567314018688,22,924.2106444090605,0.09583647808322814,10.54059,1,1,4.141644467778401,-65.49983413739118
2186,MeerKAT:array_1:20250701T133303Z,ex_LEDA_88238,20,864.7355331629515,-0.04539622646047649,10.540078,1,2,4.1005861333333335,-65.595806
112704,MeerKAT:array_1:20250702T203437Z,Gaia_6440682761800997888,16,960.1776044070721,0.0857484277586778,10.538304,2,1,19.64571518238437,-63.913697432397264
8510,MeerKAT:array_1:20250712T092209Z,Gaia_4669060360527883264,54,864.5480559766293,0.03026415097365099,10.527692,2,1,4.195521277277195,-65.64384544600205
5983,MeerKAT:array_1:20250708T171220Z,ex_Gaia_DR3_6761182223681033472,23,863.9796772152185,-0.06052830194730198,10.522282,1,1,18.9061588,-30.330896000000003
13718,MeerKAT:array_1:20250730T235713Z,Gaia_4669703403031184768,18,864.0001831054688,-0.1160125787323288,10.517058,3,1,4.102001491747326,-65.82514083527903
112780,MeerKAT:array_1:20250702T203437Z,Gaia_6440690698900526336,35,960.1776283234358,-0.09583647808322814,10.511588,1,1,19.668867914637147,-63.794436637211
275676,MeerKAT:array_1:20240319T020710Z,Gaia_2531018562471794048,24,1525.1078605502844,0.02017610064910066,10.510636,2,1,0.7561026177139786,-0.08849462940881841
280300,MeerKAT:array_1:20250701T133303Z,Gaia_4669736903776210816,14,864.7355188131332,0.005044025162275165,10.503458,3,1,4.119876245899957,-65.47278588428932
112821,MeerKAT:array_1:20250702T203437Z,Gaia_6440688980913616256,44,960.0206285566092,0.07061635227185231,10.484156,1,1,19.661735302801535,-63.85416868387933
65431,MeerKAT:array_1:20250731T130553Z,Gaia_5422860587367902848,54,919.9975250214338,0.07061635227185231,10.470039,3,2,9.381175728284761,-45.44893740004331
11780,MeerKAT:array_1:20250720T063432Z,Gaia_5084013918546866688,29,864.0678568482399,-0.015132075486825495,10.46277,2,1,3.956988464863954,-24.246072924031566
8508,MeerKAT:array_1:20250712T092209Z,Gaia_4669681172280380800,53,864.5480639487505,-0.035308176135926156,10.461758,1,1,4.144022622433948,-66.11683398435129
11842,MeerKAT:array_1:20250720T063432Z,Gaia_5084043360545645824,63,864.0678616315126,-0.04539622646047649,10.45486,1,1,3.963922528423394,-24.08061068518113
6384,MeerKAT:array_1:20250709T163303Z,Gaia_6440682521282895360,28,865.9557795226574,0.15132075486825497,10.453931,1,1,19.650805172066974,-63.91901586440655
6385,MeerKAT:array_1:20250709T163303Z,Gaia_6441460352743041920,34,865.9557890892029,-0.07061635227185231,10.450657,1,1,19.650523949995286,-63.52076356013244
2175,MeerKAT:array_1:20250701T133303Z,Gaia_4669699520380750336,2,864.7355347573757,-0.035308176135926156,10.427397,1,2,4.114173732490904,-65.84320925199803
58309,MeerKAT:array_1:20250708T085539Z,Gaia_2978902008410698240,19,916.2137506008148,-0.19671698132873144,10.423455,4,1,4.676376675846005,-18.102467416081176
112662,MeerKAT:array_1:20250702T203437Z,Gaia_6440697635271979264,6,960.1776123791933,-0.035308176135926156,10.4190855,3,1,19.614640972592326,-63.85917615107838
8515,MeerKAT:array_1:20250712T092209Z,Gaia_4669699520380750336,57,864.5480591654778,0.03026415097365099,10.4106045,1,1,4.114173732490904,-65.84320925199803
99273,MeerKAT:array_1:20250731T130553Z,Gaia_5423608564512656768,47,923.9847607314587,0.09079245292095298,10.408086,3,1,9.348373086581809,-45.498746075912116
26054,MeerKAT:array_1:20250719T103545Z,Gaia_4669701410166340736,12,872.2134960889816,-0.08070440259640264,10.403871,3,1,4.096127496965686,-65.88542707813265
24164,MeerKAT:array_1:20250712T161927Z,Gaia_6441087553878309120,10,875.0008924752474,0.07061635227185231,10.395892,3,1,19.684118997526614,-63.39144418754636
278406,MeerKAT:array_1:20240319T020710Z,Gaia_2531000351810466816,50,1675.3849256783724,-0.04035220129820132,10.384007,3,1,0.765290525287308,-0.2753568168259827
112904,MeerKAT:array_1:20250702T203437Z,Gaia_6441451114270038528,63,960.1775948405266,0.07566037743412748,10.379403,4,1,19.617936179462735,-63.68454977519511
112641,MeerKAT:array_1:20250702T203437Z,Gaia_6441014711232887936,1,960.0206540673971,-0.10088050324550331,10.378668,1,1,19.702747058650274,-63.83637390141657
288200,MeerKAT:array_1:20250712T092209Z,Gaia_4669717009487668096,63,864.5480591654778,0.01008805032455033,10.375475,1,1,4.175787298060694,-65.68881306564361
26145,MeerKAT:array_1:20250719T103545Z,Gaia_4669717146926603904,38,872.2134960889816,-0.08070440259640264,10.373417,3,1,4.165769995642935,-65.72588032717957
2199,MeerKAT:array_1:20250701T133303Z,Gaia_4669811361329030144,53,864.7355204075575,0.04035220129820132,10.37114,2,1,4.183807364909409,-65.60308256027925
8461,MeerKAT:array_1:20250712T092209Z,Gaia_4669680759963518336,26,864.5480575710535,0.015132075486825495,10.359066,2,1,4.134231443128939,-66.09039661248308
112825,MeerKAT:array_1:20250702T203437Z,Gaia_6440709493677449344,45,960.0206413120031,-0.025220125811375827,10.357649,1,1,19.66023086568958,-63.53800364012371
16633,MeerKAT:array_1:20250701T085314Z,Gaia_4669731749815407360,23,874.3687861710787,0.02017610064910066,10.353319,4,1,4.133145876139077,-65.64701100062803
62384,MeerKAT:array_1:20250719T103545Z,Gaia_4669713573513776384,43,920.2097636163235,-0.05548427678502682,10.339821,4,1,4.135081671264423,-65.75194419313402
62241,MeerKAT:array_1:20250719T103545Z,Gaia_4668954360734828672,48,916.2088573127985,-0.08070440259640264,10.323909,4,1,4.156560034799208,-66.08225737511033
112826,MeerKAT:array_1:20250702T203437Z,Gaia_6440709493677449344,45,960.1775932461023,0.04035220129820132,10.279261,2,1,19.66023086568958,-63.53800364012371
288196,MeerKAT:array_1:20250712T092209Z,Gaia_4668965390210943616,49,864.5480623543262,-0.01008805032455033,10.269536,1,1,4.179309435646519,-65.79217371975943
112773,MeerKAT:array_1:20250702T203437Z,Gaia_6440685849881991040,33,960.1776139736176,-0.05548427678502682,10.245356,3,1,19.669962402311633,-63.8715602102032
300187,MeerKAT:array_1:20250708T150449Z,Gaia_5888228780785584256,11,875.0042359828949,0.005044025162275165,10.238629,3,1,15.199252950238952,-52.88046772567796
8525,MeerKAT:array_1:20250712T092209Z,ex_LEDA_312357,62,864.548067137599,-0.025220125811375827,10.231489,3,1,4.11525,-65.545556
24432,MeerKAT:array_1:20250713T100933Z,Gaia_3394258782255890816,23,872.0091849714518,-0.025220125811375827,10.227628,2,2,5.349595832170492,16.928414390512252
99259,MeerKAT:array_1:20250731T130553Z,Gaia_5422885188940887040,32,923.9847607314587,0.09079245292095298,10.216923,3,1,9.379694813245623,-45.38407576947281
62833,MeerKAT:array_1:20250720T061449Z,Gaia_4669722541405576576,41,919.793883562088,0.025220125811375827,10.204241,2,1,4.152992540511332,-65.5309333918561
60444,MeerKAT:array_1:20250712T092209Z,Gaia_4669711649368397184,59,919.9965014010668,0.18158490584190595,10.203521,4,1,4.143489364460024,-65.87008161048347
62370,MeerKAT:array_1:20250719T103545Z,Gaia_4668961816798136192,40,919.9936107099056,0.14123270454370462,10.192735,2,1,4.182928098671695,-65.95403997271916
112874,MeerKAT:array_1:20250702T203437Z,Gaia_6441067419071562240,56,960.1775948405266,0.07061635227185231,10.177582,4,1,19.6946560909132,-63.63325237595423
8535,MeerKAT:array_1:20250712T092209Z,Gaia_4669717146926603904,11,866.6569387465715,0.20680503165328176,10.165723,4,1,4.165769995642935,-65.72588032717957
26231,MeerKAT:array_1:20250719T103545Z,Gaia_4669829537630636544,63,872.2134897112846,-0.05548427678502682,10.16514,3,1,4.141682000641891,-65.40145979467135
8472,MeerKAT:array_1:20250712T092209Z,Gaia_4669686012707274624,32,864.548067137599,-0.025220125811375827,10.1607895,3,1,4.133221043602255,-65.9692417190359
53870,MeerKAT:array_1:20250701T085314Z,Gaia_4668956147440049536,13,915.1673315614462,0.015132075486825495,10.146635,3,1,4.177543180314421,-65.95661893655983
26297,MeerKAT:array_1:20250719T103545Z,Gaia_4668961816798136192,40,876.0192129760981,-0.1614088051928053,10.135654,2,1,4.182928098671695,-65.95403997271916
112788,MeerKAT:array_1:20250702T203437Z,Gaia_6440699013957288960,37,960.0206237733364,0.0857484277586778,10.12831,1,1,19.620698915114385,-63.79210100003952
26015,MeerKAT:array_1:20250719T103545Z,Gaia_4669832630007089024,2,872.2134960889816,-0.08070440259640264,10.124691,3,1,4.135668494193676,-65.39577576137432
18798,MeerKAT:array_1:20250704T112337Z,Gaia_4668954876130936576,11,872.2198753803968,-0.03026415097365099,10.124303,1,1,4.164752334217097,-66.00715185338355
112882,MeerKAT:array_1:20250702T203437Z,Gaia_6441459601125402880,58,960.0206269621849,0.05548427678502682,10.083517,3,1,19.63640335291089,-63.53149104197103
112751,MeerKAT:array_1:20250702T203437Z,Gaia_6441069167122610304,27,960.177617162466,0.015132075486825495,10.079546,1,1,19.69984291461124,-63.596090512689635
8487,MeerKAT:array_1:20250712T092209Z,Gaia_4669735250212219264,41,864.548067137599,-0.04035220129820132,10.07687,1,1,4.1324736222485985,-65.47852355237711
16654,MeerKAT:array_1:20250701T085314Z,Gaia_4669775421042834560,30,875.0111510008574,0.11096855357005364,10.072534,3,1,4.090726383417257,-65.68297231125712
6662,MeerKAT:array_1:20250710T123913Z,Gaia_2894223914970915968,7,864.5479778498411,0.18662893100418113,10.068299,2,1,6.627716394500446,-30.599391434196914
6386,MeerKAT:array_1:20250709T163303Z,Gaia_6441458776491674368,41,865.9557906836271,-0.1160125787323288,10.042836,1,1,19.648198304177285,-63.55880629426692
112853,MeerKAT:array_1:20250702T203437Z,Gaia_6440705954624377600,51,960.1776060014963,0.04539622646047649,10.037077,3,1,19.66918020926093,-63.56346159524397
112725,MeerKAT:array_1:20250702T203437Z,Gaia_6441462590422644864,21,960.0206397175789,-0.02017610064910066,10.033245,4,1,19.63286756576221,-63.50886223097603
318305,MeerKAT:array_1:20250708T105617Z,Gaia_3394259435090912000,5,919.9847760051489,0.005044025162275165,10.009249,1,1,5.352954392785537,16.989403832725188
112871,MeerKAT:array_1:20250702T203437Z,Gaia_6441455782899016448,55,960.1775948405266,0.07061635227185231,10.007351,4,1,19.6107637246379,-63.55988771361879
278782,MeerKAT:array_1:20240319T020710Z,Gaia_2531000901566280448,61,1697.2202452719212,-0.1160125787323288,10.00648,2,1,0.768897013277575,-0.24229261158372167
