row,obsid,sourceName,beam,frequency,driftRate,snr,n_beams,n_beams_formed,beam_frac,n_obs_at_freq,n_obs_at_freq_drift,ra,dec
24573,MeerKAT:array_1:20250711T085603Z,ex_PGC0130374,38,870.2323522120714,-0.27677054196871154,23995.922,2,64,0.03125,1,1,4.6819722,-43.766111
24953,MeerKAT:array_1:20250711T085603Z,Gaia_4814652982993590784,55,870.2323569953442,-0.33827510685064743,18318.127,4,64,0.0625,1,1,4.6860639984509636,-43.79986824753711
23882,MeerKAT:array_1:20250711T085603Z,Gaia_4814702564095981056,5,870.2323569953442,-0.33827510685064743,14175.862,4,64,0.0625,1,1,4.6827703487443,-43.623679704088346
23808,MeerKAT:array_1:20250711T085603Z,Gaia_4814724245090845952,2,870.2323554009199,-0.31777358522333543,12673.435,1,64,0.015625,1,1,4.656040254433232,-43.35870343738148
24790,MeerKAT:array_1:20250711T085603Z,Gaia_4814711458972055680,47,870.2323522120714,-0.27677054196871154,11993.212,2,64,0.03125,1,1,4.691098498530638,-43.431628057840925
24484,MeerKAT:array_1:20250711T085603Z,ex_LEDA_545342,34,870.2323538064957,-0.2972720635960235,9960.706,1,64,0.015625,1,1,4.676444466666666,-43.728333
24765,MeerKAT:array_1:20250711T085603Z,Gaia_4790633601729009536,46,870.2323585897684,-0.3587766284779594,7478.353,1,64,0.015625,1,1,4.684110082617994,-43.84498903786491
23858,MeerKAT:array_1:20250711T085603Z,Gaia_4814722595823458688,4,870.2323569953442,-0.33827510685064743,7315.74,4,64,0.0625,1,1,4.6548437252129355,-43.39991835413826
24014,MeerKAT:array_1:20250711T085603Z,ex_CRTS_J044000.9-433336,11,870.2323569953442,-0.33827510685064743,7155.702,4,64,0.0625,1,1,4.666950399999999,-43.560016
26513,MeerKAT:array_1:20250711T092345Z,Gaia_4814652158359882752,36,870.2315039783716,-0.1845136946458077,3044.502,3,64,0.046875,1,1,4.694333093243185,-43.813957795250346
26762,MeerKAT:array_1:20250711T092345Z,Gaia_4814709745281296640,56,870.2315039783716,-0.1845136946458077,2552.1926,3,64,0.046875,1,1,4.682898546741639,-43.54561761412111
26175,MeerKAT:array_1:20250711T092345Z,Gaia_4790698709137405184,6,870.2315087616444,-0.2870213027823675,1929.4265,1,64,0.015625,1,1,4.655136963691296,-43.619094036869114
26554,MeerKAT:array_1:20250711T092345Z,Gaia_4790698610353975936,39,870.2314944118261,-0.09225684732290385,1813.4213,3,64,0.046875,1,1,4.65664484816173,-43.645994303366535
26213,MeerKAT:array_1:20250711T092345Z,Gaia_4790681945880898176,9,870.2314944118261,-0.09225684732290385,1769.4722,3,64,0.046875,1,1,4.673495953347414,-43.74114585530124
26156,MeerKAT:array_1:20250711T092345Z,Gaia_4790682873593840768,4,870.2315039783716,-0.1845136946458077,1663.4109,3,64,0.046875,1,1,4.66859444816198,-43.80858839010155
31685,MeerKAT:array_1:20250713T111016Z,Gaia_5096087136038857472,50,874.9910644441843,-0.1230091297638718,1437.4226,4,64,0.0625,1,1,4.158298953784137,-18.027572931997582
26713,MeerKAT:array_1:20250711T092345Z,Gaia_4814731288837203840,51,870.2314944118261,-0.09225684732290385,1378.0385,3,64,0.046875,1,1,4.659909378673284,-43.21085384208377
31649,MeerKAT:array_1:20250713T111016Z,Gaia_5096076523175408512,41,874.9910644441843,-0.1230091297638718,1314.7019,4,64,0.0625,1,1,4.174788139093451,-17.978428111477804
24420,MeerKAT:array_1:20250711T085603Z,ex_PGC0549578,31,870.1955656558275,-0.3587766284779594,811.5011,4,64,0.0625,1,1,4.6739999999999995,-43.373333
24974,MeerKAT:array_1:20250711T085603Z,Gaia_4814709745281296384,56,870.1955656558275,-0.3587766284779594,673.57056,4,64,0.0625,1,1,4.683283377197702,-43.54550178108382
23990,MeerKAT:array_1:20250711T085603Z,ex_GALEX_J044047.1-432429,10,870.1955656558275,-0.3587766284779594,658.5069,4,64,0.0625,1,1,4.679750333333334,-43.408327
24717,MeerKAT:array_1:20250711T085603Z,ex_2MFGC_3840,44,870.1955640614033,-0.3587766284779594,592.5041,4,64,0.0625,1,1,4.686498066666667,-43.42469799999999
31898,MeerKAT:array_1:20250713T113750Z,Gaia_5096257461558006144,10,874.9902831763029,-0.03075228244096795,560.53986,2,64,0.03125,1,1,4.141783766439086,-17.902314547975237
24575,MeerKAT:array_1:20250711T085603Z,ex_PGC0130374,38,870.265120819211,-0.26651978115505554,503.51453,2,64,0.03125,1,1,4.6819722,-43.766111
31891,MeerKAT:array_1:20250713T113750Z,Gaia_5096257014881405312,8,874.9902831763029,-0.03075228244096795,493.89886,2,64,0.03125,1,1,4.144187399707862,-17.899201191564124
24579,MeerKAT:array_1:20250711T085603Z,ex_PGC0130374,38,870.305936485529,-0.2460182595277436,482.78827,1,64,0.015625,1,1,4.6819722,-43.766111
24787,MeerKAT:array_1:20250711T085603Z,Gaia_4814711458972055680,47,870.1587711274624,-0.3587766284779594,416.11334,3,64,0.046875,1,1,4.691098498530638,-43.431628057840925
18720,MeerKAT:array_1:20250708T094824Z,Gaia_2973829828129917696,54,870.2684882432222,-0.3075228244096795,388.88132,2,64,0.03125,1,1,4.775259611085118,-22.033261483144322
24789,MeerKAT:array_1:20250711T085603Z,Gaia_4814711458972055680,47,870.1995804160833,-0.25626902034139953,375.9365,1,64,0.015625,1,1,4.691098498530638,-43.431628057840925
23955,MeerKAT:array_1:20250711T085603Z,ex_QSO_J0441-4313,8,870.2651192247868,-0.2460182595277436,366.43967,3,64,0.046875,1,1,4.6881496,-43.229302
26418,MeerKAT:array_1:20250711T092345Z,Gaia_4814724382529799808,27,870.2682889401913,-0.08200608650924786,361.68307,1,64,0.015625,1,1,4.65286861163457,-43.34829068784147
24042,MeerKAT:array_1:20250711T085603Z,ex_LEDA_549839,13,870.1587711274624,-0.3587766284779594,360.98483,3,64,0.046875,1,1,4.651305533333334,-43.351111
12169,MeerKAT:array_1:20250701T080259Z,Gaia_2536494783212986624,20,874.9966704398394,-0.16401217301849572,358.7259,2,64,0.03125,1,1,0.9747355367531642,0.20584854868681246
12200,MeerKAT:array_1:20250701T080259Z,Gaia_2536411941883805696,28,874.9966704398394,-0.16401217301849572,357.17947,2,64,0.03125,1,1,1.0004180335153812,-0.13381150732576272
18711,MeerKAT:array_1:20250708T094824Z,Gaia_2973830515324686976,24,870.2684882432222,-0.3485258676643034,338.3808,2,64,0.03125,1,1,4.772673567805199,-22.037277351998767
26414,MeerKAT:array_1:20250711T092345Z,Gaia_4814724382529799808,27,870.1947014778852,-0.08200608650924786,326.48813,3,64,0.046875,1,1,4.65286861163457,-43.34829068784147
24716,MeerKAT:array_1:20250711T085603Z,ex_2MFGC_3840,44,870.1587711274624,-0.3587766284779594,324.6219,3,64,0.046875,1,1,4.686498066666667,-43.42469799999999
24668,MeerKAT:array_1:20250711T085603Z,ex_6dFGS_gJ044108.0-431332,42,870.2651256024837,-0.33827510685064743,303.23807,2,64,0.03125,1,1,4.6855278,-43.225556000000005
18703,MeerKAT:array_1:20250708T094824Z,ex_LEDA_823286,14,870.2684882432222,-0.31777358522333543,291.83444,2,64,0.03125,1,1,4.794277800000001,-21.819444
23809,MeerKAT:array_1:20250711T085603Z,Gaia_4814724245090845952,2,870.2651224136353,-0.2870213027823675,268.27798,4,64,0.0625,1,1,4.656040254433232,-43.35870343738148
24791,MeerKAT:array_1:20250711T085603Z,Gaia_4814711458972055680,47,870.2651192247868,-0.2460182595277436,264.38412,3,64,0.046875,1,1,4.691098498530638,-43.431628057840925
18691,MeerKAT:array_1:20250708T094824Z,Gaia_2973935724843363072,2,870.2684882432222,-0.33827510685064743,242.93547,2,64,0.03125,1,1,4.800564911377169,-21.70371694179783
24720,MeerKAT:array_1:20250711T085603Z,ex_2MFGC_3840,44,870.265120819211,-0.26651978115505554,218.93536,2,64,0.03125,1,1,4.686498066666667,-43.42469799999999
24485,MeerKAT:array_1:20250711T085603Z,ex_LEDA_545342,34,870.2651192247868,-0.2460182595277436,207.62367,3,64,0.046875,1,1,4.676444466666666,-43.728333
18710,MeerKAT:array_1:20250708T094824Z,Gaia_2973830515324686976,24,870.1989251077175,-0.33827510685064743,207.46957,2,64,0.03125,1,1,4.772673567805199,-22.037277351998767
32239,MeerKAT:array_1:20250713T120523Z,Gaia_5096043812704503296,40,874.9907312095165,-0.1127583689502158,190.77339,3,64,0.046875,1,1,4.161690528194268,-18.286518169246502
24742,MeerKAT:array_1:20250711T085603Z,ex_LEDA_550620,45,870.2651224136353,-0.2870213027823675,185.25262,4,64,0.0625,1,1,4.6892222000000015,-43.287778
26164,MeerKAT:array_1:20250711T092345Z,Gaia_4814729429115402880,5,870.194699883461,-0.04100304325462393,185.20128,1,64,0.015625,1,1,4.671846170189647,-43.18346399276299
10392,MeerKAT:array_1:20250731T051744Z,ex_[VV2006]_J002336.0+001228,14,868.1869083940983,0.3075228244096795,183.32047,1,64,0.015625,1,1,0.3933198666666667,0.207775
26596,MeerKAT:array_1:20250711T092345Z,Gaia_4790681945880897920,42,870.2682857513428,-0.04100304325462393,179.55344,1,64,0.015625,1,1,4.67314631458982,-43.734208193265964
26432,MeerKAT:array_1:20250711T092345Z,Gaia_4790680846369268736,28,870.2682714015245,0.1230091297638718,175.76299,2,64,0.03125,1,1,4.67789310322079,-43.794137797103
24148,MeerKAT:array_1:20250711T085603Z,ex_LEDA_549179,18,870.2651256024837,-0.33827510685064743,170.07353,2,64,0.03125,1,1,4.657972200000001,-43.404167
26211,MeerKAT:array_1:20250711T092345Z,Gaia_4790681945880898176,9,870.1947014778852,-0.09225684732290385,166.87894,3,64,0.046875,1,1,4.673495953347414,-43.74114585530124
26428,MeerKAT:array_1:20250711T092345Z,Gaia_4790680846369268736,28,870.1946791559458,0.20501521627311964,156.58975,1,64,0.015625,1,1,4.67789310322079,-43.794137797103
10396,MeerKAT:array_1:20250731T051744Z,Gaia_2546799818506262144,62,868.1869594156742,-0.05125380406827991,155.00874,1,64,0.015625,1,1,0.38341681843698555,0.31478395011417104
10393,MeerKAT:array_1:20250731T051744Z,ex_[VV2006]_J002342.4+002041,16,868.1869657933712,0.03075228244096795,152.40086,1,64,0.015625,1,1,0.3951038666666667,0.344941
18724,MeerKAT:array_1:20250708T094824Z,Gaia_2973728088944479104,62,870.1989251077175,-0.31777358522333543,151.8446,2,64,0.03125,1,1,4.810215306177019,-21.96747213462873
12821,MeerKAT:array_1:20250701T141247Z,Gaia_3607208273017261824,59,879.9947966337204,-0.13325989057752777,150.21231,4,64,0.0625,1,1,13.641651778683753,-13.168077429886225
18715,MeerKAT:array_1:20250708T094824Z,Gaia_2973621333237785088,42,870.1989251077175,-0.31777358522333543,147.63582,2,64,0.03125,1,1,4.788129872674757,-22.335578348439178
12803,MeerKAT:array_1:20250701T141247Z,ex_2MASX_J13381185-1257006,41,879.9947966337204,-0.13325989057752777,146.3049,4,64,0.0625,1,1,13.636637400000001,-12.95021
12825,MeerKAT:array_1:20250701T141247Z,Gaia_3610209183846115712,63,879.9947966337204,-0.13325989057752777,144.23007,4,64,0.0625,1,1,13.61300373223758,-12.985653507909127
12768,MeerKAT:array_1:20250701T141247Z,ex_2MASX_J13380283-1242156,6,879.9947966337204,-0.13325989057752777,139.58498,4,64,0.0625,1,1,13.634129333333334,-12.704487
10390,MeerKAT:array_1:20250731T051744Z,ex_SN_2006pe,3,868.1749565899372,-0.0615045648819359,135.38292,1,64,0.015625,1,1,0.38586113333333333,-0.053333000000000005
19129,MeerKAT:array_1:20250708T094824Z,Gaia_2973934384813570304,55,874.993385925889,-0.26651978115505554,133.95923,1,64,0.015625,1,1,4.792219421597514,-21.769599028292912
27247,MeerKAT:array_1:20250711T092345Z,Gaia_4790682186399080192,33,879.9963830858469,-0.1230091297638718,130.58754,1,64,0.015625,1,1,4.665865583883406,-43.88078639468942
26715,MeerKAT:array_1:20250711T092345Z,Gaia_4814731288837203840,51,870.2682729959488,0.13325989057752777,130.4789,2,64,0.03125,1,1,4.659909378673284,-43.21085384208377
26248,MeerKAT:array_1:20250711T092345Z,Gaia_4790682564356198912,12,870.1947094500065,-0.1127583689502158,127.02318,1,64,0.015625,1,1,4.665969599152861,-43.819929225432276
18362,MeerKAT:array_1:20250708T092055Z,Gaia_2973715994316696192,24,874.9936808943748,-0.1742629338321517,125.34934,4,64,0.0625,1,1,4.813392435783577,-22.164321337562797
27304,MeerKAT:array_1:20250711T092345Z,Gaia_4814731288837203840,51,879.996351197362,0.21526597708677564,124.73545,1,64,0.015625,1,1,4.659909378673284,-43.21085384208377
26354,MeerKAT:array_1:20250711T092345Z,Gaia_4814731318900986496,21,870.1947014778852,-0.09225684732290385,122.85909,3,64,0.046875,1,1,4.661570206051022,-43.22155792951911
32182,MeerKAT:array_1:20250713T120523Z,Gaia_5096249318300023680,23,874.9907312095165,-0.1127583689502158,122.56776,3,64,0.046875,1,1,4.129233917703552,-18.021105313969432
10389,MeerKAT:array_1:20250731T051744Z,ex_SN_2006ng,2,868.1809388697147,0.09225684732290385,119.34286,1,64,0.015625,1,1,0.3686861333333334,-0.095639
18976,MeerKAT:array_1:20250708T094824Z,ex_LEDA_823754,15,874.9933875203133,-0.3485258676643034,119.311966,2,64,0.03125,1,1,4.794944466666666,-21.783056
32209,MeerKAT:array_1:20250713T120523Z,Gaia_5096076523175408896,31,874.9907312095165,-0.1127583689502158,117.35597,3,64,0.046875,1,1,4.174653488081671,-17.980784066816216
28357,MeerKAT:array_1:20250711T110722Z,Gaia_4790696376970983040,37,879.9943422228098,-0.1127583689502158,115.90385,1,64,0.015625,1,1,4.656681758129356,-43.672004368277804
18270,MeerKAT:array_1:20250708T092055Z,Gaia_2973721938551510144,4,874.9936808943748,-0.1742629338321517,113.61469,4,64,0.0625,1,1,4.815147321103096,-22.13678094443982
18702,MeerKAT:array_1:20250708T094824Z,ex_LEDA_823286,14,870.1989251077175,-0.33827510685064743,110.889824,2,64,0.03125,1,1,4.794277800000001,-21.819444
26742,MeerKAT:array_1:20250711T092345Z,Gaia_4790690638894684928,54,870.1579085439444,-0.08200608650924786,110.59672,1,64,0.015625,1,1,4.649788191820483,-43.764938093548054
27329,MeerKAT:array_1:20250711T092345Z,Gaia_4790680983808220032,58,879.9963783025742,-0.07175532569559187,109.946266,1,64,0.015625,1,1,4.678133245953735,-43.76687575981199
18537,MeerKAT:array_1:20250708T092055Z,Gaia_2973745543691571584,61,874.9936792999506,-0.15376141220483974,106.1831,1,64,0.015625,1,1,4.796210527149063,-21.825149983034777
28662,MeerKAT:array_1:20250711T113506Z,Gaia_4814722595823458688,13,879.9942035079002,0.03075228244096795,103.51251,4,64,0.0625,1,1,4.6548437252129355,-43.39991835413826
27295,MeerKAT:array_1:20250711T092345Z,Gaia_4790684110544388224,47,879.9963767081499,-0.05125380406827991,103.22738,1,64,0.015625,1,1,4.660266355357058,-43.75011080744066
18716,MeerKAT:array_1:20250708T094824Z,Gaia_2973618240861321856,44,870.1581078469753,-0.2870213027823675,102.1613,1,64,0.015625,1,1,4.799632306707735,-22.40062398624557
19110,MeerKAT:array_1:20250708T094824Z,Gaia_2973635455090172672,50,874.9933875203133,-0.3485258676643034,99.490616,2,64,0.03125,1,1,4.782603189841713,-22.226629730019113
26711,MeerKAT:array_1:20250711T092345Z,Gaia_4814731288837203840,51,870.1946839392185,0.15376141220483974,97.66617,1,64,0.015625,1,1,4.659909378673284,-43.21085384208377
28685,MeerKAT:array_1:20250711T113506Z,ex_LEDA_546619,39,879.9942035079002,0.03075228244096795,97.31322,4,64,0.0625,1,1,4.672555533333333,-43.62
18344,MeerKAT:array_1:20250708T092055Z,Gaia_2973930055486504320,20,874.9936856776476,-0.2460182595277436,94.40627,2,64,0.03125,1,1,4.77660269713667,-21.827049492692698
18496,MeerKAT:array_1:20250708T092055Z,Gaia_2973621711194831360,53,874.9936840832233,-0.25626902034139953,93.911804,2,64,0.03125,1,1,4.784947753227324,-22.346382502816084
19350,MeerKAT:array_1:20250708T094824Z,Gaia_2973934384813570304,55,879.998288422823,-0.2460182595277436,90.72835,2,64,0.03125,1,1,4.792219421597514,-21.769599028292912
19365,MeerKAT:array_1:20250708T094824Z,Gaia_2973933628899325440,61,879.998288422823,-0.2460182595277436,87.72115,2,64,0.03125,1,1,4.796109966415812,-21.779223217082194
19289,MeerKAT:array_1:20250708T094824Z,Gaia_2973628819363169280,26,879.9982916116714,-0.3075228244096795,85.35132,2,64,0.03125,1,1,4.77761547273075,-22.30044276415549
19346,MeerKAT:array_1:20250708T094824Z,Gaia_2973742279516419584,53,879.9982916116714,-0.3075228244096795,84.704544,2,64,0.03125,1,1,4.812195740282655,-21.856383578277608
18377,MeerKAT:array_1:20250708T092055Z,Gaia_2973935411308690432,27,874.9936808943748,-0.1742629338321517,79.89115,4,64,0.0625,1,1,4.801575298866778,-21.73367271676796
18449,MeerKAT:array_1:20250708T092055Z,Gaia_2973934075575926272,43,874.9936808943748,-0.1742629338321517,78.58204,4,64,0.0625,1,1,4.789625805101506,-21.78254225303723
26284,MeerKAT:array_1:20250711T092345Z,Gaia_4814702250562055168,15,870.264277368784,-0.3075228244096795,77.11371,2,64,0.03125,1,1,4.68526409921731,-43.6548419712241
28397,MeerKAT:array_1:20250711T110722Z,Gaia_4814724279450583808,57,879.994337439537,-0.05125380406827991,76.27103,1,64,0.015625,1,1,4.656257463719457,-43.33291549548967
18431,MeerKAT:array_1:20250708T092055Z,Gaia_2973747055520055296,39,874.9934449195862,-0.2972720635960235,76.23575,2,64,0.03125,1,1,4.802963859945403,-21.779789174498607
23815,MeerKAT:array_1:20250711T085603Z,Gaia_4814724245090845952,2,870.3427389860153,-0.3587766284779594,75.88888,3,64,0.046875,1,1,4.656040254433232,-43.35870343738148
26210,MeerKAT:array_1:20250711T092345Z,Gaia_4790681945880898176,9,870.1579053550959,-0.04100304325462393,75.611496,1,64,0.015625,1,1,4.673495953347414,-43.74114585530124
24798,MeerKAT:array_1:20250711T085603Z,Gaia_4814711458972055680,47,870.3427389860153,-0.3587766284779594,73.62732,3,64,0.046875,1,1,4.691098498530638,-43.431628057840925
6987,MeerKAT:array_1:20250719T011200Z,ex_LEDA_650598,31,863.9566808342934,0.05125380406827991,72.2868,2,64,0.03125,1,1,23.71958333333333,-35.304167
15920,MeerKAT:array_1:20250706T081304Z,Gaia_4802495236248942592,34,874.9937239438295,-0.15376141220483974,71.79291,2,64,0.03125,2,1,5.646425998267852,-43.919541673529686
26744,MeerKAT:array_1:20250711T092345Z,Gaia_4790690638894684928,54,870.264277368784,-0.3075228244096795,69.77903,2,64,0.03125,1,1,4.649788191820483,-43.764938093548054
10391,MeerKAT:array_1:20250731T051744Z,ex_2XMMi_J002209.9+001629,8,868.1809835135937,-0.32802434603699143,68.55558,1,64,0.015625,1,1,0.36943233333333336,0.274811
15910,MeerKAT:array_1:20250706T081304Z,Gaia_4802493032929154304,29,874.9937239438295,-0.15376141220483974,68.05468,2,64,0.03125,2,1,5.64544883360371,-44.00818901652546
24726,MeerKAT:array_1:20250711T085603Z,ex_2MFGC_3840,44,870.3427389860153,-0.3587766284779594,66.10528,3,64,0.046875,1,1,4.686498066666667,-43.42469799999999
18301,MeerKAT:array_1:20250708T092055Z,Gaia_2973729703852178304,11,874.9934449195862,-0.2972720635960235,65.83694,2,64,0.03125,1,1,4.814806600829936,-21.922154987856338
24580,MeerKAT:array_1:20250711T085603Z,ex_PGC0130374,38,870.3306596279144,-0.25626902034139953,65.57505,1,64,0.015625,1,1,4.6819722,-43.766111
24784,MeerKAT:array_1:20250711T085603Z,Gaia_4814711458972055680,47,870.121968626976,-0.2460182595277436,64.332436,1,64,0.015625,1,1,4.691098498530638,-43.431628057840925
24041,MeerKAT:array_1:20250711T085603Z,ex_LEDA_549839,13,870.1340463906527,-0.31777358522333543,63.49057,2,64,0.03125,1,1,4.651305533333334,-43.351111
20517,MeerKAT:array_1:20250708T112920Z,Gaia_2973828144502741632,38,879.9965106397867,-0.07175532569559187,63.24109,3,64,0.046875,1,1,4.77209128627901,-22.08013691896438
32876,MeerKAT:array_1:20250719T110629Z,Gaia_2993005036042933248,23,879.9936757534742,-0.0615045648819359,62.58818,2,64,0.03125,1,1,6.13642017182806,-15.748240683724092
22993,MeerKAT:array_1:20250711T080009Z,Gaia_4814716445430273280,63,879.9967370480299,0.04100304325462393,61.865295,1,64,0.015625,1,1,4.674814143085867,-43.31868413740583
11995,MeerKAT:array_1:20250701T073022Z,ex_[VV2006]_J005828.9+001347,2,879.9955444186926,0.3075228244096795,61.51927,1,64,0.015625,1,1,0.9747038666666669,0.22966700000000004
11996,MeerKAT:array_1:20250701T073022Z,ex_[VV2006]_J005829.4+001318,3,879.9955428242683,0.3587766284779594,61.135468,4,64,0.0625,1,1,0.9748445333333334,0.221643
26851,MeerKAT:array_1:20250711T092345Z,Gaia_4814710741713703680,63,870.3050802797079,-0.04100304325462393,60.75126,1,64,0.015625,1,1,4.683185559323631,-43.437686598826154
32890,MeerKAT:array_1:20250719T110629Z,Gaia_2992956657530978176,36,879.99367415905,-0.04100304325462393,60.224052,2,64,0.03125,1,1,6.142490920556772,-15.819079294458763
33319,MeerKAT:array_1:20250719T113106Z,Gaia_2993035684929141632,16,879.9934700727463,0.13325989057752777,59.603737,3,64,0.046875,1,1,6.140955631794845,-15.530234283167566
13012,MeerKAT:array_1:20250701T144521Z,Gaia_3610241413280937088,2,879.9947344511747,-0.03075228244096795,59.505775,3,64,0.046875,1,1,13.61346605616482,-12.69326252191249
33337,MeerKAT:array_1:20250719T113106Z,Gaia_2992964182313997696,35,879.993481233716,-0.15376141220483974,59.18911,3,64,0.046875,1,1,6.154921616310768,-15.887066284194995
33326,MeerKAT:array_1:20250719T113106Z,Gaia_2992958925274027264,23,879.9934700727463,0.1230091297638718,58.887848,3,64,0.046875,1,1,6.162764788510453,-15.98703283170356
24786,MeerKAT:array_1:20250711T085603Z,Gaia_4814711458972055680,47,870.1340432018042,-0.27677054196871154,58.32726,1,64,0.015625,1,1,4.691098498530638,-43.431628057840925
32867,MeerKAT:array_1:20250719T110629Z,Gaia_2992956966768619648,15,879.99367415905,-0.04100304325462393,56.902252,2,64,0.03125,1,1,6.143948048642422,-15.824855658868886
13049,MeerKAT:array_1:20250701T144521Z,Gaia_3610241898612892544,40,879.9947328567505,-0.03075228244096795,56.894855,3,64,0.046875,1,1,13.616928754834188,-12.663532738091485
20535,MeerKAT:array_1:20250708T112920Z,Gaia_2973618790617128576,49,879.9965106397867,-0.0615045648819359,56.813286,4,64,0.0625,1,1,4.802796218378713,-22.362412916761727
24569,MeerKAT:array_1:20250711T085603Z,ex_PGC0130374,38,870.1627938598394,-0.33827510685064743,56.799995,1,64,0.015625,1,1,4.6819722,-43.766111
32856,MeerKAT:array_1:20250719T110629Z,Gaia_2993029431457150720,5,879.9936757534742,-0.0615045648819359,56.2769,2,64,0.03125,1,1,6.141402565398346,-15.66467051319771
26176,MeerKAT:array_1:20250711T092345Z,Gaia_4790698709137405184,6,870.264277368784,-0.26651978115505554,54.00192,1,64,0.015625,1,1,4.655136963691296,-43.619094036869114
33317,MeerKAT:array_1:20250719T113106Z,Gaia_2992958890914291072,14,879.9934700727463,0.1230091297638718,53.92979,3,64,0.046875,1,1,6.162990927746809,-15.997917079272828
20838,MeerKAT:array_1:20250708T115647Z,Gaia_2973834123097075840,49,879.9964261353016,-0.3587766284779594,53.823017,1,64,0.015625,1,1,4.769547820737368,-21.97856016315759
20504,MeerKAT:array_1:20250708T112920Z,Gaia_2973618962415819648,28,879.9965106397867,-0.0615045648819359,53.11686,4,64,0.0625,1,1,4.802060981994817,-22.347811276554786
12002,MeerKAT:array_1:20250701T073022Z,ex_LEDA_1149755,31,879.9955444186926,0.32802434603699143,53.098682,1,64,0.015625,1,1,0.9779216666666668,-0.185912
28665,MeerKAT:array_1:20250711T113506Z,ex_QSO_B0438-43,16,879.9942035079002,0.03075228244096795,52.60027,4,64,0.0625,1,1,4.6714388666666675,-43.55239
28649,MeerKAT:array_1:20250711T113506Z,J0440-4333,0,879.9942035079002,0.03075228244096795,52.599384,4,64,0.0625,1,1,4.67143888888889,-43.552388888888885
6873,MeerKAT:array_1:20250719T011200Z,J2341-3506,0,863.9566808342934,0.05125380406827991,52.31775,2,64,0.03125,1,1,23.696080555555557,-35.10613888888889
26151,MeerKAT:array_1:20250711T092345Z,Gaia_4790678441187588096,3,870.3050962239504,-0.2870213027823675,50.773922,2,64,0.03125,1,1,4.679455416339968,-43.90131529189402
33329,MeerKAT:array_1:20250719T113106Z,Gaia_2992981980658128384,26,879.993481233716,-0.15376141220483974,50.67188,3,64,0.046875,1,1,6.141803894372223,-15.723152594339314
29085,MeerKAT:array_1:20250711T232653Z,Gaia_4216769621019652224,11,874.9934497028589,0.08200608650924786,50.50164,2,64,0.03125,1,1,20.204026571210694,-6.775619859488999
33322,MeerKAT:array_1:20250719T113106Z,Gaia_2993087774292762368,19,879.9934892058372,-0.25626902034139953,49.783054,2,64,0.03125,1,1,6.167188735965166,-15.371144783273152
29040,MeerKAT:array_1:20250711T120252Z,Gaia_4791452359934653952,61,879.994002610445,0.3075228244096795,49.663612,1,64,0.015625,1,1,4.6404822497358875,-43.5300470198016
26300,MeerKAT:array_1:20250711T092345Z,Gaia_4790678441187588352,16,870.3050962239504,-0.2870213027823675,49.43437,2,64,0.03125,1,1,4.679077810663393,-43.90247901186525
33346,MeerKAT:array_1:20250719T113106Z,Gaia_2992961880211481088,44,879.9934860169888,-0.20501521627311964,49.39707,3,64,0.046875,1,1,6.172616583951237,-15.833807602470436
29125,MeerKAT:array_1:20250711T232653Z,Gaia_4216973030670027776,26,874.9934497028589,0.08200608650924786,48.923424,2,64,0.03125,1,1,20.178227354089422,-6.594842455977103
83347,MeerKAT:array_1:20250706T124159Z,Gaia_4802458265170517760,36,924.9916141331196,-0.05125380406827991,48.214745,1,64,0.015625,1,1,5.648234774075796,-44.436107440082395
33310,MeerKAT:array_1:20250719T113106Z,Gaia_2993083788563508224,7,879.9934971779585,-0.3587766284779594,48.205257,1,64,0.015625,1,1,6.1745917496633185,-15.434719787432005
26214,MeerKAT:array_1:20250711T092345Z,Gaia_4790681945880898176,9,870.26426461339,-0.09225684732290385,47.99222,1,64,0.015625,1,1,4.673495953347414,-43.74114585530124
20549,MeerKAT:array_1:20250708T112920Z,Gaia_2973639750057471488,59,879.9965074509382,-0.13325989057752777,45.65467,1,64,0.015625,1,1,4.775580273017036,-22.162228264234397
33332,MeerKAT:array_1:20250719T113106Z,Gaia_2993041113767706368,29,879.9934892058372,-0.25626902034139953,45.561455,2,64,0.03125,1,1,6.156183633277129,-15.424950880260376
26253,MeerKAT:array_1:20250711T092345Z,Gaia_4790682564356198912,12,870.3050898462534,-0.1127583689502158,44.363663,1,64,0.015625,1,1,4.665969599152861,-43.819929225432276
83309,MeerKAT:array_1:20250706T124159Z,Gaia_4802417651959747072,23,924.996579170227,-0.08200608650924786,44.175453,4,64,0.0625,1,1,5.656647526576226,-44.37099951578924
26433,MeerKAT:array_1:20250711T092345Z,Gaia_4790680846369268736,28,870.3050627410412,0.1742629338321517,43.60714,1,64,0.015625,1,1,4.67789310322079,-43.794137797103
107698,MeerKAT:array_1:20250711T113506Z,ex_LEDA_550602,34,924.9954391568899,-0.16401217301849572,43.151722,2,64,0.03125,1,1,4.667118333333334,-43.288916
22975,MeerKAT:array_1:20250711T080009Z,Gaia_4814716445430273280,63,875.0439546853304,0.13325989057752777,42.95605,4,64,0.0625,1,1,4.674814143085867,-43.31868413740583
33304,MeerKAT:array_1:20250719T113106Z,Gaia_2992779498719232896,1,879.993481233716,-0.16401217301849572,42.946133,3,64,0.046875,1,1,6.178257642054381,-15.876425894749554
83246,MeerKAT:array_1:20250706T124159Z,Gaia_4802441875575254912,2,924.996579170227,-0.08200608650924786,42.62611,4,64,0.0625,1,1,5.668972906681243,-44.1757915425248
83321,MeerKAT:array_1:20250706T124159Z,Gaia_4802484550370354048,27,924.996579170227,-0.08200608650924786,42.53941,4,64,0.0625,1,1,5.628037454473742,-44.06418998007165
21698,MeerKAT:array_1:20250708T131910Z,Gaia_2973828144502741632,30,874.9923718720675,-0.16401217301849572,42.43409,4,64,0.0625,1,1,4.77209128627901,-22.08013691896438
13035,MeerKAT:array_1:20250701T144521Z,Gaia_3607184466013730048,26,879.9947376400232,-0.07175532569559187,42.374256,1,64,0.015625,1,1,13.633727724459002,-13.24270122992783
25718,MeerKAT:array_1:20250711T085603Z,ex_LEDA_545279,21,879.9774795919657,-0.3587766284779594,41.89541,3,64,0.046875,1,1,4.6632777999999995,-43.73416699999999
107737,MeerKAT:array_1:20250711T113506Z,ex_PGC0130374,47,924.9954391568899,-0.16401217301849572,41.685284,2,64,0.03125,1,1,4.6819722,-43.766111
83297,MeerKAT:array_1:20250706T124159Z,Gaia_4802497057315091712,19,924.996579170227,-0.08200608650924786,41.1851,4,64,0.0625,1,1,5.637681781665438,-43.961707810602164
13057,MeerKAT:array_1:20250701T144521Z,Gaia_3607186836835607552,48,879.9947376400232,-0.09225684732290385,40.249786,1,64,0.015625,1,1,13.61785018257084,-13.25285085633602
26463,MeerKAT:array_1:20250711T092345Z,Gaia_4815474210804141312,31,870.341887563467,-0.3075228244096795,40.22596,2,64,0.03125,1,1,4.642446232431467,-43.35676722933204
13045,MeerKAT:array_1:20250701T144521Z,Gaia_3610242757606410624,36,879.9947344511747,-0.03075228244096795,39.966736,3,64,0.046875,1,1,13.63452326721806,-12.710745438699092
9841,MeerKAT:array_1:20250731T030702Z,ex_2XMMi_J002209.9+001629,8,863.9784750193357,0.03075228244096795,39.40004,3,63,0.047619047619047616,1,1,0.36943233333333336,0.274811
113529,MeerKAT:array_1:20250712T021129Z,Gaia_4216968460825000960,13,924.9986758381128,0.08200608650924786,38.652676,1,64,0.015625,1,1,20.19178245518445,-6.51149401897911
9861,MeerKAT:array_1:20250731T030702Z,Gaia_2546798100519344768,52,863.9784750193357,0.03075228244096795,38.55635,3,63,0.047619047619047616,1,1,0.3897680249652889,0.3022681201692444
30979,MeerKAT:array_1:20250713T104242Z,Gaia_5096053570870210432,34,869.9951465278864,-0.08200608650924786,38.472294,3,64,0.046875,1,1,4.1379174674918495,-18.24219438254079
25141,MeerKAT:array_1:20250711T085603Z,Gaia_4814711016591606912,63,870.4531193822622,-0.3587766284779594,38.455547,1,64,0.015625,1,1,4.691393198510314,-43.46341254871622
33226,MeerKAT:array_1:20250719T113106Z,Gaia_2993041113767706368,29,876.2004575580359,-0.1742629338321517,38.31691,4,64,0.0625,1,1,6.156183633277129,-15.424950880260376
9862,MeerKAT:array_1:20250731T030702Z,Gaia_2543792001369200640,53,863.9784750193357,0.03075228244096795,38.276016,3,63,0.047619047619047616,1,1,0.38845925548317595,0.1637959955834629
101373,MeerKAT:array_1:20250711T080009Z,Gaia_4814706515465897088,31,924.9924352616072,-0.14351065139118374,38.109238,3,64,0.046875,2,1,4.674870563604249,-43.58820881369032
22875,MeerKAT:array_1:20250711T080009Z,Gaia_4814661023172346496,38,875.0439546853304,0.13325989057752777,38.086338,4,64,0.0625,1,1,4.698565010782927,-43.6081779326649
20548,MeerKAT:array_1:20250708T112920Z,Gaia_2973935003288858624,58,879.9964978843927,0.15376141220483974,38.08103,2,64,0.03125,1,1,4.8004544724186875,-21.752960068325784
20555,MeerKAT:array_1:20250708T112920Z,ex_ATO_J072.0068-21.7529,63,879.9964978843927,0.15376141220483974,38.056194,2,64,0.03125,1,1,4.800455066666667,-21.752975
13060,MeerKAT:array_1:20250701T144521Z,Gaia_3607205043201632384,51,879.9947153180838,0.15376141220483974,37.842045,1,64,0.015625,1,1,13.611447523347268,-13.044257793918856
24600,MeerKAT:array_1:20250711T085603Z,ex_LEDA_546122,39,870.162790670991,-0.2972720635960235,37.331333,2,64,0.03125,1,1,4.6825833333333335,-43.664167000000006
21815,MeerKAT:array_1:20250708T131910Z,ex_LEDA_819192,58,874.9923718720675,-0.16401217301849572,36.174553,4,64,0.0625,1,1,4.774805533333334,-22.102499999999996
33168,MeerKAT:array_1:20250719T113106Z,Gaia_2992772454972873600,3,876.2004575580359,-0.1742629338321517,35.811874,4,64,0.0625,1,1,6.179607344694406,-15.953009716251145
21706,MeerKAT:array_1:20250708T131910Z,Gaia_2973728123304216832,32,874.9923718720675,-0.16401217301849572,35.644592,4,64,0.0625,1,1,4.810143485831436,-21.953134532016726
24011,MeerKAT:array_1:20250711T085603Z,ex_CRTS_J044000.9-433336,11,870.1340447962284,-0.2972720635960235,34.966396,1,64,0.015625,1,1,4.666950399999999,-43.560016
14729,MeerKAT:array_1:20250706T022717Z,Gaia_2546798100519344768,45,875.0298344641924,-0.03075228244096795,34.03153,3,64,0.046875,1,1,0.3897680249652889,0.3022681201692444
14406,MeerKAT:array_1:20250705T223133Z,Gaia_2699253187370591232,6,874.9929139763117,0.10250760813655982,33.820477,2,64,0.03125,1,1,21.497937924525583,5.365930049253938
30918,MeerKAT:array_1:20250713T104242Z,ex_LEDA_880214,3,869.9951465278864,-0.08200608650924786,33.705257,3,64,0.046875,1,1,4.1551978,-17.623891000000004
101242,MeerKAT:array_1:20250711T080009Z,Gaia_4790686275207935232,13,924.9924352616072,-0.14351065139118374,33.388138,3,64,0.046875,2,1,4.6652500956764325,-43.66651882740964
18705,MeerKAT:array_1:20250708T094824Z,ex_LEDA_823286,14,870.3420757055283,-0.31777358522333543,33.251503,2,64,0.03125,1,1,4.794277800000001,-21.819444
21615,MeerKAT:array_1:20250708T131910Z,Gaia_2973936102800486912,10,874.9923718720675,-0.16401217301849572,33.227364,4,64,0.0625,1,1,4.797167084467211,-21.718826162986183
30916,MeerKAT:array_1:20250713T104242Z,ex_LEDA_880136,2,869.9951465278864,-0.08200608650924786,33.053234,3,64,0.046875,1,1,4.1551684,-17.62952
20075,MeerKAT:array_1:20250708T104320Z,Gaia_2973718949254089216,9,874.9975091069937,-0.13325989057752777,32.668358,2,64,0.03125,1,1,4.799738606920548,-22.15483729482561
18713,MeerKAT:array_1:20250708T094824Z,Gaia_2973830515324686976,24,870.3420757055283,-0.2870213027823675,32.60486,2,64,0.03125,1,1,4.772673567805199,-22.037277351998767
20108,MeerKAT:array_1:20250708T104320Z,Gaia_2973735888605109888,20,874.9975091069937,-0.13325989057752777,32.321274,2,64,0.03125,1,1,4.785388139301391,-22.044711223807127
86949,MeerKAT:array_1:20250708T094824Z,Gaia_2973632328353994112,29,923.9686985015869,-0.1845136946458077,32.1599,1,64,0.015625,1,1,4.77082948397856,-22.251594754111746
101291,MeerKAT:array_1:20250711T080009Z,Gaia_4790697235964446464,20,924.9924352616072,-0.14351065139118374,31.891258,3,64,0.046875,2,1,4.652027039964472,-43.667613210433075
14537,MeerKAT:array_1:20250705T223133Z,Gaia_2699050533633773440,39,874.9929139763117,0.10250760813655982,31.748554,2,64,0.03125,1,1,21.50036054123641,5.035057167306023
20483,MeerKAT:array_1:20250708T112920Z,Gaia_2973937236671855232,9,879.9965090453625,-0.15376141220483974,30.943922,2,64,0.03125,1,1,4.789582204546372,-21.73933820415646
764,MeerKAT:array_1:20250701T202312Z,Gaia_1315966576358045696,23,863.9581636488438,0.04100304325462393,30.939615,2,64,0.03125,1,1,16.15294023089207,27.011603493756407
23958,MeerKAT:array_1:20250711T085603Z,ex_QSO_J0441-4313,8,870.3019169420004,-0.2972720635960235,30.935717,2,64,0.03125,1,1,4.6881496,-43.229302
18321,MeerKAT:array_1:20250708T092055Z,Gaia_2973620474244336512,15,875.004159450531,-0.08200608650924786,30.852379,1,64,0.015625,1,1,4.78673116618443,-22.412196930365482
85038,MeerKAT:array_1:20250706T141948Z,Gaia_4802452320935701888,57,924.9963878393173,-0.03075228244096795,30.851017,1,64,0.015625,1,1,5.663806390682645,-43.978836682617874
836,MeerKAT:array_1:20250701T202312Z,Gaia_1315332433027373952,43,863.9581556767225,0.1127583689502158,30.688478,3,64,0.046875,1,1,16.172089164184847,26.571708665859646
18722,MeerKAT:array_1:20250708T094824Z,Gaia_2973829828129917696,54,870.3420757055283,-0.32802434603699143,30.427183,2,64,0.03125,1,1,4.775259611085118,-22.033261483144322
6316,MeerKAT:array_1:20250712T091244Z,Gaia_2323496325528339456,16,866.6568701863289,0.1742629338321517,30.281496,2,64,0.03125,1,1,0.4336127616599986,-25.828803618698714
22759,MeerKAT:array_1:20250711T080009Z,Gaia_4814710088878680704,9,875.0439546853304,0.13325989057752777,30.10182,4,64,0.0625,1,1,4.680006562918846,-43.508194176368335
850,MeerKAT:array_1:20250701T202312Z,Gaia_1315519036469908864,47,863.9581636488438,0.04100304325462393,29.825932,2,64,0.03125,1,1,16.15994742129588,26.563810341484565
18820,MeerKAT:array_1:20250708T094824Z,Gaia_2973716337914098048,46,871.9704516232014,-0.05125380406827991,29.582518,2,64,0.03125,1,1,4.80666921346077,-22.19691825397047
832,MeerKAT:array_1:20250701T202312Z,Gaia_1315541134077845888,42,863.9581556767225,0.1127583689502158,29.261625,3,64,0.046875,1,1,16.143009839287075,26.8172348420218
909,MeerKAT:array_1:20250701T202312Z,Gaia_1315539725328565760,63,863.9581556767225,0.1127583689502158,29.200127,3,64,0.046875,1,1,16.1429988575555,26.751275242024168
18455,MeerKAT:array_1:20250708T092055Z,Gaia_2973638375667942272,44,875.0041706115007,-0.2972720635960235,29.111073,2,64,0.03125,1,1,4.773836115007597,-22.208524610909944
20508,MeerKAT:array_1:20250708T112920Z,Gaia_2973747055520055296,31,879.9965026676655,0.07175532569559187,28.985172,1,64,0.015625,1,1,4.802963859945403,-21.779789174498607
24709,MeerKAT:array_1:20250711T085603Z,ex_LEDA_545297,43,870.60029271245,-0.33827510685064743,28.938354,4,64,0.0625,1,1,4.686444466666667,-43.732778
18735,MeerKAT:array_1:20250708T094824Z,Gaia_2973639750057471488,4,871.9704532176256,-0.07175532569559187,28.92308,2,64,0.03125,1,1,4.775580273017036,-22.162228264234397
23493,MeerKAT:array_1:20250711T085603Z,ex_LEDA_546619,30,869.8644212782383,-0.33827510685064743,28.614294,4,64,0.0625,1,1,4.672555533333333,-43.62
5577,MeerKAT:array_1:20250712T080758Z,Gaia_2323541680382961536,47,867.763319298625,-0.2870213027823675,28.604263,1,64,0.015625,1,1,0.4226773580793781,-25.850567552477553
5554,MeerKAT:array_1:20250712T080758Z,Gaia_2323488182270328704,27,867.7633113265038,-0.16401217301849572,28.201414,3,64,0.046875,1,1,0.43432951554742244,-26.074471819686558
18692,MeerKAT:array_1:20250708T094824Z,Gaia_2973935724843363072,2,870.3420757055283,-0.2972720635960235,27.96953,2,64,0.03125,1,1,4.800564911377169,-21.70371694179783
1418,MeerKAT:array_1:20250702T211800Z,Gaia_6891249157844985984,9,864.0015654712915,-0.16401217301849572,27.851835,1,64,0.015625,2,1,21.547549546175752,-12.186866688236213
5512,MeerKAT:array_1:20250712T080758Z,Gaia_2323514879787014528,8,867.7536251991987,0.21526597708677564,27.819614,1,64,0.015625,1,1,0.410160318644558,-26.03475002646211
26131,MeerKAT:array_1:20250711T092345Z,Gaia_4814700704373814784,2,870.1211172044277,-0.1742629338321517,27.79302,2,64,0.03125,1,1,4.6813213864085474,-43.70756630279969
20509,MeerKAT:array_1:20250708T112920Z,Gaia_2973714310689547520,32,879.9965090453625,-0.15376141220483974,27.632414,2,64,0.03125,1,1,4.802525175816426,-22.25225337798384
22883,MeerKAT:array_1:20250711T080009Z,Gaia_4814713078175918208,40,875.0439546853304,0.13325989057752777,27.510366,4,64,0.0625,1,1,4.678580061531741,-43.47903562404244
24272,MeerKAT:array_1:20250711T085603Z,ex_LEDA_551328,24,870.1340463906527,-0.31777358522333543,27.237726,2,64,0.03125,1,1,4.665722199999999,-43.232778
19781,MeerKAT:array_1:20250708T101552Z,Gaia_2973624253815457152,46,875.0032299011946,-0.25626902034139953,27.089592,4,64,0.0625,1,1,4.792537071107781,-22.25473739665684
18297,MeerKAT:array_1:20250708T092055Z,Gaia_2973725065287600128,10,874.9890395253897,-0.05125380406827991,26.51232,3,64,0.046875,1,1,4.820234942336159,-22.029289046922695
10409,MeerKAT:array_1:20250731T150301Z,Gaia_1315331024278093184,11,863.9567764997482,-0.08200608650924786,26.064825,1,64,0.015625,1,1,16.174634038877677,26.520719245677906
6326,MeerKAT:array_1:20250712T091244Z,Gaia_2323501238970926848,27,866.6568622142076,0.31777358522333543,26.04809,3,64,0.046875,1,1,0.4391629920725987,-25.837251235257657
18374,MeerKAT:array_1:20250708T092055Z,Gaia_2973936102800486912,26,875.0041610449553,-0.13325989057752777,25.7554,3,64,0.046875,1,1,4.797167084467211,-21.718826162986183
29874,MeerKAT:array_1:20250713T080505Z,Gaia_5096059274586731392,15,872.009553283453,-0.03075228244096795,25.705141,1,64,0.015625,1,1,4.1404701521094145,-18.106392170787313
24745,MeerKAT:array_1:20250711T085603Z,ex_LEDA_550620,45,870.3019217252731,-0.3587766284779594,25.411463,1,64,0.015625,1,1,4.6892222000000015,-43.287778
21683,MeerKAT:array_1:20250708T131910Z,Gaia_2973725340165506816,26,875.0021217763424,-0.16401217301849572,25.18909,1,64,0.015625,1,1,4.818927800990625,-22.005045163919203
5567,MeerKAT:array_1:20250712T080758Z,Gaia_2323474988130797312,39,867.8982107788324,-0.16401217301849572,25.171968,1,64,0.015625,1,1,0.44001318922457344,-26.145870969678096
24762,MeerKAT:array_1:20250711T085603Z,Gaia_4790633601729009536,46,870.162790670991,-0.2972720635960235,25.052614,2,64,0.03125,1,1,4.684110082617994,-43.84498903786491
4516,MeerKAT:array_1:20250712T065251Z,Gaia_2323491343366278656,41,867.7601192891598,0.3587766284779594,24.862267,1,64,0.015625,1,1,0.43598180832525874,-25.97110873989166
5524,MeerKAT:array_1:20250712T080758Z,Gaia_2323475950203470848,11,867.8982075899839,-0.26651978115505554,24.688671,2,64,0.03125,1,1,0.4355228858070502,-26.135852560698407
18336,MeerKAT:array_1:20250708T092055Z,Gaia_2973933594539587328,18,875.0041610449553,-0.1230091297638718,24.577072,3,64,0.046875,1,1,4.79418654958201,-21.766435767804776
20355,MeerKAT:array_1:20250708T112920Z,Gaia_2973725340165506816,34,875.003072053194,-0.1230091297638718,24.291882,4,64,0.0625,2,1,4.818927800990625,-22.005045163919203
18191,MeerKAT:array_1:20250708T092055Z,Gaia_2973936102800486912,26,871.9707338362932,-0.1742629338321517,24.281105,4,64,0.0625,1,1,4.797167084467211,-21.718826162986183
18533,MeerKAT:array_1:20250708T092055Z,Gaia_2973618137782113280,60,875.0041546672583,0.19476445545946366,24.255962,1,64,0.015625,1,1,4.792123651298142,-22.363105573778792
24769,MeerKAT:array_1:20250711T085603Z,Gaia_4790633601729009536,46,870.3019201308489,-0.33827510685064743,24.136114,1,64,0.015625,1,1,4.684110082617994,-43.84498903786491
18521,MeerKAT:array_1:20250708T092055Z,Gaia_2973828385020912384,58,874.9890379309654,-0.05125380406827991,24.118061,3,64,0.046875,1,1,4.768949683243044,-22.109770960504402
22390,MeerKAT:array_1:20250711T073156Z,Gaia_4814721805549419776,40,872.0096617043018,0.04100304325462393,24.083138,2,64,0.03125,1,1,4.660312091669356,-43.314145339697845
536,MeerKAT:array_1:20250701T195047Z,Gaia_1315588481797328512,38,863.9583103358746,-0.1230091297638718,24.00987,3,64,0.046875,1,1,16.137650268798314,26.851685590750876
24794,MeerKAT:array_1:20250711T085603Z,Gaia_4814711458972055680,47,870.3019153475761,-0.27677054196871154,23.770372,1,64,0.015625,1,1,4.691098498530638,-43.431628057840925
627,MeerKAT:array_1:20250701T195047Z,Gaia_1315538522737716096,55,863.9583087414503,-0.04100304325462393,23.724903,3,64,0.046875,1,1,16.14856016533192,26.778529956087834
20418,MeerKAT:array_1:20250708T112920Z,Gaia_2973829725050703488,55,875.003072053194,-0.1230091297638718,23.61104,4,64,0.0625,2,1,4.775600776173152,-22.058878824834405
22372,MeerKAT:array_1:20250711T073156Z,Gaia_4814721663814423040,9,872.0096664875746,-0.04100304325462393,23.548683,1,64,0.015625,1,1,4.659558603589864,-43.34272538745282
18249,MeerKAT:array_1:20250708T092055Z,J0447-2203,0,874.9890395253897,-0.05125380406827991,23.423843,3,64,0.046875,1,1,4.793688888888889,-22.06022222222222
24488,MeerKAT:array_1:20250711T085603Z,ex_LEDA_545342,34,870.3019169420004,-0.2972720635960235,23.392115,2,64,0.03125,1,1,4.676444466666666,-43.728333
24144,MeerKAT:array_1:20250711T085603Z,ex_LEDA_549179,18,870.1627922654152,-0.31777358522333543,23.089405,1,64,0.015625,1,1,4.657972200000001,-43.404167
23760,MeerKAT:array_1:20250711T085603Z,Gaia_4814711016591606912,63,869.9748032689095,-0.3587766284779594,23.07489,2,64,0.03125,1,1,4.691393198510314,-43.46341254871622
120877,MeerKAT:array_1:20250713T104242Z,Gaia_5096260279056555520,63,924.9903162717819,-0.25626902034139953,23.058603,2,64,0.03125,1,1,4.1320622993099,-17.845097039447626
22382,MeerKAT:array_1:20250711T073156Z,Gaia_4814731151398254208,28,872.0096617043018,0.04100304325462393,22.990955,2,64,0.03125,1,1,4.656593341193906,-43.22231651263583
18172,MeerKAT:array_1:20250708T092055Z,Gaia_2973620474244336512,15,871.9707338362932,-0.1742629338321517,22.977839,4,64,0.0625,1,1,4.78673116618443,-22.412196930365482
439,MeerKAT:array_1:20250701T195047Z,Gaia_1315916269404486144,20,863.9583087414503,-0.04100304325462393,22.968779,3,64,0.046875,1,1,16.16844028391622,26.953431715727064
26573,MeerKAT:array_1:20250711T092345Z,Gaia_4814721010979139712,41,870.121112421155,-0.04100304325462393,22.826107,4,64,0.0625,1,1,4.658792008486357,-43.415537495985824
400,MeerKAT:array_1:20250701T195047Z,Gaia_1315582640641816192,13,863.9583103358746,-0.1230091297638718,22.803993,3,64,0.046875,1,1,16.12720121553124,26.796414246043042
5526,MeerKAT:array_1:20250712T080758Z,Gaia_2323514707988323200,12,867.7729671597481,-0.2357674987140876,22.801292,1,64,0.015625,1,1,0.408112466028178,-26.06824740804821
371,MeerKAT:array_1:20250701T195047Z,Gaia_1315524950641036672,8,863.9583087414503,-0.04100304325462393,22.7496,3,64,0.046875,1,1,16.163250127085462,26.71959027686428
26161,MeerKAT:array_1:20250711T092345Z,Gaia_4814729429115402880,5,870.121112421155,-0.04100304325462393,22.747879,4,64,0.0625,1,1,4.671846170189647,-43.18346399276299
21206,MeerKAT:array_1:20250708T125143Z,Gaia_2973927306707471360,9,874.9927258342505,-0.25626902034139953,22.669006,1,64,0.015625,3,1,4.785138729973451,-21.876072430376443
19740,MeerKAT:array_1:20250708T101552Z,Gaia_2973734686014252544,35,875.0032299011946,-0.25626902034139953,22.582483,4,64,0.0625,1,1,4.797914498387552,-21.965432934579535
20430,MeerKAT:array_1:20250708T112920Z,Gaia_2973639750057471488,59,875.003072053194,-0.1230091297638718,22.573795,4,64,0.0625,2,1,4.775580273017036,-22.162228264234397
541,MeerKAT:array_1:20250701T195047Z,Gaia_1315708122406813312,39,863.9583103358746,-0.1230091297638718,22.544813,3,64,0.046875,1,1,16.17719964589419,26.634551681305613
21063,MeerKAT:array_1:20250708T122415Z,Gaia_2973729394614635264,11,876.2152283042669,0.3075228244096795,22.344404,1,64,0.015625,1,1,4.814704106440344,-21.96038925477901
17920,MeerKAT:array_1:20250706T145226Z,Gaia_4802485993479359232,40,876.1932491660118,0.05125380406827991,22.2211,3,64,0.046875,1,1,5.623847156547368,-43.96764153715095
6968,MeerKAT:array_1:20250719T011200Z,ex_2dFGRS_TGS544Z257,26,863.978631272912,0.04100304325462393,22.100441,1,64,0.015625,1,1,23.7137222,-35.158611
4301,MeerKAT:array_1:20250709T052824Z,Gaia_4936848891373290496,38,864.0862676650286,-0.16401217301849572,22.026215,1,64,0.015625,1,1,2.144382702733688,-51.178467067484476
18741,MeerKAT:array_1:20250708T094824Z,ex_CRTS_J044623.8-215436,7,871.9704516232014,-0.05125380406827991,21.880041,2,64,0.03125,1,1,4.7732834,-21.910552
5530,MeerKAT:array_1:20250712T080758Z,Gaia_2323477530751457920,14,867.7633177042007,-0.21526597708677564,21.81579,3,64,0.046875,1,1,0.44860439087062165,-26.054074223496595
67029,MeerKAT:array_1:20250705T144414Z,ex_ASASSN-V_J150215.27-393048.2,36,924.9956129491329,-0.14351065139118374,21.736609,2,64,0.03125,1,1,15.037576000000001,-39.51339
23529,MeerKAT:array_1:20250711T085603Z,ex_LEDA_547903,35,869.9748032689095,-0.3587766284779594,21.612518,2,64,0.03125,1,1,4.678843333333333,-43.509735
4238,MeerKAT:array_1:20250709T052824Z,Gaia_4936839098847877504,24,864.0862724483013,-0.27677054196871154,21.529724,2,64,0.03125,1,1,2.166263707310723,-51.29317064661083
23450,MeerKAT:array_1:20250711T085603Z,ex_LEDA_551328,24,869.8644212782383,-0.33827510685064743,21.518204,4,64,0.0625,1,1,4.665722199999999,-43.232778
18350,MeerKAT:array_1:20250708T092055Z,Gaia_2973634939694102272,21,875.0041578561068,-0.03075228244096795,21.432117,3,64,0.046875,1,1,4.779455286153813,-22.254499411057882
55414,MeerKAT:array_1:20250702T215029Z,Gaia_6891292451115314560,53,919.794089242816,0.09225684732290385,21.380089,2,64,0.03125,1,1,21.50392273564376,-12.032917968297266
228262,MeerKAT:array_1:20250708T101552Z,Gaia_2973640231093802240,51,960.0946210026741,-0.1230091297638718,21.347738,2,64,0.03125,2,1,4.781663917929182,-22.16515327154703
5508,MeerKAT:array_1:20250712T080758Z,ex_2dFGRS_TGS138Z224,6,867.7729639708996,-0.2460182595277436,21.336035,1,64,0.015625,1,1,0.4443611333333333,-26.308889
5499,MeerKAT:array_1:20250712T080758Z,ex_2MASX_J00253041-2600396,2,867.878945350647,-0.33827510685064743,21.335241,3,64,0.046875,1,1,0.4251242,-26.010999
19703,MeerKAT:array_1:20250708T101552Z,Gaia_2973638581826367104,25,874.9884735047817,-0.03075228244096795,21.209045,1,64,0.015625,1,1,4.778936479553704,-22.211584329578656
19800,MeerKAT:array_1:20250708T101552Z,Gaia_2973923939453138944,52,875.0032314956188,-0.27677054196871154,21.191805,3,64,0.046875,1,1,4.780364714749299,-22.00751536173904
22573,MeerKAT:array_1:20250711T073156Z,Gaia_4814730807800869888,51,875.0440391898155,0.1742629338321517,21.140804,1,64,0.015625,1,1,4.660104037672248,-43.25259023474067
18513,MeerKAT:array_1:20250708T092055Z,Gaia_2973665829098719360,56,875.0041562616825,-0.05125380406827991,20.90161,4,64,0.0625,1,1,4.805044398253899,-22.347821568395148
10397,MeerKAT:array_1:20250731T150301Z,J1609+2641,0,863.9567653387785,0.10250760813655982,20.88359,1,64,0.015625,1,1,16.1537,26.691388888888888
228238,MeerKAT:array_1:20250708T101552Z,Gaia_2973640295519055232,50,960.0946210026741,-0.1127583689502158,20.855927,2,64,0.03125,2,1,4.780992586002836,-22.15810567119535
26487,MeerKAT:array_1:20250711T092345Z,Gaia_4790703386357613184,34,870.121112421155,-0.04100304325462393,20.842892,4,64,0.0625,1,1,4.643098705639081,-43.49211955415151
19791,MeerKAT:array_1:20250708T101552Z,Gaia_2973740321011342976,49,875.0032299011946,-0.25626902034139953,20.835823,4,64,0.0625,1,1,4.801073365878159,-21.964931089924615
4962,MeerKAT:array_1:20250712T072515Z,Gaia_2323478900845422208,15,868.2036275267601,0.21526597708677564,20.704239,3,64,0.046875,1,1,0.44336119952348096,-25.994566218600376
18252,MeerKAT:array_1:20250708T092055Z,J0447-2203,0,875.004172205925,-0.31777358522333543,20.598372,1,64,0.015625,1,1,4.793688888888889,-22.06022222222222
18914,MeerKAT:array_1:20250708T094824Z,Gaia_2973930089846241536,56,873.5825771689415,-0.3075228244096795,20.590563,4,64,0.0625,1,1,4.777631237654372,-21.825736620278388
26544,MeerKAT:array_1:20250711T092345Z,Gaia_4814707030860701440,38,870.3418859690428,-0.2870213027823675,20.559906,1,64,0.015625,1,1,4.676851701270908,-43.52738955163059
26197,MeerKAT:array_1:20250711T092345Z,Gaia_4790685927314716416,8,870.1211267709732,-0.3075228244096795,20.511353,4,64,0.0625,1,1,4.662721897951874,-43.666881653745975
120851,MeerKAT:array_1:20250713T104242Z,Gaia_5096070682019896832,50,924.9903162717819,-0.25626902034139953,20.445919,2,64,0.03125,1,1,4.168034423549073,-18.13847335007371
18870,MeerKAT:array_1:20250708T094824Z,ex_LEDA_821500,12,873.5825771689415,-0.3075228244096795,20.429037,4,64,0.0625,1,1,4.776083333333333,-21.9425
33178,MeerKAT:array_1:20250719T113106Z,Gaia_2993083788563508224,7,876.214630395174,0.08200608650924786,20.42687,3,64,0.046875,1,1,6.1745917496633185,-15.434719787432005
18493,MeerKAT:array_1:20250708T092055Z,Gaia_2973615938758791424,52,875.0041706115007,-0.2972720635960235,20.383568,2,64,0.03125,1,1,4.780842896266162,-22.36661364535113
26508,MeerKAT:array_1:20250711T092345Z,Gaia_4814652158359882752,36,870.1211283653975,-0.2870213027823675,20.212187,1,64,0.015625,1,1,4.694333093243185,-43.813957795250346
26277,MeerKAT:array_1:20250711T092345Z,Gaia_4814699952755941760,14,870.341887563467,-0.3075228244096795,20.131409,2,64,0.03125,1,1,4.682180990350334,-43.770069786137114
20370,MeerKAT:array_1:20250708T112920Z,Gaia_2973747673995344640,39,875.003072053194,-0.1230091297638718,19.899008,4,64,0.0625,2,1,4.803145099073812,-21.75251056254364
19827,MeerKAT:array_1:20250708T101552Z,Gaia_2973923905093376384,59,875.0032314956188,-0.27677054196871154,19.883732,3,64,0.046875,1,1,4.781985781639529,-21.999310194170405
4942,MeerKAT:array_1:20250712T072515Z,ex_2dFGRS_TGS138Z230,5,868.2036275267601,0.21526597708677564,19.848547,3,64,0.046875,1,1,0.4409722,-25.986944
5601,MeerKAT:array_1:20250712T080758Z,Gaia_2323470246486896512,59,867.8982139676809,-0.2870213027823675,19.74497,3,64,0.046875,1,1,0.4214209569914575,-25.974387940510663
23611,MeerKAT:array_1:20250711T085603Z,ex_LEDA_545297,43,870.0684964209795,-0.19476445545946366,19.63131,1,64,0.015625,1,1,4.686444466666667,-43.732778
23963,MeerKAT:array_1:20250711T085603Z,ex_QSO_J0441-4313,8,870.3634298294783,-0.26651978115505554,19.606663,4,64,0.0625,1,1,4.6881496,-43.229302
18174,MeerKAT:array_1:20250708T092055Z,Gaia_2973934865849905920,16,871.9707338362932,-0.1742629338321517,19.519192,4,64,0.0625,1,1,4.798650889930966,-21.766804360216017
33277,MeerKAT:array_1:20250719T113106Z,Gaia_2992974902552254848,52,876.2004671245813,-0.27677054196871154,19.487879,1,64,0.015625,1,1,6.1764202112034186,-15.632232150929346
6310,MeerKAT:array_1:20250712T091244Z,Gaia_2323476564383214720,10,866.6568622142076,0.31777358522333543,19.486237,3,64,0.046875,1,1,0.4410284617159435,-26.074344762891016
31856,MeerKAT:array_1:20250713T113750Z,Gaia_5096045736849844224,59,869.9928633123636,-0.07175532569559187,19.449821,1,64,0.015625,1,1,4.168855260792347,-18.21453723919249
32935,MeerKAT:array_1:20250719T113106Z,Gaia_2993030943285271552,12,872.2136443704367,0.14351065139118374,19.433037,2,64,0.03125,1,1,6.139963785068996,-15.599075672549386
4140,MeerKAT:array_1:20250709T052824Z,Gaia_4936950939796193152,3,864.0862756371498,-0.33827510685064743,19.337896,1,64,0.015625,1,1,2.198559944251336,-50.85208286514196
5502,MeerKAT:array_1:20250712T080758Z,ex_2dFGRS_TGS138Z236,4,867.7633113265038,-0.2357674987140876,19.332792,1,64,0.015625,1,1,0.43377780000000005,-26.044444
55423,MeerKAT:array_1:20250702T215029Z,ex_LEDA_958206,62,919.794089242816,0.09225684732290385,19.31996,2,64,0.03125,1,1,21.53875,-12.061389
14690,MeerKAT:array_1:20250706T022717Z,ex_ICRF_J002225.4+001456,26,875.0298344641924,-0.03075228244096795,19.201132,3,64,0.046875,1,1,0.3737294,0.24893400000000002
14639,MeerKAT:array_1:20250706T022717Z,J0022+0014,0,875.0298344641924,-0.03075228244096795,19.197557,3,64,0.046875,1,1,0.37373055555555557,0.24894444444444444
18397,MeerKAT:array_1:20250708T092055Z,Gaia_2973713069441865856,31,875.0041562616825,-0.05125380406827991,19.186075,4,64,0.0625,1,1,4.803885999456703,-22.299272193085127
18748,MeerKAT:array_1:20250708T094824Z,ex_LEDA_820867,10,871.9704532176256,-0.08200608650924786,19.180048,2,64,0.03125,1,1,4.7704075999999995,-21.987234
31768,MeerKAT:array_1:20250713T113750Z,Gaia_5096093909202998912,12,869.9943955540657,-0.10250760813655982,19.168566,4,64,0.0625,1,1,4.160268771485839,-17.83641844380211
11177,MeerKAT:array_1:20250731T171238Z,Gaia_1315530516918680576,56,863.9838769286871,0.0615045648819359,19.122507,2,64,0.03125,1,1,16.131167662831004,26.54516252002196
227733,MeerKAT:array_1:20250708T101552Z,Gaia_2973743104150140160,27,960.0946225970984,-0.14351065139118374,19.02752,1,64,0.015625,2,1,4.81100795966748,-21.836846755636913
18438,MeerKAT:array_1:20250708T092055Z,Gaia_2973714310689547520,40,875.0041610449553,-0.1230091297638718,18.962433,3,64,0.046875,1,1,4.802525175816426,-22.25225337798384
33163,MeerKAT:array_1:20250719T113106Z,Gaia_2992779498719232896,1,876.2146351784468,-0.03075228244096795,18.951218,2,64,0.03125,1,1,6.178257642054381,-15.876425894749554
17880,MeerKAT:array_1:20250706T145226Z,Gaia_4802475204521550464,20,876.1932491660118,0.05125380406827991,18.900642,3,64,0.046875,1,1,5.6203832406074685,-44.256544136279096
24905,MeerKAT:array_1:20250711T085603Z,Gaia_4790703661235514240,52,870.60029271245,-0.33827510685064743,18.816828,4,64,0.0625,1,1,4.647846646180271,-43.46931340518637
31766,MeerKAT:array_1:20250713T113750Z,Gaia_5096088823961751680,11,869.994378015399,0.21526597708677564,18.687439,2,64,0.03125,1,1,4.159583904082982,-17.92843246198023
31751,MeerKAT:array_1:20250713T113750Z,Gaia_5096088927040966272,3,869.994378015399,0.21526597708677564,18.655987,2,64,0.03125,1,1,4.1599790602698885,-17.92638120194738
27328,MeerKAT:array_1:20250711T092345Z,Gaia_4790680983808220032,58,879.9766201972961,-0.26651978115505554,18.611277,1,64,0.015625,1,1,4.678133245953735,-43.76687575981199
26324,MeerKAT:array_1:20250711T092345Z,Gaia_4814651230646919936,19,870.1211267709732,-0.3075228244096795,18.591465,4,64,0.0625,1,1,4.698765508048533,-43.76170038011539
19807,MeerKAT:array_1:20250708T101552Z,Gaia_2973733895740273152,54,875.0032314956188,-0.27677054196871154,18.505161,3,64,0.046875,1,1,4.797107902258553,-22.01096036144674
67043,MeerKAT:array_1:20250705T144414Z,ex_ESO_328-10,43,924.9956129491329,-0.14351065139118374,18.433474,2,64,0.03125,1,1,15.056002800000002,-39.302056
18242,MeerKAT:array_1:20250708T092055Z,Gaia_2973929162133310592,62,871.9707338362932,-0.1742629338321517,18.428106,4,64,0.0625,1,1,4.776153177668682,-21.867356634219316
33180,MeerKAT:array_1:20250719T113106Z,Gaia_2992935217054558464,8,876.2004575580359,-0.1742629338321517,18.205563,4,64,0.0625,1,1,6.162643254558005,-16.0144499263408
54970,MeerKAT:array_1:20250701T220028Z,Gaia_1315710183991116032,31,919.9845352470875,-0.04100304325462393,18.0816,1,64,0.015625,2,1,16.18046784915153,26.717193901650734
5545,MeerKAT:array_1:20250712T080758Z,Gaia_2323541817821914880,22,867.7633177042007,-0.21526597708677564,18.076515,3,64,0.046875,1,1,0.42473185074817105,-25.82873777080899
5605,MeerKAT:array_1:20250712T080758Z,Gaia_2323490003336459136,60,867.8982107788324,-0.1845136946458077,18.06889,2,64,0.03125,1,1,0.43229339587420657,-25.968124696902834
25659,MeerKAT:array_1:20250711T085603Z,Gaia_4814716307991315072,49,879.2245191186666,-0.26651978115505554,17.992292,1,64,0.015625,1,1,4.6794434389958885,-43.26293176771402
26808,MeerKAT:array_1:20250711T092345Z,Gaia_4814705793911396224,59,870.4522663652897,-0.2870213027823675,17.886547,1,64,0.015625,1,1,4.666528231000489,-43.569380407041876
31808,MeerKAT:array_1:20250713T113750Z,Gaia_5096059858702284800,33,869.9928601235151,0.07175532569559187,17.864803,1,64,0.015625,1,1,4.1327261580824315,-18.10786108518224
17864,MeerKAT:array_1:20250706T145226Z,Gaia_4802467606722608768,12,876.1932491660118,0.05125380406827991,17.796825,3,64,0.046875,1,1,5.650273267136258,-44.18127967632986
24498,MeerKAT:array_1:20250711T085603Z,ex_LEDA_545342,34,870.4899107217789,-0.31777358522333543,17.763552,1,64,0.015625,1,1,4.676444466666666,-43.728333
60774,MeerKAT:array_1:20250720T121928Z,ex_LEDA_105233,36,919.7910120040178,-0.0615045648819359,17.511993,4,64,0.0625,1,1,13.6177528,-12.672
26853,MeerKAT:array_1:20250711T092345Z,Gaia_4814710741713703680,63,870.3418764024973,-0.08200608650924786,17.46688,2,64,0.03125,1,1,4.683185559323631,-43.437686598826154
26257,MeerKAT:array_1:20250711T092345Z,Gaia_4814724446953218816,13,870.1331949681044,-0.1845136946458077,17.433496,2,64,0.03125,1,1,4.6551192793000915,-43.350291050157466
4659,MeerKAT:array_1:20250712T072515Z,Gaia_2323517731645298048,55,860.2017527371645,0.16401217301849572,17.41239,2,64,0.03125,1,1,0.4117939871217425,-25.96636395650695
5518,MeerKAT:array_1:20250712T080758Z,Gaia_2323477839989102720,10,867.7536650598049,-0.16401217301849572,17.374111,2,64,0.03125,1,1,0.4474856174833471,-26.03732214345288
6358,MeerKAT:array_1:20250712T091244Z,Gaia_2323473785539976320,59,866.6568622142076,0.31777358522333543,16.995245,3,64,0.046875,1,1,0.44799319123105896,-26.120309630292446
26425,MeerKAT:array_1:20250711T092345Z,Gaia_4790680846369268736,28,870.1211267709732,-0.3075228244096795,16.96815,4,64,0.0625,1,1,4.67789310322079,-43.794137797103
25985,MeerKAT:array_1:20250711T092345Z,Gaia_4814729429115402880,5,870.0107320249081,-0.04100304325462393,16.919842,3,64,0.046875,1,1,4.671846170189647,-43.18346399276299
26465,MeerKAT:array_1:20250711T092345Z,Gaia_4815474210804141312,31,870.4154622703791,-0.09225684732290385,16.88133,4,64,0.0625,1,1,4.642446232431467,-43.35676722933204
33177,MeerKAT:array_1:20250719T113106Z,Gaia_2993083788563508224,7,876.2004575580359,-0.1742629338321517,16.796444,4,64,0.0625,1,1,6.1745917496633185,-15.434719787432005
24584,MeerKAT:array_1:20250711T085603Z,ex_PGC0130374,38,870.3961984366179,-0.25626902034139953,16.781216,2,64,0.03125,1,1,4.6819722,-43.766111
25454,MeerKAT:array_1:20250711T085603Z,ex_LEDA_550211,41,874.5101813077927,-0.2972720635960235,16.776772,4,64,0.0625,1,1,4.684138866666667,-43.321389
31806,MeerKAT:array_1:20250713T113750Z,Gaia_5096077794485729408,32,869.9943955540657,-0.1127583689502158,16.746,3,64,0.046875,1,1,4.170845300090194,-17.94500316201004
4622,MeerKAT:array_1:20250712T072515Z,Gaia_2323475263008703872,18,860.2017591148615,0.07175532569559187,16.745317,3,64,0.046875,1,1,0.4384958764061941,-26.126092945534804
26783,MeerKAT:array_1:20250711T092345Z,Gaia_4790680983808220032,58,870.1211172044277,-0.16401217301849572,16.68946,2,64,0.03125,1,1,4.678133245953735,-43.76687575981199
4610,MeerKAT:array_1:20250712T072515Z,ex_2dFGRS_TGS138Z230,5,860.2017607092857,0.05125380406827991,16.580982,1,64,0.015625,1,1,0.4409722,-25.986944
59971,MeerKAT:array_1:20250718T233501Z,J2341-3506,0,919.79439856112,0.03075228244096795,16.524513,1,63,0.015873015873015872,2,1,23.696080555555557,-35.10613888888889
5553,MeerKAT:array_1:20250712T080758Z,Gaia_2323501238970926848,26,867.763319298625,-0.25626902034139953,16.468122,4,64,0.0625,1,1,0.4391629920725987,-25.837251235257657
58029,MeerKAT:array_1:20250712T065251Z,Gaia_2323470796242741120,24,919.9987033009529,-0.2460182595277436,16.463766,3,64,0.046875,1,1,0.4450502053538468,-26.224690408003458
11077,MeerKAT:array_1:20250731T171238Z,Gaia_1315509316960063104,24,863.9838769286871,0.0615045648819359,16.41977,2,64,0.03125,1,1,16.149576481652947,26.346566051216136
5570,MeerKAT:array_1:20250712T080758Z,Gaia_2323542779894588160,41,867.7536666542292,-0.15376141220483974,16.394133,2,64,0.03125,1,1,0.4201000425528512,-25.80545134851528
26792,MeerKAT:array_1:20250711T092345Z,Gaia_4790680983808220032,58,870.3418604582548,0.2870213027823675,16.350592,1,64,0.015625,1,1,4.678133245953735,-43.76687575981199
86175,MeerKAT:array_1:20250708T092055Z,Gaia_2973728123304216832,48,923.9689934700727,-0.25626902034139953,16.315607,4,64,0.0625,1,1,4.810143485831436,-21.953134532016726
10050,MeerKAT:array_1:20250731T041226Z,ex_PGC1164118,23,863.9559617489576,0.21526597708677564,16.305132,2,64,0.03125,1,1,0.3691111333333333,0.366944
23528,MeerKAT:array_1:20250711T085603Z,ex_LEDA_547903,35,869.8644164949656,-0.27677054196871154,16.28154,1,64,0.015625,1,1,4.678843333333333,-43.509735
25037,MeerKAT:array_1:20250711T085603Z,Gaia_4790703317638135808,59,870.2978973984718,-0.3587766284779594,16.262043,2,64,0.03125,1,1,4.644831723541808,-43.50853771997735
19232,MeerKAT:array_1:20250708T094824Z,Gaia_2973723244221476736,38,879.2238558381796,-0.33827510685064743,16.219635,2,64,0.03125,1,1,4.817334136206777,-22.07854963352045
33207,MeerKAT:array_1:20250719T113106Z,Gaia_2992779533078969344,21,876.2146351784468,-0.05125380406827991,16.193249,3,64,0.046875,1,1,6.180170343756937,-15.880486058722552
5607,MeerKAT:array_1:20250712T080758Z,Gaia_2323496840924417792,63,867.7633113265038,-0.1742629338321517,16.033821,4,64,0.0625,1,1,0.4445874490180622,-25.915246348874202
5514,MeerKAT:array_1:20250712T080758Z,Gaia_2323514879787014528,8,867.8789421617985,-0.3587766284779594,16.005486,3,64,0.046875,1,1,0.410160318644558,-26.03475002646211
23380,MeerKAT:array_1:20250711T085603Z,ex_LEDA_547391,15,869.8644212782383,-0.33827510685064743,15.980373,4,64,0.0625,1,1,4.654638866666667,-43.556389
20878,MeerKAT:array_1:20250708T122415Z,Gaia_2973731696717026944,49,872.2142454683781,0.3075228244096795,15.972854,2,64,0.03125,1,1,4.791574354090018,-22.097840302955877
4617,MeerKAT:array_1:20250712T072515Z,Gaia_2323515223384398592,12,860.2017591148615,0.07175532569559187,15.92963,3,64,0.046875,1,1,0.412468329714072,-26.034595771282632
32995,MeerKAT:array_1:20250719T113106Z,Gaia_2992974902552254848,52,872.1995496600866,-0.25626902034139953,15.89509,1,64,0.015625,1,1,6.1764202112034186,-15.632232150929346
18706,MeerKAT:array_1:20250708T094824Z,ex_LEDA_823286,14,870.4524561017752,-0.3485258676643034,15.855937,1,64,0.015625,1,1,4.794277800000001,-21.819444
28232,MeerKAT:array_1:20250711T110722Z,Gaia_4814715930034193280,47,874.9913083910942,-0.15376141220483974,15.812825,2,64,0.03125,2,1,4.683211174910846,-43.32422587463998
124469,MeerKAT:array_1:20250719T113106Z,Gaia_2992771424180743040,11,924.2114559710026,-0.3587766284779594,15.804736,2,64,0.03125,1,1,6.168327718253597,-15.992304341493805
26589,MeerKAT:array_1:20250711T092345Z,Gaia_4790681945880897920,42,870.121118798852,-0.20501521627311964,15.796334,1,64,0.015625,1,1,4.67314631458982,-43.734208193265964
60347,MeerKAT:array_1:20250719T030257Z,ex_LEDA_655378,27,919.7944639325142,0.0615045648819359,15.777111,3,64,0.046875,1,1,23.713888866666668,-34.946389
59190,MeerKAT:array_1:20250712T084022Z,ex_2MASX_J00253041-2600396,2,920.0907366573811,0.0615045648819359,15.698299,3,64,0.046875,1,1,0.4251242,-26.010999
26117,MeerKAT:array_1:20250711T092345Z,Gaia_4790694929566249088,1,870.121112421155,-0.04100304325462393,15.694526,4,64,0.0625,1,1,4.6442444350931416,-43.65712168073455
5555,MeerKAT:array_1:20250712T080758Z,Gaia_2323488182270328704,27,867.8982107788324,-0.19476445545946366,15.6593275,4,64,0.0625,1,1,0.43432951554742244,-26.074471819686558
23277,MeerKAT:array_1:20250711T085603Z,Gaia_4814724245090845952,2,870.0685012042522,-0.2460182595277436,15.642692,4,64,0.0625,1,1,4.656040254433232,-43.35870343738148
18644,MeerKAT:array_1:20250708T092055Z,Gaia_2973638478747155200,28,879.9704657196999,-0.15376141220483974,15.577055,4,64,0.0625,1,1,4.774544744705726,-22.19963634098426
4507,MeerKAT:array_1:20250712T065251Z,ex_2MASX_J00253041-2600396,2,867.7644625008106,0.27677054196871154,15.570601,1,64,0.015625,1,1,0.4251242,-26.010999
4609,MeerKAT:array_1:20250712T072515Z,ex_2dFGRS_TGS138Z236,4,860.2017511427402,0.21526597708677564,15.535031,1,64,0.015625,1,1,0.43377780000000005,-26.044444
31764,MeerKAT:array_1:20250713T113750Z,Gaia_5096257461558006144,10,869.9928680956364,-0.10250760813655982,15.513726,3,64,0.046875,1,1,4.141783766439086,-17.902314547975237
23092,MeerKAT:array_1:20250711T082812Z,Gaia_4790696376970983040,28,875.0448938012123,-0.09225684732290385,15.461089,1,64,0.015625,1,1,4.656681758129356,-43.672004368277804
5936,MeerKAT:array_1:20250712T084022Z,Gaia_2323463580697634048,31,867.8963963240385,-0.04100304325462393,15.427666,1,64,0.015625,1,1,0.419358123102944,-26.15294827933548
5148,MeerKAT:array_1:20250712T073536Z,Gaia_2323478836421514368,36,864.0853110104799,-0.03075228244096795,15.424027,1,64,0.015625,1,1,0.44587756176950755,-25.992583195438108
26340,MeerKAT:array_1:20250711T092345Z,Gaia_4814736850818834176,20,870.1211219877005,-0.16401217301849572,15.420533,1,64,0.015625,1,1,4.690378242730814,-43.25907975379896
6339,MeerKAT:array_1:20250712T091244Z,Gaia_2323474988130797312,40,866.6568701863289,0.21526597708677564,15.411033,3,64,0.046875,1,1,0.44001318922457344,-26.145870969678096
18714,MeerKAT:array_1:20250708T094824Z,Gaia_2973932941704560640,34,870.4524561017752,-0.31777358522333543,15.346899,2,64,0.03125,1,1,4.79194957700667,-21.834720107273952
4994,MeerKAT:array_1:20250712T072515Z,Gaia_2323547418459266560,31,868.2036275267601,0.21526597708677564,15.323868,3,64,0.046875,1,1,0.42099038138356015,-25.756586342882894
10027,MeerKAT:array_1:20250731T041226Z,ex_SDSS_J002237.90+000519.0,11,863.9559649378061,0.1845136946458077,15.225818,1,64,0.015625,1,1,0.3771956666666667,0.08863700000000001
9429,MeerKAT:array_1:20250731T021904Z,ex_SDSS_J002250.07-000003.0,12,864.0688868463039,-0.1230091297638718,15.211025,4,64,0.0625,2,1,0.380575,-0.000837
4642,MeerKAT:array_1:20250712T072515Z,Gaia_2323474988130797312,38,860.2017591148615,0.07175532569559187,15.207323,3,64,0.046875,1,1,0.44001318922457344,-26.145870969678096
4574,MeerKAT:array_1:20250712T072515Z,Gaia_2322720104678830336,48,856.2008129507303,0.21526597708677564,15.143957,2,64,0.03125,1,1,0.45273977998433385,-26.237111451272025
23291,MeerKAT:array_1:20250711T085603Z,Gaia_4814722595823458688,4,869.8644212782383,-0.33827510685064743,15.136723,4,64,0.0625,1,1,4.6548437252129355,-43.39991835413826
31817,MeerKAT:array_1:20250713T113750Z,Gaia_5096255296894495488,38,869.9943955540657,-0.08200608650924786,15.119278,3,64,0.046875,1,1,4.134113280533625,-17.97881754231401
59679,MeerKAT:array_1:20250712T091244Z,Gaia_2323470246486896512,60,919.7921902835369,0.1845136946458077,15.104871,3,64,0.046875,1,1,0.4214209569914575,-25.974387940510663
58033,MeerKAT:array_1:20250712T065251Z,Gaia_2323471723955675136,25,919.9986937344074,-0.03075228244096795,14.996416,2,64,0.03125,1,1,0.444145311911225,-26.182146797198033
86155,MeerKAT:array_1:20250708T092055Z,Gaia_2973638478747155200,28,923.9689934700727,-0.25626902034139953,14.964078,4,64,0.0625,1,1,4.774544744705726,-22.19963634098426
27408,MeerKAT:array_1:20250711T095125Z,Gaia_4815473940222636160,1,872.4540229588747,0.14351065139118374,14.93518,1,64,0.015625,1,1,4.645253120102014,-43.38348383502934
23961,MeerKAT:array_1:20250711T085603Z,ex_QSO_J0441-4313,8,870.3387130647898,-0.33827510685064743,14.930036,4,64,0.0625,1,1,4.6881496,-43.229302
19158,MeerKAT:array_1:20250708T094824Z,Gaia_2973726641538374784,63,874.9887365847826,-0.1127583689502158,14.914969,3,64,0.046875,1,1,4.814706831504631,-22.03913741946642
5780,MeerKAT:array_1:20250712T084022Z,Gaia_2323447431620627712,36,864.0852121561766,0.1230091297638718,14.90379,4,64,0.0625,1,1,0.438142851620719,-26.28033727736541
58740,MeerKAT:array_1:20250712T073536Z,Gaia_2323501960525432320,55,919.9978789836168,-0.37927815010527133,14.891663,2,64,0.03125,1,1,0.44401476832914566,-25.77300153566536
18669,MeerKAT:array_1:20250708T092055Z,Gaia_2973621711194831360,53,879.9704673141241,-0.21526597708677564,14.789557,1,64,0.015625,1,1,4.784947753227324,-22.346382502816084
6022,MeerKAT:array_1:20250712T091244Z,Gaia_2323514879787014528,9,863.9564480483532,0.03075228244096795,14.720483,1,64,0.015625,1,1,0.410160318644558,-26.03475002646211
57175,MeerKAT:array_1:20250703T015225Z,Gaia_6891261286832638336,25,919.7944655269384,0.04100304325462393,14.699248,1,64,0.015625,2,2,21.546253595384666,-11.994793563818957
26302,MeerKAT:array_1:20250711T092345Z,Gaia_4790678441187588352,16,870.34188118577,-0.10250760813655982,14.649282,1,64,0.015625,1,1,4.679077810663393,-43.90247901186525
31813,MeerKAT:array_1:20250713T113750Z,Gaia_5096255296894495232,36,869.9943955540657,-0.08200608650924786,14.649264,3,64,0.046875,1,1,4.134301653107812,-17.977292404819377
58679,MeerKAT:array_1:20250712T073536Z,Gaia_2323497596838660992,29,919.9978789836168,-0.37927815010527133,14.50273,2,64,0.03125,1,1,0.44672332300852996,-25.873406683865543
18660,MeerKAT:array_1:20250708T092055Z,Gaia_2973638375667942272,44,879.9704657196999,-0.15376141220483974,14.49607,4,64,0.0625,1,1,4.773836115007597,-22.208524610909944
29674,MeerKAT:array_1:20250713T073717Z,ex_LEDA_877099,8,872.0422644913197,-0.10250760813655982,14.486987,2,64,0.03125,1,1,4.152944466666667,-17.812222
18634,MeerKAT:array_1:20250708T092055Z,Gaia_2973933594539587328,18,879.9704736918211,-0.2870213027823675,14.396835,1,64,0.015625,1,1,4.79418654958201,-21.766435767804776
19701,MeerKAT:array_1:20250708T101552Z,Gaia_2973928784176191232,24,875.0032299011946,-0.25626902034139953,14.354673,4,64,0.0625,1,1,4.7749266992050385,-21.87528016037279
10095,MeerKAT:array_1:20250731T041226Z,Gaia_2546865342527290368,46,863.9559633433819,0.2255167379004316,14.3265295,2,64,0.03125,1,1,0.36675543782132014,0.5058531711565664
2129,MeerKAT:array_1:20250702T222259Z,Gaia_6891223388041161856,55,864.0010329335928,-0.09225684732290385,14.305621,3,64,0.046875,1,1,21.532663683027007,-12.333912580282394
4586,MeerKAT:array_1:20250712T072515Z,Gaia_2323461793991240064,60,856.2008193284273,0.08200608650924786,14.241586,1,64,0.015625,1,1,0.42223462175330884,-26.230979842579554
33472,MeerKAT:array_1:20250719T212149Z,Gaia_4216977119478326016,3,875.0023418068886,0.05125380406827991,14.23644,4,64,0.0625,1,1,20.166699651554207,-6.533098022174293
54975,MeerKAT:array_1:20250701T220028Z,Gaia_1315708122406813312,35,919.9845352470875,0.0615045648819359,14.232788,1,64,0.015625,2,1,16.17719964589419,26.634551681305613
26719,MeerKAT:array_1:20250711T092345Z,Gaia_4791452359934653952,52,870.1211267709732,-0.3075228244096795,14.219596,4,64,0.0625,1,1,4.6404822497358875,-43.5300470198016
4515,MeerKAT:array_1:20250712T065251Z,Gaia_2323480588768172800,31,867.7644640952349,0.1845136946458077,14.211741,1,64,0.015625,1,1,0.4532564387355618,-26.03198844838704
26648,MeerKAT:array_1:20250711T092345Z,Gaia_4814716960826345728,46,870.3418795913458,-0.20501521627311964,14.1812935,1,64,0.015625,1,1,4.677034763195188,-43.284084540095044
112539,MeerKAT:array_1:20250712T013838Z,Gaia_4216970797286312960,30,924.9973636269569,0.04100304325462393,14.16173,1,64,0.015625,2,1,20.170753361860957,-6.667769336120112
86148,MeerKAT:array_1:20250708T092055Z,Gaia_2973634939694102272,21,923.9689934700727,-0.25626902034139953,14.124271,4,64,0.0625,1,1,4.779455286153813,-22.254499411057882
9490,MeerKAT:array_1:20250731T021904Z,Gaia_2542280275960600960,35,864.0688868463039,-0.1230091297638718,14.1092615,4,64,0.0625,2,1,0.3738682137904102,-0.09118823223574624
26497,MeerKAT:array_1:20250711T092345Z,Gaia_4790703386357613184,34,870.341874808073,-0.09225684732290385,14.084021,2,64,0.03125,1,1,4.643098705639081,-43.49211955415151
25424,MeerKAT:array_1:20250711T085603Z,ex_LEDA_546619,30,874.5101813077927,-0.2972720635960235,14.075497,4,64,0.0625,1,1,4.672555533333333,-43.62
24008,MeerKAT:array_1:20250711T085603Z,ex_GALEX_J044047.1-432429,10,870.60029271245,-0.33827510685064743,14.065897,4,64,0.0625,1,1,4.679750333333334,-43.408327
112489,MeerKAT:array_1:20250712T013838Z,Gaia_4216769449220693376,3,924.9973620325327,0.0615045648819359,13.997032,1,64,0.015625,2,1,20.199789991768636,-6.776069099642439
31798,MeerKAT:array_1:20250713T113750Z,Gaia_5096288866358856192,28,869.9928601235151,-0.03075228244096795,13.995058,2,64,0.03125,1,1,4.1503368410797155,-17.613483402978332
9440,MeerKAT:array_1:20250731T021904Z,ex_[VV2006]_J002342.4+002041,16,864.0688868463039,-0.13325989057752777,13.987759,4,64,0.0625,2,1,0.3951038666666667,0.344941
24586,MeerKAT:array_1:20250711T085603Z,ex_PGC0130374,38,870.4289702326059,-0.27677054196871154,13.975865,2,64,0.03125,1,1,4.6819722,-43.766111
58321,MeerKAT:array_1:20250712T072515Z,Gaia_2323543054772496512,22,919.7934785783291,-0.25626902034139953,13.959768,4,64,0.0625,1,1,0.42715601514309715,-25.831916909610552
26807,MeerKAT:array_1:20250711T092345Z,Gaia_4814705793911396224,59,870.4154654592276,-0.1742629338321517,13.913564,2,64,0.03125,1,1,4.666528231000489,-43.569380407041876
86165,MeerKAT:array_1:20250708T092055Z,Gaia_2973632397073468928,38,923.9689934700727,-0.25626902034139953,13.8264265,4,64,0.0625,1,1,4.773212482210964,-22.24962205732848
4559,MeerKAT:array_1:20250712T072515Z,Gaia_2323466982311731200,33,856.2008145451546,0.16401217301849572,13.7869625,1,64,0.015625,1,1,0.41918448036555417,-26.092458850575703
27177,MeerKAT:array_1:20250711T092345Z,Gaia_4790682564356198912,12,879.9766074419022,-0.08200608650924786,13.781756,2,64,0.03125,1,1,4.665969599152861,-43.819929225432276
26056,MeerKAT:array_1:20250711T092345Z,Gaia_4814721010979139712,41,870.0107320249081,-0.04100304325462393,13.7807255,3,64,0.046875,1,1,4.658792008486357,-43.415537495985824
22383,MeerKAT:array_1:20250711T073156Z,Gaia_4790689711181745280,29,872.4540325254202,0.1127583689502158,13.638715,3,64,0.046875,2,1,4.656121695751892,-43.77918293497016
24675,MeerKAT:array_1:20250711T085603Z,ex_6dFGS_gJ044108.0-431332,42,870.3634298294783,-0.26651978115505554,13.635091,4,64,0.0625,1,1,4.6855278,-43.225556000000005
26128,MeerKAT:array_1:20250711T092345Z,Gaia_4790694929566249088,1,870.341887563467,-0.25626902034139953,13.633679,1,64,0.015625,1,1,4.6442444350931416,-43.65712168073455
31761,MeerKAT:array_1:20250713T113750Z,Gaia_5096257014881405312,8,869.9943764209747,0.2357674987140876,13.616424,1,64,0.015625,1,1,4.144187399707862,-17.899201191564124
31780,MeerKAT:array_1:20250713T113750Z,Gaia_5096092534813467136,18,869.9928728789091,-0.16401217301849572,13.608953,1,64,0.015625,1,1,4.153374649892005,-17.893826296867374
31776,MeerKAT:array_1:20250713T113750Z,Gaia_5096280379503492480,16,869.9928808510303,-0.26651978115505554,13.598085,1,64,0.015625,1,1,4.148514993388565,-17.8924725216209
88062,MeerKAT:array_1:20250708T101552Z,Gaia_2973619340372949504,12,923.968422666192,-0.20501521627311964,13.569944,2,64,0.03125,1,1,4.797162772397252,-22.365149925266635
18624,MeerKAT:array_1:20250708T092055Z,Gaia_2973665897818189184,8,879.9704657196999,-0.15376141220483974,13.568326,4,64,0.0625,1,1,4.807921268747345,-22.340169476703757
60353,MeerKAT:array_1:20250719T030257Z,Gaia_2311978838148258176,52,919.7944639325142,0.0615045648819359,13.551497,3,64,0.046875,1,1,23.703855694791585,-34.98463319481371
18312,MeerKAT:array_1:20250708T092055Z,Gaia_2973728707419862784,13,875.0041610449553,-0.1742629338321517,13.538074,1,64,0.015625,1,1,4.819039922130119,-21.97406263711876
9546,MeerKAT:array_1:20250731T021904Z,Gaia_2546816448619595392,56,864.0688868463039,-0.1230091297638718,13.536767,4,64,0.0625,2,1,0.3678031384882715,0.3912302350770336
4518,MeerKAT:array_1:20250712T065251Z,Gaia_2322720139038568576,47,867.8792753964663,-0.3485258676643034,13.440581,2,64,0.03125,1,1,0.4534530408654957,-26.22968072804193
29688,MeerKAT:array_1:20250713T073717Z,Gaia_5096258698508594048,22,872.0422644913197,-0.10250760813655982,13.440259,2,64,0.03125,1,1,4.130771094474078,-17.934428921302874
58311,MeerKAT:array_1:20250712T072515Z,Gaia_2323475263008703872,18,919.7934785783291,-0.25626902034139953,13.430698,4,64,0.0625,1,1,0.4384958764061941,-26.126092945534804
26434,MeerKAT:array_1:20250711T092345Z,Gaia_4790680846369268736,28,870.3418604582548,0.1127583689502158,13.404262,1,64,0.015625,1,1,4.67789310322079,-43.794137797103
4522,MeerKAT:array_1:20250712T065251Z,Gaia_2323515189024659968,49,867.8792706131935,0.14351065139118374,13.368617,1,64,0.015625,1,1,0.4111793918423009,-26.035920199520245
6217,MeerKAT:array_1:20250712T091244Z,Gaia_2322720104678830336,50,863.9901334494352,0.03075228244096795,13.367584,1,64,0.015625,1,1,0.45273977998433385,-26.237111451272025
26015,MeerKAT:array_1:20250711T092345Z,Gaia_4790685210056006784,24,870.0107415914536,-0.21526597708677564,13.339582,3,64,0.046875,1,1,4.66796851254216,-43.710003708400606
60120,MeerKAT:array_1:20250719T003939Z,ex_LEDA_650598,31,919.7944065332413,0.04100304325462393,13.298865,3,64,0.046875,2,1,23.71958333333333,-35.304167
32110,MeerKAT:array_1:20250713T120523Z,Gaia_5096059171507516928,59,869.9925492107868,-0.08200608650924786,13.236587,3,64,0.046875,1,1,4.137519212956903,-18.138239478897688
366047,MeerKAT:array_1:20250706T063501Z,Gaia_4802509942216919808,52,924.997647434473,-0.020501521627311965,13.21956,2,64,0.03125,1,1,5.6217011233449385,-43.89177076860932
32109,MeerKAT:array_1:20250713T120523Z,Gaia_5096257564637223168,52,869.9925492107868,-0.08200608650924786,13.193024,3,64,0.046875,1,1,4.1385589397433025,-17.905443661560824
86333,MeerKAT:array_1:20250708T092055Z,Gaia_2973747673995344640,47,924.9979790747166,-0.14351065139118374,13.189352,2,64,0.03125,1,1,4.803145099073812,-21.75251056254364
31778,MeerKAT:array_1:20250713T113750Z,Gaia_5096087140334575488,17,869.9928601235151,-0.03075228244096795,13.17153,2,64,0.03125,1,1,4.158722751304443,-18.02154434796251
20440,MeerKAT:array_1:20250708T112920Z,ex_ATO_J072.0068-21.7529,63,874.9924547821283,-0.2255167379004316,13.171026,4,64,0.0625,1,1,4.800455066666667,-21.752975
20425,MeerKAT:array_1:20250708T112920Z,Gaia_2973935003288858624,58,874.9924547821283,-0.2255167379004316,13.16904,4,64,0.0625,1,1,4.8004544724186875,-21.752960068325784
28157,MeerKAT:array_1:20250711T110722Z,Gaia_4814705484673751296,22,874.9913083910942,-0.15376141220483974,13.168884,2,64,0.03125,2,1,4.668437026708025,-43.60960507288868
18632,MeerKAT:array_1:20250708T092055Z,Gaia_2973934865849905920,16,879.9704705029726,-0.2460182595277436,13.158277,1,64,0.015625,1,1,4.798650889930966,-21.766804360216017
58295,MeerKAT:array_1:20250712T072515Z,Gaia_2323514707988323200,11,919.7934785783291,-0.25626902034139953,13.133848,4,64,0.0625,1,1,0.408112466028178,-26.06824740804821
5551,MeerKAT:array_1:20250712T080758Z,Gaia_2323484368339403648,25,867.8789405673742,-0.3075228244096795,13.080204,2,64,0.03125,1,1,0.45542195591159274,-25.941446972378664
17466,MeerKAT:array_1:20250706T141948Z,Gaia_4802477811565559936,31,871.9998113512993,-0.05125380406827991,13.061232,4,64,0.0625,1,1,5.617012407423392,-44.25195264601545
19102,MeerKAT:array_1:20250708T094824Z,Gaia_2973726817634356224,48,874.9887365847826,-0.1127583689502158,13.0554905,3,64,0.046875,1,1,4.812809469048865,-22.026739194080356
31841,MeerKAT:array_1:20250713T113750Z,Gaia_5096300406934355840,51,869.9928680956364,-0.09225684732290385,13.050949,3,64,0.046875,1,1,4.1444870980060005,-17.61366188590136
33251,MeerKAT:array_1:20250719T113106Z,Gaia_2992960677620669824,40,876.2146208286285,0.1845136946458077,13.039129,1,64,0.015625,1,1,6.163844594626137,-15.904605194793476
25418,MeerKAT:array_1:20250711T085603Z,ex_LEDA_550158,28,874.5101829022169,-0.31777358522333543,12.927156,1,64,0.015625,1,1,4.67075,-43.326111
24748,MeerKAT:array_1:20250711T085603Z,ex_LEDA_550620,45,870.3387130647898,-0.33827510685064743,12.897644,4,64,0.0625,1,1,4.6892222000000015,-43.287778
24804,MeerKAT:array_1:20250711T085603Z,Gaia_4814711458972055680,47,870.4899123162031,-0.33827510685064743,12.85243,1,64,0.015625,1,1,4.691098498530638,-43.431628057840925
54981,MeerKAT:array_1:20250701T220028Z,Gaia_1315967293617075840,41,919.9845400303602,-0.03075228244096795,12.82865,2,64,0.03125,2,1,16.145285691747983,27.026204492953465
58689,MeerKAT:array_1:20250712T073536Z,Gaia_2323545631752871680,33,919.7934116125107,-0.05125380406827991,12.823496,4,64,0.0625,1,1,0.41495575354893793,-25.800299572204047
33297,MeerKAT:array_1:20250719T113106Z,Gaia_2992974490235407360,61,876.214630395174,0.08200608650924786,12.802032,3,64,0.046875,1,1,6.1744883356453775,-15.655132109572751
4514,MeerKAT:array_1:20250712T065251Z,Gaia_2323497596838660992,28,867.8792753964663,-0.09225684732290385,12.801484,1,64,0.015625,1,1,0.44672332300852996,-25.873406683865543
1979,MeerKAT:array_1:20250702T222259Z,Gaia_6891291214164730880,19,864.0010329335928,-0.09225684732290385,12.799883,3,64,0.046875,1,1,21.50580034930643,-12.09476043124994
16146,MeerKAT:array_1:20250706T093833Z,Gaia_4802831137051634688,23,872.0094528347254,-0.04100304325462393,12.776038,2,64,0.03125,1,1,5.6590796196056194,-43.75652864734912
6308,MeerKAT:array_1:20250712T091244Z,Gaia_2323460591400385152,8,866.6568638086319,0.2972720635960235,12.753819,3,64,0.046875,1,1,0.40761898681098324,-26.199979240884268
27258,MeerKAT:array_1:20250711T092345Z,Gaia_4814652158359882752,36,879.9765946865082,0.05125380406827991,12.75124,1,64,0.015625,1,1,4.694333093243185,-43.813957795250346
58621,MeerKAT:array_1:20250712T073536Z,ex_2MASX_J00253041-2600396,2,919.7934116125107,-0.05125380406827991,12.747715,4,64,0.0625,1,1,0.4251242,-26.010999
365927,MeerKAT:array_1:20250706T063501Z,Gaia_4802453729684965760,12,924.997647434473,-0.020501521627311965,12.747094,2,64,0.03125,1,1,5.667963531482492,-43.94882095635876
21310,MeerKAT:array_1:20250708T125143Z,Gaia_2973714860445353216,43,875.0023625344038,-0.16401217301849572,12.736736,3,64,0.046875,1,1,4.805147732076809,-22.21093773416795
18712,MeerKAT:array_1:20250708T094824Z,Gaia_2973830515324686976,24,870.2972341179848,-0.2972720635960235,12.735284,3,64,0.046875,1,1,4.772673567805199,-22.037277351998767
24641,MeerKAT:array_1:20250711T085603Z,ex_LEDA_550336,40,870.60029271245,-0.33827510685064743,12.697824,4,64,0.0625,1,1,4.6828888666666675,-43.311667
19231,MeerKAT:array_1:20250708T094824Z,Gaia_2973722213429327360,25,879.2238558381796,-0.3485258676643034,12.663574,2,64,0.03125,1,1,4.819352629197102,-22.120307555715957
26230,MeerKAT:array_1:20250711T092345Z,Gaia_4814664252987685632,10,870.4154606759548,-0.04100304325462393,12.653266,2,64,0.03125,1,1,4.696808795783004,-43.46910412328953
59580,MeerKAT:array_1:20250712T091244Z,Gaia_2323515223384398592,14,919.7921886891127,0.2255167379004316,12.65012,1,64,0.015625,1,1,0.412468329714072,-26.034595771282632
15271,MeerKAT:array_1:20250706T040458Z,Gaia_2545302794769170048,54,874.9985263496637,0.0615045648819359,12.608818,4,64,0.0625,1,1,0.35509407713941626,0.16238453099719746
32944,MeerKAT:array_1:20250719T113106Z,Gaia_2993042041480614144,20,872.2136491537094,0.09225684732290385,12.570079,2,64,0.03125,1,1,6.158366537013832,-15.362949391028039
18723,MeerKAT:array_1:20250708T094824Z,Gaia_2973726989432958208,60,870.4524561017752,-0.2870213027823675,12.538503,1,64,0.015625,1,1,4.812487315788324,-22.00730141066672
26245,MeerKAT:array_1:20250711T092345Z,Gaia_4790682564356198912,12,870.1211219877005,-0.1127583689502158,12.53438,1,64,0.015625,1,1,4.665969599152861,-43.819929225432276
5673,MeerKAT:array_1:20250712T084022Z,Gaia_2323445129518134144,13,864.0852169394493,0.03075228244096795,12.52548,4,64,0.0625,1,1,0.43120273447036295,-26.38311187631232
15214,MeerKAT:array_1:20250706T040458Z,Gaia_2546796623050596480,35,874.9985263496637,0.0615045648819359,12.518725,4,64,0.0625,1,1,0.3934089901517984,0.23937197964804885
5541,MeerKAT:array_1:20250712T080758Z,Gaia_2323475263008703872,19,867.8789421617985,-0.31777358522333543,12.486363,2,64,0.03125,1,1,0.4384958764061941,-26.126092945534804
19056,MeerKAT:array_1:20250708T094824Z,Gaia_2973726710258243584,35,874.9887365847826,-0.1127583689502158,12.450456,3,64,0.046875,1,1,4.814457292855569,-22.026571986777792
27223,MeerKAT:array_1:20250711T092345Z,Gaia_4814735545148476800,25,879.9766106307507,-0.1742629338321517,12.44942,1,64,0.015625,1,1,4.69118556220868,-43.32244436158716
32108,MeerKAT:array_1:20250713T120523Z,Gaia_5096100918589623168,46,869.9925619661808,-0.33827510685064743,12.423729,1,64,0.015625,1,1,4.168359465287741,-17.746841442740564
23814,MeerKAT:array_1:20250711T085603Z,Gaia_4814724245090845952,2,870.338714659214,-0.3587766284779594,12.421433,1,64,0.015625,1,1,4.656040254433232,-43.35870343738148
5608,MeerKAT:array_1:20250712T080758Z,Gaia_2323496840924417792,63,867.8982075899839,-0.2357674987140876,12.41215,4,64,0.0625,1,1,0.4445874490180622,-25.915246348874202
26422,MeerKAT:array_1:20250711T092345Z,Gaia_4814724382529799808,27,870.4154622703791,-0.09225684732290385,12.3988905,4,64,0.0625,1,1,4.65286861163457,-43.34829068784147
15202,MeerKAT:array_1:20250706T040458Z,ex_LEDA_1152843,31,874.998527944088,0.04100304325462393,12.340963,1,64,0.015625,1,1,0.38534046666666666,-0.063491
58126,MeerKAT:array_1:20250712T065251Z,Gaia_2323547040502143744,61,919.9987033009529,-0.25626902034139953,12.32327,2,64,0.03125,1,1,0.41774027391317337,-25.73047832623338
27071,MeerKAT:array_1:20250711T092345Z,Gaia_4790680846369268736,28,876.56150855124,-0.3075228244096795,12.309949,1,64,0.015625,2,1,4.67789310322079,-43.794137797103
25042,MeerKAT:array_1:20250711T085603Z,Gaia_4790703317638135808,59,870.3634314239025,-0.2870213027823675,12.301804,4,64,0.0625,1,1,4.644831723541808,-43.50853771997735
18721,MeerKAT:array_1:20250708T094824Z,Gaia_2973829828129917696,54,870.2972341179848,-0.2972720635960235,12.276493,3,64,0.046875,1,1,4.775259611085118,-22.033261483144322
26450,MeerKAT:array_1:20250711T092345Z,Gaia_4814660954452869632,30,870.4522679597139,-0.25626902034139953,12.265243,4,64,0.0625,1,1,4.699707994893376,-43.625162725083754
23426,MeerKAT:array_1:20250711T085603Z,ex_LEDA_130375,20,869.7958450913429,-0.3587766284779594,12.262744,1,64,0.015625,1,1,4.662655666666668,-43.411836
26704,MeerKAT:array_1:20250711T092345Z,Gaia_4790689814260965888,50,870.415475025773,-0.25626902034139953,12.24562,2,64,0.03125,1,1,4.65070247795314,-43.83823028607529
32106,MeerKAT:array_1:20250713T120523Z,Gaia_5096047420477034496,20,869.9925492107868,-0.08200608650924786,12.226447,3,64,0.046875,1,1,4.155704590716585,-18.2656769355045
2161,MeerKAT:array_1:20250702T222259Z,Gaia_6891272281948948864,63,864.0010329335928,-0.09225684732290385,12.21669,3,64,0.046875,1,1,21.529381885832834,-11.918789152299734
16147,MeerKAT:array_1:20250706T093833Z,Gaia_4802458299530253696,60,872.0094528347254,-0.04100304325462393,12.215436,2,64,0.03125,1,1,5.650291951833832,-44.434527145082974
4023,MeerKAT:array_1:20250709T050322Z,Gaia_4936858683898776064,36,863.9844477325678,0.07175532569559187,12.185866,3,64,0.046875,2,1,2.17013208843949,-50.95860120669859
15235,MeerKAT:array_1:20250706T040458Z,Gaia_2546813115724975872,42,874.9985263496637,0.0615045648819359,12.179035,4,64,0.0625,1,1,0.3725918081856032,0.35025398977839534
2767,MeerKAT:array_1:20250703T001453Z,ex_LEDA_957167,49,864.0003505200148,-0.14351065139118374,12.174465,3,64,0.046875,1,1,21.55119446666667,-12.137778
8411,MeerKAT:array_1:20250720T121928Z,ex_2MASX_J13380283-1242156,15,863.9588046073914,0.08200608650924786,12.16043,3,64,0.046875,1,1,13.634129333333334,-12.704487
17450,MeerKAT:array_1:20250706T141948Z,Gaia_4802447648011278464,15,871.9998113512993,-0.05125380406827991,12.129808,4,64,0.0625,1,1,5.678010343897713,-44.099383016151336
15247,MeerKAT:array_1:20250706T040458Z,Gaia_2546826687820409856,46,874.9985263496637,0.0615045648819359,12.0659,4,64,0.0625,1,1,0.38951664201909636,0.4519376941278924
25116,MeerKAT:array_1:20250711T085603Z,Gaia_4790703317638134144,62,870.3634330183268,-0.3075228244096795,12.059081,4,64,0.0625,1,1,4.64511613306434,-43.50489438990966
2670,MeerKAT:array_1:20250703T001453Z,Gaia_6891253963917590528,13,864.0003505200148,-0.14351065139118374,12.05631,3,64,0.046875,1,1,21.54209347932042,-12.072579368194939
31784,MeerKAT:array_1:20250713T113750Z,Gaia_5096090645027881088,21,869.9943955540657,-0.10250760813655982,12.039612,4,64,0.0625,1,1,4.162920304249312,-17.877805660910763
5933,MeerKAT:array_1:20250712T084022Z,ex_2dFGRS_TGS138Z236,4,867.7710538506508,-0.07175532569559187,12.020543,1,64,0.015625,1,1,0.43377780000000005,-26.044444
6660,MeerKAT:array_1:20250718T233501Z,ex_2dFGRS_TGS544Z309,15,863.9902323037386,-0.03075228244096795,12.013548,1,63,0.015873015873015872,1,1,23.700166666666664,-34.806667000000004
17480,MeerKAT:array_1:20250706T141948Z,Gaia_4802416586807956480,45,871.9998113512993,-0.05125380406827991,12.006786,4,64,0.0625,1,1,5.6604493225171595,-44.422003793968926
54961,MeerKAT:array_1:20250701T220028Z,Gaia_1315532234905609344,23,919.9845400303602,-0.03075228244096795,12.002473,2,64,0.03125,2,1,16.1309658851564,26.64617435182956
18725,MeerKAT:array_1:20250708T094824Z,Gaia_2973728088944479104,62,870.2972341179848,-0.32802434603699143,11.994877,3,64,0.046875,1,1,4.810215306177019,-21.96747213462873
58745,MeerKAT:array_1:20250712T073536Z,Gaia_2323502510281245440,57,919.7934116125107,-0.05125380406827991,11.991735,4,64,0.0625,1,1,0.4384269158389503,-25.77105180136157
26720,MeerKAT:array_1:20250711T092345Z,Gaia_4791452359934653952,52,870.1331838071346,-0.05125380406827991,11.981336,1,64,0.015625,1,1,4.6404822497358875,-43.5300470198016
55210,MeerKAT:array_1:20250702T211800Z,Gaia_6843207680896341120,20,919.7939728498459,0.3075228244096795,11.94032,4,64,0.0625,2,1,21.543756955187412,-12.341482103518068
21280,MeerKAT:array_1:20250708T125143Z,Gaia_2973636103628516992,33,875.0023625344038,-0.16401217301849572,11.92645,3,64,0.046875,1,1,4.786390508496759,-22.23404202230175
18662,MeerKAT:array_1:20250708T092055Z,Gaia_2973828144502741632,46,879.9704657196999,-0.14351065139118374,11.862045,4,64,0.0625,1,1,4.77209128627901,-22.08013691896438
6362,MeerKAT:array_1:20250712T091244Z,Gaia_2323486086326321792,63,866.6568638086319,0.2972720635960235,11.838306,3,64,0.046875,1,1,0.45585907702270373,-25.906111422922177
25065,MeerKAT:array_1:20250711T085603Z,Gaia_4814702323577882624,60,870.3634314239025,-0.2870213027823675,11.820876,4,64,0.0625,1,1,4.682884809590513,-43.66312892952894
25336,MeerKAT:array_1:20250711T085603Z,ex_LEDA_549534,14,872.6397638171911,0.05125380406827991,11.818739,4,64,0.0625,1,1,4.653527799999999,-43.376667
5506,MeerKAT:array_1:20250712T080758Z,ex_2dFGRS_TGS138Z230,5,867.8789437562227,-0.3587766284779594,11.808932,4,64,0.0625,1,1,0.4409722,-25.986944
4616,MeerKAT:array_1:20250712T072515Z,Gaia_2323514707988323200,11,860.2017527371645,0.16401217301849572,11.803345,2,64,0.03125,1,1,0.408112466028178,-26.06824740804821
23816,MeerKAT:array_1:20250711T085603Z,Gaia_4814724245090845952,2,870.3634298294783,-0.26651978115505554,11.783483,4,64,0.0625,1,1,4.656040254433232,-43.35870343738148
86142,MeerKAT:array_1:20250708T092055Z,Gaia_2973722316508539776,14,923.9689902812243,-0.19476445545946366,11.780372,1,64,0.015625,1,1,4.819652306046136,-22.106328067929518
58386,MeerKAT:array_1:20250712T072515Z,Gaia_2323541680382961536,46,919.7934785783291,-0.25626902034139953,11.765114,4,64,0.0625,1,1,0.4226773580793781,-25.850567552477553
7963,MeerKAT:array_1:20250719T033518Z,ex_2dFGRS_TGS544Z221,33,864.068842202425,0.0615045648819359,11.751067,3,64,0.046875,1,1,23.721055533333335,-35.211111
58108,MeerKAT:array_1:20250712T065251Z,Gaia_2323501960525432320,54,919.9987017065287,-0.2357674987140876,11.741798,2,64,0.03125,1,1,0.44401476832914566,-25.77300153566536
3916,MeerKAT:array_1:20250709T050322Z,Gaia_4936745296762361216,7,863.9844477325678,0.07175532569559187,11.617393,3,64,0.046875,2,1,2.2100262523011573,-51.11376533368264
55223,MeerKAT:array_1:20250702T211800Z,Gaia_6891277607708390528,40,919.7939728498459,0.3075228244096795,11.609126,4,64,0.0625,2,1,21.533281979139947,-11.874786512352333
24610,MeerKAT:array_1:20250711T085603Z,ex_LEDA_546122,39,870.3634314239025,-0.2870213027823675,11.597126,4,64,0.0625,1,1,4.6825833333333335,-43.664167000000006
5738,MeerKAT:array_1:20250712T084022Z,Gaia_2323471723955675136,27,864.0852169394493,0.03075228244096795,11.595704,4,64,0.0625,1,1,0.444145311911225,-26.182146797198033
24968,MeerKAT:array_1:20250711T085603Z,Gaia_4814652982993590784,55,870.5634870231152,-0.19476445545946366,11.568466,1,64,0.015625,1,1,4.6860639984509636,-43.79986824753711
27132,MeerKAT:array_1:20250711T092345Z,Gaia_4790689814260965888,50,879.2236389964819,0.2870213027823675,11.546279,1,64,0.015625,1,1,4.65070247795314,-43.83823028607529
5578,MeerKAT:array_1:20250712T080758Z,Gaia_2323541680382961536,47,867.8982075899839,-0.1742629338321517,11.489588,1,64,0.015625,1,1,0.4226773580793781,-25.850567552477553
56980,MeerKAT:array_1:20250703T011955Z,Gaia_6891266440793409024,59,919.7943618893623,-0.03075228244096795,11.483721,2,64,0.03125,1,1,21.53146518350574,-12.064739321085314
26718,MeerKAT:array_1:20250711T092345Z,Gaia_4814731288837203840,51,870.4522695541382,-0.27677054196871154,11.478925,1,64,0.015625,1,1,4.659909378673284,-43.21085384208377
97078,MeerKAT:array_1:20250710T004923Z,Gaia_4216739384449371008,25,924.99093490839,0.07175532569559187,11.472386,1,64,0.015625,1,1,20.18072675927588,-7.000850271144432
31823,MeerKAT:array_1:20250713T113750Z,Gaia_5096075080066407168,41,869.9930865317583,-0.04100304325462393,11.470233,1,64,0.015625,1,1,4.162894213300633,-18.05405596569397
26572,MeerKAT:array_1:20250711T092345Z,Gaia_4814717201344514432,40,870.4522567987442,-0.08200608650924786,11.453086,3,64,0.046875,1,1,4.674992132271368,-43.257906336038324
917,MeerKAT:array_1:20250701T205536Z,Gaia_1315516051468922752,2,863.9580536335707,-0.03075228244096795,11.424716,1,64,0.015625,1,1,16.15179909607706,26.538321752380565
26194,MeerKAT:array_1:20250711T092345Z,Gaia_4814717579301657728,7,870.4154766201973,-0.2870213027823675,11.420975,1,64,0.015625,1,1,4.663874595240551,-43.56438483626821
18726,MeerKAT:array_1:20250708T094824Z,Gaia_2973726641538374784,63,870.4524561017752,-0.3075228244096795,11.414991,2,64,0.03125,1,1,4.814706831504631,-22.03913741946642
24522,MeerKAT:array_1:20250711T085603Z,ex_LEDA_547903,35,870.5634934008121,-0.26651978115505554,11.407681,1,64,0.015625,1,1,4.678843333333333,-43.509735
2769,MeerKAT:array_1:20250703T001453Z,Gaia_6891267952621897728,50,864.0003505200148,-0.14351065139118374,11.400037,3,64,0.046875,1,1,21.53407329165132,-11.993754597794672
7996,MeerKAT:array_1:20250719T033518Z,Gaia_2311990344364857984,45,864.068842202425,0.0615045648819359,11.391311,3,64,0.046875,1,1,23.686119108413834,-34.824221116885916
9860,MeerKAT:array_1:20250731T030702Z,Gaia_2546791159852136704,51,864.0687863975763,0.1845136946458077,11.339568,2,63,0.031746031746031744,1,1,0.3652179958972771,0.12884245241174172
59588,MeerKAT:array_1:20250712T091244Z,Gaia_2323451176832108672,18,919.7921902835369,0.19476445545946366,11.316336,3,64,0.046875,1,1,0.43666150725145125,-26.21537011793145
31783,MeerKAT:array_1:20250713T113750Z,Gaia_5096066696290217088,20,869.9930945038795,-0.16401217301849572,11.307512,2,64,0.03125,1,1,4.144780399765647,-18.02151418254042
1032,MeerKAT:array_1:20250701T205536Z,Gaia_1315526840426659584,52,863.9580456614494,0.0615045648819359,11.2866745,2,64,0.03125,1,1,16.140571595056766,26.52323790686512
4335,MeerKAT:array_1:20250709T052824Z,Gaia_4936833292052092416,46,863.9153326302767,0.1127583689502158,11.270086,1,64,0.015625,1,1,2.164232895882615,-51.287961635526685
4348,MeerKAT:array_1:20250709T052824Z,Gaia_4936845386679996672,49,863.9153342247009,0.09225684732290385,11.265276,2,64,0.03125,1,1,2.162167866988004,-51.248519538888736
26729,MeerKAT:array_1:20250711T092345Z,Gaia_4790685519293655168,53,870.1211012601852,0.2460182595277436,11.254227,1,64,0.015625,1,1,4.664251263323484,-43.70902635205668
31842,MeerKAT:array_1:20250713T113750Z,Gaia_5096074702109281664,52,869.9928680956364,-0.09225684732290385,11.254209,3,64,0.046875,1,1,4.167824803799603,-18.029385944381236
15674,MeerKAT:array_1:20250706T070740Z,Gaia_4802448094687886336,31,875.0041291564703,-0.03075228244096795,11.2485,1,64,0.015625,1,1,5.672826353035349,-44.116932951066936
33529,MeerKAT:array_1:20250719T212149Z,Gaia_4216723235372200320,22,875.0023418068886,0.05125380406827991,11.240525,4,64,0.0625,1,1,20.18742368136551,-7.085647020056507
23337,MeerKAT:array_1:20250711T085603Z,ex_ASASSN-V_J044053.36-432617.8,9,870.0685012042522,-0.2460182595277436,11.240397,4,64,0.0625,1,1,4.681488,-43.43829
914,MeerKAT:array_1:20250701T205536Z,Gaia_1315540893559681280,1,863.9580472558737,0.09225684732290385,11.231686,1,64,0.015625,1,1,16.139575385961148,26.812817353637488
4567,MeerKAT:array_1:20250712T072515Z,Gaia_2323461308659779968,41,856.2008225172758,0.04100304325462393,11.2130375,1,64,0.015625,1,1,0.4084601817173915,-26.15566720106375
59627,MeerKAT:array_1:20250712T091244Z,Gaia_2323473751180238080,37,919.9965651780367,0.04100304325462393,11.208161,2,64,0.03125,1,1,0.44695146972701244,-26.132411732705954
33637,MeerKAT:array_1:20250719T212149Z,Gaia_4216770239494934912,58,875.0023418068886,0.05125380406827991,11.206107,4,64,0.0625,1,1,20.209124829772904,-6.767475204865857
12475,MeerKAT:array_1:20250701T141247Z,ex_ASASSN-V_J133758.89-124619.2,22,872.1317706853151,-0.03075228244096795,11.189732,4,64,0.0625,1,1,13.633025333333334,-12.772
5733,MeerKAT:array_1:20250712T084022Z,Gaia_2323470796242741120,26,864.0852169394493,0.03075228244096795,11.159855,4,64,0.0625,1,1,0.4450502053538468,-26.224690408003458
25982,MeerKAT:array_1:20250711T092345Z,Gaia_4790682873593840768,4,870.0107320249081,-0.04100304325462393,11.088895,3,64,0.046875,1,1,4.66859444816198,-43.80858839010155
60121,MeerKAT:array_1:20250719T003939Z,Gaia_2311984576224577408,42,919.7944065332413,0.04100304325462393,11.077612,3,64,0.046875,2,1,23.68487654798556,-34.98737205018605
32971,MeerKAT:array_1:20250719T113106Z,Gaia_2992967927525411712,39,872.2136507481337,0.08200608650924786,11.038942,2,64,0.03125,1,1,6.176059824941919,-15.800497213491798
8487,MeerKAT:array_1:20250720T121928Z,ex_LEDA_941779,39,863.9588157683611,-0.1845136946458077,11.022947,4,64,0.0625,1,1,13.644083333333333,-13.169722000000002
9210,MeerKAT:array_1:20250731T014621Z,ex_[VV2006]_J002342.4+002041,16,864.0686859488487,0.3587766284779594,10.993038,2,64,0.03125,1,1,0.3951038666666667,0.344941
20870,MeerKAT:array_1:20250708T122415Z,Gaia_2973719670808718208,39,872.2142486572266,0.26651978115505554,10.978467,1,64,0.015625,1,1,4.804205749766748,-22.142469130066893
59578,MeerKAT:array_1:20250712T091244Z,Gaia_2323514707988323200,13,919.7921950668097,0.08200608650924786,10.97619,2,64,0.03125,1,1,0.408112466028178,-26.06824740804821
58675,MeerKAT:array_1:20250712T073536Z,Gaia_2323507939119865600,27,920.0908402949572,-0.03075228244096795,10.965498,1,64,0.015625,1,1,0.4070275109165918,-26.150170880911375
20335,MeerKAT:array_1:20250708T112920Z,Gaia_2973618962415819648,28,874.9924547821283,-0.2255167379004316,10.941703,4,64,0.0625,1,1,4.802060981994817,-22.347811276554786
58103,MeerKAT:array_1:20250712T065251Z,Gaia_2323457052347344640,52,919.9986921399832,-0.03075228244096795,10.937655,2,64,0.03125,1,1,0.4153387759664055,-26.22478242039848
19629,MeerKAT:array_1:20250708T101552Z,Gaia_2973930948839694464,5,875.0110122859478,-0.25626902034139953,10.93531,2,64,0.03125,1,1,4.780498936511609,-21.80480449845446
25409,MeerKAT:array_1:20250711T085603Z,ex_LEDA_550602,25,874.5101813077927,-0.2972720635960235,10.932417,4,64,0.0625,1,1,4.667118333333334,-43.288916
24727,MeerKAT:array_1:20250711T085603Z,ex_2MFGC_3840,44,870.3634362071753,-0.33827510685064743,10.90696,2,64,0.03125,1,1,4.686498066666667,-43.42469799999999
4509,MeerKAT:array_1:20250712T065251Z,Gaia_2323522988685265664,21,867.8792769908905,0.07175532569559187,10.87976,1,64,0.015625,1,1,0.40904565173195506,-25.80706425553769
8432,MeerKAT:array_1:20250720T121928Z,Gaia_3610236641572903552,22,863.9588046073914,0.08200608650924786,10.867988,3,64,0.046875,1,1,13.620131331758262,-12.799449345584831
25995,MeerKAT:array_1:20250711T092345Z,Gaia_4790685927314716416,8,870.0107240527868,0.16401217301849572,10.834131,1,64,0.015625,1,1,4.662721897951874,-43.666881653745975
8493,MeerKAT:array_1:20250720T121928Z,ex_LEDA_942369,41,863.9588157683611,-0.1127583689502158,10.8319235,3,64,0.046875,1,1,13.647111133333334,-13.134722
31802,MeerKAT:array_1:20250713T113750Z,Gaia_5096274710146663680,30,869.9928585290909,0.10250760813655982,10.822572,2,64,0.03125,1,1,4.132383220136932,-17.7208368441366
26289,MeerKAT:array_1:20250711T092345Z,Gaia_4814702250562055168,15,870.4154606759548,-0.04100304325462393,10.817131,2,64,0.03125,1,1,4.68526409921731,-43.6548419712241
4176,MeerKAT:array_1:20250709T052824Z,Gaia_4936955578360865408,12,863.9153342247009,0.09225684732290385,10.789512,2,64,0.03125,1,1,2.19132353099221,-50.747211774977465
31857,MeerKAT:array_1:20250713T113750Z,Gaia_5096289141236763648,60,869.9930945038795,-0.16401217301849572,10.78345,2,64,0.03125,1,1,4.148362771037634,-17.591628421521133
26171,MeerKAT:array_1:20250711T092345Z,Gaia_4790698709137405184,6,870.1331997513771,-0.2870213027823675,10.759045,2,64,0.03125,1,1,4.655136963691296,-43.619094036869114
9379,MeerKAT:array_1:20250731T014621Z,Gaia_2545284897641904256,59,864.0687098652124,0.05125380406827991,10.743972,1,64,0.015625,2,1,0.36816337212327443,-0.011618319582997833
31755,MeerKAT:array_1:20250713T113750Z,Gaia_5096066936808385920,5,869.9930897206068,-0.1127583689502158,10.731877,3,64,0.046875,1,1,4.142505882424454,-18.00840486827864
20392,MeerKAT:array_1:20250708T112920Z,Gaia_2973821306914811136,47,874.9924547821283,-0.2255167379004316,10.712071,4,64,0.0625,1,1,4.768393729150758,-22.177672180239966
5533,MeerKAT:array_1:20250712T080758Z,Gaia_2323496325528339456,15,867.763312920928,-0.1742629338321517,10.7108555,4,64,0.0625,1,1,0.4336127616599986,-25.828803618698714
1056,MeerKAT:array_1:20250701T205536Z,Gaia_1315902701604435328,61,863.9580472558737,0.04100304325462393,10.698254,1,64,0.015625,1,1,16.17517649915087,26.83606350667026
23967,MeerKAT:array_1:20250711T085603Z,ex_QSO_J0441-4313,8,870.4289750158787,-0.33827510685064743,10.685253,2,64,0.03125,1,1,4.6881496,-43.229302
26587,MeerKAT:array_1:20250711T092345Z,Gaia_4814721010979139712,41,870.599430128932,-0.09225684732290385,10.679157,4,64,0.0625,1,1,4.658792008486357,-43.415537495985824
9840,MeerKAT:array_1:20250731T030702Z,ex_SDSS_J002155.52+001434.3,7,864.0687848031521,0.19476445545946366,10.678921,2,63,0.031746031746031744,1,1,0.36542313333333337,0.242872
31786,MeerKAT:array_1:20250713T113750Z,ex_LEDA_876058,22,869.9928585290909,0.1127583689502158,10.660402,2,64,0.03125,1,1,4.130805533333334,-17.875833
5565,MeerKAT:array_1:20250712T080758Z,Gaia_2323546078429470080,38,867.7633240818977,-0.3075228244096795,10.650893,1,64,0.015625,1,1,0.417904539026241,-25.76805975998401
10130,MeerKAT:array_1:20250731T041226Z,Gaia_2546822083616734592,40,868.0943568497896,-0.2255167379004316,10.647998,1,64,0.015625,1,1,0.3960635830048689,0.3690624158081592
998,MeerKAT:array_1:20250701T205536Z,Gaia_1315903556301220096,37,863.9580456614494,0.0615045648819359,10.646128,2,64,0.03125,1,1,16.166371463408474,26.856458609972574
31858,MeerKAT:array_1:20250713T113750Z,Gaia_5096289106877025920,61,869.9930929094553,-0.14351065139118374,10.645923,4,64,0.0625,1,1,4.148165144506021,-17.598717889674948
24556,MeerKAT:array_1:20250711T085603Z,ex_LEDA_548218,37,870.3634330183268,-0.3075228244096795,10.63706,4,64,0.0625,1,1,4.680916666666667,-43.484444
86178,MeerKAT:array_1:20250708T092055Z,Gaia_2973726164799247232,51,923.9689902812243,-0.21526597708677564,10.630147,1,64,0.015625,1,1,4.811146038892258,-22.070323880723237
86219,MeerKAT:array_1:20250708T092055Z,Gaia_2973639956215900544,9,924.9979790747166,-0.14351065139118374,10.629741,2,64,0.03125,1,1,4.774867530202747,-22.13844383384411
8499,MeerKAT:array_1:20250720T121928Z,Gaia_3607217794959970688,43,863.9588173627853,-0.20501521627311964,10.620598,3,64,0.046875,1,1,13.649184845319676,-12.99508248140491
56963,MeerKAT:array_1:20250703T011955Z,Gaia_6891321588173546880,16,919.7943618893623,-0.03075228244096795,10.597101,2,64,0.03125,1,1,21.510419545988956,-11.881173413232286
26078,MeerKAT:array_1:20250711T092345Z,Gaia_4814707546258049024,49,870.010738402605,-0.20501521627311964,10.595952,1,64,0.015625,1,1,4.671554888964966,-43.543641373992735
25990,MeerKAT:array_1:20250711T092345Z,Gaia_4790698709137405184,6,870.0107479691505,-0.31777358522333543,10.594288,1,64,0.015625,1,1,4.655136963691296,-43.619094036869114
3968,MeerKAT:array_1:20250709T050322Z,Gaia_4936858890057191808,20,863.9844461381435,0.08200608650924786,10.57101,3,64,0.046875,2,1,2.165106978539696,-51.00006369206486
5569,MeerKAT:array_1:20250712T080758Z,Gaia_2323442827415662336,40,867.8885549455881,-0.08200608650924786,10.52817,1,64,0.015625,1,1,0.42371923576251236,-26.3370727482232
26599,MeerKAT:array_1:20250711T092345Z,Gaia_4790681945880897920,42,870.4522679597139,-0.25626902034139953,10.516541,4,64,0.0625,1,1,4.67314631458982,-43.734208193265964
5497,MeerKAT:array_1:20250712T080758Z,ex_QSO_B0023-263,1,867.7633177042007,0.2460182595277436,10.494255,2,64,0.03125,1,1,0.4303211333333333,-26.036837
57997,MeerKAT:array_1:20250712T065251Z,Gaia_2323445129518134144,11,920.0909327715635,-0.08200608650924786,10.49379,3,64,0.046875,1,1,0.43120273447036295,-26.38311187631232
4601,MeerKAT:array_1:20250712T072515Z,Gaia_2323542779894588160,40,859.9857018738985,0.2972720635960235,10.490484,1,64,0.015625,1,1,0.4201000425528512,-25.80545134851528
5496,MeerKAT:array_1:20250712T080758Z,J0025-2602,0,867.7633177042007,0.2460182595277436,10.490249,2,64,0.03125,1,1,0.4303222222222222,-26.036833333333334
58117,MeerKAT:array_1:20250712T065251Z,Gaia_2323517074514790528,57,920.0909327715635,-0.09225684732290385,10.487898,2,64,0.03125,1,1,0.41594696038992934,-25.95386210216471
18717,MeerKAT:array_1:20250708T094824Z,Gaia_2973618240861321856,44,870.2972341179848,-0.3075228244096795,10.473623,4,64,0.0625,1,1,4.799632306707735,-22.40062398624557
56966,MeerKAT:array_1:20250703T011955Z,Gaia_6891322034850143232,25,919.7943602949381,0.1127583689502158,10.472149,1,64,0.015625,1,1,21.51227951567608,-11.863695816765848
7942,MeerKAT:array_1:20250719T033518Z,ex_PGC0654562,25,864.068842202425,0.0615045648819359,10.460863,3,64,0.046875,1,1,23.710777800000002,-35.006111
27307,MeerKAT:array_1:20250711T092345Z,Gaia_4791452359934653952,52,879.9766074419022,-0.09225684732290385,10.460616,2,64,0.03125,1,1,4.6404822497358875,-43.5300470198016
32949,MeerKAT:array_1:20250719T113106Z,Gaia_2993032420753992960,24,872.2136459648609,0.1230091297638718,10.457422,2,64,0.03125,1,1,6.14514292308773,-15.56630088714188
26532,MeerKAT:array_1:20250711T092345Z,Gaia_4814716789027655680,37,870.4522679597139,-0.25626902034139953,10.456414,4,64,0.0625,1,1,4.67455558823706,-43.28126330899719
8509,MeerKAT:array_1:20250720T121928Z,Gaia_3607214874382207104,46,863.9588157683611,-0.10250760813655982,10.425326,2,64,0.03125,1,1,13.641421223757401,-13.016428554346938
8553,MeerKAT:array_1:20250720T121928Z,ex_LEDA_945818,60,863.9588157683611,-0.1845136946458077,10.423211,4,64,0.0625,1,1,13.6307778,-12.910972
5536,MeerKAT:array_1:20250712T080758Z,Gaia_2323478900845422208,16,867.7633161097765,-0.19476445545946366,10.406801,4,64,0.0625,1,1,0.44336119952348096,-25.994566218600376
26757,MeerKAT:array_1:20250711T092345Z,Gaia_4790695758495871232,55,870.4522567987442,-0.08200608650924786,10.395909,3,64,0.046875,1,1,4.657233396327128,-43.729841000482494
8481,MeerKAT:array_1:20250720T121928Z,ex_2MASX_J13383024-1246455,37,863.9588157683611,-0.1845136946458077,10.37168,4,64,0.0625,1,1,13.641746466666667,-12.779262
25494,MeerKAT:array_1:20250711T085603Z,Gaia_4814652982993590784,55,874.5101813077927,-0.2972720635960235,10.367897,4,64,0.0625,1,1,4.6860639984509636,-43.79986824753711
8475,MeerKAT:array_1:20250720T121928Z,ex_LEDA_948728,35,863.9588173627853,-0.20501521627311964,10.341703,3,64,0.046875,1,1,13.615388866666668,-12.711944
33192,MeerKAT:array_1:20250719T113106Z,Gaia_2993135740487538304,13,876.2146351784468,-0.05125380406827991,10.32032,3,64,0.046875,1,1,6.161433019165262,-15.340768192233737
9262,MeerKAT:array_1:20250731T014621Z,ex_LEDA_1161460,29,864.0687146484852,-0.13325989057752777,10.318585,1,64,0.015625,2,1,0.37623833333333334,0.267555
28971,MeerKAT:array_1:20250711T120252Z,Gaia_4790701152974624896,27,876.5615229010582,0.15376141220483974,10.308934,3,64,0.046875,1,1,4.640264273631835,-43.60509259833665
59668,MeerKAT:array_1:20250712T091244Z,Gaia_2323484986814681216,55,919.7921902835369,0.19476445545946366,10.295175,3,64,0.046875,1,1,0.44696804585555744,-25.94524782983008
18576,MeerKAT:array_1:20250708T092055Z,Gaia_2973622054792292608,23,875.9706037640572,-0.2460182595277436,10.261327,1,64,0.015625,1,1,4.7871262536122225,-22.335517306249905
7574,MeerKAT:array_1:20250719T023034Z,ex_LEDA_650598,31,863.9843568503857,0.16401217301849572,10.240829,3,64,0.046875,1,1,23.71958333333333,-35.304167
8451,MeerKAT:array_1:20250720T121928Z,ex_LEDA_946778,28,863.9588157683611,-0.1845136946458077,10.234794,4,64,0.0625,1,1,13.607902799999998,-12.843832999999998
7847,MeerKAT:array_1:20250719T030257Z,Gaia_2311927504699156480,54,864.0686987042427,0.2870213027823675,10.230356,1,64,0.015625,2,1,23.71107310673588,-35.08515691068904
27170,MeerKAT:array_1:20250711T092345Z,Gaia_4790681945880898176,9,879.9766122251749,-0.15376141220483974,10.191057,1,64,0.015625,1,1,4.673495953347414,-43.74114585530124
22374,MeerKAT:array_1:20250711T073156Z,Gaia_4814735137127938304,13,872.4540325254202,0.1127583689502158,10.188716,3,64,0.046875,2,1,4.692167511723645,-43.37592751833944
59648,MeerKAT:array_1:20250712T091244Z,Gaia_2323547624617696384,46,919.7921934723854,0.1230091297638718,10.171568,3,64,0.046875,1,1,0.4203365840945913,-25.745061051431694
4520,MeerKAT:array_1:20250712T065251Z,Gaia_2323498661990558848,48,867.8792769908905,-0.3485258676643034,10.126882,2,64,0.03125,1,1,0.4464759356699246,-25.805811125048848
5539,MeerKAT:array_1:20250712T080758Z,Gaia_2323521236338609792,18,867.878945350647,-0.3485258676643034,10.121596,4,64,0.0625,1,1,0.4090148095872484,-25.9155426937623
58699,MeerKAT:array_1:20250712T073536Z,Gaia_2323493130072650240,37,919.7934084236622,-0.03075228244096795,10.114656,2,64,0.03125,1,1,0.43110343321660594,-25.94964136926712
4195,MeerKAT:array_1:20250709T052824Z,Gaia_4936907715245425792,16,863.9153262525797,0.1845136946458077,10.112287,3,64,0.046875,1,1,2.1616350881642,-50.84459354905162
54951,MeerKAT:array_1:20250701T220028Z,Gaia_1315914693153106048,14,919.7938596457243,0.07175532569559187,10.098463,2,64,0.03125,1,1,16.157006043781145,26.882526586729902
24282,MeerKAT:array_1:20250711T085603Z,ex_LEDA_551328,24,870.3387130647898,-0.33827510685064743,10.089411,4,64,0.0625,1,1,4.665722199999999,-43.232778
31830,MeerKAT:array_1:20250713T113750Z,Gaia_5096075354944311168,45,869.9930897206068,-0.1127583689502158,10.080636,3,64,0.046875,1,1,4.166975267039673,-18.02903538109207
59661,MeerKAT:array_1:20250712T091244Z,Gaia_2323544459226226432,52,919.7921934723854,0.1230091297638718,10.07717,3,64,0.046875,1,1,0.4249776633398687,-25.776065228507882
92258,MeerKAT:array_1:20250708T125143Z,Gaia_2973637757192634496,32,924.2092987149954,0.3485258676643034,10.068482,3,64,0.046875,1,1,4.786271360771106,-22.145408067366734
18245,MeerKAT:array_1:20250708T092055Z,Gaia_2973618962415819648,36,873.3251956403255,0.14351065139118374,10.062535,1,64,0.015625,1,1,4.802060981994817,-22.347811276554786
7775,MeerKAT:array_1:20250719T030257Z,ex_2MASX_J23430142-3458488,28,864.0687098652124,0.15376141220483974,10.055757,4,64,0.0625,2,1,23.7170782,-34.980173
20836,MeerKAT:array_1:20250708T115647Z,Gaia_2973747570916126720,62,876.5615420341492,-0.1230091297638718,10.031813,2,64,0.03125,1,1,4.8068049130604225,-21.7450089231221
8461,MeerKAT:array_1:20250720T121928Z,ex_2MASX_J13364094-1253266,31,863.9588173627853,-0.20501521627311964,10.029747,3,64,0.046875,1,1,13.611368333333335,-12.890859
58732,MeerKAT:array_1:20250712T073536Z,Gaia_2323468184902582656,52,919.7934084236622,-0.03075228244096795,10.022514,2,64,0.03125,1,1,0.4216963550414769,-26.09844556758427
22396,MeerKAT:array_1:20250711T073156Z,Gaia_4814735686883748352,52,872.4540325254202,0.13325989057752777,10.007909,1,64,0.015625,2,1,4.6934574966845695,-43.32551113070472
27114,MeerKAT:array_1:20250711T092345Z,Gaia_4814736850818834176,20,879.2236517518759,-0.04100304325462393,10.0032015,1,64,0.015625,1,1,4.690378242730814,-43.25907975379896
