row,obsid,sourceName,beam,frequency,driftRate,snr,n_beams,n_obs_at_freq,ra,dec
24573,MeerKAT:array_1:20250711T085603Z,ex_PGC0130374,38,870.2323522120714,-0.27677054196871154,23995.922,2,1,4.6819722,-43.766111
24953,MeerKAT:array_1:20250711T085603Z,Gaia_4814652982993590784,55,870.2323569953442,-0.33827510685064743,18318.127,4,1,4.6860639984509636,-43.79986824753711
23882,MeerKAT:array_1:20250711T085603Z,Gaia_4814702564095981056,5,870.2323569953442,-0.33827510685064743,14175.862,4,1,4.6827703487443,-43.623679704088346
23808,MeerKAT:array_1:20250711T085603Z,Gaia_4814724245090845952,2,870.2323554009199,-0.31777358522333543,12673.435,1,1,4.656040254433232,-43.35870343738148
24790,MeerKAT:array_1:20250711T085603Z,Gaia_4814711458972055680,47,870.2323522120714,-0.27677054196871154,11993.212,2,1,4.691098498530638,-43.431628057840925
24484,MeerKAT:array_1:20250711T085603Z,ex_LEDA_545342,34,870.2323538064957,-0.2972720635960235,9960.706,1,1,4.676444466666666,-43.728333
24765,MeerKAT:array_1:20250711T085603Z,Gaia_4790633601729009536,46,870.2323585897684,-0.3587766284779594,7478.353,1,1,4.684110082617994,-43.84498903786491
23858,MeerKAT:array_1:20250711T085603Z,Gaia_4814722595823458688,4,870.2323569953442,-0.33827510685064743,7315.74,4,1,4.6548437252129355,-43.39991835413826
24014,MeerKAT:array_1:20250711T085603Z,ex_CRTS_J044000.9-433336,11,870.2323569953442,-0.33827510685064743,7155.702,4,1,4.666950399999999,-43.560016
26513,MeerKAT:array_1:20250711T092345Z,Gaia_4814652158359882752,36,870.2315039783716,-0.1845136946458077,3044.502,3,1,4.694333093243185,-43.813957795250346
26762,MeerKAT:array_1:20250711T092345Z,Gaia_4814709745281296640,56,870.2315039783716,-0.1845136946458077,2552.1926,3,1,4.682898546741639,-43.54561761412111
26175,MeerKAT:array_1:20250711T092345Z,Gaia_4790698709137405184,6,870.2315087616444,-0.2870213027823675,1929.4265,1,1,4.655136963691296,-43.619094036869114
26554,MeerKAT:array_1:20250711T092345Z,Gaia_4790698610353975936,39,870.2314944118261,-0.09225684732290385,1813.4213,3,1,4.65664484816173,-43.645994303366535
26213,MeerKAT:array_1:20250711T092345Z,Gaia_4790681945880898176,9,870.2314944118261,-0.09225684732290385,1769.4722,3,1,4.673495953347414,-43.74114585530124
26156,MeerKAT:array_1:20250711T092345Z,Gaia_4790682873593840768,4,870.2315039783716,-0.1845136946458077,1663.4109,3,1,4.66859444816198,-43.80858839010155
31685,MeerKAT:array_1:20250713T111016Z,Gaia_5096087136038857472,50,874.9910644441843,-0.1230091297638718,1437.4226,4,1,4.158298953784137,-18.027572931997582
26713,MeerKAT:array_1:20250711T092345Z,Gaia_4814731288837203840,51,870.2314944118261,-0.09225684732290385,1378.0385,3,1,4.659909378673284,-43.21085384208377
31649,MeerKAT:array_1:20250713T111016Z,Gaia_5096076523175408512,41,874.9910644441843,-0.1230091297638718,1314.7019,4,1,4.174788139093451,-17.978428111477804
24420,MeerKAT:array_1:20250711T085603Z,ex_PGC0549578,31,870.1955656558275,-0.3587766284779594,811.5011,3,1,4.6739999999999995,-43.373333
31653,MeerKAT:array_1:20250713T111016Z,ex_QSO_B0406-180,42,874.9910644441843,-0.1127583689502158,754.70056,4,1,4.151854466666667,-17.952841
31478,MeerKAT:array_1:20250713T111016Z,J0409-1757,0,874.9910644441843,-0.1127583689502158,752.7003,4,1,4.151861111111112,-17.952777777777776
24974,MeerKAT:array_1:20250711T085603Z,Gaia_4814709745281296384,56,870.1955656558275,-0.3587766284779594,673.57056,3,1,4.683283377197702,-43.54550178108382
23990,MeerKAT:array_1:20250711T085603Z,ex_GALEX_J044047.1-432429,10,870.1955656558275,-0.3587766284779594,658.5069,3,1,4.679750333333334,-43.408327
24717,MeerKAT:array_1:20250711T085603Z,ex_2MFGC_3840,44,870.1955640614033,-0.3587766284779594,592.5041,1,1,4.686498066666667,-43.42469799999999
31898,MeerKAT:array_1:20250713T113750Z,Gaia_5096257461558006144,10,874.9902831763029,-0.03075228244096795,560.53986,2,1,4.141783766439086,-17.902314547975237
24575,MeerKAT:array_1:20250711T085603Z,ex_PGC0130374,38,870.265120819211,-0.26651978115505554,503.51453,2,1,4.6819722,-43.766111
31891,MeerKAT:array_1:20250713T113750Z,Gaia_5096257014881405312,8,874.9902831763029,-0.03075228244096795,493.89886,2,1,4.144187399707862,-17.899201191564124
24579,MeerKAT:array_1:20250711T085603Z,ex_PGC0130374,38,870.305936485529,-0.2460182595277436,482.78827,1,1,4.6819722,-43.766111
24787,MeerKAT:array_1:20250711T085603Z,Gaia_4814711458972055680,47,870.1587711274624,-0.3587766284779594,416.11334,3,1,4.691098498530638,-43.431628057840925
18720,MeerKAT:array_1:20250708T094824Z,Gaia_2973829828129917696,54,870.2684882432222,-0.3075228244096795,388.88132,2,1,4.775259611085118,-22.033261483144322
24789,MeerKAT:array_1:20250711T085603Z,Gaia_4814711458972055680,47,870.1995804160833,-0.25626902034139953,375.9365,1,1,4.691098498530638,-43.431628057840925
23955,MeerKAT:array_1:20250711T085603Z,ex_QSO_J0441-4313,8,870.2651192247868,-0.2460182595277436,366.43967,3,1,4.6881496,-43.229302
26418,MeerKAT:array_1:20250711T092345Z,Gaia_4814724382529799808,27,870.2682889401913,-0.08200608650924786,361.68307,1,1,4.65286861163457,-43.34829068784147
24042,MeerKAT:array_1:20250711T085603Z,ex_LEDA_549839,13,870.1587711274624,-0.3587766284779594,360.98483,3,1,4.651305533333334,-43.351111
12169,MeerKAT:array_1:20250701T080259Z,Gaia_2536494783212986624,20,874.9966704398394,-0.16401217301849572,358.7259,2,1,0.9747355367531642,0.20584854868681246
12200,MeerKAT:array_1:20250701T080259Z,Gaia_2536411941883805696,28,874.9966704398394,-0.16401217301849572,357.17947,2,1,1.0004180335153812,-0.13381150732576272
18711,MeerKAT:array_1:20250708T094824Z,Gaia_2973830515324686976,24,870.2684882432222,-0.3485258676643034,338.3808,2,1,4.772673567805199,-22.037277351998767
26414,MeerKAT:array_1:20250711T092345Z,Gaia_4814724382529799808,27,870.1947014778852,-0.08200608650924786,326.48813,3,1,4.65286861163457,-43.34829068784147
24716,MeerKAT:array_1:20250711T085603Z,ex_2MFGC_3840,44,870.1587711274624,-0.3587766284779594,324.6219,3,1,4.686498066666667,-43.42469799999999
24668,MeerKAT:array_1:20250711T085603Z,ex_6dFGS_gJ044108.0-431332,42,870.2651256024837,-0.33827510685064743,303.23807,2,1,4.6855278,-43.225556000000005
18703,MeerKAT:array_1:20250708T094824Z,ex_LEDA_823286,14,870.2684882432222,-0.31777358522333543,291.83444,2,1,4.794277800000001,-21.819444
24831,MeerKAT:array_1:20250711T085603Z,Gaia_4814716307991315072,49,870.1995899826288,-0.37927815010527133,274.8512,1,1,4.6794434389958885,-43.26293176771402
23809,MeerKAT:array_1:20250711T085603Z,Gaia_4814724245090845952,2,870.2651224136353,-0.2870213027823675,268.27798,4,1,4.656040254433232,-43.35870343738148
24791,MeerKAT:array_1:20250711T085603Z,Gaia_4814711458972055680,47,870.2651192247868,-0.2460182595277436,264.38412,3,1,4.691098498530638,-43.431628057840925
26485,MeerKAT:array_1:20250711T092345Z,Gaia_4790682186399080192,33,870.2682427018881,0.39977967173258333,251.16798,1,1,4.665865583883406,-43.88078639468942
18701,MeerKAT:array_1:20250708T094824Z,ex_LEDA_823286,14,870.1949023753405,-0.4202811933598953,249.69269,1,1,4.794277800000001,-21.819444
18691,MeerKAT:array_1:20250708T094824Z,Gaia_2973935724843363072,2,870.2684882432222,-0.33827510685064743,242.93547,2,1,4.800564911377169,-21.70371694179783
24720,MeerKAT:array_1:20250711T085603Z,ex_2MFGC_3840,44,870.265120819211,-0.26651978115505554,218.93536,2,1,4.686498066666667,-43.42469799999999
24485,MeerKAT:array_1:20250711T085603Z,ex_LEDA_545342,34,870.2651192247868,-0.2460182595277436,207.62367,3,1,4.676444466666666,-43.728333
18710,MeerKAT:array_1:20250708T094824Z,Gaia_2973830515324686976,24,870.1989251077175,-0.33827510685064743,207.46957,2,1,4.772673567805199,-22.037277351998767
19133,MeerKAT:array_1:20250708T094824Z,Gaia_2973930089846241536,56,874.9933891147375,-0.38952891091892733,196.57486,4,1,4.777631237654372,-21.825736620278388
32239,MeerKAT:array_1:20250713T120523Z,Gaia_5096043812704503296,40,874.9907312095165,-0.1127583689502158,190.77339,3,1,4.161690528194268,-18.286518169246502
24742,MeerKAT:array_1:20250711T085603Z,ex_LEDA_550620,45,870.2651224136353,-0.2870213027823675,185.25262,4,1,4.6892222000000015,-43.287778
26164,MeerKAT:array_1:20250711T092345Z,Gaia_4814729429115402880,5,870.194699883461,-0.04100304325462393,185.20128,1,1,4.671846170189647,-43.18346399276299
10392,MeerKAT:array_1:20250731T051744Z,ex_[VV2006]_J002336.0+001228,14,868.1869083940983,0.3075228244096795,183.32047,1,1,0.3933198666666667,0.207775
26596,MeerKAT:array_1:20250711T092345Z,Gaia_4790681945880897920,42,870.2682857513428,-0.04100304325462393,179.55344,1,1,4.67314631458982,-43.734208193265964
26432,MeerKAT:array_1:20250711T092345Z,Gaia_4790680846369268736,28,870.2682714015245,0.1230091297638718,175.76299,1,1,4.67789310322079,-43.794137797103
24766,MeerKAT:array_1:20250711T085603Z,Gaia_4790633601729009536,46,870.2651224136353,-0.2972720635960235,173.29968,4,1,4.684110082617994,-43.84498903786491
24148,MeerKAT:array_1:20250711T085603Z,ex_LEDA_549179,18,870.2651256024837,-0.33827510685064743,170.07353,2,1,4.657972200000001,-43.404167
26211,MeerKAT:array_1:20250711T092345Z,Gaia_4790681945880898176,9,870.1947014778852,-0.09225684732290385,166.87894,3,1,4.673495953347414,-43.74114585530124
23859,MeerKAT:array_1:20250711T085603Z,Gaia_4814722595823458688,4,870.2651224136353,-0.2972720635960235,164.34258,4,1,4.6548437252129355,-43.39991835413826
26428,MeerKAT:array_1:20250711T092345Z,Gaia_4790680846369268736,28,870.1946791559458,0.20501521627311964,156.58975,1,1,4.67789310322079,-43.794137797103
10396,MeerKAT:array_1:20250731T051744Z,Gaia_2546799818506262144,62,868.1869594156742,-0.05125380406827991,155.00874,1,1,0.38341681843698555,0.31478395011417104
10393,MeerKAT:array_1:20250731T051744Z,ex_[VV2006]_J002342.4+002041,16,868.1869657933712,0.03075228244096795,152.40086,1,1,0.3951038666666667,0.344941
19779,MeerKAT:array_1:20250708T101552Z,Gaia_2973624253815457152,46,874.9931196570396,-0.4202811933598953,151.91098,1,1,4.792537071107781,-22.25473739665684
18724,MeerKAT:array_1:20250708T094824Z,Gaia_2973728088944479104,62,870.1989251077175,-0.31777358522333543,151.8446,2,1,4.810215306177019,-21.96747213462873
12821,MeerKAT:array_1:20250701T141247Z,Gaia_3607208273017261824,59,879.9947966337204,-0.13325989057752777,150.21231,4,1,13.641651778683753,-13.168077429886225
18715,MeerKAT:array_1:20250708T094824Z,Gaia_2973621333237785088,42,870.1989251077175,-0.31777358522333543,147.63582,2,1,4.788129872674757,-22.335578348439178
12803,MeerKAT:array_1:20250701T141247Z,ex_2MASX_J13381185-1257006,41,879.9947966337204,-0.13325989057752777,146.3049,4,1,13.636637400000001,-12.95021
12825,MeerKAT:array_1:20250701T141247Z,Gaia_3610209183846115712,63,879.9947966337204,-0.13325989057752777,144.23007,4,1,13.61300373223758,-12.985653507909127
12768,MeerKAT:array_1:20250701T141247Z,ex_2MASX_J13380283-1242156,6,879.9947966337204,-0.13325989057752777,139.58498,4,1,13.634129333333334,-12.704487
12816,MeerKAT:array_1:20250701T141247Z,Gaia_3607183469581311872,54,879.9947950392962,-0.0615045648819359,139.41592,1,1,13.632798689465362,-13.296020502553548
10390,MeerKAT:array_1:20250731T051744Z,ex_SN_2006pe,3,868.1749565899372,-0.0615045648819359,135.38292,1,1,0.38586113333333333,-0.053333000000000005
19129,MeerKAT:array_1:20250708T094824Z,Gaia_2973934384813570304,55,874.993385925889,-0.26651978115505554,133.95923,1,1,4.792219421597514,-21.769599028292912
27247,MeerKAT:array_1:20250711T092345Z,Gaia_4790682186399080192,33,879.9963830858469,-0.1230091297638718,130.58754,1,1,4.665865583883406,-43.88078639468942
26715,MeerKAT:array_1:20250711T092345Z,Gaia_4814731288837203840,51,870.2682729959488,0.13325989057752777,130.4789,1,1,4.659909378673284,-43.21085384208377
26248,MeerKAT:array_1:20250711T092345Z,Gaia_4790682564356198912,12,870.1947094500065,-0.1127583689502158,127.02318,1,1,4.665969599152861,-43.819929225432276
18362,MeerKAT:array_1:20250708T092055Z,Gaia_2973715994316696192,24,874.9936808943748,-0.1742629338321517,125.34934,4,1,4.813392435783577,-22.164321337562797
27304,MeerKAT:array_1:20250711T092345Z,Gaia_4814731288837203840,51,879.996351197362,0.21526597708677564,124.73545,1,1,4.659909378673284,-43.21085384208377
26354,MeerKAT:array_1:20250711T092345Z,Gaia_4814731318900986496,21,870.1947014778852,-0.09225684732290385,122.85909,3,1,4.661570206051022,-43.22155792951911
32182,MeerKAT:array_1:20250713T120523Z,Gaia_5096249318300023680,23,874.9907312095165,-0.1127583689502158,122.56776,3,1,4.129233917703552,-18.021105313969432
10389,MeerKAT:array_1:20250731T051744Z,ex_SN_2006ng,2,868.1809388697147,0.09225684732290385,119.34286,1,1,0.3686861333333334,-0.095639
18976,MeerKAT:array_1:20250708T094824Z,ex_LEDA_823754,15,874.9933875203133,-0.3485258676643034,119.311966,2,1,4.794944466666666,-21.783056
32209,MeerKAT:array_1:20250713T120523Z,Gaia_5096076523175408896,31,874.9907312095165,-0.1127583689502158,117.35597,3,1,4.174653488081671,-17.980784066816216
444454,MeerKAT:array_1:20250719T033518Z,ex_LEDA_656436,24,863.9565660357475,0.020501521627311965,117.273766,3,3,23.708611133333335,-34.870000000000005
28357,MeerKAT:array_1:20250711T110722Z,Gaia_4790696376970983040,37,879.9943422228098,-0.1127583689502158,115.90385,1,1,4.656681758129356,-43.672004368277804
18270,MeerKAT:array_1:20250708T092055Z,Gaia_2973721938551510144,4,874.9936808943748,-0.1742629338321517,113.61469,4,1,4.815147321103096,-22.13678094443982
27187,MeerKAT:array_1:20250711T092345Z,Gaia_4814702250562055168,15,879.9964038133621,-0.33827510685064743,112.25929,3,1,4.68526409921731,-43.6548419712241
444629,MeerKAT:array_1:20250719T033518Z,Gaia_2311990344364857984,45,863.9565660357475,0.020501521627311965,111.94473,3,3,23.686119108413834,-34.824221116885916
18702,MeerKAT:array_1:20250708T094824Z,ex_LEDA_823286,14,870.1989251077175,-0.33827510685064743,110.889824,2,1,4.794277800000001,-21.819444
26742,MeerKAT:array_1:20250711T092345Z,Gaia_4790690638894684928,54,870.1579085439444,-0.08200608650924786,110.59672,1,1,4.649788191820483,-43.764938093548054
444770,MeerKAT:array_1:20250719T033518Z,Gaia_2311870055216261760,62,863.9565660357475,0.020501521627311965,110.574455,3,3,23.682389376417333,-35.384388161978485
27329,MeerKAT:array_1:20250711T092345Z,Gaia_4790680983808220032,58,879.9963783025742,-0.07175532569559187,109.946266,1,1,4.678133245953735,-43.76687575981199
18537,MeerKAT:array_1:20250708T092055Z,Gaia_2973745543691571584,61,874.9936792999506,-0.15376141220483974,106.1831,1,1,4.796210527149063,-21.825149983034777
27295,MeerKAT:array_1:20250711T092345Z,Gaia_4790684110544388224,47,879.9963767081499,-0.05125380406827991,103.22738,1,1,4.660266355357058,-43.75011080744066
19148,MeerKAT:array_1:20250708T094824Z,Gaia_2973726989432958208,60,874.9933891147375,-0.38952891091892733,102.3095,4,1,4.812487315788324,-22.00730141066672
18716,MeerKAT:array_1:20250708T094824Z,Gaia_2973618240861321856,44,870.1581078469753,-0.2870213027823675,102.1613,1,1,4.799632306707735,-22.40062398624557
19159,MeerKAT:array_1:20250708T094824Z,Gaia_2973726641538374784,63,874.9933875203133,-0.37927815010527133,99.51353,1,1,4.814706831504631,-22.03913741946642
19110,MeerKAT:array_1:20250708T094824Z,Gaia_2973635455090172672,50,874.9933875203133,-0.3485258676643034,99.490616,2,1,4.782603189841713,-22.226629730019113
435130,MeerKAT:array_1:20250702T232759Z,Gaia_6891330040669168128,10,863.9573887586594,0.010250760813655982,98.935745,2,1,21.523865412285804,-11.761701314840764
26711,MeerKAT:array_1:20250711T092345Z,Gaia_4814731288837203840,51,870.1946839392185,0.15376141220483974,97.66617,1,1,4.659909378673284,-43.21085384208377
435189,MeerKAT:array_1:20250702T232759Z,ex_LEDA_957167,25,863.9573887586594,0.010250760813655982,97.653015,2,1,21.55119446666667,-12.137778
19103,MeerKAT:array_1:20250708T094824Z,Gaia_2973726817634356224,48,874.9933891147375,-0.38952891091892733,97.36466,4,1,4.812809469048865,-22.026739194080356
27242,MeerKAT:array_1:20250711T092345Z,Gaia_4815474210804141312,31,879.9964038133621,-0.33827510685064743,97.27504,3,1,4.642446232431467,-43.35676722933204
18344,MeerKAT:array_1:20250708T092055Z,Gaia_2973930055486504320,20,874.9936856776476,-0.2460182595277436,94.40627,1,1,4.77660269713667,-21.827049492692698
18496,MeerKAT:array_1:20250708T092055Z,Gaia_2973621711194831360,53,874.9936840832233,-0.25626902034139953,93.911804,1,1,4.784947753227324,-22.346382502816084
19350,MeerKAT:array_1:20250708T094824Z,Gaia_2973934384813570304,55,879.998288422823,-0.2460182595277436,90.72835,2,1,4.792219421597514,-21.769599028292912
455407,MeerKAT:array_1:20250711T082812Z,Gaia_4790685210056006272,20,879.9968311190605,0.010250760813655982,90.178825,1,1,4.66812604657421,-43.70144459981123
19043,MeerKAT:array_1:20250708T094824Z,Gaia_2973634630456452736,32,874.9933891147375,-0.37927815010527133,88.524895,4,1,4.783661079789205,-22.252236161828247
19365,MeerKAT:array_1:20250708T094824Z,Gaia_2973933628899325440,61,879.998288422823,-0.2460182595277436,87.72115,2,1,4.796109966415812,-21.779223217082194
455768,MeerKAT:array_1:20250711T113506Z,ex_LEDA_544458,36,879.9942066967487,0.020501521627311965,87.03117,4,1,4.667727666666667,-43.801612
28327,MeerKAT:array_1:20250711T110722Z,Gaia_4814705484673751296,22,879.9943454116583,-0.16401217301849572,86.40197,4,1,4.668437026708025,-43.60960507288868
19289,MeerKAT:array_1:20250708T094824Z,Gaia_2973628819363169280,26,879.9982916116714,-0.3075228244096795,85.35132,2,1,4.77761547273075,-22.30044276415549
19346,MeerKAT:array_1:20250708T094824Z,Gaia_2973742279516419584,53,879.9982916116714,-0.3075228244096795,84.704544,2,1,4.812195740282655,-21.856383578277608
27141,MeerKAT:array_1:20250711T092345Z,J0440-4333,0,879.9964038133621,-0.33827510685064743,83.527855,3,1,4.67143888888889,-43.552388888888885
455798,MeerKAT:array_1:20250711T113506Z,Gaia_4814660262961717632,60,879.9942066967487,0.020501521627311965,80.22714,4,1,4.697274243343184,-43.698846277138344
18377,MeerKAT:array_1:20250708T092055Z,Gaia_2973935411308690432,27,874.9936808943748,-0.1742629338321517,79.89115,4,1,4.801575298866778,-21.73367271676796
28373,MeerKAT:array_1:20250711T110722Z,Gaia_4814727058293354368,45,879.9943454116583,-0.16401217301849572,79.88078,4,1,4.668104807705286,-43.32237877061052
455794,MeerKAT:array_1:20250711T113506Z,Gaia_4814654391742848640,57,879.9942066967487,0.020501521627311965,79.702705,4,1,4.697376530578291,-43.701278858696874
16304,MeerKAT:array_1:20250706T101122Z,Gaia_4802469019768615168,8,874.992851793766,-0.07175532569559187,79.45845,2,1,5.641596419359468,-44.25500890954784
16296,MeerKAT:array_1:20250706T101122Z,Gaia_4802458505688679808,4,874.992851793766,-0.07175532569559187,79.37779,2,1,5.651381122925507,-44.419917674474554
18449,MeerKAT:array_1:20250708T092055Z,Gaia_2973934075575926272,43,874.9936808943748,-0.1742629338321517,78.58204,4,1,4.789625805101506,-21.78254225303723
24492,MeerKAT:array_1:20250711T085603Z,ex_LEDA_545342,34,870.3427405804396,-0.37927815010527133,78.23363,2,1,4.676444466666666,-43.728333
26284,MeerKAT:array_1:20250711T092345Z,Gaia_4814702250562055168,15,870.264277368784,-0.3075228244096795,77.11371,2,1,4.68526409921731,-43.6548419712241
28353,MeerKAT:array_1:20250711T110722Z,Gaia_4814721461952084224,35,879.9943454116583,-0.16401217301849572,76.59918,4,1,4.6638050091047845,-43.35573633448676
28397,MeerKAT:array_1:20250711T110722Z,Gaia_4814724279450583808,57,879.994337439537,-0.05125380406827991,76.27103,1,1,4.656257463719457,-43.33291549548967
18431,MeerKAT:array_1:20250708T092055Z,Gaia_2973747055520055296,39,874.9934449195862,-0.2972720635960235,76.23575,2,1,4.802963859945403,-21.779789174498607
23815,MeerKAT:array_1:20250711T085603Z,Gaia_4814724245090845952,2,870.3427389860153,-0.3587766284779594,75.88888,3,1,4.656040254433232,-43.35870343738148
26210,MeerKAT:array_1:20250711T092345Z,Gaia_4790681945880898176,9,870.1579053550959,-0.04100304325462393,75.611496,1,1,4.673495953347414,-43.74114585530124
455761,MeerKAT:array_1:20250711T113506Z,ex_LEDA_545279,30,879.9942066967487,0.020501521627311965,75.5085,4,1,4.6632777999999995,-43.73416699999999
455800,MeerKAT:array_1:20250711T113506Z,Gaia_4790703661235514240,61,879.994208291173,-0.010250760813655982,75.1129,1,1,4.647846646180271,-43.46931340518637
20241,MeerKAT:array_1:20250708T104320Z,Gaia_2973735888605109888,20,879.9968183636665,-0.4202811933598953,74.97296,1,1,4.785388139301391,-22.044711223807127
24798,MeerKAT:array_1:20250711T085603Z,Gaia_4814711458972055680,47,870.3427389860153,-0.3587766284779594,73.62732,3,1,4.691098498530638,-43.431628057840925
455803,MeerKAT:array_1:20250711T113506Z,Gaia_4814714830522572288,63,879.9942098855972,-0.020501521627311965,73.06561,1,1,4.675999466279635,-43.37388083606982
6987,MeerKAT:array_1:20250719T011200Z,ex_LEDA_650598,31,863.9566808342934,0.05125380406827991,72.2868,2,1,23.71958333333333,-35.304167
15920,MeerKAT:array_1:20250706T081304Z,Gaia_4802495236248942592,34,874.9937239438295,-0.15376141220483974,71.79291,2,2,5.646425998267852,-43.919541673529686
28341,MeerKAT:array_1:20250711T110722Z,Gaia_4790685210056006272,29,879.9943470060825,-0.1742629338321517,70.38142,1,1,4.66812604657421,-43.70144459981123
17805,MeerKAT:array_1:20250706T145226Z,Gaia_4802469908825088256,37,875.0026224255562,0.03075228244096795,69.99173,4,2,5.637914178030625,-44.17511095457468
26744,MeerKAT:array_1:20250711T092345Z,Gaia_4790690638894684928,54,870.264277368784,-0.3075228244096795,69.77903,2,1,4.649788191820483,-43.764938093548054
17760,MeerKAT:array_1:20250706T145226Z,Gaia_4802419954062202368,4,875.0026224255562,0.03075228244096795,69.46867,4,2,5.660072623818177,-44.2880222328884
10391,MeerKAT:array_1:20250731T051744Z,ex_2XMMi_J002209.9+001629,8,868.1809835135937,-0.32802434603699143,68.55558,1,1,0.36943233333333336,0.274811
15910,MeerKAT:array_1:20250706T081304Z,Gaia_4802493032929154304,29,874.9937239438295,-0.15376141220483974,68.05468,2,2,5.64544883360371,-44.00818901652546
28329,MeerKAT:array_1:20250711T110722Z,Gaia_4814731460635898496,23,879.9943454116583,-0.16401217301849572,67.45338,4,1,4.658605801274309,-43.22813233624634
24726,MeerKAT:array_1:20250711T085603Z,ex_2MFGC_3840,44,870.3427389860153,-0.3587766284779594,66.10528,3,1,4.686498066666667,-43.42469799999999
18301,MeerKAT:array_1:20250708T092055Z,Gaia_2973729703852178304,11,874.9934449195862,-0.2972720635960235,65.83694,2,1,4.814806600829936,-21.922154987856338
24580,MeerKAT:array_1:20250711T085603Z,ex_PGC0130374,38,870.3306596279144,-0.25626902034139953,65.57505,1,1,4.6819722,-43.766111
25139,MeerKAT:array_1:20250711T085603Z,Gaia_4814711016591606912,63,870.3427405804396,-0.37927815010527133,64.922424,2,1,4.691393198510314,-43.46341254871622
450659,MeerKAT:array_1:20250701T144521Z,Gaia_3607235077908381824,60,879.9947328567505,-0.010250760813655982,64.70931,2,1,13.638343642215156,-12.864948353078583
24784,MeerKAT:array_1:20250711T085603Z,Gaia_4814711458972055680,47,870.121968626976,-0.2460182595277436,64.332436,1,1,4.691098498530638,-43.431628057840925
24041,MeerKAT:array_1:20250711T085603Z,ex_LEDA_549839,13,870.1340463906527,-0.31777358522333543,63.49057,2,1,4.651305533333334,-43.351111
12438,MeerKAT:array_1:20250701T080259Z,Gaia_2536495397393094016,40,879.9942896068096,-0.3690273892916154,63.44996,4,1,0.9716807527342969,0.2151647142820581
20517,MeerKAT:array_1:20250708T112920Z,Gaia_2973828144502741632,38,879.9965106397867,-0.07175532569559187,63.24109,3,1,4.77209128627901,-22.08013691896438
32876,MeerKAT:array_1:20250719T110629Z,Gaia_2993005036042933248,23,879.9936757534742,-0.0615045648819359,62.58818,2,1,6.13642017182806,-15.748240683724092
12428,MeerKAT:array_1:20250701T080259Z,Gaia_2536494680133771392,30,879.9942896068096,-0.3690273892916154,61.900852,4,1,0.9724200792520431,0.21701698621771676
22993,MeerKAT:array_1:20250711T080009Z,Gaia_4814716445430273280,63,879.9967370480299,0.04100304325462393,61.865295,1,1,4.674814143085867,-43.31868413740583
11995,MeerKAT:array_1:20250701T073022Z,ex_[VV2006]_J005828.9+001347,2,879.9955444186926,0.3075228244096795,61.51927,1,1,0.9747038666666669,0.22966700000000004
11996,MeerKAT:array_1:20250701T073022Z,ex_[VV2006]_J005829.4+001318,3,879.9955428242683,0.3587766284779594,61.135468,4,1,0.9748445333333334,0.221643
33362,MeerKAT:array_1:20250719T113106Z,Gaia_2992963392040013952,60,879.9934844225645,-0.19476445545946366,61.085907,2,1,6.156703220820251,-15.897550868152178
457683,MeerKAT:array_1:20250719T110629Z,Gaia_2992959440670093568,3,879.9936693757772,0.010250760813655982,61.019825,3,1,6.165123058519107,-15.957365650577055
26851,MeerKAT:array_1:20250711T092345Z,Gaia_4814710741713703680,63,870.3050802797079,-0.04100304325462393,60.75126,1,1,4.683185559323631,-43.437686598826154
457735,MeerKAT:array_1:20250719T110629Z,Gaia_2992974593314603776,28,879.9936693757772,0.010250760813655982,60.68376,3,1,6.179666216396277,-15.65198288456157
457805,MeerKAT:array_1:20250719T110629Z,Gaia_2992769912352259200,59,879.9936693757772,0.010250760813655982,60.599213,3,1,6.169882768911322,-16.046586863508423
32890,MeerKAT:array_1:20250719T110629Z,Gaia_2992956657530978176,36,879.99367415905,-0.04100304325462393,60.224052,2,1,6.142490920556772,-15.819079294458763
31371,MeerKAT:array_1:20250713T111016Z,Gaia_5096073740036667392,8,869.9947718381882,-0.4202811933598953,59.633575,3,1,4.16510148418201,-18.106136753017886
33319,MeerKAT:array_1:20250719T113106Z,Gaia_2993035684929141632,16,879.9934700727463,0.13325989057752777,59.603737,3,1,6.140955631794845,-15.530234283167566
13012,MeerKAT:array_1:20250701T144521Z,Gaia_3610241413280937088,2,879.9947344511747,-0.03075228244096795,59.505775,2,1,13.61346605616482,-12.69326252191249
33337,MeerKAT:array_1:20250719T113106Z,Gaia_2992964182313997696,35,879.993481233716,-0.15376141220483974,59.18911,3,1,6.154921616310768,-15.887066284194995
33326,MeerKAT:array_1:20250719T113106Z,Gaia_2992958925274027264,23,879.9934700727463,0.1230091297638718,58.887848,3,1,6.162764788510453,-15.98703283170356
12001,MeerKAT:array_1:20250701T073022Z,ex_SDSS_J010015.00-000645.7,15,879.9955428242683,0.3690273892916154,58.672413,4,1,1.0041655333333335,-0.11269199999999999
24786,MeerKAT:array_1:20250711T085603Z,Gaia_4814711458972055680,47,870.1340432018042,-0.27677054196871154,58.32726,1,1,4.691098498530638,-43.431628057840925
455248,MeerKAT:array_1:20250711T080009Z,Gaia_4814709436043644288,33,879.9967386424541,-0.010250760813655982,57.935516,1,1,4.68938455702069,-43.501250251786324
32867,MeerKAT:array_1:20250719T110629Z,Gaia_2992956966768619648,15,879.99367415905,-0.04100304325462393,56.902252,2,1,6.143948048642422,-15.824855658868886
13049,MeerKAT:array_1:20250701T144521Z,Gaia_3610241898612892544,40,879.9947328567505,-0.03075228244096795,56.894855,1,1,13.616928754834188,-12.663532738091485
20535,MeerKAT:array_1:20250708T112920Z,Gaia_2973618790617128576,49,879.9965106397867,-0.0615045648819359,56.813286,3,1,4.802796218378713,-22.362412916761727
24569,MeerKAT:array_1:20250711T085603Z,ex_PGC0130374,38,870.1627938598394,-0.33827510685064743,56.799995,1,1,4.6819722,-43.766111
31428,MeerKAT:array_1:20250713T111016Z,Gaia_5096068311197919616,46,869.9947702437639,-0.38952891091892733,56.398766,2,1,4.147274151665477,-17.98614207980358
32856,MeerKAT:array_1:20250719T110629Z,Gaia_2993029431457150720,5,879.9936757534742,-0.0615045648819359,56.2769,2,1,6.141402565398346,-15.66467051319771
12011,MeerKAT:array_1:20250701T073022Z,Gaia_2536480798799480320,59,879.9955428242683,0.3690273892916154,56.22286,4,1,0.9883302553045163,0.19366679236260018
26176,MeerKAT:array_1:20250711T092345Z,Gaia_4790698709137405184,6,870.264277368784,-0.26651978115505554,54.00192,1,1,4.655136963691296,-43.619094036869114
33317,MeerKAT:array_1:20250719T113106Z,Gaia_2992958890914291072,14,879.9934700727463,0.1230091297638718,53.92979,3,1,6.162990927746809,-15.997917079272828
20838,MeerKAT:array_1:20250708T115647Z,Gaia_2973834123097075840,49,879.9964261353016,-0.3587766284779594,53.823017,1,1,4.769547820737368,-21.97856016315759
20504,MeerKAT:array_1:20250708T112920Z,Gaia_2973618962415819648,28,879.9965106397867,-0.0615045648819359,53.11686,3,1,4.802060981994817,-22.347811276554786
12002,MeerKAT:array_1:20250701T073022Z,ex_LEDA_1149755,31,879.9955444186926,0.32802434603699143,53.098682,1,1,0.9779216666666668,-0.185912
17772,MeerKAT:array_1:20250706T145226Z,Gaia_4802454073282346112,13,875.0026224255562,0.03075228244096795,52.646484,4,2,5.6696965819781875,-43.93978493603379
6873,MeerKAT:array_1:20250719T011200Z,J2341-3506,0,863.9566808342934,0.05125380406827991,52.31775,2,1,23.696080555555557,-35.10613888888889
32486,MeerKAT:array_1:20250719T110629Z,Gaia_2992770805705458176,56,872.1317977905273,-0.04100304325462393,51.675583,1,4,6.167603214682382,-16.02508885874967
8274,MeerKAT:array_1:20250720T120455Z,Gaia_3607221059135119232,41,863.9587918519974,0.1230091297638718,51.662064,2,1,13.645912372486675,-12.954867690115346
31431,MeerKAT:array_1:20250713T111016Z,Gaia_5096068517356350080,48,869.9947702437639,-0.38952891091892733,51.53067,2,1,4.143275604280475,-17.970819253088607
31391,MeerKAT:array_1:20250713T111016Z,Gaia_5096060988277950848,20,869.9947718381882,-0.4202811933598953,51.21955,3,1,4.148610783671112,-18.134205103182865
26151,MeerKAT:array_1:20250711T092345Z,Gaia_4790678441187588096,3,870.3050962239504,-0.2870213027823675,50.773922,2,1,4.679455416339968,-43.90131529189402
12008,MeerKAT:array_1:20250701T073022Z,Gaia_2536502445434647296,56,879.9955428242683,0.3690273892916154,50.699936,4,1,0.9732685251713168,0.38922305577867816
33329,MeerKAT:array_1:20250719T113106Z,Gaia_2992981980658128384,26,879.993481233716,-0.15376141220483974,50.67188,3,1,6.141803894372223,-15.723152594339314
31396,MeerKAT:array_1:20250713T111016Z,Gaia_5096061370530810496,23,869.9947718381882,-0.4202811933598953,50.539906,3,1,4.148583976121762,-18.132838901848512
29085,MeerKAT:array_1:20250711T232653Z,Gaia_4216769621019652224,11,874.9934497028589,0.08200608650924786,50.50164,2,1,20.204026571210694,-6.775619859488999
8358,MeerKAT:array_1:20250720T120455Z,Gaia_3607231263977338624,62,863.9587918519974,0.1230091297638718,50.262207,2,1,13.624255633382358,-12.89877010367788
20551,MeerKAT:array_1:20250708T112920Z,Gaia_2973620027567704448,60,879.9965154230595,-0.39977967173258333,50.210278,2,1,4.801457320189399,-22.302174392403696
33322,MeerKAT:array_1:20250719T113106Z,Gaia_2993087774292762368,19,879.9934892058372,-0.25626902034139953,49.783054,2,1,6.167188735965166,-15.371144783273152
29040,MeerKAT:array_1:20250711T120252Z,Gaia_4791452359934653952,61,879.994002610445,0.3075228244096795,49.663612,1,1,4.6404822497358875,-43.5300470198016
26300,MeerKAT:array_1:20250711T092345Z,Gaia_4790678441187588352,16,870.3050962239504,-0.2870213027823675,49.43437,2,1,4.679077810663393,-43.90247901186525
33346,MeerKAT:array_1:20250719T113106Z,Gaia_2992961880211481088,44,879.9934860169888,-0.20501521627311964,49.39707,1,1,6.172616583951237,-15.833807602470436
29125,MeerKAT:array_1:20250711T232653Z,Gaia_4216973030670027776,26,874.9934497028589,0.08200608650924786,48.923424,2,1,20.178227354089422,-6.594842455977103
83347,MeerKAT:array_1:20250706T124159Z,Gaia_4802458265170517760,36,924.9916141331196,-0.05125380406827991,48.214745,1,1,5.648234774075796,-44.436107440082395
33310,MeerKAT:array_1:20250719T113106Z,Gaia_2993083788563508224,7,879.9934971779585,-0.3587766284779594,48.205257,1,1,6.1745917496633185,-15.434719787432005
26214,MeerKAT:array_1:20250711T092345Z,Gaia_4790681945880898176,9,870.26426461339,-0.09225684732290385,47.99222,1,1,4.673495953347414,-43.74114585530124
452174,MeerKAT:array_1:20250706T070740Z,Gaia_4802493243384120064,14,874.9941512495279,-0.010250760813655982,47.287357,1,2,5.655794342658639,-44.05403088027528
450658,MeerKAT:array_1:20250701T144521Z,Gaia_3607199412499854464,9,879.9947328567505,-0.010250760813655982,46.373096,2,1,13.618072899577623,-13.180453848022424
24497,MeerKAT:array_1:20250711T085603Z,ex_LEDA_545342,34,870.4531209766865,-0.37927815010527133,46.33464,2,1,4.676444466666666,-43.728333
20549,MeerKAT:array_1:20250708T112920Z,Gaia_2973639750057471488,59,879.9965074509382,-0.13325989057752777,45.65467,1,1,4.775580273017036,-22.162228264234397
33332,MeerKAT:array_1:20250719T113106Z,Gaia_2993041113767706368,29,879.9934892058372,-0.25626902034139953,45.561455,2,1,6.156183633277129,-15.424950880260376
20498,MeerKAT:array_1:20250708T112920Z,Gaia_2973928612377503872,24,879.9965010732412,0.10250760813655982,45.53096,3,1,4.773284047558669,-21.910543601241883
20553,MeerKAT:array_1:20250708T112920Z,ex_CRTS_J044623.8-215436,62,879.9965010732412,0.10250760813655982,45.519638,3,1,4.7732834,-21.910552
23486,MeerKAT:array_1:20250711T085603Z,ex_ESO_251-19,29,870.0115993916988,-0.37927815010527133,45.352005,3,1,4.672310266666667,-43.319747
26253,MeerKAT:array_1:20250711T092345Z,Gaia_4790682564356198912,12,870.3050898462534,-0.1127583689502158,44.363663,1,1,4.665969599152861,-43.819929225432276
83309,MeerKAT:array_1:20250706T124159Z,Gaia_4802417651959747072,23,924.996579170227,-0.08200608650924786,44.175453,4,1,5.656647526576226,-44.37099951578924
20537,MeerKAT:array_1:20250708T112920Z,Gaia_2973722453947498368,51,879.9965010732412,0.10250760813655982,44.162357,3,1,4.817245480233665,-22.111342750759945
23476,MeerKAT:array_1:20250711T085603Z,ex_LEDA_550158,28,870.0115993916988,-0.37927815010527133,43.613552,3,1,4.67075,-43.326111
26433,MeerKAT:array_1:20250711T092345Z,Gaia_4790680846369268736,28,870.3050627410412,0.1742629338321517,43.60714,1,1,4.67789310322079,-43.794137797103
23655,MeerKAT:array_1:20250711T085603Z,Gaia_4814654391742848640,48,870.0115977972746,-0.3587766284779594,43.485897,4,1,4.697376530578291,-43.701278858696874
107698,MeerKAT:array_1:20250711T113506Z,ex_LEDA_550602,34,924.9954391568899,-0.16401217301849572,43.151722,2,1,4.667118333333334,-43.288916
20513,MeerKAT:array_1:20250708T112920Z,Gaia_2973638375667942272,36,879.9965154230595,-0.4100304325462393,43.116768,2,1,4.773836115007597,-22.208524610909944
22975,MeerKAT:array_1:20250711T080009Z,Gaia_4814716445430273280,63,875.0439546853304,0.13325989057752777,42.95605,4,1,4.674814143085867,-43.31868413740583
33304,MeerKAT:array_1:20250719T113106Z,Gaia_2992779498719232896,1,879.993481233716,-0.16401217301849572,42.946133,3,1,6.178257642054381,-15.876425894749554
23680,MeerKAT:array_1:20250711T085603Z,Gaia_4814660262961717632,51,870.0115977972746,-0.3587766284779594,42.885674,4,1,4.697274243343184,-43.698846277138344
83246,MeerKAT:array_1:20250706T124159Z,Gaia_4802441875575254912,2,924.996579170227,-0.08200608650924786,42.62611,4,1,5.668972906681243,-44.1757915425248
83321,MeerKAT:array_1:20250706T124159Z,Gaia_4802484550370354048,27,924.996579170227,-0.08200608650924786,42.53941,4,1,5.628037454473742,-44.06418998007165
21698,MeerKAT:array_1:20250708T131910Z,Gaia_2973828144502741632,30,874.9923718720675,-0.16401217301849572,42.43409,4,1,4.77209128627901,-22.08013691896438
13035,MeerKAT:array_1:20250701T144521Z,Gaia_3607184466013730048,26,879.9947376400232,-0.07175532569559187,42.374256,1,1,13.633727724459002,-13.24270122992783
63745,MeerKAT:array_1:20250701T065749Z,ex_PGC1164100,9,924.9920749217272,-0.08200608650924786,42.160896,1,1,0.98025,0.3663890000000001
25718,MeerKAT:array_1:20250711T085603Z,ex_LEDA_545279,21,879.9774795919657,-0.3587766284779594,41.89541,3,1,4.6632777999999995,-43.73416699999999
107737,MeerKAT:array_1:20250711T113506Z,ex_PGC0130374,47,924.9954391568899,-0.16401217301849572,41.685284,2,1,4.6819722,-43.766111
23367,MeerKAT:array_1:20250711T085603Z,ex_LEDA_549839,13,870.0115962028503,-0.3587766284779594,41.540615,3,1,4.651305533333334,-43.351111
457447,MeerKAT:array_1:20250713T104242Z,Gaia_5096261997043471744,43,869.9951401501894,-0.010250760813655982,41.44154,3,1,4.133064617908733,-17.814626197407044
83297,MeerKAT:array_1:20250706T124159Z,Gaia_4802497057315091712,19,924.996579170227,-0.08200608650924786,41.1851,4,1,5.637681781665438,-43.961707810602164
17836,MeerKAT:array_1:20250706T145226Z,Gaia_4802416857388704256,61,875.0026224255562,0.03075228244096795,40.663605,4,2,5.66396276076301,-44.401430029511964
33363,MeerKAT:array_1:20250719T113106Z,Gaia_2992974490235407360,61,879.9934844225645,-0.19476445545946366,40.618965,2,1,6.1744883356453775,-15.655132109572751
13057,MeerKAT:array_1:20250701T144521Z,Gaia_3607186836835607552,48,879.9947376400232,-0.09225684732290385,40.249786,1,1,13.61785018257084,-13.25285085633602
24803,MeerKAT:array_1:20250711T085603Z,Gaia_4814711458972055680,47,870.4531209766865,-0.37927815010527133,40.24133,2,1,4.691098498530638,-43.431628057840925
26463,MeerKAT:array_1:20250711T092345Z,Gaia_4815474210804141312,31,870.341887563467,-0.3075228244096795,40.22596,2,1,4.642446232431467,-43.35676722933204
13045,MeerKAT:array_1:20250701T144521Z,Gaia_3610242757606410624,36,879.9947344511747,-0.03075228244096795,39.966736,2,1,13.63452326721806,-12.710745438699092
9841,MeerKAT:array_1:20250731T030702Z,ex_2XMMi_J002209.9+001629,8,863.9784750193357,0.03075228244096795,39.40004,3,1,0.36943233333333336,0.274811
113529,MeerKAT:array_1:20250712T021129Z,Gaia_4216968460825000960,13,924.9986758381128,0.08200608650924786,38.652676,1,1,20.19178245518445,-6.51149401897911
9861,MeerKAT:array_1:20250731T030702Z,Gaia_2546798100519344768,52,863.9784750193357,0.03075228244096795,38.55635,3,1,0.3897680249652889,0.3022681201692444
30979,MeerKAT:array_1:20250713T104242Z,Gaia_5096053570870210432,34,869.9951465278864,-0.08200608650924786,38.472294,3,1,4.1379174674918495,-18.24219438254079
25141,MeerKAT:array_1:20250711T085603Z,Gaia_4814711016591606912,63,870.4531193822622,-0.3587766284779594,38.455547,1,1,4.691393198510314,-43.46341254871622
33226,MeerKAT:array_1:20250719T113106Z,Gaia_2993041113767706368,29,876.2004575580359,-0.1742629338321517,38.31691,4,1,6.156183633277129,-15.424950880260376
9862,MeerKAT:array_1:20250731T030702Z,Gaia_2543792001369200640,53,863.9784750193357,0.03075228244096795,38.276016,3,1,0.38845925548317595,0.1637959955834629
101373,MeerKAT:array_1:20250711T080009Z,Gaia_4814706515465897088,31,924.9924352616072,-0.14351065139118374,38.109238,3,2,4.674870563604249,-43.58820881369032
22875,MeerKAT:array_1:20250711T080009Z,Gaia_4814661023172346496,38,875.0439546853304,0.13325989057752777,38.086338,4,1,4.698565010782927,-43.6081779326649
20548,MeerKAT:array_1:20250708T112920Z,Gaia_2973935003288858624,58,879.9964978843927,0.15376141220483974,38.08103,2,1,4.8004544724186875,-21.752960068325784
23382,MeerKAT:array_1:20250711T085603Z,ex_LEDA_547391,15,870.0115962028503,-0.3485258676643034,38.07826,3,1,4.654638866666667,-43.556389
20555,MeerKAT:array_1:20250708T112920Z,ex_ATO_J072.0068-21.7529,63,879.9964978843927,0.15376141220483974,38.056194,2,1,4.800455066666667,-21.752975
13060,MeerKAT:array_1:20250701T144521Z,Gaia_3607205043201632384,51,879.9947153180838,0.15376141220483974,37.842045,1,1,13.611447523347268,-13.044257793918856
24600,MeerKAT:array_1:20250711T085603Z,ex_LEDA_546122,39,870.162790670991,-0.2972720635960235,37.331333,2,1,4.6825833333333335,-43.664167000000006
23662,MeerKAT:array_1:20250711T085603Z,Gaia_4814716307991315072,49,870.0115977972746,-0.3587766284779594,36.201893,4,1,4.6794434389958885,-43.26293176771402
21815,MeerKAT:array_1:20250708T131910Z,ex_LEDA_819192,58,874.9923718720675,-0.16401217301849572,36.174553,4,1,4.774805533333334,-22.102499999999996
457449,MeerKAT:array_1:20250713T104242Z,Gaia_5096059274586731392,54,869.9951401501894,-0.010250760813655982,36.14434,3,1,4.1404701521094145,-18.106392170787313
33168,MeerKAT:array_1:20250719T113106Z,Gaia_2992772454972873600,3,876.2004575580359,-0.1742629338321517,35.811874,4,1,6.179607344694406,-15.953009716251145
21706,MeerKAT:array_1:20250708T131910Z,Gaia_2973728123304216832,32,874.9923718720675,-0.16401217301849572,35.644592,4,1,4.810143485831436,-21.953134532016726
25625,MeerKAT:array_1:20250711T085603Z,Gaia_4814702564095981056,5,879.2245239019394,-0.32802434603699143,35.30535,4,1,4.6827703487443,-43.623679704088346
24011,MeerKAT:array_1:20250711T085603Z,ex_CRTS_J044000.9-433336,11,870.1340447962284,-0.2972720635960235,34.966396,1,1,4.666950399999999,-43.560016
23349,MeerKAT:array_1:20250711T085603Z,ex_CRTS_J044000.9-433336,11,870.0115977972746,-0.3587766284779594,34.57252,4,1,4.666950399999999,-43.560016
13031,MeerKAT:array_1:20250701T144521Z,Gaia_3607240128789931904,22,879.9947089403868,0.4100304325462393,34.490036,1,1,13.633842840390267,-12.751905960463947
447255,MeerKAT:array_1:20250731T033944Z,ex_SDSS_J002347.76+001920.4,17,863.9559824764729,0.020501521627311965,34.167645,4,2,0.3966024666666666,0.322326
14729,MeerKAT:array_1:20250706T022717Z,Gaia_2546798100519344768,45,875.0298344641924,-0.03075228244096795,34.03153,4,1,0.3897680249652889,0.3022681201692444
14406,MeerKAT:array_1:20250705T223133Z,Gaia_2699253187370591232,6,874.9929139763117,0.10250760813655982,33.820477,2,1,21.497937924525583,5.365930049253938
447374,MeerKAT:array_1:20250731T033944Z,Gaia_2545307643788696064,56,863.9559824764729,0.020501521627311965,33.809135,4,2,0.3491573512874796,0.26536155680415296
30918,MeerKAT:array_1:20250713T104242Z,ex_LEDA_880214,3,869.9951465278864,-0.08200608650924786,33.705257,3,1,4.1551978,-17.623891000000004
101242,MeerKAT:array_1:20250711T080009Z,Gaia_4790686275207935232,13,924.9924352616072,-0.14351065139118374,33.388138,3,2,4.6652500956764325,-43.66651882740964
18705,MeerKAT:array_1:20250708T094824Z,ex_LEDA_823286,14,870.3420757055283,-0.31777358522333543,33.251503,2,1,4.794277800000001,-21.819444
21615,MeerKAT:array_1:20250708T131910Z,Gaia_2973936102800486912,10,874.9923718720675,-0.16401217301849572,33.227364,4,1,4.797167084467211,-21.718826162986183
30916,MeerKAT:array_1:20250713T104242Z,ex_LEDA_880136,2,869.9951465278864,-0.08200608650924786,33.053234,3,1,4.1551684,-17.62952
457448,MeerKAT:array_1:20250713T104242Z,Gaia_5096070682019896832,50,869.9951401501894,-0.010250760813655982,32.89741,3,1,4.168034423549073,-18.13847335007371
447243,MeerKAT:array_1:20250731T033944Z,ex_SDSS_J002308.74+002239.7,13,863.9559824764729,0.020501521627311965,32.72791,4,2,0.3857638666666667,0.3777110000000001
20075,MeerKAT:array_1:20250708T104320Z,Gaia_2973718949254089216,9,874.9975091069937,-0.13325989057752777,32.668358,2,1,4.799738606920548,-22.15483729482561
13069,MeerKAT:array_1:20250701T144521Z,Gaia_3607206524965703424,61,879.9947216957808,0.07175532569559187,32.614197,1,1,13.615886808878642,-13.003961493381716
18713,MeerKAT:array_1:20250708T094824Z,Gaia_2973830515324686976,24,870.3420757055283,-0.2870213027823675,32.60486,2,1,4.772673567805199,-22.037277351998767
453668,MeerKAT:array_1:20250708T092055Z,Gaia_2973741248724273280,12,875.0041578561068,-0.020501521627311965,32.54516,3,1,4.805706083357964,-21.888432798170104
20108,MeerKAT:array_1:20250708T104320Z,Gaia_2973735888605109888,20,874.9975091069937,-0.13325989057752777,32.321274,2,1,4.785388139301391,-22.044711223807127
447301,MeerKAT:array_1:20250731T033944Z,ex_LEDA_1157956,32,863.9559840708971,-0.010250760813655982,32.236248,2,2,0.3931794666666667,0.133175
86949,MeerKAT:array_1:20250708T094824Z,Gaia_2973632328353994112,29,923.9686985015869,-0.1845136946458077,32.1599,1,1,4.77082948397856,-22.251594754111746
23365,MeerKAT:array_1:20250711T085603Z,ex_LEDA_549839,13,869.9748048633337,-0.37927815010527133,32.125763,3,1,4.651305533333334,-43.351111
101291,MeerKAT:array_1:20250711T080009Z,Gaia_4790697235964446464,20,924.9924352616072,-0.14351065139118374,31.891258,3,2,4.652027039964472,-43.667613210433075
23619,MeerKAT:array_1:20250711T085603Z,ex_2MFGC_3840,44,870.0115962028503,-0.3587766284779594,31.755405,3,1,4.686498066666667,-43.42469799999999
14537,MeerKAT:array_1:20250705T223133Z,Gaia_2699050533633773440,39,874.9929139763117,0.10250760813655982,31.748554,2,1,21.50036054123641,5.035057167306023
447210,MeerKAT:array_1:20250731T033944Z,ex_SN_2006ng,2,863.9559824764729,0.020501521627311965,31.497328,4,2,0.3686861333333334,-0.095639
451089,MeerKAT:array_1:20250706T022717Z,ex_LEDA_1161460,29,875.0298344641924,-0.020501521627311965,31.13683,4,1,0.37623833333333334,0.267555
20483,MeerKAT:array_1:20250708T112920Z,Gaia_2973937236671855232,9,879.9965090453625,-0.15376141220483974,30.943922,2,1,4.789582204546372,-21.73933820415646
764,MeerKAT:array_1:20250701T202312Z,Gaia_1315966576358045696,23,863.9581636488438,0.04100304325462393,30.939615,2,1,16.15294023089207,27.011603493756407
23958,MeerKAT:array_1:20250711T085603Z,ex_QSO_J0441-4313,8,870.3019169420004,-0.2972720635960235,30.935717,2,1,4.6881496,-43.229302
447285,MeerKAT:array_1:20250731T033944Z,ex_LEDA_1156232,27,863.9559840708971,-0.010250760813655982,30.868206,2,2,0.37431946666666666,0.065642
18321,MeerKAT:array_1:20250708T092055Z,Gaia_2973620474244336512,15,875.004159450531,-0.08200608650924786,30.852379,1,1,4.78673116618443,-22.412196930365482
85038,MeerKAT:array_1:20250706T141948Z,Gaia_4802452320935701888,57,924.9963878393173,-0.03075228244096795,30.851017,1,1,5.663806390682645,-43.978836682617874
836,MeerKAT:array_1:20250701T202312Z,Gaia_1315332433027373952,43,863.9581556767225,0.1127583689502158,30.688478,3,1,16.172089164184847,26.571708665859646
23589,MeerKAT:array_1:20250711T085603Z,ex_LEDA_550211,41,870.0115993916988,-0.37927815010527133,30.55314,3,1,4.684138866666667,-43.321389
5521,MeerKAT:array_1:20250712T080758Z,Gaia_2323475950203470848,11,867.7633177042007,-0.2357674987140876,30.529896,2,1,0.4355228858070502,-26.135852560698407
18722,MeerKAT:array_1:20250708T094824Z,Gaia_2973829828129917696,54,870.3420757055283,-0.32802434603699143,30.427183,2,1,4.775259611085118,-22.033261483144322
6316,MeerKAT:array_1:20250712T091244Z,Gaia_2323496325528339456,16,866.6568701863289,0.1742629338321517,30.281496,2,1,0.4336127616599986,-25.828803618698714
22759,MeerKAT:array_1:20250711T080009Z,Gaia_4814710088878680704,9,875.0439546853304,0.13325989057752777,30.10182,4,1,4.680006562918846,-43.508194176368335
18699,MeerKAT:array_1:20250708T094824Z,ex_LEDA_821500,12,870.3420757055283,-0.4202811933598953,29.832222,1,1,4.776083333333333,-21.9425
850,MeerKAT:array_1:20250701T202312Z,Gaia_1315519036469908864,47,863.9581636488438,0.04100304325462393,29.825932,2,1,16.15994742129588,26.563810341484565
18820,MeerKAT:array_1:20250708T094824Z,Gaia_2973716337914098048,46,871.9704516232014,-0.05125380406827991,29.582518,2,1,4.80666921346077,-22.19691825397047
26794,MeerKAT:array_1:20250711T092345Z,Gaia_4814705793911396224,59,870.1211219877005,-0.21526597708677564,29.550354,3,1,4.666528231000489,-43.569380407041876
832,MeerKAT:array_1:20250701T202312Z,Gaia_1315541134077845888,42,863.9581556767225,0.1127583689502158,29.261625,3,1,16.143009839287075,26.8172348420218
909,MeerKAT:array_1:20250701T202312Z,Gaia_1315539725328565760,63,863.9581556767225,0.1127583689502158,29.200127,3,1,16.1429988575555,26.751275242024168
4587,MeerKAT:array_1:20250712T072515Z,Gaia_2323486086326321792,61,856.2008161395788,0.1127583689502158,29.14578,3,1,0.45585907702270373,-25.906111422922177
81433,MeerKAT:array_1:20250706T104412Z,Gaia_4802416586807956480,10,924.9922837913036,-0.08200608650924786,29.14119,1,1,5.6604493225171595,-44.422003793968926
18455,MeerKAT:array_1:20250708T092055Z,Gaia_2973638375667942272,44,875.0041706115007,-0.2972720635960235,29.111073,2,1,4.773836115007597,-22.208524610909944
453993,MeerKAT:array_1:20250708T112920Z,Gaia_2973928303139887872,14,879.9965042620897,0.020501521627311965,29.089266,1,1,4.776176836990654,-21.931658435187387
20508,MeerKAT:array_1:20250708T112920Z,Gaia_2973747055520055296,31,879.9965026676655,0.07175532569559187,28.985172,1,1,4.802963859945403,-21.779789174498607
24709,MeerKAT:array_1:20250711T085603Z,ex_LEDA_545297,43,870.60029271245,-0.33827510685064743,28.938354,4,1,4.686444466666667,-43.732778
18735,MeerKAT:array_1:20250708T094824Z,Gaia_2973639750057471488,4,871.9704532176256,-0.07175532569559187,28.92308,2,1,4.775580273017036,-22.162228264234397
5566,MeerKAT:array_1:20250712T080758Z,Gaia_2323474988130797312,39,867.7633161097765,-0.2255167379004316,28.887953,1,1,0.44001318922457344,-26.145870969678096
23493,MeerKAT:array_1:20250711T085603Z,ex_LEDA_546619,30,869.8644212782383,-0.33827510685064743,28.614294,4,1,4.672555533333333,-43.62
5577,MeerKAT:array_1:20250712T080758Z,Gaia_2323541680382961536,47,867.763319298625,-0.2870213027823675,28.604263,1,1,0.4226773580793781,-25.850567552477553
25780,MeerKAT:array_1:20250711T085603Z,ex_LEDA_546122,39,879.9774795919657,-0.3485258676643034,28.270033,3,1,4.6825833333333335,-43.664167000000006
5554,MeerKAT:array_1:20250712T080758Z,Gaia_2323488182270328704,27,867.7633113265038,-0.16401217301849572,28.201414,2,1,0.43432951554742244,-26.074471819686558
19778,MeerKAT:array_1:20250708T101552Z,Gaia_2973624253815457152,46,874.9884735047817,-0.38952891091892733,28.060656,1,1,4.792537071107781,-22.25473739665684
18692,MeerKAT:array_1:20250708T094824Z,Gaia_2973935724843363072,2,870.3420757055283,-0.2972720635960235,27.96953,2,1,4.800564911377169,-21.70371694179783
1418,MeerKAT:array_1:20250702T211800Z,Gaia_6891249157844985984,9,864.0015654712915,-0.16401217301849572,27.851835,1,2,21.547549546175752,-12.186866688236213
5512,MeerKAT:array_1:20250712T080758Z,Gaia_2323514879787014528,8,867.7536251991987,0.21526597708677564,27.819614,1,1,0.410160318644558,-26.03475002646211
26131,MeerKAT:array_1:20250711T092345Z,Gaia_4814700704373814784,2,870.1211172044277,-0.1742629338321517,27.79302,2,1,4.6813213864085474,-43.70756630279969
25844,MeerKAT:array_1:20250711T085603Z,Gaia_4814702323577882624,60,879.9774795919657,-0.3485258676643034,27.71797,3,1,4.682884809590513,-43.66312892952894
20509,MeerKAT:array_1:20250708T112920Z,Gaia_2973714310689547520,32,879.9965090453625,-0.15376141220483974,27.632414,2,1,4.802525175816426,-22.25225337798384
22883,MeerKAT:array_1:20250711T080009Z,Gaia_4814713078175918208,40,875.0439546853304,0.13325989057752777,27.510366,4,1,4.678580061531741,-43.47903562404244
25645,MeerKAT:array_1:20250711T085603Z,ex_LEDA_546619,30,879.2245239019394,-0.33827510685064743,27.25563,4,1,4.672555533333333,-43.62
24272,MeerKAT:array_1:20250711T085603Z,ex_LEDA_551328,24,870.1340463906527,-0.31777358522333543,27.237726,2,1,4.665722199999999,-43.232778
19781,MeerKAT:array_1:20250708T101552Z,Gaia_2973624253815457152,46,875.0032299011946,-0.25626902034139953,27.089592,4,1,4.792537071107781,-22.25473739665684
18297,MeerKAT:array_1:20250708T092055Z,Gaia_2973725065287600128,10,874.9890395253897,-0.05125380406827991,26.51232,2,1,4.820234942336159,-22.029289046922695
64550,MeerKAT:array_1:20250701T073022Z,ex_LEDA_1154576,40,924.9967370182276,-0.1127583689502158,26.202251,3,1,0.9888756666666668,0.0025520000000000004
19673,MeerKAT:array_1:20250708T101552Z,Gaia_2973937167952379648,17,874.9884735047817,-0.3690273892916154,26.080786,2,1,4.787245496504496,-21.75945645265883
10409,MeerKAT:array_1:20250731T150301Z,Gaia_1315331024278093184,11,863.9567764997482,-0.08200608650924786,26.064825,1,1,16.174634038877677,26.520719245677906
6326,MeerKAT:array_1:20250712T091244Z,Gaia_2323501238970926848,27,866.6568622142076,0.31777358522333543,26.04809,3,1,0.4391629920725987,-25.837251235257657
71833,MeerKAT:array_1:20250706T033223Z,ex_SDSS_J002339.35+001442.7,15,924.9935386031866,0.05125380406827991,25.837921,2,1,0.3942651333333333,0.24521000000000004
18374,MeerKAT:array_1:20250708T092055Z,Gaia_2973936102800486912,26,875.0041610449553,-0.13325989057752777,25.7554,3,1,4.797167084467211,-21.718826162986183
24745,MeerKAT:array_1:20250711T085603Z,ex_LEDA_550620,45,870.3019217252731,-0.3587766284779594,25.411463,1,1,4.6892222000000015,-43.287778
456949,MeerKAT:array_1:20250712T013838Z,Gaia_4216981139568287616,8,875.0039505809546,0.010250760813655982,25.338497,2,1,20.185771065149055,-6.492879324351509
64574,MeerKAT:array_1:20250701T073022Z,Gaia_2536497600711538816,50,924.9967370182276,-0.1127583689502158,25.28685,3,1,0.9772377200633561,0.2948567028397254
21683,MeerKAT:array_1:20250708T131910Z,Gaia_2973725340165506816,26,875.0021217763424,-0.16401217301849572,25.18909,1,1,4.818927800990625,-22.005045163919203
5567,MeerKAT:array_1:20250712T080758Z,Gaia_2323474988130797312,39,867.8982107788324,-0.16401217301849572,25.171968,1,1,0.44001318922457344,-26.145870969678096
24762,MeerKAT:array_1:20250711T085603Z,Gaia_4790633601729009536,46,870.162790670991,-0.2972720635960235,25.052614,2,1,4.684110082617994,-43.84498903786491
5596,MeerKAT:array_1:20250712T080758Z,Gaia_2323541646023223936,57,867.7633145153522,-0.19476445545946366,24.948423,3,1,0.4224516744682711,-25.869376413524982
4516,MeerKAT:array_1:20250712T065251Z,Gaia_2323491343366278656,41,867.7601192891598,0.3587766284779594,24.862267,1,1,0.43598180832525874,-25.97110873989166
5524,MeerKAT:array_1:20250712T080758Z,Gaia_2323475950203470848,11,867.8982075899839,-0.26651978115505554,24.688671,1,1,0.4355228858070502,-26.135852560698407
64469,MeerKAT:array_1:20250701T073022Z,ex_LBQS_0056+0009,6,924.9967370182276,-0.1127583689502158,24.661173,3,1,0.9883967333333334,0.4221309999999999
18336,MeerKAT:array_1:20250708T092055Z,Gaia_2973933594539587328,18,875.0041610449553,-0.1230091297638718,24.577072,3,1,4.79418654958201,-21.766435767804776
474794,MeerKAT:array_1:20250701T202312Z,Gaia_1315323190257756800,28,919.793709769845,0.020501521627311965,24.51792,2,1,16.157171813930454,26.40039832774112
20355,MeerKAT:array_1:20250708T112920Z,Gaia_2973725340165506816,34,875.003072053194,-0.1230091297638718,24.291882,4,2,4.818927800990625,-22.005045163919203
18191,MeerKAT:array_1:20250708T092055Z,Gaia_2973936102800486912,26,871.9707338362932,-0.1742629338321517,24.281105,4,1,4.797167084467211,-21.718826162986183
18533,MeerKAT:array_1:20250708T092055Z,Gaia_2973618137782113280,60,875.0041546672583,0.19476445545946366,24.255962,1,1,4.792123651298142,-22.363105573778792
24769,MeerKAT:array_1:20250711T085603Z,Gaia_4790633601729009536,46,870.3019201308489,-0.33827510685064743,24.136114,1,1,4.684110082617994,-43.84498903786491
71842,MeerKAT:array_1:20250706T033223Z,ex_2MASX_J00214584+0033275,18,924.9935386031866,0.05125380406827991,24.1263,2,1,0.3627258,0.557569
18521,MeerKAT:array_1:20250708T092055Z,Gaia_2973828385020912384,58,874.9890379309654,-0.05125380406827991,24.118061,1,1,4.768949683243044,-22.109770960504402
22390,MeerKAT:array_1:20250711T073156Z,Gaia_4814721805549419776,40,872.0096617043018,0.04100304325462393,24.083138,2,1,4.660312091669356,-43.314145339697845
536,MeerKAT:array_1:20250701T195047Z,Gaia_1315588481797328512,38,863.9583103358746,-0.1230091297638718,24.00987,3,1,16.137650268798314,26.851685590750876
5500,MeerKAT:array_1:20250712T080758Z,ex_2MASX_J00253041-2600396,2,867.8982107788324,-0.2255167379004316,23.927198,4,1,0.4251242,-26.010999
5513,MeerKAT:array_1:20250712T080758Z,Gaia_2323514879787014528,8,867.7633145153522,-0.2460182595277436,23.847042,3,1,0.410160318644558,-26.03475002646211
24794,MeerKAT:array_1:20250711T085603Z,Gaia_4814711458972055680,47,870.3019153475761,-0.27677054196871154,23.770372,1,1,4.691098498530638,-43.431628057840925
627,MeerKAT:array_1:20250701T195047Z,Gaia_1315538522737716096,55,863.9583087414503,-0.04100304325462393,23.724903,3,1,16.14856016533192,26.778529956087834
23618,MeerKAT:array_1:20250711T085603Z,ex_2MFGC_3840,44,869.9748048633337,-0.37927815010527133,23.633097,3,1,4.686498066666667,-43.42469799999999
20418,MeerKAT:array_1:20250708T112920Z,Gaia_2973829725050703488,55,875.003072053194,-0.1230091297638718,23.61104,4,2,4.775600776173152,-22.058878824834405
56561,MeerKAT:array_1:20250703T001453Z,Gaia_6891273656338457728,19,919.7942662239075,-0.08200608650924786,23.60813,3,1,21.542307255001177,-11.933981981236144
18407,MeerKAT:array_1:20250708T092055Z,Gaia_2973930983199431552,33,875.0041562616825,-0.04100304325462393,23.603874,4,1,4.7811251477037615,-21.790183642118368
22372,MeerKAT:array_1:20250711T073156Z,Gaia_4814721663814423040,9,872.0096664875746,-0.04100304325462393,23.548683,1,1,4.659558603589864,-43.34272538745282
18249,MeerKAT:array_1:20250708T092055Z,J0447-2203,0,874.9890395253897,-0.05125380406827991,23.423843,2,1,4.793688888888889,-22.06022222222222
56550,MeerKAT:array_1:20250703T001453Z,Gaia_6891273484539764480,8,919.7942662239075,-0.08200608650924786,23.413128,3,1,21.543645620360273,-11.936077979860592
24488,MeerKAT:array_1:20250711T085603Z,ex_LEDA_545342,34,870.3019169420004,-0.2972720635960235,23.392115,2,1,4.676444466666666,-43.728333
5542,MeerKAT:array_1:20250712T080758Z,Gaia_2323475263008703872,19,867.8982107788324,-0.20501521627311964,23.165154,4,1,0.4384958764061941,-26.126092945534804
24144,MeerKAT:array_1:20250711T085603Z,ex_LEDA_549179,18,870.1627922654152,-0.31777358522333543,23.089405,1,1,4.657972200000001,-43.404167
23760,MeerKAT:array_1:20250711T085603Z,Gaia_4814711016591606912,63,869.9748032689095,-0.3587766284779594,23.07489,2,1,4.691393198510314,-43.46341254871622
120877,MeerKAT:array_1:20250713T104242Z,Gaia_5096260279056555520,63,924.9903162717819,-0.25626902034139953,23.058603,2,1,4.1320622993099,-17.845097039447626
22382,MeerKAT:array_1:20250711T073156Z,Gaia_4814731151398254208,28,872.0096617043018,0.04100304325462393,22.990955,2,1,4.656593341193906,-43.22231651263583
18172,MeerKAT:array_1:20250708T092055Z,Gaia_2973620474244336512,15,871.9707338362932,-0.1742629338321517,22.977839,4,1,4.78673116618443,-22.412196930365482
18428,MeerKAT:array_1:20250708T092055Z,Gaia_2973632397073468928,38,875.0041562616825,-0.04100304325462393,22.974146,4,1,4.773212482210964,-22.24962205732848
439,MeerKAT:array_1:20250701T195047Z,Gaia_1315916269404486144,20,863.9583087414503,-0.04100304325462393,22.968779,3,1,16.16844028391622,26.953431715727064
22436,MeerKAT:array_1:20250711T073156Z,Gaia_4790686034689728128,7,875.0440407842398,0.1127583689502158,22.83439,3,1,4.665466946408731,-43.6815344440531
26573,MeerKAT:array_1:20250711T092345Z,Gaia_4814721010979139712,41,870.121112421155,-0.04100304325462393,22.826107,4,1,4.658792008486357,-43.415537495985824
400,MeerKAT:array_1:20250701T195047Z,Gaia_1315582640641816192,13,863.9583103358746,-0.1230091297638718,22.803993,3,1,16.12720121553124,26.796414246043042
5526,MeerKAT:array_1:20250712T080758Z,Gaia_2323514707988323200,12,867.7729671597481,-0.2357674987140876,22.801292,1,1,0.408112466028178,-26.06824740804821
19684,MeerKAT:array_1:20250708T101552Z,Gaia_2973937339751019392,20,874.9884735047817,-0.3690273892916154,22.782673,2,1,4.785510511846189,-21.75522252247146
371,MeerKAT:array_1:20250701T195047Z,Gaia_1315524950641036672,8,863.9583087414503,-0.04100304325462393,22.7496,3,1,16.163250127085462,26.71959027686428
26161,MeerKAT:array_1:20250711T092345Z,Gaia_4814729429115402880,5,870.121112421155,-0.04100304325462393,22.747879,4,1,4.671846170189647,-43.18346399276299
21206,MeerKAT:array_1:20250708T125143Z,Gaia_2973927306707471360,9,874.9927258342505,-0.25626902034139953,22.669006,1,3,4.785138729973451,-21.876072430376443
19740,MeerKAT:array_1:20250708T101552Z,Gaia_2973734686014252544,35,875.0032299011946,-0.25626902034139953,22.582483,4,1,4.797914498387552,-21.965432934579535
20430,MeerKAT:array_1:20250708T112920Z,Gaia_2973639750057471488,59,875.003072053194,-0.1230091297638718,22.573795,4,2,4.775580273017036,-22.162228264234397
541,MeerKAT:array_1:20250701T195047Z,Gaia_1315708122406813312,39,863.9583103358746,-0.1230091297638718,22.544813,3,1,16.17719964589419,26.634551681305613
25632,MeerKAT:array_1:20250711T085603Z,ex_LEDA_549839,13,879.2245207130909,-0.2972720635960235,22.533138,4,1,4.651305533333334,-43.351111
5525,MeerKAT:array_1:20250712T080758Z,Gaia_2323514707988323200,12,867.7633113265038,-0.19476445545946366,22.378876,1,1,0.408112466028178,-26.06824740804821
21063,MeerKAT:array_1:20250708T122415Z,Gaia_2973729394614635264,11,876.2152283042669,0.3075228244096795,22.344404,1,1,4.814704106440344,-21.96038925477901
5538,MeerKAT:array_1:20250712T080758Z,Gaia_2323521236338609792,18,867.7633145153522,-0.20501521627311964,22.273415,3,1,0.4090148095872484,-25.9155426937623
17920,MeerKAT:array_1:20250706T145226Z,Gaia_4802485993479359232,40,876.1932491660118,0.05125380406827991,22.2211,3,1,5.623847156547368,-43.96764153715095
6968,MeerKAT:array_1:20250719T011200Z,ex_2dFGRS_TGS544Z257,26,863.978631272912,0.04100304325462393,22.100441,1,3,23.7137222,-35.158611
458177,MeerKAT:array_1:20250719T113106Z,Gaia_2992967618287776512,57,876.2146351784468,-0.020501521627311965,22.028782,3,1,6.175849738501684,-15.830449973455114
4301,MeerKAT:array_1:20250709T052824Z,Gaia_4936848891373290496,38,864.0862676650286,-0.16401217301849572,22.026215,1,1,2.144382702733688,-51.178467067484476
5505,MeerKAT:array_1:20250712T080758Z,ex_2dFGRS_TGS138Z230,5,867.7633145153522,-0.20501521627311964,21.930773,3,1,0.4409722,-25.986944
5603,MeerKAT:array_1:20250712T080758Z,Gaia_2323490003336459136,60,867.763312920928,-0.1845136946458077,21.895811,2,1,0.43229339587420657,-25.968124696902834
18741,MeerKAT:array_1:20250708T094824Z,ex_CRTS_J044623.8-215436,7,871.9704516232014,-0.05125380406827991,21.880041,2,1,4.7732834,-21.910552
5530,MeerKAT:array_1:20250712T080758Z,Gaia_2323477530751457920,14,867.7633177042007,-0.21526597708677564,21.81579,2,1,0.44860439087062165,-26.054074223496595
67029,MeerKAT:array_1:20250705T144414Z,ex_ASASSN-V_J150215.27-393048.2,36,924.9956129491329,-0.14351065139118374,21.736609,2,1,15.037576000000001,-39.51339
23529,MeerKAT:array_1:20250711T085603Z,ex_LEDA_547903,35,869.9748032689095,-0.3587766284779594,21.612518,2,1,4.678843333333333,-43.509735
4238,MeerKAT:array_1:20250709T052824Z,Gaia_4936839098847877504,24,864.0862724483013,-0.27677054196871154,21.529724,2,1,2.166263707310723,-51.29317064661083
23450,MeerKAT:array_1:20250711T085603Z,ex_LEDA_551328,24,869.8644212782383,-0.33827510685064743,21.518204,4,1,4.665722199999999,-43.232778
5937,MeerKAT:array_1:20250712T084022Z,Gaia_2323545631752871680,34,867.77108733356,-0.38952891091892733,21.459227,1,1,0.41495575354893793,-25.800299572204047
453683,MeerKAT:array_1:20250708T092055Z,Gaia_2973725340165506816,42,875.0041578561068,-0.020501521627311965,21.433107,3,1,4.818927800990625,-22.005045163919203
18350,MeerKAT:array_1:20250708T092055Z,Gaia_2973634939694102272,21,875.0041578561068,-0.03075228244096795,21.432117,3,1,4.779455286153813,-22.254499411057882
55414,MeerKAT:array_1:20250702T215029Z,Gaia_6891292451115314560,53,919.794089242816,0.09225684732290385,21.380089,2,1,21.50392273564376,-12.032917968297266
19803,MeerKAT:array_1:20250708T101552Z,Gaia_2973738877902334848,53,875.0032394677401,-0.39977967173258333,21.361977,1,1,4.791473100715585,-21.904332211163187
228262,MeerKAT:array_1:20250708T101552Z,Gaia_2973640231093802240,51,960.0946210026741,-0.1230091297638718,21.347738,2,2,4.781663917929182,-22.16515327154703
5508,MeerKAT:array_1:20250712T080758Z,ex_2dFGRS_TGS138Z224,6,867.7729639708996,-0.2460182595277436,21.336035,1,1,0.4443611333333333,-26.308889
5499,MeerKAT:array_1:20250712T080758Z,ex_2MASX_J00253041-2600396,2,867.878945350647,-0.33827510685064743,21.335241,2,1,0.4251242,-26.010999
19703,MeerKAT:array_1:20250708T101552Z,Gaia_2973638581826367104,25,874.9884735047817,-0.03075228244096795,21.209045,1,1,4.778936479553704,-22.211584329578656
19800,MeerKAT:array_1:20250708T101552Z,Gaia_2973923939453138944,52,875.0032314956188,-0.27677054196871154,21.191805,3,1,4.780364714749299,-22.00751536173904
22573,MeerKAT:array_1:20250711T073156Z,Gaia_4814730807800869888,51,875.0440391898155,0.1742629338321517,21.140804,1,1,4.660104037672248,-43.25259023474067
451078,MeerKAT:array_1:20250706T022717Z,ex_2MASX_J00214584+0033275,18,874.9937191605568,0.010250760813655982,20.981655,2,2,0.3627258,0.557569
18513,MeerKAT:array_1:20250708T092055Z,Gaia_2973665829098719360,56,875.0041562616825,-0.05125380406827991,20.90161,4,1,4.805044398253899,-22.347821568395148
10397,MeerKAT:array_1:20250731T150301Z,J1609+2641,0,863.9567653387785,0.10250760813655982,20.88359,1,1,16.1537,26.691388888888888
228238,MeerKAT:array_1:20250708T101552Z,Gaia_2973640295519055232,50,960.0946210026741,-0.1127583689502158,20.855927,2,2,4.780992586002836,-22.15810567119535
26487,MeerKAT:array_1:20250711T092345Z,Gaia_4790703386357613184,34,870.121112421155,-0.04100304325462393,20.842892,4,1,4.643098705639081,-43.49211955415151
19791,MeerKAT:array_1:20250708T101552Z,Gaia_2973740321011342976,49,875.0032299011946,-0.25626902034139953,20.835823,4,1,4.801073365878159,-21.964931089924615
33603,MeerKAT:array_1:20250719T212149Z,Gaia_4216972339173237632,47,874.995895549655,0.08200608650924786,20.833145,1,1,20.173798792311043,-6.644792835343293
4962,MeerKAT:array_1:20250712T072515Z,Gaia_2323478900845422208,15,868.2036275267601,0.21526597708677564,20.704239,3,1,0.44336119952348096,-25.994566218600376
18252,MeerKAT:array_1:20250708T092055Z,J0447-2203,0,875.004172205925,-0.31777358522333543,20.598372,1,1,4.793688888888889,-22.06022222222222
18914,MeerKAT:array_1:20250708T094824Z,Gaia_2973930089846241536,56,873.5825771689415,-0.3075228244096795,20.590563,2,1,4.777631237654372,-21.825736620278388
26544,MeerKAT:array_1:20250711T092345Z,Gaia_4814707030860701440,38,870.3418859690428,-0.2870213027823675,20.559906,1,1,4.676851701270908,-43.52738955163059
6364,MeerKAT:array_1:20250716T163236Z,Gaia_3966777957171171712,52,857.7938883155584,-0.4100304325462393,20.535301,2,1,11.362477758386602,14.497067508454633
26197,MeerKAT:array_1:20250711T092345Z,Gaia_4790685927314716416,8,870.1211267709732,-0.3075228244096795,20.511353,4,1,4.662721897951874,-43.666881653745975
24582,MeerKAT:array_1:20250711T085603Z,ex_PGC0130374,38,870.363428235054,-0.2460182595277436,20.481085,4,1,4.6819722,-43.766111
120851,MeerKAT:array_1:20250713T104242Z,Gaia_5096070682019896832,50,924.9903162717819,-0.25626902034139953,20.445919,2,1,4.168034423549073,-18.13847335007371
18870,MeerKAT:array_1:20250708T094824Z,ex_LEDA_821500,12,873.5825771689415,-0.3075228244096795,20.429037,2,1,4.776083333333333,-21.9425
33178,MeerKAT:array_1:20250719T113106Z,Gaia_2993083788563508224,7,876.214630395174,0.08200608650924786,20.42687,2,1,6.1745917496633185,-15.434719787432005
18493,MeerKAT:array_1:20250708T092055Z,Gaia_2973615938758791424,52,875.0041706115007,-0.2972720635960235,20.383568,2,1,4.780842896266162,-22.36661364535113
25637,MeerKAT:array_1:20250711T085603Z,ex_LEDA_550249,19,879.2245239019394,-0.33827510685064743,20.2751,4,1,4.660666666666667,-43.318889000000006
26508,MeerKAT:array_1:20250711T092345Z,Gaia_4814652158359882752,36,870.1211283653975,-0.2870213027823675,20.212187,1,1,4.694333093243185,-43.813957795250346
4339,MeerKAT:array_1:20250709T052824Z,Gaia_4936833292052092416,46,864.0862724483013,-0.26651978115505554,20.176434,2,1,2.164232895882615,-51.287961635526685
26277,MeerKAT:array_1:20250711T092345Z,Gaia_4814699952755941760,14,870.341887563467,-0.3075228244096795,20.131409,2,1,4.682180990350334,-43.770069786137114
6363,MeerKAT:array_1:20250716T163236Z,ex_LEDA_1464024,19,857.7938883155584,-0.4100304325462393,19.961731,2,1,11.336805533333333,14.668888999999998
18891,MeerKAT:array_1:20250708T094824Z,Gaia_2973712970659753600,33,873.5825787633657,-0.31777358522333543,19.913933,2,1,4.805584079102522,-22.307787829212163
5584,MeerKAT:array_1:20250712T080758Z,Gaia_2323484123525547136,50,867.8982123732567,-0.2460182595277436,19.903145,2,1,0.4540814718582934,-25.971809296028294
20370,MeerKAT:array_1:20250708T112920Z,Gaia_2973747673995344640,39,875.003072053194,-0.1230091297638718,19.899008,4,2,4.803145099073812,-21.75251056254364
19827,MeerKAT:array_1:20250708T101552Z,Gaia_2973923905093376384,59,875.0032314956188,-0.27677054196871154,19.883732,3,1,4.781985781639529,-21.999310194170405
18876,MeerKAT:array_1:20250708T094824Z,ex_LEDA_822854,18,873.5825787633657,-0.31777358522333543,19.863113,2,1,4.81325,-21.851389000000005
4942,MeerKAT:array_1:20250712T072515Z,ex_2dFGRS_TGS138Z230,5,868.2036275267601,0.21526597708677564,19.848547,3,1,0.4409722,-25.986944
56575,MeerKAT:array_1:20250703T001453Z,Gaia_6891320626100854016,33,919.7942662239075,-0.08200608650924786,19.745499,3,1,21.52144805392143,-11.835119478634251
5601,MeerKAT:array_1:20250712T080758Z,Gaia_2323470246486896512,59,867.8982139676809,-0.2870213027823675,19.74497,2,1,0.4214209569914575,-25.974387940510663
11751,MeerKAT:array_1:20250701T065749Z,ex_LBQS_0056-0009,57,879.9951171129942,-0.39977967173258333,19.736559,1,1,0.9848652,0.11433900000000001
18882,MeerKAT:array_1:20250708T094824Z,Gaia_2973830515324686976,24,873.5825787633657,-0.3485258676643034,19.695131,1,1,4.772673567805199,-22.037277351998767
23611,MeerKAT:array_1:20250711T085603Z,ex_LEDA_545297,43,870.0684964209795,-0.19476445545946366,19.63131,1,1,4.686444466666667,-43.732778
23963,MeerKAT:array_1:20250711T085603Z,ex_QSO_J0441-4313,8,870.3634298294783,-0.26651978115505554,19.606663,4,1,4.6881496,-43.229302
18174,MeerKAT:array_1:20250708T092055Z,Gaia_2973934865849905920,16,871.9707338362932,-0.1742629338321517,19.519192,4,1,4.798650889930966,-21.766804360216017
33277,MeerKAT:array_1:20250719T113106Z,Gaia_2992974902552254848,52,876.2004671245813,-0.27677054196871154,19.487879,1,1,6.1764202112034186,-15.632232150929346
6310,MeerKAT:array_1:20250712T091244Z,Gaia_2323476564383214720,10,866.6568622142076,0.31777358522333543,19.486237,3,1,0.4410284617159435,-26.074344762891016
18906,MeerKAT:array_1:20250708T094824Z,Gaia_2973726817634356224,48,873.5825819522142,-0.3485258676643034,19.45969,2,1,4.812809469048865,-22.026739194080356
31856,MeerKAT:array_1:20250713T113750Z,Gaia_5096045736849844224,59,869.9928633123636,-0.07175532569559187,19.449821,1,1,4.168855260792347,-18.21453723919249
32935,MeerKAT:array_1:20250719T113106Z,Gaia_2993030943285271552,12,872.2136443704367,0.14351065139118374,19.433037,2,1,6.139963785068996,-15.599075672549386
451059,MeerKAT:array_1:20250706T022717Z,ex_RX_J0022.0+0006,1,874.9937191605568,0.010250760813655982,19.419895,2,2,0.36693213333333335,0.11609600000000002
18900,MeerKAT:array_1:20250708T094824Z,Gaia_2973621333237785088,42,873.5825819522142,-0.3485258676643034,19.391548,2,1,4.788129872674757,-22.335578348439178
4140,MeerKAT:array_1:20250709T052824Z,Gaia_4936950939796193152,3,864.0862756371498,-0.33827510685064743,19.337896,1,1,2.198559944251336,-50.85208286514196
5502,MeerKAT:array_1:20250712T080758Z,ex_2dFGRS_TGS138Z236,4,867.7633113265038,-0.2357674987140876,19.332792,1,1,0.43377780000000005,-26.044444
55423,MeerKAT:array_1:20250702T215029Z,ex_LEDA_958206,62,919.794089242816,0.09225684732290385,19.31996,2,1,21.53875,-12.061389
475301,MeerKAT:array_1:20250701T220028Z,Gaia_1315535464720987264,58,919.984538435936,0.020501521627311965,19.26936,4,2,16.15273497064652,26.672206311887788
24960,MeerKAT:array_1:20250711T085603Z,Gaia_4814652982993590784,55,870.363428235054,-0.2460182595277436,19.26273,4,1,4.6860639984509636,-43.79986824753711
475251,MeerKAT:array_1:20250701T220028Z,Gaia_1315509316960063104,5,919.9845400303602,-0.020501521627311965,19.227154,4,2,16.149576481652947,26.346566051216136
14690,MeerKAT:array_1:20250706T022717Z,ex_ICRF_J002225.4+001456,26,875.0298344641924,-0.03075228244096795,19.201132,4,1,0.3737294,0.24893400000000002
14639,MeerKAT:array_1:20250706T022717Z,J0022+0014,0,875.0298344641924,-0.03075228244096795,19.197557,4,1,0.37373055555555557,0.24894444444444444
18397,MeerKAT:array_1:20250708T092055Z,Gaia_2973713069441865856,31,875.0041562616825,-0.05125380406827991,19.186075,4,1,4.803885999456703,-22.299272193085127
18748,MeerKAT:array_1:20250708T094824Z,ex_LEDA_820867,10,871.9704532176256,-0.08200608650924786,19.180048,2,1,4.7704075999999995,-21.987234
31768,MeerKAT:array_1:20250713T113750Z,Gaia_5096093909202998912,12,869.9943955540657,-0.10250760813655982,19.168566,4,1,4.160268771485839,-17.83641844380211
11177,MeerKAT:array_1:20250731T171238Z,Gaia_1315530516918680576,56,863.9838769286871,0.0615045648819359,19.122507,2,1,16.131167662831004,26.54516252002196
440113,MeerKAT:array_1:20250712T084022Z,Gaia_2323448153175132928,39,863.9900888055563,0.020501521627311965,19.053284,4,2,0.4387001711024241,-26.24113025168634
22516,MeerKAT:array_1:20250711T073156Z,Gaia_4814661401129475072,33,875.0440407842398,0.1127583689502158,19.047182,3,1,4.693323658854475,-43.630619359462315
227733,MeerKAT:array_1:20250708T101552Z,Gaia_2973743104150140160,27,960.0946225970984,-0.14351065139118374,19.02752,1,2,4.81100795966748,-21.836846755636913
18438,MeerKAT:array_1:20250708T092055Z,Gaia_2973714310689547520,40,875.0041610449553,-0.1230091297638718,18.962433,3,1,4.802525175816426,-22.25225337798384
33163,MeerKAT:array_1:20250719T113106Z,Gaia_2992779498719232896,1,876.2146351784468,-0.03075228244096795,18.951218,4,1,6.178257642054381,-15.876425894749554
474772,MeerKAT:array_1:20250701T202312Z,Gaia_1315524744482606336,6,919.793709769845,0.020501521627311965,18.93819,2,1,16.162253477320434,26.699840605723175
19230,MeerKAT:array_1:20250708T094824Z,Gaia_2973929677529390976,21,879.2238574326038,-0.4202811933598953,18.901073,2,1,4.7719159937118585,-21.865910844401444
17880,MeerKAT:array_1:20250706T145226Z,Gaia_4802475204521550464,20,876.1932491660118,0.05125380406827991,18.900642,3,1,5.6203832406074685,-44.256544136279096
440076,MeerKAT:array_1:20250712T084022Z,ex_2dFGRS_TGS138Z224,6,863.9900888055563,0.020501521627311965,18.878386,4,2,0.4443611333333333,-26.308889
24905,MeerKAT:array_1:20250711T085603Z,Gaia_4790703661235514240,52,870.60029271245,-0.33827510685064743,18.816828,4,1,4.647846646180271,-43.46931340518637
433272,MeerKAT:array_1:20250701T202312Z,J1609+2641,0,863.958165243268,0.020501521627311965,18.798021,1,1,16.1537,26.691388888888888
18877,MeerKAT:array_1:20250708T094824Z,Gaia_2973928509298283264,19,873.58258035779,-0.3587766284779594,18.704052,2,1,4.776692785640122,-21.88866259178355
348141,MeerKAT:array_1:20250719T113106Z,Gaia_2992977823129767424,58,960.0047863572836,-0.14351065139118374,18.70188,1,1,6.149299874488621,-15.765222943546634
31766,MeerKAT:array_1:20250713T113750Z,Gaia_5096088823961751680,11,869.994378015399,0.21526597708677564,18.687439,2,1,4.159583904082982,-17.92843246198023
4530,MeerKAT:array_1:20250712T072515Z,ex_2dFGRS_TGS138Z236,4,856.2008161395788,0.1127583689502158,18.669464,3,1,0.43377780000000005,-26.044444
31751,MeerKAT:array_1:20250713T113750Z,Gaia_5096088927040966272,3,869.994378015399,0.21526597708677564,18.655987,2,1,4.1599790602698885,-17.92638120194738
27328,MeerKAT:array_1:20250711T092345Z,Gaia_4790680983808220032,58,879.9766201972961,-0.26651978115505554,18.611277,1,1,4.678133245953735,-43.76687575981199
23582,MeerKAT:array_1:20250711T085603Z,ex_LEDA_550336,40,869.9748048633337,-0.37927815010527133,18.608583,3,1,4.6828888666666675,-43.311667
26324,MeerKAT:array_1:20250711T092345Z,Gaia_4814651230646919936,19,870.1211267709732,-0.3075228244096795,18.591465,4,1,4.698765508048533,-43.76170038011539
5547,MeerKAT:array_1:20250712T080758Z,Gaia_2323543054772496512,23,867.8885932117701,-0.39977967173258333,18.567379,1,1,0.42715601514309715,-25.831916909610552
19807,MeerKAT:array_1:20250708T101552Z,Gaia_2973733895740273152,54,875.0032314956188,-0.27677054196871154,18.505161,3,1,4.797107902258553,-22.01096036144674
67043,MeerKAT:array_1:20250705T144414Z,ex_ESO_328-10,43,924.9956129491329,-0.14351065139118374,18.433474,2,1,15.056002800000002,-39.302056
18242,MeerKAT:array_1:20250708T092055Z,Gaia_2973929162133310592,62,871.9707338362932,-0.1742629338321517,18.428106,4,1,4.776153177668682,-21.867356634219316
4182,MeerKAT:array_1:20250709T052824Z,Gaia_4936907268568812032,13,863.956550091505,0.04100304325462393,18.415428,2,2,2.1594143192706277,-50.905172673933926
344234,MeerKAT:array_1:20250719T110629Z,Gaia_2992940439734801920,9,960.0027805715799,-0.13325989057752777,18.358152,4,1,6.149071562447043,-15.913304763227556
22588,MeerKAT:array_1:20250711T073156Z,Gaia_4814659305185460608,56,875.0440407842398,0.1127583689502158,18.350489,3,1,4.70510830722962,-43.609630666206904
453693,MeerKAT:array_1:20250708T092055Z,Gaia_2973745543691571584,61,874.9890363365412,0.020501521627311965,18.261805,1,1,4.796210527149063,-21.825149983034777
33180,MeerKAT:array_1:20250719T113106Z,Gaia_2992935217054558464,8,876.2004575580359,-0.1742629338321517,18.205563,4,1,6.162643254558005,-16.0144499263408
54970,MeerKAT:array_1:20250701T220028Z,Gaia_1315710183991116032,31,919.9845352470875,-0.04100304325462393,18.0816,1,2,16.18046784915153,26.717193901650734
5545,MeerKAT:array_1:20250712T080758Z,Gaia_2323541817821914880,22,867.7633177042007,-0.21526597708677564,18.076515,2,1,0.42473185074817105,-25.82873777080899
5605,MeerKAT:array_1:20250712T080758Z,Gaia_2323490003336459136,60,867.8982107788324,-0.1845136946458077,18.06889,2,1,0.43229339587420657,-25.968124696902834
18905,MeerKAT:array_1:20250708T094824Z,Gaia_2973729085376982144,47,873.58258035779,-0.3587766284779594,18.035492,2,1,4.81741746650379,-21.932986848796816
25659,MeerKAT:array_1:20250711T085603Z,Gaia_4814716307991315072,49,879.2245191186666,-0.26651978115505554,17.992292,1,1,4.6794434389958885,-43.26293176771402
26808,MeerKAT:array_1:20250711T092345Z,Gaia_4814705793911396224,59,870.4522663652897,-0.2870213027823675,17.886547,1,1,4.666528231000489,-43.569380407041876
23372,MeerKAT:array_1:20250711T085603Z,ex_LEDA_549534,14,869.7958466857672,-0.37927815010527133,17.868471,1,1,4.653527799999999,-43.376667
31808,MeerKAT:array_1:20250713T113750Z,Gaia_5096059858702284800,33,869.9928601235151,0.07175532569559187,17.864803,1,1,4.1327261580824315,-18.10786108518224
17864,MeerKAT:array_1:20250706T145226Z,Gaia_4802467606722608768,12,876.1932491660118,0.05125380406827991,17.796825,3,1,5.650273267136258,-44.18127967632986
24498,MeerKAT:array_1:20250711T085603Z,ex_LEDA_545342,34,870.4899107217789,-0.31777358522333543,17.763552,1,1,4.676444466666666,-43.728333
25624,MeerKAT:array_1:20250711T085603Z,Gaia_4814722595823458688,4,879.2245254963636,-0.3485258676643034,17.692831,1,1,4.6548437252129355,-43.39991835413826
5589,MeerKAT:array_1:20250712T080758Z,Gaia_2323450661436033280,52,867.8982091844082,-0.26651978115505554,17.60635,1,1,0.4324713451818449,-26.259838528450867
8477,MeerKAT:array_1:20250720T121928Z,ex_LEDA_948728,35,864.0023977607489,0.1127583689502158,17.569038,1,2,13.615388866666668,-12.711944
344859,MeerKAT:array_1:20250719T110629Z,Gaia_2992956657530978176,36,960.0027805715799,-0.13325989057752777,17.562735,4,1,6.142490920556772,-15.819079294458763
456940,MeerKAT:array_1:20250712T013838Z,J2011-0644,0,875.0039505809546,0.010250760813655982,17.547932,2,1,20.187283333333337,-6.734333333333334
60774,MeerKAT:array_1:20250720T121928Z,ex_LEDA_105233,36,919.7910120040178,-0.0615045648819359,17.511993,4,1,13.6177528,-12.672
26853,MeerKAT:array_1:20250711T092345Z,Gaia_4814710741713703680,63,870.3418764024973,-0.08200608650924786,17.46688,1,1,4.683185559323631,-43.437686598826154
24793,MeerKAT:array_1:20250711T085603Z,Gaia_4814711458972055680,47,870.2978989928961,-0.37927815010527133,17.462,3,1,4.691098498530638,-43.431628057840925
26257,MeerKAT:array_1:20250711T092345Z,Gaia_4814724446953218816,13,870.1331949681044,-0.1845136946458077,17.433496,1,1,4.6551192793000915,-43.350291050157466
4659,MeerKAT:array_1:20250712T072515Z,Gaia_2323517731645298048,55,860.2017527371645,0.16401217301849572,17.41239,2,1,0.4117939871217425,-25.96636395650695
5518,MeerKAT:array_1:20250712T080758Z,Gaia_2323477839989102720,10,867.7536650598049,-0.16401217301849572,17.374111,1,1,0.4474856174833471,-26.03732214345288
440101,MeerKAT:array_1:20250712T084022Z,Gaia_2322720413916475136,25,863.9900888055563,0.020501521627311965,17.372688,4,2,0.45163443961490435,-26.21102171674071
24356,MeerKAT:array_1:20250711T085603Z,ex_LEDA_550158,28,870.363428235054,-0.2460182595277436,17.291445,4,1,4.67075,-43.326111
3698,MeerKAT:array_1:20250708T190600Z,Gaia_4083931264722925312,51,864.0006709992886,-0.08200608650924786,17.121288,1,1,19.1820916106434,-19.82573883771833
4552,MeerKAT:array_1:20250712T072515Z,Gaia_2323488182270328704,26,856.2008161395788,0.1127583689502158,17.092936,3,1,0.43432951554742244,-26.074471819686558
6358,MeerKAT:array_1:20250712T091244Z,Gaia_2323473785539976320,59,866.6568622142076,0.31777358522333543,16.995245,3,1,0.44799319123105896,-26.120309630292446
31782,MeerKAT:array_1:20250713T113750Z,Gaia_5096090232711022336,19,869.994358882308,0.39977967173258333,16.98647,1,1,4.162508840877326,-17.919857480812755
439625,MeerKAT:array_1:20250712T073536Z,Gaia_2323488457148234880,16,863.9847729951143,-0.010250760813655982,16.98105,4,1,0.4330966211143069,-26.052321004091656
26425,MeerKAT:array_1:20250711T092345Z,Gaia_4790680846369268736,28,870.1211267709732,-0.3075228244096795,16.96815,4,1,4.67789310322079,-43.794137797103
344493,MeerKAT:array_1:20250719T110629Z,Gaia_2993033966942250368,20,960.0027805715799,-0.13325989057752777,16.951984,4,1,6.137972539678379,-15.580160441448603
25985,MeerKAT:array_1:20250711T092345Z,Gaia_4814729429115402880,5,870.0107320249081,-0.04100304325462393,16.919842,3,1,4.671846170189647,-43.18346399276299
26465,MeerKAT:array_1:20250711T092345Z,Gaia_4815474210804141312,31,870.4154622703791,-0.09225684732290385,16.88133,4,1,4.642446232431467,-43.35676722933204
10019,MeerKAT:array_1:20250731T041226Z,ex_SDSS_J002155.52+001434.3,7,863.9559697210789,0.08200608650924786,16.824148,3,1,0.36542313333333337,0.242872
25636,MeerKAT:array_1:20250711T085603Z,ex_LEDA_549179,18,879.2245207130909,-0.2972720635960235,16.815903,4,1,4.657972200000001,-43.404167
32107,MeerKAT:array_1:20250713T120523Z,Gaia_5096286529896655872,34,869.9925683438778,-0.4100304325462393,16.809282,1,1,4.142370901881092,-17.710807253146406
33177,MeerKAT:array_1:20250719T113106Z,Gaia_2993083788563508224,7,876.2004575580359,-0.1742629338321517,16.796444,4,1,6.1745917496633185,-15.434719787432005
24584,MeerKAT:array_1:20250711T085603Z,ex_PGC0130374,38,870.3961984366179,-0.25626902034139953,16.781216,2,1,4.6819722,-43.766111
25454,MeerKAT:array_1:20250711T085603Z,ex_LEDA_550211,41,874.5101813077927,-0.2972720635960235,16.776772,4,1,4.684138866666667,-43.321389
5602,MeerKAT:array_1:20250712T080758Z,Gaia_2323490003336459136,60,867.7536937594414,-0.38952891091892733,16.752918,1,1,0.43229339587420657,-25.968124696902834
31806,MeerKAT:array_1:20250713T113750Z,Gaia_5096077794485729408,32,869.9943955540657,-0.1127583689502158,16.746,3,1,4.170845300090194,-17.94500316201004
4622,MeerKAT:array_1:20250712T072515Z,Gaia_2323475263008703872,18,860.2017591148615,0.07175532569559187,16.745317,3,1,0.4384958764061941,-26.126092945534804
26783,MeerKAT:array_1:20250711T092345Z,Gaia_4790680983808220032,58,870.1211172044277,-0.16401217301849572,16.68946,2,1,4.678133245953735,-43.76687575981199
475247,MeerKAT:array_1:20250701T220028Z,Gaia_1315895760937255040,1,919.984538435936,0.020501521627311965,16.682327,4,2,16.173966572007625,26.661714854935894
475274,MeerKAT:array_1:20250701T220028Z,Gaia_1315590990058232576,29,919.984538435936,0.020501521627311965,16.679235,4,2,16.140679465204055,26.918960393615414
18636,MeerKAT:array_1:20250708T092055Z,Gaia_2973930055486504320,20,879.9704752862453,-0.3075228244096795,16.672691,3,1,4.77660269713667,-21.827049492692698
18649,MeerKAT:array_1:20250708T092055Z,Gaia_2973930983199431552,33,879.9704752862453,-0.3075228244096795,16.648151,3,1,4.7811251477037615,-21.790183642118368
25136,MeerKAT:array_1:20250711T085603Z,Gaia_4814711016591606912,63,870.3019233196974,-0.37927815010527133,16.625824,1,1,4.691393198510314,-43.46341254871622
5515,MeerKAT:array_1:20250712T080758Z,Gaia_2323514879787014528,8,867.8982123732567,-0.25626902034139953,16.59157,3,1,0.410160318644558,-26.03475002646211
4610,MeerKAT:array_1:20250712T072515Z,ex_2dFGRS_TGS138Z230,5,860.2017607092857,0.05125380406827991,16.580982,1,1,0.4409722,-25.986944
347188,MeerKAT:array_1:20250719T113106Z,Gaia_2992771424180743040,11,960.0047831684351,-0.05125380406827991,16.548496,3,1,6.168327718253597,-15.992304341493805
5519,MeerKAT:array_1:20250712T080758Z,Gaia_2323477839989102720,10,867.7633177042007,-0.26651978115505554,16.546011,2,1,0.4474856174833471,-26.03732214345288
59971,MeerKAT:array_1:20250718T233501Z,J2341-3506,0,919.79439856112,0.03075228244096795,16.524513,1,2,23.696080555555557,-35.10613888888889
5553,MeerKAT:array_1:20250712T080758Z,Gaia_2323501238970926848,26,867.763319298625,-0.25626902034139953,16.468122,2,1,0.4391629920725987,-25.837251235257657
58029,MeerKAT:array_1:20250712T065251Z,Gaia_2323470796242741120,24,919.9987033009529,-0.2460182595277436,16.463766,2,1,0.4450502053538468,-26.224690408003458
11077,MeerKAT:array_1:20250731T171238Z,Gaia_1315509316960063104,24,863.9838769286871,0.0615045648819359,16.41977,2,1,16.149576481652947,26.346566051216136
439600,MeerKAT:array_1:20250712T073536Z,Gaia_2323465195605359488,10,863.9847729951143,-0.010250760813655982,16.397095,4,1,0.42421038803818284,-26.103123128851543
5570,MeerKAT:array_1:20250712T080758Z,Gaia_2323542779894588160,41,867.7536666542292,-0.15376141220483974,16.394133,1,1,0.4201000425528512,-25.80545134851528
26792,MeerKAT:array_1:20250711T092345Z,Gaia_4790680983808220032,58,870.3418604582548,0.2870213027823675,16.350592,1,1,4.678133245953735,-43.76687575981199
5528,MeerKAT:array_1:20250712T080758Z,Gaia_2323515223384398592,13,867.7633145153522,-0.2357674987140876,16.323526,3,1,0.412468329714072,-26.034595771282632
86175,MeerKAT:array_1:20250708T092055Z,Gaia_2973728123304216832,48,923.9689934700727,-0.25626902034139953,16.315607,4,1,4.810143485831436,-21.953134532016726
10050,MeerKAT:array_1:20250731T041226Z,ex_PGC1164118,23,863.9559617489576,0.21526597708677564,16.305132,1,2,0.3691111333333333,0.366944
23528,MeerKAT:array_1:20250711T085603Z,ex_LEDA_547903,35,869.8644164949656,-0.27677054196871154,16.28154,1,1,4.678843333333333,-43.509735
25037,MeerKAT:array_1:20250711T085603Z,Gaia_4790703317638135808,59,870.2978973984718,-0.3587766284779594,16.262043,2,1,4.644831723541808,-43.50853771997735
440112,MeerKAT:array_1:20250712T084022Z,Gaia_2323447431620627712,36,863.9900888055563,0.020501521627311965,16.256088,4,2,0.438142851620719,-26.28033727736541
443217,MeerKAT:array_1:20250719T015811Z,Gaia_2312006051061066624,34,863.9991371631622,-0.020501521627311965,16.241438,1,1,23.708143525979757,-34.78089837914245
447718,MeerKAT:array_1:20250731T041226Z,Gaia_2546787861317282688,56,863.9559792876244,-0.010250760813655982,16.228666,2,2,0.3801725043032137,0.08892317433544368
19232,MeerKAT:array_1:20250708T094824Z,Gaia_2973723244221476736,38,879.2238558381796,-0.33827510685064743,16.219635,2,1,4.817334136206777,-22.07854963352045
25623,MeerKAT:array_1:20250711T085603Z,Gaia_4790693215875065472,3,879.2245207130909,-0.2972720635960235,16.210014,4,1,4.644346085888837,-43.766538085981374
33207,MeerKAT:array_1:20250719T113106Z,Gaia_2992779533078969344,21,876.2146351784468,-0.05125380406827991,16.193249,3,1,6.180170343756937,-15.880486058722552
24124,MeerKAT:array_1:20250711T085603Z,ex_LEDA_546364,17,870.2978989928961,-0.37927815010527133,16.079811,3,1,4.656138866666667,-43.64222199999999
5607,MeerKAT:array_1:20250712T080758Z,Gaia_2323496840924417792,63,867.7633113265038,-0.1742629338321517,16.033821,2,1,0.4445874490180622,-25.915246348874202
445,MeerKAT:array_1:20250701T195047Z,Gaia_1315518628449166976,21,863.965727597475,-0.1230091297638718,16.005806,4,2,16.158862546386327,26.54080067018585
5514,MeerKAT:array_1:20250712T080758Z,Gaia_2323514879787014528,8,867.8789421617985,-0.3587766284779594,16.005486,1,1,0.410160318644558,-26.03475002646211
23380,MeerKAT:array_1:20250711T085603Z,ex_LEDA_547391,15,869.8644212782383,-0.33827510685064743,15.980373,4,1,4.654638866666667,-43.556389
20878,MeerKAT:array_1:20250708T122415Z,Gaia_2973731696717026944,49,872.2142454683781,0.3075228244096795,15.972854,2,1,4.791574354090018,-22.097840302955877
4617,MeerKAT:array_1:20250712T072515Z,Gaia_2323515223384398592,12,860.2017591148615,0.07175532569559187,15.92963,3,1,0.412468329714072,-26.034595771282632
32995,MeerKAT:array_1:20250719T113106Z,Gaia_2992974902552254848,52,872.1995496600866,-0.25626902034139953,15.89509,1,1,6.1764202112034186,-15.632232150929346
18706,MeerKAT:array_1:20250708T094824Z,ex_LEDA_823286,14,870.4524561017752,-0.3485258676643034,15.855937,1,1,4.794277800000001,-21.819444
10029,MeerKAT:array_1:20250731T041226Z,ex_SDSS_J002250.07-000003.0,12,863.9559697210789,0.08200608650924786,15.850054,3,1,0.380575,-0.000837
28232,MeerKAT:array_1:20250711T110722Z,Gaia_4814715930034193280,47,874.9913083910942,-0.15376141220483974,15.812825,2,2,4.683211174910846,-43.32422587463998
124469,MeerKAT:array_1:20250719T113106Z,Gaia_2992771424180743040,11,924.2114559710026,-0.3587766284779594,15.804736,2,1,6.168327718253597,-15.992304341493805
26589,MeerKAT:array_1:20250711T092345Z,Gaia_4790681945880897920,42,870.121118798852,-0.20501521627311964,15.796334,1,1,4.67314631458982,-43.734208193265964
60347,MeerKAT:array_1:20250719T030257Z,ex_LEDA_655378,27,919.7944639325142,0.0615045648819359,15.777111,3,1,23.713888866666668,-34.946389
347400,MeerKAT:array_1:20250719T113106Z,Gaia_2992779533078969344,21,960.0047831684351,-0.05125380406827991,15.705527,3,1,6.180170343756937,-15.880486058722552
59190,MeerKAT:array_1:20250712T084022Z,ex_2MASX_J00253041-2600396,2,920.0907366573811,0.0615045648819359,15.698299,3,1,0.4251242,-26.010999
26117,MeerKAT:array_1:20250711T092345Z,Gaia_4790694929566249088,1,870.121112421155,-0.04100304325462393,15.694526,4,1,4.6442444350931416,-43.65712168073455
31788,MeerKAT:array_1:20250713T113750Z,ex_LEDA_880136,23,869.993091315031,-0.1230091297638718,15.688257,3,1,4.1551684,-17.62952
5555,MeerKAT:array_1:20250712T080758Z,Gaia_2323488182270328704,27,867.8982107788324,-0.19476445545946366,15.6593275,4,1,0.43432951554742244,-26.074471819686558
23277,MeerKAT:array_1:20250711T085603Z,Gaia_4814724245090845952,2,870.0685012042522,-0.2460182595277436,15.642692,3,1,4.656040254433232,-43.35870343738148
5559,MeerKAT:array_1:20250712T080758Z,Gaia_2323522370209975296,33,867.7633145153522,-0.26651978115505554,15.602994,4,1,0.40685052662207927,-25.85655996751229
18644,MeerKAT:array_1:20250708T092055Z,Gaia_2973638478747155200,28,879.9704657196999,-0.15376141220483974,15.577055,4,1,4.774544744705726,-22.19963634098426
347294,MeerKAT:array_1:20250719T113106Z,Gaia_2993035684929141632,16,960.0047863572836,-0.1230091297638718,15.571138,3,1,6.140955631794845,-15.530234283167566
4507,MeerKAT:array_1:20250712T065251Z,ex_2MASX_J00253041-2600396,2,867.7644625008106,0.27677054196871154,15.570601,1,1,0.4251242,-26.010999
4609,MeerKAT:array_1:20250712T072515Z,ex_2dFGRS_TGS138Z236,4,860.2017511427402,0.21526597708677564,15.535031,1,1,0.43377780000000005,-26.044444
31764,MeerKAT:array_1:20250713T113750Z,Gaia_5096257461558006144,10,869.9928680956364,-0.10250760813655982,15.513726,3,1,4.141783766439086,-17.902314547975237
23092,MeerKAT:array_1:20250711T082812Z,Gaia_4790696376970983040,28,875.0448938012123,-0.09225684732290385,15.461089,1,1,4.656681758129356,-43.672004368277804
5936,MeerKAT:array_1:20250712T084022Z,Gaia_2323463580697634048,31,867.8963963240385,-0.04100304325462393,15.427666,1,1,0.419358123102944,-26.15294827933548
5148,MeerKAT:array_1:20250712T073536Z,Gaia_2323478836421514368,36,864.0853110104799,-0.03075228244096795,15.424027,1,1,0.44587756176950755,-25.992583195438108
348117,MeerKAT:array_1:20250719T113106Z,Gaia_2992967618287776512,57,960.0047799795866,-0.03075228244096795,15.423416,1,1,6.175849738501684,-15.830449973455114
26340,MeerKAT:array_1:20250711T092345Z,Gaia_4814736850818834176,20,870.1211219877005,-0.16401217301849572,15.420533,1,1,4.690378242730814,-43.25907975379896
6339,MeerKAT:array_1:20250712T091244Z,Gaia_2323474988130797312,40,866.6568701863289,0.21526597708677564,15.411033,3,1,0.44001318922457344,-26.145870969678096
447531,MeerKAT:array_1:20250731T041226Z,ex_SDSS_J002339.35+001442.7,15,863.9559792876244,0.010250760813655982,15.403805,1,2,0.3942651333333333,0.24521000000000004
18714,MeerKAT:array_1:20250708T094824Z,Gaia_2973932941704560640,34,870.4524561017752,-0.31777358522333543,15.346899,2,1,4.79194957700667,-21.834720107273952
4994,MeerKAT:array_1:20250712T072515Z,Gaia_2323547418459266560,31,868.2036275267601,0.21526597708677564,15.323868,3,1,0.42099038138356015,-25.756586342882894
447573,MeerKAT:array_1:20250731T041226Z,ex_LEDA_1158206,24,863.9559792876244,-0.010250760813655982,15.310754,2,2,0.3703736666666667,0.143684
26118,MeerKAT:array_1:20250711T092345Z,Gaia_4790694929566249088,1,870.1331933736801,-0.21526597708677564,15.247225,1,1,4.6442444350931416,-43.65712168073455
10027,MeerKAT:array_1:20250731T041226Z,ex_SDSS_J002237.90+000519.0,11,863.9559649378061,0.1845136946458077,15.225818,1,2,0.3771956666666667,0.08863700000000001
9429,MeerKAT:array_1:20250731T021904Z,ex_SDSS_J002250.07-000003.0,12,864.0688868463039,-0.1230091297638718,15.211025,4,2,0.380575,-0.000837
4642,MeerKAT:array_1:20250712T072515Z,Gaia_2323474988130797312,38,860.2017591148615,0.07175532569559187,15.207323,3,1,0.44001318922457344,-26.145870969678096
4574,MeerKAT:array_1:20250712T072515Z,Gaia_2322720104678830336,48,856.2008129507303,0.21526597708677564,15.143957,2,1,0.45273977998433385,-26.237111451272025
23291,MeerKAT:array_1:20250711T085603Z,Gaia_4814722595823458688,4,869.8644212782383,-0.33827510685064743,15.136723,4,1,4.6548437252129355,-43.39991835413826
347000,MeerKAT:array_1:20250719T113106Z,Gaia_2992779498719232896,1,960.0047879517078,-0.14351065139118374,15.136318,2,1,6.178257642054381,-15.876425894749554
31817,MeerKAT:array_1:20250713T113750Z,Gaia_5096255296894495488,38,869.9943955540657,-0.08200608650924786,15.119278,3,1,4.134113280533625,-17.97881754231401
59679,MeerKAT:array_1:20250712T091244Z,Gaia_2323470246486896512,60,919.7921902835369,0.1845136946458077,15.104871,3,1,0.4214209569914575,-25.974387940510663
26311,MeerKAT:array_1:20250711T092345Z,Gaia_4790693112795849984,17,870.3418955355883,-0.39977967173258333,15.089851,1,1,4.6465698487446145,-43.79414531148952
26693,MeerKAT:array_1:20250711T092345Z,Gaia_4790689814260965888,50,870.1211235821247,-0.21526597708677564,15.071513,3,1,4.65070247795314,-43.83823028607529
347793,MeerKAT:array_1:20250719T113106Z,Gaia_2992974043558812288,41,960.0047863572836,-0.1127583689502158,15.024334,3,1,6.176507457327557,-15.688415726420645
58033,MeerKAT:array_1:20250712T065251Z,Gaia_2323471723955675136,25,919.9986937344074,-0.03075228244096795,14.996416,1,1,0.444145311911225,-26.182146797198033
452370,MeerKAT:array_1:20250706T081304Z,Gaia_4802830037540005888,43,872.0095261782408,-0.020501521627311965,14.989296,1,2,5.665608069301108,-43.8241764429036
86155,MeerKAT:array_1:20250708T092055Z,Gaia_2973638478747155200,28,923.9689934700727,-0.25626902034139953,14.964078,4,1,4.774544744705726,-22.19963634098426
27408,MeerKAT:array_1:20250711T095125Z,Gaia_4815473940222636160,1,872.4540229588747,0.14351065139118374,14.93518,1,1,4.645253120102014,-43.38348383502934
23961,MeerKAT:array_1:20250711T085603Z,ex_QSO_J0441-4313,8,870.3387130647898,-0.33827510685064743,14.930036,4,1,4.6881496,-43.229302
19158,MeerKAT:array_1:20250708T094824Z,Gaia_2973726641538374784,63,874.9887365847826,-0.1127583689502158,14.914969,3,1,4.814706831504631,-22.03913741946642
5552,MeerKAT:array_1:20250712T080758Z,Gaia_2323484368339403648,25,867.8982107788324,-0.20501521627311964,14.908621,4,1,0.45542195591159274,-25.941446972378664
24722,MeerKAT:array_1:20250711T085603Z,ex_2MFGC_3840,44,870.2978989928961,-0.37927815010527133,14.907053,3,1,4.686498066666667,-43.42469799999999
5780,MeerKAT:array_1:20250712T084022Z,Gaia_2323447431620627712,36,864.0852121561766,0.1230091297638718,14.90379,4,1,0.438142851620719,-26.28033727736541
58740,MeerKAT:array_1:20250712T073536Z,Gaia_2323501960525432320,55,919.9978789836168,-0.37927815010527133,14.891663,2,1,0.44401476832914566,-25.77300153566536
4593,MeerKAT:array_1:20250712T072515Z,ex_2dFGRS_TGS138Z236,4,859.9857002794743,0.3587766284779594,14.830773,4,1,0.43377780000000005,-26.044444
413,MeerKAT:array_1:20250701T195047Z,Gaia_1315531135393971712,15,863.965727597475,-0.1230091297638718,14.814447,4,2,16.13422584340362,26.5959044611162
348000,MeerKAT:array_1:20250719T113106Z,Gaia_2992960192285436032,51,960.0047879517078,-0.15376141220483974,14.808608,2,1,6.160123944220181,-15.925056569288738
10128,MeerKAT:array_1:20250731T041226Z,Gaia_2543780937533443968,63,863.9559697210789,0.08200608650924786,14.8047695,3,1,0.389256893943235,-0.0028348934146895256
18669,MeerKAT:array_1:20250708T092055Z,Gaia_2973621711194831360,53,879.9704673141241,-0.21526597708677564,14.789557,1,1,4.784947753227324,-22.346382502816084
6022,MeerKAT:array_1:20250712T091244Z,Gaia_2323514879787014528,9,863.9564480483532,0.03075228244096795,14.720483,1,1,0.410160318644558,-26.03475002646211
57175,MeerKAT:array_1:20250703T015225Z,Gaia_6891261286832638336,25,919.7944655269384,0.04100304325462393,14.699248,1,3,21.546253595384666,-11.994793563818957
23707,MeerKAT:array_1:20250711T085603Z,Gaia_4814652982993590784,55,869.8276315331459,-0.37927815010527133,14.691354,3,1,4.6860639984509636,-43.79986824753711
26302,MeerKAT:array_1:20250711T092345Z,Gaia_4790678441187588352,16,870.34188118577,-0.10250760813655982,14.649282,1,1,4.679077810663393,-43.90247901186525
31813,MeerKAT:array_1:20250713T113750Z,Gaia_5096255296894495232,36,869.9943955540657,-0.08200608650924786,14.649264,3,1,4.134301653107812,-17.977292404819377
58021,MeerKAT:array_1:20250712T065251Z,Gaia_2323522988685265664,21,919.9986985176802,-0.14351065139118374,14.617336,3,1,0.40904565173195506,-25.80706425553769
347439,MeerKAT:array_1:20250719T113106Z,Gaia_2992958925274027264,23,960.0047799795866,-0.0615045648819359,14.614235,2,1,6.162764788510453,-15.98703283170356
5535,MeerKAT:array_1:20250712T080758Z,Gaia_2323496325528339456,15,867.8982107788324,-0.2357674987140876,14.5672035,3,1,0.4336127616599986,-25.828803618698714
439617,MeerKAT:array_1:20250712T073536Z,Gaia_2323475915843732992,14,863.9847729951143,-0.010250760813655982,14.551661,4,1,0.437539231112433,-26.13582989277151
578,MeerKAT:array_1:20250701T195047Z,Gaia_1315534262130177536,46,863.965727597475,-0.1230091297638718,14.545579,4,2,16.13244175512828,26.71594636644342
58679,MeerKAT:array_1:20250712T073536Z,Gaia_2323497596838660992,29,919.9978789836168,-0.37927815010527133,14.50273,2,1,0.44672332300852996,-25.873406683865543
439595,MeerKAT:array_1:20250712T073536Z,Gaia_2323475950203471104,9,863.9847729951143,-0.010250760813655982,14.500741,4,1,0.4360323864448599,-26.1332892837217
18660,MeerKAT:array_1:20250708T092055Z,Gaia_2973638375667942272,44,879.9704657196999,-0.15376141220483974,14.49607,4,1,4.773836115007597,-22.208524610909944
29674,MeerKAT:array_1:20250713T073717Z,ex_LEDA_877099,8,872.0422644913197,-0.10250760813655982,14.486987,2,1,4.152944466666667,-17.812222
347668,MeerKAT:array_1:20250719T113106Z,Gaia_2992964182313997696,35,960.0047863572836,-0.1127583689502158,14.464626,3,1,6.154921616310768,-15.887066284194995
18634,MeerKAT:array_1:20250708T092055Z,Gaia_2973933594539587328,18,879.9704736918211,-0.2870213027823675,14.396835,1,1,4.79418654958201,-21.766435767804776
19701,MeerKAT:array_1:20250708T101552Z,Gaia_2973928784176191232,24,875.0032299011946,-0.25626902034139953,14.354673,4,1,4.7749266992050385,-21.87528016037279
10095,MeerKAT:array_1:20250731T041226Z,Gaia_2546865342527290368,46,863.9559633433819,0.2255167379004316,14.3265295,1,2,0.36675543782132014,0.5058531711565664
2129,MeerKAT:array_1:20250702T222259Z,Gaia_6891223388041161856,55,864.0010329335928,-0.09225684732290385,14.305621,3,1,21.532663683027007,-12.333912580282394
345413,MeerKAT:array_1:20250719T110629Z,Gaia_2993086296824023680,60,960.0027805715799,-0.13325989057752777,14.247415,4,1,6.171042540710173,-15.453529556859033
4586,MeerKAT:array_1:20250712T072515Z,Gaia_2323461793991240064,60,856.2008193284273,0.08200608650924786,14.241586,1,1,0.42223462175330884,-26.230979842579554
31790,MeerKAT:array_1:20250713T113750Z,ex_LEDA_880214,24,869.993091315031,-0.13325989057752777,14.238082,4,1,4.1551978,-17.623891000000004
33472,MeerKAT:array_1:20250719T212149Z,Gaia_4216977119478326016,3,875.0023418068886,0.05125380406827991,14.23644,4,1,20.166699651554207,-6.533098022174293
54975,MeerKAT:array_1:20250701T220028Z,Gaia_1315708122406813312,35,919.9845352470875,0.0615045648819359,14.232788,1,2,16.17719964589419,26.634551681305613
458786,MeerKAT:array_1:20250719T222739Z,Gaia_4217341435782772352,13,875.0296287834644,0.020501521627311965,14.224181,2,1,20.20329316479016,-6.466916001370088
26719,MeerKAT:array_1:20250711T092345Z,Gaia_4791452359934653952,52,870.1211267709732,-0.3075228244096795,14.219596,4,1,4.6404822497358875,-43.5300470198016
4515,MeerKAT:array_1:20250712T065251Z,Gaia_2323480588768172800,31,867.7644640952349,0.1845136946458077,14.211741,1,1,0.4532564387355618,-26.03198844838704
18618,MeerKAT:array_1:20250708T092055Z,Gaia_2973666275775298304,2,879.9704768806696,-0.31777358522333543,14.183148,2,1,4.8123285782261735,-22.296021811733205
26648,MeerKAT:array_1:20250711T092345Z,Gaia_4814716960826345728,46,870.3418795913458,-0.20501521627311964,14.1812935,1,1,4.677034763195188,-43.284084540095044
112539,MeerKAT:array_1:20250712T013838Z,Gaia_4216970797286312960,30,924.9973636269569,0.04100304325462393,14.16173,1,2,20.170753361860957,-6.667769336120112
60784,MeerKAT:array_1:20250720T121928Z,Gaia_3610245094068622336,47,919.7910104095936,-0.04100304325462393,14.124718,4,1,13.636704865163791,-12.636475771577233
86148,MeerKAT:array_1:20250708T092055Z,Gaia_2973634939694102272,21,923.9689934700727,-0.25626902034139953,14.124271,4,1,4.779455286153813,-22.254499411057882
9490,MeerKAT:array_1:20250731T021904Z,Gaia_2542280275960600960,35,864.0688868463039,-0.1230091297638718,14.1092615,4,2,0.3738682137904102,-0.09118823223574624
348021,MeerKAT:array_1:20250719T113106Z,Gaia_2992974902552254848,52,960.0047799795866,-0.0615045648819359,14.088552,2,1,6.1764202112034186,-15.632232150929346
26497,MeerKAT:array_1:20250711T092345Z,Gaia_4790703386357613184,34,870.341874808073,-0.09225684732290385,14.084021,1,1,4.643098705639081,-43.49211955415151
25424,MeerKAT:array_1:20250711T085603Z,ex_LEDA_546619,30,874.5101813077927,-0.2972720635960235,14.075497,4,1,4.672555533333333,-43.62
24008,MeerKAT:array_1:20250711T085603Z,ex_GALEX_J044047.1-432429,10,870.60029271245,-0.33827510685064743,14.065897,4,1,4.679750333333334,-43.408327
19018,MeerKAT:array_1:20250708T094824Z,Gaia_2973628819363169280,26,874.9887652844191,-0.4100304325462393,14.038243,1,1,4.77761547273075,-22.30044276415549
18267,MeerKAT:array_1:20250708T092055Z,Gaia_2973721766752735488,3,875.0113216042519,-0.4100304325462393,14.035774,4,1,4.817067798190594,-22.15029733079101
112489,MeerKAT:array_1:20250712T013838Z,Gaia_4216769449220693376,3,924.9973620325327,0.0615045648819359,13.997032,1,2,20.199789991768636,-6.776069099642439
31798,MeerKAT:array_1:20250713T113750Z,Gaia_5096288866358856192,28,869.9928601235151,-0.03075228244096795,13.995058,2,1,4.1503368410797155,-17.613483402978332
9440,MeerKAT:array_1:20250731T021904Z,ex_[VV2006]_J002342.4+002041,16,864.0688868463039,-0.13325989057752777,13.987759,4,2,0.3951038666666667,0.344941
442146,MeerKAT:array_1:20250719T011200Z,ex_2dFGRS_TGS543Z014,7,863.9842835068703,0.020501521627311965,13.9812565,1,1,23.690388866666666,-35.260833
24586,MeerKAT:array_1:20250711T085603Z,ex_PGC0130374,38,870.4289702326059,-0.27677054196871154,13.975865,2,1,4.6819722,-43.766111
58283,MeerKAT:array_1:20250712T072515Z,ex_2dFGRS_TGS138Z230,5,919.7934849560261,-0.3587766284779594,13.972411,4,1,0.4409722,-25.986944
58321,MeerKAT:array_1:20250712T072515Z,Gaia_2323543054772496512,22,919.7934785783291,-0.25626902034139953,13.959768,4,1,0.42715601514309715,-25.831916909610552
5598,MeerKAT:array_1:20250712T080758Z,Gaia_2323473785539976320,58,867.8789437562227,-0.3690273892916154,13.926275,2,1,0.44799319123105896,-26.120309630292446
26807,MeerKAT:array_1:20250711T092345Z,Gaia_4814705793911396224,59,870.4154654592276,-0.1742629338321517,13.913564,2,1,4.666528231000489,-43.569380407041876
18962,MeerKAT:array_1:20250708T094824Z,ex_LEDA_819192,11,874.9887605011463,-0.39977967173258333,13.900827,2,1,4.774805533333334,-22.102499999999996
86165,MeerKAT:array_1:20250708T092055Z,Gaia_2973632397073468928,38,923.9689934700727,-0.25626902034139953,13.8264265,4,1,4.773212482210964,-22.24962205732848
25639,MeerKAT:array_1:20250711T085603Z,ex_LEDA_545279,21,879.2245207130909,-0.2972720635960235,13.818005,4,1,4.6632777999999995,-43.73416699999999
4559,MeerKAT:array_1:20250712T072515Z,Gaia_2323466982311731200,33,856.2008145451546,0.16401217301849572,13.7869625,1,1,0.41918448036555417,-26.092458850575703
27177,MeerKAT:array_1:20250711T092345Z,Gaia_4790682564356198912,12,879.9766074419022,-0.08200608650924786,13.781756,2,1,4.665969599152861,-43.819929225432276
26056,MeerKAT:array_1:20250711T092345Z,Gaia_4814721010979139712,41,870.0107320249081,-0.04100304325462393,13.7807255,3,1,4.658792008486357,-43.415537495985824
25722,MeerKAT:array_1:20250711T085603Z,ex_LEDA_548805,22,879.9774811863899,-0.37927815010527133,13.762156,1,1,4.664555533333333,-43.43416700000001
22383,MeerKAT:array_1:20250711T073156Z,Gaia_4790689711181745280,29,872.4540325254202,0.1127583689502158,13.638715,3,2,4.656121695751892,-43.77918293497016
24675,MeerKAT:array_1:20250711T085603Z,ex_6dFGS_gJ044108.0-431332,42,870.3634298294783,-0.26651978115505554,13.635091,4,1,4.6855278,-43.225556000000005
26128,MeerKAT:array_1:20250711T092345Z,Gaia_4790694929566249088,1,870.341887563467,-0.25626902034139953,13.633679,1,1,4.6442444350931416,-43.65712168073455
31761,MeerKAT:array_1:20250713T113750Z,Gaia_5096257014881405312,8,869.9943764209747,0.2357674987140876,13.616424,1,1,4.144187399707862,-17.899201191564124
31780,MeerKAT:array_1:20250713T113750Z,Gaia_5096092534813467136,18,869.9928728789091,-0.16401217301849572,13.608953,1,1,4.153374649892005,-17.893826296867374
31776,MeerKAT:array_1:20250713T113750Z,Gaia_5096280379503492480,16,869.9928808510303,-0.26651978115505554,13.598085,1,1,4.148514993388565,-17.8924725216209
88062,MeerKAT:array_1:20250708T101552Z,Gaia_2973619340372949504,12,923.968422666192,-0.20501521627311964,13.569944,1,1,4.797162772397252,-22.365149925266635
18624,MeerKAT:array_1:20250708T092055Z,Gaia_2973665897818189184,8,879.9704657196999,-0.15376141220483974,13.568326,4,1,4.807921268747345,-22.340169476703757
455476,MeerKAT:array_1:20250711T085603Z,ex_LEDA_548218,37,876.561451151967,-0.020501521627311965,13.56092,3,1,4.680916666666667,-43.484444
60353,MeerKAT:array_1:20250719T030257Z,Gaia_2311978838148258176,52,919.7944639325142,0.0615045648819359,13.551497,3,1,23.703855694791585,-34.98463319481371
18312,MeerKAT:array_1:20250708T092055Z,Gaia_2973728707419862784,13,875.0041610449553,-0.1742629338321517,13.538074,1,1,4.819039922130119,-21.97406263711876
9546,MeerKAT:array_1:20250731T021904Z,Gaia_2546816448619595392,56,864.0688868463039,-0.1230091297638718,13.536767,4,2,0.3678031384882715,0.3912302350770336
18631,MeerKAT:array_1:20250708T092055Z,Gaia_2973620474244336512,15,879.9704752862453,-0.3075228244096795,13.469897,3,1,4.78673116618443,-22.412196930365482
449436,MeerKAT:array_1:20250731T164013Z,ex_[VV2006]_J160851.5+263327,54,863.9567525833845,-0.020501521627311965,13.46971,4,1,16.147650866666666,26.557555999999998
4518,MeerKAT:array_1:20250712T065251Z,Gaia_2322720139038568576,47,867.8792753964663,-0.3485258676643034,13.440581,1,1,0.4534530408654957,-26.22968072804193
29688,MeerKAT:array_1:20250713T073717Z,Gaia_5096258698508594048,22,872.0422644913197,-0.10250760813655982,13.440259,2,1,4.130771094474078,-17.934428921302874
76094,MeerKAT:array_1:20250706T070740Z,Gaia_4802467301781675648,28,924.9938192218542,-0.04100304325462393,13.433475,3,2,5.653623756763595,-44.229521530886416
58311,MeerKAT:array_1:20250712T072515Z,Gaia_2323475263008703872,18,919.7934785783291,-0.25626902034139953,13.430698,4,1,0.4384958764061941,-26.126092945534804
26434,MeerKAT:array_1:20250711T092345Z,Gaia_4790680846369268736,28,870.3418604582548,0.1127583689502158,13.404262,1,1,4.67789310322079,-43.794137797103
26651,MeerKAT:array_1:20250711T092345Z,Gaia_4790684110544388224,47,870.1211156100035,-0.08200608650924786,13.389506,1,1,4.660266355357058,-43.75011080744066
4522,MeerKAT:array_1:20250712T065251Z,Gaia_2323515189024659968,49,867.8792706131935,0.14351065139118374,13.368617,1,1,0.4111793918423009,-26.035920199520245
6217,MeerKAT:array_1:20250712T091244Z,Gaia_2322720104678830336,50,863.9901334494352,0.03075228244096795,13.367584,1,1,0.45273977998433385,-26.237111451272025
26015,MeerKAT:array_1:20250711T092345Z,Gaia_4790685210056006784,24,870.0107415914536,-0.21526597708677564,13.339582,2,1,4.66796851254216,-43.710003708400606
124467,MeerKAT:array_1:20250719T113106Z,Gaia_2993036337764141184,4,924.2114607542753,-0.4202811933598953,13.319182,1,1,6.143934387514537,-15.479590228934066
19034,MeerKAT:array_1:20250708T094824Z,Gaia_2973665829098717952,30,874.9887605011463,-0.39977967173258333,13.316866,2,1,4.805827015332367,-22.350234426967447
60120,MeerKAT:array_1:20250719T003939Z,ex_LEDA_650598,31,919.7944065332413,0.04100304325462393,13.298865,2,3,23.71958333333333,-35.304167
23461,MeerKAT:array_1:20250711T085603Z,ex_LEDA_550602,25,870.068512365222,-0.37927815010527133,13.284403,2,1,4.667118333333334,-43.288916
439247,MeerKAT:array_1:20250712T072515Z,Gaia_2323478900845422208,15,860.2017638981342,0.010250760813655982,13.250357,1,1,0.44336119952348096,-25.994566218600376
32110,MeerKAT:array_1:20250713T120523Z,Gaia_5096059171507516928,59,869.9925492107868,-0.08200608650924786,13.236587,3,1,4.137519212956903,-18.138239478897688
768424,MeerKAT:array_1:20250706T063501Z,Gaia_4802509942216919808,52,924.997647434473,-0.020501521627311965,13.21956,2,1,5.6217011233449385,-43.89177076860932
5935,MeerKAT:array_1:20250712T084022Z,Gaia_2323445026438942592,12,867.8868186175823,-0.4202811933598953,13.199166,1,1,0.43547028048818753,-26.343222541552933
32109,MeerKAT:array_1:20250713T120523Z,Gaia_5096257564637223168,52,869.9925492107868,-0.08200608650924786,13.193024,3,1,4.1385589397433025,-17.905443661560824
531,MeerKAT:array_1:20250701T195047Z,Gaia_1315581816008081024,37,863.965727597475,-0.1230091297638718,13.191598,4,2,16.134818861667128,26.77136134926212
86333,MeerKAT:array_1:20250708T092055Z,Gaia_2973747673995344640,47,924.9979790747166,-0.14351065139118374,13.189352,2,1,4.803145099073812,-21.75251056254364
440143,MeerKAT:array_1:20250712T084022Z,Gaia_2323448428053016448,9,867.8867755681276,0.010250760813655982,13.172204,1,1,0.4279576927291089,-26.342252820858334
31778,MeerKAT:array_1:20250713T113750Z,Gaia_5096087140334575488,17,869.9928601235151,-0.03075228244096795,13.17153,2,1,4.158722751304443,-18.02154434796251
20440,MeerKAT:array_1:20250708T112920Z,ex_ATO_J072.0068-21.7529,63,874.9924547821283,-0.2255167379004316,13.171026,4,1,4.800455066666667,-21.752975
20425,MeerKAT:array_1:20250708T112920Z,Gaia_2973935003288858624,58,874.9924547821283,-0.2255167379004316,13.16904,4,1,4.8004544724186875,-21.752960068325784
28157,MeerKAT:array_1:20250711T110722Z,Gaia_4814705484673751296,22,874.9913083910942,-0.15376141220483974,13.168884,2,2,4.668437026708025,-43.60960507288868
18632,MeerKAT:array_1:20250708T092055Z,Gaia_2973934865849905920,16,879.9704705029726,-0.2460182595277436,13.158277,1,1,4.798650889930966,-21.766804360216017
58295,MeerKAT:array_1:20250712T072515Z,Gaia_2323514707988323200,11,919.7934785783291,-0.25626902034139953,13.133848,4,1,0.408112466028178,-26.06824740804821
58332,MeerKAT:array_1:20250712T072515Z,Gaia_2323488182270328704,26,919.7934849560261,-0.3587766284779594,13.12851,4,1,0.43432951554742244,-26.074471819686558
5551,MeerKAT:array_1:20250712T080758Z,Gaia_2323484368339403648,25,867.8789405673742,-0.3075228244096795,13.080204,1,1,0.45542195591159274,-25.941446972378664
58306,MeerKAT:array_1:20250712T072515Z,Gaia_2323451176832108672,16,919.7934817671776,-0.32802434603699143,13.069541,1,1,0.43666150725145125,-26.21537011793145
5571,MeerKAT:array_1:20250712T080758Z,Gaia_2323542779894588160,41,867.7633145153522,-0.26651978115505554,13.06567,4,1,0.4201000425528512,-25.80545134851528
17466,MeerKAT:array_1:20250706T141948Z,Gaia_4802477811565559936,31,871.9998113512993,-0.05125380406827991,13.061232,4,1,5.617012407423392,-44.25195264601545
19102,MeerKAT:array_1:20250708T094824Z,Gaia_2973726817634356224,48,874.9887365847826,-0.1127583689502158,13.0554905,3,1,4.812809469048865,-22.026739194080356
31841,MeerKAT:array_1:20250713T113750Z,Gaia_5096300406934355840,51,869.9928680956364,-0.09225684732290385,13.050949,3,1,4.1444870980060005,-17.61366188590136
33251,MeerKAT:array_1:20250719T113106Z,Gaia_2992960677620669824,40,876.2146208286285,0.1845136946458077,13.039129,1,1,6.163844594626137,-15.904605194793476
21482,MeerKAT:array_1:20250708T125143Z,Gaia_2973729703852178304,58,876.1984230726957,0.4100304325462393,13.036374,3,1,4.814806600829936,-21.922154987856338
5597,MeerKAT:array_1:20250712T080758Z,Gaia_2323541646023223936,57,867.8982107788324,-0.2357674987140876,12.952968,3,1,0.4224516744682711,-25.869376413524982
25418,MeerKAT:array_1:20250711T085603Z,ex_LEDA_550158,28,874.5101829022169,-0.31777358522333543,12.927156,1,1,4.67075,-43.326111
24748,MeerKAT:array_1:20250711T085603Z,ex_LEDA_550620,45,870.3387130647898,-0.33827510685064743,12.897644,4,1,4.6892222000000015,-43.287778
25638,MeerKAT:array_1:20250711T085603Z,ex_LEDA_130375,20,879.2245239019394,-0.33827510685064743,12.881273,4,1,4.662655666666668,-43.411836
4362,MeerKAT:array_1:20250709T052824Z,Gaia_4936937470778734976,52,863.956550091505,0.04100304325462393,12.857259,2,2,2.197785922962776,-50.97114909201988
24804,MeerKAT:array_1:20250711T085603Z,Gaia_4814711458972055680,47,870.4899123162031,-0.33827510685064743,12.85243,1,1,4.691098498530638,-43.431628057840925
54981,MeerKAT:array_1:20250701T220028Z,Gaia_1315967293617075840,41,919.9845400303602,-0.03075228244096795,12.82865,4,2,16.145285691747983,27.026204492953465
58689,MeerKAT:array_1:20250712T073536Z,Gaia_2323545631752871680,33,919.7934116125107,-0.05125380406827991,12.823496,4,1,0.41495575354893793,-25.800299572204047
33297,MeerKAT:array_1:20250719T113106Z,Gaia_2992974490235407360,61,876.214630395174,0.08200608650924786,12.802032,2,1,6.1744883356453775,-15.655132109572751
4514,MeerKAT:array_1:20250712T065251Z,Gaia_2323497596838660992,28,867.8792753964663,-0.09225684732290385,12.801484,1,1,0.44672332300852996,-25.873406683865543
1979,MeerKAT:array_1:20250702T222259Z,Gaia_6891291214164730880,19,864.0010329335928,-0.09225684732290385,12.799883,3,1,21.50580034930643,-12.09476043124994
16146,MeerKAT:array_1:20250706T093833Z,Gaia_4802831137051634688,23,872.0094528347254,-0.04100304325462393,12.776038,2,2,5.6590796196056194,-43.75652864734912
6308,MeerKAT:array_1:20250712T091244Z,Gaia_2323460591400385152,8,866.6568638086319,0.2972720635960235,12.753819,3,1,0.40761898681098324,-26.199979240884268
27258,MeerKAT:array_1:20250711T092345Z,Gaia_4814652158359882752,36,879.9765946865082,0.05125380406827991,12.75124,1,1,4.694333093243185,-43.813957795250346
58621,MeerKAT:array_1:20250712T073536Z,ex_2MASX_J00253041-2600396,2,919.7934116125107,-0.05125380406827991,12.747715,4,1,0.4251242,-26.010999
768304,MeerKAT:array_1:20250706T063501Z,Gaia_4802453729684965760,12,924.997647434473,-0.020501521627311965,12.747094,2,1,5.667963531482492,-43.94882095635876
21310,MeerKAT:array_1:20250708T125143Z,Gaia_2973714860445353216,43,875.0023625344038,-0.16401217301849572,12.736736,3,1,4.805147732076809,-22.21093773416795
18712,MeerKAT:array_1:20250708T094824Z,Gaia_2973830515324686976,24,870.2972341179848,-0.2972720635960235,12.735284,3,1,4.772673567805199,-22.037277351998767
24641,MeerKAT:array_1:20250711T085603Z,ex_LEDA_550336,40,870.60029271245,-0.33827510685064743,12.697824,4,1,4.6828888666666675,-43.311667
19231,MeerKAT:array_1:20250708T094824Z,Gaia_2973722213429327360,25,879.2238558381796,-0.3485258676643034,12.663574,2,1,4.819352629197102,-22.120307555715957
26230,MeerKAT:array_1:20250711T092345Z,Gaia_4814664252987685632,10,870.4154606759548,-0.04100304325462393,12.653266,2,1,4.696808795783004,-43.46910412328953
59580,MeerKAT:array_1:20250712T091244Z,Gaia_2323515223384398592,14,919.7921886891127,0.2255167379004316,12.65012,1,1,0.412468329714072,-26.034595771282632
15271,MeerKAT:array_1:20250706T040458Z,Gaia_2545302794769170048,54,874.9985263496637,0.0615045648819359,12.608818,4,1,0.35509407713941626,0.16238453099719746
26843,MeerKAT:array_1:20250711T092345Z,Gaia_4790689505023315200,62,870.3418843746185,-0.2357674987140876,12.5960455,3,1,4.657055998218199,-43.79432623181362
59225,MeerKAT:array_1:20250712T084022Z,Gaia_2323470796242741120,26,920.0907382518053,0.04100304325462393,12.585578,4,1,0.4450502053538468,-26.224690408003458
32944,MeerKAT:array_1:20250719T113106Z,Gaia_2993042041480614144,20,872.2136491537094,0.09225684732290385,12.570079,1,1,6.158366537013832,-15.362949391028039
26674,MeerKAT:array_1:20250711T092345Z,Gaia_4814706171868517632,48,870.4154718369246,-0.2255167379004316,12.568987,3,1,4.6669481430840145,-43.55998664285063
18723,MeerKAT:array_1:20250708T094824Z,Gaia_2973726989432958208,60,870.4524561017752,-0.2870213027823675,12.538503,1,1,4.812487315788324,-22.00730141066672
26245,MeerKAT:array_1:20250711T092345Z,Gaia_4790682564356198912,12,870.1211219877005,-0.1127583689502158,12.53438,1,1,4.665969599152861,-43.819929225432276
59195,MeerKAT:array_1:20250712T084022Z,ex_2dFGRS_TGS138Z230,5,920.0907398462296,0.03075228244096795,12.532236,2,1,0.4409722,-25.986944
5673,MeerKAT:array_1:20250712T084022Z,Gaia_2323445129518134144,13,864.0852169394493,0.03075228244096795,12.52548,3,1,0.43120273447036295,-26.38311187631232
15214,MeerKAT:array_1:20250706T040458Z,Gaia_2546796623050596480,35,874.9985263496637,0.0615045648819359,12.518725,4,1,0.3934089901517984,0.23937197964804885
475254,MeerKAT:array_1:20250701T220028Z,Gaia_1315525466037121024,8,919.984538435936,0.020501521627311965,12.494523,4,2,16.156358453597065,26.712953513805715
5541,MeerKAT:array_1:20250712T080758Z,Gaia_2323475263008703872,19,867.8789421617985,-0.31777358522333543,12.486363,1,1,0.4384958764061941,-26.126092945534804
19056,MeerKAT:array_1:20250708T094824Z,Gaia_2973726710258243584,35,874.9887365847826,-0.1127583689502158,12.450456,3,1,4.814457292855569,-22.026571986777792
27223,MeerKAT:array_1:20250711T092345Z,Gaia_4814735545148476800,25,879.9766106307507,-0.1742629338321517,12.44942,1,1,4.69118556220868,-43.32244436158716
23605,MeerKAT:array_1:20250711T085603Z,ex_LEDA_545297,43,869.8276299387217,-0.3587766284779594,12.443591,2,1,4.686444466666667,-43.732778
32108,MeerKAT:array_1:20250713T120523Z,Gaia_5096100918589623168,46,869.9925619661808,-0.33827510685064743,12.423729,1,1,4.168359465287741,-17.746841442740564
23814,MeerKAT:array_1:20250711T085603Z,Gaia_4814724245090845952,2,870.338714659214,-0.3587766284779594,12.421433,1,1,4.656040254433232,-43.35870343738148
5608,MeerKAT:array_1:20250712T080758Z,Gaia_2323496840924417792,63,867.8982075899839,-0.2357674987140876,12.41215,2,1,0.4445874490180622,-25.915246348874202
26422,MeerKAT:array_1:20250711T092345Z,Gaia_4814724382529799808,27,870.4154622703791,-0.09225684732290385,12.3988905,4,1,4.65286861163457,-43.34829068784147
59249,MeerKAT:array_1:20250712T084022Z,Gaia_2323491343366278656,43,920.0907382518053,0.04100304325462393,12.395446,4,1,0.43598180832525874,-25.97110873989166
15202,MeerKAT:array_1:20250706T040458Z,ex_LEDA_1152843,31,874.998527944088,0.04100304325462393,12.340963,1,1,0.38534046666666666,-0.063491
24591,MeerKAT:array_1:20250711T085603Z,ex_PGC0130374,38,870.5634997785091,-0.3587766284779594,12.336055,1,1,4.6819722,-43.766111
62170,MeerKAT:array_1:20250731T160749Z,Gaia_1315525740915023872,56,919.7939887940884,0.1127583689502158,12.33035,2,1,16.160940631231373,26.729372211421477
58126,MeerKAT:array_1:20250712T065251Z,Gaia_2323547040502143744,61,919.9987033009529,-0.25626902034139953,12.32327,2,1,0.41774027391317337,-25.73047832623338
5583,MeerKAT:array_1:20250712T080758Z,Gaia_2323484123525547136,50,867.878951728344,-0.39977967173258333,12.31388,1,1,0.4540814718582934,-25.971809296028294
27071,MeerKAT:array_1:20250711T092345Z,Gaia_4790680846369268736,28,876.56150855124,-0.3075228244096795,12.309949,1,2,4.67789310322079,-43.794137797103
25042,MeerKAT:array_1:20250711T085603Z,Gaia_4790703317638135808,59,870.3634314239025,-0.2870213027823675,12.301804,4,1,4.644831723541808,-43.50853771997735
18721,MeerKAT:array_1:20250708T094824Z,Gaia_2973829828129917696,54,870.2972341179848,-0.2972720635960235,12.276493,3,1,4.775259611085118,-22.033261483144322
26450,MeerKAT:array_1:20250711T092345Z,Gaia_4814660954452869632,30,870.4522679597139,-0.25626902034139953,12.265243,4,1,4.699707994893376,-43.625162725083754
23426,MeerKAT:array_1:20250711T085603Z,ex_LEDA_130375,20,869.7958450913429,-0.3587766284779594,12.262744,1,1,4.662655666666668,-43.411836
26704,MeerKAT:array_1:20250711T092345Z,Gaia_4790689814260965888,50,870.415475025773,-0.25626902034139953,12.24562,2,1,4.65070247795314,-43.83823028607529
32106,MeerKAT:array_1:20250713T120523Z,Gaia_5096047420477034496,20,869.9925492107868,-0.08200608650924786,12.226447,3,1,4.155704590716585,-18.2656769355045
2161,MeerKAT:array_1:20250702T222259Z,Gaia_6891272281948948864,63,864.0010329335928,-0.09225684732290385,12.21669,3,1,21.529381885832834,-11.918789152299734
16147,MeerKAT:array_1:20250706T093833Z,Gaia_4802458299530253696,60,872.0094528347254,-0.04100304325462393,12.215436,2,2,5.650291951833832,-44.434527145082974
23541,MeerKAT:array_1:20250711T085603Z,ex_LEDA_548437,36,870.068512365222,-0.37927815010527133,12.191485,2,1,4.679611133333333,-43.465
4023,MeerKAT:array_1:20250709T050322Z,Gaia_4936858683898776064,36,863.9844477325678,0.07175532569559187,12.185866,2,2,2.17013208843949,-50.95860120669859
15235,MeerKAT:array_1:20250706T040458Z,Gaia_2546813115724975872,42,874.9985263496637,0.0615045648819359,12.179035,4,1,0.3725918081856032,0.35025398977839534
2767,MeerKAT:array_1:20250703T001453Z,ex_LEDA_957167,49,864.0003505200148,-0.14351065139118374,12.174465,3,1,21.55119446666667,-12.137778
8411,MeerKAT:array_1:20250720T121928Z,ex_2MASX_J13380283-1242156,15,863.9588046073914,0.08200608650924786,12.16043,3,1,13.634129333333334,-12.704487
23469,MeerKAT:array_1:20250711T085603Z,ex_LEDA_544458,27,870.0685107707977,-0.37927815010527133,12.141361,2,1,4.667727666666667,-43.801612
17450,MeerKAT:array_1:20250706T141948Z,Gaia_4802447648011278464,15,871.9998113512993,-0.05125380406827991,12.129808,4,1,5.678010343897713,-44.099383016151336
15247,MeerKAT:array_1:20250706T040458Z,Gaia_2546826687820409856,46,874.9985263496637,0.0615045648819359,12.0659,4,1,0.38951664201909636,0.4519376941278924
25116,MeerKAT:array_1:20250711T085603Z,Gaia_4790703317638134144,62,870.3634330183268,-0.3075228244096795,12.059081,3,1,4.64511613306434,-43.50489438990966
2670,MeerKAT:array_1:20250703T001453Z,Gaia_6891253963917590528,13,864.0003505200148,-0.14351065139118374,12.05631,3,1,21.54209347932042,-12.072579368194939
24797,MeerKAT:array_1:20250711T085603Z,Gaia_4814711458972055680,47,870.3387162536383,-0.37927815010527133,12.055746,1,1,4.691098498530638,-43.431628057840925
31784,MeerKAT:array_1:20250713T113750Z,Gaia_5096090645027881088,21,869.9943955540657,-0.10250760813655982,12.039612,4,1,4.162920304249312,-17.877805660910763
453384,MeerKAT:array_1:20250706T145226Z,Gaia_4802473589613849600,27,871.9997619241476,-0.020501521627311965,12.035258,3,1,5.625995703565884,-44.354505905505995
21465,MeerKAT:array_1:20250708T125143Z,Gaia_2973666275775298304,49,876.1984230726957,0.37927815010527133,12.03434,1,1,4.8123285782261735,-22.296021811733205
25640,MeerKAT:array_1:20250711T085603Z,ex_LEDA_551328,24,879.2245334684849,-0.4100304325462393,12.02364,1,1,4.665722199999999,-43.232778
5933,MeerKAT:array_1:20250712T084022Z,ex_2dFGRS_TGS138Z236,4,867.7710538506508,-0.07175532569559187,12.020543,1,1,0.43377780000000005,-26.044444
17480,MeerKAT:array_1:20250706T141948Z,Gaia_4802416586807956480,45,871.9998113512993,-0.05125380406827991,12.006786,4,1,5.6604493225171595,-44.422003793968926
54961,MeerKAT:array_1:20250701T220028Z,Gaia_1315532234905609344,23,919.9845400303602,-0.03075228244096795,12.002473,4,2,16.1309658851564,26.64617435182956
18725,MeerKAT:array_1:20250708T094824Z,Gaia_2973728088944479104,62,870.2972341179848,-0.32802434603699143,11.994877,3,1,4.810215306177019,-21.96747213462873
58745,MeerKAT:array_1:20250712T073536Z,Gaia_2323502510281245440,57,919.7934116125107,-0.05125380406827991,11.991735,4,1,0.4384269158389503,-25.77105180136157
26720,MeerKAT:array_1:20250711T092345Z,Gaia_4791452359934653952,52,870.1331838071346,-0.05125380406827991,11.981336,1,1,4.6404822497358875,-43.5300470198016
59251,MeerKAT:array_1:20250712T084022Z,Gaia_2323518109602419584,44,920.0907382518053,0.04100304325462393,11.9565735,4,1,0.4143249218198218,-25.92613268011701
55210,MeerKAT:array_1:20250702T211800Z,Gaia_6843207680896341120,20,919.7939728498459,0.3075228244096795,11.94032,3,2,21.543756955187412,-12.341482103518068
21280,MeerKAT:array_1:20250708T125143Z,Gaia_2973636103628516992,33,875.0023625344038,-0.16401217301849572,11.92645,3,1,4.786390508496759,-22.23404202230175
2744,MeerKAT:array_1:20250703T001453Z,Gaia_6891318560220522240,40,864.0003473311663,-0.10250760813655982,11.914185,2,1,21.517021741506486,-11.899478728461181
458972,MeerKAT:array_1:20250719T222739Z,Gaia_4216755980203494400,63,875.0296287834644,0.020501521627311965,11.914054,2,1,20.20770467563312,-6.86462120682627
26408,MeerKAT:array_1:20250711T092345Z,Gaia_4790699641146123392,26,870.3418827801943,-0.21526597708677564,11.892844,1,1,4.654135322112151,-43.530715569720456
446588,MeerKAT:array_1:20250731T030702Z,ex_SDSS_J002235.67-000230.4,9,864.0688007473946,0.010250760813655982,11.891142,2,1,0.37657640000000003,-0.04177
5523,MeerKAT:array_1:20250712T080758Z,Gaia_2323475950203470848,11,867.8789421617985,-0.38952891091892733,11.885397,1,1,0.4355228858070502,-26.135852560698407
18662,MeerKAT:array_1:20250708T092055Z,Gaia_2973828144502741632,46,879.9704657196999,-0.14351065139118374,11.862045,4,1,4.77209128627901,-22.08013691896438
457450,MeerKAT:array_1:20250713T113750Z,Gaia_5096286461177179648,35,869.9928601235151,-0.010250760813655982,11.860905,1,1,4.142751860354107,-17.721748175985553
6362,MeerKAT:array_1:20250712T091244Z,Gaia_2323486086326321792,63,866.6568638086319,0.2972720635960235,11.838306,3,1,0.45585907702270373,-25.906111422922177
25065,MeerKAT:array_1:20250711T085603Z,Gaia_4814702323577882624,60,870.3634314239025,-0.2870213027823675,11.820876,4,1,4.682884809590513,-43.66312892952894
25336,MeerKAT:array_1:20250711T085603Z,ex_LEDA_549534,14,872.6397638171911,0.05125380406827991,11.818739,4,2,4.653527799999999,-43.376667
5506,MeerKAT:array_1:20250712T080758Z,ex_2dFGRS_TGS138Z230,5,867.8789437562227,-0.3587766284779594,11.808932,2,1,0.4409722,-25.986944
18364,MeerKAT:array_1:20250708T092055Z,Gaia_2973715994316696192,24,875.0113216042519,-0.4100304325462393,11.806586,4,1,4.813392435783577,-22.164321337562797
4616,MeerKAT:array_1:20250712T072515Z,Gaia_2323514707988323200,11,860.2017527371645,0.16401217301849572,11.803345,2,1,0.408112466028178,-26.06824740804821
23816,MeerKAT:array_1:20250711T085603Z,Gaia_4814724245090845952,2,870.3634298294783,-0.26651978115505554,11.783483,4,1,4.656040254433232,-43.35870343738148
86142,MeerKAT:array_1:20250708T092055Z,Gaia_2973722316508539776,14,923.9689902812243,-0.19476445545946366,11.780372,1,1,4.819652306046136,-22.106328067929518
19229,MeerKAT:array_1:20250708T094824Z,ex_CRTS_J044623.8-215436,7,879.2238574326038,-0.4202811933598953,11.770197,2,1,4.7732834,-21.910552
58386,MeerKAT:array_1:20250712T072515Z,Gaia_2323541680382961536,46,919.7934785783291,-0.25626902034139953,11.765114,4,1,0.4226773580793781,-25.850567552477553
7963,MeerKAT:array_1:20250719T033518Z,ex_2dFGRS_TGS544Z221,33,864.068842202425,0.0615045648819359,11.751067,3,1,23.721055533333335,-35.211111
58108,MeerKAT:array_1:20250712T065251Z,Gaia_2323501960525432320,54,919.9987017065287,-0.2357674987140876,11.741798,1,1,0.44401476832914566,-25.77300153566536
94432,MeerKAT:array_1:20250709T234528Z,Gaia_4216760309529984640,10,924.9905347079039,0.08200608650924786,11.734278,1,1,20.190504552414794,-6.956134050389041
2640,MeerKAT:array_1:20250703T001453Z,J2131-1207,0,864.0003473311663,-0.10250760813655982,11.650739,2,1,21.52646111111111,-12.118
3916,MeerKAT:array_1:20250709T050322Z,Gaia_4936745296762361216,7,863.9844477325678,0.07175532569559187,11.617393,2,2,2.2100262523011573,-51.11376533368264
55223,MeerKAT:array_1:20250702T211800Z,Gaia_6891277607708390528,40,919.7939728498459,0.3075228244096795,11.609126,3,2,21.533281979139947,-11.874786512352333
59269,MeerKAT:array_1:20250712T084022Z,Gaia_2323491755683138048,57,920.0907398462296,0.03075228244096795,11.6054,2,1,0.43514268766993924,-25.922934183401352
24610,MeerKAT:array_1:20250711T085603Z,ex_LEDA_546122,39,870.3634314239025,-0.2870213027823675,11.597126,4,1,4.6825833333333335,-43.664167000000006
5738,MeerKAT:array_1:20250712T084022Z,Gaia_2323471723955675136,27,864.0852169394493,0.03075228244096795,11.595704,3,1,0.444145311911225,-26.182146797198033
24968,MeerKAT:array_1:20250711T085603Z,Gaia_4814652982993590784,55,870.5634870231152,-0.19476445545946366,11.568466,1,1,4.6860639984509636,-43.79986824753711
453356,MeerKAT:array_1:20250706T145226Z,Gaia_4802454073282346112,13,871.9997619241476,-0.020501521627311965,11.564671,3,1,5.6696965819781875,-43.93978493603379
26030,MeerKAT:array_1:20250711T092345Z,Gaia_4815474210804141312,31,870.0475361198187,-0.21526597708677564,11.559376,4,1,4.642446232431467,-43.35676722933204
27132,MeerKAT:array_1:20250711T092345Z,Gaia_4790689814260965888,50,879.2236389964819,0.2870213027823675,11.546279,1,1,4.65070247795314,-43.83823028607529
9180,MeerKAT:array_1:20250731T014621Z,ex_2XMMi_J002209.9+001629,8,864.0686891376972,0.31777358522333543,11.53764,4,1,0.36943233333333336,0.274811
25582,MeerKAT:array_1:20250711T085603Z,ex_CRTS_J044000.9-433336,11,876.8673573881388,-0.37927815010527133,11.514918,3,1,4.666950399999999,-43.560016
32933,MeerKAT:array_1:20250719T113106Z,Gaia_2993082448533709952,10,872.1995369046926,-0.1230091297638718,11.496268,1,1,6.179619303955876,-15.493168180090526
5578,MeerKAT:array_1:20250712T080758Z,Gaia_2323541680382961536,47,867.8982075899839,-0.1742629338321517,11.489588,1,1,0.4226773580793781,-25.850567552477553
56980,MeerKAT:array_1:20250703T011955Z,Gaia_6891266440793409024,59,919.7943618893623,-0.03075228244096795,11.483721,3,1,21.53146518350574,-12.064739321085314
26718,MeerKAT:array_1:20250711T092345Z,Gaia_4814731288837203840,51,870.4522695541382,-0.27677054196871154,11.478925,1,1,4.659909378673284,-43.21085384208377
97078,MeerKAT:array_1:20250710T004923Z,Gaia_4216739384449371008,25,924.99093490839,0.07175532569559187,11.472386,1,1,20.18072675927588,-7.000850271144432
31823,MeerKAT:array_1:20250713T113750Z,Gaia_5096075080066407168,41,869.9930865317583,-0.04100304325462393,11.470233,1,1,4.162894213300633,-18.05405596569397
26572,MeerKAT:array_1:20250711T092345Z,Gaia_4814717201344514432,40,870.4522567987442,-0.08200608650924786,11.453086,3,1,4.674992132271368,-43.257906336038324
59263,MeerKAT:array_1:20250712T084022Z,Gaia_2323468184902582656,53,920.0907382518053,0.04100304325462393,11.45297,4,1,0.4216963550414769,-26.09844556758427
9363,MeerKAT:array_1:20250731T014621Z,Gaia_2545284171790807424,55,864.0686891376972,0.31777358522333543,11.446486,4,1,0.36930137960347803,-0.0053105469673571
33183,MeerKAT:array_1:20250719T113106Z,Gaia_2993134881494086656,9,876.0194298177958,-0.14351065139118374,11.446366,1,1,6.162056059372609,-15.370397245481902
917,MeerKAT:array_1:20250701T205536Z,Gaia_1315516051468922752,2,863.9580536335707,-0.03075228244096795,11.424716,1,1,16.15179909607706,26.538321752380565
26194,MeerKAT:array_1:20250711T092345Z,Gaia_4814717579301657728,7,870.4154766201973,-0.2870213027823675,11.420975,1,1,4.663874595240551,-43.56438483626821
18726,MeerKAT:array_1:20250708T094824Z,Gaia_2973726641538374784,63,870.4524561017752,-0.3075228244096795,11.414991,2,1,4.814706831504631,-22.03913741946642
25222,MeerKAT:array_1:20250711T085603Z,ex_LEDA_548805,22,872.153014793992,-0.3485258676643034,11.412523,1,1,4.664555533333333,-43.43416700000001
24522,MeerKAT:array_1:20250711T085603Z,ex_LEDA_547903,35,870.5634934008121,-0.26651978115505554,11.407681,1,1,4.678843333333333,-43.509735
2769,MeerKAT:array_1:20250703T001453Z,Gaia_6891267952621897728,50,864.0003505200148,-0.14351065139118374,11.400037,3,1,21.53407329165132,-11.993754597794672
7996,MeerKAT:array_1:20250719T033518Z,Gaia_2311990344364857984,45,864.068842202425,0.0615045648819359,11.391311,3,1,23.686119108413834,-34.824221116885916
31804,MeerKAT:array_1:20250713T113750Z,Gaia_5096294707514418816,31,869.993091315031,-0.13325989057752777,11.351776,4,1,4.152349836923491,-17.596859625306614
9860,MeerKAT:array_1:20250731T030702Z,Gaia_2546791159852136704,51,864.0687863975763,0.1845136946458077,11.339568,1,1,0.3652179958972771,0.12884245241174172
26616,MeerKAT:array_1:20250711T092345Z,Gaia_4790685514997839616,44,870.1211219877005,-0.21526597708677564,11.323175,3,1,4.664807779506699,-43.713114724317855
19522,MeerKAT:array_1:20250708T101552Z,Gaia_2973729394614635264,19,872.0094990730286,-0.04100304325462393,11.3171215,2,3,4.814704106440344,-21.96038925477901
59588,MeerKAT:array_1:20250712T091244Z,Gaia_2323451176832108672,18,919.7921902835369,0.19476445545946366,11.316336,3,1,0.43666150725145125,-26.21537011793145
31783,MeerKAT:array_1:20250713T113750Z,Gaia_5096066696290217088,20,869.9930945038795,-0.16401217301849572,11.307512,2,1,4.144780399765647,-18.02151418254042
124480,MeerKAT:array_1:20250719T113106Z,Gaia_2992961880211481088,44,924.2114368379116,-0.14351065139118374,11.306708,4,1,6.172616583951237,-15.833807602470436
1032,MeerKAT:array_1:20250701T205536Z,Gaia_1315526840426659584,52,863.9580456614494,0.0615045648819359,11.2866745,2,1,16.140571595056766,26.52323790686512
4335,MeerKAT:array_1:20250709T052824Z,Gaia_4936833292052092416,46,863.9153326302767,0.1127583689502158,11.270086,1,1,2.164232895882615,-51.287961635526685
4348,MeerKAT:array_1:20250709T052824Z,Gaia_4936845386679996672,49,863.9153342247009,0.09225684732290385,11.265276,2,1,2.162167866988004,-51.248519538888736
26398,MeerKAT:array_1:20250711T092345Z,Gaia_4790699641146123392,26,870.1211219877005,-0.21526597708677564,11.261105,3,1,4.654135322112151,-43.530715569720456
26729,MeerKAT:array_1:20250711T092345Z,Gaia_4790685519293655168,53,870.1211012601852,0.2460182595277436,11.254227,1,1,4.664251263323484,-43.70902635205668
31842,MeerKAT:array_1:20250713T113750Z,Gaia_5096074702109281664,52,869.9928680956364,-0.09225684732290385,11.254209,3,1,4.167824803799603,-18.029385944381236
24657,MeerKAT:array_1:20250711T085603Z,ex_LEDA_550211,41,870.4899202883244,-0.4100304325462393,11.25338,1,1,4.684138866666667,-43.321389
15674,MeerKAT:array_1:20250706T070740Z,Gaia_4802448094687886336,31,875.0041291564703,-0.03075228244096795,11.2485,1,1,5.672826353035349,-44.116932951066936
33529,MeerKAT:array_1:20250719T212149Z,Gaia_4216723235372200320,22,875.0023418068886,0.05125380406827991,11.240525,4,1,20.18742368136551,-7.085647020056507
23337,MeerKAT:array_1:20250711T085603Z,ex_ASASSN-V_J044053.36-432617.8,9,870.0685012042522,-0.2460182595277436,11.240397,3,1,4.681488,-43.43829
914,MeerKAT:array_1:20250701T205536Z,Gaia_1315540893559681280,1,863.9580472558737,0.09225684732290385,11.231686,1,1,16.139575385961148,26.812817353637488
4567,MeerKAT:array_1:20250712T072515Z,Gaia_2323461308659779968,41,856.2008225172758,0.04100304325462393,11.2130375,1,1,0.4084601817173915,-26.15566720106375
5599,MeerKAT:array_1:20250712T080758Z,Gaia_2323473785539976320,58,867.8982091844082,-0.2460182595277436,11.208899,1,1,0.44799319123105896,-26.120309630292446
59627,MeerKAT:array_1:20250712T091244Z,Gaia_2323473751180238080,37,919.9965651780367,0.04100304325462393,11.208161,2,1,0.44695146972701244,-26.132411732705954
33637,MeerKAT:array_1:20250719T212149Z,Gaia_4216770239494934912,58,875.0023418068886,0.05125380406827991,11.206107,4,1,20.209124829772904,-6.767475204865857
12475,MeerKAT:array_1:20250701T141247Z,ex_ASASSN-V_J133758.89-124619.2,22,872.1317706853151,-0.03075228244096795,11.189732,4,1,13.633025333333334,-12.772
5733,MeerKAT:array_1:20250712T084022Z,Gaia_2323470796242741120,26,864.0852169394493,0.03075228244096795,11.159855,3,1,0.4450502053538468,-26.224690408003458
5574,MeerKAT:array_1:20250712T080758Z,Gaia_2323547624617696384,45,867.8982107788324,-0.26651978115505554,11.142314,3,1,0.4203365840945913,-25.745061051431694
453410,MeerKAT:array_1:20250706T145226Z,Gaia_4802485993479359232,40,871.9997619241476,-0.020501521627311965,11.120745,3,1,5.623847156547368,-43.96764153715095
25982,MeerKAT:array_1:20250711T092345Z,Gaia_4790682873593840768,4,870.0107320249081,-0.04100304325462393,11.088895,3,1,4.66859444816198,-43.80858839010155
58329,MeerKAT:array_1:20250712T072515Z,Gaia_2323501238970926848,25,919.7934849560261,-0.3587766284779594,11.0792465,4,1,0.4391629920725987,-25.837251235257657
60121,MeerKAT:array_1:20250719T003939Z,Gaia_2311984576224577408,42,919.7944065332413,0.04100304325462393,11.077612,2,3,23.68487654798556,-34.98737205018605
446757,MeerKAT:array_1:20250731T030702Z,Gaia_2546856546434247680,34,864.0688007473946,0.010250760813655982,11.063116,2,1,0.35561506530990933,0.3510469851690269
32971,MeerKAT:array_1:20250719T113106Z,Gaia_2992967927525411712,39,872.2136507481337,0.08200608650924786,11.038942,1,1,6.176059824941919,-15.800497213491798
8487,MeerKAT:array_1:20250720T121928Z,ex_LEDA_941779,39,863.9588157683611,-0.1845136946458077,11.022947,4,1,13.644083333333333,-13.169722000000002
475291,MeerKAT:array_1:20250701T220028Z,Gaia_1315530070242072192,48,919.9845400303602,-0.020501521627311965,11.013584,4,2,16.144168357610162,26.645205687215824
28123,MeerKAT:array_1:20250711T110722Z,Gaia_4814718025978254720,10,875.0021951198578,-0.1845136946458077,11.006277,4,1,4.665377628619586,-43.538361968684164
9210,MeerKAT:array_1:20250731T014621Z,ex_[VV2006]_J002342.4+002041,16,864.0686859488487,0.3587766284779594,10.993038,2,1,0.3951038666666667,0.344941
20870,MeerKAT:array_1:20250708T122415Z,Gaia_2973719670808718208,39,872.2142486572266,0.26651978115505554,10.978467,1,1,4.804205749766748,-22.142469130066893
59578,MeerKAT:array_1:20250712T091244Z,Gaia_2323514707988323200,13,919.7921950668097,0.08200608650924786,10.97619,2,1,0.408112466028178,-26.06824740804821
5527,MeerKAT:array_1:20250712T080758Z,Gaia_2323514707988323200,12,867.8789469450712,-0.38952891091892733,10.975631,3,1,0.408112466028178,-26.06824740804821
58675,MeerKAT:array_1:20250712T073536Z,Gaia_2323507939119865600,27,920.0908402949572,-0.03075228244096795,10.965498,1,1,0.4070275109165918,-26.150170880911375
58409,MeerKAT:array_1:20250712T072515Z,Gaia_2323503266195488896,54,919.7934849560261,-0.3587766284779594,10.965133,4,1,0.4406021344059661,-25.71875511548747
20335,MeerKAT:array_1:20250708T112920Z,Gaia_2973618962415819648,28,874.9924547821283,-0.2255167379004316,10.941703,4,1,4.802060981994817,-22.347811276554786
58103,MeerKAT:array_1:20250712T065251Z,Gaia_2323457052347344640,52,919.9986921399832,-0.03075228244096795,10.937655,1,1,0.4153387759664055,-26.22478242039848
19629,MeerKAT:array_1:20250708T101552Z,Gaia_2973930948839694464,5,875.0110122859478,-0.25626902034139953,10.93531,2,1,4.780498936511609,-21.80480449845446
25409,MeerKAT:array_1:20250711T085603Z,ex_LEDA_550602,25,874.5101813077927,-0.2972720635960235,10.932417,4,1,4.667118333333334,-43.288916
24727,MeerKAT:array_1:20250711T085603Z,ex_2MFGC_3840,44,870.3634362071753,-0.33827510685064743,10.90696,1,1,4.686498066666667,-43.42469799999999
23468,MeerKAT:array_1:20250711T085603Z,ex_LEDA_543272,26,870.0685139596462,-0.38952891091892733,10.892134,1,1,4.667416666666667,-43.891944
5507,MeerKAT:array_1:20250712T080758Z,ex_2dFGRS_TGS138Z230,5,867.8982107788324,-0.26651978115505554,10.885595,3,1,0.4409722,-25.986944
4509,MeerKAT:array_1:20250712T065251Z,Gaia_2323522988685265664,21,867.8792769908905,0.07175532569559187,10.87976,1,1,0.40904565173195506,-25.80706425553769
5593,MeerKAT:array_1:20250712T080758Z,Gaia_2323484986814681216,54,867.8982123732567,-0.26651978115505554,10.871445,2,1,0.44696804585555744,-25.94524782983008
5544,MeerKAT:array_1:20250712T080758Z,Gaia_2323445610554475648,21,867.7536108493805,0.3690273892916154,10.871438,1,1,0.43083152257176177,-26.327166951040557
8432,MeerKAT:array_1:20250720T121928Z,Gaia_3610236641572903552,22,863.9588046073914,0.08200608650924786,10.867988,3,1,13.620131331758262,-12.799449345584831
8528,MeerKAT:array_1:20250720T121928Z,ex_2MASX_J13372927-1250134,52,863.9588014185429,0.1127583689502158,10.848864,1,1,13.624793333333335,-12.836946
25995,MeerKAT:array_1:20250711T092345Z,Gaia_4790685927314716416,8,870.0107240527868,0.16401217301849572,10.834131,1,1,4.662721897951874,-43.666881653745975
8493,MeerKAT:array_1:20250720T121928Z,ex_LEDA_942369,41,863.9588157683611,-0.1127583689502158,10.8319235,3,1,13.647111133333334,-13.134722
31802,MeerKAT:array_1:20250713T113750Z,Gaia_5096274710146663680,30,869.9928585290909,0.10250760813655982,10.822572,2,1,4.132383220136932,-17.7208368441366
26289,MeerKAT:array_1:20250711T092345Z,Gaia_4814702250562055168,15,870.4154606759548,-0.04100304325462393,10.817131,2,1,4.68526409921731,-43.6548419712241
5807,MeerKAT:array_1:20250712T084022Z,Gaia_2323469421853163264,42,864.0852153450251,0.04100304325462393,10.808169,1,1,0.4201544429107395,-26.040419916615008
4176,MeerKAT:array_1:20250709T052824Z,Gaia_4936955578360865408,12,863.9153342247009,0.09225684732290385,10.789512,2,1,2.19132353099221,-50.747211774977465
31857,MeerKAT:array_1:20250713T113750Z,Gaia_5096289141236763648,60,869.9930945038795,-0.16401217301849572,10.78345,2,1,4.148362771037634,-17.591628421521133
26171,MeerKAT:array_1:20250711T092345Z,Gaia_4790698709137405184,6,870.1331997513771,-0.2870213027823675,10.759045,2,1,4.655136963691296,-43.619094036869114
9379,MeerKAT:array_1:20250731T014621Z,Gaia_2545284897641904256,59,864.0687098652124,0.05125380406827991,10.743972,1,2,0.36816337212327443,-0.011618319582997833
31755,MeerKAT:array_1:20250713T113750Z,Gaia_5096066936808385920,5,869.9930897206068,-0.1127583689502158,10.731877,2,1,4.142505882424454,-18.00840486827864
20392,MeerKAT:array_1:20250708T112920Z,Gaia_2973821306914811136,47,874.9924547821283,-0.2255167379004316,10.712071,4,1,4.768393729150758,-22.177672180239966
5533,MeerKAT:array_1:20250712T080758Z,Gaia_2323496325528339456,15,867.763312920928,-0.1742629338321517,10.7108555,2,1,0.4336127616599986,-25.828803618698714
24105,MeerKAT:array_1:20250711T085603Z,ex_LEDA_551050,16,870.363440990448,-0.38952891091892733,10.702596,1,1,4.6557222,-43.254166999999995
1056,MeerKAT:array_1:20250701T205536Z,Gaia_1315902701604435328,61,863.9580472558737,0.04100304325462393,10.698254,1,1,16.17517649915087,26.83606350667026
455475,MeerKAT:array_1:20250711T085603Z,ex_LEDA_545279,21,876.561451151967,-0.020501521627311965,10.694152,3,1,4.6632777999999995,-43.73416699999999
23967,MeerKAT:array_1:20250711T085603Z,ex_QSO_J0441-4313,8,870.4289750158787,-0.33827510685064743,10.685253,2,1,4.6881496,-43.229302
26587,MeerKAT:array_1:20250711T092345Z,Gaia_4814721010979139712,41,870.599430128932,-0.09225684732290385,10.679157,4,1,4.658792008486357,-43.415537495985824
9840,MeerKAT:array_1:20250731T030702Z,ex_SDSS_J002155.52+001434.3,7,864.0687848031521,0.19476445545946366,10.678921,1,1,0.36542313333333337,0.242872
26739,MeerKAT:array_1:20250711T092345Z,Gaia_4790685519293655168,53,870.3418843746185,-0.2357674987140876,10.671576,3,1,4.664251263323484,-43.70902635205668
31786,MeerKAT:array_1:20250713T113750Z,ex_LEDA_876058,22,869.9928585290909,0.1127583689502158,10.660402,2,1,4.130805533333334,-17.875833
5565,MeerKAT:array_1:20250712T080758Z,Gaia_2323546078429470080,38,867.7633240818977,-0.3075228244096795,10.650893,1,1,0.417904539026241,-25.76805975998401
10130,MeerKAT:array_1:20250731T041226Z,Gaia_2546822083616734592,40,868.0943568497896,-0.2255167379004316,10.647998,1,1,0.3960635830048689,0.3690624158081592
998,MeerKAT:array_1:20250701T205536Z,Gaia_1315903556301220096,37,863.9580456614494,0.0615045648819359,10.646128,2,1,16.166371463408474,26.856458609972574
31858,MeerKAT:array_1:20250713T113750Z,Gaia_5096289106877025920,61,869.9930929094553,-0.14351065139118374,10.645923,1,1,4.148165144506021,-17.598717889674948
24556,MeerKAT:array_1:20250711T085603Z,ex_LEDA_548218,37,870.3634330183268,-0.3075228244096795,10.63706,3,1,4.680916666666667,-43.484444
21429,MeerKAT:array_1:20250708T125143Z,Gaia_2973637757192634496,32,876.1984230726957,0.4100304325462393,10.633443,3,1,4.786271360771106,-22.145408067366734
86178,MeerKAT:array_1:20250708T092055Z,Gaia_2973726164799247232,51,923.9689902812243,-0.21526597708677564,10.630147,1,1,4.811146038892258,-22.070323880723237
86219,MeerKAT:array_1:20250708T092055Z,Gaia_2973639956215900544,9,924.9979790747166,-0.14351065139118374,10.629741,2,1,4.774867530202747,-22.13844383384411
9258,MeerKAT:array_1:20250731T014621Z,ex_LEDA_1448,28,864.0686843544245,0.37927815010527133,10.620763,3,2,0.3755214666666667,0.357537
8499,MeerKAT:array_1:20250720T121928Z,Gaia_3607217794959970688,43,863.9588173627853,-0.20501521627311964,10.620598,3,1,13.649184845319676,-12.99508248140491
56963,MeerKAT:array_1:20250703T011955Z,Gaia_6891321588173546880,16,919.7943618893623,-0.03075228244096795,10.597101,3,1,21.510419545988956,-11.881173413232286
26078,MeerKAT:array_1:20250711T092345Z,Gaia_4814707546258049024,49,870.010738402605,-0.20501521627311964,10.595952,1,1,4.671554888964966,-43.543641373992735
25990,MeerKAT:array_1:20250711T092345Z,Gaia_4790698709137405184,6,870.0107479691505,-0.31777358522333543,10.594288,1,1,4.655136963691296,-43.619094036869114
9343,MeerKAT:array_1:20250731T014621Z,Gaia_2546822152336210816,50,864.0686843544245,0.37927815010527133,10.592833,3,2,0.39369757350560897,0.3652686135360616
3968,MeerKAT:array_1:20250709T050322Z,Gaia_4936858890057191808,20,863.9844461381435,0.08200608650924786,10.57101,1,2,2.165106978539696,-51.00006369206486
5569,MeerKAT:array_1:20250712T080758Z,Gaia_2323442827415662336,40,867.8885549455881,-0.08200608650924786,10.52817,1,1,0.42371923576251236,-26.3370727482232
54696,MeerKAT:array_1:20250701T212801Z,Gaia_1315917579371131136,13,919.7938118129969,-0.03075228244096795,10.526492,3,1,16.15319427293243,26.885457122577982
26599,MeerKAT:array_1:20250711T092345Z,Gaia_4790681945880897920,42,870.4522679597139,-0.25626902034139953,10.516541,4,1,4.67314631458982,-43.734208193265964
5497,MeerKAT:array_1:20250712T080758Z,ex_QSO_B0023-263,1,867.7633177042007,0.2460182595277436,10.494255,2,1,0.4303211333333333,-26.036837
57997,MeerKAT:array_1:20250712T065251Z,Gaia_2323445129518134144,11,920.0909327715635,-0.08200608650924786,10.49379,3,1,0.43120273447036295,-26.38311187631232
4601,MeerKAT:array_1:20250712T072515Z,Gaia_2323542779894588160,40,859.9857018738985,0.2972720635960235,10.490484,1,1,0.4201000425528512,-25.80545134851528
5496,MeerKAT:array_1:20250712T080758Z,J0025-2602,0,867.7633177042007,0.2460182595277436,10.490249,2,1,0.4303222222222222,-26.036833333333334
58117,MeerKAT:array_1:20250712T065251Z,Gaia_2323517074514790528,57,920.0909327715635,-0.09225684732290385,10.487898,2,1,0.41594696038992934,-25.95386210216471
18717,MeerKAT:array_1:20250708T094824Z,Gaia_2973618240861321856,44,870.2972341179848,-0.3075228244096795,10.473623,4,1,4.799632306707735,-22.40062398624557
56966,MeerKAT:array_1:20250703T011955Z,Gaia_6891322034850143232,25,919.7943602949381,0.1127583689502158,10.472149,1,1,21.51227951567608,-11.863695816765848
7942,MeerKAT:array_1:20250719T033518Z,ex_PGC0654562,25,864.068842202425,0.0615045648819359,10.460863,3,1,23.710777800000002,-35.006111
27307,MeerKAT:array_1:20250711T092345Z,Gaia_4791452359934653952,52,879.9766074419022,-0.09225684732290385,10.460616,2,1,4.6404822497358875,-43.5300470198016
32949,MeerKAT:array_1:20250719T113106Z,Gaia_2993032420753992960,24,872.2136459648609,0.1230091297638718,10.457422,2,1,6.14514292308773,-15.56630088714188
26532,MeerKAT:array_1:20250711T092345Z,Gaia_4814716789027655680,37,870.4522679597139,-0.25626902034139953,10.456414,4,1,4.67455558823706,-43.28126330899719
457895,MeerKAT:array_1:20250719T113106Z,Gaia_2993069838509747200,22,872.2136539369822,-0.010250760813655982,10.453475,2,1,6.180667372919548,-15.564446134123674
9304,MeerKAT:array_1:20250731T014621Z,Gaia_2546844176928488576,40,864.0686891376972,0.31777358522333543,10.437229,4,1,0.37688662600688155,0.5980078257924991
8509,MeerKAT:array_1:20250720T121928Z,Gaia_3607214874382207104,46,863.9588157683611,-0.10250760813655982,10.425326,2,1,13.641421223757401,-13.016428554346938
8553,MeerKAT:array_1:20250720T121928Z,ex_LEDA_945818,60,863.9588157683611,-0.1845136946458077,10.423211,4,1,13.6307778,-12.910972
433504,MeerKAT:array_1:20250701T205536Z,Gaia_1315528420974622336,12,863.9580488502979,0.020501521627311965,10.4072,1,1,16.144182993166503,26.551022477720675
5536,MeerKAT:array_1:20250712T080758Z,Gaia_2323478900845422208,16,867.7633161097765,-0.19476445545946366,10.406801,1,1,0.44336119952348096,-25.994566218600376
26757,MeerKAT:array_1:20250711T092345Z,Gaia_4790695758495871232,55,870.4522567987442,-0.08200608650924786,10.395909,3,1,4.657233396327128,-43.729841000482494
28225,MeerKAT:array_1:20250711T110722Z,Gaia_4790698575994231552,44,875.0021951198578,-0.1845136946458077,10.386967,4,1,4.659434208754099,-43.56823927194252
8481,MeerKAT:array_1:20250720T121928Z,ex_2MASX_J13383024-1246455,37,863.9588157683611,-0.1845136946458077,10.37168,4,1,13.641746466666667,-12.779262
25494,MeerKAT:array_1:20250711T085603Z,Gaia_4814652982993590784,55,874.5101813077927,-0.2972720635960235,10.367897,4,1,4.6860639984509636,-43.79986824753711
8475,MeerKAT:array_1:20250720T121928Z,ex_LEDA_948728,35,863.9588173627853,-0.20501521627311964,10.341703,3,1,13.615388866666668,-12.711944
19616,MeerKAT:array_1:20250708T101552Z,Gaia_2973638032070558848,1,875.0110186636448,-0.32802434603699143,10.333375,4,1,4.776131792564344,-22.246118075994143
33192,MeerKAT:array_1:20250719T113106Z,Gaia_2993135740487538304,13,876.2146351784468,-0.05125380406827991,10.32032,3,1,6.161433019165262,-15.340768192233737
9262,MeerKAT:array_1:20250731T014621Z,ex_LEDA_1161460,29,864.0687146484852,-0.13325989057752777,10.318585,1,2,0.37623833333333334,0.267555
28971,MeerKAT:array_1:20250711T120252Z,Gaia_4790701152974624896,27,876.5615229010582,0.15376141220483974,10.308934,3,1,4.640264273631835,-43.60509259833665
5516,MeerKAT:array_1:20250712T080758Z,Gaia_2323476564383214720,9,867.8789501339197,-0.38952891091892733,10.303086,1,1,0.4410284617159435,-26.074344762891016
344257,MeerKAT:array_1:20250719T110629Z,Gaia_2992936454005145216,10,960.0000270009041,0.14351065139118374,10.29958,1,2,6.156282926603333,-15.97465928366374
59668,MeerKAT:array_1:20250712T091244Z,Gaia_2323484986814681216,55,919.7921902835369,0.19476445545946366,10.295175,3,1,0.44696804585555744,-25.94524782983008
76133,MeerKAT:array_1:20250706T070740Z,Gaia_4802439985789650176,55,924.9938192218542,-0.04100304325462393,10.28846,3,2,5.670960283971439,-44.237874588709104
54723,MeerKAT:array_1:20250701T212801Z,ex_LEDA_1794050,40,919.7938118129969,-0.03075228244096795,10.28081,3,1,16.137084466666668,26.973464
26647,MeerKAT:array_1:20250711T092345Z,Gaia_4814716960826345728,46,870.3298113942146,-0.21526597708677564,10.279312,1,1,4.677034763195188,-43.284084540095044
28833,MeerKAT:array_1:20250711T120252Z,Gaia_4814651230646919936,28,874.5501088798046,0.3690273892916154,10.27699,2,1,4.698765508048533,-43.76170038011539
18576,MeerKAT:array_1:20250708T092055Z,Gaia_2973622054792292608,23,875.9706037640572,-0.2460182595277436,10.261327,1,1,4.7871262536122225,-22.335517306249905
21827,MeerKAT:array_1:20250708T131910Z,ex_LEDA_823286,61,874.6479044854641,-0.3485258676643034,10.256348,3,1,4.794277800000001,-21.819444
7574,MeerKAT:array_1:20250719T023034Z,ex_LEDA_650598,31,863.9843568503857,0.16401217301849572,10.240829,3,1,23.71958333333333,-35.304167
8451,MeerKAT:array_1:20250720T121928Z,ex_LEDA_946778,28,863.9588157683611,-0.1845136946458077,10.234794,4,1,13.607902799999998,-12.843832999999998
7847,MeerKAT:array_1:20250719T030257Z,Gaia_2311927504699156480,54,864.0686987042427,0.2870213027823675,10.230356,1,2,23.71107310673588,-35.08515691068904
21751,MeerKAT:array_1:20250708T131910Z,Gaia_2973722453947498368,43,874.6479044854641,-0.3485258676643034,10.202731,3,1,4.817245480233665,-22.111342750759945
27170,MeerKAT:array_1:20250711T092345Z,Gaia_4790681945880898176,9,879.9766122251749,-0.15376141220483974,10.191057,1,1,4.673495953347414,-43.74114585530124
22374,MeerKAT:array_1:20250711T073156Z,Gaia_4814735137127938304,13,872.4540325254202,0.1127583689502158,10.188716,3,2,4.692167511723645,-43.37592751833944
23639,MeerKAT:array_1:20250711T085603Z,Gaia_4790633601729009536,46,870.0685091763735,-0.3587766284779594,10.178498,1,1,4.684110082617994,-43.84498903786491
5529,MeerKAT:array_1:20250712T080758Z,Gaia_2323515223384398592,13,867.8982107788324,-0.21526597708677564,10.172164,4,1,0.412468329714072,-26.034595771282632
59648,MeerKAT:array_1:20250712T091244Z,Gaia_2323547624617696384,46,919.7921934723854,0.1230091297638718,10.171568,3,1,0.4203365840945913,-25.745061051431694
76127,MeerKAT:array_1:20250706T070740Z,Gaia_4802504650817244800,51,924.9938192218542,-0.04100304325462393,10.135427,3,2,5.644801941510895,-43.820528493382795
4520,MeerKAT:array_1:20250712T065251Z,Gaia_2323498661990558848,48,867.8792769908905,-0.3485258676643034,10.126882,1,1,0.4464759356699246,-25.805811125048848
5539,MeerKAT:array_1:20250712T080758Z,Gaia_2323521236338609792,18,867.878945350647,-0.3485258676643034,10.121596,2,1,0.4090148095872484,-25.9155426937623
58699,MeerKAT:array_1:20250712T073536Z,Gaia_2323493130072650240,37,919.7934084236622,-0.03075228244096795,10.114656,2,1,0.43110343321660594,-25.94964136926712
4195,MeerKAT:array_1:20250709T052824Z,Gaia_4936907715245425792,16,863.9153262525797,0.1845136946458077,10.112287,3,1,2.1616350881642,-50.84459354905162
54951,MeerKAT:array_1:20250701T220028Z,Gaia_1315914693153106048,14,919.7938596457243,0.07175532569559187,10.098463,1,1,16.157006043781145,26.882526586729902
24282,MeerKAT:array_1:20250711T085603Z,ex_LEDA_551328,24,870.3387130647898,-0.33827510685064743,10.089411,4,1,4.665722199999999,-43.232778
440210,MeerKAT:array_1:20250712T091244Z,Gaia_2323503266195488896,56,856.7522270381451,-0.010250760813655982,10.087608,2,1,0.4406021344059661,-25.71875511548747
34519,MeerKAT:array_1:20250720T085044Z,ex_LEDA_880136,44,875.0024358779192,-0.15376141220483974,10.081729,2,2,4.1551684,-17.62952
31830,MeerKAT:array_1:20250713T113750Z,Gaia_5096075354944311168,45,869.9930897206068,-0.1127583689502158,10.080636,2,1,4.166975267039673,-18.02903538109207
59661,MeerKAT:array_1:20250712T091244Z,Gaia_2323544459226226432,52,919.7921934723854,0.1230091297638718,10.07717,3,1,0.4249776633398687,-25.776065228507882
23299,MeerKAT:array_1:20250711T085603Z,Gaia_4814702564095981056,5,869.8276315331459,-0.3690273892916154,10.06964,3,1,4.6827703487443,-43.623679704088346
92258,MeerKAT:array_1:20250708T125143Z,Gaia_2973637757192634496,32,924.2092987149954,0.3485258676643034,10.068482,3,1,4.786271360771106,-22.145408067366734
18245,MeerKAT:array_1:20250708T092055Z,Gaia_2973618962415819648,36,873.3251956403255,0.14351065139118374,10.062535,1,1,4.802060981994817,-22.347811276554786
7775,MeerKAT:array_1:20250719T030257Z,ex_2MASX_J23430142-3458488,28,864.0687098652124,0.15376141220483974,10.055757,4,2,23.7170782,-34.980173
20836,MeerKAT:array_1:20250708T115647Z,Gaia_2973747570916126720,62,876.5615420341492,-0.1230091297638718,10.031813,2,1,4.8068049130604225,-21.7450089231221
8461,MeerKAT:array_1:20250720T121928Z,ex_2MASX_J13364094-1253266,31,863.9588173627853,-0.20501521627311964,10.029747,3,1,13.611368333333335,-12.890859
58732,MeerKAT:array_1:20250712T073536Z,Gaia_2323468184902582656,52,919.7934084236622,-0.03075228244096795,10.022514,2,1,0.4216963550414769,-26.09844556758427
22396,MeerKAT:array_1:20250711T073156Z,Gaia_4814735686883748352,52,872.4540325254202,0.13325989057752777,10.007909,1,2,4.6934574966845695,-43.32551113070472
27114,MeerKAT:array_1:20250711T092345Z,Gaia_4814736850818834176,20,879.2236517518759,-0.04100304325462393,10.0032015,1,1,4.690378242730814,-43.25907975379896
