row,obsid,sourceName,beam,frequency,driftRate,snr,n_beams,n_beams_formed,beam_frac,n_obs_at_freq,ra,dec
831,MeerKAT:array_1:20250712T092209Z,Gaia_4669732505729685632,15,874.9882423132658,-0.07061635227185231,13967.203,2,64,0.03125,1,4.136337917868428,-65.56798775669675
833,MeerKAT:array_1:20250712T092209Z,Gaia_4668965390210943616,49,874.9882423132658,-0.07061635227185231,10838.745,2,64,0.03125,1,4.179309435646519,-65.79217371975943
15118,MeerKAT:array_1:20240319T020710Z,Gaia_2531007910952850560,60,1702.501206383109,0.01008805032455033,4187.117,2,64,0.03125,1,0.7429205526301578,-0.33685624636780465
15114,MeerKAT:array_1:20240319T020710Z,Gaia_2531019215306801792,7,1702.501206383109,0.01008805032455033,4015.185,2,64,0.03125,1,0.7459943739457774,-0.16875545891781413
564,MeerKAT:array_1:20250701T053744Z,Gaia_4669717868481145088,56,874.9971647113562,0.01008805032455033,832.1076,2,64,0.03125,1,4.173399753235815,-65.65151199756664
688,MeerKAT:array_1:20250706T014240Z,Gaia_6440687292989390080,46,874.9981691986322,0.02017610064910066,827.0408,1,64,0.015625,1,19.685649111840604,-63.79215898245333
563,MeerKAT:array_1:20250701T053744Z,Gaia_4669685776485351168,39,874.9971647113562,0.01008805032455033,770.12476,2,64,0.03125,1,4.127768567147217,-65.9857572103319
776,MeerKAT:array_1:20250709T043236Z,Gaia_4669716150494192000,20,874.9984418451786,0.10592452840777847,746.1891,1,64,0.015625,1,4.172600276731839,-65.74858448037378
686,MeerKAT:array_1:20250705T204042Z,Gaia_6440699735511788544,56,874.9970515072346,0.05548427678502682,665.1832,4,64,0.0625,2,19.627759531718347,-63.78503211456634
685,MeerKAT:array_1:20250705T204042Z,Gaia_6440637647464478464,17,874.9970515072346,0.05548427678502682,653.42035,4,64,0.0625,2,19.669536979901423,-63.964838362890205
683,MeerKAT:array_1:20250705T204042Z,Gaia_6440688018840915968,2,874.9970515072346,0.05548427678502682,643.63,4,64,0.0625,2,19.68423492425907,-63.79109433639011
684,MeerKAT:array_1:20250705T204042Z,Gaia_6440702308195109376,13,874.9970515072346,0.05548427678502682,616.6274,4,64,0.0625,2,19.65966056681656,-63.751392809486205
592,MeerKAT:array_1:20250701T085314Z,Gaia_4669816618369005440,24,874.9929793477058,-0.07061635227185231,562.9187,1,64,0.015625,1,4.154966178637322,-65.47424122454672
648,MeerKAT:array_1:20250702T203437Z,Gaia_6440696608775590528,17,874.994415923953,0.13618867938142945,546.40875,1,63,0.015873015873015872,1,19.632519687370717,-63.800738865833324
985,MeerKAT:array_1:20250731T120456Z,Gaia_5422856670357704704,21,874.9967676997185,-0.11096855357005364,437.22055,2,64,0.03125,1,9.384051119850259,-45.560099913131694
986,MeerKAT:array_1:20250731T120456Z,Gaia_5423607980388368896,30,874.9967676997185,-0.11096855357005364,435.55353,2,64,0.03125,1,9.357783853266904,-45.47326680192691
1017,MeerKAT:array_1:20250731T134912Z,ex_ASASSN-V_J160640.46-484323.8,42,874.9959401935339,-0.18662893100418113,372.29343,3,64,0.046875,1,16.111237999999997,-48.72328
1015,MeerKAT:array_1:20250731T134912Z,Gaia_5983581792059062400,12,874.9959401935339,-0.18662893100418113,365.6717,3,64,0.046875,1,16.07146267594976,-48.45377032217315
1016,MeerKAT:array_1:20250731T134912Z,ex_ASASSN-V_J160309.34-484321.8,40,874.9959401935339,-0.18662893100418113,363.56207,3,64,0.046875,1,16.052594,-48.72271
622,MeerKAT:array_1:20250701T095804Z,Gaia_4669812357761441792,58,874.9914120286703,-0.1160125787323288,325.6522,1,64,0.015625,1,4.176019349042368,-65.56923353654236
700,MeerKAT:array_1:20250706T120334Z,Gaia_3394261668473904128,38,874.9969781637192,-0.09583647808322814,308.21756,1,64,0.015625,1,5.352532371653601,17.004524049508735
866,MeerKAT:array_1:20250714T051258Z,Gaia_4669685158010059264,24,875.0000442415476,0.06557232710957715,302.8875,3,64,0.046875,1,4.117400147402994,-65.9913663997228
864,MeerKAT:array_1:20250714T051258Z,Gaia_4669719792626456192,7,875.0000442415476,0.06557232710957715,298.16458,3,64,0.046875,1,4.141665137563262,-65.67390013282862
1944,MeerKAT:array_1:20250701T085314Z,Gaia_4669717078207144576,16,919.9671576172113,0.04035220129820132,292.4985,2,64,0.03125,1,4.17227561858907,-65.6725713578207
15115,MeerKAT:array_1:20240319T020710Z,Gaia_2531000381874689920,10,1702.6632062643766,0.01008805032455033,290.9705,2,64,0.03125,1,0.7638577764774298,-0.28205409488982813
865,MeerKAT:array_1:20250714T051258Z,Gaia_4669730856462223872,22,875.0000442415476,0.06557232710957715,290.16306,3,64,0.046875,1,4.1024349345990405,-65.57500289036119
1020,MeerKAT:array_1:20250731T141132Z,Gaia_5835467581506731136,45,874.9957679957151,-0.03026415097365099,288.51846,2,64,0.03125,1,16.224743345404974,-56.336085817621985
1021,MeerKAT:array_1:20250731T141132Z,Gaia_5835464312935686912,46,874.9957679957151,-0.03026415097365099,286.42065,2,64,0.03125,1,16.233351258182054,-56.38663359579477
824,MeerKAT:array_1:20250712T092209Z,Gaia_4669686463680117760,36,869.9956168830395,-0.18662893100418113,279.1202,3,64,0.046875,1,4.120626951884693,-65.98777240002492
15113,MeerKAT:array_1:20240319T020710Z,Gaia_2531020383537905280,4,1702.6632062643766,0.01008805032455033,276.01355,2,64,0.03125,1,0.745221066782977,-0.11875607416656016
615,MeerKAT:array_1:20250701T095804Z,Gaia_4669684122921763584,1,874.9914152175188,-0.16645283035508046,275.9259,1,64,0.015625,1,4.123567914910958,-66.04452364149171
409,MeerKAT:array_1:20250719T103545Z,Gaia_4669776280036326272,7,863.9904379844666,0.035308176135926156,266.7915,1,64,0.015625,1,4.0913018046202625,-65.60364379504367
2471,MeerKAT:array_1:20250701T085314Z,Gaia_4669736285300904192,62,923.9670147895813,0.04035220129820132,260.9971,2,64,0.03125,1,4.119652601436114,-65.53565856273653
677,MeerKAT:array_1:20250705T141541Z,Gaia_4669829915587758720,28,874.996031075716,-0.09583647808322814,260.33633,2,64,0.03125,1,4.1440081251297345,-65.39631822133349
973,MeerKAT:array_1:20250727T085529Z,Gaia_2894204604797980032,12,874.9969925135374,-0.12105660389460396,255.7517,1,61,0.01639344262295082,1,6.631574567441434,-30.742520081304786
702,MeerKAT:array_1:20250706T155525Z,Gaia_6441013886599170048,36,874.9966417402029,0.04539622646047649,243.54733,3,64,0.046875,1,19.696452471666806,-63.91340481943159
675,MeerKAT:array_1:20250705T141541Z,Gaia_4669718693114807808,15,874.996031075716,-0.09583647808322814,242.9412,2,64,0.03125,1,4.150674010519596,-65.72275782362854
701,MeerKAT:array_1:20250706T155525Z,Gaia_6441084392782329344,17,874.9966417402029,0.04539622646047649,242.11319,3,64,0.046875,1,19.67669485894518,-63.51229140113957
1945,MeerKAT:array_1:20250701T085314Z,Gaia_4669702406598752640,57,919.9671576172113,0.04035220129820132,240.37773,2,64,0.03125,1,4.086659521575402,-65.84501600372867
617,MeerKAT:array_1:20250701T095804Z,Gaia_4669736250941165568,15,874.988835439086,-0.04539622646047649,239.45491,2,64,0.03125,1,4.118396769094823,-65.54868740802111
703,MeerKAT:array_1:20250706T155525Z,Gaia_6440638059781321472,38,874.9966417402029,0.04539622646047649,235.6971,3,64,0.046875,1,19.68522833013746,-63.95992120837882
823,MeerKAT:array_1:20250712T092209Z,Gaia_4669732505729686144,33,869.9943636655807,-0.16645283035508046,234.16566,1,64,0.015625,1,4.136333645197005,-65.57676109566584
15098,MeerKAT:array_1:20240319T020710Z,Gaia_2543037354139398912,26,1687.4974334537983,-0.005044025162275165,230.80109,3,64,0.046875,1,0.7354096646074186,0.04012672298767867
1931,MeerKAT:array_1:20250701T085314Z,Gaia_4668954807411442432,60,915.9673004448414,0.04035220129820132,219.66481,2,64,0.03125,1,4.167796744027646,-66.03186294155711
902,MeerKAT:array_1:20250718T162015Z,Gaia_5938651692502896384,19,874.9946327656507,0.015132075486825495,218.68619,1,64,0.015625,1,17.02566629094962,-48.982004284325846
2470,MeerKAT:array_1:20250701T085314Z,Gaia_4669703403031184768,36,923.9670147895813,0.04035220129820132,218.56808,2,64,0.03125,1,4.102001491747326,-65.82514083527903
1930,MeerKAT:array_1:20250701T085314Z,Gaia_4669717078207144576,16,915.9673004448414,0.04035220129820132,215.80377,2,64,0.03125,1,4.17227561858907,-65.6725713578207
619,MeerKAT:array_1:20250701T095804Z,Gaia_4669727214329905920,38,874.988835439086,-0.04539622646047649,211.4736,2,64,0.03125,1,4.109438969306825,-65.74064617130749
727,MeerKAT:array_1:20250708T083640Z,Gaia_4669680519445349888,44,879.9958696812391,-0.1311446542191543,208.27435,2,64,0.03125,1,4.13388869210737,-66.1171842689331
15099,MeerKAT:array_1:20240319T020710Z,Gaia_2543025916641889664,55,1687.4974334537983,-0.005044025162275165,202.39117,3,64,0.046875,1,0.7239145832923025,-0.1557840121917612
729,MeerKAT:array_1:20250708T083640Z,Gaia_4668930961752999936,62,879.9958633035421,-0.09583647808322814,195.3195,1,64,0.015625,1,4.155597841380486,-66.08445476162386
15097,MeerKAT:array_1:20240319T020710Z,Gaia_2530963312012456192,20,1687.4974334537983,-0.005044025162275165,190.3484,3,64,0.046875,1,0.7400390451892073,-0.6279043626119837
706,MeerKAT:array_1:20250707T160254Z,Gaia_6441452385580350080,14,874.9960231035948,-0.01008805032455033,189.21828,2,64,0.03125,1,19.627173521544616,-63.63759103737053
822,MeerKAT:array_1:20250712T092209Z,Gaia_4669686012707274624,32,869.9956168830395,-0.18662893100418113,188.2674,3,64,0.046875,1,4.133221043602255,-65.9692417190359
997,MeerKAT:array_1:20250731T122153Z,Gaia_5834062268198736000,36,874.9966895729303,-0.07566037743412748,186.30566,4,64,0.0625,1,15.90673093050676,-59.19585656597128
825,MeerKAT:array_1:20250712T092209Z,Gaia_4669713539154051968,38,869.9956168830395,-0.18158490584190595,186.2796,3,64,0.046875,1,4.141713242289284,-65.72886604085323
999,MeerKAT:array_1:20250731T122153Z,Gaia_5834004612550902272,49,874.9966895729303,-0.07566037743412748,184.75052,4,64,0.0625,1,15.948453361213517,-59.341568417197635
996,MeerKAT:array_1:20250731T122153Z,Gaia_5834016432302316416,11,874.9966895729303,-0.07566037743412748,184.236,4,64,0.0625,1,15.916325016346017,-59.230060619531194
998,MeerKAT:array_1:20250731T122153Z,Gaia_5834090099589575424,46,874.9966895729303,-0.07566037743412748,184.06642,4,64,0.0625,1,15.899347103114021,-58.80420666607414
766,MeerKAT:array_1:20250708T171220Z,ex_NSV_11507,62,874.9950489103794,0.13618867938142945,182.66019,2,63,0.031746031746031744,1,18.915222200000002,-30.781944000000003
707,MeerKAT:array_1:20250707T160254Z,Gaia_6440703579505476736,30,874.9960231035948,-0.01008805032455033,181.9163,2,64,0.03125,1,19.653416606162637,-63.687436242928456
930,MeerKAT:array_1:20250719T204244Z,Gaia_6441015673305562752,56,874.9956531971693,0.10088050324550331,180.3156,2,64,0.03125,1,19.7039121916624,-63.78970426843309
1027,MeerKAT:array_1:20250731T144023Z,Gaia_1456170286177234432,17,874.9957935065031,0.035308176135926156,179.96577,1,64,0.015625,1,13.528932322000877,30.16876778708266
762,MeerKAT:array_1:20250708T171220Z,ex_Gaia_DR2_6761183250175567232,18,874.9950489103794,0.13618867938142945,179.52672,2,63,0.031746031746031744,1,18.89451646666667,-30.378628999999997
1013,MeerKAT:array_1:20250731T132801Z,Gaia_5883681475537321984,55,874.9961187690496,-0.15132075486825497,176.8839,1,64,0.015625,1,15.47679730908852,-56.35966912307791
725,MeerKAT:array_1:20250708T083640Z,Gaia_4668958793141139328,26,879.9958696812391,-0.1311446542191543,175.71887,2,64,0.03125,1,4.187031872851043,-65.97524654168643
929,MeerKAT:array_1:20250719T204244Z,Gaia_6440692416887439104,53,874.9956531971693,0.10088050324550331,175.1987,2,64,0.03125,1,19.678575708339753,-63.68913992201736
926,MeerKAT:array_1:20250719T145228Z,Gaia_6440639743408500096,58,874.9937016218901,-0.07566037743412748,169.60744,4,64,0.0625,1,19.690524043128555,-63.85562564958782
925,MeerKAT:array_1:20250719T145228Z,Gaia_6440635826398336768,52,874.9937016218901,-0.07566037743412748,168.35608,4,64,0.0625,1,19.672389419153774,-64.05188499071714
678,MeerKAT:array_1:20250705T155654Z,Gaia_6441456921065822464,11,874.9955814480782,-0.02017610064910066,167.50044,1,64,0.015625,1,19.624571147389194,-63.52558441236654
924,MeerKAT:array_1:20250719T145228Z,Gaia_6441454309725725056,43,874.9937016218901,-0.07566037743412748,167.32716,4,64,0.0625,1,19.60665559383288,-63.65927573367789
975,MeerKAT:array_1:20250727T171701Z,Gaia_6440682418203605888,15,874.9943537414074,0.1714968555173556,166.75278,1,62,0.016129032258064516,1,19.64877488025403,-63.943286728095615
923,MeerKAT:array_1:20250719T145228Z,Gaia_6441456641891280896,28,874.9937016218901,-0.07566037743412748,166.60101,4,64,0.0625,1,19.626405390709234,-63.54081719480556
979,MeerKAT:array_1:20250730T013301Z,ex_BSDL_1296,18,874.9958987385035,0.025220125811375827,165.10867,2,64,0.03125,1,5.349444466666668,-65.446667
980,MeerKAT:array_1:20250730T013301Z,ex_ASASSN-V_J051453.86-653244.5,19,874.9958987385035,0.025220125811375827,165.03555,2,64,0.03125,1,5.2482940000000005,-65.54570000000001
453,MeerKAT:array_1:20250720T073007Z,Gaia_5083264120336014208,45,863.9902402758598,0.03026415097365099,161.17865,3,64,0.046875,2,3.9836063719035506,-24.50626532035678
447,MeerKAT:array_1:20250720T073007Z,Gaia_5083265941402141568,27,863.9902402758598,0.03026415097365099,158.17418,3,64,0.046875,2,3.9864683385073736,-24.433882205905345
449,MeerKAT:array_1:20250720T073007Z,Gaia_5083289855779974016,31,863.9902402758598,0.03026415097365099,156.53015,3,64,0.046875,2,3.982279480143639,-24.219100580897475
709,MeerKAT:array_1:20250707T194210Z,Gaia_5935912297988441728,1,874.9975856393576,0.1614088051928053,152.53954,3,34,0.08823529411764706,1,16.998583919359522,-53.09463763855099
710,MeerKAT:array_1:20250707T194210Z,Gaia_5935856188537340928,29,874.9975856393576,0.1614088051928053,152.35126,3,34,0.08823529411764706,1,16.93753416468419,-53.347970558123116
711,MeerKAT:array_1:20250707T194210Z,Gaia_5935778638601993216,33,874.9975856393576,0.1614088051928053,151.77457,3,34,0.08823529411764706,1,16.96069395006539,-53.65639410994861
1005,MeerKAT:array_1:20250731T130553Z,Gaia_5422841002316914816,60,874.9962606728077,-0.08070440259640264,151.13396,1,64,0.015625,1,9.387398072166352,-45.78365968231924
1029,MeerKAT:array_1:20250731T144023Z,Gaia_1468188807263398016,27,879.997355684638,0.035308176135926156,150.92056,2,64,0.03125,1,13.505614094460064,30.413613453466034
646,MeerKAT:array_1:20250701T133303Z,Gaia_4669811361329030144,53,879.9947519898415,0.07566037743412748,149.2526,1,64,0.015625,1,4.183807364909409,-65.60308256027925
644,MeerKAT:array_1:20250701T133303Z,Gaia_4669736903776210944,41,879.9947519898415,0.06052830194730198,147.30353,3,64,0.046875,1,4.120185767851399,-65.47336939109383
574,MeerKAT:array_1:20250701T083536Z,ex_LBQS_0056+0009,29,874.9963515549898,-0.18158490584190595,146.66711,1,64,0.015625,1,0.9883967333333334,0.4221309999999999
511,MeerKAT:array_1:20250731T120456Z,Gaia_5423617807282422016,60,863.9564177542925,0.03026415097365099,144.48268,2,64,0.03125,2,9.36649494026915,-45.23554185801267
643,MeerKAT:array_1:20250701T133303Z,ex_LEDA_308081,21,879.9947519898415,0.06557232710957715,143.93181,3,64,0.046875,1,4.106166666666667,-66.028333
645,MeerKAT:array_1:20250701T133303Z,Gaia_4669710790374920448,46,879.9947519898415,0.06557232710957715,141.8733,3,64,0.046875,1,4.130718016947653,-65.87712540376042
984,MeerKAT:array_1:20250730T235713Z,Gaia_4669681305423190912,24,874.9968171268702,0.20680503165328176,141.44038,1,64,0.015625,1,4.144524387988824,-66.08909789821749
554,MeerKAT:array_1:20250731T141132Z,Gaia_5931370627813344256,31,863.9905304610729,0.02017610064910066,141.2004,3,64,0.046875,1,16.303580983886196,-56.214476835771464
507,MeerKAT:array_1:20250731T120456Z,Gaia_5423602620277880704,24,863.9564177542925,0.03026415097365099,140.84209,2,64,0.03125,2,9.353396339881172,-45.62033100390991
558,MeerKAT:array_1:20250731T141132Z,Gaia_5931527475623498240,42,863.9905304610729,0.02017610064910066,139.77913,3,64,0.046875,1,16.253175948992922,-56.44540512197808
557,MeerKAT:array_1:20250731T141132Z,Gaia_5931571082540792704,38,863.9905304610729,0.02017610064910066,136.89577,3,64,0.046875,1,16.280655243213747,-55.89075231279636
1028,MeerKAT:array_1:20250731T144023Z,Gaia_1456198392443226112,8,879.997355684638,0.035308176135926156,136.6686,2,64,0.03125,1,13.533173639238745,30.358675809133004
922,MeerKAT:array_1:20250719T103545Z,Gaia_4669729482072672512,21,879.9938925951719,0.12610062905687913,134.51611,2,64,0.03125,1,4.114156205120421,-65.63433311751987
848,MeerKAT:array_1:20250712T161927Z,Gaia_6440702827888214656,25,874.9944525957108,0.050440251622751654,131.74107,4,64,0.0625,1,19.647261317324926,-63.731404309772905
749,MeerKAT:array_1:20250708T150449Z,Gaia_5888283172252897920,2,874.994808152318,-0.0857484277586778,131.44714,4,63,0.06349206349206349,1,15.184398927267912,-52.639450870810144
755,MeerKAT:array_1:20250708T150449Z,Gaia_5888260769706866816,50,874.994808152318,-0.0857484277586778,130.99371,4,63,0.06349206349206349,1,15.157865888832074,-52.71588023777972
748,MeerKAT:array_1:20250708T150449Z,Gaia_5888228608986871040,1,874.994808152318,-0.0857484277586778,129.80746,4,63,0.06349206349206349,1,15.200902684943728,-52.88967545352874
753,MeerKAT:array_1:20250708T150449Z,Gaia_5888232624738024320,26,874.994808152318,-0.0857484277586778,129.4541,4,63,0.06349206349206349,1,15.18750216879927,-52.83446576636064
845,MeerKAT:array_1:20250712T161927Z,Gaia_6441080785009795840,13,874.9944525957108,0.050440251622751654,129.23476,4,64,0.0625,1,19.68659761703496,-63.52952346260358
847,MeerKAT:array_1:20250712T161927Z,Gaia_6440637608809648384,22,874.9944525957108,0.050440251622751654,126.82476,4,64,0.0625,1,19.670682951622084,-63.96301093891559
506,MeerKAT:array_1:20250731T120456Z,Gaia_5422851069720203904,5,863.9903805851936,0.02017610064910066,124.72261,2,64,0.03125,1,9.365863285430356,-45.7337563826082
842,MeerKAT:array_1:20250712T121643Z,Gaia_4669724465550837888,54,874.9912669360638,-0.04539622646047649,122.686356,1,55,0.01818181818181818,1,4.119621550204282,-65.73789746708061
510,MeerKAT:array_1:20250731T120456Z,Gaia_5422840040244217216,58,863.9903805851936,0.02017610064910066,121.75081,2,64,0.03125,1,9.38712470320295,-45.82669203191941
849,MeerKAT:array_1:20250712T161927Z,Gaia_6440703927399812608,27,874.9944525957108,0.050440251622751654,120.46577,4,64,0.0625,1,19.664606919003344,-63.69103581165819
15091,MeerKAT:array_1:20240319T020710Z,Gaia_2530985989439744512,54,1675.8734875619411,-0.035308176135926156,119.51035,2,64,0.03125,1,0.7246241011757708,-0.40105782444530097
920,MeerKAT:array_1:20250719T103545Z,Gaia_4669776451835017728,17,879.9938925951719,0.12610062905687913,118.17787,2,64,0.03125,1,4.089717179313183,-65.58523538204743
918,MeerKAT:array_1:20250719T103545Z,Gaia_4669832630007089024,2,879.9938910007477,0.13618867938142945,118.12101,1,64,0.015625,1,4.135668494193676,-65.39577576137432
970,MeerKAT:array_1:20250723T000253Z,Gaia_6440630809876553856,39,874.9952928572893,0.12105660389460396,115.00435,2,64,0.03125,1,19.65583600271892,-64.07446884040192
15090,MeerKAT:array_1:20240319T020710Z,Gaia_2543031173681877120,46,1675.8734875619411,-0.035308176135926156,113.721504,2,64,0.03125,1,0.7354489376147069,-0.06440900923182608
15089,MeerKAT:array_1:20240319T020710Z,Gaia_2537023579586481792,48,1675.3249274939299,-0.04035220129820132,113.493164,2,64,0.03125,1,0.7623531229885682,-0.06647654603891257
971,MeerKAT:array_1:20250723T000253Z,Gaia_6440683620794454784,59,874.9952928572893,0.12105660389460396,112.40971,2,64,0.03125,1,19.648266000836074,-63.878844581560664
15109,MeerKAT:array_1:20240319T020710Z,Gaia_2531000351810466816,50,1702.3392065018415,0.005044025162275165,112.007416,4,64,0.0625,1,0.765290525287308,-0.2753568168259827
15106,MeerKAT:array_1:20240319T020710Z,Gaia_2531011376990672256,8,1702.3392065018415,0.005044025162275165,111.48264,4,64,0.0625,1,0.7286175656815567,-0.2861088353098092
704,MeerKAT:array_1:20250706T171757Z,Gaia_6441455546676307200,27,874.9970531016588,0.09583647808322814,110.8662,1,64,0.015625,2,19.608854427945595,-63.59346039285174
15110,MeerKAT:array_1:20240319T020710Z,Gaia_2530997225074268544,53,1702.3392065018415,0.01008805032455033,110.488884,4,64,0.0625,1,0.7639154324518892,-0.3922466246226695
6282,MeerKAT:array_1:20250708T085539Z,Gaia_2978691559310142976,11,960.0946369469166,-0.015132075486825495,109.26056,1,64,0.015625,2,4.676406632850507,-18.643014117827857
1971,MeerKAT:array_1:20250701T095804Z,Gaia_4669719277230381952,56,919.9667079895735,-0.15132075486825497,105.8934,1,64,0.015625,1,4.150605078077018,-65.67675329361344
782,MeerKAT:array_1:20250709T163303Z,Gaia_6441011412697998976,25,874.9926827847958,0.1160125787323288,104.65611,4,64,0.0625,1,19.706595703583233,-63.880441857492556
15111,MeerKAT:array_1:20240319T020710Z,Gaia_2543025916641889664,55,1702.3392065018415,0.01008805032455033,104.46558,4,64,0.0625,1,0.7239145832923025,-0.1557840121917612
8697,MeerKAT:array_1:20250719T103545Z,Gaia_4668963053748722048,61,960.0948139280081,-0.02017610064910066,104.03376,1,64,0.015625,1,4.178169291060081,-65.88508297435585
767,MeerKAT:array_1:20250708T214410Z,Gaia_4198445263321022976,29,874.9968920648098,0.12610062905687913,103.84714,2,64,0.03125,1,19.196858111155315,-11.13159152183084
768,MeerKAT:array_1:20250708T214410Z,Gaia_4198421177144031360,30,874.9968920648098,0.12610062905687913,103.24199,2,64,0.03125,1,19.20480566640573,-11.444236817223514
1970,MeerKAT:array_1:20250701T095804Z,Gaia_4669710824734657920,51,919.9667063951492,-0.14123270454370462,102.04292,1,64,0.015625,1,4.126598923470231,-65.89491523847894
781,MeerKAT:array_1:20250709T163303Z,Gaia_6441452900976433792,23,874.9926827847958,0.1160125787323288,101.40491,4,64,0.0625,1,19.62013273233424,-63.631006892198606
783,MeerKAT:array_1:20250709T163303Z,Gaia_6440682521282895360,28,874.9926827847958,0.1160125787323288,100.31697,4,64,0.0625,1,19.650805172066974,-63.91901586440655
14812,MeerKAT:array_1:20240319T020710Z,Gaia_2530994098337321088,42,1258.2903761714697,-0.10088050324550331,100.2451,2,64,0.03125,1,0.7453893920028318,-0.3979518482198706
780,MeerKAT:array_1:20250709T163303Z,Gaia_6441469939110092160,14,874.9926827847958,0.1160125787323288,100.13603,4,64,0.0625,1,19.619354154012548,-63.448584702673244
769,MeerKAT:array_1:20250708T224237Z,Gaia_1880796385425076864,19,874.9973241537809,0.08070440259640264,97.70286,2,64,0.03125,1,22.51027778837446,26.992731574686214
770,MeerKAT:array_1:20250708T224237Z,Gaia_1880783599306570112,23,874.9973241537809,0.08070440259640264,97.41036,2,64,0.03125,1,22.51086960693174,26.788545904634955
15086,MeerKAT:array_1:20240319T020710Z,Gaia_2530999625960439808,35,1675.3249274939299,-0.04035220129820132,95.343796,2,64,0.03125,1,0.7686932544052767,-0.3089535554304851
814,MeerKAT:array_1:20250711T164717Z,Gaia_6440687808385485568,19,874.9951174706221,0.18158490584190595,94.9854,2,64,0.03125,1,19.674599321748943,-63.80249901734273
978,MeerKAT:array_1:20250727T173737Z,Gaia_6053056014806581504,55,874.9945594221354,0.16645283035508046,94.768036,2,64,0.03125,1,12.20576088515011,-65.07941680774174
812,MeerKAT:array_1:20250711T164717Z,Gaia_6441454653323104640,2,874.9951174706221,0.18158490584190595,94.54203,2,64,0.03125,1,19.611206033616764,-63.622958897332204
539,MeerKAT:array_1:20250731T130553Z,Gaia_5423510639258307328,28,863.9904682785273,0.015132075486825495,94.16016,3,64,0.046875,4,9.343427134608197,-45.73696427410684
537,MeerKAT:array_1:20250731T130553Z,Gaia_5422847015271094016,19,863.9904682785273,0.015132075486825495,93.99154,3,64,0.046875,4,9.379407334968992,-45.79835481394226
977,MeerKAT:array_1:20250727T173737Z,Gaia_6053263208373914112,2,874.9945594221354,0.16645283035508046,93.8357,2,64,0.03125,1,12.209351725216171,-64.75526146996458
548,MeerKAT:array_1:20250731T132801Z,Gaia_5883501945904588928,31,863.9904937893152,0.015132075486825495,92.49291,3,64,0.046875,1,15.518678469168785,-56.38219289473052
541,MeerKAT:array_1:20250731T130553Z,Gaia_5422849935848801536,46,863.9904682785273,0.015132075486825495,92.172806,3,64,0.046875,4,9.358488023402463,-45.78192511341837
546,MeerKAT:array_1:20250731T132801Z,Gaia_5883523248942536832,10,863.9904937893152,0.015132075486825495,91.748436,3,64,0.046875,1,15.52413339256089,-56.156100176219454
14811,MeerKAT:array_1:20240319T020710Z,Gaia_2530967469540769920,34,1258.2903761714697,-0.10088050324550331,90.49472,2,64,0.03125,1,0.7318207414955208,-0.5883858180529418
549,MeerKAT:array_1:20250731T132801Z,Gaia_5883510329680833664,47,863.9904937893152,0.015132075486825495,89.214325,3,64,0.046875,1,15.530328297249445,-56.21816219691131
708,MeerKAT:array_1:20250707T162300Z,Gaia_5978948621864655232,13,874.9960454255342,0.035308176135926156,88.95478,1,64,0.015625,1,17.2033449627362,-33.66172172288692
633,MeerKAT:array_1:20250701T095804Z,Gaia_4669709965741200640,33,879.980422899127,-0.015132075486825495,88.06572,3,64,0.046875,1,4.134161181422981,-65.89310178857059
681,MeerKAT:array_1:20250705T161659Z,ex_ASASSN-V_J171114.16-331339.3,26,874.9955894201994,0.015132075486825495,87.07722,4,63,0.06349206349206349,1,17.187268,-33.22759
679,MeerKAT:array_1:20250705T161659Z,ex_Terz_V_3729,1,874.9955894201994,0.015132075486825495,86.463356,4,63,0.06349206349206349,1,17.194933666666667,-33.46121900000001
967,MeerKAT:array_1:20250722T155604Z,Gaia_6441085664092701440,49,874.9919126778841,0.03026415097365099,86.10491,3,64,0.046875,1,19.671144636916225,-63.4413771296281
680,MeerKAT:array_1:20250705T161659Z,ex_ASASSN-V_J171039.16-333050.4,16,874.9955894201994,0.015132075486825495,85.7571,4,63,0.06349206349206349,1,17.177544,-33.51400000000001
682,MeerKAT:array_1:20250705T161659Z,ex_ASASSN-V_J171211.35-331842.7,39,874.9955894201994,0.015132075486825495,85.28435,4,63,0.06349206349206349,1,17.203153333333333,-33.31186
631,MeerKAT:array_1:20250701T095804Z,Gaia_4669733742680268544,31,879.980422899127,-0.015132075486825495,85.03336,3,64,0.046875,1,4.141783037426076,-65.56016081583336
965,MeerKAT:array_1:20250722T155604Z,Gaia_6441069201482348800,31,874.9919126778841,0.03026415097365099,84.20775,3,64,0.046875,1,19.697750018750252,-63.594889829098
635,MeerKAT:array_1:20250701T095804Z,Gaia_4669735250212219264,52,879.980422899127,-0.015132075486825495,81.584404,3,64,0.046875,1,4.1324736222485985,-65.47852355237711
55,MeerKAT:array_1:20250701T085314Z,Gaia_4669829915587758720,50,867.9690159708261,0.01008805032455033,80.90498,1,64,0.015625,1,4.1440081251297345,-65.39631822133349
959,MeerKAT:array_1:20250721T190905Z,ex_ASASSN-V_J180453.88-291557.5,25,874.994100227952,0.19671698132873144,80.81986,4,43,0.09302325581395349,1,18.081633333333333,-29.265969999999996
958,MeerKAT:array_1:20250721T190905Z,ex_ASASSN-V_J180447.12-285558.2,15,874.994100227952,0.19671698132873144,80.223946,4,43,0.09302325581395349,1,18.079755333333335,-28.932830000000003
957,MeerKAT:array_1:20250721T190905Z,ex_ASASSN-V_J180446.36-285623.5,10,874.994100227952,0.19671698132873144,80.11726,4,43,0.09302325581395349,1,18.079544666666663,-28.93986
960,MeerKAT:array_1:20250721T190905Z,ex_ASASSN-V_J180500.54-285909.5,42,874.994100227952,0.19671698132873144,79.805115,4,43,0.09302325581395349,1,18.083483333333337,-28.98597
460,MeerKAT:array_1:20250720T090501Z,Gaia_3394165323767352320,18,863.990498572588,0.035308176135926156,78.34892,1,62,0.016129032258064516,1,5.340501949563399,16.888906307762905
1010,MeerKAT:array_1:20250731T130553Z,Gaia_5423613443595632128,43,879.9976331144571,0.06052830194730198,77.917114,1,64,0.015625,2,9.37256954105626,-45.346322257524854
963,MeerKAT:array_1:20250722T155604Z,Gaia_6440698837861477632,3,874.9919126778841,0.03026415097365099,77.67484,3,64,0.046875,1,19.613034131366184,-63.790495700599166
120,MeerKAT:array_1:20250705T141541Z,Gaia_4669830121746188672,25,863.9906388819218,0.025220125811375827,75.55804,4,64,0.0625,2,4.142002513807104,-65.38772218118773
386,MeerKAT:array_1:20250715T232237Z,Gaia_6440682418203605888,55,863.9901733100414,-0.025220125811375827,74.59689,2,63,0.031746031746031744,2,19.64877488025403,-63.943286728095615
118,MeerKAT:array_1:20250705T141541Z,Gaia_4669723847075514752,16,863.9906388819218,0.025220125811375827,74.37437,4,64,0.0625,2,4.113344953987144,-65.80790768750131
387,MeerKAT:array_1:20250715T232237Z,Gaia_6440689324511005184,60,863.9901733100414,-0.025220125811375827,73.16207,2,63,0.031746031746031744,2,19.660242741836186,-63.81507336955153
1967,MeerKAT:array_1:20250701T095804Z,Gaia_4669700516813162496,4,919.9666904509068,-0.07061635227185231,72.60602,1,64,0.015625,1,4.107692502960613,-65.82334529127918
1012,MeerKAT:array_1:20250731T130553Z,Gaia_5423603822868777344,49,879.9976426810026,0.03026415097365099,72.252304,1,64,0.015625,1,9.362762770230832,-45.567174764686705
119,MeerKAT:array_1:20250705T141541Z,Gaia_4669702990712825600,19,863.9906388819218,0.025220125811375827,72.13188,4,64,0.0625,2,4.100091141142604,-65.83794899042074
135,MeerKAT:array_1:20250705T204042Z,Gaia_6440700972460971136,16,863.9905129224062,-0.01008805032455033,71.370476,1,64,0.015625,3,19.628651953930696,-63.70122210489706
140,MeerKAT:array_1:20250705T204042Z,Gaia_6440706813617922432,54,863.9905145168304,-0.02017610064910066,70.76615,2,64,0.03125,3,19.655995346231503,-63.617948831470635
349,MeerKAT:array_1:20250713T100933Z,Gaia_3394150686518843264,46,863.9905527830124,0.035308176135926156,70.68644,2,64,0.03125,1,5.336535218511556,16.587411972900316
354,MeerKAT:array_1:20250713T100933Z,Gaia_3394083646372938752,55,863.9905527830124,0.035308176135926156,70.3635,2,64,0.03125,1,5.346672145672395,16.319018528089565
716,MeerKAT:array_1:20250707T231708Z,Gaia_6441064189256154752,2,874.9947635084391,0.08070440259640264,70.2327,4,64,0.0625,1,19.693199552700882,-63.69395908509146
117,MeerKAT:array_1:20250705T141541Z,Gaia_4669718693114807808,15,863.9906388819218,0.025220125811375827,69.813416,4,64,0.0625,2,4.150674010519596,-65.72275782362854
1968,MeerKAT:array_1:20250701T095804Z,Gaia_4669731062620671616,6,919.9795399159193,-0.04539622646047649,67.8708,2,64,0.03125,1,4.112367794040065,-65.55399840996427
139,MeerKAT:array_1:20250705T204042Z,Gaia_6440702175053167872,43,863.9905145168304,-0.02017610064910066,67.85442,2,64,0.03125,3,19.655750926046803,-63.76865324488167
173,MeerKAT:array_1:20250706T120334Z,Gaia_3394243217294680192,47,863.9904682785273,0.025220125811375827,67.74693,4,64,0.0625,4,5.368767399030815,16.84902104835659
931,MeerKAT:array_1:20250720T061449Z,Gaia_4669719277230381952,8,874.9972125440836,-0.02017610064910066,67.455864,1,64,0.015625,1,4.150605078077018,-65.67675329361344
14792,MeerKAT:array_1:20240319T020710Z,Gaia_2530987707426679680,62,1237.8299796283245,-0.20176100649100662,67.30315,1,64,0.015625,1,0.7267100111577531,-0.31860299240604256
162,MeerKAT:array_1:20250706T120334Z,Gaia_3394135873175249024,4,863.9904682785273,0.025220125811375827,66.898674,4,64,0.0625,4,5.341230240518053,16.479784939854653
442,MeerKAT:array_1:20250720T073007Z,Gaia_5083292398400603136,9,863.9569439142942,0.025220125811375827,66.6161,1,64,0.015625,1,3.9905644404650986,-24.11858145861426
46,MeerKAT:array_1:20250701T085314Z,Gaia_4668956147440049536,13,863.957328170538,0.035308176135926156,66.61171,4,64,0.0625,2,4.177543180314421,-65.95661893655983
717,MeerKAT:array_1:20250707T231708Z,Gaia_6440709390598240896,8,874.9947635084391,0.08070440259640264,66.23357,4,64,0.0625,1,19.655053814158247,-63.56563906534111
169,MeerKAT:array_1:20250706T120334Z,Gaia_3394261668473904128,38,863.9904682785273,0.025220125811375827,66.00577,4,64,0.0625,4,5.352532371653601,17.004524049508735
1969,MeerKAT:array_1:20250701T095804Z,Gaia_4669811567487460096,24,919.9795399159193,-0.04539622646047649,65.86744,2,64,0.03125,1,4.182460508460625,-65.58498551850913
719,MeerKAT:array_1:20250707T231708Z,Gaia_6440678599976785280,32,874.9947635084391,0.08070440259640264,65.44597,4,64,0.0625,1,19.64201185988462,-64.03137427121553
163,MeerKAT:array_1:20250706T120334Z,Gaia_3394092824719592576,6,863.9904682785273,0.025220125811375827,65.40813,4,64,0.0625,4,5.358082927242302,16.51058527018542
1018,MeerKAT:array_1:20250731T134912Z,Gaia_5983573034633371520,5,879.9976331144571,0.07566037743412748,64.21258,2,64,0.03125,2,16.099116148719855,-48.44177601517563
800,MeerKAT:array_1:20250711T071356Z,Gaia_4669697149558748928,6,872.4540309309959,0.01008805032455033,64.144806,1,64,0.015625,1,4.104769605954092,-65.9714486707451
718,MeerKAT:array_1:20250707T231708Z,Gaia_6440635306707183616,17,874.9947635084391,0.08070440259640264,63.991776,4,64,0.0625,1,19.69584583372766,-63.96274478085825
47,MeerKAT:array_1:20250701T085314Z,Gaia_4669776378819612160,32,863.957328170538,0.035308176135926156,61.419262,4,64,0.0625,2,4.092627102993682,-65.59956470327292
940,MeerKAT:array_1:20250720T073007Z,Gaia_5083281746881734912,8,874.9923894107342,-0.12610062905687913,60.66937,1,64,0.015625,1,3.970660690775579,-24.342468675524252
414,MeerKAT:array_1:20250719T103545Z,Gaia_4669702406598752640,50,864.0853333324194,-0.02017610064910066,60.59988,2,64,0.03125,1,4.086659521575402,-65.84501600372867
49,MeerKAT:array_1:20250701T085314Z,Gaia_4669812048523796224,49,863.957328170538,0.035308176135926156,59.90235,4,64,0.0625,2,4.167230624348885,-65.59422753381918
841,MeerKAT:array_1:20250712T121643Z,ex_LEDA_310383,29,874.9878150075674,-0.035308176135926156,58.57197,1,55,0.01818181818181818,1,4.144116333333334,-65.76642700000001
285,MeerKAT:array_1:20250711T225440Z,Gaia_6440637200787985408,2,863.9843233674765,0.025220125811375827,57.89012,1,64,0.015625,1,19.666591474536585,-63.99252401817969
852,MeerKAT:array_1:20250713T100933Z,Gaia_3394163571420702464,38,869.9940511584282,-0.19167295616645627,57.65356,1,64,0.015625,1,5.337007458576771,16.846080592921314
50,MeerKAT:array_1:20250701T085314Z,Gaia_4668954360734828672,55,863.957328170538,0.035308176135926156,56.95589,4,64,0.0625,2,4.156560034799208,-66.08225737511033
840,MeerKAT:array_1:20250712T092209Z,Gaia_4668961778142193408,51,879.9966652989388,0.09583647808322814,56.3551,1,64,0.015625,1,4.183490045603507,-65.9658931837893
154,MeerKAT:array_1:20250706T085909Z,Gaia_3394149277769574656,1,863.9902370870113,0.01008805032455033,56.04527,4,62,0.06451612903225806,2,5.334170630040303,16.576072980689755
159,MeerKAT:array_1:20250706T085909Z,Gaia_3394148728013773824,42,863.9902370870113,0.01008805032455033,55.97961,4,62,0.06451612903225806,2,5.330854293538414,16.52678960321597
160,MeerKAT:array_1:20250706T085909Z,ex_CRTS_J052058.7+165408,55,863.9902370870113,0.01008805032455033,55.866962,4,62,0.06451612903225806,2,5.349651133333333,16.902541
156,MeerKAT:array_1:20250706T085909Z,Gaia_3394095603561872128,9,863.9902370870113,0.01008805032455033,55.570225,4,62,0.06451612903225806,2,5.367229077553842,16.642925297237362
217,MeerKAT:array_1:20250708T085539Z,ex_LEDA_872638,3,863.9987098574638,0.035308176135926156,55.365112,4,64,0.0625,1,4.66,-18.107778
795,MeerKAT:array_1:20250710T153349Z,Gaia_5902106301145866880,16,874.9910867661238,0.04539622646047649,55.006035,2,50,0.04,1,15.223581105385565,-49.82039480913837
612,MeerKAT:array_1:20250701T095804Z,Gaia_4669721128360267392,19,871.9684458374977,-0.1614088051928053,54.83349,2,64,0.03125,1,4.164118841996032,-65.61790782588749
222,MeerKAT:array_1:20250708T085539Z,Gaia_2978889535825660288,48,863.9987098574638,0.035308176135926156,54.241985,4,64,0.0625,1,4.656702904413567,-18.419776032516634
797,MeerKAT:array_1:20250710T153349Z,Gaia_5902209998832268160,45,874.9910867661238,0.04539622646047649,54.091743,2,50,0.04,1,15.24655665456781,-49.4960584169612
1019,MeerKAT:array_1:20250731T134912Z,Gaia_5983557091714165632,24,879.9976331144571,0.07566037743412748,53.97709,2,64,0.03125,2,16.0480512803146,-48.69878511098305
218,MeerKAT:array_1:20250708T085539Z,Gaia_2978861296417934208,20,863.9987098574638,0.035308176135926156,53.8651,4,64,0.0625,1,4.660161466790473,-18.546025564410638
454,MeerKAT:array_1:20250720T073007Z,Gaia_5083274393897760256,56,863.9995325803757,0.09079245292095298,53.825565,3,64,0.046875,1,4.00079629157974,-24.30606160284343
1014,MeerKAT:array_1:20250731T132801Z,Gaia_5883618940812629760,34,879.9975916594267,0.005044025162275165,53.72991,1,64,0.015625,1,15.538149379929203,-56.01858471892012
395,MeerKAT:array_1:20250718T225142Z,Gaia_6441063158463999232,11,863.9902530312538,-0.015132075486825495,53.61555,1,64,0.015625,1,19.69555251284233,-63.7303507389889
443,MeerKAT:array_1:20250720T073007Z,Gaia_5083372937627408896,17,863.9995325803757,0.09079245292095298,53.566704,3,64,0.046875,1,4.00352158349234,-24.137896066431765
456,MeerKAT:array_1:20250720T073007Z,Gaia_5084042299690752768,58,863.9995325803757,0.09079245292095298,53.153965,3,64,0.046875,1,3.95585963812923,-24.105451285546117
199,MeerKAT:array_1:20250707T231708Z,Gaia_6441085526653747328,55,863.9850998520851,0.050440251622751654,53.08553,1,64,0.015625,1,19.675236826223106,-63.44372028639233
623,MeerKAT:array_1:20250701T095804Z,Gaia_4669702475318229888,61,875.0093620568514,-0.05548427678502682,52.458088,2,64,0.03125,1,4.090598890117017,-65.84115856175454
219,MeerKAT:array_1:20250708T085539Z,Gaia_2978707433509177216,24,863.9987098574638,0.035308176135926156,52.1687,4,64,0.0625,1,4.6917009698247,-18.29568611718281
624,MeerKAT:array_1:20250701T095804Z,Gaia_4669700826050753024,63,875.0093620568514,-0.05548427678502682,51.907017,2,64,0.03125,1,4.093689278198568,-65.91981091210215
745,MeerKAT:array_1:20250708T105617Z,Gaia_3394134949758855552,25,879.9966047108173,-0.18662893100418113,51.49404,3,63,0.047619047619047616,1,5.347911821535818,16.51633706506058
3347,MeerKAT:array_1:20250719T204244Z,Gaia_6440686365278466688,37,924.9907722771168,0.1311446542191543,51.14886,3,64,0.046875,1,19.678412009315956,-63.885646478817584
103,MeerKAT:array_1:20250704T110253Z,Gaia_4669681996914101120,1,863.9901653379202,0.01008805032455033,51.12294,1,64,0.015625,2,4.139396981194498,-66.10063873949068
3145,MeerKAT:array_1:20250713T071947Z,Gaia_4669683783620510976,41,924.9927764683962,-0.17654088067963078,50.80079,2,64,0.03125,1,4.129193475748037,-66.06327601751067
27,MeerKAT:array_1:20250701T083536Z,ex_LEDA_1164852,57,863.990640476346,0.02017610064910066,50.77665,2,64,0.03125,2,0.9826923333333334,0.395915
3344,MeerKAT:array_1:20250719T204244Z,Gaia_6440703579505476736,16,924.9907722771168,0.1311446542191543,50.61183,3,64,0.046875,1,19.653416606162637,-63.687436242928456
210,MeerKAT:array_1:20250708T083640Z,Gaia_4669810949012166784,50,863.9563667327166,0.050440251622751654,49.98497,1,64,0.015625,1,4.175120763518736,-65.64440156126231
613,MeerKAT:array_1:20250701T095804Z,Gaia_4669811567487460096,24,871.9684458374977,-0.1614088051928053,49.945515,2,64,0.03125,1,4.182460508460625,-65.58498551850913
3372,MeerKAT:array_1:20250720T061449Z,Gaia_4669710790374920448,43,924.9922853857279,-0.02017610064910066,49.7344,4,64,0.0625,2,4.130718016947653,-65.87712540376042
747,MeerKAT:array_1:20250708T105617Z,Gaia_3394155909199063168,60,879.9966047108173,-0.18662893100418113,49.60047,3,63,0.047619047619047616,1,5.332954749051474,16.730872377215785
106,MeerKAT:array_1:20250704T110253Z,Gaia_4669701238367628288,32,863.9951064586639,0.05548427678502682,49.434086,1,64,0.015625,1,4.095503075459785,-65.91075792134293
746,MeerKAT:array_1:20250708T105617Z,Gaia_3394147284904843776,32,879.9966047108173,-0.18662893100418113,49.27099,3,63,0.047619047619047616,1,5.358493564627669,16.750969367619387
2421,MeerKAT:array_1:20250701T055458Z,ex_LEDA_1132523,54,924.9920382499695,0.0857484277586778,49.169327,4,64,0.0625,1,0.3766934,-0.875035
19,MeerKAT:array_1:20250701T083536Z,Gaia_2536432523367098752,6,863.990640476346,0.02017610064910066,48.886692,2,64,0.03125,2,0.9953075937952796,0.1350420985771318
2550,MeerKAT:array_1:20250701T185513Z,ex_LEDA_1904442,4,924.9994714558125,0.18158490584190595,48.30371,1,64,0.015625,1,13.5015568,30.454434
329,MeerKAT:array_1:20250713T071947Z,Gaia_4669060635405789824,22,863.9908318072557,-0.02017610064910066,48.08813,3,64,0.046875,1,4.190880894733523,-65.61636371097941
3369,MeerKAT:array_1:20250720T061449Z,Gaia_4669699520380750336,30,924.9922853857279,-0.02017610064910066,48.046734,4,64,0.0625,2,4.114173732490904,-65.84320925199803
3346,MeerKAT:array_1:20250719T204244Z,Gaia_6440706603162467200,19,924.9907722771168,0.1311446542191543,47.805668,3,64,0.046875,1,19.65195037229325,-63.65917272909129
2170,MeerKAT:array_1:20250711T071356Z,Gaia_4668956731556834816,58,921.6063708364964,0.01008805032455033,47.794582,4,64,0.0625,1,4.167096408935143,-65.95604722893115
3144,MeerKAT:array_1:20250713T071947Z,Gaia_4669685226729535744,36,924.9927764683962,-0.17654088067963078,47.682835,2,64,0.03125,1,4.114713772997973,-65.9846793470404
2422,MeerKAT:array_1:20250701T055458Z,ex_LEDA_1135650,58,924.9920382499695,0.0857484277586778,47.422,4,64,0.0625,1,0.3893958,-0.749825
2419,MeerKAT:array_1:20250701T055458Z,ex_GRB_200522A,1,924.9920382499695,0.0857484277586778,47.219635,4,64,0.0625,1,0.37879999999999997,-0.28316700000000006
10758,MeerKAT:array_1:20250731T120456Z,Gaia_5423609938902242432,43,961.9998160749674,-0.02017610064910066,47.103344,2,64,0.03125,2,9.370408640220344,-45.52716779572086
221,MeerKAT:array_1:20250708T085539Z,Gaia_2978673451727949056,33,863.956420943141,0.05548427678502682,47.030296,1,64,0.015625,2,4.665281883569479,-18.55147047780358
3371,MeerKAT:array_1:20250720T061449Z,Gaia_4668958861860615552,40,924.9922853857279,-0.02017610064910066,46.217964,4,64,0.0625,2,4.185207056318481,-65.96423227153983
2420,MeerKAT:array_1:20250701T055458Z,ex_SDSS_J002143.05-003021.7,9,924.9920382499695,0.0857484277586778,46.20326,4,64,0.0625,1,0.36196133333333336,-0.506035
905,MeerKAT:array_1:20250718T225142Z,Gaia_6441063158463999232,11,874.9931084960699,0.11096855357005364,46.148415,3,64,0.046875,1,19.69555251284233,-63.7303507389889
10759,MeerKAT:array_1:20250731T120456Z,Gaia_5423604200826033920,45,961.9998160749674,-0.02017610064910066,46.122437,2,64,0.03125,2,9.357013753949538,-45.59539652651512
327,MeerKAT:array_1:20250713T071947Z,Gaia_4669816927606651136,16,863.9908318072557,-0.02017610064910066,45.3502,3,64,0.046875,1,4.156805630088537,-65.46753491969416
2629,MeerKAT:array_1:20250705T204042Z,Gaia_6440683620794454784,24,924.9919744729996,0.04035220129820132,45.178127,2,64,0.03125,1,19.648266000836074,-63.878844581560664
2881,MeerKAT:array_1:20250709T043236Z,ex_LEDA_309722,4,924.9983521699905,0.1160125787323288,45.01971,1,64,0.015625,1,4.169333333333333,-65.839444
87,MeerKAT:array_1:20250701T185513Z,Gaia_1456206570060962176,54,863.9913212954998,-0.06052830194730198,44.030205,4,64,0.0625,1,13.543277446408434,30.483798920129324
3368,MeerKAT:array_1:20250720T061449Z,Gaia_4669713573513776512,2,924.9922853857279,-0.02017610064910066,43.984707,4,64,0.0625,2,4.135863111162269,-65.75285957382675
229,MeerKAT:array_1:20250708T171220Z,ex_ASASSN-V_J185518.58-303150.1,11,863.9577777981758,-0.035308176135926156,43.860477,3,63,0.047619047619047616,1,18.921826666666668,-30.530590000000004
88,MeerKAT:array_1:20250701T185513Z,Gaia_1456206466981745152,55,863.9913212954998,-0.06052830194730198,43.850437,4,64,0.0625,1,13.540022397002348,30.45872538727144
906,MeerKAT:array_1:20250718T225142Z,Gaia_6440695990300282112,27,874.9931084960699,0.11096855357005364,43.667316,3,64,0.046875,1,19.643072488543982,-63.80491354366819
2166,MeerKAT:array_1:20250711T071356Z,Gaia_4669738175086545408,36,921.6063708364964,0.01008805032455033,43.62892,4,64,0.0625,1,4.12890792414271,-65.46746293535507
325,MeerKAT:array_1:20250713T071947Z,Gaia_4669702475318229760,15,863.9908318072557,-0.02017610064910066,43.611477,3,64,0.046875,1,4.090497010742219,-65.83460510183568
908,MeerKAT:array_1:20250718T225142Z,Gaia_6441464853868863488,56,874.9931084960699,0.11096855357005364,43.343307,3,64,0.046875,1,19.652285124068747,-63.40371139134386
2162,MeerKAT:array_1:20250711T071356Z,Gaia_4669698794530109440,5,921.6063708364964,0.01008805032455033,43.258156,4,64,0.0625,1,4.108869495780594,-65.93804434072625
228,MeerKAT:array_1:20250708T171220Z,ex_ASASSN-V_J185511.22-301520.2,10,863.9577777981758,-0.035308176135926156,42.97201,3,63,0.047619047619047616,1,18.919782666666666,-30.255610000000004
362,MeerKAT:array_1:20250713T220240Z,Gaia_6440700972460971136,62,863.9569263756275,-0.04035220129820132,42.923317,1,64,0.015625,1,19.628651953930696,-63.70122210489706
2005,MeerKAT:array_1:20250704T110253Z,Gaia_4669682512310192384,16,915.9751657396555,-0.04539622646047649,42.881916,3,64,0.046875,1,4.141313239901319,-66.04955591862426
2574,MeerKAT:array_1:20250702T203437Z,Gaia_6440693413319921408,23,924.9940966516733,0.1462767297059798,42.846867,1,63,0.015873015873015872,1,19.62743351175796,-63.94297695034336
2167,MeerKAT:array_1:20250711T071356Z,ex_2MASX_J04081510-6551410,42,921.6063708364964,0.01008805032455033,42.55061,4,64,0.0625,1,4.137534666666667,-65.861502
899,MeerKAT:array_1:20250715T232237Z,Gaia_6440695642407425792,61,874.9927019178867,0.15636478003053011,42.522053,2,63,0.031746031746031744,1,19.63993895294827,-63.848953667518664
234,MeerKAT:array_1:20250708T171220Z,ex_ASASSN-V_J185434.83-303041.7,41,863.9577777981758,-0.035308176135926156,42.401974,3,63,0.047619047619047616,1,18.909675333333333,-30.51158
509,MeerKAT:array_1:20250731T120456Z,Gaia_5422835195521093632,54,863.9995389580727,0.07061635227185231,42.386925,2,64,0.03125,1,9.381364384462834,-45.81534034535275
257,MeerKAT:array_1:20250709T224008Z,Gaia_6441462036370308096,53,864.0000316351652,-0.1714968555173556,42.19091,1,64,0.015625,1,19.657515865634668,-63.417099217658034
416,MeerKAT:array_1:20250719T103545Z,Gaia_4668963053748722048,61,864.0853333324194,-0.02017610064910066,42.139915,2,64,0.03125,1,4.178169291060081,-65.88508297435585
2628,MeerKAT:array_1:20250705T204042Z,Gaia_6441082537356501760,8,924.9919744729996,0.04035220129820132,41.92606,2,64,0.03125,1,19.696392662757937,-63.467541290743405
720,MeerKAT:array_1:20250708T083640Z,Gaia_4669680519445349888,44,872.0096648931503,-0.02017610064910066,41.69651,2,64,0.03125,1,4.13388869210737,-66.1171842689331
48,MeerKAT:array_1:20250701T085314Z,Gaia_4669830121746188672,47,863.9691603928804,-0.005044025162275165,41.66755,1,64,0.015625,1,4.142002513807104,-65.38772218118773
721,MeerKAT:array_1:20250708T083640Z,Gaia_4669816927606651136,53,872.0096648931503,-0.02017610064910066,41.614735,2,64,0.03125,1,4.156805630088537,-65.46753491969416
815,MeerKAT:array_1:20250711T173016Z,Gaia_5938683720128172288,19,874.9955655038357,0.19671698132873144,41.564327,1,64,0.015625,1,17.040972542700107,-48.61509387336988
552,MeerKAT:array_1:20250731T134912Z,Gaia_5984338019860999296,30,863.9905129224062,0.005044025162275165,41.32125,1,64,0.015625,3,16.055979382274934,-48.28166336558322
3172,MeerKAT:array_1:20250713T220240Z,Gaia_6441082537356501760,54,924.99165558815,0.06557232710957715,41.188797,3,64,0.046875,1,19.696392662757937,-63.467541290743405
508,MeerKAT:array_1:20250731T120456Z,Gaia_5423607980388368896,30,863.9995389580727,0.07061635227185231,40.979607,2,64,0.03125,1,9.357783853266904,-45.47326680192691
897,MeerKAT:array_1:20250715T232237Z,Gaia_6441014505074456832,40,874.9927019178867,0.1614088051928053,40.740875,2,63,0.031746031746031744,1,19.703614910950172,-63.85031198408815
553,MeerKAT:array_1:20250731T134912Z,Gaia_5983523797127072256,36,863.990511327982,0.015132075486825495,40.682163,1,64,0.015625,3,16.107540243061422,-48.624328515550275
1023,MeerKAT:array_1:20250731T141132Z,Gaia_5931377912076558336,16,879.9973062574863,0.050440251622751654,40.674774,2,64,0.03125,1,16.306621042623167,-56.06896976393391
287,MeerKAT:array_1:20250711T225440Z,Gaia_6440634967404865024,31,863.9992679059505,-0.03026415097365099,40.399513,2,64,0.03125,1,19.687350471161192,-63.991954097271815
81,MeerKAT:array_1:20250701T185513Z,ex_SDSS_J133004.45+303328.1,1,863.9913212954998,-0.06052830194730198,40.297974,4,64,0.0625,1,13.501237466666668,30.557818
71,MeerKAT:array_1:20250701T095804Z,Gaia_4669699486020994816,41,863.9687346816063,-0.14123270454370462,40.25904,2,64,0.03125,1,4.114902472693033,-65.86227339563979
286,MeerKAT:array_1:20250711T225440Z,Gaia_6440694718989982208,18,863.9992679059505,-0.03026415097365099,40.249123,2,64,0.03125,1,19.627238550430953,-63.863471464771756
3170,MeerKAT:array_1:20250713T220240Z,Gaia_6441450323996056832,14,924.99165558815,0.06557232710957715,40.24868,3,64,0.046875,1,19.616484421507735,-63.70856694861201
3171,MeerKAT:array_1:20250713T220240Z,Gaia_6441463689934278144,29,924.99165558815,0.06557232710957715,39.603752,3,64,0.046875,1,19.629272422844675,-63.46355540956033
792,MeerKAT:array_1:20250710T145421Z,Gaia_3630346640525326848,11,874.9898303598166,-0.015132075486825495,39.386745,1,63,0.015873015873015872,1,13.48030741295397,-8.10180115926928
784,MeerKAT:array_1:20250710T123913Z,Gaia_2894221509789256448,4,874.9865554124117,0.10592452840777847,39.05804,1,64,0.015625,1,6.619302414585195,-30.611834829787924
579,MeerKAT:array_1:20250701T085314Z,Gaia_4669816377850832640,26,872.0090749561787,-0.035308176135926156,38.95251,2,64,0.03125,1,4.15383398790465,-65.51608871714133
70,MeerKAT:array_1:20250701T095804Z,Gaia_4669699348582040576,16,863.9687346816063,-0.14123270454370462,38.93184,2,64,0.03125,1,4.111172790836376,-65.87984362181173
322,MeerKAT:array_1:20250712T121643Z,Gaia_4669776108237635072,5,863.9905958324671,0.015132075486825495,38.92119,3,55,0.05454545454545454,1,4.095250607256803,-65.60364434440115
10857,MeerKAT:array_1:20250731T124411Z,Gaia_5853145460716740352,3,961.9998192638159,-0.01008805032455033,38.825462,3,64,0.046875,2,14.591896812874007,-63.82548279383498
323,MeerKAT:array_1:20250712T121643Z,Gaia_4668957315672408448,51,863.9905958324671,0.015132075486825495,38.418762,3,55,0.05454545454545454,1,4.167943327077473,-65.91490365815017
29,MeerKAT:array_1:20250701T085314Z,Gaia_4669703403031184768,36,855.969442859292,0.03026415097365099,38.154488,1,64,0.015625,1,4.102001491747326,-65.82514083527903
134,MeerKAT:array_1:20250705T204042Z,Gaia_6440696643135327744,15,863.9571527838707,-0.03026415097365099,37.995876,1,64,0.015625,1,19.63350271607569,-63.79770592074405
39,MeerKAT:array_1:20250701T085314Z,Gaia_4669830121746188672,47,859.9693016260862,0.01008805032455033,37.72544,1,64,0.015625,1,4.142002513807104,-65.38772218118773
580,MeerKAT:array_1:20250701T085314Z,Gaia_4669684707037310080,63,872.0090749561787,-0.035308176135926156,37.70907,2,64,0.03125,1,4.119413033505943,-66.0581205631709
771,MeerKAT:array_1:20250708T233639Z,Gaia_6507374258058292352,13,874.9975776672363,0.08070440259640264,37.08276,2,64,0.03125,1,22.693042173240446,-52.72687078433435
786,MeerKAT:array_1:20250710T123913Z,Gaia_2894416707462849664,60,874.9865570068359,0.11096855357005364,36.993534,1,64,0.015625,1,6.625953140044507,-30.43764428311696
772,MeerKAT:array_1:20250708T233639Z,ex_LEDA_446002,33,874.9975776672363,0.08070440259640264,36.857273,2,64,0.03125,1,22.67894446666667,-52.299167
15100,MeerKAT:array_1:20240319T020710Z,Gaia_2530985989439744512,54,1696.250036522746,0.005044025162275165,36.571934,1,64,0.015625,1,0.7246241011757708,-0.40105782444530097
14896,MeerKAT:array_1:20240319T020710Z,Gaia_2543031173681877120,46,1525.0331219136715,-0.03026415097365099,36.55602,2,64,0.03125,1,0.7354489376147069,-0.06440900923182608
1022,MeerKAT:array_1:20250731T141132Z,Gaia_5931565550622194816,9,879.9973062574863,0.05548427678502682,36.452785,2,64,0.03125,1,16.269188067990708,-55.94316522666657
2299,MeerKAT:array_1:20250720T063432Z,Gaia_5084037450670612096,60,919.7938915342093,-0.050440251622751654,36.310783,1,64,0.015625,2,3.9595378772136747,-24.23183351803706
12,MeerKAT:array_1:20250701T055458Z,ex_SDSS_J002243.61-001707.8,14,863.9905145168304,-0.015132075486825495,36.176033,3,64,0.046875,3,0.3787808,-0.285506
933,MeerKAT:array_1:20250720T063432Z,Gaia_5084038863716911104,36,872.009534150362,-0.005044025162275165,36.029808,1,64,0.015625,1,3.9674852322459504,-24.15842275927988
464,MeerKAT:array_1:20250720T114301Z,Gaia_4669723709636594048,2,863.9912814348936,0.08070440259640264,35.9987,1,64,0.015625,1,4.12184748846574,-65.74606282703172
14887,MeerKAT:array_1:20240319T020710Z,Gaia_2530963312012456192,20,1525.043629169464,0.10592452840777847,35.96284,1,64,0.015625,1,0.7400390451892073,-0.6279043626119837
98,MeerKAT:array_1:20250702T203437Z,Gaia_6440688980913616256,44,863.9910311102867,-0.04035220129820132,35.727535,2,63,0.031746031746031744,1,19.661735302801535,-63.85416868387933
794,MeerKAT:array_1:20250710T145421Z,Gaia_3630426458197604992,40,874.9898287653923,-0.01008805032455033,35.67823,2,63,0.031746031746031744,1,13.471587228398185,-7.603914259242322
3638,MeerKAT:array_1:20250731T144023Z,Gaia_1456198392443226112,8,924.9955523610115,0.04035220129820132,35.10085,2,64,0.03125,1,13.533173639238745,30.358675809133004
388,MeerKAT:array_1:20250718T153723Z,Gaia_6440700869383161088,18,863.9908700734377,0.01008805032455033,35.054085,2,63,0.031746031746031744,1,19.622643776399496,-63.73471199986046
321,MeerKAT:array_1:20250712T121643Z,Gaia_4669725702501432704,4,863.9905958324671,0.015132075486825495,35.018692,3,55,0.05454545454545454,1,4.129209423289225,-65.69331212587907
1025,MeerKAT:array_1:20250731T144023Z,Gaia_1456198358083487360,12,875.0282049626112,0.01008805032455033,34.99442,1,64,0.015625,1,13.532809056124309,30.348490067492207
10,MeerKAT:array_1:20250701T055458Z,ex_[VV2006]_J002146.7-004848,10,863.9905145168304,-0.015132075486825495,34.902435,3,64,0.046875,3,0.3629780000000001,-0.813324
4,MeerKAT:array_1:20250701T053744Z,Gaia_4669708797510130304,59,863.957084223628,-0.005044025162275165,34.78229,2,64,0.03125,2,4.150506614085492,-65.85251837136259
6350,MeerKAT:array_1:20250708T105617Z,Gaia_3394150205482508544,10,960.0946369469166,-0.02017610064910066,34.70743,1,63,0.015873015873015872,2,5.333814502160309,16.59981834686462
793,MeerKAT:array_1:20250710T145421Z,Gaia_3630300014360422016,16,874.9898287653923,-0.01008805032455033,34.64687,2,63,0.031746031746031744,1,13.475745262040027,-8.094511884068465
2003,MeerKAT:array_1:20250704T110253Z,Gaia_4669728313841533440,3,915.9751657396555,-0.04539622646047649,34.61418,3,64,0.046875,1,4.100643179139309,-65.69721046202997
15,MeerKAT:array_1:20250701T055458Z,ex_LEDA_1133498,38,863.9905145168304,-0.015132075486825495,34.591324,3,64,0.046875,3,0.36837179999999997,-0.8356060000000001
72,MeerKAT:array_1:20250701T095804Z,Gaia_4669714191989054848,57,863.9687346816063,-0.15132075486825497,34.46933,1,64,0.015625,1,4.161193168234339,-65.8407822315043
2004,MeerKAT:array_1:20250704T110253Z,Gaia_4669697939832730624,9,915.9751657396555,-0.04539622646047649,34.46469,3,64,0.046875,1,4.102729055292017,-65.9523301070384
389,MeerKAT:array_1:20250718T153723Z,Gaia_6440636204355457536,24,863.9908700734377,0.01008805032455033,34.176792,2,63,0.031746031746031744,1,19.673634295261127,-64.04884097404499
2916,MeerKAT:array_1:20250709T224008Z,Gaia_6441456096432105216,43,924.9900276809931,0.1160125787323288,34.14523,3,64,0.046875,1,19.619685757453517,-63.58973988471284
30,MeerKAT:array_1:20250701T085314Z,Gaia_4669703403031184768,36,856.030557140708,-0.03026415097365099,34.053665,1,64,0.015625,1,4.102001491747326,-65.82514083527903
785,MeerKAT:array_1:20250710T123913Z,Gaia_2893830599045245056,59,874.9865538179874,0.12105660389460396,34.00572,1,64,0.015625,1,6.60342754892438,-31.01429163298435
223,MeerKAT:array_1:20250708T085539Z,Gaia_2978880194273961216,49,863.9900840222836,0.025220125811375827,33.898495,1,64,0.015625,1,4.644548500135154,-18.335188897012195
108,MeerKAT:array_1:20250704T121254Z,Gaia_4669737797129407232,59,863.9902307093143,0.02017610064910066,33.65482,2,64,0.03125,1,4.114368881214304,-65.4634706919527
230,MeerKAT:array_1:20250708T171220Z,ex_ASASSN-V_J185622.22-302433.0,14,863.9908621013165,-0.04539622646047649,33.635357,4,63,0.06349206349206349,1,18.939506666666666,-30.40918
1902,MeerKAT:array_1:20250701T055458Z,ex_2MASX_J00221730-0058078,41,919.9843885600567,0.01008805032455033,33.47294,2,64,0.03125,1,0.37147013333333334,-0.9687580000000001
430,MeerKAT:array_1:20250719T204244Z,Gaia_6441014642513408000,52,863.9573712199926,-0.1311446542191543,33.41031,2,64,0.03125,1,19.706730566450577,-63.8287733334225
2915,MeerKAT:array_1:20250709T224008Z,Gaia_6440679600705053952,19,924.9900276809931,0.1160125787323288,33.36463,3,64,0.046875,1,19.65195624343381,-63.931150084708655
850,MeerKAT:array_1:20250713T071947Z,ex_2MFGC_3406,29,874.997820019722,-0.15636478003053011,33.327568,1,64,0.015625,2,4.173958666666667,-65.81418799999999
115,MeerKAT:array_1:20250705T141541Z,Gaia_4669704743060998272,11,864.0002022385597,0.07061635227185231,33.261875,2,64,0.03125,1,4.095050804231429,-65.73558192112485
883,MeerKAT:array_1:20250715T163334Z,Gaia_6760450769274230400,40,874.9998816102743,0.1160125787323288,33.154617,3,64,0.046875,1,18.9332877561959,-30.387636786685185
1,MeerKAT:array_1:20250701T053744Z,Gaia_4669729241554482560,37,863.957084223628,-0.005044025162275165,33.113396,2,64,0.03125,2,4.113201114653864,-65.67691236345384
936,MeerKAT:array_1:20250720T063432Z,ex_tau09_Eri,1,875.0031469911337,-0.025220125811375827,33.036575,1,64,0.015625,1,3.9987454666666666,-24.016215999999996
331,MeerKAT:array_1:20250713T071947Z,ex_1RXS_J040840.0-654545,31,863.9665295928717,0.025220125811375827,33.009052,3,64,0.046875,2,4.144444466666667,-65.7625
151,MeerKAT:array_1:20250706T055242Z,Gaia_4668956147441282816,2,863.984487593174,0.03026415097365099,32.468918,1,64,0.015625,1,4.177215911150071,-65.96450638703253
227,MeerKAT:array_1:20250708T171220Z,ex_SDG,2,863.9908621013165,-0.04539622646047649,32.44125,4,63,0.06349206349206349,1,18.921944466666666,-30.545278000000003
107,MeerKAT:array_1:20250704T121254Z,Gaia_4669684122921763584,20,863.9902307093143,0.02017610064910066,32.42887,2,64,0.03125,1,4.123567914910958,-66.04452364149171
425,MeerKAT:array_1:20250719T204244Z,ex_LEDA_331602,3,863.9573712199926,-0.1311446542191543,32.380215,2,64,0.03125,1,19.6420278,-63.529722
232,MeerKAT:array_1:20250708T171220Z,ex_ASASSN-V_J185521.31-303923.5,32,863.9908621013165,-0.04539622646047649,32.36215,4,63,0.06349206349206349,1,18.922586666666668,-30.65652
57,MeerKAT:array_1:20250701T095804Z,Gaia_4669713539154051968,49,856.7170253396034,0.19671698132873144,32.32255,1,64,0.015625,1,4.141713242289284,-65.72886604085323
357,MeerKAT:array_1:20250713T220240Z,Gaia_6441463346336885376,19,863.9997637718916,-0.025220125811375827,32.3136,1,64,0.015625,1,19.639201520685795,-63.450577693279946
231,MeerKAT:array_1:20250708T171220Z,ex_Gaia_DR2_6760453689854311936,27,863.9908621013165,-0.04539622646047649,32.20629,4,63,0.06349206349206349,1,18.92119913333333,-30.347984
37,MeerKAT:array_1:20250701T085314Z,Gaia_4669725702501432960,8,860.0304143130779,-0.04539622646047649,32.13751,1,64,0.015625,1,4.1293585114848765,-65.69254377740788
565,MeerKAT:array_1:20250701T053744Z,Gaia_4669776280036326528,14,879.9988735765219,0.1462767297059798,32.083866,1,64,0.015625,1,4.091606107838294,-65.61029024079076
2093,MeerKAT:array_1:20250708T083640Z,Gaia_4669711271411291776,12,919.995672300458,-0.0857484277586778,32.048454,1,64,0.015625,1,4.136452826014428,-65.83310848706334
336,MeerKAT:array_1:20250713T071947Z,Gaia_4669703025074062592,51,863.9665295928717,0.025220125811375827,32.018837,3,64,0.046875,2,4.101380907584322,-65.82776928736503
3639,MeerKAT:array_1:20250731T144023Z,Gaia_1468237563732185984,46,924.9955523610115,0.04035220129820132,32.003536,2,64,0.03125,1,13.528718086976895,30.82734843836561
143,MeerKAT:array_1:20250706T014240Z,Gaia_6441452591738787072,13,863.9902944862843,-0.005044025162275165,31.98802,2,64,0.03125,1,19.619179211893577,-63.66849638242992
730,MeerKAT:array_1:20250708T085539Z,Gaia_2978866690896783872,22,870.2320636212826,0.07566037743412748,31.929361,1,64,0.015625,1,4.649359567777416,-18.41543181325994
328,MeerKAT:array_1:20250713T071947Z,Gaia_4669719483388811904,20,863.9665295928717,0.025220125811375827,31.73064,3,64,0.046875,2,4.1451543812396325,-65.70095198966882
113,MeerKAT:array_1:20250705T141541Z,Gaia_4669720754699148288,7,864.0002022385597,0.07061635227185231,31.423164,2,64,0.03125,1,4.156097990505139,-65.65813538413508
40,MeerKAT:array_1:20250701T085314Z,Gaia_4669726698933866112,54,860.0304143130779,-0.035308176135926156,31.416811,2,64,0.03125,1,4.123021492832987,-65.64792617949458
195,MeerKAT:array_1:20250707T231708Z,Gaia_6440686816250070144,28,863.9661820083857,-0.005044025162275165,31.40182,2,64,0.03125,1,19.684802717047823,-63.85529166163984
2547,MeerKAT:array_1:20250701T133303Z,Gaia_4669723537837887232,13,924.9910353571177,-0.1462767297059798,31.393105,2,64,0.03125,1,4.120103592942797,-65.78784657700487
3498,MeerKAT:array_1:20250730T013301Z,ex_BSDL_1192,8,924.9956639707088,0.03026415097365099,31.335205,1,64,0.015625,1,5.318888866666667,-65.32
332,MeerKAT:array_1:20250713T071947Z,ex_ACO_3219,43,863.9842468351126,-0.04035220129820132,31.295082,3,64,0.046875,1,4.0997222,-65.6
15062,MeerKAT:array_1:20240319T020710Z,Gaia_2531005849368549376,27,1562.1400059610605,-0.005044025162275165,31.232021,2,64,0.03125,1,0.7393356573213863,-0.3878247195616528
628,MeerKAT:array_1:20250701T095804Z,Gaia_4669684122921763584,1,879.9681553989649,-0.15132075486825497,31.180355,2,64,0.03125,1,4.123567914910958,-66.04452364149171
2917,MeerKAT:array_1:20250709T224008Z,Gaia_6440637991061844224,57,924.9900276809931,0.1160125787323288,30.445274,3,64,0.046875,1,19.6850786665857,-63.970162583671026
690,MeerKAT:array_1:20250706T055242Z,Gaia_4668963053748722048,9,872.0095453113317,0.005044025162275165,30.332563,1,64,0.015625,2,4.178169291060081,-65.88508297435585
191,MeerKAT:array_1:20250707T231708Z,Gaia_6440682624362035456,6,863.9661820083857,-0.005044025162275165,30.314817,2,64,0.03125,1,19.65069826365606,-63.90405137332356
36,MeerKAT:array_1:20250701T085314Z,Gaia_4669699382941779584,3,860.0304127186537,-0.01008805032455033,30.309303,1,64,0.015625,1,4.113790531160726,-65.8703693528765
255,MeerKAT:array_1:20250709T224008Z,Gaia_6441459566765666816,29,863.9907457083464,-0.005044025162275165,30.229982,1,64,0.015625,1,19.633374109208958,-63.538033982557025
2603,MeerKAT:array_1:20250705T141541Z,Gaia_4669682374871238272,36,924.9958042800426,-0.10088050324550331,30.163382,1,64,0.015625,1,4.136301510057609,-66.06510405814161
2842,MeerKAT:array_1:20250708T171220Z,ex_Gaia_DR2_6761211459521069824,25,924.9947663098574,0.14123270454370462,30.145445,1,63,0.015873015873015872,1,18.914415266666666,-30.166519
56,MeerKAT:array_1:20250701T095804Z,Gaia_4669736250941165568,15,856.6909022927284,0.19671698132873144,30.106941,1,64,0.015625,1,4.118396769094823,-65.54868740802111
1901,MeerKAT:array_1:20250701T055458Z,ex_2MASX_J00221596-0045248,40,919.984383776784,0.01008805032455033,30.062122,3,64,0.046875,1,0.37110193333333336,-0.7568409999999999
2269,MeerKAT:array_1:20250719T103545Z,Gaia_4669815106540510848,32,920.0908642113209,-0.02017610064910066,29.946161,4,64,0.0625,1,4.16380532445806,-65.55678540542186
2648,MeerKAT:array_1:20250706T014240Z,Gaia_6441085492294009344,19,924.993245229125,0.03026415097365099,29.799313,1,64,0.015625,1,19.674122826014305,-63.45461689543384
1026,MeerKAT:array_1:20250731T144023Z,Gaia_1468225640902971648,15,875.028203368187,0.015132075486825495,29.771055,1,64,0.015625,1,13.532003825667712,30.79912292768552
10859,MeerKAT:array_1:20250731T124411Z,Gaia_5850123899691009280,33,961.9998192638159,-0.01008805032455033,29.746168,3,64,0.046875,2,14.59771196037901,-64.30080858636023
512,MeerKAT:array_1:20250731T122153Z,Gaia_5834016432302316416,11,863.9904108792543,0.015132075486825495,29.287413,1,64,0.015625,1,15.916325016346017,-59.230060619531194
38,MeerKAT:array_1:20250701T085314Z,Gaia_4669816618369005440,24,860.0304143130779,-0.03026415097365099,29.277477,2,64,0.03125,1,4.154966178637322,-65.47424122454672
318,MeerKAT:array_1:20250712T092209Z,Gaia_4669060360527883264,54,865.074421659112,-0.04035220129820132,29.245996,1,64,0.015625,1,4.195521277277195,-65.64384544600205
494,MeerKAT:array_1:20250730T013301Z,ex_ASASSN-V_J051534.22-653237.3,53,864.0002484768629,-0.050440251622751654,29.210674,2,64,0.03125,1,5.259506666666667,-65.5437
274,MeerKAT:array_1:20250711T071356Z,Gaia_4669811601847201920,30,863.9466790109873,-0.005044025162275165,28.851526,1,64,0.015625,1,4.183228697194812,-65.57079151939061
10858,MeerKAT:array_1:20250731T124411Z,Gaia_5850069267700290176,4,961.9998192638159,-0.01008805032455033,28.844875,3,64,0.046875,2,14.650560772476442,-64.32393557401112
1904,MeerKAT:array_1:20250701T055458Z,ex_LEDA_143477,53,919.9843885600567,0.005044025162275165,28.842981,2,64,0.03125,1,0.37585033333333334,-0.9265720000000001
1903,MeerKAT:array_1:20250701T055458Z,ex_2MASX_J00222929-0056512,48,919.984383776784,0.01008805032455033,28.760128,3,64,0.046875,1,0.37480186666666665,-0.94743
415,MeerKAT:array_1:20250719T103545Z,Gaia_4668963053748722048,61,864.0189510732889,-0.1714968555173556,28.728788,1,64,0.015625,1,4.178169291060081,-65.88508297435585
335,MeerKAT:array_1:20250713T071947Z,Gaia_4669686498039856384,49,863.9842468351126,-0.04035220129820132,28.527437,3,64,0.046875,1,4.124018418767517,-65.97969593212586
1899,MeerKAT:array_1:20250701T055458Z,ex_LEDA_1141805,23,919.9843869656324,0.02017610064910066,28.380054,1,64,0.015625,1,0.3486058,-0.500233
594,MeerKAT:array_1:20250701T085314Z,Gaia_4669681893834902144,51,875.0437187105417,-0.12105660389460396,28.367441,1,64,0.015625,1,4.14521235405552,-66.04819269464353
485,MeerKAT:array_1:20250730T013301Z,ex_BSDL_1176,7,864.0002484768629,-0.050440251622751654,28.264427,2,64,0.03125,1,5.314444466666667,-65.353333
404,MeerKAT:array_1:20250719T103545Z,Gaia_4668955288447797760,51,856.1951702833176,-0.050440251622751654,27.965364,1,64,0.015625,1,4.174426335117182,-66.03219708700108
630,MeerKAT:array_1:20250701T095804Z,Gaia_4669734567314018688,18,879.9420323520899,-0.14123270454370462,27.884985,1,64,0.015625,1,4.141644467778401,-65.49983413739118
148,MeerKAT:array_1:20250706T014240Z,Gaia_6441063914378243456,42,863.9902944862843,-0.005044025162275165,27.88287,2,64,0.03125,1,19.696159728151382,-63.71236765309189
8696,MeerKAT:array_1:20250719T103545Z,Gaia_4669684707037310080,56,960.0047656297684,0.005044025162275165,27.861979,1,64,0.015625,1,4.119413033505943,-66.0581205631709
15056,MeerKAT:array_1:20240319T020710Z,Gaia_2530979151851814144,3,1562.102006047964,-0.005044025162275165,27.857536,1,64,0.015625,1,0.7280532610396407,-0.5704520443748631
658,MeerKAT:array_1:20250704T110253Z,Gaia_4668963019388978816,6,874.9920769035816,0.10592452840777847,27.846577,1,64,0.015625,1,4.177961804934599,-65.90148414720024
881,MeerKAT:array_1:20250715T163334Z,Gaia_6760424007346723072,30,874.9998816102743,0.1160125787323288,27.750004,3,64,0.046875,1,18.91119235886724,-30.561694975296167
2006,MeerKAT:array_1:20250704T110253Z,Gaia_4669705705133623552,22,915.9751641452312,-0.04035220129820132,27.584406,1,64,0.015625,1,4.155592957583869,-65.99371965242827
657,MeerKAT:array_1:20250704T110253Z,Gaia_4669681996914101120,1,874.9921040087938,0.005044025162275165,27.51172,1,64,0.015625,1,4.139396981194498,-66.10063873949068
15102,MeerKAT:array_1:20240319T020710Z,Gaia_2530998457729328768,37,1697.1857307702303,0.06557232710957715,27.484524,2,64,0.03125,1,0.7619251542386725,-0.33798985058248865
178,MeerKAT:array_1:20250706T155525Z,Gaia_6440687808385485568,59,863.9905623495579,-0.02017610064910066,27.481604,2,64,0.03125,1,19.674599321748943,-63.80249901734273
604,MeerKAT:array_1:20250701T085314Z,Gaia_4669727145610415104,15,879.9934031069279,-0.11096855357005364,27.281647,2,64,0.03125,1,4.104917798003196,-65.75621622031709
732,MeerKAT:array_1:20250708T085539Z,Gaia_2978888646769666304,57,872.0012543052435,-0.035308176135926156,27.00174,1,64,0.015625,1,4.666237346219495,-18.347557487904403
2548,MeerKAT:array_1:20250701T133303Z,Gaia_4669722541405576576,44,924.9910353571177,-0.1462767297059798,26.944487,2,64,0.03125,1,4.152992540511332,-65.5309333918561
438,MeerKAT:array_1:20250720T063432Z,Gaia_5083387368717522432,43,863.9901940375566,0.005044025162275165,26.889168,1,64,0.015625,1,3.9959515169954183,-24.004568533005536
15061,MeerKAT:array_1:20240319T020710Z,Gaia_2531018562471794048,24,1562.1400059610605,-0.005044025162275165,26.738447,2,64,0.03125,1,0.7561026177139786,-0.08849462940881841
317,MeerKAT:array_1:20250712T092209Z,Gaia_4668964428138269952,48,865.0744200646877,-0.03026415097365099,26.72529,1,64,0.015625,1,4.1891414737304835,-65.82288525731616
802,MeerKAT:array_1:20250711T071356Z,Gaia_4668965729511943424,22,872.6397446841002,0.01008805032455033,26.667257,2,64,0.03125,1,4.1853079787599,-65.75507628861321
403,MeerKAT:array_1:20250719T103545Z,Gaia_4668961816798136192,40,856.1951256394386,0.19167295616645627,26.654226,1,64,0.015625,1,4.182928098671695,-65.95403997271916
2362,MeerKAT:array_1:20250731T124411Z,Gaia_5850131248297746304,28,919.9847712218761,0.07566037743412748,26.62859,1,64,0.015625,2,14.589152813598519,-64.09698093371988
2032,MeerKAT:array_1:20250705T204042Z,Gaia_6440688224999355264,12,919.9843662381172,-0.01008805032455033,26.591429,2,64,0.03125,1,19.678000374066976,-63.7705422468957
625,MeerKAT:array_1:20250701T095804Z,Gaia_4669811567487460096,24,875.9805226773024,-0.07061635227185231,26.545013,1,64,0.015625,1,4.182460508460625,-65.58498551850913
410,MeerKAT:array_1:20250719T103545Z,Gaia_4669815106540510848,32,864.0189415067434,-0.10592452840777847,26.524849,1,64,0.015625,1,4.16380532445806,-65.55678540542186
879,MeerKAT:array_1:20250715T163334Z,Gaia_6760417547732520064,18,874.9998816102743,0.1160125787323288,26.51413,3,64,0.046875,1,18.907492561044233,-30.628976623905583
2033,MeerKAT:array_1:20250705T204042Z,Gaia_6440702308195109376,13,919.9843662381172,-0.01008805032455033,26.469345,2,64,0.03125,1,19.65966056681656,-63.751392809486205
2449,MeerKAT:array_1:20250701T083536Z,Gaia_2536500452569816576,8,924.9961422979832,-0.18662893100418113,26.40908,4,64,0.0625,1,0.9685213079211462,0.3431808284114258
8698,MeerKAT:array_1:20250719T103545Z,Gaia_4669686463680117760,62,960.0047576576471,0.05548427678502682,26.267565,2,64,0.03125,1,4.120626951884693,-65.98777240002492
2267,MeerKAT:array_1:20250719T103545Z,Gaia_4668955872563377280,30,920.0908626168966,-0.015132075486825495,26.213512,1,64,0.015625,1,4.182342771048197,-65.99473666287432
273,MeerKAT:array_1:20250711T071356Z,Gaia_4669811052091384320,31,856.7492869198322,-0.005044025162275165,25.747242,1,64,0.015625,1,4.179505042343959,-65.62115566364545
832,MeerKAT:array_1:20250712T092209Z,Gaia_4669714191989054848,46,874.9048140645027,-0.050440251622751654,25.73314,1,64,0.015625,1,4.161193168234339,-65.8407822315043
620,MeerKAT:array_1:20250701T095804Z,Gaia_4669719895705672448,45,875.0176498740911,0.005044025162275165,25.719555,2,64,0.03125,1,4.146941409302808,-65.68543763760889
3393,MeerKAT:array_1:20250720T063432Z,Gaia_5084037450670612096,60,924.9922423362732,-0.05548427678502682,25.707125,2,64,0.03125,1,3.9595378772136747,-24.23183351803706
757,MeerKAT:array_1:20250708T152508Z,Gaia_5867052358609020416,52,874.9947108924389,-0.050440251622751654,25.605637,1,53,0.018867924528301886,1,14.246273180112478,-59.328804794055664
14884,MeerKAT:array_1:20240319T020710Z,Gaia_2531009732019003776,40,1364.1800047755241,0.06052830194730198,25.567274,2,64,0.03125,1,0.7432967669973841,-0.23940174267981273
2450,MeerKAT:array_1:20250701T083536Z,ex_SDSS_J005746.38+001136.0,22,924.9961422979832,-0.18662893100418113,25.445677,4,64,0.0625,1,0.9628835333333334,0.193346
2452,MeerKAT:array_1:20250701T083536Z,ex_LBQS_0056+0009,29,924.9961422979832,-0.18662893100418113,25.430767,4,64,0.0625,1,0.9883967333333334,0.4221309999999999
358,MeerKAT:array_1:20250713T220240Z,Gaia_6440710352670906752,41,863.9646290391684,-0.025220125811375827,25.362728,3,64,0.046875,1,19.663815083459088,-63.47640743214102
205,MeerKAT:array_1:20250708T083640Z,Gaia_4669723709636594048,13,863.9847458899021,-0.05548427678502682,25.319311,2,64,0.03125,1,4.12184748846574,-65.74606282703172
603,MeerKAT:array_1:20250701T085314Z,Gaia_4668956147440049536,13,879.9934031069279,-0.11096855357005364,25.26685,2,64,0.03125,1,4.177543180314421,-65.95661893655983
359,MeerKAT:array_1:20250713T220240Z,Gaia_6440701968894752768,42,863.9646290391684,-0.025220125811375827,25.1011,3,64,0.046875,1,19.64685525780241,-63.776483481970736
588,MeerKAT:array_1:20250701T085314Z,Gaia_4669681893834902144,51,873.4891375303268,0.025220125811375827,25.10083,1,64,0.015625,1,4.14521235405552,-66.04819269464353
338,MeerKAT:array_1:20250713T071947Z,Gaia_4669749754318241408,53,863.9842468351126,-0.04035220129820132,25.072443,3,64,0.046875,1,4.082117564918683,-65.79412706794132
2451,MeerKAT:array_1:20250701T083536Z,ex_SDSS_J005905.99+002751.6,28,924.9961422979832,-0.18662893100418113,25.037024,4,64,0.0625,1,0.9850001333333334,0.46435
803,MeerKAT:array_1:20250711T071356Z,Gaia_4669716459731837184,48,872.6397446841002,0.01008805032455033,25.002491,2,64,0.03125,1,4.172792520781388,-65.73560503005208
361,MeerKAT:array_1:20250713T220240Z,Gaia_6441475681482976768,56,863.9646290391684,-0.025220125811375827,24.938951,3,64,0.046875,1,19.624691527509768,-63.44044286720454
3392,MeerKAT:array_1:20250720T063432Z,Gaia_5083273431823450240,32,924.9922423362732,-0.05548427678502682,24.871893,2,64,0.03125,1,4.000506974187608,-24.34832127698684
224,MeerKAT:array_1:20250708T105617Z,Gaia_3394151820390205568,6,863.9667368680239,0.02017610064910066,24.772615,2,63,0.031746031746031744,1,5.334828259250545,16.63529363039795
14893,MeerKAT:array_1:20240319T020710Z,Gaia_2530998457729328768,37,1525.0437471568584,0.02017610064910066,24.765976,1,64,0.015625,1,0.7619251542386725,-0.33798985058248865
4375,MeerKAT:array_1:20250701T133303Z,Gaia_4669710790374920448,46,960.0069786906242,-0.07566037743412748,24.509424,1,64,0.015625,1,4.130718016947653,-65.87712540376042
204,MeerKAT:array_1:20250708T083640Z,Gaia_4669718590035592320,10,863.9847458899021,-0.05548427678502682,24.41004,2,64,0.03125,1,4.145714685577417,-65.7505184247624
529,MeerKAT:array_1:20250731T124411Z,Gaia_5850164272389060992,31,863.9644233584404,0.015132075486825495,24.40461,2,64,0.03125,1,14.627258891391895,-63.8056492171121
987,MeerKAT:array_1:20250731T120456Z,Gaia_5423606502928305152,3,879.9980062097311,0.11096855357005364,24.318214,2,64,0.03125,1,9.344583197051636,-45.58053676243038
763,MeerKAT:array_1:20250708T171220Z,ex_Gaia_DR3_6761182223681033472,23,875.0014058798552,0.12105660389460396,24.274761,3,63,0.047619047619047616,1,18.9061588,-30.330896000000003
2274,MeerKAT:array_1:20250719T103545Z,Gaia_4668955288447797760,51,920.0908642113209,-0.02017610064910066,24.274193,4,64,0.0625,1,4.174426335117182,-66.03219708700108
225,MeerKAT:array_1:20250708T105617Z,Gaia_3394153813255034624,53,863.9667368680239,0.02017610064910066,24.047375,2,63,0.031746031746031744,1,5.330349300083445,16.666244152686723
629,MeerKAT:array_1:20250701T095804Z,Gaia_4669713912815018752,5,879.9420323520899,-0.15132075486825497,24.014717,2,64,0.03125,1,4.165815723271222,-65.85941242810505
1900,MeerKAT:array_1:20250701T055458Z,ex_2MASX_J00212341-0049334,27,919.984383776784,0.01008805032455033,23.971859,3,64,0.046875,1,0.3565034,-0.825801
634,MeerKAT:array_1:20250701T095804Z,Gaia_4669705116721809920,42,879.9681553989649,-0.15132075486825497,23.929367,2,64,0.03125,1,4.151660527294777,-66.05077059096503
291,MeerKAT:array_1:20250712T060917Z,Gaia_4669698420869082752,35,863.9848399609327,-0.01008805032455033,23.926983,2,64,0.03125,1,4.09912738768747,-65.89404076464943
602,MeerKAT:array_1:20250701T085314Z,Gaia_4669718761834284288,10,879.9933951348066,-0.06557232710957715,23.85597,1,64,0.015625,1,4.148909313646341,-65.71576021346517
514,MeerKAT:array_1:20250731T122153Z,Gaia_5834023338610699904,27,863.9564671814442,0.050440251622751654,23.761892,2,64,0.03125,2,15.917443713119493,-59.11736820687103
990,MeerKAT:array_1:20250731T120456Z,Gaia_5422840040244217216,58,879.9980093985796,0.08070440259640264,23.708256,2,64,0.03125,1,9.38712470320295,-45.82669203191941
2218,MeerKAT:array_1:20250713T220240Z,Gaia_6441450323996056832,14,919.7943268120289,-0.04035220129820132,23.656088,3,64,0.046875,1,19.616484421507735,-63.70856694861201
525,MeerKAT:array_1:20250731T124411Z,Gaia_5853145563796046208,38,857.794027030468,-0.03026415097365099,23.556288,2,64,0.03125,1,14.592451150931169,-63.813275256059335
989,MeerKAT:array_1:20250731T120456Z,Gaia_5423609938902242432,43,879.9980062097311,0.11096855357005364,23.551275,2,64,0.03125,1,9.370408640220344,-45.52716779572086
8673,MeerKAT:array_1:20250719T103545Z,Gaia_4669723847075514752,5,960.0047576576471,0.05548427678502682,23.530201,2,64,0.03125,1,4.113344953987144,-65.80790768750131
262,MeerKAT:array_1:20250710T123913Z,Gaia_2894219860521835520,40,863.9914010167122,0.08070440259640264,23.519833,1,64,0.015625,1,6.6164123721008785,-30.6610948743366
476,MeerKAT:array_1:20250723T000253Z,Gaia_6441459566765666816,58,863.9906627982855,-0.015132075486825495,23.371778,3,64,0.046875,2,19.633374109208958,-63.538033982557025
3080,MeerKAT:array_1:20250712T060917Z,Gaia_4669686979076209920,2,924.9993040412664,-0.06052830194730198,23.35044,1,64,0.015625,1,4.124980832366678,-65.95248833433105
340,MeerKAT:array_1:20250713T071947Z,Gaia_4669699211143105664,61,863.9465115964413,-0.03026415097365099,23.190125,1,64,0.015625,1,4.117462572912336,-65.88464590413449
521,MeerKAT:array_1:20250731T122153Z,Gaia_5834089511084114560,55,863.9564671814442,0.050440251622751654,23.034542,2,64,0.03125,2,15.889653987579143,-58.80906718915532
2034,MeerKAT:array_1:20250705T204042Z,Gaia_6440702862247948160,33,919.9843598604202,-0.005044025162275165,23.02576,1,64,0.015625,1,19.649033816922074,-63.75145572634003
524,MeerKAT:array_1:20250731T124411Z,Gaia_5850121769386764032,7,857.794027030468,-0.025220125811375827,22.967596,2,64,0.03125,1,14.63904469631061,-64.11675359946246
904,MeerKAT:array_1:20250718T225142Z,Gaia_6440687808385485568,42,872.0094751566648,0.02017610064910066,22.951128,2,64,0.03125,1,19.674599321748943,-63.80249901734273
14886,MeerKAT:array_1:20240319T020710Z,Gaia_2530991280839514240,17,1525.1078701168299,-0.02017610064910066,22.678568,1,64,0.015625,1,0.7550898157103431,-0.45577172504298274
473,MeerKAT:array_1:20250723T000253Z,Gaia_6440688224999355264,22,863.9906627982855,-0.015132075486825495,22.638601,3,64,0.046875,2,19.678000374066976,-63.7705422468957
988,MeerKAT:array_1:20250731T120456Z,Gaia_5423616673411047424,29,879.9980093985796,0.08070440259640264,22.63079,2,64,0.03125,1,9.369597576695709,-45.3049078086263
14682,MeerKAT:array_1:20240319T020710Z,Gaia_2530992101177715584,39,874.9883188456297,0.09583647808322814,22.604235,3,64,0.046875,1,0.756649519516233,-0.38760372674988364
471,MeerKAT:array_1:20250723T000253Z,Gaia_6441011412697998976,6,863.9906627982855,-0.015132075486825495,22.537865,3,64,0.046875,2,19.706595703583233,-63.880441857492556
530,MeerKAT:array_1:20250731T124411Z,Gaia_5850133417339766144,46,863.9644233584404,0.015132075486825495,22.512754,2,64,0.03125,1,14.608123346674866,-64.09880564370269
3064,MeerKAT:array_1:20250711T225440Z,Gaia_6440637200787985408,2,924.9929327219725,0.06557232710957715,22.500257,1,64,0.015625,1,19.666591474536585,-63.99252401817969
830,MeerKAT:array_1:20250712T092209Z,Gaia_4669717146926603904,11,874.9048124700785,-0.04035220129820132,22.499899,1,64,0.015625,1,4.165769995642935,-65.72588032717957
246,MeerKAT:array_1:20250709T043236Z,Gaia_4668954734395819776,58,863.95658197999,-0.035308176135926156,22.462406,1,64,0.015625,1,4.163050888957433,-66.02751373832926
14890,MeerKAT:array_1:20240319T020710Z,Gaia_2531005849368549376,27,1525.0810710340738,0.025220125811375827,22.445572,2,64,0.03125,1,0.7393356573213863,-0.3878247195616528
2091,MeerKAT:array_1:20250708T083640Z,Gaia_4669718590035592320,10,919.9956818670034,-0.13618867938142945,22.432909,1,64,0.015625,1,4.145714685577417,-65.7505184247624
2219,MeerKAT:array_1:20250713T220240Z,Gaia_6441460838075973888,24,919.7943268120289,-0.04035220129820132,22.430542,3,64,0.046875,1,19.6595364453553,-63.48031775870894
2008,MeerKAT:array_1:20250704T110253Z,Gaia_4669711546289198080,52,920.1392278820276,-0.03026415097365099,22.391111,2,64,0.03125,1,4.131074033166914,-65.81471480062413
3082,MeerKAT:array_1:20250712T060917Z,Gaia_4669698420869082752,35,924.9945861399174,-0.035308176135926156,22.226637,2,64,0.03125,1,4.09912738768747,-65.89404076464943
764,MeerKAT:array_1:20250708T171220Z,ex_ASASSN-V_J185453.46-302527.5,46,875.0014058798552,0.12105660389460396,22.219337,3,63,0.047619047619047616,1,18.914849333333333,-30.42431
411,MeerKAT:array_1:20250719T103545Z,Gaia_4669720067504380288,36,864.0189367234707,-0.0857484277586778,22.20286,2,64,0.03125,1,4.149975830371698,-65.64818931556401
15104,MeerKAT:array_1:20240319T020710Z,Gaia_2530968122375825792,41,1697.1857307702303,0.06557232710957715,22.140448,2,64,0.03125,1,0.738204220925874,-0.5697986856881555
441,MeerKAT:array_1:20250720T063432Z,Gaia_5084043360545645824,63,863.9568323045969,0.02017610064910066,22.00024,1,64,0.015625,1,3.963922528423394,-24.08061068518113
903,MeerKAT:array_1:20250718T225142Z,Gaia_6441460288320161792,15,872.0094751566648,0.02017610064910066,21.92924,2,64,0.03125,1,19.651090985477136,-63.53156997969461
14885,MeerKAT:array_1:20240319T020710Z,Gaia_2531005054800403072,13,1525.0810710340738,0.025220125811375827,21.911068,2,64,0.03125,1,0.762334154808746,-0.18134099670137954
765,MeerKAT:array_1:20250708T171220Z,ex_ASASSN-V_J185553.61-302858.0,57,875.0014058798552,0.12105660389460396,21.907566,3,63,0.047619047619047616,1,18.931559333333336,-30.48279
637,MeerKAT:array_1:20250701T133303Z,Gaia_4669728309545548800,1,872.0080561190844,-0.05548427678502682,21.90255,1,64,0.015625,1,4.101071313012646,-65.70311296485484
870,MeerKAT:array_1:20250714T053348Z,Gaia_4669751815902561792,45,872.4540835469961,0.035308176135926156,21.90235,2,62,0.03225806451612903,3,4.087332648132414,-65.70955390215879
131,MeerKAT:array_1:20250705T161659Z,ex_ASASSN-V_J171203.59-334711.6,37,863.946310698986,0.01008805032455033,21.85965,4,63,0.06349206349206349,1,17.200997333333333,-33.78655
14683,MeerKAT:array_1:20240319T020710Z,Gaia_2531012755675980032,63,874.9883188456297,0.09583647808322814,21.85877,3,64,0.046875,1,0.741937908973146,-0.22171596124314782
3057,MeerKAT:array_1:20250711T164717Z,Gaia_6440680528418026240,41,924.9948396533728,0.18662893100418113,21.787397,1,64,0.015625,2,19.628988873685906,-64.01155982824119
1024,MeerKAT:array_1:20250731T144023Z,Gaia_1468225640902971648,15,872.0091833770275,-0.01008805032455033,21.742458,1,64,0.015625,1,13.532003825667712,30.79912292768552
3081,MeerKAT:array_1:20250712T060917Z,Gaia_4669816377850832640,30,924.9945861399174,-0.04035220129820132,21.677994,2,64,0.03125,1,4.15383398790465,-65.51608871714133
609,MeerKAT:array_1:20250701T095804Z,Gaia_4669700516813162496,4,871.9806081056595,-0.04539622646047649,21.581718,3,64,0.046875,1,4.107692502960613,-65.82334529127918
14681,MeerKAT:array_1:20240319T020710Z,Gaia_2530963312012456192,20,874.9883188456297,0.09583647808322814,21.518332,3,64,0.046875,1,0.7400390451892073,-0.6279043626119837
290,MeerKAT:array_1:20250712T060917Z,Gaia_4669709725223010432,16,863.9848399609327,-0.01008805032455033,21.455055,2,64,0.03125,1,4.132995734293938,-65.94725942489906
560,MeerKAT:array_1:20250731T144023Z,Gaia_1468203410152206080,42,863.9567318558693,0.07061635227185231,21.387032,2,64,0.03125,1,13.504560834509924,30.52335843891439
79,MeerKAT:array_1:20250701T133303Z,Gaia_4669731784175145344,37,863.9917135238647,0.05548427678502682,21.386404,3,64,0.046875,1,4.130571455057676,-65.65242445590076
179,MeerKAT:array_1:20250706T155525Z,Gaia_6440702690449243520,62,863.9905623495579,-0.02017610064910066,21.379333,2,64,0.03125,1,19.65862345313282,-63.697209650691896
2007,MeerKAT:array_1:20250704T110253Z,Gaia_4669703025074062592,37,920.1392278820276,-0.03026415097365099,21.351885,2,64,0.03125,1,4.101380907584322,-65.82776928736503
129,MeerKAT:array_1:20250705T161659Z,ex_IRAS_17081-3317,29,863.946310698986,0.01008805032455033,21.349165,4,63,0.06349206349206349,1,17.189983466666668,-33.356702
862,MeerKAT:array_1:20250713T220240Z,J1939-6342,0,874.9921071976423,0.05548427678502682,21.324495,1,64,0.015625,1,19.65695277777778,-63.71266666666667
76,MeerKAT:array_1:20250701T133303Z,Gaia_4669709587784079488,7,863.9917135238647,0.06052830194730198,21.263134,3,64,0.046875,1,4.138289303494584,-65.93475154260774
932,MeerKAT:array_1:20250720T063432Z,Gaia_5083292638918828160,24,872.0005463808775,0.005044025162275165,21.251204,2,64,0.03125,1,3.992088031142666,-24.086330176181093
469,MeerKAT:array_1:20250722T155604Z,Gaia_6440638502162885632,25,863.9917868673801,0.01008805032455033,21.2377,2,64,0.03125,1,19.6898754271324,-63.92715711276794
14878,MeerKAT:array_1:20240319T020710Z,Gaia_2531005849368549376,27,1288.9803850352764,-0.09583647808322814,21.15743,4,64,0.0625,1,0.7393356573213863,-0.3878247195616528
470,MeerKAT:array_1:20250722T155604Z,Gaia_6441463346336885376,42,863.9917868673801,0.01008805032455033,21.153807,2,64,0.03125,1,19.639201520685795,-63.450577693279946
3273,MeerKAT:array_1:20250715T232237Z,Gaia_6440703888743020928,49,924.9922853857279,0.16645283035508046,21.135191,2,63,0.031746031746031744,2,19.66295112643198,-63.71417147113698
6669,MeerKAT:array_1:20250709T224008Z,Gaia_6440683861312632064,1,960.0000349730253,-0.19167295616645627,21.120302,3,64,0.046875,1,19.644118970760356,-63.8545324794734
611,MeerKAT:array_1:20250701T095804Z,Gaia_4669729585151865728,12,871.9806081056595,-0.04539622646047649,21.04159,3,64,0.046875,1,4.107257170354558,-65.65160918439804
2943,MeerKAT:array_1:20250710T164056Z,Gaia_6440638059781321472,61,924.9982549101114,0.20680503165328176,21.036186,2,64,0.03125,1,19.68522833013746,-63.95992120837882
128,MeerKAT:array_1:20250705T161659Z,ex_ASASSN-V_J171121.72-331346.2,28,863.946310698986,0.01008805032455033,20.96488,4,63,0.06349206349206349,1,17.18936666666667,-33.2295
14891,MeerKAT:array_1:20240319T020710Z,Gaia_2530969599844561536,33,1525.0731515288353,0.005044025162275165,20.871534,1,64,0.015625,1,0.7342646712997313,-0.5011760979067167
130,MeerKAT:array_1:20250705T161659Z,ex_ASASSN-V_J171129.22-332857.0,30,863.946310698986,0.01008805032455033,20.834164,4,63,0.06349206349206349,1,17.191451333333333,-33.48249
2582,MeerKAT:array_1:20250704T110253Z,Gaia_4669721579331652480,11,923.9749486446381,-0.04539622646047649,20.763811,1,64,0.015625,1,4.150853913562524,-65.61806567427121
207,MeerKAT:array_1:20250708T083640Z,Gaia_4668957315672408448,25,863.9986699968576,0.02017610064910066,20.738894,3,64,0.046875,1,4.167943327077473,-65.91490365815017
536,MeerKAT:array_1:20250731T130553Z,Gaia_5423507134564963584,9,863.9644488692284,0.015132075486825495,20.723782,3,64,0.046875,2,9.346298024665936,-45.817176145070235
2220,MeerKAT:array_1:20250713T220240Z,Gaia_6441082537356501760,54,919.7943268120289,-0.04035220129820132,20.705133,3,64,0.046875,1,19.696392662757937,-63.467541290743405
214,MeerKAT:array_1:20250708T085539Z,Gaia_2978888612409926784,43,860.0097776800394,-0.02017610064910066,20.629656,3,64,0.046875,1,4.667929257784091,-18.344630832204633
2942,MeerKAT:array_1:20250710T164056Z,Gaia_6441062776211006336,29,924.9982549101114,0.20680503165328176,20.547586,2,64,0.03125,1,19.694469190727833,-63.74544567268714
3269,MeerKAT:array_1:20250715T232237Z,Gaia_6441067449135162496,19,924.9922837913036,0.1714968555173556,20.541117,2,63,0.031746031746031744,1,19.69684218218051,-63.63304149267422
272,MeerKAT:array_1:20250711T071356Z,Gaia_4669697488859890176,12,856.7492885142565,-0.015132075486825495,20.532427,1,64,0.015625,1,4.1006057577474975,-65.9909221319285
927,MeerKAT:array_1:20250719T204244Z,Gaia_6441013955318647680,44,872.0092630982399,0.05548427678502682,20.514912,1,64,0.015625,2,19.696488870777504,-63.88375237527816
147,MeerKAT:array_1:20250706T014240Z,Gaia_6440681490490698624,27,863.9567525833845,-0.03026415097365099,20.475664,4,64,0.0625,1,19.632325771201042,-63.959773480032126
871,MeerKAT:array_1:20250714T053348Z,Gaia_4669816377850832640,56,872.4540835469961,0.035308176135926156,20.453178,2,62,0.03225806451612903,3,4.15383398790465,-65.51608871714133
14889,MeerKAT:array_1:20240319T020710Z,Gaia_2531005849368549376,27,1525.0548921823502,-0.01008805032455033,20.433064,1,64,0.015625,1,0.7393356573213863,-0.3878247195616528
213,MeerKAT:array_1:20250708T085539Z,Gaia_2978991794704183424,34,860.0097776800394,-0.02017610064910066,20.41188,3,64,0.046875,1,4.682541670126783,-18.13980172996399
15069,MeerKAT:array_1:20240319T020710Z,Gaia_2530940462786470656,49,1562.039005562663,-0.005044025162275165,20.140266,1,64,0.015625,1,0.7577030230840216,-0.5755156261173519
482,MeerKAT:array_1:20250727T171701Z,Gaia_6440696333897680640,28,863.9909258782864,-0.035308176135926156,20.065912,2,62,0.03225806451612903,1,19.634075757569132,-63.81471396984973
501,MeerKAT:array_1:20250730T235713Z,Gaia_4669683714901017216,52,863.9564847201109,-0.0857484277586778,20.042908,3,64,0.046875,1,4.124901104607179,-66.07362089590109
477,MeerKAT:array_1:20250727T171701Z,Gaia_6441452591738787072,3,863.9909258782864,-0.035308176135926156,19.950006,2,62,0.03225806451612903,1,19.619179211893577,-63.66849638242992
888,MeerKAT:array_1:20250715T232237Z,Gaia_6440693138442023936,18,872.0095548778772,0.015132075486825495,19.924276,1,63,0.015873015873015872,2,19.61874868558188,-63.958496571759156
1960,MeerKAT:array_1:20250701T095804Z,Gaia_4669684122921763584,1,915.9796317219734,-0.06052830194730198,19.921244,1,64,0.015625,1,4.123567914910958,-66.04452364149171
14879,MeerKAT:array_1:20240319T020710Z,Gaia_2543026054080860416,29,1288.9803850352764,-0.09583647808322814,19.895292,4,64,0.0625,1,0.7251322501176422,-0.14034722709361452
556,MeerKAT:array_1:20250731T141132Z,Gaia_5931543526018044544,36,863.9566840231419,0.035308176135926156,19.894245,1,64,0.015625,1,16.24077805546326,-56.23046521058427
14897,MeerKAT:array_1:20240319T020710Z,Gaia_2530997225074268544,53,1525.0331219136715,-0.03026415097365099,19.882795,2,64,0.03125,1,0.7639154324518892,-0.3922466246226695
150,MeerKAT:array_1:20250706T014240Z,Gaia_6440695023932021632,59,863.9567525833845,-0.03026415097365099,19.85811,4,64,0.0625,1,19.634224909586116,-63.90462129388246
559,MeerKAT:array_1:20250731T144023Z,Gaia_1468200283416012160,30,863.9567318558693,0.07061635227185231,19.825853,2,64,0.03125,1,13.499973008061355,30.401224308452417
6678,MeerKAT:array_1:20250709T224008Z,Gaia_6441067487791042048,45,960.0000349730253,-0.19167295616645627,19.63844,3,64,0.046875,1,19.690574612077228,-63.644972320459345
2264,MeerKAT:array_1:20250719T103545Z,Gaia_4669698042911946112,14,920.0908642113209,-0.02017610064910066,19.636244,4,64,0.0625,1,4.105147728387502,-65.94326904581334
14888,MeerKAT:array_1:20240319T020710Z,Gaia_2543037354139398912,26,1525.08579531312,-0.02017610064910066,19.555344,1,64,0.015625,1,0.7354096646074186,0.04012672298767867
3272,MeerKAT:array_1:20250715T232237Z,Gaia_6441426164804157184,42,924.9922837913036,0.1714968555173556,19.52822,2,63,0.031746031746031744,1,19.602457395037728,-63.785916891662275
392,MeerKAT:array_1:20250718T162015Z,Gaia_5938841392611873024,26,863.9908923953772,0.035308176135926156,19.413887,2,64,0.03125,1,17.01664384455779,-48.83557104579728
621,MeerKAT:array_1:20250701T095804Z,Gaia_4669713539154051968,49,875.0176498740911,0.005044025162275165,19.381248,2,64,0.03125,1,4.141713242289284,-65.72886604085323
540,MeerKAT:array_1:20250731T130553Z,Gaia_5422755721446663296,41,863.9644488692284,0.015132075486825495,19.299715,3,64,0.046875,2,9.356339502852032,-45.853495787514824
640,MeerKAT:array_1:20250701T133303Z,ex_LEDA_310253,19,874.998335018754,-0.14123270454370462,19.293049,3,64,0.046875,1,4.087444466666667,-65.780833
167,MeerKAT:array_1:20250706T120334Z,Gaia_3394255140123626496,32,863.9996601343155,0.04539622646047649,19.284834,2,64,0.03125,1,5.351768638705826,16.865355333670287
180,MeerKAT:array_1:20250706T171757Z,Gaia_6441081162966921088,3,863.9904650896788,-0.015132075486825495,19.27681,4,64,0.0625,4,19.680021087197684,-63.54123171301072
174,MeerKAT:array_1:20250706T120334Z,Gaia_3394165598645252864,52,863.9996617287397,0.035308176135926156,19.201815,1,64,0.015625,1,5.34474799978338,16.91230626841586
14883,MeerKAT:array_1:20240319T020710Z,Gaia_2543020865760350464,11,1364.1800047755241,0.06052830194730198,19.148735,2,64,0.03125,1,0.7261650565901477,-0.2852434678886343
78,MeerKAT:array_1:20250701T133303Z,ex_LEDA_310383,31,863.9917135238647,0.06052830194730198,19.140347,3,64,0.046875,1,4.144116333333334,-65.76642700000001
3271,MeerKAT:array_1:20250715T232237Z,Gaia_6440700903742898432,26,924.9922853857279,0.16645283035508046,19.138773,2,63,0.031746031746031744,2,19.624629354364806,-63.71847338176609
642,MeerKAT:array_1:20250701T133303Z,Gaia_4669720445461503488,56,874.998335018754,-0.14123270454370462,19.123583,3,64,0.046875,1,4.158255608090522,-65.67861716041467
810,MeerKAT:array_1:20250711T100558Z,Gaia_3394241086990952320,27,872.009398624301,-0.035308176135926156,19.068575,2,64,0.03125,1,5.361180545654102,16.763671253662626
811,MeerKAT:array_1:20250711T100558Z,Gaia_3394164877090745216,36,872.0094002187252,-0.04035220129820132,19.04541,1,64,0.015625,1,5.346794493179766,16.910087757604263
171,MeerKAT:array_1:20250706T120334Z,Gaia_3394111928734223104,40,863.9996601343155,0.04539622646047649,18.853947,2,64,0.03125,1,5.332348367694632,16.41501234689431
184,MeerKAT:array_1:20250706T171757Z,Gaia_6440687812682497280,52,863.9904650896788,-0.015132075486825495,18.805666,4,64,0.0625,4,19.674405613792484,-63.80298707367654
212,MeerKAT:array_1:20250708T085539Z,Gaia_2978691559310142976,11,860.0097776800394,-0.02017610064910066,18.781088,3,64,0.046875,1,4.676406632850507,-18.643014117827857
69,MeerKAT:array_1:20250701T095804Z,Gaia_4669700826050753024,63,862.0096927136183,-0.005044025162275165,18.775171,1,64,0.015625,1,4.093689278198568,-65.91981091210215
391,MeerKAT:array_1:20250718T162015Z,Gaia_5938677947691308032,6,863.9908923953772,0.035308176135926156,18.77124,2,64,0.03125,1,17.064802874227343,-48.58853871692324
641,MeerKAT:array_1:20250701T133303Z,Gaia_4669721922930270208,45,874.998335018754,-0.14123270454370462,18.73706,3,64,0.046875,1,4.14538356482789,-65.59187105035373
799,MeerKAT:array_1:20250710T164056Z,Gaia_6440695023932021632,19,874.9983493685722,0.19671698132873144,18.71262,1,64,0.015625,1,19.634224909586116,-63.90462129388246
146,MeerKAT:array_1:20250706T014240Z,Gaia_6440701212980532608,24,863.9567525833845,-0.03026415097365099,18.707561,4,64,0.0625,1,19.635963942529234,-63.6919497533424
149,MeerKAT:array_1:20250706T014240Z,Gaia_6441063433341914496,55,863.9567525833845,-0.03026415097365099,18.70077,4,64,0.0625,1,19.68619496232213,-63.76006651709582
185,MeerKAT:array_1:20250706T171757Z,Gaia_6441836905412200192,62,863.9904650896788,-0.015132075486825495,18.635422,4,64,0.0625,4,19.677111399161134,-63.37105897154715
258,MeerKAT:array_1:20250709T224008Z,Gaia_6440679188388193280,59,863.9572548270226,-0.08070440259640264,18.535597,1,64,0.015625,1,19.650323328347934,-63.97550213576759
182,MeerKAT:array_1:20250706T171757Z,Gaia_6440630672437607680,23,863.9904650896788,-0.015132075486825495,18.523464,4,64,0.0625,4,19.6513555101635,-64.07734606483893
538,MeerKAT:array_1:20250731T130553Z,Gaia_5423507512522105344,24,863.9644488692284,0.015132075486825495,18.489365,3,64,0.046875,2,9.344535743250953,-45.76310166444554
14901,MeerKAT:array_1:20240319T020710Z,Gaia_2531007910952850560,60,1525.1078669279814,-0.005044025162275165,18.450968,2,64,0.03125,1,0.7429205526301578,-0.33685624636780465
610,MeerKAT:array_1:20250701T095804Z,Gaia_4669713912815018752,5,871.9806081056595,-0.04539622646047649,18.445005,3,64,0.046875,1,4.165815723271222,-65.85941242810505
14880,MeerKAT:array_1:20240319T020710Z,Gaia_2530999625960439808,35,1288.9803850352764,-0.09583647808322814,18.433937,4,64,0.0625,1,0.7686932544052767,-0.3089535554304851
809,MeerKAT:array_1:20250711T100558Z,Gaia_3394140206798789760,4,872.009398624301,-0.035308176135926156,18.428663,2,64,0.03125,1,5.359336402800597,16.542699565276624
3063,MeerKAT:array_1:20250711T173016Z,Gaia_5938674614796585472,27,924.990407153964,0.19167295616645627,18.414806,1,64,0.015625,2,17.069951615101587,-48.64759846840379
868,MeerKAT:array_1:20250714T053348Z,Gaia_4669698386509344000,25,872.4540899246931,0.01008805032455033,18.392,2,62,0.03225806451612903,2,4.097910474069144,-65.90062284566974
934,MeerKAT:array_1:20250720T063432Z,Gaia_5083296001876511744,51,872.0005463808775,0.005044025162275165,18.34659,2,64,0.03125,1,3.9865820174316817,-24.042871191242792
2164,MeerKAT:array_1:20250711T071356Z,Gaia_4669778616498571776,14,921.7920861840248,0.005044025162275165,18.287989,1,64,0.015625,1,4.100985680777852,-65.48677483279876
669,MeerKAT:array_1:20250704T121254Z,Gaia_4669698386509344000,54,874.9937669932842,-0.1160125787323288,18.240616,2,64,0.03125,1,4.097910474069144,-65.90062284566974
14894,MeerKAT:array_1:20240319T020710Z,Gaia_2531010586717352576,38,1525.1078669279814,-0.005044025162275165,18.17839,2,64,0.03125,1,0.7364797018395393,-0.2923174094215459
15093,MeerKAT:array_1:20240319T020710Z,Gaia_2530985233525500544,14,1686.837437480688,-0.005044025162275165,18.172318,4,64,0.0625,1,0.7235069224525283,-0.4101373383961824
209,MeerKAT:array_1:20250708T083640Z,Gaia_4669705705133623552,48,863.9986699968576,0.02017610064910066,18.086565,3,64,0.046875,1,4.155592957583869,-65.99371965242827
632,MeerKAT:array_1:20250701T095804Z,Gaia_4669720067504380288,32,879.9420323520899,-0.15132075486825497,18.054125,2,64,0.03125,1,4.149975830371698,-65.64818931556401
74,MeerKAT:array_1:20250701T095804Z,Gaia_4669731062620671616,6,867.9685822874308,-0.10592452840777847,17.945084,1,64,0.015625,1,4.112367794040065,-65.55399840996427
99,MeerKAT:array_1:20250702T203437Z,Gaia_6440709493677449344,45,864.0019018948078,-0.1462767297059798,17.768885,4,63,0.06349206349206349,1,19.66023086568958,-63.53800364012371
96,MeerKAT:array_1:20250702T203437Z,Gaia_6440683689513934464,31,864.0019018948078,-0.1462767297059798,17.747114,4,63,0.06349206349206349,1,19.646909253418205,-63.875229648391695
253,MeerKAT:array_1:20250709T224008Z,Gaia_6440700903742898432,20,863.9669058769941,-0.035308176135926156,17.70924,2,64,0.03125,2,19.624629354364806,-63.71847338176609
82,MeerKAT:array_1:20250701T185513Z,ex_3C_286,19,863.9913212954998,-0.06052830194730198,17.709011,4,64,0.0625,1,13.518969000000002,30.509156
670,MeerKAT:array_1:20250704T121254Z,Gaia_4669730306706410880,56,874.9937669932842,-0.1160125787323288,17.69804,2,64,0.03125,1,4.113787001810862,-65.57197560265381
500,MeerKAT:array_1:20250730T235713Z,Gaia_4668958827500877440,50,863.9564847201109,-0.0857484277586778,17.65214,3,64,0.046875,1,4.186058031446229,-65.98619807195168
14877,MeerKAT:array_1:20240319T020710Z,Gaia_2543022442012637952,25,1288.9803850352764,-0.09583647808322814,17.633284,4,64,0.0625,1,0.7232105077027494,-0.204113057160907
14838,MeerKAT:array_1:20240319T020710Z,Gaia_2530979151851814144,3,1273.7320051044226,-0.005044025162275165,17.625536,3,64,0.046875,1,0.7280532610396407,-0.5704520443748631
6675,MeerKAT:array_1:20250709T224008Z,Gaia_6440677607840221568,28,960.0000349730253,-0.19167295616645627,17.617744,3,64,0.046875,1,19.650271761522138,-64.06003757863873
245,MeerKAT:array_1:20250709T043236Z,Gaia_4669712783239780224,57,863.9666061252356,-0.005044025162275165,17.571749,2,64,0.03125,2,4.137784419356912,-65.82012245067386
791,MeerKAT:array_1:20250710T140151Z,Gaia_5240445011285399936,53,879.9917831718922,0.07061635227185231,17.496365,2,62,0.03225806451612903,1,11.027739534803791,-64.16316691712164
94,MeerKAT:array_1:20250702T203437Z,Gaia_6441475887641404672,11,863.9580217450857,-0.0857484277586778,17.488667,4,63,0.06349206349206349,1,19.627952806854807,-63.40563990923423
2258,MeerKAT:array_1:20250718T225142Z,Gaia_6441456886706080896,54,919.7943937778473,-0.03026415097365099,17.317444,4,64,0.0625,1,19.627596580736565,-63.51683161564565
15058,MeerKAT:array_1:20240319T020710Z,Gaia_2531011376990672256,8,1562.086006000638,-0.005044025162275165,17.24717,4,64,0.0625,1,0.7286175656815567,-0.2861088353098092
444,MeerKAT:array_1:20250720T073007Z,Gaia_5083283258710214400,19,863.964517429471,0.03026415097365099,17.21305,2,64,0.03125,1,3.976357210425332,-24.291783101022833
2256,MeerKAT:array_1:20250718T225142Z,Gaia_6440682761800997888,13,919.7943937778473,-0.03026415097365099,17.206123,4,64,0.0625,1,19.64571518238437,-63.913697432397264
3538,MeerKAT:array_1:20250731T120456Z,Gaia_5423607980388368896,30,924.9917129874229,-0.10088050324550331,17.183296,2,64,0.03125,1,9.357783853266904,-45.47326680192691
93,MeerKAT:array_1:20250702T203437Z,Gaia_6441449739880510080,10,864.0019018948078,-0.1462767297059798,17.155453,4,63,0.06349206349206349,1,19.610568979813607,-63.760778267160724
123,MeerKAT:array_1:20250705T155654Z,Gaia_6441465820238323712,33,863.9907409250736,-0.005044025162275165,17.089382,1,64,0.015625,1,19.64538252885469,-63.37272249022312
92,MeerKAT:array_1:20250702T203437Z,Gaia_6441084392782329344,3,864.0019018948078,-0.1462767297059798,17.085962,4,63,0.06349206349206349,1,19.67669485894518,-63.51229140113957
208,MeerKAT:array_1:20250708T083640Z,Gaia_4669810914652429184,36,863.9986699968576,0.02017610064910066,17.068136,3,64,0.046875,1,4.179064579611352,-65.65418444934018
650,MeerKAT:array_1:20250703T155221Z,Gaia_6440688018840917632,25,874.9924085438251,0.04035220129820132,17.044706,2,64,0.03125,1,19.68312722841508,-63.78754359473947
377,MeerKAT:array_1:20250715T163334Z,Gaia_6760426962300860544,29,863.9678306430578,-0.04539622646047649,17.03987,3,64,0.046875,1,18.911097225217087,-30.559633339163163
90,MeerKAT:array_1:20250702T203437Z,J1939-6342,0,863.9910311102867,-0.04035220129820132,17.02228,2,63,0.031746031746031744,1,19.65695277777778,-63.71266666666667
138,MeerKAT:array_1:20250705T204042Z,Gaia_6440695642407425792,31,863.9669138491154,-0.02017610064910066,17.001905,4,64,0.0625,2,19.63993895294827,-63.848953667518664
498,MeerKAT:array_1:20250730T235713Z,Gaia_4669776280036326272,22,863.9564847201109,-0.0857484277586778,16.983189,3,64,0.046875,1,4.0913018046202625,-65.60364379504367
14898,MeerKAT:array_1:20240319T020710Z,Gaia_2530997225074268544,53,1525.073156312108,-0.015132075486825495,16.872423,1,64,0.015625,1,0.7639154324518892,-0.3922466246226695
413,MeerKAT:array_1:20250719T103545Z,Gaia_4669702406598752640,50,864.0189367234707,-0.0857484277586778,16.864248,2,64,0.03125,1,4.086659521575402,-65.84501600372867
3537,MeerKAT:array_1:20250731T120456Z,J0922-4534,0,924.9917129874229,-0.10088050324550331,16.768915,2,64,0.03125,1,9.371263888888889,-45.57805555555556
2121,MeerKAT:array_1:20250708T105617Z,Gaia_3394138798049565568,23,919.9847807884216,0.02017610064910066,16.766106,1,63,0.015873015873015872,1,5.339913781560568,16.55637179740931
651,MeerKAT:array_1:20250703T155221Z,Gaia_6440687812682497280,29,874.9924085438251,0.04035220129820132,16.758081,2,64,0.03125,1,19.674405613792484,-63.80298707367654
15096,MeerKAT:array_1:20240319T020710Z,Gaia_2531007910952850560,60,1686.837437480688,-0.005044025162275165,16.756596,4,64,0.0625,1,0.7429205526301578,-0.33685624636780465
534,MeerKAT:array_1:20250731T130553Z,Gaia_5422834783204205824,58,857.7940222471952,-0.01008805032455033,16.733921,1,64,0.015625,1,9.38250458686962,-45.8742979311554
2255,MeerKAT:array_1:20250718T225142Z,Gaia_6440696196458731264,10,919.7943937778473,-0.03026415097365099,16.72824,4,64,0.0625,1,19.62863546499827,-63.850211743288064
35,MeerKAT:array_1:20250701T085314Z,Gaia_4668955288447797760,58,858.4304717630148,-0.04035220129820132,16.725311,1,64,0.015625,1,4.174426335117182,-66.03219708700108
132,MeerKAT:array_1:20250705T204042Z,J1939-6342,0,863.9571511894464,-0.02017610064910066,16.709103,1,64,0.015625,1,19.65695277777778,-63.71266666666667
4292,MeerKAT:array_1:20250701T085314Z,Gaia_4669724121953438976,56,960.0066645890474,-0.04539622646047649,16.708212,1,64,0.015625,1,4.109035622269912,-65.77989952791172
137,MeerKAT:array_1:20250705T204042Z,Gaia_6440689324511005184,30,863.9669138491154,-0.02017610064910066,16.546646,4,64,0.0625,2,19.660242741836186,-63.81507336955153
3098,MeerKAT:array_1:20250712T092209Z,Gaia_4668955872563377280,4,924.0567681193352,-0.04035220129820132,16.51611,3,64,0.046875,1,4.182342771048197,-65.99473666287432
15085,MeerKAT:array_1:20240319T020710Z,Gaia_2530996915836605824,15,1675.2203380465508,-0.035308176135926156,16.503437,1,64,0.015625,1,0.7610685416053699,-0.40387067884089684
834,MeerKAT:array_1:20250712T092209Z,ex_LEDA_312357,62,875.0434636026621,-0.15132075486825497,16.484537,1,64,0.015625,1,4.11525,-65.545556
379,MeerKAT:array_1:20250715T163334Z,Gaia_6761206172446970112,36,863.9678306430578,-0.04539622646047649,16.47459,3,64,0.046875,1,18.912160079987817,-30.262002990581355
4695,MeerKAT:array_1:20250702T203437Z,Gaia_6441459601125402880,58,960.0050366818905,-0.025220125811375827,16.444433,1,63,0.015873015873015872,1,19.63640335291089,-63.53149104197103
2285,MeerKAT:array_1:20250719T204244Z,Gaia_6440692416887439104,53,919.7941402643919,-0.035308176135926156,16.41522,2,64,0.03125,1,19.678575708339753,-63.68913992201736
136,MeerKAT:array_1:20250705T204042Z,Gaia_6440709665476154496,29,863.9669138491154,-0.02017610064910066,16.398205,4,64,0.0625,2,19.652737869316162,-63.54671521219836
53,MeerKAT:array_1:20250701T085314Z,Gaia_4669697321357440896,44,867.7027343660593,0.035308176135926156,16.393597,3,64,0.046875,1,4.107420880784835,-65.94111724977175
15094,MeerKAT:array_1:20240319T020710Z,Gaia_2530970149600386304,22,1686.837437480688,-0.005044025162275165,16.382233,4,64,0.0625,1,0.7376351895815338,-0.4675196204226045
4273,MeerKAT:array_1:20250701T085314Z,Gaia_4669698420869082752,31,960.0066629946232,-0.02017610064910066,16.37828,1,64,0.015625,1,4.09912738768747,-65.89404076464943
714,MeerKAT:array_1:20250707T231708Z,Gaia_6441068174985814016,31,872.00973983109,-0.01008805032455033,16.341354,1,64,0.015625,1,19.68412055588914,-63.62173691357908
254,MeerKAT:array_1:20250709T224008Z,Gaia_6440633249417956224,21,863.9669058769941,-0.035308176135926156,16.281616,2,64,0.03125,2,19.67426989775104,-64.0640345535422
4694,MeerKAT:array_1:20250702T203437Z,Gaia_6441464853868863488,50,960.005039870739,-0.015132075486825495,16.281115,1,63,0.015873015873015872,1,19.652285124068747,-63.40371139134386
396,MeerKAT:array_1:20250718T225142Z,Gaia_6440682761800997888,13,863.9568402767181,-0.035308176135926156,16.2765,2,64,0.03125,1,19.64571518238437,-63.913697432397264
52,MeerKAT:array_1:20250701T085314Z,Gaia_4669698042911946112,43,867.7027343660593,0.035308176135926156,16.195045,3,64,0.046875,1,4.105147728387502,-65.94326904581334
1943,MeerKAT:array_1:20250701T085314Z,Gaia_4669719994488866048,39,919.1671871393919,0.035308176135926156,16.153313,1,64,0.015625,1,4.146369005452814,-65.6688905292092
452,MeerKAT:array_1:20250720T073007Z,Gaia_5083372937627408768,40,863.964517429471,0.03026415097365099,16.004944,2,64,0.03125,1,4.003663495945535,-24.138633583422255
84,MeerKAT:array_1:20250701T185513Z,Gaia_1468190525250317312,27,863.9835723936558,0.03026415097365099,15.989779,1,64,0.015625,1,13.51162478016634,30.445685715345896
2703,MeerKAT:array_1:20250706T171757Z,Gaia_6440706676178910208,53,924.9968837052584,0.10592452840777847,15.925751,2,64,0.03125,1,19.651640465393005,-63.645022374521126
383,MeerKAT:array_1:20250715T163334Z,Gaia_6760451353389781888,63,863.9678306430578,-0.04539622646047649,15.906654,3,64,0.046875,1,18.935316407426715,-30.342170551233274
91,MeerKAT:array_1:20250702T203437Z,Gaia_6441014711232887936,1,863.9580217450857,-0.0857484277586778,15.854599,4,63,0.06349206349206349,1,19.702747058650274,-63.83637390141657
100,MeerKAT:array_1:20250702T203437Z,Gaia_6441455782899016448,55,863.9580217450857,-0.0857484277586778,15.798436,4,63,0.06349206349206349,1,19.6107637246379,-63.55988771361879
394,MeerKAT:array_1:20250718T225142Z,Gaia_6441475887641404672,8,863.9568402767181,-0.035308176135926156,15.76662,2,64,0.03125,1,19.627952806854807,-63.40563990923423
54,MeerKAT:array_1:20250701T085314Z,Gaia_4669829915587758720,50,867.7027343660593,0.035308176135926156,15.745938,3,64,0.046875,1,4.1440081251297345,-65.39631822133349
97,MeerKAT:array_1:20250702T203437Z,Gaia_6440688980913616256,44,863.9580217450857,-0.0857484277586778,15.7337475,4,63,0.06349206349206349,1,19.661735302801535,-63.85416868387933
133,MeerKAT:array_1:20250705T204042Z,Gaia_6441460352743041920,11,863.9669138491154,-0.015132075486825495,15.719147,4,64,0.0625,2,19.650523949995286,-63.52076356013244
197,MeerKAT:array_1:20250707T231708Z,Gaia_6441068101970626176,40,863.9984882324934,-0.04035220129820132,15.716593,3,64,0.046875,1,19.67853894165212,-63.63821706071382
239,MeerKAT:array_1:20250709T043236Z,ex_LEDA_309722,4,863.9666061252356,-0.005044025162275165,15.682911,2,64,0.03125,2,4.169333333333333,-65.839444
429,MeerKAT:array_1:20250719T204244Z,Gaia_6441081678363045120,42,863.9904714673758,-0.05548427678502682,15.635247,1,64,0.015625,4,19.688694300308548,-63.505556029460834
551,MeerKAT:array_1:20250731T134912Z,Gaia_5983575955211130496,20,863.9566441625357,0.02017610064910066,15.581635,1,64,0.015625,1,16.097717081552485,-48.45786200982474
2702,MeerKAT:array_1:20250706T171757Z,Gaia_6440636509297697536,40,924.9968837052584,0.10592452840777847,15.53405,2,64,0.03125,1,19.673852694304234,-64.00570403441749
1963,MeerKAT:array_1:20250701T095804Z,Gaia_4669716459731837184,3,916.7668244838715,-0.1614088051928053,15.524352,1,64,0.015625,1,4.172792520781388,-65.73560503005208
457,MeerKAT:array_1:20250720T090501Z,Gaia_3394164911450495232,6,863.957328170538,0.09583647808322814,15.489594,2,62,0.03225806451612903,2,5.341147435130476,16.84950645194272
2511,MeerKAT:array_1:20250701T095804Z,Gaia_4669730306706410880,11,923.1665914952755,-0.15132075486825497,15.480228,4,64,0.0625,1,4.113787001810862,-65.57197560265381
4289,MeerKAT:array_1:20250701T085314Z,Gaia_4669829915587758720,50,960.0066645890474,-0.03026415097365099,15.442879,2,64,0.03125,1,4.1440081251297345,-65.39631822133349
2215,MeerKAT:array_1:20250713T100933Z,Gaia_3394258782255890816,23,919.7910279482603,0.08070440259640264,15.428148,1,64,0.015625,1,5.349595832170492,16.928414390512252
687,MeerKAT:array_1:20250706T014240Z,Gaia_6440694444112084992,29,872.0094352960587,0.01008805032455033,15.422493,1,64,0.015625,1,19.61896344699071,-63.87285366632143
168,MeerKAT:array_1:20250706T120334Z,Gaia_3394131410705837184,33,863.9839566498995,-0.02017610064910066,15.29312,2,64,0.03125,1,5.347713618641012,16.38770730840194
312,MeerKAT:array_1:20250712T092209Z,Gaia_4668958861860615552,61,863.9975124448538,-0.025220125811375827,15.277915,3,64,0.046875,1,4.185207056318481,-65.96423227153983
198,MeerKAT:array_1:20250707T231708Z,Gaia_6441450323996056832,54,863.9984882324934,-0.04035220129820132,15.269274,3,64,0.046875,1,19.616484421507735,-63.70856694861201
3100,MeerKAT:array_1:20250712T092209Z,Gaia_4669719895705672448,34,924.0567665249109,-0.03026415097365099,15.227208,2,64,0.03125,1,4.146941409302808,-65.68543763760889
561,MeerKAT:array_1:20250731T144023Z,Gaia_1456207493478470400,47,863.964536562562,0.015132075486825495,15.219332,1,64,0.015625,1,13.538445768216429,30.486251934185937
731,MeerKAT:array_1:20250708T085539Z,Gaia_2978888612409926784,43,872.2201862931252,-0.19671698132873144,15.175521,1,64,0.015625,1,4.667929257784091,-18.344630832204633
1936,MeerKAT:array_1:20250701T085314Z,Gaia_4669832630007089024,35,917.5672445893288,0.03026415097365099,15.156735,3,64,0.046875,1,4.135668494193676,-65.39577576137432
544,MeerKAT:array_1:20250731T130553Z,Gaia_5422854746212312960,62,863.99983073771,0.08070440259640264,15.142886,3,64,0.046875,1,9.38253965171404,-45.64108004731115
949,MeerKAT:array_1:20250720T114301Z,Gaia_4669681618956995840,63,872.0084770470858,-0.08070440259640264,15.091285,3,64,0.046875,1,4.149039688797867,-66.06334494346554
2904,MeerKAT:array_1:20250709T163303Z,Gaia_6440705851545164288,50,924.9922646582127,0.12105660389460396,14.980123,2,64,0.03125,1,19.668036850756966,-63.57192522668653
14849,MeerKAT:array_1:20240319T020710Z,Gaia_2543022442012637952,25,1273.7320051044226,-0.005044025162275165,14.948156,3,64,0.046875,1,0.7232105077027494,-0.204113057160907
790,MeerKAT:array_1:20250710T140151Z,Gaia_5240431026871511552,51,879.9917831718922,0.06557232710957715,14.938098,2,62,0.03225806451612903,1,11.037795334810895,-64.53595289935846
535,MeerKAT:array_1:20250731T130553Z,Gaia_5423616737828817792,2,863.99983073771,0.08070440259640264,14.93276,3,64,0.046875,1,9.368669994849434,-45.29943015725284
3617,MeerKAT:array_1:20250731T141132Z,Gaia_5931561358733521280,11,924.9955268502235,-0.035308176135926156,14.894794,4,64,0.0625,1,16.28705727627544,-56.03051913180813
542,MeerKAT:array_1:20250731T130553Z,Gaia_5422849935848801536,46,863.99983073771,0.08070440259640264,14.890083,3,64,0.046875,1,9.358488023402463,-45.78192511341837
356,MeerKAT:array_1:20250713T220240Z,Gaia_6440699391914411904,17,863.9839136004448,0.035308176135926156,14.8418455,2,64,0.03125,1,19.621516686744055,-63.742577158127624
459,MeerKAT:array_1:20250720T090501Z,Gaia_3394060045529278336,12,863.957328170538,0.09079245292095298,14.718956,2,62,0.03225806451612903,2,5.345648209726095,16.288631246152665
821,MeerKAT:array_1:20250712T060917Z,Gaia_4669683714901017216,63,872.454011797905,0.07061635227185231,14.689437,1,64,0.015625,1,4.124901104607179,-66.07362089590109
876,MeerKAT:array_1:20250715T163334Z,Gaia_6760463001342309632,52,872.0085695236921,0.04539622646047649,14.676545,3,64,0.046875,1,18.927714582630898,-30.178494038386287
16,MeerKAT:array_1:20250701T055458Z,ex_LEDA_1130956,39,863.9570762515068,-0.005044025162275165,14.669685,2,64,0.03125,2,0.36936193333333334,-0.936983
875,MeerKAT:array_1:20250715T163334Z,M54,0,872.0085695236921,0.04539622646047649,14.624628,3,64,0.046875,1,18.917591666666663,-30.47986111111111
946,MeerKAT:array_1:20250720T114301Z,Gaia_4669705705133623552,37,872.0084770470858,-0.08070440259640264,14.597299,3,64,0.046875,1,4.155592957583869,-65.99371965242827
3619,MeerKAT:array_1:20250731T141132Z,Gaia_5931554624214818560,23,924.9955268502235,-0.035308176135926156,14.556785,4,64,0.0625,1,16.23745595989194,-56.05886392113
4279,MeerKAT:array_1:20250701T085314Z,Gaia_4669718693114807808,37,960.0066645890474,-0.035308176135926156,14.486161,2,64,0.03125,1,4.150674010519596,-65.72275782362854
75,MeerKAT:array_1:20250701T095804Z,Gaia_4669699348582040576,16,867.968590259552,-0.15636478003053011,14.461156,1,64,0.015625,1,4.111172790836376,-65.87984362181173
243,MeerKAT:array_1:20250709T043236Z,Gaia_4669721854210793600,46,863.9990717917681,-0.015132075486825495,14.459686,4,64,0.0625,1,4.147063407797924,-65.596400813655
867,MeerKAT:array_1:20250714T053348Z,Gaia_4669703849707801344,11,872.4540899246931,0.01008805032455033,14.445892,2,62,0.03225806451612903,2,4.102027145557674,-65.76608377829065
189,MeerKAT:array_1:20250707T160254Z,Gaia_6441081678363045120,52,863.9906101822853,0.015132075486825495,14.430539,1,64,0.015625,1,19.688694300308548,-63.505556029460834
1000,MeerKAT:array_1:20250731T124411Z,J1436-6405,0,875.9854988753796,0.07566037743412748,14.419717,1,64,0.015625,1,14.61061388888889,-64.10708333333334
3620,MeerKAT:array_1:20250731T141132Z,Gaia_5931603861722615040,40,924.9955268502235,-0.035308176135926156,14.389734,4,64,0.0625,1,16.230739334313828,-55.919450287529706
15087,MeerKAT:array_1:20240319T020710Z,Gaia_2530991452638205184,43,1675.220339640975,-0.04035220129820132,14.368649,1,64,0.015625,1,0.7506526471438891,-0.4547490214838105
451,MeerKAT:array_1:20250720T073007Z,Gaia_5083217700329471104,36,863.9787667989731,0.025220125811375827,14.360984,2,64,0.03125,1,3.995015004031664,-24.517335582856745
62,MeerKAT:array_1:20250701T095804Z,Gaia_4669815106540510848,28,859.9688791036606,-0.14123270454370462,14.360034,1,64,0.015625,1,4.16380532445806,-65.55678540542186
1011,MeerKAT:array_1:20250731T130553Z,Gaia_5423608564512656768,47,879.9854899793863,0.06557232710957715,14.345856,1,64,0.015625,1,9.348373086581809,-45.498746075912116
367,MeerKAT:array_1:20250714T051258Z,Gaia_4669734223716620800,50,863.9660528600216,-0.005044025162275165,14.285053,3,64,0.046875,1,4.148142709010845,-65.53407634576944
15095,MeerKAT:array_1:20240319T020710Z,Gaia_2543023202222577280,45,1686.837437480688,-0.005044025162275165,14.267296,4,64,0.0625,1,0.7340080180841233,-0.1887641302708684
200,MeerKAT:array_1:20250708T083640Z,Gaia_4669718590035592320,10,856.2165690511465,-0.015132075486825495,14.236292,1,64,0.015625,1,4.145714685577417,-65.7505184247624
502,MeerKAT:array_1:20250730T235713Z,Gaia_4669717146926603904,63,863.9904778450727,-0.035308176135926156,14.232834,2,64,0.03125,1,4.165769995642935,-65.72588032717957
2515,MeerKAT:array_1:20250701T095804Z,Gaia_4669714191989054848,57,923.9665635675192,-0.1614088051928053,14.21103,1,64,0.015625,1,4.161193168234339,-65.8407822315043
2270,MeerKAT:array_1:20250719T103545Z,Gaia_4669696840321087872,34,920.0908642113209,-0.02017610064910066,14.20607,4,64,0.0625,1,4.111816986933466,-65.99525578631238
4690,MeerKAT:array_1:20250702T203437Z,Gaia_6440693413319921408,23,960.0015624314547,0.02017610064910066,14.2016535,1,63,0.015873015873015872,1,19.62743351175796,-63.94297695034336
461,MeerKAT:array_1:20250720T090501Z,Gaia_3394082001402027264,43,863.9573297649622,0.0857484277586778,14.199567,1,62,0.016129032258064516,2,5.361195963201889,16.369911792804913
877,MeerKAT:array_1:20250715T163334Z,Gaia_6760424277919171840,57,872.0085695236921,0.04539622646047649,14.196576,3,64,0.046875,1,18.91901480136292,-30.58919231418056
3618,MeerKAT:array_1:20250731T141132Z,Gaia_5931601525260286848,12,924.9955268502235,-0.035308176135926156,14.163739,4,64,0.0625,1,16.23113193614946,-56.023370886955995
152,MeerKAT:array_1:20250706T055242Z,Gaia_4669728309545548800,27,863.9666778743267,-0.005044025162275165,14.147421,1,64,0.015625,1,4.101071313012646,-65.70311296485484
15070,MeerKAT:array_1:20240319T020710Z,Gaia_2530969943441957248,57,1562.086006000638,-0.005044025162275165,14.102983,4,64,0.0625,1,0.7365414659458664,-0.4968968232228151
448,MeerKAT:array_1:20250720T073007Z,Gaia_5084051886057739776,28,863.9787667989731,0.025220125811375827,14.098492,2,64,0.03125,1,3.970846222268683,-23.940177453406086
26,MeerKAT:array_1:20250701T083536Z,ex_LEDA_1163740,52,863.9999343752861,0.09583647808322814,14.072098,3,64,0.046875,1,0.9740464000000002,0.351764
2583,MeerKAT:array_1:20250704T110253Z,Gaia_4669810914652429184,10,924.9939148873091,-0.1462767297059798,14.064354,2,64,0.03125,1,4.179064579611352,-65.65418444934018
363,MeerKAT:array_1:20250714T051258Z,Gaia_4669723228600242432,3,863.9660528600216,-0.005044025162275165,14.043417,3,64,0.046875,1,4.126035822284703,-65.81739721703099
3616,MeerKAT:array_1:20250731T141132Z,Gaia_5931528613889743616,8,924.9955252557993,-0.025220125811375827,14.042304,2,64,0.03125,1,16.247559189064024,-56.39838987544978
63,MeerKAT:array_1:20250701T095804Z,Gaia_4669700894770229632,29,859.9688775092363,-0.13618867938142945,14.040981,1,64,0.015625,1,4.093324312239798,-65.91951121359244
14892,MeerKAT:array_1:20240319T020710Z,Gaia_2543029352615742080,36,1525.1187074184418,-0.02017610064910066,14.036471,1,64,0.015625,1,0.7283424581571786,-0.028808596750400838
240,MeerKAT:array_1:20250709T043236Z,Gaia_4669697939832730880,9,863.9990717917681,-0.015132075486825495,13.948785,4,64,0.0625,1,4.10396453661856,-65.9507675320825
2902,MeerKAT:array_1:20250709T163303Z,Gaia_6440693619478348288,29,924.9922646582127,0.12105660389460396,13.90072,2,64,0.03125,1,19.630317216121043,-63.914596650698115
202,MeerKAT:array_1:20250708T083640Z,Gaia_4669784801251509376,54,856.2165674567223,-0.005044025162275165,13.866219,1,64,0.015625,1,4.1092929102048386,-65.43462166346426
15067,MeerKAT:array_1:20240319T020710Z,Gaia_2531010586717352576,38,1562.086006000638,-0.005044025162275165,13.825642,4,64,0.0625,1,0.7364797018395393,-0.2923174094215459
263,MeerKAT:array_1:20250710T123913Z,Gaia_2894031672234327040,47,864.5479778498411,0.20176100649100662,13.803657,1,64,0.015625,1,6.603484137683811,-30.698323696980655
314,MeerKAT:array_1:20250712T092209Z,Gaia_4669717009487668096,63,863.9975124448538,-0.025220125811375827,13.762181,3,64,0.046875,1,4.175787298060694,-65.68881306564361
193,MeerKAT:array_1:20250707T231708Z,Gaia_6441014642513408000,12,863.9984882324934,-0.04035220129820132,13.717733,3,64,0.046875,1,19.706730566450577,-63.8287733334225
3099,MeerKAT:array_1:20250712T092209Z,Gaia_4668955288447797760,25,924.0567681193352,-0.04035220129820132,13.716541,3,64,0.046875,1,4.174426335117182,-66.03219708700108
17,MeerKAT:array_1:20250701T055458Z,ex_2MASX_J00222955-0051372,51,863.9570762515068,-0.005044025162275165,13.698942,2,64,0.03125,2,0.37488666666666665,-0.8603240000000001
365,MeerKAT:array_1:20250714T051258Z,Gaia_4669810880292690176,28,863.9660528600216,-0.005044025162275165,13.677565,3,64,0.046875,1,4.1764813402352505,-65.6616248268038
3133,MeerKAT:array_1:20250712T121643Z,Gaia_4669721922930270208,18,924.9952255040407,-0.14123270454370462,13.650167,1,55,0.01818181818181818,1,4.14538356482789,-65.59187105035373
10551,MeerKAT:array_1:20250730T235713Z,Gaia_4669700894770229632,59,960.0002071708441,-0.15132075486825497,13.647603,1,64,0.015625,1,4.093324312239798,-65.91951121359244
25,MeerKAT:array_1:20250701T083536Z,ex_2MASX_J00580318+0006344,47,863.9999343752861,0.09583647808322814,13.642125,3,64,0.046875,1,0.9675644666666667,0.109489
543,MeerKAT:array_1:20250731T130553Z,Gaia_5422860518648425728,61,863.9787875264883,0.015132075486825495,13.617223,1,64,0.015625,1,9.382670344056345,-45.45984742296752
912,MeerKAT:array_1:20250719T103545Z,Gaia_4669703403031184768,3,872.1318009793758,0.01008805032455033,13.583248,1,64,0.015625,1,4.102001491747326,-65.82514083527903
242,MeerKAT:array_1:20250709T043236Z,Gaia_4669711546289198080,41,863.9990717917681,-0.015132075486825495,13.553988,4,64,0.0625,1,4.131074033166914,-65.81471480062413
1964,MeerKAT:array_1:20250701T095804Z,Gaia_4669720269366811264,10,916.7668228894472,-0.15636478003053011,13.522462,1,64,0.015625,1,4.141721577710191,-65.62913646493067
206,MeerKAT:array_1:20250708T083640Z,Gaia_4668956010002303360,22,863.9642336219549,0.015132075486825495,13.4691,2,64,0.03125,1,4.175382451521658,-65.99062700069298
15072,MeerKAT:array_1:20240319T020710Z,Gaia_2531012755675980032,63,1562.086006000638,-0.005044025162275165,13.466532,4,64,0.0625,1,0.741937908973146,-0.22171596124314782
2283,MeerKAT:array_1:20250719T204244Z,Gaia_6441450358355793408,13,919.7941402643919,-0.035308176135926156,13.4354725,2,64,0.03125,1,19.61823857388283,-63.68639941683572
2273,MeerKAT:array_1:20250719T103545Z,Gaia_4669724121953438976,49,919.9936138987541,0.1311446542191543,13.418284,3,64,0.046875,1,4.109035622269912,-65.77989952791172
85,MeerKAT:array_1:20250701T185513Z,Gaia_1468214199110083072,38,863.9755364954472,0.035308176135926156,13.351774,2,64,0.03125,1,13.51577559352545,30.499777712850957
313,MeerKAT:array_1:20250712T092209Z,ex_LEDA_312357,62,863.9975124448538,-0.025220125811375827,13.345958,3,64,0.046875,1,4.11525,-65.545556
89,MeerKAT:array_1:20250701T185513Z,Gaia_1468255774393448576,63,863.9755364954472,0.035308176135926156,13.312878,2,64,0.03125,1,13.49567767904579,30.710801431941455
65,MeerKAT:array_1:20250701T095804Z,Gaia_4668961778142193408,62,859.9688791036606,-0.15132075486825497,13.305186,1,64,0.015625,1,4.183490045603507,-65.9658931837893
309,MeerKAT:array_1:20250712T092209Z,Gaia_4669060360527883264,54,863.9564942866564,0.10088050324550331,13.304776,4,64,0.0625,1,4.195521277277195,-65.64384544600205
3621,MeerKAT:array_1:20250731T141132Z,Gaia_5931532324741969408,51,924.9955252557993,-0.03026415097365099,13.275303,2,64,0.03125,1,16.269521488466822,-56.34121091980947
948,MeerKAT:array_1:20250720T114301Z,Gaia_4669697939832730880,61,872.0084770470858,-0.08070440259640264,13.207561,3,64,0.046875,1,4.10396453661856,-65.9507675320825
14839,MeerKAT:array_1:20240319T020710Z,Gaia_2531020383537905280,4,1273.7320051044226,-0.005044025162275165,13.185045,3,64,0.046875,1,0.745221066782977,-0.11875607416656016
3608,MeerKAT:array_1:20250731T132801Z,Gaia_5883685152029428864,50,924.995896756649,-0.15636478003053011,13.149473,1,64,0.015625,1,15.469585086289229,-56.26773709695939
380,MeerKAT:array_1:20250715T163334Z,Gaia_6761206894001507584,38,863.9584586173296,-0.10088050324550331,13.1469145,3,64,0.046875,1,18.912764233675997,-30.196480409284213
674,MeerKAT:array_1:20250705T141541Z,Gaia_4668961816798136192,50,871.999803379178,-0.07061635227185231,13.122664,2,64,0.03125,1,4.182928098671695,-65.95403997271916
2265,MeerKAT:array_1:20250719T103545Z,Gaia_4669734567314018688,22,919.9936138987541,0.13618867938142945,13.120665,3,64,0.046875,1,4.141644467778401,-65.49983413739118
15066,MeerKAT:array_1:20240319T020710Z,Gaia_2530999625960439808,35,1562.37300555408,-0.005044025162275165,13.099126,1,64,0.015625,1,0.7686932544052767,-0.3089535554304851
203,MeerKAT:array_1:20250708T083640Z,ex_LEDA_312357,6,863.9642336219549,0.015132075486825495,13.098774,2,64,0.03125,1,4.11525,-65.545556
915,MeerKAT:array_1:20250719T103545Z,Gaia_4669697321357440896,15,876.1997305005789,-0.050440251622751654,13.092084,2,64,0.03125,1,4.107420880784835,-65.94111724977175
2201,MeerKAT:array_1:20250712T092209Z,Gaia_4669720067504380288,12,917.5026034414768,-0.09079245292095298,13.044201,3,64,0.046875,1,4.149975830371698,-65.64818931556401
497,MeerKAT:array_1:20250730T235713Z,Gaia_4669723847075514752,20,863.9904778450727,-0.04035220129820132,13.021632,2,64,0.03125,1,4.113344953987144,-65.80790768750131
374,MeerKAT:array_1:20250715T163334Z,Gaia_6760408820340296576,15,863.9584586173296,-0.10088050324550331,12.939912,3,64,0.046875,1,18.92018083015551,-30.772406989346194
3102,MeerKAT:array_1:20250712T092209Z,Gaia_4669735250212219264,41,924.0567681193352,-0.04035220129820132,12.934701,3,64,0.046875,1,4.1324736222485985,-65.47852355237711
264,MeerKAT:array_1:20250710T123913Z,Gaia_2894219963601044096,50,864.5480097383261,0.04539622646047649,12.918787,2,64,0.03125,1,6.616700425166296,-30.64587814999532
15059,MeerKAT:array_1:20240319T020710Z,Gaia_2543020865760350464,11,1562.1560060083866,-0.005044025162275165,12.915796,2,64,0.03125,1,0.7261650565901477,-0.2852434678886343
2119,MeerKAT:array_1:20250708T105617Z,Gaia_3394353340255816704,4,919.9847744107246,0.015132075486825495,12.881668,1,63,0.015873015873015872,2,5.3378371974485335,16.925593791054954
3587,MeerKAT:array_1:20250731T130553Z,Gaia_5422845400363322624,31,923.9847623258829,0.08070440259640264,12.881036,1,64,0.015625,1,9.36857802932046,-45.888207287788795
34,MeerKAT:array_1:20250701T085314Z,Gaia_4669717078207144576,16,857.6304996907711,-0.03026415097365099,12.852035,1,64,0.015625,1,4.17227561858907,-65.6725713578207
303,MeerKAT:array_1:20250712T092209Z,Gaia_4669686463680117760,36,863.9564942866564,0.10088050324550331,12.848824,4,64,0.0625,1,4.120626951884693,-65.98777240002492
360,MeerKAT:array_1:20250713T220240Z,Gaia_6440682521282895360,51,863.9839136004448,0.035308176135926156,12.797712,2,64,0.03125,1,19.650805172066974,-63.91901586440655
1985,MeerKAT:array_1:20250701T185513Z,ex_LEDA_1907513,22,919.7935917824507,0.03026415097365099,12.759002,1,64,0.015625,1,13.5242232,30.531680000000005
6169,MeerKAT:array_1:20250708T083640Z,Gaia_4669818439435145216,41,960.0418535321951,0.015132075486825495,12.750624,3,64,0.046875,1,4.165123921944731,-65.42808185404816
1965,MeerKAT:array_1:20250701T095804Z,Gaia_4669719277230381952,56,917.5667949616909,-0.1614088051928053,12.748795,1,64,0.015625,1,4.150605078077018,-65.67675329361344
673,MeerKAT:array_1:20250705T141541Z,Gaia_4669720067504380288,47,871.999803379178,-0.07061635227185231,12.6959,2,64,0.03125,1,4.149975830371698,-65.64818931556401
301,MeerKAT:array_1:20250712T092209Z,Gaia_4669684707037310080,30,863.9564942866564,0.10088050324550331,12.685384,4,64,0.0625,1,4.119413033505943,-66.0581205631709
307,MeerKAT:array_1:20250712T092209Z,Gaia_4668965390210943616,49,863.9564942866564,0.10088050324550331,12.667388,4,64,0.0625,1,4.179309435646519,-65.79217371975943
1009,MeerKAT:array_1:20250731T130553Z,Gaia_5422755721446663296,41,879.9854931682348,0.03026415097365099,12.660207,1,64,0.015625,1,9.356339502852032,-45.853495787514824
496,MeerKAT:array_1:20250730T235713Z,Gaia_4669751815902561792,8,863.9666013419628,-0.07061635227185231,12.62012,2,64,0.03125,1,4.087332648132414,-65.70955390215879
2516,MeerKAT:array_1:20250701T095804Z,Gaia_4669812357761441792,58,923.9794512987137,-0.04539622646047649,12.597723,2,64,0.03125,1,4.176019349042368,-65.56923353654236
2268,MeerKAT:array_1:20250719T103545Z,Gaia_4669815106540510848,32,919.9936138987541,0.1311446542191543,12.5912485,3,64,0.046875,1,4.16380532445806,-65.55678540542186
2510,MeerKAT:array_1:20250701T095804Z,Gaia_4669731062620671616,6,923.1665914952755,-0.15132075486825497,12.581196,4,64,0.0625,1,4.112367794040065,-65.55399840996427
2202,MeerKAT:array_1:20250712T092209Z,Gaia_4669719895705672448,34,917.5026034414768,-0.09079245292095298,12.578592,3,64,0.046875,1,4.146941409302808,-65.68543763760889
382,MeerKAT:array_1:20250715T163334Z,Gaia_6761211700039304576,53,863.9584586173296,-0.10088050324550331,12.569674,3,64,0.046875,1,18.91618922390948,-30.119089553277767
241,MeerKAT:array_1:20250709T043236Z,Gaia_4668963534785059072,14,863.9990701973438,-0.005044025162275165,12.533278,2,64,0.03125,1,4.17853428665187,-65.85571738181949
2512,MeerKAT:array_1:20250701T095804Z,Gaia_4669705116721809920,42,923.1665914952755,-0.15132075486825497,12.5262,4,64,0.0625,1,4.151660527294777,-66.05077059096503
698,MeerKAT:array_1:20250706T120334Z,Gaia_3394090797494979584,45,872.000331133604,-0.050440251622751654,12.517531,1,64,0.015625,1,5.372581998100841,16.517353016971594
398,MeerKAT:array_1:20250718T225142Z,Gaia_6441069167122610304,33,863.9464318752289,0.025220125811375827,12.502453,4,64,0.0625,1,19.69984291461124,-63.596090512689635
22,MeerKAT:array_1:20250701T083536Z,Gaia_2536401840120694016,16,863.9999343752861,0.09583647808322814,12.49349,3,64,0.046875,1,0.9794553056822537,-0.2029425799034193
2901,MeerKAT:array_1:20250709T163303Z,Gaia_6440688018840915968,9,924.9987890422344,0.14123270454370462,12.487187,2,64,0.03125,1,19.68423492425907,-63.79109433639011
399,MeerKAT:array_1:20250718T225142Z,Gaia_6440636238715194368,34,863.9464318752289,0.025220125811375827,12.466431,4,64,0.0625,1,19.675339186061393,-64.03486462534826
458,MeerKAT:array_1:20250720T090501Z,Gaia_3394149277769574656,8,864.0000475794077,0.15132075486825497,12.407482,3,62,0.04838709677419355,1,5.334170630040303,16.576072980689755
385,MeerKAT:array_1:20250715T232237Z,Gaia_6441459051369581952,38,863.9666109085083,-0.005044025162275165,12.382857,2,63,0.031746031746031744,2,19.64726952599481,-63.529588323583646
343,MeerKAT:array_1:20250713T100933Z,Gaia_3394243247358752000,10,863.983805179596,-0.050440251622751654,12.360699,3,64,0.046875,1,5.365489555014503,16.824705937663644
252,MeerKAT:array_1:20250709T224008Z,Gaia_6440693585118612608,9,863.9838593900204,0.05548427678502682,12.2952,1,64,0.015625,1,19.628594431975266,-63.924863811963455
393,MeerKAT:array_1:20250718T225142Z,Gaia_6441460975514926080,5,863.9464318752289,0.025220125811375827,12.286936,4,64,0.0625,1,19.66357758906119,-63.46456714647583
247,MeerKAT:array_1:20250709T043236Z,Gaia_4669730856462223872,59,863.9990701973438,-0.005044025162275165,12.264889,2,64,0.03125,1,4.1024349345990405,-65.57500289036119
401,MeerKAT:array_1:20250718T225142Z,Gaia_6440689869971379584,53,863.9464318752289,0.025220125811375827,12.25554,4,64,0.0625,1,19.6499320734985,-63.82299821043306
2257,MeerKAT:array_1:20250718T225142Z,Gaia_6440694100514697984,20,919.7943937778473,-0.03026415097365099,12.228831,4,64,0.0625,1,19.62087066321873,-63.91272666377121
2584,MeerKAT:array_1:20250704T110253Z,Gaia_4669721854210793600,57,924.9939148873091,-0.1462767297059798,12.2067585,2,64,0.03125,1,4.147063407797924,-65.596400813655
244,MeerKAT:array_1:20250709T043236Z,Gaia_4669728790581917312,50,863.9990717917681,-0.015132075486825495,12.185285,4,64,0.0625,1,4.101280812317055,-65.66563920000308
352,MeerKAT:array_1:20250713T100933Z,Gaia_3394132647656408960,48,863.983805179596,-0.050440251622751654,12.148625,3,64,0.046875,1,5.345713040048043,16.44647738763525
316,MeerKAT:array_1:20250712T092209Z,Gaia_4669727214329905920,16,864.5480655431747,-0.03026415097365099,12.106217,2,64,0.03125,1,4.109438969306825,-65.74064617130749
350,MeerKAT:array_1:20250713T100933Z,Gaia_3394150686518843264,46,864.0000093132257,0.19671698132873144,12.051979,4,64,0.0625,1,5.336535218511556,16.587411972900316
2717,MeerKAT:array_1:20250706T180055Z,Gaia_5938654102031084672,62,924.9923140853643,0.12105660389460396,12.048407,3,64,0.046875,1,17.027284885146752,-48.84087647788595
10542,MeerKAT:array_1:20250730T235713Z,Gaia_4669816618369005440,36,960.0002087652683,-0.15636478003053011,12.036034,1,64,0.015625,1,4.154966178637322,-65.47424122454672
348,MeerKAT:array_1:20250713T100933Z,Gaia_3394243148575205120,44,864.0000093132257,0.19671698132873144,12.021192,4,64,0.0625,1,5.369001275041868,16.83963226476811
2229,MeerKAT:array_1:20250714T051258Z,Gaia_4668965385914739968,35,919.7948163002729,0.01008805032455033,11.92848,3,64,0.046875,2,4.179617504745324,-65.78596480693881
2228,MeerKAT:array_1:20250714T051258Z,Gaia_4669712783239780224,20,919.7948163002729,0.01008805032455033,11.896594,3,64,0.046875,2,4.137784419356912,-65.82012245067386
390,MeerKAT:array_1:20250718T153723Z,Gaia_6441454756402320000,31,863.9651280939579,0.025220125811375827,11.884883,1,63,0.015873015873015872,1,19.61181055670903,-63.6028774991896
15075,MeerKAT:array_1:20240319T020710Z,Gaia_2543020865760350464,11,1585.650893241167,-0.12105660389460396,11.864282,3,64,0.046875,1,0.7261650565901477,-0.2852434678886343
863,MeerKAT:array_1:20250713T220240Z,Gaia_6440688018840915968,32,875.029973179102,-0.06557232710957715,11.846086,1,64,0.015625,1,19.68423492425907,-63.79109433639011
2203,MeerKAT:array_1:20250712T092209Z,Gaia_4669735250212219264,41,917.5026034414768,-0.09079245292095298,11.741889,3,64,0.046875,1,4.1324736222485985,-65.47852355237711
260,MeerKAT:array_1:20250710T123913Z,Gaia_2893821871671620224,13,857.7953504025936,-0.005044025162275165,11.734706,1,64,0.015625,1,6.628885991588172,-30.996600452155437
672,MeerKAT:array_1:20250704T161536Z,Gaia_6440698464201481088,56,874.9925089925528,0.03026415097365099,11.734577,2,63,0.031746031746031744,1,19.612518928486264,-63.83946305349781
789,MeerKAT:array_1:20250710T140151Z,Gaia_5240451436557063168,38,872.4541058689356,0.06052830194730198,11.723412,1,62,0.016129032258064516,1,11.00474691397138,-64.19211398927237
259,MeerKAT:array_1:20250710T123913Z,Gaia_2894201993457914112,8,857.7953504025936,0.01008805032455033,11.720319,1,64,0.015625,1,6.624106207391157,-30.854385949913116
913,MeerKAT:array_1:20250719T103545Z,Gaia_4669684745693183744,39,872.0861223191023,-0.015132075486825495,11.714697,1,64,0.015625,1,4.120087123171856,-66.0456321877375
475,MeerKAT:array_1:20250723T000253Z,Gaia_6440699735511788544,45,863.9575322568417,-0.05548427678502682,11.701891,1,64,0.015625,1,19.627759531718347,-63.78503211456634
1937,MeerKAT:array_1:20250701T085314Z,Gaia_4669698042911946112,43,917.567246183753,0.01008805032455033,11.696261,1,64,0.015625,1,4.105147728387502,-65.94326904581334
283,MeerKAT:array_1:20250711T173016Z,Gaia_5938675164552435584,52,863.990659609437,-0.025220125811375827,11.673592,3,64,0.046875,2,17.070854839067806,-48.602232097815104
499,MeerKAT:array_1:20250730T235713Z,Gaia_4669720754699148288,41,863.9666013419628,-0.07061635227185231,11.668871,2,64,0.03125,1,4.156097990505139,-65.65813538413508
292,MeerKAT:array_1:20250712T092209Z,Gaia_4669726698933866112,19,856.7559707462788,0.025220125811375827,11.608833,2,64,0.03125,1,4.123021492832987,-65.64792617949458
406,MeerKAT:array_1:20250719T103545Z,Gaia_4669703403031184768,3,863.9667735397816,0.05548427678502682,11.599459,2,64,0.03125,1,4.102001491747326,-65.82514083527903
293,MeerKAT:array_1:20250712T092209Z,Gaia_4668961778142193408,51,856.7559707462788,0.03026415097365099,11.584576,2,64,0.03125,1,4.183490045603507,-65.9658931837893
6177,MeerKAT:array_1:20250708T083640Z,Gaia_4669060635405789824,59,960.0418535321951,0.015132075486825495,11.57358,3,64,0.046875,1,4.190880894733523,-65.61636371097941
271,MeerKAT:array_1:20250711T071356Z,Gaia_4669700070136544640,61,856.563573166728,-0.005044025162275165,11.565792,4,64,0.0625,1,4.1025528305222805,-65.84718019004706
426,MeerKAT:array_1:20250719T204244Z,ex_ASASSN-V_J193805.84-640032.8,8,864.000352114439,-0.10088050324550331,11.558385,1,64,0.015625,1,19.634955333333338,-64.00911
773,MeerKAT:array_1:20250709T001042Z,Gaia_2378723248403124608,32,874.9932344555855,0.050440251622751654,11.527841,2,64,0.03125,1,23.397414166993048,-26.988833616750902
319,MeerKAT:array_1:20250712T092209Z,Gaia_4669736903776210944,60,864.5480655431747,-0.03026415097365099,11.471462,2,64,0.03125,1,4.120185767851399,-65.47336939109383
345,MeerKAT:array_1:20250713T100933Z,Gaia_3394092000085853056,25,864.0000093132257,0.19167295616645627,11.471294,4,64,0.0625,1,5.3654881375047525,16.487876599028485
981,MeerKAT:array_1:20250730T235713Z,Gaia_4669812048523796224,31,872.0092583149672,0.035308176135926156,11.466053,3,64,0.046875,2,4.167230624348885,-65.59422753381918
342,MeerKAT:array_1:20250713T100933Z,Gaia_3394088083075699072,9,863.9573967307806,0.1160125787323288,11.448102,2,64,0.03125,1,5.365529692795002,16.409749311496263
982,MeerKAT:array_1:20250730T235713Z,Gaia_4669734567314018688,48,872.0092583149672,0.035308176135926156,11.440379,3,64,0.046875,2,4.141644467778401,-65.49983413739118
1935,MeerKAT:array_1:20250701T085314Z,Gaia_4669816377850832640,26,917.5672445893288,0.035308176135926156,11.435334,3,64,0.046875,1,4.15383398790465,-65.51608871714133
439,MeerKAT:array_1:20250720T063432Z,Gaia_5084037695485816064,47,863.9462851881981,0.005044025162275165,11.413484,1,64,0.015625,2,3.9561598154791096,-24.20051371333532
595,MeerKAT:array_1:20250701T085314Z,Gaia_4668955288447797760,58,874.3687861710787,0.03026415097365099,11.393244,1,64,0.015625,1,4.174426335117182,-66.03219708700108
347,MeerKAT:array_1:20250713T100933Z,Gaia_3394161574259201792,40,863.9573967307806,0.1160125787323288,11.391177,2,64,0.03125,1,5.349365748555449,16.870295726197345
462,MeerKAT:array_1:20250720T090501Z,ex_ATO_J080.5596+16.8697,60,864.0000475794077,0.15132075486825497,11.379691,3,62,0.04838709677419355,1,5.370640400000001,16.869775
417,MeerKAT:array_1:20250719T103545Z,Gaia_4669686463680117760,62,863.9667735397816,0.05548427678502682,11.329424,2,64,0.03125,1,4.120626951884693,-65.98777240002492
801,MeerKAT:array_1:20250711T071356Z,Gaia_4669704777420736384,63,872.2683171778917,0.01008805032455033,11.328902,1,64,0.015625,1,4.091130636614762,-65.75586362581632
671,MeerKAT:array_1:20250704T161536Z,Gaia_6440639120638186112,21,874.9925089925528,0.03026415097365099,11.307529,2,63,0.031746031746031744,1,19.68336024836245,-63.91492098533975
15068,MeerKAT:array_1:20240319T020710Z,Gaia_2531009732019003776,40,1562.1680056452751,-0.005044025162275165,11.304056,4,64,0.0625,1,0.7432967669973841,-0.23940174267981273
2514,MeerKAT:array_1:20250701T095804Z,Gaia_4668963053748722048,46,923.9794512987137,-0.04539622646047649,11.281879,2,64,0.03125,1,4.178169291060081,-65.88508297435585
1938,MeerKAT:array_1:20250701T085314Z,Gaia_4669684707037310080,63,917.5672445893288,0.03026415097365099,11.271029,3,64,0.046875,1,4.119413033505943,-66.0581205631709
774,MeerKAT:array_1:20250709T001042Z,Gaia_2378728471083371648,51,874.9932344555855,0.050440251622751654,11.269675,2,64,0.03125,1,23.381065062610922,-27.008100281014503
1941,MeerKAT:array_1:20250701T085314Z,Gaia_4669829915587758720,50,918.3672150671482,0.04539622646047649,11.243795,4,64,0.0625,1,4.1440081251297345,-65.39631822133349
14895,MeerKAT:array_1:20240319T020710Z,Gaia_2531009732019003776,40,1525.118696257472,0.025220125811375827,11.240974,1,64,0.015625,1,0.7432967669973841,-0.23940174267981273
504,MeerKAT:array_1:20250731T120456Z,Gaia_5422840001582106624,26,860.0094859004021,-0.02017610064910066,11.233868,3,64,0.046875,1,9.386059964860852,-45.84305058264144
176,MeerKAT:array_1:20250706T155525Z,Gaia_6441462590422644864,35,863.9647948592901,-0.01008805032455033,11.210188,3,64,0.046875,1,19.63286756576221,-63.50886223097603
220,MeerKAT:array_1:20250708T085539Z,Gaia_2978704822169069056,30,864.0851722955704,-0.005044025162275165,11.169403,1,64,0.015625,1,4.679895128698602,-18.41473008194381
2227,MeerKAT:array_1:20250714T051258Z,Gaia_4668954635612750464,11,919.7948163002729,0.01008805032455033,11.166596,3,64,0.046875,2,4.165356976881865,-66.06308997314007
341,MeerKAT:array_1:20250713T100933Z,Gaia_3394155909199063424,8,863.983805179596,-0.050440251622751654,11.1558695,3,64,0.046875,1,5.333161719434168,16.724124850978352
819,MeerKAT:array_1:20250712T060917Z,Gaia_4669816618369005440,28,872.454005420208,0.1311446542191543,11.155575,1,64,0.015625,1,4.154966178637322,-65.47424122454672
15064,MeerKAT:array_1:20240319T020710Z,Gaia_2543026054080860416,29,1562.1560060083866,-0.005044025162275165,11.145728,2,64,0.03125,1,0.7251322501176422,-0.14034722709361452
284,MeerKAT:array_1:20250711T173016Z,Gaia_5938634757497010816,62,863.990659609437,-0.025220125811375827,11.122512,3,64,0.046875,2,17.048786346171944,-49.10299927540752
299,MeerKAT:array_1:20250712T092209Z,Gaia_4669727214329905920,16,863.9975108504295,-0.015132075486825495,11.118402,1,64,0.015625,1,4.109438969306825,-65.74064617130749
2716,MeerKAT:array_1:20250706T180055Z,Gaia_5938852220262081024,33,924.9923140853643,0.12105660389460396,11.115299,3,64,0.046875,1,17.02593539114201,-48.53877018318652
3495,MeerKAT:array_1:20250727T173737Z,Gaia_6053058419988266752,21,924.9942497164011,0.16645283035508046,11.041964,1,64,0.015625,1,12.233301737753168,-65.06504487487112
0,MeerKAT:array_1:20250701T053744Z,ex_LEDA_313135,27,863.9995756298304,0.005044025162275165,11.036657,1,64,0.015625,1,4.12825,-65.460556
344,MeerKAT:array_1:20250713T100933Z,Gaia_3394189547383394944,19,864.0000093132257,0.19671698132873144,11.021797,4,64,0.0625,1,5.370879410063646,16.66098650406909
282,MeerKAT:array_1:20250711T173016Z,Gaia_5938670143683834496,33,863.990659609437,-0.025220125811375827,11.006142,3,64,0.046875,2,17.054554624790317,-48.75153183759513
412,MeerKAT:array_1:20250719T103545Z,Gaia_4668954360734828672,48,863.9838880896568,-0.035308176135926156,10.993116,3,64,0.046875,1,4.156560034799208,-66.08225737511033
892,MeerKAT:array_1:20250715T232237Z,Gaia_6440687675243547648,6,875.0032426565886,0.09583647808322814,10.986291,2,63,0.031746031746031744,1,19.67060836161432,-63.82119519063496
402,MeerKAT:array_1:20250719T103545Z,Gaia_4669701410166340736,12,856.1951718777418,-0.05548427678502682,10.981679,1,64,0.015625,1,4.096127496965686,-65.88542707813265
175,MeerKAT:array_1:20250706T155525Z,Gaia_6441016394860061184,23,863.9647948592901,-0.01008805032455033,10.951132,3,64,0.046875,1,19.711795047254903,-63.771324120458516
788,MeerKAT:array_1:20250710T140151Z,ex_ASASSN-V_J110324.89-643852.7,15,872.4541074633598,0.050440251622751654,10.935135,2,62,0.03225806451612903,1,11.056912666666667,-64.64797
315,MeerKAT:array_1:20250712T092209Z,Gaia_4669717146926603904,11,864.5480639487505,0.005044025162275165,10.917687,1,64,0.015625,1,4.165769995642935,-65.72588032717957
846,MeerKAT:array_1:20250712T161927Z,Gaia_6441080785009795840,13,875.0008940696716,0.06052830194730198,10.899473,1,64,0.015625,1,19.68659761703496,-63.52952346260358
1939,MeerKAT:array_1:20250701T085314Z,Gaia_4669738862281334272,12,918.3672150671482,0.04035220129820132,10.844553,4,64,0.0625,1,4.127748487175833,-65.43033771558444
572,MeerKAT:array_1:20250701T083536Z,ex_SDSS_J005819.65-000141.2,44,872.0091004669666,-0.03026415097365099,10.839419,2,64,0.03125,1,0.9721258666666667,-0.02811
384,MeerKAT:array_1:20250715T232237Z,Gaia_6440683861312632064,8,863.9666109085083,-0.005044025162275165,10.829703,2,63,0.031746031746031744,2,19.644118970760356,-63.8545324794734
45,MeerKAT:array_1:20250701T085314Z,Gaia_4669702406598752640,57,862.0087551921606,-0.15132075486825497,10.796611,1,64,0.015625,1,4.086659521575402,-65.84501600372867
1934,MeerKAT:array_1:20250701T085314Z,Gaia_4668956147441282816,61,916.7672741115093,0.01008805032455033,10.784999,2,64,0.03125,1,4.177215911150071,-65.96450638703253
2293,MeerKAT:array_1:20250720T061449Z,ex_ASASSN-V_J040712.63-652824.0,50,919.793883562088,0.035308176135926156,10.762411,2,64,0.03125,1,4.120176,-65.47333000000002
2095,MeerKAT:array_1:20250708T083640Z,Gaia_4669059810772042368,15,920.0401089042425,0.02017610064910066,10.748744,2,64,0.03125,1,4.193009981714716,-65.69660675500688
14843,MeerKAT:array_1:20240319T020710Z,Gaia_2531005054800403072,13,1273.7000050097704,-0.005044025162275165,10.747241,4,64,0.0625,1,0.762334154808746,-0.18134099670137954
373,MeerKAT:array_1:20250715T163334Z,ex_LEDA_209202,5,864.0022096186876,-0.03026415097365099,10.737649,1,64,0.015625,1,18.924138866666663,-30.349167000000005
101,MeerKAT:array_1:20250703T155221Z,Gaia_6441457642620333184,38,863.9571145176888,-0.01008805032455033,10.695563,1,64,0.015625,1,19.622482457960526,-63.50212779113193
165,MeerKAT:array_1:20250706T120334Z,Gaia_3394084372224015744,23,863.9570172578096,0.04539622646047649,10.632871,3,64,0.046875,1,5.347901540726014,16.36508008963877
463,MeerKAT:array_1:20250720T090501Z,ex_CRTS_J052215.8+164122,61,864.0000475794077,0.15132075486825497,10.630508,3,62,0.04838709677419355,1,5.371081666666667,16.689512999999998
2715,MeerKAT:array_1:20250706T180055Z,Gaia_5938464711149853440,23,924.9923140853643,0.12105660389460396,10.62983,3,64,0.046875,1,17.01427552975309,-48.96839364185881
190,MeerKAT:array_1:20250707T231708Z,Gaia_6440686300854003584,3,863.9777766615152,0.07061635227185231,10.60729,1,64,0.015625,1,19.67537856336017,-63.89140582241203
14851,MeerKAT:array_1:20240319T020710Z,Gaia_2543036568160810496,32,1273.7000050097704,-0.005044025162275165,10.597783,4,64,0.0625,1,0.737230035102561,0.032486749264079975
14831,MeerKAT:array_1:20240319T020710Z,Gaia_2531011621804591872,30,1262.8780050873756,-0.005044025162275165,10.575993,1,64,0.015625,1,0.734102522012589,-0.261544566210716
983,MeerKAT:array_1:20250730T235713Z,Gaia_4669682374871238272,51,872.0092583149672,0.035308176135926156,10.546165,3,64,0.046875,2,4.136301510057609,-66.06510405814161
3328,MeerKAT:array_1:20250719T103545Z,Gaia_4669734567314018688,22,924.2106444090605,0.09583647808322814,10.54059,1,64,0.015625,1,4.141644467778401,-65.49983413739118
408,MeerKAT:array_1:20250719T103545Z,Gaia_4669723847075514752,5,863.9838880896568,-0.035308176135926156,10.497277,3,64,0.046875,1,4.113344953987144,-65.80790768750131
896,MeerKAT:array_1:20250715T232237Z,Gaia_6441465236122768256,32,875.0032410621643,0.10088050324550331,10.492852,3,63,0.047619047619047616,1,19.653349502480328,-63.39573533062264
2021,MeerKAT:array_1:20250705T141541Z,Gaia_4669775421042834560,8,919.7931437492371,-0.04035220129820132,10.454428,2,64,0.03125,1,4.090726383417257,-65.68297231125712
6159,MeerKAT:array_1:20250708T083640Z,Gaia_4669710790374920448,9,960.0418535321951,0.015132075486825495,10.446371,3,64,0.046875,1,4.130718016947653,-65.87712540376042
164,MeerKAT:array_1:20250706T120334Z,Gaia_3394244660403867392,19,863.9570172578096,0.04539622646047649,10.428206,3,64,0.046875,1,5.367741517165872,16.893479946570487
2284,MeerKAT:array_1:20250719T204244Z,Gaia_6440690286583680000,24,919.7941418588161,-0.04035220129820132,10.421016,1,64,0.015625,1,19.66147903039637,-63.77830353806082
2903,MeerKAT:array_1:20250709T163303Z,Gaia_6441475681482976768,33,924.9987890422344,0.14123270454370462,10.403319,2,64,0.03125,1,19.624691527509768,-63.44044286720454
818,MeerKAT:array_1:20250712T060917Z,Gaia_4669730306706410880,19,872.0097047537565,-0.01008805032455033,10.39505,2,64,0.03125,1,4.113787001810862,-65.57197560265381
1932,MeerKAT:array_1:20250701T085314Z,Gaia_4669718761834284288,10,916.7672725170851,0.035308176135926156,10.390672,1,64,0.015625,1,4.148909313646341,-65.71576021346517
2386,MeerKAT:array_1:20250731T144023Z,Gaia_1468182004035197312,32,919.9972348362207,0.035308176135926156,10.390497,2,64,0.03125,1,13.498865253466748,30.28766525953138
705,MeerKAT:array_1:20250706T180055Z,Gaia_5938671625498791424,9,874.992729023099,0.1160125787323288,10.373668,1,64,0.015625,1,17.05996488215335,-48.65802347598267
573,MeerKAT:array_1:20250701T083536Z,ex_LEDA_1163740,52,872.0091004669666,-0.03026415097365099,10.368062,2,64,0.03125,1,0.9740464000000002,0.351764
15057,MeerKAT:array_1:20240319T020710Z,Gaia_2530979151851814144,3,1562.1680056452751,-0.005044025162275165,10.335674,4,64,0.0625,1,0.7280532610396407,-0.5704520443748631
15063,MeerKAT:array_1:20240319T020710Z,Gaia_2530988703859124608,28,1562.1680056452751,-0.005044025162275165,10.292755,4,64,0.0625,1,0.7501983358662013,-0.5231516086096337
370,MeerKAT:array_1:20250714T053348Z,Gaia_4669730306706410880,27,863.9851078242064,0.06052830194730198,10.2886505,1,62,0.016129032258064516,1,4.113787001810862,-65.57197560265381
428,MeerKAT:array_1:20250719T204244Z,Gaia_6440698739079389952,40,863.9461480677128,0.01008805032455033,10.279183,1,64,0.015625,1,19.61237874809231,-63.80862774231264
127,MeerKAT:array_1:20250705T161659Z,ex_ASASSN-V_J171102.73-331608.6,24,863.957508340478,-0.01008805032455033,10.254744,4,63,0.06349206349206349,1,17.184091333333335,-33.26906
407,MeerKAT:array_1:20250719T103545Z,Gaia_4669718693114807808,4,863.9838880896568,-0.035308176135926156,10.253504,3,64,0.046875,1,4.150674010519596,-65.72275782362854
112,MeerKAT:array_1:20250704T161536Z,Gaia_6441015673305562752,54,863.9647326767445,0.005044025162275165,10.219885,4,63,0.06349206349206349,1,19.7039121916624,-63.78970426843309
14837,MeerKAT:array_1:20240319T020710Z,Gaia_2530987707426679680,62,1263.0300047397614,-0.005044025162275165,10.215808,3,64,0.046875,1,0.7267100111577531,-0.31860299240604256
2292,MeerKAT:array_1:20250720T061449Z,Gaia_4668961778142193408,14,919.793883562088,0.035308176135926156,10.201818,2,64,0.03125,1,4.183490045603507,-65.9658931837893
591,MeerKAT:array_1:20250701T085314Z,Gaia_4669731749815407232,21,874.3687893599272,-0.005044025162275165,10.199957,1,64,0.015625,1,4.132750307042477,-65.65175504954972
15071,MeerKAT:array_1:20240319T020710Z,Gaia_2530969909082218112,59,1562.1680056452751,-0.005044025162275165,10.190476,4,64,0.0625,1,0.7394865006918928,-0.4709936335983624
487,MeerKAT:array_1:20250730T013301Z,ex_KMHK_790,16,863.9667496234179,-0.005044025162275165,10.164542,2,64,0.03125,1,5.3427778,-65.811667
269,MeerKAT:array_1:20250711T071356Z,ex_LEDA_177089,19,856.563573166728,-0.005044025162275165,10.162147,4,64,0.0625,1,4.1932778,-65.829167
80,MeerKAT:array_1:20250701T133303Z,ex_OGLE_MBR229.17.00041,26,864.735523596406,0.005044025162275165,10.15104,1,64,0.015625,1,4.1774528,-65.606486
170,MeerKAT:array_1:20250706T120334Z,Gaia_3394111928734223104,40,863.9570172578096,0.04539622646047649,10.120514,3,64,0.046875,1,5.332348367694632,16.41501234689431
689,MeerKAT:array_1:20250706T055242Z,Gaia_4669705116721809920,5,872.000922665,0.01008805032455033,10.120292,1,64,0.015625,1,4.151660527294777,-66.05077059096503
581,MeerKAT:array_1:20250701T085314Z,Gaia_4669722124792715520,18,872.7688484042883,-0.015132075486825495,10.102205,1,64,0.015625,1,4.154683470000491,-65.57481961578418
488,MeerKAT:array_1:20250730T013301Z,ex_KMHK_790,16,863.9839741885662,0.005044025162275165,10.09748,1,64,0.015625,2,5.3427778,-65.811667
31,MeerKAT:array_1:20250701T085314Z,Gaia_4669722399670635776,14,856.8305292129517,-0.04035220129820132,10.08856,3,64,0.046875,1,4.151842281737039,-65.5598978968811
2096,MeerKAT:array_1:20250708T083640Z,Gaia_4668958793141139328,26,920.0401089042425,0.02017610064910066,10.079228,2,64,0.03125,1,4.187031872851043,-65.97524654168643
2163,MeerKAT:array_1:20250711T071356Z,Gaia_4669778616498571776,14,921.4206554889679,0.02017610064910066,10.057471,3,64,0.046875,1,4.100985680777852,-65.48677483279876
1933,MeerKAT:array_1:20250701T085314Z,Gaia_4669730615944037120,42,916.7672741115093,0.01008805032455033,10.04608,2,64,0.03125,1,4.100445954112742,-65.61437292243554
2120,MeerKAT:array_1:20250708T105617Z,Gaia_3394259435090912000,5,919.9847760051489,0.005044025162275165,10.009249,1,63,0.015873015873015872,1,5.352954392785537,16.989403832725188
