row,obsid,sourceName,beam,frequency,driftRate,snr,n_beams,n_obs_at_freq,ra,dec
40666,MeerKAT:array_1:20250713T194539Z,Gaia_6024354608113756288,43,574.9968022704124,0.0713009898037045,5299.0205,1,1,16.63201820358128,-32.720291477354394
79486,MeerKAT:array_1:20250710T060816Z,J0737-3039A,0,607.2236806154251,-0.0081486845489948,3913.8127,1,2,7.630902777777778,-30.661305555555554
182736,MeerKAT:array_1:20250710T060816Z,Gaia_5599127419588452736,23,607.2236796021461,-0.0020371711372487,3710.524,1,2,7.597950135958345,-30.94625176985143
85220,MeerKAT:array_1:20250714T160406Z,Gaia_6144908808170782208,24,615.2238686084747,0.06111513411746101,2289.4893,3,2,12.23145331132398,-43.693363576582215
85224,MeerKAT:array_1:20250714T160406Z,Gaia_6144710552480752768,46,615.2238696217537,-0.081486845489948,2163.9866,1,2,12.255038753770732,-43.95039301699271
85222,MeerKAT:array_1:20250714T160406Z,Gaia_6144679628716049280,30,615.2238686084747,-0.06722664752920711,2013.6979,3,2,12.228354594375299,-44.27250221549355
85226,MeerKAT:array_1:20250714T160406Z,Gaia_6144886886657444352,54,615.2238675951958,0.059077962980212305,2008.7285,2,2,12.209342372856923,-43.97080752568316
85225,MeerKAT:array_1:20250714T160406Z,Gaia_6144671378080801792,49,615.2238686084747,0.0631523052547097,1874.0707,3,2,12.210380606009217,-44.47805945874878
85218,MeerKAT:array_1:20250714T160406Z,Gaia_6143878187818930176,5,615.2238696217537,-0.0651894763919584,1517.9991,1,2,12.259639777047282,-44.699311826133204
85219,MeerKAT:array_1:20250714T160406Z,Gaia_6143887426290855680,22,615.2238686084747,0.06111513411746101,1510.049,3,2,12.272827461057881,-44.521761076364776
85221,MeerKAT:array_1:20250714T160406Z,Gaia_6144627264474732928,25,615.2238686084747,-0.06926381866645581,1490.9379,3,2,12.232318320924218,-44.428347999091436
85217,MeerKAT:array_1:20250714T160406Z,Gaia_6144617952985480448,3,615.2238686084747,-0.06926381866645581,1469.4583,3,2,12.20475607741889,-44.64878810021664
85227,MeerKAT:array_1:20250714T160406Z,Gaia_6144722097352828672,59,615.2238675951958,0.059077962980212305,1305.8105,2,2,12.247775212389039,-43.96345860036627
85223,MeerKAT:array_1:20250714T160406Z,Gaia_6143880146324043008,40,615.2238686084747,0.055003620705714906,1073.5933,1,2,12.26434459916487,-44.625409149324604
3394,MeerKAT:array_1:20250705T194745Z,ex_LEDA_965835,37,551.9865745902061,-0.038706251607725305,1051.8914,1,2,19.948833333333333,-11.434167
93735,MeerKAT:array_1:20250707T173400Z,Gaia_6144647468001000832,43,624.9967840909958,0.07944967435269931,1048.6898,1,2,12.27114860507026,-44.254954368983405
111855,MeerKAT:array_1:20250705T174237Z,Gaia_6120544966231155968,32,647.9930183887482,-0.014260197960740902,653.3208,2,1,14.125234494538562,-37.532224624368986
111821,MeerKAT:array_1:20250705T174237Z,Gaia_6120585751241043712,9,647.9930183887482,-0.014260197960740902,646.5835,2,1,14.118634280042723,-37.314089711605426
111977,MeerKAT:array_1:20250705T180344Z,Gaia_5820295420476639104,44,647.24994546175,-0.0162973690979896,549.6925,1,1,15.536749560187888,-68.53271774889923
99147,MeerKAT:array_1:20250718T015317Z,Gaia_4669693747944615808,45,624.9952682256699,0.055003620705714906,535.8542,1,1,4.073121305822081,-66.01638624206225
233875,MeerKAT:array_1:20250729T055516Z,Gaia_4668960442408616192,52,647.9676387906075,0.0040743422744974,523.7033,3,1,4.205938260555769,-65.88435725659457
18972,MeerKAT:array_1:20250728T151003Z,ex_V1736_Cen,23,551.987779378891,0.038706251607725305,518.95844,3,1,13.454344466666667,-47.409667000000006
233873,MeerKAT:array_1:20250729T055516Z,Gaia_4668947007750901120,51,647.9676387906075,0.0040743422744974,516.82465,3,1,4.22273698145336,-66.00010432971784
19032,MeerKAT:array_1:20250728T151003Z,ex_ASASSN-V_J132538.47-472402.3,43,551.987779378891,0.038706251607725305,502.60297,3,1,13.427354000000001,-47.40065
155140,MeerKAT:array_1:20250714T162550Z,Gaia_4077478467187256960,5,551.9656878709793,-0.0020371711372487,500.7903,1,3,18.55267444464084,-24.156349965467676
233847,MeerKAT:array_1:20250729T055516Z,ex_LEDA_310253,38,647.9676387906075,0.0040743422744974,493.74765,3,1,4.087444466666667,-65.780833
19038,MeerKAT:array_1:20250728T151003Z,ex_Cl*_NGC_5139_SAW_V205,45,551.987779378891,0.038706251607725305,490.02124,3,1,13.442583933333335,-47.38341400000001
113980,MeerKAT:array_1:20250710T060816Z,Gaia_5598500109539602176,58,647.223633646965,0.040743422744974,475.4355,2,1,7.664372232600502,-30.478593595647865
11774,MeerKAT:array_1:20250715T143518Z,Gaia_6272554652090652928,29,551.9657628536224,0.022408882509735703,456.76813,3,2,14.377703522824705,-24.853917118948583
11798,MeerKAT:array_1:20250715T143518Z,Gaia_6272555064407513984,37,551.9657628536224,0.022408882509735703,449.6697,3,2,14.378995309612405,-24.84452965638791
111452,MeerKAT:array_1:20250702T183548Z,ex_ASASSN-V_J163608.07-330957.6,43,647.9690624475479,-0.0529664495684662,438.97653,1,1,16.602214,-33.16577
111979,MeerKAT:array_1:20250705T180344Z,Gaia_5820279649343898112,63,647.249947488308,-0.020371711372487,427.73938,1,1,15.597402739780344,-68.76715387659533
88711,MeerKAT:array_1:20250723T015429Z,Gaia_4661672192169119104,14,613.1960329413414,0.0162973690979896,427.44528,2,1,4.942608340613663,-67.51354682152554
11723,MeerKAT:array_1:20250715T143518Z,ex_LEDA_788944,12,551.9657628536224,0.022408882509735703,419.87,3,2,14.315138866666667,-24.531944
1368,MeerKAT:array_1:20250704T054305Z,Gaia_6441085492294009344,52,551.9478055238724,-0.020371711372487,416.45358,3,2,19.674122826014305,-63.45461689543384
68692,MeerKAT:array_1:20250713T184021Z,Gaia_6441026359184252928,18,599.9434486031532,-0.0325947381959792,409.90823,2,1,19.739087367358337,-63.53335071073709
1349,MeerKAT:array_1:20250704T054305Z,Gaia_6441836420079796864,41,551.9478055238724,-0.020371711372487,403.5867,3,2,19.668716685206547,-63.40778859218473
1371,MeerKAT:array_1:20250704T054305Z,Gaia_6441836424375865344,54,551.9478055238724,-0.020371711372487,401.00037,3,2,19.667545931629498,-63.41447865654784
90005,MeerKAT:array_1:20250723T045553Z,Gaia_4662257235444891392,55,613.196018755436,-0.022408882509735703,395.38187,4,2,5.082809221197138,-65.75839227778211
89755,MeerKAT:array_1:20250723T043540Z,Gaia_4655107145692805632,8,613.1960157155991,0.012223026823492201,385.6281,3,2,4.969192214958,-70.35184665391094
70532,MeerKAT:array_1:20250714T160406Z,Gaia_6144618532803068672,44,599.2500466108322,-0.038706251607725305,385.32654,1,3,12.211837979565287,-44.682919178994304
89749,MeerKAT:array_1:20250723T043540Z,Gaia_4655107042613597056,2,613.1960157155991,0.012223026823492201,384.84415,3,2,4.970478202494201,-70.35178946563983
111974,MeerKAT:array_1:20250705T180344Z,Gaia_5820200274044018688,28,647.249946475029,-0.020371711372487,384.6358,1,1,15.62853076516581,-69.32800225308483
70531,MeerKAT:array_1:20250714T160406Z,Gaia_6144686706821925504,37,599.2500455975533,-0.0427805938822227,382.28192,1,3,12.197937030828815,-44.38869543710301
13932,MeerKAT:array_1:20250718T054018Z,ex_LEDA_310383,7,551.9863020181656,-0.0101858556862435,377.97586,2,1,4.144116333333334,-65.76642700000001
72423,MeerKAT:array_1:20250715T135202Z,ex_ASASSN-V_J153642.66-332458.7,36,599.9937001466751,0.0427805938822227,367.8748,1,1,15.611851333333334,-33.4163
13938,MeerKAT:array_1:20250718T054018Z,ex_1RXS_J040840.0-654545,10,551.9863020181656,-0.0101858556862435,365.11414,2,1,4.144444466666667,-65.7625
68683,MeerKAT:array_1:20250713T184021Z,Gaia_6441447506497799680,15,599.9434486031532,-0.0325947381959792,358.93494,2,1,19.57711878900501,-63.575626847383575
89803,MeerKAT:array_1:20250723T043540Z,Gaia_4655129715706117888,56,613.1960157155991,0.012223026823492201,343.07574,3,2,4.8995981026875945,-70.02830194369544
113977,MeerKAT:array_1:20250710T060816Z,Gaia_5598481490870616320,22,647.2236377000809,0.006111513411746101,339.4574,1,1,7.6656351661455835,-30.70328780436589
89953,MeerKAT:array_1:20250723T045553Z,Gaia_4662258266237091456,3,613.196018755436,-0.022408882509735703,338.1112,4,2,5.076335458446856,-65.70060622797556
1647,MeerKAT:array_1:20250705T060310Z,Gaia_6441451011190833664,24,551.9478186964989,0.024446053646984402,338.0866,1,2,19.611003326571783,-63.70974104570915
113974,MeerKAT:array_1:20250710T060816Z,Gaia_5599130924282145664,14,647.2236326336861,0.048892107293968805,315.11893,2,1,7.6005351250684665,-30.796816973257794
182271,MeerKAT:array_1:20250729T055516Z,Gaia_4669698386509344000,3,599.9700360298157,0.0040743422744974,308.0387,2,1,4.097910474069144,-65.90062284566974
89973,MeerKAT:array_1:20250723T045553Z,Gaia_4662256926207290240,23,613.196018755436,-0.022408882509735703,305.52524,4,2,5.069113352092863,-65.70466834811567
78874,MeerKAT:array_1:20250729T170839Z,Gaia_1468255740033709568,37,599.9703785181046,-0.006111513411746101,298.00284,1,1,13.495003929247563,30.69540621570842
182395,MeerKAT:array_1:20250729T055516Z,Gaia_4669820226141548416,61,599.9700360298157,0.0040743422744974,288.98712,2,1,4.193504670016391,-65.42104572536599
122109,MeerKAT:array_1:20250723T043540Z,Gaia_4655049112084855680,34,647.9927255511284,-0.006111513411746101,286.1246,3,1,5.067910314177188,-70.48726978617641
122155,MeerKAT:array_1:20250723T043540Z,Gaia_4655157413997164544,57,647.9927255511284,-0.006111513411746101,285.036,3,1,4.9418081314462805,-69.92289411350099
122041,MeerKAT:array_1:20250723T043540Z,LMCTIMING3f,0,647.9927255511284,-0.006111513411746101,279.923,3,1,4.973705555555555,-70.40425000000002
113970,MeerKAT:array_1:20250710T060816Z,Gaia_5598525505696721024,3,647.223633646965,0.040743422744974,276.57474,2,1,7.666396119028038,-30.337600371044505
10554,MeerKAT:array_1:20250715T135202Z,ex_LEDA_682319,52,551.9936300516129,0.0101858556862435,270.386,1,1,15.603694466666669,-33.018333
81051,MeerKAT:array_1:20250729T055516Z,Gaia_4668950100127253376,25,608.0173040032387,-0.0264832247842331,263.50937,1,1,4.174278906866865,-66.14743239312746
113971,MeerKAT:array_1:20250710T060816Z,Gaia_5598500526165506560,11,647.2236397266388,-0.020371711372487,258.87598,1,1,7.666142706207026,-30.445411155503635
184900,MeerKAT:array_1:20250723T015429Z,Gaia_4661562687692839168,42,613.1960349678993,0.0020371711372487,256.77014,2,1,4.943989318278868,-67.96386390291963
457,MeerKAT:array_1:20250702T181451Z,ex_ASASSN-V_J153739.77-692830.9,45,551.9875574707985,-0.06926381866645581,255.9798,1,2,15.62771333333333,-69.47524
56327,MeerKAT:array_1:20250713T192439Z,Gaia_5820247316841038848,12,587.0343354344368,0.0753753320782019,253.2068,3,1,15.68770643633942,-68.73614519583782
23779,MeerKAT:array_1:20250715T124827Z,ex_[VV2006]_J131624.0-015835,14,559.9978215098381,-0.07944967435269931,249.07881,4,1,13.2733324,-1.9763640000000002
113972,MeerKAT:array_1:20250710T060816Z,Gaia_5599207305983174784,12,647.2236397266388,0.022408882509735703,248.03842,1,1,7.590481221722233,-30.589835698953372
56337,MeerKAT:array_1:20250713T192439Z,Gaia_5820257521683194112,22,587.0343354344368,0.0753753320782019,244.06345,3,1,15.626767205967367,-68.6626446521977
56316,MeerKAT:array_1:20250713T192439Z,Gaia_5820302223704827392,1,587.0343354344368,0.0753753320782019,242.99583,3,1,15.564950458921759,-68.46176835339826
96667,MeerKAT:array_1:20250715T124827Z,ex_[VV2006]_J131618.7-022454,13,623.9975724816322,-0.06722664752920711,240.09383,3,1,13.271848533333333,-2.415161
7637,MeerKAT:array_1:20250713T211114Z,Gaia_4189289733061987200,53,549.9949251413345,0.030557567058730504,238.64697,1,1,19.89869943136674,-11.945699053423308
96698,MeerKAT:array_1:20250715T124827Z,ex_[VV2006]_J131735.5-021504,26,623.9975724816322,-0.07741250321545061,234.17773,3,1,13.293173,-2.251123
113981,MeerKAT:array_1:20250710T060816Z,Gaia_5599267607321610240,62,647.2236407399178,-0.030557567058730504,230.80765,1,1,7.6422946886559515,-30.284899804562794
113976,MeerKAT:array_1:20250710T060816Z,Gaia_5598524474904569856,19,647.223634660244,0.0325947381959792,228.2265,2,1,7.668467506772621,-30.384123817896565
101865,MeerKAT:array_1:20250723T045553Z,Gaia_4662244728499252480,9,623.9689392447472,0.034631909333227906,228.14024,1,1,5.011741724013084,-65.77416602320677
5922,MeerKAT:array_1:20250713T190328Z,Gaia_6120581013894409216,60,551.9479291439056,-0.020371711372487,226.47697,2,2,14.138733570226515,-37.252987313335694
96690,MeerKAT:array_1:20250715T124827Z,ex_[VV2006]_J131716.7-014247,23,623.9975724816322,-0.06926381866645581,224.4072,3,1,13.287962333333335,-1.713211
122934,MeerKAT:array_1:20250728T151003Z,ex_V1613_Cen,3,647.9937702417374,0.0101858556862435,219.5508,1,1,13.444577800000001,-47.56297200000001
123160,MeerKAT:array_1:20250729T031818Z,Gaia_4669833489000553728,15,647.967806994915,-0.014260197960740902,219.03668,1,3,4.1310941761171875,-65.32172126909192
96656,MeerKAT:array_1:20250715T124827Z,ex_[VV2006]_J131600.8-021819,9,623.9975714683533,-0.06111513411746101,214.52612,1,1,13.266887200000001,-2.305604
113979,MeerKAT:array_1:20250710T060816Z,Gaia_5598498597711023232,57,647.2236326336861,0.05092927843121751,212.27702,2,1,7.6591027392321624,-30.516554350826215
5871,MeerKAT:array_1:20250713T190328Z,Gaia_6120581323132073088,43,551.9479291439056,-0.020371711372487,212.22473,2,2,14.138210390451512,-37.21535582409761
23861,MeerKAT:array_1:20250715T124827Z,ex_[VV2010c]_J131954.3-015649,48,559.9978215098381,-0.0733381609409532,211.75323,4,1,13.33175,-1.9469439999999998
162937,MeerKAT:array_1:20250715T135202Z,ex_LEDA_185107,42,554.7929864525795,0.0040743422744974,210.67671,1,1,15.565666666666669,-32.699167
71128,MeerKAT:array_1:20250715T053823Z,Gaia_4669672547986031616,37,599.9930151700974,-0.006111513411746101,210.57117,4,1,4.126828554987072,-66.27243008836483
71179,MeerKAT:array_1:20250715T053823Z,Gaia_4669672410547078016,60,599.9930151700974,-0.006111513411746101,207.34747,4,1,4.125730558554184,-66.29654555626988
71682,MeerKAT:array_1:20250715T130947Z,ex_ASASSN-V_J160825.66-601521.6,48,599.9433128237724,0.022408882509735703,206.57936,3,2,16.14048,-60.25620000000001
83913,MeerKAT:array_1:20250710T060816Z,Gaia_5598524474904569856,19,615.2239081263542,0.0733381609409532,206.14972,1,1,7.668467506772621,-30.384123817896565
71085,MeerKAT:array_1:20250715T053823Z,Gaia_4669749101483172096,17,599.9930151700974,-0.006111513411746101,205.2278,4,1,4.0750838927079664,-65.86043834520642
96687,MeerKAT:array_1:20250715T124827Z,ex_[VV2006]_J131716.4-021814,22,623.9975724816322,-0.07741250321545061,204.51183,3,1,13.2878838,-2.304098
96641,MeerKAT:array_1:20250715T124827Z,ex_IC_4218,3,623.9975724816322,-0.07944967435269931,204.19875,3,1,13.284281866666666,-2.261308
83918,MeerKAT:array_1:20250710T060816Z,Gaia_5599276472135039104,39,615.2239202857018,-0.024446053646984402,203.99205,1,1,7.66374765704225,-30.300738024982873
72295,MeerKAT:array_1:20250715T135202Z,ex_CRTS_J153145.8-330555,37,599.0289724469185,0.006111513411746101,202.74873,1,1,15.529409600000001,-33.098701
119948,MeerKAT:array_1:20250720T024534Z,Gaia_4668955288447797760,48,647.9731864929199,-0.020371711372487,200.05484,2,1,4.174426335117182,-66.03219708700108
71676,MeerKAT:array_1:20250715T130947Z,ex_ASASSN-V_J160755.47-601702.5,45,599.9433128237724,0.022408882509735703,200.0005,3,2,16.132074,-60.284040000000005
74041,MeerKAT:array_1:20250716T012443Z,Gaia_4669722541405576576,50,599.9432013630867,-0.0183345402352383,199.51521,4,2,4.152992540511332,-65.5309333918561
113978,MeerKAT:array_1:20250710T060816Z,Gaia_5599281660455475200,56,647.2236427664757,-0.0529664495684662,196.24397,1,1,7.655627793038695,-30.20644364137558
74044,MeerKAT:array_1:20250716T012443Z,Gaia_4669722541405576448,51,599.9432013630867,-0.0183345402352383,195.30368,4,2,4.152424275847108,-65.53037745812888
83920,MeerKAT:array_1:20250710T060816Z,Gaia_5599277331128504064,55,615.223913192749,0.034631909333227906,194.67522,3,1,7.660368968395012,-30.27873998052398
71142,MeerKAT:array_1:20250715T053823Z,Gaia_4669681305423190912,43,599.9930151700974,-0.006111513411746101,193.25235,4,1,4.144524387988824,-66.08909789821749
81020,MeerKAT:array_1:20250729T055516Z,Gaia_4669829537630636544,1,608.0173050165176,-0.030557567058730504,192.385,2,1,4.141682000641891,-65.40145979467135
73974,MeerKAT:array_1:20250716T012443Z,Gaia_4669881386475837568,28,599.9432013630867,-0.0183345402352383,188.91449,4,2,4.116890831064516,-65.27007389669399
83915,MeerKAT:array_1:20250710T060816Z,Gaia_5598498430221553408,25,615.223913192749,0.0325947381959792,188.11127,3,1,7.6635144297572175,-30.523079035079416
71658,MeerKAT:array_1:20250715T130947Z,ex_ASASSN-V_J161331.92-594649.8,36,599.9433128237724,0.022408882509735703,187.89183,3,2,16.225533333333335,-59.7805
119933,MeerKAT:array_1:20250720T024534Z,Gaia_4669837887047095808,40,647.9731864929199,-0.020371711372487,187.73434,2,1,4.160910216331892,-65.22471345940468
74004,MeerKAT:array_1:20250716T012443Z,Gaia_4669834657231665920,38,599.9432013630867,-0.0183345402352383,182.60315,4,2,4.128451644014942,-65.27505110478245
81070,MeerKAT:array_1:20250729T055516Z,ex_LEDA_88238,39,608.0172989368439,-0.006111513411746101,180.95795,1,1,4.1005861333333335,-65.595806
108903,MeerKAT:array_1:20250715T141354Z,ex_ASASSN-V_J151253.14-314549.0,25,639.99595028162,0.014260197960740902,180.637,1,2,15.214760666666667,-31.763619999999996
96714,MeerKAT:array_1:20250715T124827Z,ex_[VV2006]_J131831.2-020908,33,623.9975724816322,-0.06926381866645581,180.18925,3,1,13.308633466666667,-2.1521350000000004
81026,MeerKAT:array_1:20250729T055516Z,Gaia_4669698386509344000,3,608.0173121094704,-0.059077962980212305,179.80057,1,1,4.097910474069144,-65.90062284566974
81023,MeerKAT:array_1:20250729T055516Z,Gaia_4669682271792006784,2,608.0173080563545,-0.0427805938822227,179.69978,2,1,4.1354098070110155,-66.07965236400103
2186,MeerKAT:array_1:20250705T180344Z,Gaia_5820011368515962496,49,549.9945704936981,0.0468549361567201,177.83232,2,1,15.655529328734405,-69.41121528591228
78413,MeerKAT:array_1:20250729T031818Z,Gaia_4669818886111750144,4,599.9701920747757,-0.014260197960740902,176.22763,3,1,4.168433679843099,-65.39422479625793
179436,MeerKAT:array_1:20250713T145219Z,Gaia_6440692481309881728,26,599.9437444806099,0.0040743422744974,175.86906,3,1,19.677006958226457,-63.69271251192382
81099,MeerKAT:array_1:20250729T055516Z,Gaia_4669063418544615296,62,608.0173060297966,-0.0325947381959792,175.78041,1,1,4.221681056807896,-65.62459206214352
108898,MeerKAT:array_1:20250715T141354Z,ex_CRTS_J151153.7-310950,22,639.995951294899,0.0101858556862435,175.6505,1,2,15.198244599999999,-31.164175999999998
2153,MeerKAT:array_1:20250705T180344Z,Gaia_5820048889351878272,16,549.9945704936981,0.0468549361567201,175.36028,2,1,15.708524561717715,-68.92145643827737
78421,MeerKAT:array_1:20250729T031818Z,Gaia_4668949584729837440,8,599.9701920747757,-0.014260197960740902,175.19324,3,1,4.1879017053843155,-66.14794629130381
67312,MeerKAT:array_1:20250707T173400Z,Gaia_6144299438211598336,35,599.2500233054161,0.044817765019471406,174.62718,1,1,12.1934485100346,-44.44684484240833
51003,MeerKAT:array_1:20250729T055516Z,Gaia_4669813835230199552,8,576.0164030790329,-0.0631523052547097,173.356,3,1,4.1874627137203255,-65.49506827709992
65358,MeerKAT:array_1:20250705T060310Z,Gaia_6441068101970626176,20,599.250052690506,-0.0366690804704766,172.86627,1,3,19.67853894165212,-63.63821706071382
123602,MeerKAT:array_1:20250729T170839Z,Gaia_1468280307246645504,34,647.9680096507072,-0.012223026823492201,170.08109,1,1,13.499489043883964,30.776288047863186
113973,MeerKAT:array_1:20250710T060816Z,Gaia_5599317085346709632,13,647.223634660244,0.0325947381959792,169.77519,2,1,7.609315358411607,-30.164357023496013
78415,MeerKAT:array_1:20250729T031818Z,Gaia_4669042557886501376,5,599.9701920747757,-0.014260197960740902,167.49452,3,1,4.217418986775821,-65.84303965623303
83916,MeerKAT:array_1:20250710T060816Z,Gaia_5598384218450144896,32,615.223913192749,0.034631909333227906,167.48999,3,1,7.625629329276853,-31.036665536099974
76354,MeerKAT:array_1:20250723T012407Z,Gaia_4655481048352687616,42,599.9432033896446,-0.0264832247842331,167.25868,3,2,4.848741303180336,-68.94464122084017
81090,MeerKAT:array_1:20250729T055516Z,Gaia_4669841799760636416,56,608.0173100829124,-0.05092927843121751,167.01445,1,1,4.146595472178864,-65.17734267656826
179455,MeerKAT:array_1:20250713T145219Z,Gaia_6441477189014977664,45,599.9437444806099,0.0040743422744974,166.32341,3,1,19.62500889482548,-63.345943666155314
79482,MeerKAT:array_1:20250710T060816Z,Gaia_5599277331128504064,55,605.2497250437737,-0.0264832247842331,164.8043,1,1,7.660368968395012,-30.27873998052398
79481,MeerKAT:array_1:20250710T060816Z,Gaia_5599271902288558336,36,605.2497331500053,-0.044817765019471406,164.01402,1,1,7.6367335166123,-30.229050916148555
113975,MeerKAT:array_1:20250710T060816Z,Gaia_5599216342594110336,17,647.2236306071281,0.06722664752920711,163.18143,1,1,7.6061572980233665,-30.399488844792774
19653,MeerKAT:array_1:20250729T055516Z,Gaia_4669679763531089280,46,544.0154545307159,0.081486845489948,162.56668,4,1,4.130544250789143,-66.19270468726856
67314,MeerKAT:array_1:20250707T173400Z,Gaia_6144523257546777472,52,599.250027358532,0.07944967435269931,161.76884,1,2,12.185318447214762,-43.99892998420585
184899,MeerKAT:array_1:20250723T015429Z,Gaia_4661480464851111680,26,613.1960349678993,0.0020371711372487,160.99567,2,1,5.068606543978346,-67.61367442381386
19678,MeerKAT:array_1:20250729T055516Z,Gaia_4669674953167724544,55,544.0154555439949,0.07741250321545061,160.2906,2,1,4.11296482753483,-66.26936076310652
19621,MeerKAT:array_1:20250729T055516Z,ex_LEDA_308423,34,543.9845434427261,-0.0713009898037045,158.0511,2,1,4.211166666666667,-65.985556
19566,MeerKAT:array_1:20250729T055516Z,Gaia_4669817580441686144,12,544.0154545307159,0.081486845489948,157.22507,4,1,4.166635564075551,-65.44458280357456
19602,MeerKAT:array_1:20250729T055516Z,Gaia_4669742882370510976,27,543.9845454692841,-0.081486845489948,156.30855,2,1,4.067446852461383,-65.91400224334261
83922,MeerKAT:array_1:20250710T060816Z,Gaia_5599267607321610240,62,615.2239071130753,0.081486845489948,154.76768,2,1,7.6422946886559515,-30.284899804562794
89963,MeerKAT:array_1:20250723T045553Z,Gaia_4662055681230709888,13,613.196018755436,-0.022408882509735703,154.27562,4,2,5.114643261502846,-66.04781112790462
81083,MeerKAT:array_1:20250729T055516Z,Gaia_4668947007750901120,51,608.0173050165176,-0.030557567058730504,153.85043,2,1,4.22273698145336,-66.00010432971784
19682,MeerKAT:array_1:20250729T055516Z,Gaia_4668952058632374656,57,544.0154545307159,0.081486845489948,153.34337,4,1,4.186453100442643,-66.05871873116666
43730,MeerKAT:array_1:20250715T135202Z,ex_ASASSN-V_J153331.85-331131.8,26,569.5383151173592,0.0101858556862435,153.24257,2,1,15.55884666666667,-33.19218
68113,MeerKAT:array_1:20250710T060816Z,Gaia_5598525505696721024,3,599.2970060110092,-0.038706251607725305,153.15648,2,1,7.666396119028038,-30.337600371044505
179411,MeerKAT:array_1:20250713T145219Z,Gaia_6441451973263491712,1,599.9437444806099,0.0040743422744974,153.13046,3,1,19.62331094610222,-63.66446856992857
76324,MeerKAT:array_1:20250723T012407Z,Gaia_4655250322745151616,29,599.9432054162025,-0.040743422744974,152.34479,3,2,4.9842057600194325,-69.58903646861484
19582,MeerKAT:array_1:20250729T055516Z,Gaia_4669673441339225216,18,544.0154555439949,0.07741250321545061,151.46754,2,1,4.119545214141277,-66.26449045799765
120556,MeerKAT:array_1:20250723T012407Z,Gaia_4655302515195174272,48,647.9679822921753,-0.048892107293968805,150.01126,1,2,4.963464678154869,-69.01022771883325
100766,MeerKAT:array_1:20250723T022503Z,ex_BSDL_1784,31,623.9690760374069,0.0101858556862435,149.83395,1,3,5.4519833333333345,-69.515333
19553,MeerKAT:array_1:20250729T055516Z,Gaia_4669696217549777024,7,544.0154545307159,0.081486845489948,149.53165,4,1,4.075996947023834,-65.89093882974024
51135,MeerKAT:array_1:20250729T055516Z,Gaia_4669745356271672192,59,576.0163919329643,-0.0183345402352383,149.26381,3,1,4.051597110271225,-65.88873053507297
136,MeerKAT:array_1:20250702T175345Z,ex_LEDA_617235,24,551.9485249519348,-0.0264832247842331,149.18579,4,1,14.1102778,-37.81444400000001
8096,MeerKAT:array_1:20250714T160406Z,Gaia_6144611081037931904,7,549.9937183260918,0.0264832247842331,149.02116,1,1,12.24118483942694,-44.58691311955527
81038,MeerKAT:array_1:20250729T055516Z,Gaia_4669704395167601920,13,608.0173029899597,-0.022408882509735703,148.95018,1,1,4.089330357609727,-65.75709344094419
24452,MeerKAT:array_1:20250715T135202Z,ex_CRTS_J153443.6-330420,19,554.7929864525795,0.0101858556862435,147.69052,3,1,15.578744800000003,-33.072493
24461,MeerKAT:array_1:20250715T135202Z,ex_ASASSN-V_J153339.64-330209.6,28,554.7929864525795,0.0101858556862435,146.66277,3,1,15.561012,-33.03601
19555,MeerKAT:array_1:20250729T055516Z,Gaia_4669813835230199552,8,543.9845454692841,-0.081486845489948,146.55264,2,1,4.1874627137203255,-65.49506827709992
113702,MeerKAT:array_1:20250707T175557Z,ex_V4365_Sgr,3,647.967808008194,-0.081486845489948,146.01273,2,3,18.530726133333335,-23.931911
68112,MeerKAT:array_1:20250710T060816Z,Gaia_5598525505696721024,3,599.2032564282417,-0.028520395921481805,145.57497,2,1,7.666396119028038,-30.337600371044505
803,MeerKAT:array_1:20250702T183548Z,ex_LEDA_690992,59,551.9484337568283,-0.038706251607725305,143.86676,1,1,16.605055533333335,-32.489167
19574,MeerKAT:array_1:20250729T055516Z,Gaia_4669791226522616960,15,543.9845434427261,-0.0733381609409532,143.63994,2,1,4.094943305570081,-65.27244163902667
76292,MeerKAT:array_1:20250723T012407Z,Gaia_4655265234874516352,15,599.9432033896446,-0.0264832247842331,141.37282,3,2,4.963446978607777,-69.44564320150494
68170,MeerKAT:array_1:20250710T060816Z,Gaia_5598525471336985728,45,599.2970049977303,-0.028520395921481805,139.98999,2,1,7.665833977055321,-30.356464765566606
51027,MeerKAT:array_1:20250729T055516Z,Gaia_4669673441339225216,18,576.0163969993591,-0.038706251607725305,139.265,3,1,4.119545214141277,-66.26449045799765
67313,MeerKAT:array_1:20250707T173400Z,Gaia_6144680414692219648,38,599.250026345253,0.07944967435269931,139.25745,1,2,12.236824557992,-44.24219172575997
55302,MeerKAT:array_1:20250705T231238Z,Gaia_6441453794329653376,39,587.9920218586922,0.0264832247842331,139.15144,1,1,19.602747558001738,-63.69638635150585
113704,MeerKAT:array_1:20250707T175557Z,ex_ASASSN-V_J183157.21-242115.4,4,647.967808008194,-0.081486845489948,138.71786,2,3,18.532557999999998,-24.354270000000003
76284,MeerKAT:array_1:20250723T012407Z,Gaia_4655322718671293440,11,599.9432033896446,-0.0264832247842331,137.2658,3,2,4.851611814045074,-69.86857328818627
7305,MeerKAT:array_1:20250713T205023Z,Gaia_6757672445130624256,41,549.9948673844337,0.055003620705714906,137.09146,2,1,19.303664341705552,-32.443221044730905
7319,MeerKAT:array_1:20250713T205023Z,Gaia_6757717280293314304,55,549.9948673844337,0.055003620705714906,136.84271,2,1,19.32896784249747,-31.978954251343346
51145,MeerKAT:array_1:20250729T055516Z,Gaia_4669827304247693824,63,576.0163969993591,-0.038706251607725305,136.60983,3,1,4.177056046017465,-65.22618629693909
19588,MeerKAT:array_1:20250729T055516Z,Gaia_4669777139029784448,20,544.0154575705528,0.06926381866645581,136.56073,1,1,4.084813513333064,-65.58969630355705
51067,MeerKAT:array_1:20250729T055516Z,Gaia_4669728309545548800,33,576.0163888931274,-0.006111513411746101,136.06725,4,1,4.101071313012646,-65.70311296485484
68155,MeerKAT:array_1:20250710T060816Z,Gaia_5599276472135039104,39,599.2032554149628,-0.020371711372487,135.08887,3,1,7.66374765704225,-30.300738024982873
24435,MeerKAT:array_1:20250715T135202Z,ex_HD_138923,2,554.7929864525795,0.0101858556862435,134.44131,3,1,15.6031564,-33.092804
127,MeerKAT:array_1:20250702T175345Z,ex_ASASSN-V_J140942.97-372706.6,21,551.9485249519348,-0.0264832247842331,133.78862,4,1,14.161937333333332,-37.45184
76340,MeerKAT:array_1:20250723T012407Z,Gaia_4655252624846872448,35,599.9703501462936,-0.028520395921481805,131.03995,1,2,4.986566357342202,-69.48180639907388
76309,MeerKAT:array_1:20250723T012407Z,Gaia_4655138447417393408,22,599.9703491330147,-0.024446053646984402,130.02588,1,2,4.910436126566958,-69.85400451811363
217,MeerKAT:array_1:20250702T175345Z,Gaia_6117567630486215552,51,551.9485249519348,-0.0264832247842331,128.45714,4,1,14.140480480472146,-37.4336536689592
70885,MeerKAT:array_1:20250714T162550Z,Gaia_4077370891195826432,32,599.9433908462524,-0.006111513411746101,128.42673,3,2,18.49655499057641,-23.798655563335007
213283,MeerKAT:array_1:20250718T015317Z,Gaia_4669825036503317888,43,647.9947369098663,-0.0040743422744974,127.796104,1,1,4.172747992485113,-65.33026749371618
20325,MeerKAT:array_1:20250731T221802Z,Gaia_4669881730073228800,21,551.9718607664108,-0.012223026823492201,127.550446,2,1,4.121089116082664,-65.22537274200309
70903,MeerKAT:array_1:20250714T162550Z,Gaia_4077157998290927104,38,599.9433908462524,-0.006111513411746101,126.94368,3,2,18.516010869449442,-24.18741302262111
20324,MeerKAT:array_1:20250731T221802Z,Gaia_4669881317756360448,20,551.9718607664108,-0.012223026823492201,126.47268,2,1,4.114284896064607,-65.2759681140518
68156,MeerKAT:array_1:20250710T060816Z,Gaia_5599276472135039104,39,599.2970039844513,-0.022408882509735703,124.49499,4,1,7.66374765704225,-30.300738024982873
76260,MeerKAT:array_1:20250723T012407Z,LMCTIMING3a,0,599.9432023763657,-0.0162973690979896,124.00406,1,2,4.894188888888889,-69.40975
68169,MeerKAT:array_1:20250710T060816Z,Gaia_5598525471336985728,45,599.2032564282417,-0.024446053646984402,123.522545,1,1,7.665833977055321,-30.356464765566606
51022,MeerKAT:array_1:20250729T055516Z,Gaia_4669757450899696512,16,576.0163939595222,-0.0264832247842331,123.33223,3,1,4.067620171942552,-65.55620055227112
83921,MeerKAT:array_1:20250710T060816Z,Gaia_5598498597711023232,57,615.2239071130753,0.0835240166271967,122.74842,2,1,7.6591027392321624,-30.516554350826215
51114,MeerKAT:array_1:20250729T055516Z,Gaia_4668947007750901120,51,576.0164030790329,-0.0631523052547097,122.56421,3,1,4.22273698145336,-66.00010432971784
76343,MeerKAT:array_1:20250723T012407Z,Gaia_4655298490892879488,37,599.9432054162025,-0.040743422744974,122.06349,3,2,4.971548301924325,-69.1487931995962
76830,MeerKAT:array_1:20250723T022503Z,ex_[SL63]_504A,55,599.9702700972557,-0.0081486845489948,121.41192,3,3,5.478424999999999,-69.768444
102954,MeerKAT:array_1:20250729T170839Z,Gaia_1468206468168920192,32,623.9691945910454,-0.012223026823492201,121.38998,2,2,13.500368219714511,30.534252441677367
181500,MeerKAT:array_1:20250723T022503Z,ex_BSDL_1897,51,599.9702690839767,-0.0040743422744974,121.12242,2,3,5.4754778,-69.84225
188443,MeerKAT:array_1:20250731T221802Z,Gaia_4669778547779094528,45,623.9681884050369,-0.0040743422744974,120.60243,3,1,4.096527642593909,-65.49160127983093
112,MeerKAT:array_1:20250702T175345Z,ex_CRTS_J140802.1-372540,16,551.9485249519348,-0.0264832247842331,120.15516,4,1,14.133934,-37.427607
43706,MeerKAT:array_1:20250715T135202Z,ex_HD_138923,2,569.5383151173592,0.0101858556862435,120.153175,2,1,15.6031564,-33.092804
50997,MeerKAT:array_1:20250729T055516Z,Gaia_4668945152324985344,6,576.016399025917,-0.0468549361567201,120.050514,1,1,4.216304412134747,-66.06098824181976
188442,MeerKAT:array_1:20250731T221802Z,Gaia_4669881730073228800,21,623.9681884050369,-0.0040743422744974,119.98258,3,1,4.121089116082664,-65.22537274200309
76813,MeerKAT:array_1:20250723T022503Z,ex_BSDL_1874,46,599.9702700972557,-0.0081486845489948,119.73931,3,3,5.46945,-69.858111
181481,MeerKAT:array_1:20250723T022503Z,ex_BSDL_1858,42,599.9702690839767,-0.0040743422744974,119.50989,2,3,5.466613866666666,-69.93066700000001
51030,MeerKAT:array_1:20250729T055516Z,Gaia_4668961679359201792,19,576.0163899064064,-0.0101858556862435,119.44119,2,1,4.199179084662621,-65.8120434681639
153315,MeerKAT:array_1:20250709T013528Z,ex_GALEX_J191137.0-601957,56,551.9478572010994,0.0040743422744974,119.16556,1,4,19.1936568,-60.33239
70891,MeerKAT:array_1:20250714T162550Z,Gaia_4077369138849069824,34,599.9433908462524,-0.006111513411746101,118.937416,3,2,18.493715440106186,-23.865643123051104
76826,MeerKAT:array_1:20250723T022503Z,ex_BSDL_1906,53,599.9702700972557,-0.0081486845489948,118.55273,3,3,5.478047200000001,-69.830833
76402,MeerKAT:array_1:20250723T012407Z,Gaia_4655298456380769024,62,599.9432054162025,-0.040743422744974,118.458984,3,2,4.973627374462038,-69.14060043416808
208739,MeerKAT:array_1:20250713T145219Z,Gaia_6440997462644215808,51,647.969217479229,-0.0040743422744974,118.03504,4,1,19.704509668688644,-64.03717306570901
113066,MeerKAT:array_1:20250705T194745Z,Gaia_4189257984664230144,57,647.9679316282272,-0.006111513411746101,117.77712,2,1,19.950061748378957,-11.817751966212445
208736,MeerKAT:array_1:20250713T145219Z,Gaia_6441443241594297856,39,647.969217479229,-0.0040743422744974,117.648636,4,1,19.586688103641542,-63.67451121871991
168296,MeerKAT:array_1:20250714T160406Z,Gaia_6144679628716049280,30,575.9920347332954,0.0040743422744974,117.64766,1,1,12.228354594375299,-44.27250221549355
208735,MeerKAT:array_1:20250713T145219Z,Gaia_6441431494859487360,37,647.969217479229,-0.0040743422744974,117.584656,4,1,19.58805236143129,-63.68540586499212
51008,MeerKAT:array_1:20250729T055516Z,Gaia_4669683783620510976,10,576.0163888931274,-0.006111513411746101,117.17918,4,1,4.129193475748037,-66.06327601751067
89596,MeerKAT:array_1:20250723T033528Z,Gaia_4661392813148576640,49,613.1959772109985,0.020371711372487,115.9207,4,1,5.131223719448947,-68.282021235334
78484,MeerKAT:array_1:20250729T031818Z,Gaia_4668946801592453888,38,599.943115234375,0.0081486845489948,115.47342,2,1,4.221034584661104,-66.01635427594215
102940,MeerKAT:array_1:20250729T170839Z,Gaia_1456198392443226112,25,623.9691935777664,-0.006111513411746101,115.17975,1,2,13.533173639238745,30.358675809133004
51039,MeerKAT:array_1:20250729T055516Z,Gaia_4669821394372662144,22,576.0163899064064,-0.0101858556862435,114.60139,2,1,4.184742948302742,-65.36602549302735
208731,MeerKAT:array_1:20250713T145219Z,Gaia_6440622151222438528,2,647.969217479229,-0.0040743422744974,114.39662,4,1,19.7035383542958,-64.04685504475536
51070,MeerKAT:array_1:20250729T055516Z,ex_LEDA_308423,34,576.0163939595222,-0.0264832247842331,114.29799,3,1,4.211166666666667,-65.985556
68138,MeerKAT:array_1:20250710T060816Z,Gaia_5598498430221553408,25,599.2032584547997,-0.048892107293968805,113.31529,1,1,7.6635144297572175,-30.523079035079416
51073,MeerKAT:array_1:20250729T055516Z,ex_PGC0309704,35,576.0163959860802,-0.034631909333227906,113.31436,3,1,4.211972200000001,-65.840833
50001,MeerKAT:array_1:20250723T045553Z,Gaia_4663553628377159680,30,575.9778275489807,-0.0101858556862435,113.09102,3,2,5.130607278476588,-65.88029687220329
51104,MeerKAT:array_1:20250729T055516Z,Gaia_4669833626439507328,47,576.0164030790329,-0.0631523052547097,112.84901,3,1,4.132758359075149,-65.29922643670864
112998,MeerKAT:array_1:20250705T194745Z,ex_ASASSN-V_J195628.07-115349.6,23,647.9679316282272,-0.006111513411746101,112.7128,2,1,19.941129333333333,-11.89711
68126,MeerKAT:array_1:20250710T060816Z,Gaia_5598500526165506560,11,599.1876184940338,0.081486845489948,112.03267,1,1,7.666142706207026,-30.445411155503635
49998,MeerKAT:array_1:20250723T045553Z,Gaia_4663762226323893120,28,575.9778275489807,-0.0101858556862435,111.89106,3,2,5.083597068564491,-65.52392140616936
68190,MeerKAT:array_1:20250710T060816Z,Gaia_5598500109539602176,58,599.2032442688942,0.0733381609409532,111.53546,1,1,7.664372232600502,-30.478593595647865
112165,MeerKAT:array_1:20250705T180344Z,Gaia_5820279649343898112,63,647.9680451154709,-0.024446053646984402,111.44115,4,1,15.597402739780344,-68.76715387659533
112102,MeerKAT:array_1:20250705T180344Z,Gaia_5820260300511914752,41,647.968043088913,-0.020371711372487,110.90252,4,1,15.643079224423788,-68.50671670290036
112014,MeerKAT:array_1:20250705T180344Z,Gaia_5820107816301998336,11,647.968043088913,-0.020371711372487,110.25781,4,1,15.59973104010551,-69.41654829235837
112135,MeerKAT:array_1:20250705T180344Z,Gaia_5820272811768181504,52,647.968043088913,-0.020371711372487,110.21438,4,1,15.578368718390266,-68.85812441320499
81065,MeerKAT:array_1:20250729T055516Z,ex_LEDA_177095,36,608.0173080563545,-0.0427805938822227,110.02071,2,1,4.216333333333333,-66.01111100000001
116067,MeerKAT:array_1:20250714T160406Z,Gaia_6143893198726982656,35,647.993126809597,-0.020371711372487,109.53267,4,1,12.28393565263213,-44.35218308177382
152101,MeerKAT:array_1:20250705T194745Z,Gaia_4189314712592415872,51,551.9478592276573,-0.0020371711372487,109.38964,2,4,19.93406519367014,-11.628536850049013
50018,MeerKAT:array_1:20250723T045553Z,Gaia_4662326023637459456,46,575.9778275489807,-0.0101858556862435,109.33704,3,2,5.001939485882351,-65.4120891207962
102976,MeerKAT:array_1:20250729T170839Z,Gaia_1456188187600995840,43,623.9691945910454,-0.012223026823492201,109.02044,2,2,13.560733730895503,30.37102121538235
90143,MeerKAT:array_1:20250728T151003Z,ex_V1697_Cen,17,615.2238787412643,-0.044817765019471406,109.01462,1,2,13.450836133333333,-47.462778
68185,MeerKAT:array_1:20250710T060816Z,Gaia_5599277331128504064,55,599.2970060110092,-0.038706251607725305,108.85724,2,1,7.660368968395012,-30.27873998052398
79483,MeerKAT:array_1:20250710T060816Z,Gaia_5599182635689616896,59,605.2497351765633,-0.0529664495684662,108.67199,1,1,7.590155105708375,-30.6739085776498
51058,MeerKAT:array_1:20250729T055516Z,Gaia_4669784182776232576,30,576.0163696408272,0.0631523052547097,108.4804,1,1,4.074631580735912,-65.32674343183939
78460,MeerKAT:array_1:20250729T031818Z,Gaia_4669673819296350464,27,599.943115234375,0.0081486845489948,107.56466,2,1,4.127300434057377,-66.22128323197242
112017,MeerKAT:array_1:20250705T180344Z,Gaia_5820290197796144128,12,647.9680451154709,-0.024446053646984402,107.36235,4,1,15.549428562051888,-68.69055845612584
116011,MeerKAT:array_1:20250714T160406Z,Gaia_6144611081037931904,7,647.993126809597,-0.020371711372487,107.25131,4,1,12.24118483942694,-44.58691311955527
188441,MeerKAT:array_1:20250731T221802Z,Gaia_4669064896013382016,16,623.9681884050369,-0.0040743422744974,107.24903,3,1,4.218707550742008,-65.56268147769656
79480,MeerKAT:array_1:20250710T060816Z,J0737-3039A,0,605.2497361898422,-0.07944967435269931,107.01006,1,1,7.630902777777778,-30.661305555555554
116047,MeerKAT:array_1:20250714T160406Z,Gaia_6144627264474732928,25,647.993126809597,-0.020371711372487,106.73042,4,1,12.232318320924218,-44.428347999091436
68114,MeerKAT:array_1:20250710T060816Z,Gaia_5598525505696721024,3,599.3126317858696,-0.040743422744974,106.30565,2,1,7.666396119028038,-30.337600371044505
133748,MeerKAT:array_1:20250715T135202Z,Gaia_6014539542668216832,63,671.9929440021515,0.0468549361567201,106.12801,4,1,15.573086750896453,-33.002562659163786
152097,MeerKAT:array_1:20250705T194745Z,Gaia_4189321687618984448,48,551.9478592276573,-0.0020371711372487,106.055664,2,4,19.904402316272407,-11.677636232505538
133690,MeerKAT:array_1:20250715T135202Z,ex_RX_J1534.3-3300,5,671.9929440021515,0.0468549361567201,106.026726,4,1,15.573093666666669,-33.002444
112075,MeerKAT:array_1:20250705T180344Z,Gaia_5820299779850401280,32,647.9680451154709,-0.024446053646984402,105.89277,4,1,15.571317188043771,-68.44444064256174
133686,MeerKAT:array_1:20250715T135202Z,ex_4FGL_J1534.3-3312,1,671.9929440021515,0.0468549361567201,105.648544,4,1,15.572000000000001,-33.202222
108533,MeerKAT:array_1:20250715T135202Z,ex_CRTS_J153340.5-333253,15,639.995977640152,-0.020371711372487,105.45559,3,2,15.5613082,-33.548002
72820,MeerKAT:array_1:20250715T141354Z,ex_ASASSN-V_J151253.14-314549.0,25,595.3426737189293,0.028520395921481805,105.00253,2,1,15.214760666666667,-31.763619999999996
112149,MeerKAT:array_1:20250705T180344Z,Gaia_5820250924613715456,57,647.9680451154709,-0.024446053646984402,104.55034,4,1,15.689527257153982,-68.57154920039467
49825,MeerKAT:array_1:20250723T043540Z,Gaia_4655314747212415104,38,575.993534386158,-0.0081486845489948,103.01702,2,1,4.886299094965219,-70.13589265952004
51033,MeerKAT:array_1:20250729T055516Z,Gaia_4669777139029784448,20,576.0163919329643,-0.0183345402352383,102.97867,3,1,4.084813513333064,-65.58969630355705
112066,MeerKAT:array_1:20250705T180344Z,Gaia_5820218763897141760,29,647.968043088913,-0.020371711372487,102.89519,4,1,15.623708011310871,-69.10319534503685
116097,MeerKAT:array_1:20250714T160406Z,Gaia_6143883032542049152,50,647.993126809597,-0.020371711372487,102.85584,4,1,12.248390709103957,-44.62757927562481
69013,MeerKAT:array_1:20250713T190328Z,Gaia_6117498533052736128,59,599.9705730676651,-0.06722664752920711,102.83617,2,1,14.182291923512215,-37.86089344896208
68116,MeerKAT:array_1:20250710T060816Z,Gaia_5598501969274501504,5,599.2970039844513,-0.020371711372487,101.94122,4,1,7.664316118533852,-30.376746889332193
108552,MeerKAT:array_1:20250715T135202Z,ex_ASASSN-V_J153354.39-333109.3,29,639.995977640152,-0.020371711372487,101.71027,3,2,15.565107333333334,-33.51926
79992,MeerKAT:array_1:20250715T135202Z,ex_ASASSN-V_J153513.42-332316.8,32,606.4016367793083,0.006111513411746101,101.64122,1,1,15.587060000000003,-33.388
68171,MeerKAT:array_1:20250710T060816Z,Gaia_5598525471336985728,45,599.3126317858696,-0.0427805938822227,100.57851,2,1,7.665833977055321,-30.356464765566606
94181,MeerKAT:array_1:20250710T060816Z,Gaia_5599221256037037440,46,623.9902525544167,0.05704079184296361,100.40741,2,1,7.604933595012089,-30.31633722525505
68111,MeerKAT:array_1:20250710T060816Z,Gaia_5598525505696721024,3,599.1876316666603,-0.028520395921481805,99.96463,3,1,7.666396119028038,-30.337600371044505
133705,MeerKAT:array_1:20250715T135202Z,ex_ASASSN-V_J153641.93-331910.4,20,671.9929440021515,0.0468549361567201,99.60107,4,1,15.611646666666667,-33.31955000000001
49891,MeerKAT:array_1:20250723T043540Z,Gaia_4654709328621821440,60,575.993534386158,-0.0081486845489948,97.91429,2,1,4.884588938084892,-70.78448278103595
51142,MeerKAT:array_1:20250729T055516Z,Gaia_4669063418544615296,62,576.0163939595222,-0.0264832247842331,97.85681,3,1,4.221681056807896,-65.62459206214352
68195,MeerKAT:array_1:20250710T060816Z,Gaia_5598480734956276992,60,599.2032554149628,-0.020371711372487,97.592445,3,1,7.672118699505521,-30.702578039866243
94186,MeerKAT:array_1:20250710T060816Z,Gaia_5599212769181485184,49,623.9902525544167,0.05704079184296361,97.57791,2,1,7.5927965050516875,-30.463461068391993
68967,MeerKAT:array_1:20250713T190328Z,Gaia_6117563438598390784,36,599.9705730676651,-0.06722664752920711,96.901085,2,1,14.15118247697897,-37.52266033547073
108529,MeerKAT:array_1:20250715T135202Z,ex_Gaia_DR2_6014515417835108352,12,639.995977640152,-0.020371711372487,96.67823,3,2,15.5393338,-33.354266
51055,MeerKAT:array_1:20250729T055516Z,Gaia_4669831908452598912,29,576.0164020657539,-0.059077962980212305,96.42125,1,1,4.146676761205213,-65.3115685745419
51081,MeerKAT:array_1:20250729T055516Z,ex_LEDA_310253,38,576.0163959860802,-0.034631909333227906,96.4044,3,1,4.087444466666667,-65.780833
58443,MeerKAT:array_1:20250715T124827Z,ex_[VV2006]_J131908.3-014326,38,591.9976949691772,0.014260197960740902,95.039375,4,1,13.318970933333333,-1.7239460000000002
51084,MeerKAT:array_1:20250729T055516Z,ex_LEDA_88238,39,576.0163959860802,-0.034631909333227906,94.19565,3,1,4.1005861333333335,-65.595806
89581,MeerKAT:array_1:20250723T033528Z,Gaia_4658250821295243264,34,613.1959751844406,0.038706251607725305,93.661545,2,1,5.22787336277404,-68.98549445629331
48411,MeerKAT:array_1:20250723T012407Z,Gaia_4655398756780844416,26,575.9936833381653,-0.024446053646984402,93.1044,4,1,4.791778924951411,-69.46565810809159
48429,MeerKAT:array_1:20250723T012407Z,Gaia_4655476753385618816,32,575.9936833381653,-0.0264832247842331,92.57443,4,1,4.8709959692715685,-69.02733090537116
116674,MeerKAT:array_1:20250715T124827Z,ex_[VV2006]_J131624.0-015835,14,647.9930143356323,0.055003620705714906,92.427315,3,2,13.2733324,-1.9763640000000002
2122,MeerKAT:array_1:20250705T180344Z,Gaia_5820272811768181504,52,544.0813024640083,0.040743422744974,92.02042,2,2,15.578368718390266,-68.85812441320499
65952,MeerKAT:array_1:20250705T180344Z,Gaia_5820122865867721216,14,599.9704109430313,-0.020371711372487,92.01033,3,1,15.60528324969986,-69.2112823918593
24872,MeerKAT:array_1:20250715T135202Z,ex_LEDA_682319,52,560.3224831819534,0.0183345402352383,91.91203,4,1,15.603694466666669,-33.018333
66006,MeerKAT:array_1:20250705T180344Z,Gaia_5820306965349612416,39,599.9704109430313,-0.020371711372487,91.7204,3,1,15.625973042174287,-68.52691497202476
48360,MeerKAT:array_1:20250723T012407Z,Gaia_4655270113956994688,9,575.9936833381653,-0.0264832247842331,91.69236,4,1,4.9457912039536875,-69.32182914412752
68173,MeerKAT:array_1:20250710T060816Z,Gaia_5599212769181485184,49,599.2032564282417,-0.030557567058730504,91.44701,2,1,7.5927965050516875,-30.463461068391993
51017,MeerKAT:array_1:20250729T055516Z,Gaia_4668944705648386048,14,576.0163888931274,-0.006111513411746101,91.33186,4,1,4.211973607173975,-66.08259339842046
85515,MeerKAT:array_1:20250715T124827Z,ex_ATO_J199.0886-01.7543,2,613.1930174231529,-0.0264832247842331,91.182434,3,1,13.272576733333333,-1.754334
48465,MeerKAT:array_1:20250723T012407Z,Gaia_4655272519140479360,44,575.9936833381653,-0.0264832247842331,91.01621,4,1,4.9720039947601755,-69.28275298918173
116666,MeerKAT:array_1:20250715T124827Z,ex_[VV2006]_J131604.1-013605,10,647.9930143356323,0.055003620705714906,90.53655,3,2,13.267814333333334,-1.601571
87877,MeerKAT:array_1:20250720T024534Z,Gaia_4669051736233571456,23,613.1961596012115,-0.030557567058730504,90.49279,3,4,4.231850533965501,-65.65654386115277
116760,MeerKAT:array_1:20250715T124827Z,ex_UGC_8340,57,647.9930143356323,0.055003620705714906,90.41059,3,2,13.276528733333333,-2.091341
68120,MeerKAT:array_1:20250710T060816Z,Gaia_5599312721659940480,6,599.2032614946365,-0.06926381866645581,90.13955,1,1,7.613055388064624,-30.264829743572935
98198,MeerKAT:array_1:20250715T143518Z,Gaia_6272609421513627776,44,626.6923686265945,0.024446053646984402,90.10524,1,3,14.376521863256167,-24.73369839000132
65942,MeerKAT:array_1:20250705T180344Z,Gaia_5820252883118456448,9,599.9704109430313,-0.020371711372487,89.87183,3,1,15.646819016473469,-68.76881699283078
68163,MeerKAT:array_1:20250710T060816Z,Gaia_5599157724878925056,42,599.2032625079155,-0.07944967435269931,89.43993,1,1,7.598532858055831,-30.738460643080522
87702,MeerKAT:array_1:20250718T054018Z,Gaia_4669672513626296192,40,613.1961190700531,0.006111513411746101,89.43729,4,1,4.131086643778785,-66.28961764790259
51094,MeerKAT:array_1:20250729T055516Z,ex_OGLE_MBR229.17.00041,43,576.0163919329643,-0.0183345402352383,89.15732,3,1,4.1774528,-65.606486
2075,MeerKAT:array_1:20250705T180344Z,Gaia_5820122865867721216,14,544.0813024640083,0.040743422744974,88.769615,2,2,15.60528324969986,-69.2112823918593
87705,MeerKAT:array_1:20250718T054018Z,Gaia_4668962126035780992,45,613.1961190700531,0.006111513411746101,88.2615,4,1,4.176557460022738,-65.9259607223772
85569,MeerKAT:array_1:20250715T124827Z,ex_PGC1089638,56,613.1930174231529,-0.0264832247842331,88.118324,3,1,13.276388866666668,-2.524444
68154,MeerKAT:array_1:20250710T060816Z,Gaia_5599276472135039104,39,599.1876306533813,-0.0162973690979896,87.76843,2,1,7.66374765704225,-30.300738024982873
72795,MeerKAT:array_1:20250715T141354Z,J1513_0-3118,0,595.3426737189293,0.028520395921481805,87.65573,2,1,15.2152,-31.238
58442,MeerKAT:array_1:20250715T124827Z,ex_[VV2006]_J131905.8-015208,37,591.9976949691772,0.014260197960740902,87.39496,4,1,13.318295066666668,-1.8691169999999997
24755,MeerKAT:array_1:20250715T135202Z,ex_HD_138923,2,560.3224831819534,0.0183345402352383,86.4626,4,1,15.6031564,-33.092804
51120,MeerKAT:array_1:20250729T055516Z,Gaia_4668925567273907840,53,576.0163969993591,-0.038706251607725305,86.05613,3,1,4.168841169892335,-66.27594109641963
24874,MeerKAT:array_1:20250715T135202Z,ex_LEDA_682471,53,560.3224831819534,0.0183345402352383,85.83038,4,1,15.6042778,-33.008889
68174,MeerKAT:array_1:20250710T060816Z,Gaia_5599212769181485184,49,599.2970039844513,-0.022408882509735703,85.10668,4,1,7.5927965050516875,-30.463461068391993
68168,MeerKAT:array_1:20250710T060816Z,Gaia_5598525471336985728,45,599.1876316666603,-0.030557567058730504,84.724815,3,1,7.665833977055321,-30.356464765566606
85565,MeerKAT:array_1:20250715T124827Z,ex_2dFGRS_TGN261Z280,52,613.1930174231529,-0.0264832247842331,84.565414,3,1,13.2609722,-2.171389
64430,MeerKAT:array_1:20250702T181451Z,ex_ASASSN-V_J153347.95-683601.9,39,599.9714404344559,-0.0753753320782019,84.16339,1,1,15.56331866666667,-68.60054
68124,MeerKAT:array_1:20250710T060816Z,Gaia_5598375731594665088,10,599.2032574415207,-0.0325947381959792,83.1367,1,1,7.64278437054089,-31.064896356459144
87899,MeerKAT:array_1:20250720T024534Z,Gaia_4668939001931763328,45,613.1961636543274,-0.0529664495684662,83.07358,4,4,4.198608767152365,-66.1656728590312
68121,MeerKAT:array_1:20250710T060816Z,Gaia_5599312721659940480,6,599.2969938516617,0.06722664752920711,82.21435,1,1,7.613055388064624,-30.264829743572935
68165,MeerKAT:array_1:20250710T060816Z,Gaia_5598366213947478784,44,599.2032554149628,-0.020371711372487,81.84391,3,1,7.635507172994637,-31.229400284383157
68157,MeerKAT:array_1:20250710T060816Z,Gaia_5599276472135039104,39,599.3126287460327,-0.0162973690979896,80.98842,2,1,7.66374765704225,-30.300738024982873
186073,MeerKAT:array_1:20250705T182441Z,Gaia_6024451846168225792,40,623.969203710556,-0.0020371711372487,80.40909,1,2,16.568061610024227,-32.912638226834346
186072,MeerKAT:array_1:20250705T182441Z,Gaia_6024574579156381184,31,623.969203710556,0.0040743422744974,80.35901,2,2,16.587601655646846,-32.35023090677736
25824,MeerKAT:array_1:20250715T143518Z,Gaia_6272525888693262976,55,560.3367025256157,0.0366690804704766,80.042114,3,3,14.334261811389123,-24.81494050421061
68130,MeerKAT:array_1:20250710T060816Z,Gaia_5598524474904569856,19,599.3126165866852,0.0835240166271967,79.74969,1,1,7.668467506772621,-30.384123817896565
92377,MeerKAT:array_1:20250705T182441Z,Gaia_6024557330567517824,50,623.969203710556,0.006111513411746101,79.6779,2,2,16.59634508595524,-32.49659354007232
96305,MeerKAT:array_1:20250714T162550Z,Gaia_4077157478516625664,33,623.9953493475914,-0.020371711372487,79.62407,1,1,18.514147669408864,-24.22387987252819
51036,MeerKAT:array_1:20250729T055516Z,Gaia_4668930549436118656,21,576.0163655877113,0.081486845489948,79.41001,1,1,4.15654977847418,-66.13405048272158
68166,MeerKAT:array_1:20250710T060816Z,Gaia_5598366213947478784,44,599.2970049977303,-0.0264832247842331,78.95829,2,1,7.635507172994637,-31.229400284383157
67411,MeerKAT:array_1:20250707T173400Z,Gaia_6143878840653944832,21,599.943297624588,-0.0081486845489948,78.69002,1,4,12.2491288077555,-44.70866563991697
51061,MeerKAT:array_1:20250729T055516Z,Gaia_4669834588512188800,31,576.0163888931274,-0.006111513411746101,78.57425,4,1,4.124015676499782,-65.26688565509318
208329,MeerKAT:array_1:20250708T010310Z,Gaia_6441472176789726080,50,647.96712911129,-0.0040743422744974,78.5334,1,1,19.594808841674027,-63.44199770415158
68148,MeerKAT:array_1:20250710T060816Z,Gaia_5598358929681818496,34,599.2969918251038,0.081486845489948,78.48357,1,1,7.610515279370913,-31.17518150277114
87714,MeerKAT:array_1:20250718T054018Z,Gaia_4669738965360548992,61,613.1961079239845,-0.024446053646984402,78.379845,3,2,4.125922893998846,-65.41172911669541
68107,MeerKAT:array_1:20250710T060816Z,Gaia_5598368344251216896,1,599.3126317858696,-0.0183345402352383,76.69099,2,1,7.63872312284349,-31.163298601414553
25837,MeerKAT:array_1:20250715T143518Z,Gaia_6272863649217730304,62,560.3367025256157,0.0366690804704766,76.214806,3,3,14.353912251757022,-24.09583055496014
96659,MeerKAT:array_1:20250715T124827Z,ex_[VV2006]_J131604.1-013605,10,624.0616188049316,0.012223026823492201,76.05697,1,1,13.267814333333334,-1.601571
21637,MeerKAT:array_1:20250705T192701Z,ex_CRTS_J191451.8-315431,31,558.3987973928452,0.022408882509735703,75.88935,1,2,19.2477174,-31.909167000000004
71875,MeerKAT:array_1:20250715T133052Z,ex_LEDA_766727,24,599.417295396328,0.0101858556862435,75.792885,3,2,15.31033333333333,-26.543611000000002
129346,MeerKAT:array_1:20250702T185632Z,ex_ASASSN-V_J174422.24-155907.0,48,671.9932935833931,-0.0631523052547097,75.36272,4,1,17.73953733333333,-15.98527
58438,MeerKAT:array_1:20250715T124827Z,ex_[VV2006]_J131704.3-020048,18,591.9976949691772,0.014260197960740902,75.201935,4,1,13.284515200000001,-2.013457
43071,MeerKAT:array_1:20250715T124827Z,ex_2dFGRS_TGN194Z171,55,572.7162426710129,-0.0733381609409532,74.92113,4,1,13.276163599999999,-2.514847
9782,MeerKAT:array_1:20250715T135202Z,ex_CRTS_J153340.5-333253,15,544.2660100460052,-0.006111513411746101,74.80851,2,1,15.5613082,-33.548002
68162,MeerKAT:array_1:20250710T060816Z,Gaia_5599157724878925056,42,599.1876367330551,-0.06926381866645581,74.23233,1,1,7.598532858055831,-30.738460643080522
180354,MeerKAT:array_1:20250715T133052Z,Gaia_6226381348483140864,44,599.4172964096069,0.0040743422744974,74.2184,2,2,15.241540950766593,-26.274121234870925
43072,MeerKAT:array_1:20250715T124827Z,ex_PGC1089638,56,572.7162426710129,-0.0733381609409532,74.06155,4,1,13.276388866666668,-2.524444
87910,MeerKAT:array_1:20250720T024534Z,Gaia_4669743947522399488,56,613.1961636543274,-0.0529664495684662,73.89051,4,4,4.0583269078330115,-65.87681956758551
68125,MeerKAT:array_1:20250710T060816Z,Gaia_5598375731594665088,10,599.2970039844513,-0.022408882509735703,73.833466,4,1,7.64278437054089,-31.064896356459144
58447,MeerKAT:array_1:20250715T124827Z,ex_2dFGRS_TGN195Z209,44,591.9976969957352,-0.0651894763919584,73.34274,3,1,13.317992733333334,-2.3105060000000006
32588,MeerKAT:array_1:20250715T135202Z,ex_HD_138923,2,567.6951475143433,0.0183345402352383,73.33735,4,1,15.6031564,-33.092804
129361,MeerKAT:array_1:20250702T185632Z,ex_ASASSN-V_J174444.99-160553.8,60,671.9932935833931,-0.0631523052547097,73.26133,4,1,17.74583,-16.09829
71858,MeerKAT:array_1:20250715T133052Z,ex_CRTS_J151533.5-261942,2,599.417294383049,0.012223026823492201,73.02709,1,2,15.259337866666668,-26.328107
43018,MeerKAT:array_1:20250715T124827Z,ex_ATO_J199.0886-01.7543,2,572.7162426710129,-0.0733381609409532,72.95808,4,1,13.272576733333333,-1.754334
43060,MeerKAT:array_1:20250715T124827Z,ex_2dFGRS_TGN195Z209,44,572.7162426710129,-0.0733381609409532,72.8133,4,1,13.317992733333334,-2.3105060000000006
208195,MeerKAT:array_1:20250708T010310Z,Gaia_6441073569464772480,5,647.98373067379,-0.0040743422744974,72.6651,1,1,19.73514376797775,-63.49657411406073
129339,MeerKAT:array_1:20250702T185632Z,ex_ASASSN-V_J174406.90-155127.8,43,671.9932935833931,-0.0631523052547097,72.63415,4,1,17.735248666666667,-15.857709999999999
129337,MeerKAT:array_1:20250702T185632Z,ex_ASASSN-V_J174403.73-152506.9,41,671.9932935833931,-0.0631523052547097,72.251686,4,1,17.734369333333333,-15.41858
68184,MeerKAT:array_1:20250710T060816Z,Gaia_5599277331128504064,55,599.1876306533813,-0.0183345402352383,72.20743,3,1,7.660368968395012,-30.27873998052398
87700,MeerKAT:array_1:20250718T054018Z,Gaia_4669833660799254528,36,613.1961079239845,-0.024446053646984402,72.0604,3,2,4.134321813513158,-65.28212286094538
68106,MeerKAT:array_1:20250710T060816Z,Gaia_5598368344251216896,1,599.1876235604286,0.06722664752920711,72.051765,2,1,7.63872312284349,-31.163298601414553
117308,MeerKAT:array_1:20250715T133052Z,ex_CRTS_J151416.5-262637,4,648.5687442421913,0.0183345402352383,72.04053,1,2,15.237925666666666,-26.443229
68117,MeerKAT:array_1:20250710T060816Z,Gaia_5598501969274501504,5,599.3126287460327,-0.022408882509735703,71.74779,1,1,7.664316118533852,-30.376746889332193
68104,MeerKAT:array_1:20250710T060816Z,J0737-3039A,0,599.3126378655434,-0.0651894763919584,71.589806,1,1,7.630902777777778,-30.661305555555554
68186,MeerKAT:array_1:20250710T060816Z,Gaia_5599277331128504064,55,599.3126307725906,-0.0366690804704766,71.36223,1,1,7.660368968395012,-30.27873998052398
73124,MeerKAT:array_1:20250715T141354Z,ex_ASASSN-V_J151356.05-305606.0,28,599.9707970023155,0.081486845489948,71.2188,1,1,15.232199333333334,-30.935089999999995
69366,MeerKAT:array_1:20250713T194539Z,Gaia_6024349694670947072,28,599.970393717289,-0.0631523052547097,71.16717,3,2,16.635563903413342,-32.85357959660626
65359,MeerKAT:array_1:20250705T060310Z,Gaia_6441454756402320000,23,599.2500537037849,-0.0835240166271967,71.09235,1,3,19.61181055670903,-63.6028774991896
79848,MeerKAT:array_1:20250715T124827Z,ex_PGC1089638,56,611.7051267027855,-0.0733381609409532,70.97246,3,1,13.276388866666668,-2.524444
81572,MeerKAT:array_1:20250702T183548Z,ex_ASASSN-V_J163421.20-325447.5,24,613.1959427595139,-0.0081486845489948,70.593475,4,1,16.572556000000002,-32.9132
87713,MeerKAT:array_1:20250718T054018Z,Gaia_4669776280036326528,58,613.1961079239845,-0.024446053646984402,70.17071,3,2,4.091606107838294,-65.61029024079076
68122,MeerKAT:array_1:20250710T060816Z,Gaia_5599274200085746816,7,599.1876235604286,0.0651894763919584,70.11369,2,1,7.642385414589503,-30.117535941490633
96881,MeerKAT:array_1:20250715T130947Z,ex_ASASSN-V_J161331.92-594649.8,36,623.9933329224586,0.048892107293968805,69.77271,1,2,16.225533333333335,-59.7805
32632,MeerKAT:array_1:20250715T135202Z,ex_2MASX_J15352824-3307053,46,567.6951475143433,0.0183345402352383,69.74304,4,1,15.591182133333334,-33.11827100000001
68123,MeerKAT:array_1:20250710T060816Z,Gaia_5599274200085746816,7,599.312620639801,0.07944967435269931,69.6583,1,1,7.642385414589503,-30.117535941490633
179344,MeerKAT:array_1:20250710T060816Z,Gaia_5599116974227915648,43,599.1876296401024,0.0020371711372487,69.27547,1,1,7.604042583828039,-30.94820049327057
68115,MeerKAT:array_1:20250710T060816Z,Gaia_5598501969274501504,5,599.1876336932182,-0.048892107293968805,68.9941,1,1,7.664316118533852,-30.376746889332193
69405,MeerKAT:array_1:20250713T194539Z,Gaia_6024340589341112448,41,599.970393717289,-0.0631523052547097,68.89275,3,2,16.615212366514367,-33.01130551925014
68194,MeerKAT:array_1:20250710T060816Z,Gaia_5598480734956276992,60,599.1876306533813,-0.020371711372487,68.553215,2,1,7.672118699505521,-30.702578039866243
69327,MeerKAT:array_1:20250713T194539Z,Gaia_6024340589341113472,15,599.970393717289,-0.0631523052547097,67.88134,3,2,16.61550896332265,-33.00521056177934
68133,MeerKAT:array_1:20250710T060816Z,Gaia_5599135386746000640,20,599.1876225471497,0.0753753320782019,67.50941,2,1,7.593991544258811,-30.705151776123866
87907,MeerKAT:array_1:20250720T024534Z,Gaia_4668965385914739968,53,613.1961596012115,-0.030557567058730504,67.308334,3,4,4.179617504745324,-65.78596480693881
4443,MeerKAT:array_1:20250709T013528Z,ex_Gaia_DR2_6638331212526385664,63,551.9478561878204,0.0081486845489948,67.14041,1,4,19.201375800000005,-59.98263800000001
24779,MeerKAT:array_1:20250715T135202Z,ex_Gaia_DR2_6014515417835108352,12,560.3224831819534,0.0183345402352383,66.82089,4,1,15.5393338,-33.354266
111515,MeerKAT:array_1:20250702T185632Z,ex_ASASSN-V_J174416.15-155826.1,45,647.2499616742134,-0.059077962980212305,66.793045,4,1,17.737819333333334,-15.97393
143452,MeerKAT:array_1:20240925T231814Z,Gaia_2775613307846612864,23,551.9715243577957,0.014260197960740902,66.77607,1,2,0.6857924453266417,12.353929407156567
59398,MeerKAT:array_1:20250715T135202Z,ex_ASASSN-V_J153511.70-332719.0,31,593.4994736909866,0.0081486845489948,66.48787,4,1,15.586582666666668,-33.455279999999995
68180,MeerKAT:array_1:20250710T060816Z,Gaia_5599216411313573888,54,599.2032584547997,-0.044817765019471406,66.45256,1,1,7.607415778376736,-30.389490495016155
68127,MeerKAT:array_1:20250710T060816Z,Gaia_5599207305983174784,12,599.1876377463341,-0.07741250321545061,66.032005,1,1,7.590481221722233,-30.589835698953372
68164,MeerKAT:array_1:20250710T060816Z,Gaia_5598366213947478784,44,599.1876225471497,0.0753753320782019,65.75599,2,1,7.635507172994637,-31.229400284383157
4332,MeerKAT:array_1:20250709T013528Z,ex_PSR_J1910-5959A,7,551.9478602409363,-0.0081486845489948,65.64998,1,4,19.195210066666668,-59.974139
187290,MeerKAT:array_1:20250716T012443Z,ex_LEDA_176912,15,623.9844454526901,-0.0020371711372487,64.86248,3,1,4.12275,-66.218611
68196,MeerKAT:array_1:20250710T060816Z,Gaia_5598480734956276992,60,599.31262165308,0.06722664752920711,64.364655,1,1,7.672118699505521,-30.702578039866243
25788,MeerKAT:array_1:20250715T143518Z,Gaia_6272881516281594496,34,560.3367025256157,0.0366690804704766,64.125565,3,3,14.323798868596722,-24.24768183339316
68192,MeerKAT:array_1:20250710T060816Z,Gaia_5599182635689616896,59,599.3126287460327,-0.014260197960740902,63.748768,2,1,7.590155105708375,-30.6739085776498
87715,MeerKAT:array_1:20250718T054018Z,Gaia_4669059879491518720,62,613.1964504122734,-0.06722664752920711,63.69918,1,1,4.189640861081721,-65.6886931080633
68134,MeerKAT:array_1:20250710T060816Z,Gaia_5599135386746000640,20,599.3126327991486,-0.059077962980212305,63.369278,1,1,7.593991544258811,-30.705151776123866
111516,MeerKAT:array_1:20250702T185632Z,ex_ASASSN-V_J174436.17-154152.2,55,647.2499616742134,-0.059077962980212305,63.304955,4,1,17.743379333333333,-15.697839999999998
68149,MeerKAT:array_1:20250710T060816Z,Gaia_5598358929681818496,34,599.3126186132431,0.0651894763919584,63.14601,1,1,7.610515279370913,-31.17518150277114
68139,MeerKAT:array_1:20250710T060816Z,Gaia_5599209676804969600,27,599.1876347064972,-0.0631523052547097,62.761658,1,1,7.600121414982116,-30.502418870321602
187284,MeerKAT:array_1:20250716T012443Z,ex_LEDA_307574,10,623.9844454526901,-0.0020371711372487,62.664387,3,1,4.0867778,-66.088333
68191,MeerKAT:array_1:20250710T060816Z,Gaia_5599182635689616896,59,599.1876347064972,-0.040743422744974,62.656616,1,1,7.590155105708375,-30.6739085776498
87864,MeerKAT:array_1:20250720T024534Z,Gaia_4668920997427045120,10,613.1961626410484,-0.038706251607725305,62.402733,3,4,4.150493026773561,-66.32186069956425
87453,MeerKAT:array_1:20250717T054309Z,Gaia_4669737797129407232,18,613.19620013237,-0.05092927843121751,62.388195,1,1,4.114368881214304,-65.4634706919527
9868,MeerKAT:array_1:20250715T135202Z,Gaia_6014499066895969792,58,544.2660100460052,-0.006111513411746101,62.16275,2,1,15.55490676482723,-33.53150019893948
100463,MeerKAT:array_1:20250723T015429Z,Gaia_4661485824971341568,33,624.0002688169479,-0.0713009898037045,61.61483,1,1,5.087590055447128,-67.55751290850844
68198,MeerKAT:array_1:20250710T060816Z,Gaia_5599210398359631232,61,599.3126236796379,0.0468549361567201,61.46617,1,1,7.588676319475308,-30.552345907266307
111507,MeerKAT:array_1:20250702T185632Z,ex_ASASSN-V_J174308.08-155153.5,28,647.2499616742134,-0.059077962980212305,61.19069,4,1,17.718912000000003,-15.86485
68147,MeerKAT:array_1:20250710T060816Z,Gaia_5598358929681818496,34,599.1876205205917,0.06722664752920711,60.75013,2,1,7.610515279370913,-31.17518150277114
111497,MeerKAT:array_1:20250702T185632Z,ex_ASASSN-V_J174313.70-155642.5,10,647.2499606609344,-0.055003620705714906,60.334774,2,1,17.720472,-15.94514
44000,MeerKAT:array_1:20250715T135202Z,ex_ASASSN-V_J153532.40-334016.8,33,575.0678118467331,0.0183345402352383,60.304165,3,1,15.592333333333332,-33.67133
109155,MeerKAT:array_1:20250715T143518Z,Gaia_6272786923922098816,30,639.9959634542465,0.0366690804704766,60.218124,1,2,14.315072921744209,-24.30770351865035
111511,MeerKAT:array_1:20250702T185632Z,ex_ASASSN-V_J174325.40-160315.8,32,647.2499616742134,-0.059077962980212305,60.13555,4,1,17.723722000000002,-16.0544
71868,MeerKAT:array_1:20250715T133052Z,ex_CRTS_J151722.0-265132,14,599.4173004627228,-0.012223026823492201,60.128242,1,2,15.289488133333332,-26.858936
187144,MeerKAT:array_1:20250715T135202Z,ex_CRTS_J153258.9-332343,3,621.146965444088,0.0040743422744974,60.06795,1,1,15.549724066666666,-33.39523500000001
86804,MeerKAT:array_1:20250715T141354Z,ex_ASASSN-V_J151128.63-310122.7,21,615.9901456236839,0.020371711372487,60.03964,3,1,15.191286000000002,-31.02296
86843,MeerKAT:array_1:20250715T141354Z,Gaia_6210900808876843648,48,615.9901456236839,0.020371711372487,59.53523,3,1,15.190432965112667,-31.02399467495815
50550,MeerKAT:array_1:20250728T151003Z,ex_V1637_Cen,8,576.050518155098,0.048892107293968805,59.389683,1,1,13.446119466666666,-47.41608300000001
27241,MeerKAT:array_1:20250723T015429Z,Gaia_4661658345193927680,53,558.3985379934311,0.030557567058730504,59.248672,3,1,4.995931986336699,-67.62793127585378
72518,MeerKAT:array_1:20250715T135202Z,ex_LEDA_675496,40,600.8721380233765,0.0101858556862435,59.220016,2,1,15.554507133333333,-33.502738
24367,MeerKAT:array_1:20250715T135202Z,ex_CRTS_J153145.8-330555,37,552.9498208761215,0.006111513411746101,59.141983,1,1,15.529409600000001,-33.098701
71860,MeerKAT:array_1:20250715T133052Z,ex_CRTS_J151706.4-270946,6,599.417295396328,0.0101858556862435,58.86179,3,2,15.285138,-27.162861999999997
68172,MeerKAT:array_1:20250710T060816Z,Gaia_5599131783275272192,47,599.1876205205917,0.06926381866645581,58.7203,2,1,7.5913685456109725,-30.868984768401223
187282,MeerKAT:array_1:20250716T012443Z,ex_LEDA_307657,9,623.9844454526901,-0.0020371711372487,58.502285,3,1,4.086416666666667,-66.07944400000001
102749,MeerKAT:array_1:20250729T055516Z,Gaia_4669693369987462784,17,623.9931444525719,-0.012223026823492201,58.32476,4,2,4.06723146433133,-66.05714606498574
71866,MeerKAT:array_1:20250715T133052Z,ex_CRTS_J151435.6-261552,12,599.417295396328,0.0081486845489948,58.167206,3,2,15.243234333333334,-26.263962999999997
80243,MeerKAT:array_1:20250715T141354Z,ex_GALEX_J151332.7-305703,14,604.5585046410561,0.034631909333227906,57.963867,2,1,15.225766333333333,-30.951057000000002
68142,MeerKAT:array_1:20250710T060816Z,Gaia_5599256990161970816,29,599.1876276135445,0.0264832247842331,57.854874,1,1,7.654493502228949,-30.28207503135565
111509,MeerKAT:array_1:20250702T185632Z,ex_ASASSN-V_J174311.99-161837.2,30,647.2499606609344,-0.055003620705714906,57.749252,2,1,17.720026,-16.31035
117316,MeerKAT:array_1:20250715T133052Z,Gaia_6226371040561103616,36,648.5687341094017,0.0631523052547097,57.240627,3,1,15.236909410592194,-26.416665875451518
180350,MeerKAT:array_1:20250715T133052Z,Gaia_6214340699723681152,30,599.4172964096069,0.0040743422744974,57.08415,2,2,15.25139166364511,-26.70845479510333
68140,MeerKAT:array_1:20250710T060816Z,Gaia_5599209676804969600,27,599.3126317858696,-0.0183345402352383,56.817436,2,1,7.600121414982116,-30.502418870321602
72496,MeerKAT:array_1:20250715T135202Z,ex_ASASSN-V_J153341.31-332716.6,18,600.8721380233765,0.014260197960740902,56.75467,2,1,15.561475333333332,-33.45461
86835,MeerKAT:array_1:20250715T141354Z,Gaia_6210929086941540864,43,615.9901456236839,0.022408882509735703,56.751625,3,1,15.20830541635034,-30.78281469371523
68167,MeerKAT:array_1:20250710T060816Z,Gaia_5598366213947478784,44,599.3126186132431,0.07741250321545061,56.743214,1,1,7.635507172994637,-31.229400284383157
68178,MeerKAT:array_1:20250710T060816Z,Gaia_5598470873711479040,52,599.1876336932182,-0.0162973690979896,56.576015,1,1,7.669435107863042,-30.831931926792453
87466,MeerKAT:array_1:20250717T054309Z,Gaia_4668929037607477120,34,613.1961970925331,-0.0101858556862435,55.819565,2,1,4.163154381654464,-66.20757526221598
65165,MeerKAT:array_1:20250704T054305Z,Gaia_6440630809876553856,30,599.9432662129402,-0.020371711372487,55.66681,2,1,19.65583600271892,-64.07446884040192
148941,MeerKAT:array_1:20240925T225556Z,Gaia_2776218584702263168,55,791.9909062385559,0.030557567058730504,55.6667,1,1,0.6972027468350547,13.043654896714402
115738,MeerKAT:array_1:20250713T211114Z,Gaia_4189302480525181184,33,647.9928076267242,-0.024446053646984402,55.537827,3,1,19.916289068244012,-11.888545825633333
74032,MeerKAT:array_1:20250716T012443Z,Gaia_4669731062620671616,47,599.9695658683777,0.0264832247842331,54.933777,1,1,4.112367794040065,-65.55399840996427
86775,MeerKAT:array_1:20250715T141354Z,J1513_0-3118,0,615.990142583847,0.0325947381959792,54.89878,4,1,15.2152,-31.238
27237,MeerKAT:array_1:20250723T015429Z,Gaia_4661359278024797312,49,558.3985379934311,0.030557567058730504,54.88323,3,1,5.020307223944447,-68.19072107727226
65194,MeerKAT:array_1:20250704T054305Z,Gaia_6441456641891280896,48,599.9432662129402,-0.020371711372487,54.48371,2,1,19.626405390709234,-63.54081719480556
58422,MeerKAT:array_1:20250715T124827Z,ex_2dFGRS_TGN261Z268,53,589.8280752301216,0.0162973690979896,54.436558,2,2,13.275555533333334,-2.190556
176372,MeerKAT:array_1:20250715T124827Z,ex_[VV2006]_J131810.9-021500,32,589.8280782699585,0.0040743422744974,54.40758,4,2,13.303021866666667,-2.250005
115720,MeerKAT:array_1:20250713T211114Z,Gaia_4189249635247527552,24,647.9928076267242,-0.024446053646984402,54.30304,3,1,19.92657043588569,-12.058141632589628
27208,MeerKAT:array_1:20250723T015429Z,Gaia_4661427379048759296,20,558.3985379934311,0.030557567058730504,54.177464,3,1,5.11412142269172,-67.82942014667219
80281,MeerKAT:array_1:20250715T141354Z,Gaia_6210715128849230976,52,604.5585046410561,0.034631909333227906,54.028587,2,1,15.231425803199881,-31.25643436609922
118992,MeerKAT:array_1:20250716T022312Z,Gaia_4669709587784079488,23,647.9671128988266,-0.0081486845489948,53.757645,2,1,4.138289303494584,-65.93475154260774
71272,MeerKAT:array_1:20250715T124827Z,ex_LBQS_1314-0216,25,599.4172579050064,0.06926381866645581,53.445015,3,2,13.290591266666667,-2.5307180000000002
180509,MeerKAT:array_1:20250716T012443Z,Gaia_4669810914652429184,53,599.9695678949356,0.0040743422744974,53.3714,1,1,4.179064579611352,-65.65418444934018
58405,MeerKAT:array_1:20250715T124827Z,ex_[VV2006]_J131802.0-021617,31,589.8280772566795,0.0081486845489948,53.3659,4,2,13.300554333333334,-2.271626
41921,MeerKAT:array_1:20250713T211114Z,Gaia_4189273790143220480,42,576.0405424237251,-0.0081486845489948,53.192375,4,2,19.914418903027936,-12.063766900184929
41822,MeerKAT:array_1:20250713T211114Z,Gaia_4189338210358479488,2,576.0405424237251,-0.0081486845489948,52.90176,4,2,19.966561971614134,-11.849943584233984
41819,MeerKAT:array_1:20250713T211114Z,Gaia_4189338214651254144,1,576.0405424237251,-0.0081486845489948,52.6464,4,2,19.966623697718333,-11.849581181740414
87260,MeerKAT:array_1:20250716T012443Z,Gaia_4669700070136544640,48,613.1965557932854,0.012223026823492201,52.637688,1,2,4.1025528305222805,-65.84718019004706
41965,MeerKAT:array_1:20250713T211114Z,Gaia_4189302063910169344,60,576.0405424237251,-0.0081486845489948,52.60077,4,2,19.916961757644703,-11.925894040664573
43946,MeerKAT:array_1:20250715T135202Z,ex_2MASX_J15360155-3334208,50,573.2246472835541,0.0101858556862435,52.41822,2,1,15.600432133333335,-33.572404000000006
79907,MeerKAT:array_1:20250715T135202Z,ex_CRTS_J153613.6-333113,11,604.5584701895714,0.0101858556862435,52.248642,1,1,15.603777066666668,-33.520546
25399,MeerKAT:array_1:20250715T141354Z,Gaia_6210673003810108544,62,559.9964525699615,0.030557567058730504,52.24159,1,1,15.258601658975717,-31.161258868854038
74235,MeerKAT:array_1:20250716T022312Z,Gaia_4669750200994819712,18,599.9849950671196,0.0081486845489948,51.997425,1,1,4.065956392639905,-65.81258709182417
115770,MeerKAT:array_1:20250713T211114Z,Gaia_4189039869044555648,49,647.9928076267242,-0.024446053646984402,51.79098,3,1,19.950827859936883,-12.313990878777167
176514,MeerKAT:array_1:20250715T133052Z,ex_AI_Lib,16,589.8280721902847,-0.0040743422744974,51.775406,1,2,15.272127399999999,-27.256308
77983,MeerKAT:array_1:20250726T235112Z,Gaia_6441474307091755776,38,599.98174649477,0.0162973690979896,51.640392,3,1,19.611763360053505,-63.36520963383055
183409,MeerKAT:array_1:20250702T181451Z,J1536-6855T2,0,613.1958525776863,0.0020371711372487,51.503864,2,1,15.611522222222224,-68.93441666666668
123033,MeerKAT:array_1:20250728T151003Z,ex_Cl*_NGC_5139_SAW_V245,53,647.9691617488861,0.0427805938822227,51.48453,4,1,13.475804533333333,-47.440042
43945,MeerKAT:array_1:20250715T135202Z,ex_LEDA_674574,49,573.2246472835541,0.0101858556862435,51.398888,2,1,15.599666666666668,-33.571667
81452,MeerKAT:array_1:20250702T181451Z,Gaia_5820013808057732096,62,613.1958525776863,0.028520395921481805,51.306973,1,1,15.668796543447575,-69.269810475418
117322,MeerKAT:array_1:20250715T133052Z,Gaia_6214377842600673024,48,648.5687361359596,0.0529664495684662,51.212776,1,2,15.282533320416032,-26.313306134676974
87446,MeerKAT:array_1:20250717T054309Z,Gaia_4669684505174998272,9,613.1961981058121,-0.0264832247842331,51.059784,2,1,4.1094640288345206,-66.07921851696041
88713,MeerKAT:array_1:20250723T015429Z,Gaia_4661362233006291584,16,613.1960329413414,0.0183345402352383,51.016273,2,1,5.005811911359788,-68.17103228159633
42376,MeerKAT:array_1:20250714T160406Z,Gaia_6144246833452265088,56,575.9804691672325,0.0325947381959792,50.985798,4,2,12.195653235555048,-44.628702682866155
183410,MeerKAT:array_1:20250702T181451Z,ex_4FGL_J1536.5-6855,2,613.1958525776863,0.0020371711372487,50.81931,2,1,15.609861133333334,-68.926111
80261,MeerKAT:array_1:20250715T141354Z,ex_LEDA_705243,32,604.5585046410561,0.030557567058730504,50.78111,3,1,15.185333333333334,-31.430556
81561,MeerKAT:array_1:20250702T183548Z,ex_Gaia_DR3_6024573960660525952,7,613.195939719677,0.006111513411746101,50.66294,3,1,16.581919199999998,-32.408834
89572,MeerKAT:array_1:20250723T033528Z,Gaia_4661293891501785600,25,613.1959751844406,0.038706251607725305,50.55304,2,1,5.098668612707938,-68.45388620932255
79850,MeerKAT:array_1:20250715T124827Z,ex_2dFGRS_TGN262Z292,58,611.7051267027855,-0.0733381609409532,50.34904,3,1,13.2783636,-1.6572170000000002
32626,MeerKAT:array_1:20250715T135202Z,ex_LEDA_675496,40,567.6951475143433,0.0183345402352383,50.24337,4,1,15.554507133333333,-33.502738
65489,MeerKAT:array_1:20250705T060310Z,Gaia_6441839619831617152,46,599.9432814121246,0.0264832247842331,50.17975,1,2,19.67898268166023,-63.30119116344323
77964,MeerKAT:array_1:20250726T235112Z,Gaia_6441477189014977664,33,599.98174649477,0.0162973690979896,50.13974,3,1,19.62500889482548,-63.345943666155314
87869,MeerKAT:array_1:20250720T024534Z,Gaia_4669754118005030272,15,613.1961626410484,-0.038706251607725305,50.137745,3,4,4.065617234927343,-65.70820878515845
180348,MeerKAT:array_1:20250715T133052Z,ex_CRTS_J151512.8-265930,19,599.4172974228859,0.0020371711372487,49.823986,1,2,15.253572800000002,-26.991646000000003
58411,MeerKAT:array_1:20250715T124827Z,ex_LBQS_1317-0142,40,589.8280843496323,-0.020371711372487,49.586025,4,2,13.330653466666668,-1.96773
68143,MeerKAT:array_1:20250710T060816Z,Gaia_5598470976790672000,30,599.1876255869865,0.05092927843121751,49.52836,1,1,7.671000918553494,-30.826096216915076
42273,MeerKAT:array_1:20250714T160406Z,Gaia_6144679628716049280,30,575.9804691672325,0.028520395921481805,49.491276,3,2,12.228354594375299,-44.27250221549355
180455,MeerKAT:array_1:20250715T141354Z,ex_ASASSN-V_J151128.63-310122.7,21,599.417268037796,-0.0040743422744974,49.430202,1,2,15.191286000000002,-31.02296
73027,MeerKAT:array_1:20250715T141354Z,ex_LEDA_704278,30,599.4172335863113,0.022408882509735703,49.426712,2,1,15.178166666666668,-31.514722
81582,MeerKAT:array_1:20250702T183548Z,ex_ASASSN-V_J163547.89-330708.8,40,613.1959427595139,-0.0081486845489948,49.373554,4,1,16.59663733333333,-33.11912
89585,MeerKAT:array_1:20250723T033528Z,Gaia_4658248759709772416,38,613.1959772109985,0.022408882509735703,49.36201,4,1,5.229783426879999,-69.07497450826473
42400,MeerKAT:array_1:20250714T160406Z,Gaia_6144673821920034816,62,575.9804691672325,0.028520395921481805,49.356262,3,2,12.200179230038346,-44.45010414156644
42225,MeerKAT:array_1:20250714T160406Z,Gaia_6144510372644876416,18,575.9804691672325,0.0325947381959792,49.22911,4,2,12.193477879139563,-44.070837055855684
72018,MeerKAT:array_1:20250715T133052Z,Gaia_6214174398589950080,59,599.943351328373,0.014260197960740902,49.220985,1,2,15.272932891423931,-27.20238708137414
42177,MeerKAT:array_1:20250714T160406Z,Gaia_6144639286085319296,6,575.9804701805115,0.020371711372487,49.207787,1,2,12.25633978724629,-44.3938570020555
71301,MeerKAT:array_1:20250715T124827Z,ex_2MASX_J13164575-0154497,59,599.4172579050064,0.06926381866645581,49.15412,3,2,13.279373933333332,-1.913724
42185,MeerKAT:array_1:20250714T160406Z,Gaia_6144297892023344000,8,575.9804691672325,0.034631909333227906,49.10593,4,2,12.188998416061084,-44.54390950212101
123011,MeerKAT:array_1:20250728T151003Z,ex_1RXS_J132917.6-472316,42,647.9691617488861,0.0427805938822227,49.051285,4,1,13.488497800000003,-47.380691000000006
40856,MeerKAT:array_1:20250713T200741Z,Gaia_4148122261073757184,5,572.7172427773476,0.0733381609409532,48.615414,4,1,17.75282903950243,-15.937011927010083
87223,MeerKAT:array_1:20250715T143518Z,Gaia_6272812625006192256,48,619.319512784481,0.05092927843121751,48.50024,4,2,14.342485600667802,-24.48484505528261
118196,MeerKAT:array_1:20250715T141354Z,ex_CRTS_J151324.5-312620,12,648.568673312664,0.0468549361567201,48.48391,1,1,15.223475066666667,-31.439163
131473,MeerKAT:array_1:20250713T145219Z,Gaia_6440637510025518720,61,671.9933249950409,0.020371711372487,48.352013,1,1,19.67354622949729,-63.973071464464205
169579,MeerKAT:array_1:20250720T052239Z,Gaia_4669729928749271936,48,576.0478167533875,0.0040743422744974,48.26952,1,1,4.118910556243688,-65.62400179093467
40875,MeerKAT:array_1:20250713T200741Z,Gaia_4124088964113535744,24,572.7172427773476,0.0733381609409532,48.252144,4,1,17.721076610135807,-16.34686625504272
118208,MeerKAT:array_1:20250715T141354Z,Gaia_6210694135048923008,47,648.5686986446381,-0.0631523052547097,48.18191,1,1,15.197181192868834,-31.45486119022749
73000,MeerKAT:array_1:20250715T141354Z,ex_CRTS_J151405.7-314503,9,599.4172609448433,0.028520395921481805,48.16802,3,2,15.234918733333336,-31.750999000000004
119026,MeerKAT:array_1:20250716T022312Z,Gaia_4669719994488866048,50,647.9671128988266,-0.0081486845489948,48.067894,2,1,4.146369005452814,-65.6688905292092
125242,MeerKAT:array_1:20250715T124827Z,ex_[VV2006]_J131858.7-013642,35,655.9974469542503,-0.05092927843121751,47.890415,3,1,13.316313866666668,-1.611806
42340,MeerKAT:array_1:20250714T160406Z,Gaia_6144898328450324480,47,575.9804691672325,0.0325947381959792,47.722366,4,2,12.20148114135079,-43.91770778569798
42157,MeerKAT:array_1:20250714T160406Z,Gaia_6144608263539361536,1,575.9804691672325,0.028520395921481805,47.71235,3,2,12.23522468701471,-44.69814928542822
58418,MeerKAT:array_1:20250715T124827Z,ex_[VV2010c]_J131954.3-015649,48,589.8280863761902,-0.028520395921481805,47.704647,2,1,13.33175,-1.9469439999999998
81592,MeerKAT:array_1:20250702T183548Z,ex_ASASSN-V_J163735.81-323706.9,54,613.1959427595139,-0.0081486845489948,47.64793,4,1,16.62661466666667,-32.61858
116786,MeerKAT:array_1:20250715T124827Z,ex_LBQS_1313-0138,11,648.5687087774277,-0.0631523052547097,47.438465,2,2,13.2693836,-1.901077
115931,MeerKAT:array_1:20250713T211114Z,Gaia_4189302480525181184,33,650.0222675800323,0.0733381609409532,47.29826,2,1,19.916289068244012,-11.888545825633333
138588,MeerKAT:array_1:20250728T151003Z,ex_Cl*_NGC_5139_SAW_V245,53,671.9935387969017,0.014260197960740902,47.10254,2,1,13.475804533333333,-47.440042
63773,MeerKAT:array_1:20250731T221802Z,Gaia_4669837470433574016,52,587.9769321084023,-0.0183345402352383,47.028267,2,1,4.159820618557112,-65.24663154765678
125244,MeerKAT:array_1:20250715T124827Z,ex_[VV2006]_J131924.0-013740,39,655.9974439144135,0.044817765019471406,46.94334,1,1,13.323315733333335,-1.627957
138564,MeerKAT:array_1:20250728T151003Z,ex_V1760_Cen,29,671.9935387969017,0.014260197960740902,46.940853,2,1,13.457683333333334,-47.33550000000001
176370,MeerKAT:array_1:20250715T124827Z,ex_[VV2006]_J131702.2-012952,17,589.8280782699585,0.0040743422744974,46.761635,4,2,13.283941333333333,-1.497654
87216,MeerKAT:array_1:20250715T143518Z,Gaia_6272513725346571648,41,619.319512784481,0.048892107293968805,46.760563,4,2,14.337813695200788,-25.03344973011132
68179,MeerKAT:array_1:20250710T060816Z,Gaia_5599216411313573888,54,599.1876326799393,-0.0366690804704766,46.72886,1,1,7.607415778376736,-30.389490495016155
118210,MeerKAT:array_1:20250715T141354Z,Gaia_6210727086038327424,55,648.5687138438225,0.055003620705714906,46.540913,1,2,15.242945593157641,-30.94430206823846
63772,MeerKAT:array_1:20250731T221802Z,Gaia_4669056031200823040,29,587.9769321084023,-0.0183345402352383,46.410336,2,1,4.208876183959966,-65.73810477287415
123017,MeerKAT:array_1:20250728T151003Z,ex_Cl*_NGC_5139_SAW_V205,45,647.9691617488861,0.0427805938822227,46.320827,4,1,13.442583933333335,-47.38341400000001
43775,MeerKAT:array_1:20250715T135202Z,ex_CRTS_J153300.0-332545,7,571.3814796805382,0.0183345402352383,46.284443,2,1,15.5500368,-33.429285
32644,MeerKAT:array_1:20250715T135202Z,Gaia_6014499066895969792,58,567.6951475143433,0.0183345402352383,46.273876,4,1,15.55490676482723,-33.53150019893948
68144,MeerKAT:array_1:20250710T060816Z,Gaia_5598470976790672000,30,599.3126358389854,-0.07741250321545061,46.22643,1,1,7.671000918553494,-30.826096216915076
125232,MeerKAT:array_1:20250715T124827Z,ex_[VV2006]_J131617.9-021856,12,655.9974459409714,0.014260197960740902,46.174385,2,1,13.271620066666667,-2.315731
81559,MeerKAT:array_1:20250702T183548Z,ex_IRAS_16336-3214,1,613.195937693119,0.024446053646984402,46.147327,3,1,16.6157064,-32.350681
115956,MeerKAT:array_1:20250713T211114Z,Gaia_4189310142747177344,46,649.997818171978,0.038706251607725305,46.02887,1,1,19.93643099931617,-11.707033964203767
58209,MeerKAT:array_1:20250715T124827Z,ex_[VV2006]_J131904.7-021321,36,587.1293749213219,0.0835240166271967,45.92912,1,2,13.317976,-2.222725
125241,MeerKAT:array_1:20250715T124827Z,ex_[VV2006]_J131844.0-013821,34,655.9974469542503,-0.0631523052547097,45.910828,1,1,13.312201666666667,-1.639327
102437,MeerKAT:array_1:20250728T151003Z,ex_Cl*_NGC_5139_SAW_V245,53,623.9703061580658,0.030557567058730504,45.72096,3,1,13.475804533333333,-47.440042
102386,MeerKAT:array_1:20250728T151003Z,ex_V1796_Cen,35,623.9703061580658,0.028520395921481805,45.658928,3,1,13.464280533333334,-47.330971999999996
87471,MeerKAT:array_1:20250717T054309Z,Gaia_4669828609917695360,41,613.1961981058121,-0.024446053646984402,45.545643,2,1,4.148373448339864,-65.44791032613023
68181,MeerKAT:array_1:20250710T060816Z,Gaia_5599216411313573888,54,599.3126317858696,-0.0468549361567201,45.482887,1,1,7.607415778376736,-30.389490495016155
68896,MeerKAT:array_1:20250713T190328Z,Gaia_6117499495125435904,1,599.943401992321,-0.022408882509735703,45.44761,4,2,14.176322533032172,-37.81505804807283
40894,MeerKAT:array_1:20250713T200741Z,Gaia_4124077835927349248,43,572.7172427773476,0.0733381609409532,45.426796,4,1,17.761856789864765,-16.322094313017992
102392,MeerKAT:array_1:20250728T151003Z,ex_V1799_Cen,37,623.9703061580658,0.028520395921481805,45.40744,3,1,13.464986133333335,-47.531749999999995
236426,MeerKAT:array_1:20250715T124827Z,ex_[VV2006]_J131908.3-014326,38,656.0647793412209,0.0040743422744974,45.254364,1,1,13.318970933333333,-1.7239460000000002
71370,MeerKAT:array_1:20250715T124827Z,ex_[VV2006]_J131714.2-022516,21,599.9626583456993,0.0162973690979896,45.235126,1,1,13.287285666666667,-2.42103
105459,MeerKAT:array_1:20250715T135202Z,Gaia_6014542188367932928,55,633.7495120763779,0.0081486845489948,45.204494,3,2,15.555280166088723,-33.21767505073442
183411,MeerKAT:array_1:20250702T181451Z,ex_ASASSN-V_J153632.03-685618.1,44,613.1958525776863,-0.0040743422744974,45.091053,1,1,15.608896666666666,-68.93837
40879,MeerKAT:array_1:20250713T200741Z,Gaia_4124142741481437696,28,572.7172427773476,0.0733381609409532,45.017258,4,1,17.71300574253595,-16.107921325685336
86640,MeerKAT:array_1:20250715T135202Z,Gaia_6016055563045726848,60,619.3195239305496,0.006111513411746101,44.661522,4,3,15.585367251859278,-32.802738161547715
79855,MeerKAT:array_1:20250715T124827Z,ex_2MASX_J13171155-0212040,63,611.7051267027855,-0.0733381609409532,44.598366,3,1,13.2865406,-2.201051
99884,MeerKAT:array_1:20250720T024534Z,Gaia_4669754118005030272,15,625.0284652709961,0.006111513411746101,44.4832,4,3,4.065617234927343,-65.70820878515845
87238,MeerKAT:array_1:20250715T143518Z,Gaia_6272612720048519296,63,619.319512784481,0.05092927843121751,44.47799,4,2,14.373972710596426,-24.688785172696818
163335,MeerKAT:array_1:20250723T045553Z,Gaia_4662326023637459456,46,558.3987426757812,0.0020371711372487,44.452763,2,1,5.001939485882351,-65.4120891207962
187146,MeerKAT:array_1:20250715T135202Z,Gaia_6016055253808084480,56,625.0280903577805,-0.0020371711372487,44.28277,3,1,15.580004736880305,-32.834086025369864
99886,MeerKAT:array_1:20250720T024534Z,Gaia_4669837268571795200,16,625.0284652709961,0.006111513411746101,44.247143,4,3,4.1592686398740115,-65.29185226651408
163334,MeerKAT:array_1:20250723T045553Z,Gaia_4663583280833070208,18,558.3987426757812,0.0020371711372487,44.219257,2,1,5.17521766270906,-65.64390796656431
58429,MeerKAT:array_1:20250715T124827Z,ex_2MASX_J13171155-0212040,63,589.8280772566795,0.0081486845489948,44.14261,4,2,13.2865406,-2.201051
50840,MeerKAT:array_1:20250729T031818Z,Gaia_4669749337705330816,50,576.0444668531418,-0.006111513411746101,44.02176,1,1,4.072847941152559,-65.84029481996396
71283,MeerKAT:array_1:20250715T124827Z,ex_[VV2006]_J131905.8-015208,37,599.4172649979591,-0.0733381609409532,43.980972,2,2,13.318295066666668,-1.8691169999999997
43120,MeerKAT:array_1:20250715T124827Z,ex_LBQS_1313-0142,5,576.0568795204163,0.006111513411746101,43.979,1,1,13.260753866666667,-1.979511
106360,MeerKAT:array_1:20250718T054018Z,Gaia_4669698111631422592,26,633.7495708465576,0.0264832247842331,43.848476,2,1,4.103343666826624,-65.93825510535834
105402,MeerKAT:array_1:20250715T135202Z,ex_4FGL_J1534.3-3312,1,633.7495110630989,0.0183345402352383,43.794132,2,2,15.572000000000001,-33.202222
71867,MeerKAT:array_1:20250715T133052Z,ex_CRTS_J151752.7-262646,13,599.4172862768173,0.048892107293968805,43.747166,1,2,15.298002333333333,-26.445869
105052,MeerKAT:array_1:20250715T124827Z,ex_2dFGRS_TGN261Z268,53,633.7495434880257,-0.0162973690979896,43.709106,2,4,13.275555533333334,-2.190556
80280,MeerKAT:array_1:20250715T141354Z,Gaia_6210682865054712192,51,604.5585046410561,0.030557567058730504,43.707497,3,1,15.210110865409565,-31.474454018603495
48823,MeerKAT:array_1:20250723T015429Z,Gaia_4661558839400808192,56,575.9936428070068,-0.030557567058730504,43.57762,2,2,4.961495776367708,-67.8657673858824
125238,MeerKAT:array_1:20250715T124827Z,ex_[VV2006]_J131735.5-021504,26,655.9974469542503,-0.055003620705714906,43.42752,3,1,13.293173,-2.251123
51331,MeerKAT:array_1:20250731T221802Z,Gaia_4668924841423374464,17,572.7165405750275,0.0366690804704766,43.244686,2,1,4.177983885888115,-66.27944402552242
100057,MeerKAT:array_1:20250720T052239Z,Gaia_4669780781162069376,63,625.0284754037857,-0.006111513411746101,43.242302,2,2,4.076899379666222,-65.50642620457981
122951,MeerKAT:array_1:20250728T151003Z,ex_V1657_Cen,12,647.9691617488861,0.040743422744974,43.170673,4,1,13.447063866666669,-47.574805999999995
58400,MeerKAT:array_1:20250715T124827Z,ex_[VV2006]_J131723.5-021125,24,589.8280823230743,-0.012223026823492201,43.040733,1,2,13.289847266666667,-2.19053
71861,MeerKAT:array_1:20250715T133052Z,ex_CRTS_J151836.5-265334,7,599.4172852635384,0.055003620705714906,43.01046,3,2,15.310143799999999,-26.892677000000003
25380,MeerKAT:array_1:20250715T141354Z,Gaia_6210715128849230976,52,559.9964566230774,0.0101858556862435,42.979153,1,1,15.231425803199881,-31.25643436609922
71262,MeerKAT:array_1:20250715T124827Z,ex_[VV2006]_J131618.7-022454,13,599.4172649979591,-0.0733381609409532,42.94135,2,2,13.271848533333333,-2.415161
44358,MeerKAT:array_1:20250715T141354Z,ex_ASASSN-V_J151250.05-311941.7,24,572.71506524086,-0.0468549361567201,42.856525,1,1,15.213902000000001,-31.328249999999997
117319,MeerKAT:array_1:20250715T133052Z,Gaia_6214260091777145984,45,648.5687341094017,0.0631523052547097,42.770763,3,1,15.232509270022598,-26.787586347562005
106226,MeerKAT:array_1:20250717T054309Z,Gaia_4669680519445349888,7,633.7498880028725,0.0081486845489948,42.732,1,2,4.13388869210737,-66.1171842689331
37999,MeerKAT:array_1:20250705T192701Z,ex_CRTS_J191653.5-314031,5,576.0404248833656,0.038706251607725305,42.67594,1,1,19.281535533333333,-31.675352000000004
58488,MeerKAT:array_1:20250715T130947Z,ex_Gaia_DR3_5832981929253923840,21,587.0345765948296,-0.0753753320782019,42.665836,4,1,16.143610866666666,-60.10342300000001
125231,MeerKAT:array_1:20250715T124827Z,ex_[VV2006]_J131600.8-021819,9,655.9974479675293,-0.0713009898037045,42.640575,3,1,13.266887200000001,-2.305604
125239,MeerKAT:array_1:20250715T124827Z,ex_[VV2006]_J131802.0-021617,31,655.9974479675293,-0.07741250321545061,42.586273,4,1,13.300554333333334,-2.271626
95100,MeerKAT:array_1:20250713T200741Z,Gaia_4148106047635280128,32,623.9691388607025,-0.06111513411746101,42.527615,4,2,17.777049724041145,-16.115777893244555
105974,MeerKAT:array_1:20250715T143518Z,Gaia_6272718754201275008,50,633.7495029568672,0.0366690804704766,42.381184,2,4,14.326308257998685,-24.6265537898372
51323,MeerKAT:array_1:20250731T221802Z,Gaia_4669881833152443648,9,572.7165405750275,0.0366690804704766,42.35638,2,1,4.1194436466941715,-65.22188112058366
105934,MeerKAT:array_1:20250715T143518Z,ex_ASASSN-V_J142137.77-243156.2,10,633.7495029568672,0.0366690804704766,42.278214,2,4,14.360492666666666,-24.53228
125927,MeerKAT:array_1:20250715T141354Z,ex_ASASSN-V_J151311.91-311358.5,27,660.8565542697906,-0.0427805938822227,42.271496,2,1,15.219974666666667,-31.23292
118200,MeerKAT:array_1:20250715T141354Z,ex_CRTS_J151153.7-310950,22,648.5686793923378,0.022408882509735703,42.256104,1,1,15.198244599999999,-31.164175999999998
58490,MeerKAT:array_1:20250715T130947Z,ex_UCAC4_149-179913,23,587.0345765948296,-0.07741250321545061,42.200813,4,1,16.163717533333333,-60.321983
87218,MeerKAT:array_1:20250715T143518Z,Gaia_6272820115429161728,43,619.319512784481,0.05092927843121751,42.082207,4,2,14.360360675470243,-24.375942233804157
58505,MeerKAT:array_1:20250715T130947Z,ex_ASASSN-V_J161455.85-595337.3,38,587.0345765948296,-0.0753753320782019,41.976913,4,1,16.24884666666667,-59.89369
69008,MeerKAT:array_1:20250713T190328Z,Gaia_6117561441429657472,57,599.943401992321,-0.022408882509735703,41.956505,4,2,14.145493027144498,-37.58217743305677
105432,MeerKAT:array_1:20250715T135202Z,ex_ASASSN-V_J153431.87-331118.1,30,633.7495110630989,0.0162973690979896,41.951607,2,2,15.57551866666667,-33.18836000000001
138886,MeerKAT:array_1:20250729T055516Z,Gaia_4668952848906375040,58,672.0191281437874,-0.038706251607725305,41.94373,3,1,4.186361306069629,-66.01224309190098
176373,MeerKAT:array_1:20250715T124827Z,ex_[VV2006]_J131831.2-020908,33,589.8280782699585,0.0040743422744974,41.890163,4,2,13.308633466666667,-2.1521350000000004
138855,MeerKAT:array_1:20250729T055516Z,Gaia_4669834588512188800,31,672.0191281437874,-0.038706251607725305,41.84939,3,1,4.124015676499782,-65.26688565509318
105400,MeerKAT:array_1:20250715T135202Z,J1534_3-3312,0,633.7495120763779,0.0081486845489948,41.826668,3,2,15.571066666666665,-33.202999999999996
58492,MeerKAT:array_1:20250715T130947Z,ex_Gaia_DR3_5834428268044352512,25,587.0345765948296,-0.0753753320782019,41.748207,4,1,16.193885,-60.026487
176376,MeerKAT:array_1:20250715T124827Z,ex_2dFGRS_TGN262Z292,58,589.8280802965164,-0.0040743422744974,41.740143,3,2,13.2783636,-1.6572170000000002
81439,MeerKAT:array_1:20250702T181451Z,ex_ASASSN-V_J154042.66-691515.2,31,613.1958525776863,0.024446053646984402,41.729187,1,1,15.678516666666665,-69.25423000000002
131467,MeerKAT:array_1:20250713T145219Z,Gaia_6440703927399812608,57,671.9933239817619,0.030557567058730504,41.658524,1,1,19.664606919003344,-63.69103581165819
108430,MeerKAT:array_1:20250715T133052Z,Gaia_6214270468417955456,50,639.9959867596626,-0.06722664752920711,41.623714,4,1,15.280405320143752,-27.0847935924609
105445,MeerKAT:array_1:20250715T135202Z,ex_LEDA_185107,42,633.7495120763779,0.0081486845489948,41.621593,3,2,15.565666666666669,-32.699167
118207,MeerKAT:array_1:20250715T141354Z,Gaia_6210717740189629568,45,648.5687067508698,0.040743422744974,41.54001,2,2,15.237095383828395,-31.110660431235317
64999,MeerKAT:array_1:20250702T185632Z,ex_ASASSN-V_J174514.31-153842.6,14,599.9438944458961,-0.048892107293968805,41.528927,4,1,17.753974,-15.645159999999999
73061,MeerKAT:array_1:20250715T141354Z,Gaia_6210677809876566784,59,599.4172609448433,0.028520395921481805,41.362007,3,2,15.219061536771624,-31.58914200227071
86681,MeerKAT:array_1:20250715T141354Z,ex_LEDA_706855,34,613.7743355631828,0.0325947381959792,41.34571,4,1,15.190688666666667,-31.296033999999995
95135,MeerKAT:array_1:20250713T200741Z,Gaia_4148098763370959104,49,623.9691388607025,-0.06111513411746101,41.342373,4,2,17.76378732808987,-16.207254626364293
64993,MeerKAT:array_1:20250702T185632Z,ex_ASASSN-V_J174307.57-161633.7,8,599.9438944458961,-0.048892107293968805,41.316364,4,1,17.71876866666667,-16.27603
68188,MeerKAT:array_1:20250710T060816Z,Gaia_5599281660455475200,56,599.1876347064972,-0.05704079184296361,41.229717,1,1,7.655627793038695,-30.20644364137558
115985,MeerKAT:array_1:20250713T211114Z,Gaia_4189302063910169344,60,650.0222675800323,0.0733381609409532,41.224556,2,1,19.916961757644703,-11.925894040664573
74579,MeerKAT:array_1:20250717T054309Z,Gaia_4669689860998045312,39,599.4168829917908,-0.07741250321545061,41.186733,3,1,4.099898255791654,-66.11558047095522
95098,MeerKAT:array_1:20250713T200741Z,Gaia_4148151123254743424,31,623.9691388607025,-0.06111513411746101,41.14704,4,2,17.77416352336547,-15.759401240301967
87784,MeerKAT:array_1:20250719T053812Z,Gaia_4669821256933709440,30,613.1960765123367,-0.07741250321545061,41.09112,1,1,4.190420881525624,-65.37358329813361
117681,MeerKAT:array_1:20250715T135202Z,Gaia_6016066180205058176,59,648.5687381625175,0.0162973690979896,40.93689,1,2,15.577791001427997,-32.672823093636566
88104,MeerKAT:array_1:20250722T002453Z,Gaia_6441458570333527680,46,613.1959680914879,0.044817765019471406,40.880226,2,3,19.638569545000216,-63.56383198840854
68946,MeerKAT:array_1:20250713T190328Z,Gaia_6117503412135648000,26,599.943401992321,-0.022408882509735703,40.722622,4,2,14.176372892244093,-37.70658582109938
125243,MeerKAT:array_1:20250715T124827Z,ex_[VV2006]_J131905.8-015208,37,655.9974469542503,-0.055003620705714906,40.684177,3,1,13.318295066666668,-1.8691169999999997
125234,MeerKAT:array_1:20250715T124827Z,ex_[VV2006]_J131712.9-014118,20,655.9974469542503,-0.055003620705714906,40.52833,3,1,13.286892000000002,-1.688167
108396,MeerKAT:array_1:20250715T133052Z,ex_AI_Lib,16,639.9959867596626,-0.0651894763919584,40.491615,4,1,15.272127399999999,-27.256308
108385,MeerKAT:array_1:20250715T133052Z,ex_CRTS_J151640.6-261626,5,639.9959867596626,-0.06722664752920711,40.43132,4,1,15.277968199999998,-26.273239999999998
125233,MeerKAT:array_1:20250715T124827Z,ex_[VV2006]_J131627.2-021904,15,655.9974459409714,0.0101858556862435,40.41365,2,1,13.274206533333336,-2.317751
117312,MeerKAT:array_1:20250715T133052Z,ex_LEDA_766727,24,648.5687341094017,0.0631523052547097,40.40885,3,1,15.31033333333333,-26.543611000000002
81426,MeerKAT:array_1:20250702T181451Z,ex_Gaia_DR3_5820271364344122112,13,613.1958515644073,0.0366690804704766,40.387577,1,1,15.5750958,-68.875834
48671,MeerKAT:array_1:20250723T015429Z,Gaia_4661467300835356416,6,575.9936428070068,-0.030557567058730504,40.297188,2,2,5.035430081832235,-67.69584140475796
95045,MeerKAT:array_1:20250713T200741Z,Gaia_4148122261073757184,5,623.9691388607025,-0.06111513411746101,40.28089,4,2,17.75282903950243,-15.937011927010083
187147,MeerKAT:array_1:20250715T135202Z,Gaia_6014499066895969792,58,625.0280903577805,-0.0020371711372487,40.26255,3,1,15.55490676482723,-33.53150019893948
132713,MeerKAT:array_1:20250714T162550Z,Gaia_4077098865168420736,25,671.9928507804871,-0.07741250321545061,39.85988,1,1,18.495807782287688,-24.75510710635045
95086,MeerKAT:array_1:20250713T200741Z,Gaia_4148116282476637568,25,623.9691388607025,-0.0651894763919584,39.788994,1,2,17.753060097957373,-16.059069171557397
58412,MeerKAT:array_1:20250715T124827Z,ex_LBQS_1313-0153,41,589.8280843496323,-0.020371711372487,39.637066,4,2,13.273436933333333,-2.162518
91591,MeerKAT:array_1:20250704T054305Z,Gaia_6440693585118612608,28,626.6923625469208,-0.0264832247842331,39.62429,3,2,19.628594431975266,-63.924863811963455
87480,MeerKAT:array_1:20250717T054309Z,Gaia_4669316546736562048,62,613.1961970925331,-0.0081486845489948,39.617683,2,1,4.075242554958981,-66.1572207783311
184510,MeerKAT:array_1:20250715T135202Z,Gaia_6016055253808084480,56,619.3195239305496,0.0040743422744974,39.23799,4,3,15.580004736880305,-32.834086025369864
68129,MeerKAT:array_1:20250710T060816Z,Gaia_5599216342594110336,17,599.1876316666603,-0.030557567058730504,38.92199,3,1,7.6061572980233665,-30.399488844792774
65040,MeerKAT:array_1:20250702T185632Z,ex_ASASSN-V_J174436.17-154152.2,55,599.9438944458961,-0.048892107293968805,38.899662,4,1,17.743379333333333,-15.697839999999998
108432,MeerKAT:array_1:20250715T133052Z,Gaia_6214395812743872000,52,639.9959867596626,-0.06722664752920711,38.84756,4,1,15.280821190946911,-26.251500292921936
106355,MeerKAT:array_1:20250718T054018Z,Gaia_4669681722036210688,16,633.7495708465576,0.024446053646984402,38.820213,2,1,4.14708127990204,-66.07313036412168
179241,MeerKAT:array_1:20250709T013528Z,ex_Gaia_DR2_6632393437427608832,24,599.943322956562,0.0040743422744974,38.770844,1,4,19.171936666666667,-59.772385
20627,MeerKAT:array_1:20250702T183548Z,ex_ASASSN-V_J163541.63-322853.2,3,558.397549033165,0.059077962980212305,38.737076,3,1,16.594896666666667,-32.48145
125250,MeerKAT:array_1:20250715T124827Z,ex_LBQS_1317-0142,40,656.0647773146629,0.034631909333227906,38.59706,1,1,13.330653466666668,-1.96773
43988,MeerKAT:array_1:20250715T135202Z,ex_ASASSN-V_J153224.56-325629.5,23,575.0678118467331,0.0183345402352383,38.57125,3,1,15.540155333333333,-32.94153
69010,MeerKAT:array_1:20250713T190328Z,Gaia_6117563163720212480,58,599.943401992321,-0.022408882509735703,38.53939,4,2,14.1469336635912,-37.537018209048156
20684,MeerKAT:array_1:20250702T183548Z,Gaia_6024291489270494976,60,558.397549033165,0.059077962980212305,38.352203,3,1,16.6212389634041,-33.147732579756344
58396,MeerKAT:array_1:20250715T124827Z,ex_[VV2006]_J131709.6-020414,19,589.8280843496323,-0.020371711372487,38.271336,4,2,13.285986666666668,-2.070726
75427,MeerKAT:array_1:20250719T053812Z,Gaia_4669831015099402368,3,599.9431436061859,-0.0162973690979896,38.168194,2,1,4.157862848827186,-65.34028821949407
105787,MeerKAT:array_1:20250715T141354Z,Gaia_6210736672405383936,42,634.0491639971733,0.030557567058730504,38.13602,1,1,15.234011848307071,-31.00749190691439
12793,MeerKAT:array_1:20250716T022312Z,Gaia_4669719994488866048,50,551.9618029594421,-0.030557567058730504,38.06668,1,1,4.146369005452814,-65.6688905292092
66568,MeerKAT:array_1:20250705T192701Z,ex_Gaia_DR3_6757681752318316672,22,599.2500547170639,-0.07944967435269931,38.053253,1,3,19.316882666666668,-32.239557
98108,MeerKAT:array_1:20250715T143518Z,Gaia_6272552453067390720,59,625.0280822515488,-0.0081486845489948,38.030197,1,3,14.371226879061886,-24.94340092191895
68235,MeerKAT:array_1:20250710T060816Z,Gaia_5598500526165506560,11,599.9698921442032,-0.006111513411746101,37.958088,3,2,7.666142706207026,-30.445411155503635
125268,MeerKAT:array_1:20250715T124827Z,ex_[VV2006]_J131735.5-021504,26,660.8565694689751,-0.055003620705714906,37.935207,1,2,13.293173,-2.251123
58408,MeerKAT:array_1:20250715T124827Z,ex_[VV2006]_J131904.7-021321,36,589.8280813097954,-0.0081486845489948,37.8824,2,2,13.317976,-2.222725
68286,MeerKAT:array_1:20250710T060816Z,Gaia_5599256990161970816,29,599.9698921442032,-0.006111513411746101,37.78745,3,2,7.654493502228949,-30.28207503135565
58416,MeerKAT:array_1:20250715T124827Z,ex_2dFGRS_TGN261Z273,45,589.8280732035637,0.024446053646984402,37.752743,1,2,13.271543466666666,-2.183139
81560,MeerKAT:array_1:20250702T183548Z,ex_ASASSN-V_J163541.63-322853.2,3,613.195937693119,0.024446053646984402,37.717125,3,1,16.594896666666667,-32.48145
58385,MeerKAT:array_1:20250715T124827Z,ex_[VV2006]_J131540.1-020548,7,589.8280721902847,0.028520395921481805,37.706688,1,2,13.261124800000001,-2.096662
68366,MeerKAT:array_1:20250710T060816Z,Gaia_5599277331128504064,55,599.9698921442032,-0.006111513411746101,37.64729,3,2,7.660368968395012,-30.27873998052398
35429,MeerKAT:array_1:20250702T175345Z,Gaia_6117528597823280512,49,575.9726486802101,-0.040743422744974,37.57306,1,1,14.12584482684097,-37.85728794951332
138868,MeerKAT:array_1:20250729T055516Z,ex_LEDA_312357,42,672.0191342234612,-0.0631523052547097,37.540195,4,1,4.11525,-65.545556
86638,MeerKAT:array_1:20250715T135202Z,Gaia_6016066180205058176,59,619.3195239305496,0.006111513411746101,37.514786,4,3,15.577791001427997,-32.672823093636566
68153,MeerKAT:array_1:20250710T060816Z,Gaia_5599276472135039104,39,599.140757381916,-0.030557567058730504,37.477493,2,1,7.66374765704225,-30.300738024982873
44802,MeerKAT:array_1:20250715T143518Z,J1420_9-2431,0,575.9804164767265,-0.0325947381959792,37.473137,2,1,14.3504,-24.508000000000003
91616,MeerKAT:array_1:20250704T054305Z,Gaia_6441456096432105216,53,626.6923625469208,-0.0264832247842331,37.460667,3,2,19.619685757453517,-63.58973988471284
87859,MeerKAT:array_1:20250720T024534Z,Gaia_4669822047207700608,5,613.1961596012115,-0.030557567058730504,37.38169,3,4,4.200309191848284,-65.34026651636827
125932,MeerKAT:array_1:20250715T141354Z,ex_LEDA_703587,38,660.8565532565117,-0.038706251607725305,37.370167,2,1,15.235555533333335,-31.578889000000004
183925,MeerKAT:array_1:20250713T194539Z,Gaia_6024557193128551040,16,613.1961555480957,0.0020371711372487,37.356575,2,4,16.59561298974579,-32.517633576853136
43167,MeerKAT:array_1:20250715T124827Z,ex_[VV2006]_J131908.3-014326,38,576.0568785071373,0.0183345402352383,37.289303,1,1,13.318970933333333,-1.7239460000000002
98106,MeerKAT:array_1:20250715T143518Z,Gaia_6272655704081277824,33,625.0280792117119,0.006111513411746101,36.949947,2,3,14.383076493122587,-24.307845386547537
81598,MeerKAT:array_1:20250702T183548Z,Gaia_6024348560799652992,61,613.195937693119,0.012223026823492201,36.873577,3,1,16.626106442357802,-32.88853497792684
81589,MeerKAT:array_1:20250702T183548Z,ex_ASASSN-V_J163636.83-322800.8,51,613.1959366798401,0.0325947381959792,36.73267,2,1,16.61019333333333,-32.46684
125928,MeerKAT:array_1:20250715T141354Z,ex_CRTS_J151347.0-304145,29,660.8565542697906,-0.040743422744974,36.71878,2,1,15.229748,-30.69594
32738,MeerKAT:array_1:20250715T141354Z,ex_2MFGC_12293,33,562.5536444187164,0.081486845489948,36.53789,3,1,15.190066666666667,-31.050719
73031,MeerKAT:array_1:20250715T141354Z,ex_2MFGC_12293,33,599.4172518253326,-0.05704079184296361,36.52944,1,1,15.190066666666667,-31.050719
91580,MeerKAT:array_1:20250704T054305Z,Gaia_6440627511341805568,17,626.6923595070839,0.0366690804704766,36.50515,3,2,19.643113636127215,-64.2111610222925
43987,MeerKAT:array_1:20250715T135202Z,ex_ASASSN-V_J153218.02-325446.8,22,575.0678118467331,0.0183345402352383,36.376415,3,1,15.538370666666667,-32.91325
20654,MeerKAT:array_1:20250702T183548Z,ex_ASASSN-V_J163447.37-330225.7,30,558.397549033165,0.059077962980212305,36.29107,3,1,16.579824,-33.04047
77952,MeerKAT:array_1:20250726T235112Z,Gaia_6441840616264013056,30,599.981748521328,0.006111513411746101,36.282562,1,1,19.69064750423485,-63.19333179876508
117314,MeerKAT:array_1:20250715T133052Z,Gaia_6214393648080384896,27,648.5687280297279,0.012223026823492201,36.262074,2,1,15.26930690003996,-26.24568182779499
125249,MeerKAT:array_1:20250715T124827Z,ex_2MASX_J13171155-0212040,63,655.9974459409714,0.0101858556862435,36.229057,2,1,13.2865406,-2.201051
71302,MeerKAT:array_1:20250715T124827Z,ex_2dFGRS_TGN261Z265,60,599.4172579050064,0.06926381866645581,36.223392,3,2,13.280294999999999,-1.932992
188754,MeerKAT:array_1:20250715T124827Z,ex_2dFGRS_TGN261Z273,45,633.7495384216309,0.0040743422744974,36.15275,3,4,13.271543466666666,-2.183139
35287,MeerKAT:array_1:20250702T175345Z,ex_3FGL_J1409.2-3743,1,576.0390002131462,0.0651894763919584,36.094967,1,1,14.1455278,-37.788889
117313,MeerKAT:array_1:20250715T133052Z,Gaia_6214393648080385024,26,648.5687280297279,0.012223026823492201,35.9644,2,1,15.269256586265445,-26.245989065000384
71268,MeerKAT:array_1:20250715T124827Z,ex_[VV2006]_J131712.9-014118,20,599.4172660112381,0.0366690804704766,35.887203,1,2,13.286892000000002,-1.688167
49642,MeerKAT:array_1:20250723T043540Z,Gaia_4655091202771104640,43,572.7156164646149,0.0081486845489948,35.775616,1,2,5.01947605393879,-70.16534124287541
138821,MeerKAT:array_1:20250729T055516Z,Gaia_4668945152324985344,6,672.0191230773926,-0.0183345402352383,35.769936,1,1,4.216304412134747,-66.06098824181976
121945,MeerKAT:array_1:20250723T033528Z,Gaia_4658248759709772416,38,649.9973287582397,0.0366690804704766,35.736115,1,1,5.229783426879999,-69.07497450826473
86751,MeerKAT:array_1:20250715T141354Z,Gaia_6210724234180034944,40,615.6175011396408,0.0325947381959792,35.71775,4,1,15.242840833341257,-31.03800454084551
81578,MeerKAT:array_1:20250702T183548Z,ex_ASASSN-V_J163512.47-321713.2,33,613.195937693119,0.012223026823492201,35.701912,3,1,16.586797999999998,-32.28699999999999
58392,MeerKAT:array_1:20250715T124827Z,ex_[VV2006]_J131624.0-015835,14,589.8280772566795,0.0081486845489948,35.683334,4,2,13.2733324,-1.9763640000000002
176369,MeerKAT:array_1:20250715T124827Z,ex_2MASX_J13155881-0223450,4,589.8280782699585,0.0040743422744974,35.63599,4,2,13.266342066666665,-2.3959090000000005
62459,MeerKAT:array_1:20250723T015429Z,Gaia_4661456443051461248,61,587.9867061972618,-0.0427805938822227,35.546604,1,1,5.026298916058287,-67.9610593118982
11158,MeerKAT:array_1:20250715T141354Z,ex_ASASSN-V_J151128.63-310122.7,21,550.2657908201218,0.0427805938822227,35.546597,1,1,15.191286000000002,-31.02296
165754,MeerKAT:array_1:20250720T052239Z,Gaia_4669756415811624576,59,563.9649363160133,-0.0040743422744974,35.49553,3,4,4.072648803554459,-65.60218505621934
68110,MeerKAT:array_1:20250710T060816Z,Gaia_5598525505696721024,3,599.140757381916,-0.030557567058730504,35.45448,2,1,7.666396119028038,-30.337600371044505
84372,MeerKAT:array_1:20250713T192439Z,Gaia_5820247316841038848,12,613.1961859464645,-0.0733381609409532,35.43189,3,3,15.68770643633942,-68.73614519583782
70498,MeerKAT:array_1:20250713T211114Z,Gaia_4189206170177871616,31,601.3516743183136,0.030557567058730504,35.430897,1,1,19.928429890438984,-12.322646001315475
115127,MeerKAT:array_1:20250713T200741Z,Gaia_4148113331900299776,40,647.9679518938065,-0.06111513411746101,35.383007,1,1,17.774373402071216,-15.963304723692033
91623,MeerKAT:array_1:20250704T054305Z,Gaia_6440697261610635520,60,626.6923625469208,-0.0264832247842331,35.3246,3,2,19.61326914840708,-63.89546576218962
162747,MeerKAT:array_1:20250715T124827Z,ex_[VV2006]_J131712.9-014118,20,560.0552997589111,0.0040743422744974,35.278347,3,1,13.286892000000002,-1.688167
44941,MeerKAT:array_1:20250715T143518Z,Gaia_6272820115429161728,43,575.9804164767265,-0.0325947381959792,35.25632,2,1,14.360360675470243,-24.375942233804157
108259,MeerKAT:array_1:20250715T124827Z,ex_[VV2006]_J131716.7-014247,23,640.0631985664368,0.014260197960740902,35.2548,1,1,13.287962333333335,-1.713211
19154,MeerKAT:array_1:20250729T031818Z,Gaia_4669705361536222080,20,544.0459988117218,-0.0651894763919584,35.244904,1,1,4.150719560167508,-66.02839966826893
77925,MeerKAT:array_1:20250726T235112Z,Gaia_6441856146865800064,23,599.98174649477,0.0162973690979896,35.167286,3,1,19.671410441835615,-63.14531786042633
58428,MeerKAT:array_1:20250715T124827Z,ex_2MASX_J13170753-0134111,62,589.8280813097954,-0.0081486845489948,35.13716,2,2,13.285425866666666,-1.569629
187343,MeerKAT:array_1:20250716T012443Z,ex_LEDA_176912,15,625.0286425948143,-0.0040743422744974,35.060974,3,1,4.12275,-66.218611
58260,MeerKAT:array_1:20250715T124827Z,ex_2MASX_J13170753-0134111,62,587.1293992400169,-0.05092927843121751,35.01988,3,2,13.285425866666666,-1.569629
112204,MeerKAT:array_1:20250705T180344Z,Gaia_5820010097205620480,37,649.9970440268517,0.05704079184296361,34.919598,2,1,15.654272516358866,-69.45643602774093
59243,MeerKAT:array_1:20250715T135202Z,ex_ASASSN-V_J153249.85-325503.6,24,589.8131415247917,0.0081486845489948,34.892994,3,1,15.547180000000003,-32.91767
138882,MeerKAT:array_1:20250729T055516Z,Gaia_4669782735370707968,54,672.0191342234612,-0.0631523052547097,34.696125,4,1,4.08757870307334,-65.41108514166355
86545,MeerKAT:array_1:20250715T135202Z,ex_Gaia_DR2_6014515417835108352,12,619.3195239305496,0.006111513411746101,34.675335,4,3,15.5393338,-33.354266
138870,MeerKAT:array_1:20250729T055516Z,ex_OGLE_MBR229.17.00041,43,672.0191200375557,-0.006111513411746101,34.5204,1,1,4.1774528,-65.606486
162772,MeerKAT:array_1:20250715T124827Z,ex_2QZ_J131652.4-014400,47,560.0552997589111,0.0040743422744974,34.431034,3,1,13.281243,-1.7334129999999999
76118,MeerKAT:array_1:20250722T002453Z,Gaia_6440625174879361536,35,599.9821021556854,-0.0183345402352383,34.355404,4,1,19.660799473622262,-64.20093327715377
49582,MeerKAT:array_1:20250723T033528Z,Gaia_4658342630481836288,8,576.0406528711319,0.040743422744974,34.271008,1,1,5.245153227510853,-68.88544980062169
112168,MeerKAT:array_1:20250705T180344Z,Gaia_5820213816095243264,1,650.0016686320305,0.048892107293968805,34.215946,1,1,15.645759998342479,-69.01742769241322
187145,MeerKAT:array_1:20250715T135202Z,ex_ASASSN-V_J153249.85-325503.6,24,625.0280903577805,-0.0020371711372487,33.978294,3,1,15.547180000000003,-32.91767
73019,MeerKAT:array_1:20250715T141354Z,ex_ASASSN-V_J151253.14-314549.0,25,599.4172335863113,0.022408882509735703,33.89188,2,1,15.214760666666667,-31.763619999999996
125365,MeerKAT:array_1:20250715T133052Z,ex_CRTS_J151358.5-264237,8,660.8566049337387,0.024446053646984402,33.864555,2,1,15.232940066666666,-26.710345
19207,MeerKAT:array_1:20250729T031818Z,Gaia_4668946801592453888,38,543.9540011882782,0.06722664752920711,33.78114,1,1,4.221034584661104,-66.01635427594215
49594,MeerKAT:array_1:20250723T033528Z,Gaia_4661372403478499840,20,576.0406528711319,0.044817765019471406,33.77456,1,1,5.1400452143211455,-68.47618457408603
79747,MeerKAT:array_1:20250710T060816Z,Gaia_5598498597711023232,57,607.2393063902855,-0.0162973690979896,33.74547,1,1,7.6591027392321624,-30.516554350826215
58402,MeerKAT:array_1:20250715T124827Z,ex_[VV2006]_J131739.1-021013,27,589.8280833363533,-0.0162973690979896,33.708862,1,2,13.294203933333334,-2.1703630000000005
116493,MeerKAT:array_1:20250715T053823Z,Gaia_4669788546463037184,61,650.0040792226791,0.038706251607725305,33.70884,3,1,4.104031548563108,-65.24949361089824
114579,MeerKAT:array_1:20250713T190328Z,Gaia_6117453693593864320,23,650.0222544074059,-0.0183345402352383,33.579025,2,1,14.169190494908943,-38.13981237394415
87912,MeerKAT:array_1:20250720T024534Z,Gaia_4669704158945427712,58,613.1961626410484,-0.038706251607725305,33.485985,3,4,4.089912795982981,-65.79060952179496
125237,MeerKAT:array_1:20250715T124827Z,ex_[VV2006]_J131723.5-021125,24,655.9974469542503,-0.05092927843121751,33.447746,3,1,13.289847266666667,-2.19053
81587,MeerKAT:array_1:20250702T183548Z,ex_ASASSN-V_J163631.26-322736.0,49,613.1959366798401,0.034631909333227906,33.44135,2,1,16.608684,-32.46000000000001
86689,MeerKAT:array_1:20250715T141354Z,Gaia_6210736672405383936,42,613.7743355631828,0.030557567058730504,33.33762,4,1,15.234011848307071,-31.00749190691439
76044,MeerKAT:array_1:20250722T002453Z,Gaia_6440673862628815488,7,599.9821021556854,-0.0162973690979896,33.281574,4,1,19.603203485416206,-63.92380616489182
112185,MeerKAT:array_1:20250705T180344Z,Gaia_5820275869784944512,18,649.9970440268517,0.059077962980212305,33.21699,2,1,15.571600878625881,-68.84057738962794
76047,MeerKAT:array_1:20250722T002453Z,Gaia_6440627408262179712,8,599.9821021556854,-0.0183345402352383,33.13608,4,1,19.643109019515624,-64.23934209851171
38599,MeerKAT:array_1:20250705T231238Z,Gaia_6441462036370308096,15,575.9944676160812,-0.006111513411746101,33.043438,2,1,19.657515865634668,-63.417099217658034
125258,MeerKAT:array_1:20250715T124827Z,ex_[VV2006]_J131617.9-021856,12,660.8565654158592,0.081486845489948,33.034203,2,2,13.271620066666667,-2.315731
116490,MeerKAT:array_1:20250715T053823Z,Gaia_4669721476253687552,58,650.0040792226791,0.038706251607725305,33.00115,3,1,4.157401643956513,-65.58253542747391
105021,MeerKAT:array_1:20250715T124827Z,ex_[VV2006]_J131618.7-022454,13,633.7495455145836,-0.024446053646984402,32.927197,3,1,13.271848533333333,-2.415161
32737,MeerKAT:array_1:20250715T141354Z,ex_ASASSN-V_J151128.63-310122.7,21,562.5536444187164,0.081486845489948,32.898994,3,1,15.191286000000002,-31.02296
133888,MeerKAT:array_1:20250715T135202Z,ex_ASASSN-V_J153623.95-332446.8,34,675.8447182774544,0.006111513411746101,32.80206,2,3,15.60666,-33.41307
76052,MeerKAT:array_1:20250722T002453Z,Gaia_6441841131660134912,10,599.9821021556854,-0.0183345402352383,32.76037,4,1,19.664309470556116,-63.29807221837559
118211,MeerKAT:array_1:20250715T141354Z,Gaia_6210677809876566784,59,648.5687067508698,0.0427805938822227,32.756504,2,2,15.219061536771624,-31.58914200227071
54890,MeerKAT:array_1:20250705T192701Z,ex_CRTS_J191626.8-314030,58,587.9935964941978,-0.0101858556862435,32.71266,1,1,19.274091,-31.675308
125276,MeerKAT:array_1:20250715T124827Z,ex_[VV2006]_J131904.7-021321,36,660.856570482254,0.07741250321545061,32.593845,4,2,13.317976,-2.222725
125371,MeerKAT:array_1:20250715T133052Z,Gaia_6214377842600673024,48,660.8566059470177,0.020371711372487,32.513977,3,1,15.282533320416032,-26.313306134676974
105028,MeerKAT:array_1:20250715T124827Z,ex_[VV2006]_J131712.9-014118,20,633.7495434880257,-0.0162973690979896,32.508354,2,4,13.286892000000002,-1.688167
9934,MeerKAT:array_1:20250715T135202Z,ex_ASASSN-V_J153431.87-331118.1,30,545.5771565437317,0.006111513411746101,32.48363,1,1,15.57551866666667,-33.18836000000001
65148,MeerKAT:array_1:20250704T054305Z,Gaia_6440677401681817856,19,599.9802650809288,0.0081486845489948,32.48323,2,1,19.637826258661583,-64.0201424224844
116475,MeerKAT:array_1:20250715T053823Z,Gaia_4669681305423190912,43,650.0040792226791,0.038706251607725305,32.426647,3,1,4.144524387988824,-66.08909789821749
88116,MeerKAT:array_1:20250722T002453Z,Gaia_6441072225138813056,58,613.1959680914879,0.040743422744974,32.293015,3,3,19.716895155494047,-63.57370600703655
52009,MeerKAT:array_1:20250715T135202Z,ex_LEDA_682725,51,578.754144012928,0.0183345402352383,32.241306,2,1,15.603055533333333,-32.993333
89557,MeerKAT:array_1:20250723T033528Z,Gaia_4658399182256522624,10,613.1959772109985,0.020371711372487,32.176018,4,1,5.191289776949257,-68.29032159336398
58424,MeerKAT:array_1:20250715T124827Z,ex_PGC1089638,56,589.8280853629112,-0.024446053646984402,32.155388,2,1,13.276388866666668,-2.524444
131611,MeerKAT:array_1:20250713T190328Z,Gaia_6117523753100189696,7,671.9928193688393,-0.012223026823492201,32.138752,1,1,14.140695950561406,-37.80523266916605
49584,MeerKAT:array_1:20250723T033528Z,Gaia_4658399182256522624,10,576.0406538844109,0.0366690804704766,32.113914,1,1,5.191289776949257,-68.29032159336398
58739,MeerKAT:array_1:20250715T133052Z,Gaia_6214378323636937600,53,587.129423558712,0.05092927843121751,32.019947,4,1,15.295069415607372,-26.398206670275883
183929,MeerKAT:array_1:20250713T200741Z,Gaia_4148222011764482432,60,613.1961677074432,0.0040743422744974,32.014416,1,2,17.7535731195619,-15.423789760301728
125245,MeerKAT:array_1:20250715T124827Z,ex_2dFGRS_TGN262Z292,58,655.9974439144135,0.040743422744974,32.00118,1,1,13.2783636,-1.6572170000000002
81583,MeerKAT:array_1:20250702T183548Z,ex_ASASSN-V_J163608.07-330957.6,43,613.195937693119,0.020371711372487,31.995834,1,1,16.602214,-33.16577
118195,MeerKAT:array_1:20250715T141354Z,ex_4FGL_J1513.0-3118,2,648.5687158703804,-0.014260197960740902,31.861235,1,1,15.2175278,-31.301389
242222,MeerKAT:array_1:20250715T135202Z,ex_LEDA_682725,51,675.8447182774544,0.0040743422744974,31.853565,2,3,15.603055533333333,-32.993333
183924,MeerKAT:array_1:20250713T194539Z,Gaia_6024260629907380352,2,613.1961555480957,0.0020371711372487,31.852957,2,4,16.592563418717624,-33.068890414955476
86749,MeerKAT:array_1:20250715T141354Z,ex_LEDA_703587,38,615.6175011396408,0.0325947381959792,31.850443,4,1,15.235555533333335,-31.578889000000004
11171,MeerKAT:array_1:20250715T141354Z,Gaia_6210900808876843648,48,550.2657908201218,0.038706251607725305,31.787306,2,1,15.190432965112667,-31.02399467495815
81977,MeerKAT:array_1:20250705T060310Z,Gaia_6441080785009795840,29,613.1956742405891,-0.0264832247842331,31.77227,2,1,19.68659761703496,-63.52952346260358
138830,MeerKAT:array_1:20250729T055516Z,Gaia_4669817580441686144,12,672.0191342234612,-0.0631523052547097,31.771763,4,1,4.166635564075551,-65.44458280357456
52019,MeerKAT:array_1:20250715T135202Z,Gaia_6014539645747431680,61,578.754144012928,0.0183345402352383,31.723663,2,1,15.573958984554102,-32.99725295733892
80286,MeerKAT:array_1:20250715T141354Z,Gaia_6210681043988568320,57,604.5585046410561,0.030557567058730504,31.698492,3,1,15.20466721974585,-31.550684078667054
118206,MeerKAT:array_1:20250715T141354Z,Gaia_6210929086941540864,43,648.568673312664,0.05092927843121751,31.676712,1,1,15.20830541635034,-30.78281469371523
80569,MeerKAT:array_1:20250715T141354Z,Gaia_6210668090367510656,63,611.7050902247429,0.0366690804704766,31.61848,1,1,15.259502562418586,-31.24483151096485
23825,MeerKAT:array_1:20250715T124827Z,ex_[VV2006]_J131802.0-021617,31,560.0552997589111,0.006111513411746101,31.607845,3,1,13.300554333333334,-2.271626
32740,MeerKAT:array_1:20250715T141354Z,Gaia_6210900808876843648,48,562.5536444187164,0.081486845489948,31.53872,3,1,15.190432965112667,-31.02399467495815
83783,MeerKAT:array_1:20250708T010310Z,Gaia_6441476536179633664,43,613.1965000629425,-0.0162973690979896,31.515678,1,1,19.63312472252415,-63.35615154731554
73022,MeerKAT:array_1:20250715T141354Z,ex_ASASSN-V_J151311.91-311358.5,27,599.4172457456589,-0.034631909333227906,31.490643,1,1,15.219974666666667,-31.23292
81953,MeerKAT:array_1:20250705T060310Z,Gaia_6441442627414763904,1,613.1956762671471,-0.0713009898037045,31.478048,3,1,19.570491102772927,-63.66146340257903
79473,MeerKAT:array_1:20250709T013528Z,ex_Gaia_DR3_6632323721516869248,29,607.2236796021461,0.0183345402352383,31.310581,1,2,19.173304599999998,-60.15847000000001
122504,MeerKAT:array_1:20250723T045553Z,Gaia_4663608741400302464,8,650.0219169855118,-0.034631909333227906,31.257156,4,1,5.1102816636256145,-65.20086913035384
131789,MeerKAT:array_1:20250713T192439Z,Gaia_5820200656314836736,3,671.9927504658699,-0.012223026823492201,31.224,1,1,15.64328056672977,-69.27498425948521
164771,MeerKAT:array_1:20250713T205023Z,Gaia_6757775352547754624,33,563.9467054009438,-0.0040743422744974,31.20539,1,2,19.303713088034822,-31.8246435080348
65123,MeerKAT:array_1:20250704T054305Z,Gaia_6441424588552067456,5,599.9802650809288,0.0081486845489948,31.171774,2,1,19.581274113725446,-63.89836092648778
117653,MeerKAT:array_1:20250715T135202Z,ex_HD_138923,2,648.5687503218651,-0.030557567058730504,31.10977,1,1,15.6031564,-33.092804
100315,MeerKAT:array_1:20250723T012407Z,ex_ESO_56-15,1,625.0211301445961,-0.044817765019471406,31.104904,4,1,4.8703883333333335,-69.705253
38568,MeerKAT:array_1:20250705T231238Z,Gaia_6441449155765047424,4,575.9944676160812,-0.006111513411746101,31.104668,2,1,19.580692760518435,-63.48311780165906
125257,MeerKAT:array_1:20250715T124827Z,ex_[VV2006]_J131604.1-013605,10,660.856570482254,0.07741250321545061,30.951769,4,2,13.267814333333334,-1.601571
87880,MeerKAT:array_1:20250720T024534Z,Gaia_4669688868861739008,26,613.1961636543274,-0.0529664495684662,30.937508,4,4,4.08104917685891,-66.1623797441266
75475,MeerKAT:array_1:20250719T053812Z,Gaia_4669730615944037120,19,599.9431436061859,-0.0162973690979896,30.798237,2,1,4.100445954112742,-65.61437292243554
98107,MeerKAT:array_1:20250715T143518Z,Gaia_6272523139914195584,51,625.0280792117119,0.006111513411746101,30.689882,2,3,14.352185414632133,-24.80812317138757
122569,MeerKAT:array_1:20250723T045553Z,Gaia_4663608054205540736,43,650.0219169855118,-0.034631909333227906,30.643282,4,1,5.120888630907181,-65.22538554685003
49468,MeerKAT:array_1:20250723T033528Z,Gaia_4658381353909026048,24,572.7158941030502,0.012223026823492201,30.59021,2,1,5.240877375492852,-68.48654706891156
122166,MeerKAT:array_1:20250723T043540Z,Gaia_4655109615260969856,63,647.9386194944382,-0.012223026823492201,30.561975,4,4,4.949536856318343,-70.32883991450909
89600,MeerKAT:array_1:20250723T033528Z,Gaia_4658399255335657600,53,613.1959772109985,0.020371711372487,30.502918,4,1,5.188408801124406,-68.28744315159548
165696,MeerKAT:array_1:20250720T052239Z,Gaia_4668964428138269952,30,563.9649363160133,-0.0040743422744974,30.49748,3,4,4.1891414737304835,-65.82288525731616
138863,MeerKAT:array_1:20250729T055516Z,ex_NGC_1526,37,672.0191281437874,-0.038706251607725305,30.480457,3,1,4.086760000000001,-65.839833
81575,MeerKAT:array_1:20250702T183548Z,ex_ASASSN-V_J163435.27-321615.9,28,613.1959427595139,-0.0081486845489948,30.381105,4,1,16.576463999999998,-32.27107
125363,MeerKAT:array_1:20250715T133052Z,ex_CRTS_J151615.6-261959,3,660.856597840786,0.055003620705714906,30.370358,3,1,15.271034333333333,-26.332653
72517,MeerKAT:array_1:20250715T135202Z,ex_CRTS_J153336.8-332037,39,600.8721380233765,0.014260197960740902,30.227488,2,1,15.560236066666668,-33.343555
117682,MeerKAT:array_1:20250715T135202Z,Gaia_6014539645747431680,61,648.5687584280968,-0.059077962980212305,30.217514,4,1,15.573958984554102,-32.99725295733892
39003,MeerKAT:array_1:20250707T173400Z,Gaia_6144299438211598336,35,576.0405910611153,-0.0427805938822227,30.143553,1,2,12.1934485100346,-44.44684484240833
113820,MeerKAT:array_1:20250708T010310Z,Gaia_6441443623847141248,10,649.9995883703232,0.038706251607725305,30.13813,4,1,19.587318419375215,-63.62475797605792
43771,MeerKAT:array_1:20250715T135202Z,ex_CRTS_J153258.9-332343,3,571.3814796805382,0.0183345402352383,30.101196,2,1,15.549724066666666,-33.39523500000001
122118,MeerKAT:array_1:20250723T043540Z,Gaia_4655086594236261504,39,647.9386194944382,-0.012223026823492201,30.097235,4,4,5.045374044273843,-70.27316140164804
68158,MeerKAT:array_1:20250710T060816Z,Gaia_5599276472135039104,39,599.3282545208931,-0.030557567058730504,30.03958,1,1,7.66374765704225,-30.300738024982873
72502,MeerKAT:array_1:20250715T135202Z,ex_ASASSN-V_J153249.85-325503.6,24,600.8721380233765,0.0101858556862435,29.907782,2,1,15.547180000000003,-32.91767
131820,MeerKAT:array_1:20250713T192439Z,Gaia_5820127538792294528,34,671.9927535057068,-0.028520395921481805,29.804678,2,1,15.579196917694782,-69.14269879645438
131798,MeerKAT:array_1:20250713T192439Z,Gaia_5820247316841038848,12,671.9927535057068,-0.028520395921481805,29.702536,2,1,15.68770643633942,-68.73614519583782
125247,MeerKAT:array_1:20250715T124827Z,ex_2dFGRS_TGN261Z265,60,655.9974479675293,-0.07741250321545061,29.67424,4,1,13.280294999999999,-1.932992
113827,MeerKAT:array_1:20250708T010310Z,Gaia_6440682521282895360,17,649.9995883703232,0.038706251607725305,29.658155,4,1,19.650805172066974,-63.91901586440655
97760,MeerKAT:array_1:20250715T141354Z,Gaia_6210677809876566784,59,621.1469988822937,0.0427805938822227,29.565268,2,1,15.219061536771624,-31.58914200227071
81430,MeerKAT:array_1:20250702T181451Z,ex_Gaia_DR3_5820306621743296768,18,613.1958525776863,-0.0081486845489948,29.538378,1,1,15.6314308,-68.56849
79477,MeerKAT:array_1:20250709T013528Z,ex_Gaia_DR2_6638328395032895360,59,607.2236796021461,0.0081486845489948,29.526243,1,2,19.196783666666665,-60.089096
113813,MeerKAT:array_1:20250708T010310Z,Gaia_6441482553430969856,3,649.9995883703232,0.038706251607725305,29.514355,4,1,19.633573354752375,-63.228262898511055
49501,MeerKAT:array_1:20250723T033528Z,Gaia_4661239190774477824,55,572.7158941030502,0.012223026823492201,29.49806,2,1,5.117545180390893,-69.08448061939875
101281,MeerKAT:array_1:20250723T030515Z,ex_ASASSN-V_J053538.79-701446.0,51,625.021001458168,-0.048892107293968805,29.485664,4,1,5.593987333333334,-70.24515000000001
35782,MeerKAT:array_1:20250702T183548Z,ex_ASASSN-V_J163639.64-324841.0,52,572.7144238352776,0.0631523052547097,29.478512,1,1,16.611012,-32.81138
37763,MeerKAT:array_1:20250705T190623Z,ex_LEDA_202487,30,572.7157451510429,0.014260197960740902,29.477678,1,3,18.45830553333333,-12.178332999999999
121003,MeerKAT:array_1:20250723T015429Z,Gaia_4661363568820729216,52,650.0219413042068,0.012223026823492201,29.475069,3,1,4.99485316312431,-68.08939866330337
68159,MeerKAT:array_1:20250710T060816Z,Gaia_5599276472135039104,39,599.359503030777,-0.0162973690979896,29.405663,1,1,7.66374765704225,-30.300738024982873
2022,MeerKAT:array_1:20250705T174237Z,Gaia_6120562627136506496,51,551.9478845596313,0.0101858556862435,29.3864,2,4,14.111444418707626,-37.35795052614736
125945,MeerKAT:array_1:20250715T141354Z,Gaia_6210627958192734976,61,660.8565755486488,0.055003620705714906,29.361042,1,2,15.215066299639737,-31.72900773620107
125918,MeerKAT:array_1:20250715T141354Z,ex_i_Lup,1,660.8565623760223,-0.07741250321545061,29.34362,2,1,15.243699933333334,-31.519124
122152,MeerKAT:array_1:20250723T043540Z,Gaia_4655129715706117888,56,647.9386194944382,-0.012223026823492201,29.333778,4,4,4.8995981026875945,-70.02830194369544
125370,MeerKAT:array_1:20250715T133052Z,Gaia_6226402651520520704,39,660.8566059470177,0.022408882509735703,29.332031,3,1,15.259400525078108,-26.23228935221028
125623,MeerKAT:array_1:20250715T135202Z,ex_LEDA_682725,51,660.8566333055496,-0.0631523052547097,29.314173,4,1,15.603055533333333,-32.993333
114717,MeerKAT:array_1:20250713T192439Z,Gaia_5820108675295388032,36,647.9752880334854,-0.06111513411746101,29.212505,3,1,15.617371122598033,-69.41102322671583
120315,MeerKAT:array_1:20250722T002453Z,Gaia_6440688499877294336,3,650.0018540620804,0.048892107293968805,29.20403,1,1,19.652767072950933,-63.89104024030542
120973,MeerKAT:array_1:20250723T015429Z,Gaia_4661649686538529024,36,650.0219413042068,0.012223026823492201,29.199062,3,1,4.989811262759493,-67.80427510891997
68137,MeerKAT:array_1:20250710T060816Z,Gaia_5598498430221553408,25,599.1407604217529,-0.059077962980212305,29.136534,2,1,7.6635144297572175,-30.523079035079416
170814,MeerKAT:array_1:20250729T170839Z,Gaia_1468180457846969216,50,575.9802695512772,-0.0040743422744974,29.077812,1,1,13.498231225401,30.22173903607933
65350,MeerKAT:array_1:20250704T054305Z,Gaia_6441067487791042048,57,602.1161689758301,0.05704079184296361,29.009218,1,2,19.690574612077228,-63.644972320459345
117655,MeerKAT:array_1:20250715T135202Z,ex_RX_J1534.3-3300,5,648.5687584280968,-0.059077962980212305,28.934746,4,1,15.573093666666669,-33.002444
117683,MeerKAT:array_1:20250715T135202Z,Gaia_6014539542668216832,63,648.5687584280968,-0.059077962980212305,28.924633,4,1,15.573086750896453,-33.002562659163786
84756,MeerKAT:array_1:20250713T200741Z,Gaia_4148206790398888704,36,613.1961677074432,0.0183345402352383,28.911457,1,2,17.759143159109037,-15.60693441896995
58243,MeerKAT:array_1:20250715T124827Z,ex_2dFGRS_TGN261Z268,53,587.1293992400169,-0.05092927843121751,28.91037,3,2,13.275555533333334,-2.190556
41888,MeerKAT:array_1:20250713T211114Z,Gaia_4189320549448646656,30,575.971372961998,-0.040743422744974,28.905827,4,1,19.905865947771115,-11.709053820656369
105035,MeerKAT:array_1:20250715T124827Z,ex_[VV2006]_J131758.7-014439,29,633.749534368515,0.020371711372487,28.857153,2,1,13.2996158,-1.744436
117654,MeerKAT:array_1:20250715T135202Z,ex_CRTS_J153537.6-331607,4,648.5687381625175,0.0651894763919584,28.812935,1,2,15.593765066666666,-33.268809
58423,MeerKAT:array_1:20250715T124827Z,ex_2dFGRS_TGN194Z171,55,589.8280843496323,-0.020371711372487,28.803492,4,2,13.276163599999999,-2.514847
183434,MeerKAT:array_1:20250702T183548Z,Gaia_6024256236176804992,62,613.195939719677,0.0040743422744974,28.799536,3,1,16.574771491397623,-33.16868545654058
125941,MeerKAT:array_1:20250715T141354Z,Gaia_6210936027608703744,56,660.8565421104431,0.05092927843121751,28.758627,1,1,15.214362299746098,-30.666847326794645
176371,MeerKAT:array_1:20250715T124827Z,ex_[VV2006]_J131735.5-021504,26,589.8280802965164,-0.0040743422744974,28.71905,3,2,13.293173,-2.251123
35778,MeerKAT:array_1:20250702T183548Z,ex_ASASSN-V_J163630.68-324738.2,48,572.7148321866989,0.055003620705714906,28.609882,1,1,16.608522666666666,-32.79395
113832,MeerKAT:array_1:20250708T010310Z,Gaia_6441837386448623616,22,649.9995883703232,0.038706251607725305,28.589474,4,1,19.677992608629324,-63.32120747881797
88083,MeerKAT:array_1:20250722T002453Z,Gaia_6441089237505661696,25,613.1959680914879,0.044817765019471406,28.574537,2,3,19.71823934193427,-63.37199109538746
58683,MeerKAT:array_1:20250715T133052Z,ex_CRTS_J151752.7-262646,13,587.129423558712,0.048892107293968805,28.564026,4,1,15.298002333333333,-26.445869
72989,MeerKAT:array_1:20250715T141354Z,ex_i_Lup,1,599.4172295331955,0.0427805938822227,28.5627,1,1,15.243699933333334,-31.519124
55626,MeerKAT:array_1:20250707T175557Z,ex_LEDA_206732,45,587.9934860467911,-0.0264832247842331,28.560043,1,1,18.5365,-24.365278
95262,MeerKAT:array_1:20250713T202929Z,Gaia_4153357212046994816,32,623.9690790772438,-0.048892107293968805,28.557083,1,3,18.48011418858361,-11.51564043642891
68183,MeerKAT:array_1:20250710T060816Z,Gaia_5599277331128504064,55,599.1407624483109,-0.07741250321545061,28.510654,1,1,7.660368968395012,-30.27873998052398
121950,MeerKAT:array_1:20250723T033528Z,Gaia_4661275882626648448,40,650.0218531489372,0.030557567058730504,28.504602,1,2,5.130353598101195,-68.61171414531456
95241,MeerKAT:array_1:20250713T202929Z,Gaia_4153310311002141824,11,623.9690790772438,-0.0529664495684662,28.41764,1,3,18.464912306490305,-11.823019714216015
122557,MeerKAT:array_1:20250723T045553Z,Gaia_4663783013966279168,36,650.0219159722328,-0.030557567058730504,28.350191,2,1,5.018537352383193,-65.24678193378632
49461,MeerKAT:array_1:20250723T033528Z,Gaia_4661279151170414720,17,572.7158951163292,0.006111513411746101,28.329525,1,1,5.112290463794717,-68.76754609544888
58427,MeerKAT:array_1:20250715T124827Z,ex_2dFGRS_TGN261Z260,61,589.8280985355377,0.0753753320782019,28.244196,2,1,13.2842778,-1.9183330000000003
58403,MeerKAT:array_1:20250715T124827Z,ex_[VV2006]_J131757.4-021114,28,589.8280772566795,0.0081486845489948,28.195997,4,2,13.299253133333332,-2.18757
121312,MeerKAT:array_1:20250723T022503Z,ex_OGLE-CL_LMC_471,13,650.0219605565071,0.0183345402352383,28.15591,1,1,5.438175,-70.221222
114685,MeerKAT:array_1:20250713T192439Z,Gaia_5820220859841240704,20,647.9752880334854,-0.06111513411746101,28.107368,3,1,15.596655078433653,-69.11815151274989
17643,MeerKAT:array_1:20250723T043540Z,Gaia_4655158547868595200,36,544.0454496145248,-0.020371711372487,28.086348,1,1,4.958016131038266,-69.86759263750793
71856,MeerKAT:array_1:20250715T133052Z,J1516_4-2640,0,599.4172842502594,0.059077962980212305,28.071795,1,1,15.270999999999999,-26.699
41877,MeerKAT:array_1:20250713T211114Z,Gaia_4189218157426631680,26,575.971372961998,-0.040743422744974,28.020733,4,1,19.91198853639625,-12.205100414882299
125246,MeerKAT:array_1:20250715T124827Z,ex_2MASX_J13164575-0154497,59,655.9974459409714,0.014260197960740902,28.008245,2,1,13.279373933333332,-1.913724
81991,MeerKAT:array_1:20250705T060310Z,Gaia_6440995504139088128,43,613.1956762671471,-0.0651894763919584,27.708841,1,1,19.728450885953496,-64.01073447545346
59069,MeerKAT:array_1:20250715T135202Z,Gaia_6014539645747431680,61,587.1294529438019,-0.020371711372487,27.706718,3,1,15.573958984554102,-32.99725295733892
41885,MeerKAT:array_1:20250713T211114Z,Gaia_4189273820204841088,29,575.971373975277,-0.048892107293968805,27.65718,2,1,19.913995864289042,-12.054737900342758
118198,MeerKAT:array_1:20250715T141354Z,ex_ASASSN-V_J151048.72-310630.6,18,648.568700671196,-0.07741250321545061,27.647043,1,1,15.180200000000001,-31.108500000000003
134629,MeerKAT:array_1:20250715T143518Z,ex_CRTS_J142021.2-243159,7,678.3023220300674,0.0651894763919584,27.63744,1,2,14.339241666666666,-24.533077
41956,MeerKAT:array_1:20250713T211114Z,Gaia_4189331377065596032,58,575.971372961998,-0.040743422744974,27.552238,4,1,19.92552296355245,-11.489576121229932
182787,MeerKAT:array_1:20250710T060816Z,Gaia_5599131783275272192,47,607.2080538272858,0.0020371711372487,27.544096,4,1,7.5913685456109725,-30.868984768401223
11176,MeerKAT:array_1:20250715T141354Z,Gaia_6210673003810108544,62,550.2657877802849,0.055003620705714906,27.50291,1,1,15.258601658975717,-31.161258868854038
138847,MeerKAT:array_1:20250729T055516Z,Gaia_4669766762388747776,26,672.0191342234612,-0.0631523052547097,27.460464,4,1,4.047581854505097,-65.65909374284935
41905,MeerKAT:array_1:20250713T211114Z,Gaia_4189273790143221376,37,575.971372961998,-0.040743422744974,27.410452,4,1,19.914001302012267,-12.067104985209344
114723,MeerKAT:array_1:20250713T192439Z,Gaia_5820110530721497728,39,647.9752880334854,-0.06111513411746101,27.30675,3,1,15.6129859989477,-69.27581926554889
90584,MeerKAT:array_1:20250731T221802Z,Gaia_4669816068613192576,42,611.9919788837433,0.0366690804704766,27.263105,1,1,4.166302129414096,-65.47241053477455
91568,MeerKAT:array_1:20250704T054305Z,Gaia_6441424588552067456,5,626.6923595070839,0.0366690804704766,27.250952,3,2,19.581274113725446,-63.89836092648778
117324,MeerKAT:array_1:20250715T133052Z,Gaia_6214174398589950080,59,648.5687412023544,0.028520395921481805,27.226313,1,2,15.272932891423931,-27.20238708137414
1938,MeerKAT:array_1:20250705T174237Z,Gaia_6117529559895916928,22,551.9478916525841,-0.0325947381959792,27.171028,1,1,14.120090032089806,-37.913180388199265
182682,MeerKAT:array_1:20250709T013528Z,ex_Cl*_NGC_6752_CL_3675,58,607.2236796021461,0.0040743422744974,27.16878,2,2,19.19500526666667,-59.942929
71874,MeerKAT:array_1:20250715T133052Z,ex_LEDA_767498,23,599.4172923564911,-0.0468549361567201,27.023457,1,2,15.308726666666667,-26.465782
119862,MeerKAT:array_1:20250719T053812Z,Gaia_4669775421042834560,62,650.0030689835548,0.0183345402352383,27.02303,4,1,4.090726383417257,-65.68297231125712
32736,MeerKAT:array_1:20250715T141354Z,ex_ASASSN-V_J151044.76-310750.3,20,562.5536748170853,0.028520395921481805,26.996212,3,2,15.179098666666667,-31.130640000000003
94699,MeerKAT:array_1:20250713T192439Z,Gaia_5820197632661065728,37,623.9850473403931,-0.048892107293968805,26.984161,2,1,15.527540557016842,-68.75212283311951
118205,MeerKAT:array_1:20250715T141354Z,Gaia_6210724234180034944,40,648.5686804056168,0.012223026823492201,26.97304,1,1,15.242840833341257,-31.03800454084551
81962,MeerKAT:array_1:20250705T060310Z,Gaia_6441479800355212800,11,613.1956742405891,-0.030557567058730504,26.959671,3,1,19.6447689350154,-63.22279778225338
47339,MeerKAT:array_1:20250719T053812Z,Gaia_4669826406598180992,56,576.0417147874832,0.06111513411746101,26.925776,3,1,4.1839960240108205,-65.26742876734004
101229,MeerKAT:array_1:20250723T030515Z,ex_X_LMC_X-1,25,625.021001458168,-0.048892107293968805,26.877722,4,1,5.660785666666667,-69.743203
118197,MeerKAT:array_1:20250715T141354Z,ex_CRTS_J151447.9-313806,17,648.5687138438225,0.05092927843121751,26.865683,1,2,15.246661866666665,-31.635257999999997
84407,MeerKAT:array_1:20250713T192439Z,Gaia_5820013533179536512,47,613.1961859464645,-0.0733381609409532,26.849524,3,3,15.65908553814643,-69.28793099762449
122146,MeerKAT:array_1:20250723T043540Z,Gaia_4655074332136334720,53,647.9386194944382,-0.012223026823492201,26.759954,4,4,5.050124029008204,-70.33369149829113
81987,MeerKAT:array_1:20250705T060310Z,Gaia_6441468569017169024,39,613.1956762671471,-0.06926381866645581,26.751583,3,1,19.602168225329645,-63.51044424038097
32739,MeerKAT:array_1:20250715T141354Z,Gaia_6210736672405383936,42,562.5536748170853,0.028520395921481805,26.735073,3,2,15.234011848307071,-31.00749190691439
91594,MeerKAT:array_1:20250704T054305Z,Gaia_6440693138442023936,31,626.6923595070839,0.038706251607725305,26.603193,3,2,19.61874868558188,-63.958496571759156
188684,MeerKAT:array_1:20250715T124827Z,ex_IC_4218,3,632.0624107122421,-0.0020371711372487,26.570517,4,1,13.284281866666666,-2.261308
84403,MeerKAT:array_1:20250713T192439Z,Gaia_5820208593414920832,43,613.1961859464645,-0.0733381609409532,26.5602,3,3,15.667071436907296,-69.1331715578853
41940,MeerKAT:array_1:20250713T211114Z,Gaia_4189411744491572992,52,575.971373975277,-0.048892107293968805,26.411304,2,1,19.944337481671532,-11.45231075701575
102168,MeerKAT:array_1:20250726T235112Z,Gaia_6441455099999727360,32,623.992958009243,-0.0101858556862435,26.405052,1,2,19.597655315151655,-63.63235590246766
119846,MeerKAT:array_1:20250719T053812Z,Gaia_4669731887254377472,46,650.0030689835548,0.0183345402352383,26.33132,4,1,4.13410253586617,-65.62875416839998
125272,MeerKAT:array_1:20250715T124827Z,ex_[VV2006]_J131802.0-021617,31,660.856570482254,0.07741250321545061,26.29493,4,2,13.300554333333334,-2.271626
28315,MeerKAT:array_1:20250729T031818Z,Gaia_4669729241554482560,46,558.3986606001854,0.014260197960740902,26.250917,2,2,4.113201114653864,-65.67691236345384
125235,MeerKAT:array_1:20250715T124827Z,ex_[VV2006]_J131714.2-022516,21,655.9974469542503,-0.05092927843121751,26.192984,3,1,13.287285666666667,-2.42103
130366,MeerKAT:array_1:20250705T192701Z,ex_Gaia_DR2_6757668798696821760,23,671.9837302565575,-0.038706251607725305,26.157585,2,1,19.3239604,-32.27474
73008,MeerKAT:array_1:20250715T141354Z,ex_CRTS_J151431.7-304813,16,599.4172619581223,0.024446053646984402,26.157198,1,2,15.242173466666666,-30.80347
183108,MeerKAT:array_1:20250715T133052Z,ex_LEDA_761943,22,611.7051591277122,0.0040743422744974,25.995743,1,2,15.261333333333331,-26.94
97727,MeerKAT:array_1:20250715T141354Z,ex_ASASSN-V_J151258.23-305325.0,26,621.1469988822937,0.040743422744974,25.950718,2,1,15.216146,-30.890269999999997
125936,MeerKAT:array_1:20250715T141354Z,Gaia_6210947675560012160,49,660.8565623760223,-0.07944967435269931,25.92989,2,1,15.211111614510838,-30.672567365787614
92694,MeerKAT:array_1:20250705T190623Z,ex_ASASSN-V_J182843.25-115402.6,25,623.993220448494,-0.0081486845489948,25.923538,4,1,18.478679333333336,-11.90073
97781,MeerKAT:array_1:20250715T141354Z,ex_CRTS_J151431.7-304813,16,622.9901664853096,0.034631909333227906,25.820246,1,1,15.242173466666666,-30.80347
101257,MeerKAT:array_1:20250723T030515Z,ex_ASASSN-V_J053549.29-693756.9,39,625.0210004448891,-0.038706251607725305,25.7788,2,1,5.597024,-69.63246000000001
183414,MeerKAT:array_1:20250702T183548Z,ex_1RXS_J163644.7-331434,4,613.195939719677,0.0040743422744974,25.717796,3,1,16.612416666666668,-33.242778
92672,MeerKAT:array_1:20250705T190623Z,ex_EQ_Sct,5,623.993220448494,-0.0081486845489948,25.653362,4,1,18.450548666666666,-11.988461
125367,MeerKAT:array_1:20250715T133052Z,ex_LEDA_761943,22,660.8566059470177,0.022408882509735703,25.610607,3,1,15.261333333333331,-26.94
130406,MeerKAT:array_1:20250705T192701Z,ex_ASASSN-V_J191624.63-315232.4,43,671.9857598543167,-0.0101858556862435,25.570908,1,1,19.273476666666664,-31.87564
47342,MeerKAT:array_1:20250719T053812Z,Gaia_4668929243765904384,57,576.0417147874832,0.06111513411746101,25.384455,3,1,4.160796740856445,-66.19030521696858
130332,MeerKAT:array_1:20250705T192701Z,ex_CRTS_J191730.3-320256,6,671.9837292432785,-0.030557567058730504,25.382154,3,1,19.291746866666667,-32.049151
130432,MeerKAT:array_1:20250705T192701Z,ex_CRTS_J191553.8-323506,56,671.9837302565575,-0.038706251607725305,25.314625,2,1,19.264961733333333,-32.585083
81997,MeerKAT:array_1:20250705T060310Z,Gaia_6440612805373343104,49,613.1956742405891,-0.030557567058730504,25.30593,3,1,19.664483694866778,-64.2831708366392
130436,MeerKAT:array_1:20250705T192701Z,ex_CRTS_J191626.8-314030,58,671.9837292432785,-0.028520395921481805,25.295797,3,1,19.274091,-31.675308
58394,MeerKAT:array_1:20250715T124827Z,ex_[VV2006]_J131657.2-021631,16,589.8280985355377,0.0753753320782019,25.29208,2,1,13.282559066666668,-2.275431
130396,MeerKAT:array_1:20250705T192701Z,ex_ASASSN-V_J191548.84-315239.7,38,671.9857618808746,-0.020371711372487,25.255434,1,1,19.263568000000003,-31.87769
97913,MeerKAT:array_1:20250715T141354Z,ex_CRTS_J151431.7-304813,16,625.0280812382698,-0.0162973690979896,25.249456,2,3,15.242173466666666,-30.80347
97897,MeerKAT:array_1:20250715T141354Z,ex_CD-30_12033,3,625.0280822515488,-0.012223026823492201,25.236345,2,3,15.212353400000001,-31.280067
80548,MeerKAT:array_1:20250715T141354Z,ex_2MFGC_12293,33,611.7051226496696,0.028520395921481805,25.220818,3,2,15.190066666666667,-31.050719
97962,MeerKAT:array_1:20250715T141354Z,Gaia_6210702308369949952,58,625.0280822515488,-0.012223026823492201,25.213938,2,3,15.212347609953643,-31.280164256357022
182797,MeerKAT:array_1:20250710T060816Z,Gaia_5599251870561261312,51,607.2080538272858,0.0020371711372487,25.204277,4,1,7.652544989771026,-30.36923457171323
97930,MeerKAT:array_1:20250715T141354Z,ex_ESO_448-15,31,625.0280812382698,-0.0162973690979896,25.20093,2,3,15.1838746,-31.259496000000002
60743,MeerKAT:array_1:20250717T054309Z,Gaia_4668956010002303360,5,587.1290283799171,-0.06926381866645581,25.197922,1,1,4.175382451521658,-65.99062700069298
32131,MeerKAT:array_1:20250715T133052Z,ex_GALEX_J151820.4-263254,11,562.5537112951279,-0.0081486845489948,25.153618,1,1,15.305701066666666,-26.548445
82005,MeerKAT:array_1:20250705T060310Z,Gaia_6440653109346674688,57,613.1956752538681,-0.048892107293968805,25.128372,3,1,19.6201970571312,-64.14683059436848
72376,MeerKAT:array_1:20250715T135202Z,ex_Gaia_DR3_6014448656864285696,13,599.9706946611404,0.07944967435269931,25.09969,1,1,15.554450866666667,-33.69069
105243,MeerKAT:array_1:20250715T133052Z,ex_CRTS_J151615.6-261959,3,636.2808713912964,0.06111513411746101,25.086582,4,2,15.271034333333333,-26.332653
94679,MeerKAT:array_1:20250713T192439Z,Gaia_5820114413371902336,27,623.9850473403931,-0.048892107293968805,25.036821,2,1,15.572377526197721,-69.40627260044963
105212,MeerKAT:array_1:20250715T133052Z,ex_CRTS_J151722.0-265132,14,633.7494178414345,-0.006111513411746101,24.977068,1,1,15.289488133333332,-26.858936
59490,MeerKAT:array_1:20250715T141354Z,Gaia_6210676130545949952,46,587.1293860673904,-0.0427805938822227,24.97296,1,1,15.208902505381175,-31.669018822067848
59017,MeerKAT:array_1:20250715T135202Z,ex_ASASSN-V_J153339.64-330209.6,28,587.1294539570808,-0.038706251607725305,24.94171,3,1,15.561012,-33.03601
182697,MeerKAT:array_1:20250710T060816Z,Gaia_5599251836201523712,4,607.2080538272858,0.0020371711372487,24.913986,4,1,7.652482230864544,-30.36957584516383
130430,MeerKAT:array_1:20250705T192701Z,ex_CRTS_J191534.3-314358,55,671.9837292432785,-0.028520395921481805,24.90472,3,1,19.259528466666666,-31.733106000000003
92686,MeerKAT:array_1:20250705T190623Z,ex_ASASSN-V_J182724.69-121138.8,19,623.993220448494,-0.0081486845489948,24.888224,4,1,18.456859333333334,-12.19412
119834,MeerKAT:array_1:20250719T053812Z,Gaia_4669732505729685632,34,650.0030689835548,0.0183345402352383,24.874023,4,1,4.136337917868428,-65.56798775669675
47356,MeerKAT:array_1:20250719T053812Z,Gaia_4669775421042834560,62,576.0417147874832,0.06111513411746101,24.826855,3,1,4.090726383417257,-65.68297231125712
102026,MeerKAT:array_1:20250723T045553Z,Gaia_4663790401310303104,25,625.0210734009743,-0.0081486845489948,24.755907,3,2,5.043094062563255,-65.13985657390529
92688,MeerKAT:array_1:20250705T190623Z,ex_ASASSN-V_J182727.82-120509.1,20,623.993220448494,-0.0081486845489948,24.728144,4,1,18.457728000000003,-12.085870000000002
176377,MeerKAT:array_1:20250715T124827Z,ex_2MASX_J13164575-0154497,59,589.8280802965164,-0.0040743422744974,24.688513,3,2,13.279373933333332,-1.913724
81819,MeerKAT:array_1:20250704T054305Z,Gaia_6441085492294009344,52,613.1963784694672,-0.044817765019471406,24.566954,1,2,19.674122826014305,-63.45461689543384
71871,MeerKAT:array_1:20250715T133052Z,ex_ASASSN-V_J151705.74-262026.7,17,599.4172852635384,0.0529664495684662,24.562088,3,2,15.284928000000003,-26.34075
65315,MeerKAT:array_1:20250704T054305Z,Gaia_6441449877319724928,25,602.116169989109,0.0529664495684662,24.541435,3,2,19.617088589809352,-63.75385344537512
133754,MeerKAT:array_1:20250715T135202Z,ex_CRTS_J153340.5-333253,15,673.1444869041443,0.07741250321545061,24.532833,1,1,15.5613082,-33.548002
130313,MeerKAT:array_1:20250705T190623Z,Gaia_4153209735740601984,41,671.9926987886429,-0.012223026823492201,24.53215,2,2,18.461296635970882,-12.076290496599404
104994,MeerKAT:array_1:20250715T124827Z,ex_2QZ_J131652.4-014400,47,632.0624096989632,0.006111513411746101,24.521082,1,1,13.281243,-1.7334129999999999
105012,MeerKAT:array_1:20250715T124827Z,ex_ATO_J199.0886-01.7543,2,633.7495455145836,-0.024446053646984402,24.461597,3,1,13.272576733333333,-1.754334
58425,MeerKAT:array_1:20250715T124827Z,ex_UGC_8340,57,589.8280762434006,0.012223026823492201,24.460884,1,2,13.276528733333333,-2.091341
80486,MeerKAT:array_1:20250715T141354Z,ex_ASASSN-V_J151250.05-311941.7,24,610.0880033969879,0.030557567058730504,24.432999,1,1,15.213902000000001,-31.328249999999997
58409,MeerKAT:array_1:20250715T124827Z,ex_[VV2006]_J131905.8-015208,37,589.8280853629112,-0.024446053646984402,24.423994,2,1,13.318295066666668,-1.8691169999999997
1460,MeerKAT:array_1:20250705T060310Z,Gaia_6440628198536349312,6,544.0822448134422,0.0081486845489948,24.377426,4,1,19.636773806303573,-64.18518077990704
125285,MeerKAT:array_1:20250715T124827Z,ex_2QZ_J131652.4-014400,47,660.856570482254,0.07741250321545061,24.375324,4,2,13.281243,-1.7334129999999999
71857,MeerKAT:array_1:20250715T133052Z,ex_4FGL_J1516.4-2640,1,599.4172852635384,0.0529664495684662,24.355436,3,2,15.273861133333334,-26.680278
81998,MeerKAT:array_1:20250705T060310Z,Gaia_6441089512383572736,50,613.1956762671471,-0.06926381866645581,24.320492,3,1,19.715801951847613,-63.35451028408925
98758,MeerKAT:array_1:20250716T022312Z,Gaia_4669719895705672448,48,625.0286588072777,0.020371711372487,24.236746,4,1,4.146941409302808,-65.68543763760889
80716,MeerKAT:array_1:20250717T054309Z,Gaia_4669818439435145216,44,611.7047376036644,-0.081486845489948,24.235994,1,1,4.165123921944731,-65.42808185404816
86710,MeerKAT:array_1:20250715T141354Z,Gaia_6210668090367510656,63,613.7743355631828,0.030557567058730504,24.172983,4,1,15.259502562418586,-31.24483151096485
112656,MeerKAT:array_1:20250705T190623Z,Gaia_4153208808026831488,38,647.9929596185684,-0.012223026823492201,24.139986,1,2,18.45438026402312,-12.081398293393196
32984,MeerKAT:array_1:20250715T141354Z,Gaia_6210682865054712192,51,567.69517993927,0.038706251607725305,24.128717,1,1,15.210110865409565,-31.474454018603495
97761,MeerKAT:array_1:20250715T141354Z,Gaia_6210904004332074752,60,621.1470009088516,0.030557567058730504,24.110949,1,1,15.175007926635901,-31.17897273912096
165666,MeerKAT:array_1:20250720T052239Z,Gaia_4669834416713497984,15,563.9649363160133,-0.0040743422744974,24.10337,3,4,4.1323855241095435,-65.27976713172235
119826,MeerKAT:array_1:20250719T053812Z,Gaia_4669717902840883200,26,650.0030689835548,0.0183345402352383,24.07052,4,1,4.169296406358537,-65.65064370102871
130304,MeerKAT:array_1:20250705T190623Z,ex_ASASSN-V_J182845.06-113930.6,8,671.9926998019218,-0.0162973690979896,24.031109,3,2,18.479184,-11.6585
87353,MeerKAT:array_1:20250716T022312Z,Gaia_4669730066188224512,21,613.1965618729591,0.014260197960740902,24.016113,1,2,4.113524060926683,-65.61063054502203
188689,MeerKAT:array_1:20250715T124827Z,ex_[VV2006]_J131540.1-020548,7,632.0624107122421,-0.0020371711372487,23.887434,4,1,13.261124800000001,-2.096662
81967,MeerKAT:array_1:20250705T060310Z,Gaia_6440682761800995072,16,613.1956742405891,-0.0264832247842331,23.856382,2,1,19.64739031529793,-63.905134712219485
80207,MeerKAT:array_1:20250715T135202Z,ex_2MASX_J15352824-3307053,46,611.7051733136177,0.06722664752920711,23.841726,2,1,15.591182133333334,-33.11827100000001
182805,MeerKAT:array_1:20250710T060816Z,Gaia_5599216411313573888,54,607.2080538272858,0.0020371711372487,23.827936,4,1,7.607415778376736,-30.389490495016155
65324,MeerKAT:array_1:20250704T054305Z,Gaia_6441067449135162496,32,602.116169989109,0.0529664495684662,23.766386,3,2,19.69684218218051,-63.63304149267422
66560,MeerKAT:array_1:20250705T190623Z,Gaia_4153387306866283264,56,601.351532459259,0.014260197960740902,23.692217,4,3,18.461222651275165,-11.389293513078464
59041,MeerKAT:array_1:20250715T135202Z,ex_LEDA_684427,44,587.1294539570808,-0.038706251607725305,23.642113,3,1,15.580027800000002,-32.885556
15366,MeerKAT:array_1:20250723T012407Z,Gaia_4655297086357125504,13,544.0459582805634,-0.0651894763919584,23.624277,3,1,4.990557448249171,-69.20715437260773
103768,MeerKAT:array_1:20250705T060310Z,Gaia_6441080785009795840,29,633.749560713768,0.024446053646984402,23.621563,1,1,19.68659761703496,-63.52952346260358
103263,MeerKAT:array_1:20250731T221802Z,Gaia_4669051255197217920,28,625.0220147371292,-0.014260197960740902,23.595772,2,1,4.232316459017462,-65.68784219285163
1500,MeerKAT:array_1:20250705T060310Z,Gaia_6441839619831617152,46,544.0822448134422,0.0081486845489948,23.548021,4,1,19.67898268166023,-63.30119116344323
144353,MeerKAT:array_1:20240925T225556Z,Gaia_2776261641749910656,49,572.7155435085297,0.055003620705714906,23.546131,1,1,0.6811435550821966,13.093887512235717
26737,MeerKAT:array_1:20250720T024534Z,Gaia_4669709484704842496,60,560.0466392636299,-0.0366690804704766,23.541471,3,1,4.138259747697322,-65.95836953997919
188680,MeerKAT:array_1:20250715T124827Z,J1317_5-0153,0,632.0624107122421,-0.0020371711372487,23.522436,4,1,13.294,-2.0050000000000003
130315,MeerKAT:array_1:20250705T190623Z,Gaia_4153202726353144704,43,671.9926987886429,-0.014260197960740902,23.450449,2,2,18.450944171481453,-12.130099227166287
58395,MeerKAT:array_1:20250715T124827Z,ex_[VV2006]_J131704.3-020048,18,589.8280995488167,0.0713009898037045,23.422323,1,1,13.284515200000001,-2.013457
49613,MeerKAT:array_1:20250723T033528Z,Gaia_4661342991550536832,39,575.9921279549599,0.006111513411746101,23.406519,1,1,5.0770677094093735,-68.3251633187761
71888,MeerKAT:array_1:20250715T133052Z,Gaia_6214255728090340992,41,599.4172994494438,-0.0081486845489948,23.398611,1,2,15.239129816158913,-26.858508688979942
28313,MeerKAT:array_1:20250729T031818Z,Gaia_4669719998784903040,44,558.3986606001854,0.014260197960740902,23.382912,2,2,4.145387800485691,-65.65221141474568
98750,MeerKAT:array_1:20250716T022312Z,Gaia_4669718761834284288,44,625.0286567807198,0.034631909333227906,23.373411,1,1,4.148909313646341,-65.71576021346517
58383,MeerKAT:array_1:20250715T124827Z,ex_IC_4218,3,589.8280863761902,-0.028520395921481805,23.35797,2,1,13.284281866666666,-2.261308
9621,MeerKAT:array_1:20250715T133052Z,ex_CRTS_J151522.8-265306,20,550.2658303380013,0.0101858556862435,23.342686,1,1,15.256362000000001,-26.884898000000003
130306,MeerKAT:array_1:20250705T190623Z,ex_ASASSN-V_J182721.28-120746.7,16,671.9926998019218,-0.0183345402352383,23.333555,3,2,18.455912,-12.129640000000002
24869,MeerKAT:array_1:20250715T135202Z,ex_LEDA_682725,51,559.9964779019356,0.055003620705714906,23.319244,3,2,15.603055533333333,-32.993333
65296,MeerKAT:array_1:20250704T054305Z,Gaia_6440695852861335296,9,602.1161679625511,0.06111513411746101,23.314903,2,2,19.638247745733207,-63.83740270859083
81975,MeerKAT:array_1:20250705T060310Z,Gaia_6441086523086399360,27,613.1956752538681,-0.05092927843121751,23.270681,3,1,19.68693863045729,-63.42862158328088
103267,MeerKAT:array_1:20250731T221802Z,Gaia_4669730306706410880,30,625.0220218300819,-0.05704079184296361,23.237228,3,1,4.113787001810862,-65.57197560265381
188734,MeerKAT:array_1:20250715T124827Z,ex_2dFGRS_TGN194Z196,51,632.0624107122421,-0.0020371711372487,23.19308,4,1,13.259238066666667,-1.808992
26732,MeerKAT:array_1:20250720T024534Z,Gaia_4669736182221672064,55,560.0466392636299,-0.0366690804704766,23.18371,3,1,4.114854005716544,-65.56483184257466
105585,MeerKAT:array_1:20250715T135202Z,Gaia_6014524493102627456,62,636.2809058427811,-0.0366690804704766,23.175753,1,1,15.570048095597015,-33.37488118617159
105032,MeerKAT:array_1:20250715T124827Z,ex_LBQS_1314-0216,25,633.749533355236,0.024446053646984402,23.171976,1,1,13.290591266666667,-2.5307180000000002
182662,MeerKAT:array_1:20250709T013528Z,ex_Gaia_DR2_6638381790063108864,35,607.2236796021461,0.0040743422744974,23.142265,2,2,19.180304733333333,-59.887811
72336,MeerKAT:array_1:20250715T135202Z,ex_ASASSN-V_J153631.88-332216.1,35,599.4172862768173,0.022408882509735703,23.118706,1,2,15.608855999999998,-33.37114
108818,MeerKAT:array_1:20250715T141354Z,ex_ASASSN-V_J151124.36-313120.5,11,639.2500097751617,-0.0162973690979896,23.115444,1,2,15.1901,-31.52236
24019,MeerKAT:array_1:20250715T130947Z,ex_ASASSN-V_J160944.16-601343.2,57,559.2503408193588,0.0733381609409532,23.101847,2,2,16.162346,-60.22873
65005,MeerKAT:array_1:20250702T185632Z,ex_ASASSN-V_J174245.73-155210.4,20,599.9438944458961,-0.048892107293968805,23.08862,4,1,17.712704,-15.86956
72325,MeerKAT:array_1:20250715T135202Z,ex_CRTS_J153458.5-331931,9,599.4173004627228,-0.030557567058730504,23.082165,4,2,15.582876666666667,-33.325627
124959,MeerKAT:array_1:20250713T205023Z,Gaia_6757685600607829504,18,658.6250150799751,0.0651894763919584,23.056786,2,1,19.308290884298994,-32.1908704106181
188757,MeerKAT:array_1:20250715T124827Z,ex_2MASX_J13170753-0134111,62,633.7495384216309,0.0040743422744974,23.009655,3,4,13.285425866666666,-1.569629
73046,MeerKAT:array_1:20250715T141354Z,Gaia_6210676130545949952,46,599.4172366261482,0.0366690804704766,22.93854,1,1,15.208902505381175,-31.669018822067848
66515,MeerKAT:array_1:20250705T190623Z,ex_ASASSN-V_J182808.49-120849.5,11,601.351532459259,0.014260197960740902,22.864958,4,3,18.469024666666666,-12.14708
11161,MeerKAT:array_1:20250715T141354Z,ex_ASASSN-V_J151258.23-305325.0,26,550.2657867670059,0.0631523052547097,22.847176,1,1,15.216146,-30.890269999999997
175542,MeerKAT:array_1:20250705T182441Z,Gaia_6024514690132639232,53,587.9936329722404,-0.0040743422744974,22.834127,2,1,16.547934803457082,-32.749810555074355
8993,MeerKAT:array_1:20250715T124827Z,ex_2MASX_J13171155-0212040,63,550.2658171653748,-0.0651894763919584,22.810713,2,2,13.2865406,-2.201051
124980,MeerKAT:array_1:20250713T205023Z,Gaia_6757657528701828864,39,658.6250150799751,0.0651894763919584,22.778015,2,1,19.307795064508145,-32.56341015522407
167971,MeerKAT:array_1:20250713T145219Z,Gaia_6440690698900526336,29,575.9805218577385,0.0020371711372487,22.765299,1,2,19.668867914637147,-63.794436637211
26723,MeerKAT:array_1:20250720T024534Z,Gaia_4669057783547492864,46,560.0466392636299,-0.0366690804704766,22.765186,3,1,4.207002186530376,-65.70093479108493
80153,MeerKAT:array_1:20250715T135202Z,ex_4FGL_J1534.3-3312,1,611.7051621675491,-0.0264832247842331,22.762962,2,2,15.572000000000001,-33.202222
1509,MeerKAT:array_1:20250705T060310Z,Gaia_6441425718127908992,55,544.0822448134422,0.0081486845489948,22.689226,4,1,19.598302507793033,-63.83675803956677
15411,MeerKAT:array_1:20250723T012407Z,Gaia_4655384085170797568,28,544.0459582805634,-0.0651894763919584,22.677248,3,1,4.848962693201648,-69.14544346041157
130319,MeerKAT:array_1:20250705T190623Z,Gaia_4153019180945219840,62,671.9926998019218,-0.0162973690979896,22.623983,3,2,18.46496893906294,-12.16279451913152
68325,MeerKAT:array_1:20250710T060816Z,Gaia_5599157724878925056,42,599.98166847229,-0.0162973690979896,22.588821,1,1,7.598532858055831,-30.738460643080522
32130,MeerKAT:array_1:20250715T133052Z,ex_CRTS_J151533.5-261942,2,562.553707242012,0.0081486845489948,22.587616,1,1,15.259337866666668,-26.328107
66523,MeerKAT:array_1:20250705T190623Z,ex_ASASSN-V_J182724.69-121138.8,19,601.351532459259,0.014260197960740902,22.57279,4,3,18.456859333333334,-12.19412
98768,MeerKAT:array_1:20250716T022312Z,Gaia_4669719277230381952,53,625.0286577939987,0.0264832247842331,22.561993,2,1,4.150605078077018,-65.67675329361344
15510,MeerKAT:array_1:20250723T012407Z,Gaia_4655433146567121408,61,544.0459582805634,-0.0651894763919584,22.459076,3,1,4.823068133658447,-69.00675372608798
175541,MeerKAT:array_1:20250705T182441Z,Gaia_6024237681926623232,4,587.9936329722404,-0.0040743422744974,22.433136,2,1,16.586362319840912,-33.380379481242414
187342,MeerKAT:array_1:20250716T012443Z,ex_LEDA_305823,14,625.0286425948143,-0.0040743422744974,22.412271,3,1,4.111444466666667,-66.308611
72323,MeerKAT:array_1:20250715T135202Z,ex_CRTS_J153537.6-331607,4,599.4173004627228,-0.030557567058730504,22.38885,4,2,15.593765066666666,-33.268809
132545,MeerKAT:array_1:20250714T160406Z,Gaia_6144671863415593344,58,671.986274600029,-0.0101858556862435,22.359606,1,1,12.217622303463385,-44.437195810126845
120961,MeerKAT:array_1:20250723T015429Z,Gaia_4661445757172327168,30,649.9970227479935,0.0651894763919584,22.351488,1,1,5.090813910545948,-68.06223318350263
3708,MeerKAT:array_1:20250707T173400Z,Gaia_6144299438211598336,35,548.0059335231781,0.022408882509735703,22.346037,1,2,12.1934485100346,-44.44684484240833
91602,MeerKAT:array_1:20250704T054305Z,Gaia_6441460838075973888,39,626.6923595070839,0.0325947381959792,22.297503,1,2,19.6595364453553,-63.48031775870894
86673,MeerKAT:array_1:20250715T141354Z,ex_ASASSN-V_J151258.23-305325.0,26,613.7743355631828,0.030557567058730504,22.267725,4,1,15.216146,-30.890269999999997
105264,MeerKAT:array_1:20250715T133052Z,Gaia_6214243152426073216,51,636.2808794975281,0.0264832247842331,22.21765,1,2,15.238234615221103,-26.93521910108485
121369,MeerKAT:array_1:20250723T022503Z,ex_BSDL_1858,42,650.0219585299492,0.034631909333227906,22.207703,3,1,5.466613866666666,-69.93066700000001
105037,MeerKAT:array_1:20250715T124827Z,ex_[VV2006]_J131802.0-021617,31,633.749534368515,0.020371711372487,22.162806,2,1,13.300554333333334,-2.271626
121659,MeerKAT:array_1:20250723T030515Z,ex_ASASSN-V_J053807.45-691626.0,53,649.997242629528,0.0529664495684662,22.160213,3,1,5.635402666666667,-69.27389999999998
75267,MeerKAT:array_1:20250718T054018Z,Gaia_4669749960476671104,33,599.9630109667778,0.014260197960740902,22.14838,3,1,4.075259296403344,-65.78164877296449
130975,MeerKAT:array_1:20250707T173400Z,Gaia_6144647468001000832,43,671.966696023941,-0.0427805938822227,22.108456,2,1,12.27114860507026,-44.254954368983405
104958,MeerKAT:array_1:20250715T124827Z,ex_LBQS_1313-0138,11,632.0624086856842,0.012223026823492201,22.099747,1,1,13.2693836,-1.901077
80545,MeerKAT:array_1:20250715T141354Z,ex_ESO_448-15,31,611.7051165699959,-0.07741250321545061,22.09852,1,2,15.1838746,-31.259496000000002
79830,MeerKAT:array_1:20250715T124827Z,ex_[VV2006]_J131904.7-021321,36,611.7051226496696,-0.05092927843121751,22.012701,1,2,13.317976,-2.222725
1473,MeerKAT:array_1:20250705T060310Z,Gaia_6440709390598240896,19,544.0822448134422,0.0081486845489948,21.997593,4,1,19.655053814158247,-63.56563906534111
108323,MeerKAT:array_1:20250715T130947Z,ex_ASASSN-V_J161318.56-602241.8,9,639.9959472417831,-0.022408882509735703,21.979013,1,2,16.221822666666668,-60.37827
105047,MeerKAT:array_1:20250715T124827Z,ex_2dFGRS_TGN195Z209,44,633.7495424747467,-0.012223026823492201,21.97658,4,4,13.317992733333334,-2.3105060000000006
103769,MeerKAT:array_1:20250705T060310Z,Gaia_6441839619831617152,46,633.749559700489,0.028520395921481805,21.96792,1,1,19.67898268166023,-63.30119116344323
65293,MeerKAT:array_1:20250704T054305Z,Gaia_6440695642407425792,7,602.116171002388,0.048892107293968805,21.959496,4,2,19.63993895294827,-63.848953667518664
100349,MeerKAT:array_1:20250723T012407Z,Gaia_4655267090300203520,36,625.0211301445961,-0.044817765019471406,21.92139,4,1,4.947481631521027,-69.44238444647297
79684,MeerKAT:array_1:20250710T060816Z,Gaia_5599116974227915648,43,607.2080558538437,-0.0183345402352383,21.902248,1,1,7.604042583828039,-30.94820049327057
24804,MeerKAT:array_1:20250715T135202Z,ex_ASASSN-V_J153224.56-325629.5,23,559.9964809417725,-0.020371711372487,21.90177,4,2,15.540155333333333,-32.94153
125935,MeerKAT:array_1:20250715T141354Z,Gaia_6210694135048923008,47,660.8565350174904,0.0468549361567201,21.869934,4,1,15.197181192868834,-31.45486119022749
125931,MeerKAT:array_1:20250715T141354Z,ex_LEDA_706196,37,660.8565532565117,-0.0366690804704766,21.868212,2,1,15.234982133333332,-31.351493
24776,MeerKAT:array_1:20250715T135202Z,ex_CRTS_J153613.6-333113,11,559.9964789152145,0.020371711372487,21.795,3,2,15.603777066666668,-33.520546
59446,MeerKAT:array_1:20250715T141354Z,ex_ASASSN-V_J151124.36-313120.5,11,587.1293931603432,-0.0733381609409532,21.745272,1,1,15.1901,-31.52236
80187,MeerKAT:array_1:20250715T135202Z,ex_ASASSN-V_J153431.87-331118.1,30,611.7051631808281,-0.030557567058730504,21.703276,1,2,15.57551866666667,-33.18836000000001
133348,MeerKAT:array_1:20250715T130947Z,ex_ASASSN-V_J161318.56-602241.8,9,677.9615522623062,-0.030557567058730504,21.684906,1,3,16.221822666666668,-60.37827
241822,MeerKAT:array_1:20250714T160406Z,Gaia_6144627264474732928,25,671.986274600029,0.0020371711372487,21.673018,2,1,12.232318320924218,-44.428347999091436
125919,MeerKAT:array_1:20250715T141354Z,ex_4FGL_J1513.0-3118,2,660.8565481901169,0.012223026823492201,21.616573,1,1,15.2175278,-31.301389
188223,MeerKAT:array_1:20250723T045553Z,Gaia_4663584238570433792,60,625.0210734009743,-0.0040743422744974,21.60048,4,2,5.173076526258996,-65.60620154223959
132030,MeerKAT:array_1:20250713T200741Z,Gaia_4124070036266270592,54,671.9667639136314,-0.06111513411746101,21.575027,4,1,17.74646542678875,-16.439470795733182
101215,MeerKAT:array_1:20250723T030515Z,ex_BSDL_2865,18,625.021001458168,-0.048892107293968805,21.57038,4,1,5.7075,-70.051667
23968,MeerKAT:array_1:20250715T130947Z,ex_ASASSN-V_J160920.92-603249.5,55,558.3987791538239,-0.0468549361567201,21.55602,1,2,16.155827333333335,-60.547129999999996
40460,MeerKAT:array_1:20250713T192439Z,Gaia_5820288067492262272,11,576.0402891039848,0.012223026823492201,21.55566,3,1,15.54440099929458,-68.77494320250531
121629,MeerKAT:array_1:20250723T030515Z,ex_ASASSN-V_J053354.71-701633.7,38,649.997242629528,0.0529664495684662,21.537971,3,1,5.565198,-70.27604
121572,MeerKAT:array_1:20250723T030515Z,ex_M-OB6,9,649.997242629528,0.0529664495684662,21.513721,3,1,5.692222199999999,-69.668611
65304,MeerKAT:array_1:20250704T054305Z,Gaia_6440617787535664256,16,602.116169989109,0.0529664495684662,21.507215,3,2,19.703027458909254,-64.16509789972916
117659,MeerKAT:array_1:20250715T135202Z,ex_Gaia_DR3_6014448656864285696,13,648.5687584280968,-0.059077962980212305,21.492205,4,1,15.554450866666667,-33.69069
206145,MeerKAT:array_1:20250702T181451Z,ex_ASASSN-V_J153804.91-690907.5,46,653.2495377659798,0.0020371711372487,21.486532,1,1,15.634696000000003,-69.15208
24817,MeerKAT:array_1:20250715T135202Z,ex_ASASSN-V_J153339.64-330209.6,28,559.9964809417725,-0.020371711372487,21.484097,4,2,15.561012,-33.03601
23990,MeerKAT:array_1:20250715T130947Z,ex_CI_Nor,17,559.2503418326378,0.059077962980212305,21.480196,2,2,16.2037032,-60.07312400000001
45347,MeerKAT:array_1:20250716T012443Z,Gaia_4669054141415170432,30,575.9454725384712,-0.0101858556862435,21.460976,1,1,4.213277061991874,-65.87383345761376
66555,MeerKAT:array_1:20250705T190623Z,Gaia_4153208979825523712,51,601.351532459259,0.014260197960740902,21.446396,4,3,18.45619397566474,-12.082522399211086
105040,MeerKAT:array_1:20250715T124827Z,ex_[VV2006]_J131844.0-013821,34,633.7495414614677,-0.0081486845489948,21.431293,3,4,13.312201666666667,-1.639327
166125,MeerKAT:array_1:20250729T031818Z,Gaia_4669752949773940992,58,564.0001741051674,-0.0020371711372487,21.424452,2,1,4.076261496535975,-65.66626927005609
94346,MeerKAT:array_1:20250713T145219Z,Gaia_6441441253025213568,11,625.0280812382698,0.0101858556862435,21.372528,2,3,19.57472073669664,-63.72783361007096
46139,MeerKAT:array_1:20250717T054309Z,Gaia_4668928419132178816,27,576.0420745015144,0.0631523052547097,21.369417,1,3,4.153134457311939,-66.20700349560818
136320,MeerKAT:array_1:20250720T052239Z,Gaia_4669731818534883840,46,671.9996843338013,-0.012223026823492201,21.338287,4,1,4.131374643047466,-65.6454696220754
75327,MeerKAT:array_1:20250718T054018Z,Gaia_4668939448608395136,54,599.9630109667778,0.014260197960740902,21.298534,3,1,4.203701647233425,-66.11590861419394
24795,MeerKAT:array_1:20250715T135202Z,ex_CRTS_J153443.6-330420,19,559.9964768886566,0.055003620705714906,21.25158,1,2,15.578744800000003,-33.072493
58413,MeerKAT:array_1:20250715T124827Z,ex_LEDA_1109753,42,589.8280752301216,0.0162973690979896,21.204876,2,2,13.290082933333334,-1.799516
103333,MeerKAT:array_1:20250731T221802Z,Gaia_4669683199504921600,63,625.0220218300819,-0.05704079184296361,21.186806,3,1,4.1245601296203676,-66.13361084984109
136976,MeerKAT:array_1:20250723T015429Z,Gaia_4661363568820729216,52,671.9836035966873,-0.014260197960740902,21.153532,2,1,4.99485316312431,-68.08939866330337
114608,MeerKAT:array_1:20250713T190328Z,Gaia_6117459259870936832,53,650.0222544074059,-0.0183345402352383,21.146276,2,1,14.141288089653415,-38.30390771399373
97921,MeerKAT:array_1:20250715T141354Z,ex_V359_Lup,23,624.8333320617676,0.0325947381959792,21.083101,1,1,15.204188400000001,-31.179684000000005
65307,MeerKAT:array_1:20250704T054305Z,Gaia_6440699013957288960,18,602.1161730289459,0.040743422744974,21.07856,2,2,19.620698915114385,-63.79210100003952
130927,MeerKAT:array_1:20250707T173400Z,Gaia_6144606236314788352,19,671.966696023941,-0.0427805938822227,21.063852,2,1,12.218397456220005,-44.69775078677918
136901,MeerKAT:array_1:20250723T012407Z,Gaia_4655250322745151616,29,676.5383573770523,-0.0529664495684662,21.049707,3,2,4.9842057600194325,-69.58903646861484
11163,MeerKAT:array_1:20250715T141354Z,ex_CRTS_J151347.0-304145,29,550.265785753727,0.030557567058730504,21.04815,3,1,15.229748,-30.69594
40434,MeerKAT:array_1:20250713T192439Z,Gaia_5820209383671146112,2,576.0402891039848,0.012223026823492201,21.005213,3,1,15.65910076362893,-69.10610528106024
11167,MeerKAT:array_1:20250715T141354Z,Gaia_6210926819198797440,39,550.2658161520958,0.055003620705714906,20.98324,1,2,15.20290883264576,-30.886744410471362
74553,MeerKAT:array_1:20250717T054309Z,Gaia_4669683302584135808,11,599.4168829917908,-0.07741250321545061,20.950459,3,1,4.12382272139657,-66.1127369871753
95191,MeerKAT:array_1:20250713T200741Z,Gaia_4124096665066280832,26,625.0213236808777,0.05092927843121751,20.93341,1,1,17.73571745239906,-16.24564700612122
10256,MeerKAT:array_1:20250715T135202Z,ex_ASASSN-V_J153532.40-334016.8,33,550.2658658027649,-0.048892107293968805,20.925426,4,1,15.592333333333332,-33.67133
46875,MeerKAT:array_1:20250718T054018Z,Gaia_4669698111631422592,26,576.0417269468307,-0.012223026823492201,20.903913,1,1,4.103343666826624,-65.93825510535834
243268,MeerKAT:array_1:20250729T031818Z,Gaia_4669779887808851456,28,671.9666129350662,-0.0020371711372487,20.823341,1,2,4.073896124347337,-65.57884978536708
125616,MeerKAT:array_1:20250715T135202Z,ex_ASASSN-V_J153302.82-333213.3,25,660.8566322922707,-0.0529664495684662,20.809977,1,1,15.550784666666667,-33.537029999999994
131958,MeerKAT:array_1:20250713T200741Z,Gaia_4124143974055419008,18,671.9667639136314,-0.06111513411746101,20.805264,4,1,17.715736429660794,-16.10580278648673
24843,MeerKAT:array_1:20250715T135202Z,ex_CRTS_J153336.8-332037,39,559.9964779019356,0.0529664495684662,20.793825,3,2,15.560236066666668,-33.343555
114974,MeerKAT:array_1:20250713T194539Z,Gaia_6024443599829837568,56,649.9973561167717,0.07944967435269931,20.781536,1,1,16.547644665090576,-32.8541123832425
111337,MeerKAT:array_1:20250702T181451Z,ex_HD_138244,3,653.2495428323746,-0.014260197960740902,20.779377,2,1,15.588306600000001,-68.600602
136294,MeerKAT:array_1:20250720T052239Z,Gaia_4668951989912897792,23,671.9996823072433,0.0101858556862435,20.766907,3,1,4.183069958278659,-66.08338108425114
117139,MeerKAT:array_1:20250715T130947Z,ex_ASASSN-V_J161116.12-604453.7,63,651.2685500383377,0.0162973690979896,20.757355,3,3,16.18782,-60.74814
68146,MeerKAT:array_1:20250710T060816Z,Gaia_5598358929681818496,34,599.1407604217529,-0.06111513411746101,20.737028,2,1,7.610515279370913,-31.17518150277114
126143,MeerKAT:array_1:20250717T054309Z,Gaia_4669677323989657984,58,660.8561519980431,-0.0713009898037045,20.728582,3,1,4.117124113770371,-66.16600979326886
8982,MeerKAT:array_1:20250715T124827Z,ex_[VV2010c]_J131954.3-015649,48,550.2658070325851,0.07741250321545061,20.714031,1,2,13.33175,-1.9469439999999998
72333,MeerKAT:array_1:20250715T135202Z,ex_ASASSN-V_J153354.39-333109.3,29,599.417295396328,-0.0162973690979896,20.679102,1,2,15.565107333333334,-33.51926
105480,MeerKAT:array_1:20250715T135202Z,ex_CRTS_J153537.6-331607,4,636.2809048295021,-0.022408882509735703,20.660173,1,1,15.593765066666666,-33.268809
120706,MeerKAT:array_1:20250723T012407Z,Gaia_4655147449669895808,55,650.0219757556915,-0.0631523052547097,20.647297,3,1,4.963095358456098,-69.81142335925367
24883,MeerKAT:array_1:20250715T135202Z,Gaia_6014445465704029440,57,559.9964789152145,0.0162973690979896,20.629457,1,2,15.567377533650458,-33.73972114701615
85965,MeerKAT:array_1:20250715T133052Z,Gaia_6226370181568148864,62,613.1941188573837,-0.0366690804704766,20.620434,1,1,15.244149506535896,-26.445643498184882
85946,MeerKAT:array_1:20250715T133052Z,ex_LEDA_761943,22,613.1941178441048,-0.024446053646984402,20.573198,1,1,15.261333333333331,-26.94
108372,MeerKAT:array_1:20250715T130947Z,ex_ASASSN-V_J160945.20-601435.4,58,639.9959492683411,-0.0529664495684662,20.541328,1,2,16.162577333333335,-60.24317
59474,MeerKAT:array_1:20250715T141354Z,ex_LEDA_706855,34,587.1293678283691,0.0427805938822227,20.50331,3,2,15.190688666666667,-31.296033999999995
105197,MeerKAT:array_1:20250715T130947Z,ex_AI_TrA,14,633.7495171427727,0.0081486845489948,20.465878,1,1,16.180311399999997,-60.54097699999999
125372,MeerKAT:array_1:20250715T133052Z,Gaia_6214174398589950080,59,660.856597840786,0.055003620705714906,20.444523,3,1,15.272932891423931,-27.20238708137414
125277,MeerKAT:array_1:20250715T124827Z,ex_[VV2006]_J131908.3-014326,38,660.8565654158592,0.081486845489948,20.44033,2,2,13.318970933333333,-1.7239460000000002
66922,MeerKAT:array_1:20250705T194745Z,ex_ASASSN-V_J195628.07-115349.6,23,599.943323969841,0.006111513411746101,20.415709,1,4,19.941129333333333,-11.89711
136962,MeerKAT:array_1:20250723T015429Z,Gaia_4661501527373856128,38,671.9836035966873,-0.014260197960740902,20.397758,2,1,5.062754109516608,-67.35065094652717
82313,MeerKAT:array_1:20250705T174237Z,Gaia_6117463967155116928,61,613.1958910822868,-0.0325947381959792,20.328663,1,1,14.15248757640312,-38.228298659059654
49329,MeerKAT:array_1:20250723T030515Z,ex_BSDL_2842,13,576.0406093001366,0.030557567058730504,20.326311,4,1,5.699722200000001,-69.411667
24015,MeerKAT:array_1:20250715T130947Z,ex_IRAS_16046-6024,51,559.2503418326378,0.014260197960740902,20.323278,1,2,16.149230533333334,-60.544169
108369,MeerKAT:array_1:20250715T130947Z,ex_ASASSN-V_J160920.92-603249.5,55,639.9959452152252,-0.022408882509735703,20.308918,1,2,16.155827333333335,-60.547129999999996
105038,MeerKAT:array_1:20250715T124827Z,ex_[VV2006]_J131810.9-021500,32,633.7495424747467,-0.012223026823492201,20.264421,4,4,13.303021866666667,-2.250005
188755,MeerKAT:array_1:20250715T124827Z,ex_LEDA_1099019,50,633.7495404481888,-0.0040743422744974,20.244732,2,4,13.258832466666666,-2.196388
24851,MeerKAT:array_1:20250715T135202Z,ex_LEDA_185107,42,559.9964819550514,-0.034631909333227906,20.220087,1,2,15.565666666666669,-32.699167
100314,MeerKAT:array_1:20250723T012407Z,LMCTIMING3a,0,625.0211301445961,-0.059077962980212305,20.218048,4,1,4.894188888888889,-69.40975
123994,MeerKAT:array_1:20250731T221802Z,Gaia_4669701410166340736,47,650.0228958129883,-0.0183345402352383,20.204699,2,1,4.096127496965686,-65.88542707813265
24875,MeerKAT:array_1:20250715T135202Z,Gaia_6206674457978041088,54,559.9964758753777,0.06722664752920711,20.201717,1,2,15.528151113589098,-33.21326215675946
136314,MeerKAT:array_1:20250720T052239Z,Gaia_4669736250941165568,41,671.9996823072433,0.0081486845489948,20.195723,3,1,4.118396769094823,-65.54868740802111
8955,MeerKAT:array_1:20250715T124827Z,ex_[VV2006]_J131709.6-020414,19,550.2658090591431,0.06926381866645581,20.154697,3,2,13.285986666666668,-2.070726
95943,MeerKAT:array_1:20250713T211114Z,Gaia_4189239808358687488,44,625.0214118361473,0.06722664752920711,20.151377,1,1,19.9604575562112,-12.00609385698624
24809,MeerKAT:array_1:20250715T135202Z,ex_ASASSN-V_J153302.82-333213.3,25,559.9964779019356,0.0468549361567201,20.115696,2,2,15.550784666666667,-33.537029999999994
133375,MeerKAT:array_1:20250715T130947Z,ex_Gaia_DR2_5831450996752094208,28,677.9615542888641,-0.0183345402352383,20.111334,4,3,16.2519542,-59.916505
98754,MeerKAT:array_1:20250716T022312Z,Gaia_4669717146926603904,46,625.0286588072777,0.020371711372487,20.106585,4,1,4.165769995642935,-65.72588032717957
131994,MeerKAT:array_1:20250713T200741Z,Gaia_4148206790398888704,36,671.9667639136314,-0.06111513411746101,20.104658,4,1,17.759143159109037,-15.60693441896995
136333,MeerKAT:array_1:20250720T052239Z,Gaia_4669767239128593408,58,671.9996823072433,0.0081486845489948,20.10422,3,1,4.047074779383762,-65.62321857549814
108359,MeerKAT:array_1:20250715T130947Z,ex_ASASSN-V_J160755.47-601702.5,45,639.9959482550621,-0.038706251607725305,20.10185,3,2,16.132074,-60.284040000000005
59487,MeerKAT:array_1:20250715T141354Z,Gaia_6210930972427405568,44,587.129371881485,0.059077962980212305,20.100794,1,2,15.222937694834382,-30.775369380016468
24011,MeerKAT:array_1:20250715T130947Z,ex_ASASSN-V_J160755.47-601702.5,45,559.2503418326378,0.059077962980212305,20.089088,2,2,16.132074,-60.284040000000005
24882,MeerKAT:array_1:20250715T135202Z,Gaia_6016055253808084480,56,560.3367106318474,0.012223026823492201,20.08535,1,3,15.580004736880305,-32.834086025369864
86135,MeerKAT:array_1:20250715T133052Z,J1516_4-2640,0,619.3195158243179,0.0753753320782019,20.085218,1,3,15.270999999999999,-26.699
8946,MeerKAT:array_1:20250715T124827Z,ex_[VV2006]_J131553.3-014051,8,550.2658151388168,-0.05704079184296361,20.084076,3,2,13.264818066666667,-1.681071
111342,MeerKAT:array_1:20250702T181451Z,ex_ASASSN-V_J154122.03-684601.7,11,653.2495337128639,0.0183345402352383,20.059359,2,3,15.689442,-68.76713
136311,MeerKAT:array_1:20250720T052239Z,Gaia_4668956147440049536,39,671.9996843338013,-0.012223026823492201,20.027811,4,1,4.177543180314421,-65.95661893655983
46194,MeerKAT:array_1:20250717T054309Z,Gaia_4669828609917695360,41,576.0420714616776,0.0835240166271967,19.976397,3,3,4.148373448339864,-65.44791032613023
108326,MeerKAT:array_1:20250715T130947Z,ex_AF_TrA,12,639.9959482550621,-0.038706251607725305,19.952942,3,2,16.1496708,-60.345174
122559,MeerKAT:array_1:20250723T045553Z,Gaia_4663560706483881472,37,650.0219159722328,-0.030557567058730504,19.929361,2,1,5.164600426610741,-65.66536807517159
72345,MeerKAT:array_1:20250715T135202Z,Gaia_6016055253808084480,56,599.4173004627228,-0.030557567058730504,19.891567,4,2,15.580004736880305,-32.834086025369864
131940,MeerKAT:array_1:20250713T200741Z,Gaia_4124144248933362816,9,671.9667639136314,-0.06111513411746101,19.890314,4,1,17.714796899410818,-16.09170160453988
108346,MeerKAT:array_1:20250715T130947Z,ex_ASASSN-V_J161051.60-602852.0,32,639.9959462285042,-0.0183345402352383,19.873526,1,2,16.181,-60.481100000000005
11032,MeerKAT:array_1:20250715T141354Z,Gaia_6210736672405383936,42,548.0335190296173,-0.014260197960740902,19.862894,4,1,15.234011848307071,-31.00749190691439
80420,MeerKAT:array_1:20250715T141354Z,ex_CRTS_J151153.7-310950,22,608.244835793972,0.038706251607725305,19.821882,3,1,15.198244599999999,-31.164175999999998
125946,MeerKAT:array_1:20250715T141354Z,Gaia_6210668090367510656,63,660.8565350174904,0.0468549361567201,19.795887,4,1,15.259502562418586,-31.24483151096485
136335,MeerKAT:array_1:20250720T052239Z,Gaia_4669756415811624576,59,671.9996843338013,-0.012223026823492201,19.793236,4,1,4.072648803554459,-65.60218505621934
11160,MeerKAT:array_1:20250715T141354Z,ex_V359_Lup,23,550.2657908201218,0.0366690804704766,19.785713,2,1,15.204188400000001,-31.179684000000005
23977,MeerKAT:array_1:20250715T130947Z,J1611_6-6013,0,559.2503418326378,0.0081486845489948,19.771109,4,2,16.186066666666665,-60.174
24863,MeerKAT:array_1:20250715T135202Z,ex_2MASX_J15353845-3314022,48,559.9964779019356,0.055003620705714906,19.762005,3,2,15.594012333333334,-33.233968
32734,MeerKAT:array_1:20250715T141354Z,ex_CRTS_J151030.0-310056,10,562.5536504983902,0.0183345402352383,19.709753,1,2,15.174948666666667,-31.015737999999995
133349,MeerKAT:array_1:20250715T130947Z,ex_LX_Nor,10,677.9615532755852,-0.0713009898037045,19.666977,1,3,16.217839599999998,-59.897574
2342,MeerKAT:array_1:20250705T182441Z,Gaia_6024472152774061568,13,544.079902112484,0.022408882509735703,19.652615,1,2,16.570312862301723,-32.70369541457708
24885,MeerKAT:array_1:20250715T135202Z,Gaia_6014499066895969792,58,559.9964779019356,0.0468549361567201,19.6469,2,2,15.55490676482723,-33.53150019893948
94429,MeerKAT:array_1:20250713T184021Z,Gaia_6440694066154960896,25,625.0283457040787,0.034631909333227906,19.623674,3,1,19.618928833376266,-63.9287213851887
17204,MeerKAT:array_1:20250723T033528Z,Gaia_4661256641173169280,4,543.9544835090637,0.0101858556862435,19.621061,3,1,5.081313087388149,-68.90061610614084
133401,MeerKAT:array_1:20250715T130947Z,ex_ASASSN-V_J160806.97-600801.7,46,677.9615623950958,-0.06722664752920711,19.613476,1,4,16.135270666666667,-60.1338
24128,MeerKAT:array_1:20250715T133052Z,ex_ASASSN-V_J151621.88-264940.6,9,559.2503661513329,-0.0101858556862435,19.597502,4,4,15.272743333333333,-26.82794
102070,MeerKAT:array_1:20250723T045553Z,Gaia_4663589671744576256,48,625.0210734009743,-0.014260197960740902,19.595152,2,2,5.163142843400455,-65.48202145451052
46088,MeerKAT:array_1:20250717T054309Z,Gaia_4669831702294160128,14,576.0420714616776,0.0835240166271967,19.581446,3,3,4.149046376866305,-65.32695074829516
24769,MeerKAT:array_1:20250715T135202Z,ex_CRTS_J153330.1-324437,8,559.9964809417725,-0.020371711372487,19.569557,4,2,15.5583856,-32.743104
10990,MeerKAT:array_1:20250715T141354Z,ex_ASASSN-V_J151356.05-305606.0,28,548.0335190296173,-0.014260197960740902,19.51643,4,1,15.232199333333334,-30.935089999999995
17321,MeerKAT:array_1:20250723T033528Z,Gaia_4661289218575824384,43,543.9544824957848,0.0183345402352383,19.489103,1,1,5.101914870321951,-68.52406490803132
133364,MeerKAT:array_1:20250715T130947Z,ex_LZ_Nor,19,677.9615542888641,-0.0183345402352383,19.484945,4,3,16.2544568,-59.904459
163956,MeerKAT:array_1:20250705T182441Z,Gaia_6024557330567517824,50,563.9721650481224,-0.0020371711372487,19.430128,2,1,16.59634508595524,-32.49659354007232
103313,MeerKAT:array_1:20250731T221802Z,Gaia_4669734773472433152,53,625.0220238566399,-0.0835240166271967,19.422606,1,1,4.135498554810628,-65.52289059513953
138711,MeerKAT:array_1:20250729T031818Z,Gaia_4669723537837887232,45,671.9666159749031,-0.0183345402352383,19.39523,1,2,4.120103592942797,-65.78784657700487
125366,MeerKAT:array_1:20250715T133052Z,ex_ASASSN-V_J151603.09-271408.4,15,660.8565927743912,0.07944967435269931,19.378105,1,1,15.267525333333332,-27.23567
133394,MeerKAT:array_1:20250715T130947Z,ex_ASASSN-V_J160737.22-595206.7,42,677.9615542888641,0.012223026823492201,19.35237,1,3,16.12704,-59.86858
58724,MeerKAT:array_1:20250715T133052Z,Gaia_6214343207984246400,42,587.1294215321541,0.05704079184296361,19.344402,3,1,15.270667654405369,-26.726508148141047
184440,MeerKAT:array_1:20250715T130947Z,ex_ASASSN-V_J161357.92-603200.9,4,619.3195289969444,0.0040743422744974,19.309425,2,2,16.23277,-60.53357
87901,MeerKAT:array_1:20250720T024534Z,Gaia_4669041771909360256,47,613.1961636543274,-0.0529664495684662,19.300238,4,4,4.229442773451929,-65.89286232839585
42542,MeerKAT:array_1:20250714T162550Z,Gaia_4077122465939774592,6,576.0399810671806,-0.012223026823492201,19.296585,4,1,18.48874531190022,-24.545260052843087
49350,MeerKAT:array_1:20250723T030515Z,ex_KMHK_1312,23,576.0406184196472,-0.0081486845489948,19.285192,3,1,5.732900000000001,-69.992889
147723,MeerKAT:array_1:20240925T225556Z,Gaia_2775979685736671360,3,695.9885702729225,-0.0529664495684662,19.280119,2,1,0.7331456056270067,12.477079844773284
49372,MeerKAT:array_1:20250723T030515Z,ex_ASASSN-V_J053904.47-691717.3,33,576.0406093001366,0.030557567058730504,19.21577,4,1,5.651241333333333,-69.28814
120688,MeerKAT:array_1:20250723T012407Z,Gaia_4655298490892879488,37,650.0219757556915,-0.0631523052547097,19.200006,3,1,4.971548301924325,-69.1487931995962
17316,MeerKAT:array_1:20250723T033528Z,Gaia_4661389201048807552,41,544.0455175042152,-0.0183345402352383,19.154501,1,1,5.101431834856537,-68.3037849350126
133658,MeerKAT:array_1:20250715T133052Z,Gaia_6214395812743872000,52,678.3023311495781,0.0468549361567201,19.148684,2,3,15.280821190946911,-26.251500292921936
147738,MeerKAT:array_1:20240925T225556Z,Gaia_2776029537421796224,18,695.9885692596436,-0.048892107293968805,19.12922,3,1,0.7402482208606708,12.823017635331587
49380,MeerKAT:array_1:20250723T030515Z,ex_ASASSN-V_J054021.37-695316.4,36,576.0406184196472,-0.0081486845489948,19.128872,3,1,5.672602666666666,-69.88789
125942,MeerKAT:array_1:20250715T141354Z,Gaia_6210681043988568320,57,660.8565350174904,0.0468549361567201,19.122334,4,1,15.20466721974585,-31.550684078667054
68161,MeerKAT:array_1:20250710T060816Z,Gaia_5598381675829459328,41,599.3595040440559,-0.028520395921481805,19.117281,1,1,7.634716824335049,-31.05762431515927
49338,MeerKAT:array_1:20250723T030515Z,ex_NGC_2102,17,576.0406204462051,-0.024446053646984402,19.100815,2,1,5.706969466666666,-69.491539
101219,MeerKAT:array_1:20250723T030515Z,ex_BSDL_2881,20,625.021001458168,-0.048892107293968805,19.099045,4,1,5.713019466666667,-70.162
24774,MeerKAT:array_1:20250715T135202Z,ex_CRTS_J153521.2-324825,10,559.9964789152145,0.022408882509735703,19.097342,3,2,15.589211533333335,-32.806922
32733,MeerKAT:array_1:20250715T141354Z,ex_i_Lup,1,562.5536748170853,0.06722664752920711,19.055208,1,2,15.243699933333334,-31.519124
99944,MeerKAT:array_1:20250720T024534Z,Gaia_4668939001931763328,45,625.0284652709961,0.006111513411746101,19.054962,4,3,4.198608767152365,-66.1656728590312
42579,MeerKAT:array_1:20250714T162550Z,Gaia_4077548221848400768,36,576.0399810671806,-0.012223026823492201,19.052681,4,1,18.5359331810093,-23.841471446142652
125368,MeerKAT:array_1:20250715T133052Z,Gaia_6214397255852916736,29,660.8565887212753,0.05092927843121751,19.035393,1,1,15.278044473679259,-26.186581631630652
11020,MeerKAT:array_1:20250715T141354Z,ex_LEDA_703587,38,548.0335190296173,-0.014260197960740902,19.016956,4,1,15.235555533333335,-31.578889000000004
44306,MeerKAT:array_1:20250715T141354Z,ex_LEDA_702371,36,571.3815131187439,0.028520395921481805,18.983452,1,1,15.229638866666667,-31.682778000000003
49324,MeerKAT:array_1:20250723T030515Z,ex_OGLE-CL_LMC_688,11,576.0406072735786,0.048892107293968805,18.957546,3,1,5.6935278,-70.148611
105108,MeerKAT:array_1:20250715T124827Z,ex_2dFGRS_TGN261Z280,52,636.2808501124382,-0.0733381609409532,18.94039,4,2,13.2609722,-2.171389
147743,MeerKAT:array_1:20240925T225556Z,Gaia_2776006245814438144,23,695.9885692596436,-0.048892107293968805,18.924583,3,1,0.7351787473097583,12.820903030656524
117879,MeerKAT:array_1:20250715T135202Z,Gaia_6016055563045726848,60,650.6376207470894,0.0183345402352383,18.887156,3,1,15.585367251859278,-32.802738161547715
80538,MeerKAT:array_1:20250715T141354Z,ex_ASASSN-V_J151310.06-311615.3,19,611.7051155567169,-0.0753753320782019,18.876545,1,2,15.219460666666667,-31.27092
105774,MeerKAT:array_1:20250715T141354Z,ex_LEDA_2816945,35,633.7495049834251,-0.0101858556862435,18.874628,4,4,15.223111133333333,-31.457222000000005
121754,MeerKAT:array_1:20250723T033528Z,Gaia_4658395127805745920,31,647.9386286139488,-0.05704079184296361,18.841084,4,3,5.219162973711606,-68.35546850055871
108317,MeerKAT:array_1:20250715T130947Z,ex_2MASX_J16135028-6037225,3,639.9959462285042,-0.0264832247842331,18.825468,1,2,16.2306132,-60.622932
42594,MeerKAT:array_1:20250714T162550Z,Gaia_4077087934405036160,49,576.0399810671806,-0.0101858556862435,18.821087,4,1,18.539018234364686,-24.488878699494744
123960,MeerKAT:array_1:20250731T221802Z,Gaia_4668952436589496832,13,650.0228958129883,-0.0183345402352383,18.807674,2,1,4.188693412216095,-66.05837748399462
24890,MeerKAT:array_1:20250715T135202Z,Gaia_6016055563045726848,60,559.9964789152145,0.020371711372487,18.800928,3,2,15.585367251859278,-32.802738161547715
80163,MeerKAT:array_1:20250715T135202Z,ex_CRTS_J153458.5-331931,9,611.7051804065704,-0.030557567058730504,18.790855,1,1,15.582876666666667,-33.325627
49425,MeerKAT:array_1:20250723T030515Z,ex_ASASSN-V_J053952.62-693453.3,56,576.0406093001366,0.030557567058730504,18.786533,4,1,5.664615333333333,-69.58146
21358,MeerKAT:array_1:20250705T182441Z,Gaia_6024558253962301696,9,558.3992787003517,0.0325947381959792,18.778198,2,1,16.591580112192364,-32.496279721724804
49326,MeerKAT:array_1:20250723T030515Z,ex_BSDL_2830,12,576.0406204462051,-0.024446053646984402,18.760916,2,1,5.694444466666667,-69.696667
236564,MeerKAT:array_1:20250715T133052Z,Gaia_6226370181568148864,62,660.8565917611122,0.0040743422744974,18.753147,2,1,15.244149506535896,-26.445643498184882
97963,MeerKAT:array_1:20250715T141354Z,Gaia_6210677809876566784,59,624.8333310484886,0.040743422744974,18.752878,1,1,15.219061536771624,-31.58914200227071
60770,MeerKAT:array_1:20250717T054309Z,Gaia_4668958827500877440,19,587.1290293931961,-0.0733381609409532,18.749489,1,1,4.186058031446229,-65.98619807195168
24020,MeerKAT:array_1:20250715T130947Z,ex_ASASSN-V_J160945.20-601435.4,58,559.2503408193588,0.07944967435269931,18.724174,1,2,16.162577333333335,-60.24317
182702,MeerKAT:array_1:20250710T060816Z,Gaia_5599274200085746816,7,607.25492811203,0.0040743422744974,18.721249,4,1,7.642385414589503,-30.117535941490633
133383,MeerKAT:array_1:20250715T130947Z,ex_ASASSN-V_J161325.20-594516.2,35,677.9615634083748,-0.0733381609409532,18.71952,2,4,16.223666666666666,-59.75450000000001
29232,MeerKAT:array_1:20250702T183548Z,ex_ASASSN-V_J163527.37-322143.2,36,563.9652038216591,-0.0264832247842331,18.718369,1,1,16.590936666666664,-32.36199
133674,MeerKAT:array_1:20250715T133052Z,Gaia_6226370181568148864,62,677.9615249037743,0.0162973690979896,18.712753,1,4,15.244149506535896,-26.445643498184882
81955,MeerKAT:array_1:20250705T060310Z,Gaia_6441470424443027584,3,613.1956752538681,-0.048892107293968805,18.711203,3,1,19.61166921605438,-63.43694100604271
98778,MeerKAT:array_1:20250716T022312Z,Gaia_4669754113709081216,58,625.0286577939987,0.0162973690979896,18.69764,3,1,4.065874434071831,-65.70538772866713
242625,MeerKAT:array_1:20250719T053812Z,Gaia_4668929587363446400,58,673.8900950551033,-0.0040743422744974,18.674385,2,1,4.166892121498715,-66.15077653565164
117087,MeerKAT:array_1:20250715T130947Z,ex_LX_Nor,10,651.2685500383377,0.0183345402352383,18.65481,3,3,16.217839599999998,-59.897574
147782,MeerKAT:array_1:20240925T225556Z,Gaia_2775982434515727872,62,695.9885692596436,-0.048892107293968805,18.643156,3,1,0.7155539889456264,12.48993640306527
133604,MeerKAT:array_1:20250715T133052Z,ex_CRTS_J151522.8-265306,20,677.9615157842636,0.0651894763919584,18.642527,1,4,15.256362000000001,-26.884898000000003
23840,MeerKAT:array_1:20250715T124827Z,ex_[VV2006]_J131924.0-013740,39,560.0244271755219,-0.0081486845489948,18.639763,4,2,13.323315733333335,-1.627957
11002,MeerKAT:array_1:20250715T141354Z,ex_LEDA_705243,32,548.0335190296173,-0.014260197960740902,18.618109,4,1,15.185333333333334,-31.430556
86723,MeerKAT:array_1:20250715T141354Z,ex_CRTS_J151324.5-312620,12,615.6175011396408,0.0325947381959792,18.595192,4,1,15.223475066666667,-31.439163
147736,MeerKAT:array_1:20240925T225556Z,Gaia_2776192544316062848,16,695.9885702729225,-0.0529664495684662,18.587824,2,1,0.6981907585894822,12.763701597784147
49386,MeerKAT:array_1:20250723T030515Z,ex_ASASSN-V_J053549.29-693756.9,39,576.0406093001366,0.030557567058730504,18.575708,4,1,5.597024,-69.63246000000001
58247,MeerKAT:array_1:20250715T124827Z,ex_2dFGRS_TGN194Z171,55,587.1293992400169,-0.055003620705714906,18.574942,1,2,13.276163599999999,-2.514847
49411,MeerKAT:array_1:20250723T030515Z,ex_ASASSN-V_J053432.98-694605.9,50,576.0406072735786,0.048892107293968805,18.565792,3,1,5.575828666666665,-69.7683
23776,MeerKAT:array_1:20250715T124827Z,ex_[VV2006]_J131618.7-022454,13,560.0244271755219,-0.0101858556862435,18.565481,4,2,13.271848533333333,-2.415161
135978,MeerKAT:array_1:20250719T053812Z,Gaia_4668958793141139584,31,673.890102148056,-0.0366690804704766,18.534828,1,1,4.188021588234176,-65.98345053292637
42570,MeerKAT:array_1:20250714T162550Z,Gaia_4077086736179334272,28,576.0399810671806,-0.012223026823492201,18.534306,4,1,18.541418153332028,-24.536187780026445
125620,MeerKAT:array_1:20250715T135202Z,ex_LEDA_680986,41,660.8566333055496,-0.06111513411746101,18.525677,4,1,15.564833333333333,-33.104722
108355,MeerKAT:array_1:20250715T130947Z,ex_ASASSN-V_J160718.58-601229.2,41,639.9959482550621,-0.038706251607725305,18.46022,3,2,16.12182333333333,-60.2081
103237,MeerKAT:array_1:20250731T221802Z,Gaia_4669749101483172096,15,625.0220147371292,-0.014260197960740902,18.446283,2,1,4.0750838927079664,-65.86043834520642
96195,MeerKAT:array_1:20250714T160406Z,Gaia_6144609775367856512,42,625.0282352566719,0.040743422744974,18.434277,4,1,12.2379854914718,-44.67102939404174
21405,MeerKAT:array_1:20250705T182441Z,Gaia_6024423808620220288,56,558.3992787003517,0.034631909333227906,18.428404,2,1,16.553582133865312,-33.12359506449462
49331,MeerKAT:array_1:20250723T030515Z,ex_H88_321,14,576.0406184196472,-0.0081486845489948,18.427599,3,1,5.7022222,-69.36666700000002
147755,MeerKAT:array_1:20240925T225556Z,Gaia_2776031805164233728,35,695.9885672330856,-0.040743422744974,18.420374,1,1,0.7455438840601104,12.915297971129208
105106,MeerKAT:array_1:20250715T124827Z,ex_LEDA_1099019,50,636.2808501124382,-0.0733381609409532,18.413141,4,2,13.258832466666666,-2.196388
61101,MeerKAT:array_1:20250718T015317Z,Gaia_4669779200614121984,54,587.9921079874039,0.020371711372487,18.392416,4,1,4.085386934642775,-65.47937527765855
8948,MeerKAT:array_1:20250715T124827Z,ex_LBQS_1313-0138,11,550.2658131122589,-0.0468549361567201,18.392288,2,2,13.2693836,-1.901077
94004,MeerKAT:array_1:20250708T010310Z,Gaia_6440627369606612352,34,625.0286729931831,0.012223026823492201,18.390215,4,1,19.6385510701093,-64.215508141322
13005,MeerKAT:array_1:20250717T054309Z,Gaia_4669812563919875200,22,545.9999127388,-0.034631909333227906,18.38328,3,2,4.173439981851773,-65.54933189394633
17276,MeerKAT:array_1:20250723T033528Z,Gaia_4661370788570939392,28,543.9544835090637,0.0081486845489948,18.364464,3,1,5.149774032716174,-68.56101877330963
125263,MeerKAT:array_1:20250715T124827Z,ex_[VV2006]_J131709.6-020414,19,660.856570482254,-0.0631523052547097,18.35377,2,2,13.285986666666668,-2.070726
145317,MeerKAT:array_1:20240925T225556Z,Gaia_2775817645210647296,24,599.9768097996712,0.012223026823492201,18.351807,3,1,0.6874828251605717,12.727187055822688
52585,MeerKAT:array_1:20250715T141354Z,Gaia_6210702308369949952,58,583.9963062405586,0.006111513411746101,18.336388,4,1,15.212347609953643,-31.280164256357022
49333,MeerKAT:array_1:20250723T030515Z,ex_BSDL_2856,15,576.0406072735786,0.05092927843121751,18.325348,3,1,5.7055555333333325,-69.753333
105840,MeerKAT:array_1:20250715T141354Z,ex_CRTS_J151405.7-314503,9,636.2808176875114,0.022408882509735703,18.324455,2,1,15.234918733333336,-31.750999000000004
93972,MeerKAT:array_1:20250708T010310Z,Gaia_6440697502128807936,14,625.0286729931831,0.012223026823492201,18.321732,4,1,19.609887765495866,-63.877958584247445
52493,MeerKAT:array_1:20250715T141354Z,ex_CD-30_12033,3,583.9963062405586,0.006111513411746101,18.31767,4,1,15.212353400000001,-31.280067
59449,MeerKAT:array_1:20250715T141354Z,ex_Gaia_DR3_6210810163588884096,13,587.1293941736221,-0.07944967435269931,18.301584,2,1,15.171890866666669,-31.189497000000003
72995,MeerKAT:array_1:20250715T141354Z,ex_ATO_J228.3894-30.8299,6,599.4172609448433,0.028520395921481805,18.27588,3,2,15.225964866666668,-30.829888
80542,MeerKAT:array_1:20250715T141354Z,ex_V359_Lup,23,611.7051226496696,0.028520395921481805,18.273865,3,2,15.204188400000001,-31.179684000000005
105715,MeerKAT:array_1:20250715T141354Z,J1513_0-3118,0,633.7495049834251,-0.0101858556862435,18.247099,4,4,15.2152,-31.238
111359,MeerKAT:array_1:20250702T181451Z,ex_ASASSN-V_J153941.24-683224.1,53,653.24955701828,-0.0651894763919584,18.241978,1,1,15.661456,-68.54002
133583,MeerKAT:array_1:20250715T133052Z,ex_CRTS_J151640.6-261626,5,678.302332162857,0.0366690804704766,18.224014,2,3,15.277968199999998,-26.273239999999998
35618,MeerKAT:array_1:20250702T181451Z,ex_ASASSN-V_J153344.28-685533.4,26,576.0391066074371,0.0325947381959792,18.219618,1,1,15.562299333333334,-68.92595
11159,MeerKAT:array_1:20250715T141354Z,ex_CRTS_J151153.7-310950,22,550.2658060193062,-0.05704079184296361,18.209457,2,2,15.198244599999999,-31.164175999999998
42547,MeerKAT:array_1:20250714T162550Z,Gaia_4077093779926130816,9,576.0399830937386,-0.034631909333227906,18.198217,1,1,18.53725234384712,-24.377234779743574
111352,MeerKAT:array_1:20250702T181451Z,ex_ASASSN-V_J153247.14-684608.1,25,653.2495205402374,0.0713009898037045,18.192656,1,2,15.546417333333334,-68.76885
60237,MeerKAT:array_1:20250715T143518Z,Gaia_6272819668752560768,46,590.0138214230537,0.048892107293968805,18.190052,4,1,14.353590501517571,-24.42556608998318
24825,MeerKAT:array_1:20250715T135202Z,ex_ASASSN-V_J153511.70-332719.0,31,559.9964809417725,-0.020371711372487,18.142418,4,2,15.586582666666668,-33.455279999999995
61092,MeerKAT:array_1:20250718T015317Z,Gaia_4669748551727376000,46,587.9921079874039,0.020371711372487,18.115374,4,1,4.047245822101805,-65.7617297354174
82967,MeerKAT:array_1:20250705T192701Z,ex_HD_180335,1,613.1960653662682,0.081486845489948,18.11167,1,2,19.292087933333335,-32.49877300000001
58731,MeerKAT:array_1:20250715T133052Z,Gaia_6214386088937911808,47,587.1294215321541,0.059077962980212305,18.1089,3,1,15.291576848592786,-26.190140366320833
94441,MeerKAT:array_1:20250713T184021Z,Gaia_6440672655744623360,50,625.0283477306366,0.022408882509735703,18.070248,2,1,19.591776855632887,-63.95887434465654
98680,MeerKAT:array_1:20250716T022312Z,Gaia_4669750063555886080,8,625.0286588072777,0.022408882509735703,18.062849,4,1,4.075098466809391,-65.77071757674454
17300,MeerKAT:array_1:20250723T033528Z,Gaia_4658372626545579392,36,543.9544835090637,0.0101858556862435,18.031532,3,1,5.187078791724527,-68.4821174305921
143378,MeerKAT:array_1:20240925T231814Z,Gaia_2775817404692482048,59,551.9577964544296,-0.06111513411746101,17.986628,1,1,0.6897640479024832,12.720037402262045
133378,MeerKAT:array_1:20250715T130947Z,ex_ASASSN-V_J161432.56-602652.2,30,677.9615563154221,-0.0264832247842331,17.972992,1,4,16.242379733333333,-60.447829
118433,MeerKAT:array_1:20250715T141354Z,ex_CRTS_J151347.0-304145,29,654.3239914178848,0.034631909333227906,17.96597,3,1,15.229748,-30.69594
143320,MeerKAT:array_1:20240925T231814Z,Gaia_2776258304559629568,1,551.9577964544296,-0.05704079184296361,17.956366,1,1,0.6807097393753279,12.992253347233895
111357,MeerKAT:array_1:20250702T181451Z,ex_ASASSN-V_J153845.06-685810.3,49,653.2495215535164,0.06722664752920711,17.949684,1,2,15.645851333333333,-68.96954
128748,MeerKAT:array_1:20250723T045553Z,Gaia_4663761126812216320,1,667.1092099547386,-0.020371711372487,17.94605,3,2,5.092772975984582,-65.57443132282458
60192,MeerKAT:array_1:20250715T143518Z,Gaia_6272845266757724032,31,590.0138214230537,0.048892107293968805,17.939047,4,1,14.34493017163627,-24.03306521751617
210692,MeerKAT:array_1:20250715T053823Z,Gaia_4669692098677144704,20,651.6756946444511,-0.0020371711372487,17.935984,4,1,4.076577651298024,-66.10603620791518
242169,MeerKAT:array_1:20250715T130947Z,ex_2MASX_J16135028-6037225,3,677.9615542888641,-0.0020371711372487,17.930887,1,3,16.2306132,-60.622932
134647,MeerKAT:array_1:20250715T143518Z,ex_LEDA_788752,20,677.9615471959114,0.0183345402352383,17.927425,2,3,14.351416666666669,-24.551944
133635,MeerKAT:array_1:20250715T133052Z,Gaia_6214282872284087808,38,678.3023311495781,0.0468549361567201,17.912582,2,3,15.264857546148413,-27.023003154256912
206146,MeerKAT:array_1:20250702T181451Z,ex_ASASSN-V_J153914.02-690648.4,51,653.2495387792587,0.0040743422744974,17.912481,1,1,15.653894000000001,-69.11344000000001
105041,MeerKAT:array_1:20250715T124827Z,ex_[VV2006]_J131858.7-013642,35,633.7495414614677,-0.0081486845489948,17.911674,3,4,13.316313866666668,-1.611806
93959,MeerKAT:array_1:20250708T010310Z,Gaia_6440996118318346496,6,625.0286729931831,0.014260197960740902,17.909348,4,1,19.73350442150736,-63.96040120335882
65327,MeerKAT:array_1:20250704T054305Z,Gaia_6441464033531659264,34,602.1161882281303,0.044817765019471406,17.908598,3,3,19.632599874824724,-63.43043010129235
59050,MeerKAT:array_1:20250715T135202Z,ex_2MASX_J15360155-3334208,50,587.1294529438019,-0.020371711372487,17.902826,3,1,15.600432133333335,-33.572404000000006
120662,MeerKAT:array_1:20250723T012407Z,Gaia_4655322718671293440,11,650.0219787955284,-0.07741250321545061,17.893246,1,1,4.851611814045074,-69.86857328818627
52519,MeerKAT:array_1:20250715T141354Z,ex_ASASSN-V_J151310.06-311615.3,19,583.9963062405586,0.0081486845489948,17.887062,4,1,15.219460666666667,-31.27092
127767,MeerKAT:array_1:20250731T221802Z,Gaia_4669812048523796224,49,658.6260587573051,0.0631523052547097,17.880169,4,1,4.167230624348885,-65.59422753381918
120713,MeerKAT:array_1:20250723T012407Z,Gaia_4655298456380769024,62,650.0219757556915,-0.0631523052547097,17.870901,3,1,4.973627374462038,-69.14060043416808
83011,MeerKAT:array_1:20250705T192701Z,ex_ASASSN-V_J191644.28-313742.6,45,613.1960673928261,0.0713009898037045,17.869823,1,2,19.27896666666667,-31.62851
105046,MeerKAT:array_1:20250715T124827Z,ex_2dFGRS_TGN261Z225,43,633.7495424747467,-0.012223026823492201,17.829496,4,4,13.312043199999998,-1.727775
105254,MeerKAT:array_1:20250715T133052Z,ex_LEDA_767498,23,636.280880510807,0.020371711372487,17.817604,1,2,15.308726666666667,-26.465782
59028,MeerKAT:array_1:20250715T135202Z,ex_ASASSN-V_J153642.66-332458.7,36,587.1294529438019,-0.022408882509735703,17.806797,3,1,15.611851333333334,-33.4163
186423,MeerKAT:array_1:20250708T010310Z,Gaia_6440621223509502208,52,625.0286750197411,-0.0040743422744974,17.780773,1,1,19.70321606795047,-64.09053704610953
100585,MeerKAT:array_1:20250723T015429Z,Gaia_4661485103416983680,19,625.0210977196693,0.012223026823492201,17.757929,2,1,5.086759438434263,-67.64638349138552
12981,MeerKAT:array_1:20250717T054309Z,Gaia_4669679454293449344,10,545.9999015927315,0.0162973690979896,17.742603,4,1,4.142774135174162,-66.15676252984377
103665,MeerKAT:array_1:20250704T054305Z,Gaia_6440684617226829184,44,633.7494857311249,0.022408882509735703,17.737091,1,1,19.668622535553773,-63.94370674471941
105058,MeerKAT:array_1:20250715T124827Z,ex_2MASX_J13164575-0154497,59,633.7495414614677,-0.0081486845489948,17.725658,3,4,13.279373933333332,-1.913724
8988,MeerKAT:array_1:20250715T124827Z,ex_2dFGRS_TGN262Z292,58,550.2658131122589,-0.0468549361567201,17.71758,2,2,13.2783636,-1.6572170000000002
23979,MeerKAT:array_1:20250715T130947Z,ex_2MASX_J16135028-6037225,3,559.2503418326378,0.006111513411746101,17.710295,3,2,16.2306132,-60.622932
105862,MeerKAT:array_1:20250715T141354Z,ex_V359_Lup,23,636.2808176875114,0.059077962980212305,17.706318,1,1,15.204188400000001,-31.179684000000005
81908,MeerKAT:array_1:20250704T054305Z,Gaia_6440699013957288960,18,619.319512784481,-0.040743422744974,17.696129,4,2,19.620698915114385,-63.79210100003952
136291,MeerKAT:array_1:20250720T052239Z,Gaia_4669838711680816256,21,671.9996843338013,-0.012223026823492201,17.682608,4,1,4.156608796005855,-65.20527803488687
65332,MeerKAT:array_1:20250704T054305Z,Gaia_6441460838075973888,39,602.1161882281303,0.044817765019471406,17.666725,3,3,19.6595364453553,-63.48031775870894
86968,MeerKAT:array_1:20250715T141354Z,Gaia_6211098377370816256,41,619.3038343191147,0.028520395921481805,17.665956,2,1,15.253863686096377,-30.977991412269024
85938,MeerKAT:array_1:20250715T133052Z,ex_CRTS_J151836.5-265334,7,613.1941178441048,-0.028520395921481805,17.663816,1,1,15.310143799999999,-26.892677000000003
105782,MeerKAT:array_1:20250715T141354Z,Gaia_6210724234180034944,40,633.7495019435883,0.006111513411746101,17.644014,2,4,15.242840833341257,-31.03800454084551
86931,MeerKAT:array_1:20250715T141354Z,ex_HD_135271,4,619.3038343191147,0.028520395921481805,17.627586,2,1,15.253874266666665,-30.977829
72322,MeerKAT:array_1:20250715T135202Z,ex_HD_138923,2,599.4173004627228,-0.030557567058730504,17.605831,4,2,15.6031564,-33.092804
96229,MeerKAT:array_1:20250714T160406Z,Gaia_6144722097352828672,59,625.028234243393,0.0366690804704766,17.605505,1,2,12.247775212389039,-43.96345860036627
188756,MeerKAT:array_1:20250715T124827Z,ex_2dFGRS_TGN261Z280,52,633.7495404481888,-0.0040743422744974,17.60044,2,4,13.2609722,-2.171389
81983,MeerKAT:array_1:20250705T060310Z,Gaia_6441837042851153408,35,613.1956752538681,-0.055003620705714906,17.585127,1,1,19.679479708306772,-63.353494327001826
96223,MeerKAT:array_1:20250714T160406Z,Gaia_6144246833452265088,56,625.0282372832298,0.020371711372487,17.559729,1,1,12.195653235555048,-44.628702682866155
125364,MeerKAT:array_1:20250715T133052Z,ex_CRTS_J151640.6-261626,5,660.856597840786,0.0529664495684662,17.556244,3,1,15.277968199999998,-26.273239999999998
49202,MeerKAT:array_1:20250723T030515Z,ex_ASASSN-V_J053733.41-692425.2,32,572.7167959213257,0.014260197960740902,17.548113,2,1,5.625947999999999,-69.40699
96221,MeerKAT:array_1:20250714T160406Z,Gaia_6144713438698800256,55,625.0282352566719,0.040743422744974,17.54759,4,1,12.2697168651787,-43.94863958995944
105019,MeerKAT:array_1:20250715T124827Z,ex_[VV2006]_J131604.1-013605,10,633.7495424747467,-0.012223026823492201,17.53766,4,4,13.267814333333334,-1.601571
91622,MeerKAT:array_1:20250704T054305Z,Gaia_6441459944722781952,59,626.6923595070839,-0.020371711372487,17.536406,1,2,19.645276948831054,-63.49177115396803
137114,MeerKAT:array_1:20250723T022503Z,ex_BSDL_1715,17,671.9835640788078,-0.020371711372487,17.532604,2,1,5.4399999999999995,-69.21
63380,MeerKAT:array_1:20250728T151003Z,ex_V1468_Cen,62,587.9783892035484,0.034631909333227906,17.53075,4,1,13.420366666666666,-47.207889
63382,MeerKAT:array_1:20250728T151003Z,ex_Cl*_NGC_5139_SAW_V134,63,587.9783892035484,0.034631909333227906,17.525347,4,1,13.420367333333333,-47.207882000000005
58152,MeerKAT:array_1:20250715T124827Z,ex_[VV2006]_J131540.1-020548,7,587.1293992400169,-0.05092927843121751,17.502247,3,2,13.261124800000001,-2.096662
88118,MeerKAT:array_1:20250722T002453Z,Gaia_6441077452115400832,60,613.1959680914879,0.040743422744974,17.48137,3,3,19.71790970599559,-63.39808683408132
74549,MeerKAT:array_1:20250717T054309Z,Gaia_4668961060883905792,6,599.4168829917908,-0.07741250321545061,17.477913,3,1,4.193243846090004,-65.87103598421452
4232,MeerKAT:array_1:20250708T010310Z,Gaia_6440604692179242752,37,544.0827443599701,-0.006111513411746101,17.477848,3,1,19.62391848634708,-64.23817760453247
87074,MeerKAT:array_1:20250715T143518Z,ex_CRTS_J142112.9-245130,9,615.990169942379,0.0101858556862435,17.4702,1,1,14.353588066666667,-24.858617000000002
23754,MeerKAT:array_1:20250715T124827Z,ex_[VV2006]_J131539.5-014850,6,560.0244271755219,-0.0101858556862435,17.46266,4,2,13.2609708,-1.813749
118420,MeerKAT:array_1:20250715T141354Z,ex_CRTS_J151431.7-304813,16,654.3239914178848,0.034631909333227906,17.458132,3,1,15.242173466666666,-30.80347
52552,MeerKAT:array_1:20250715T141354Z,ex_LEDA_706196,37,583.9963011741638,0.0264832247842331,17.43905,1,1,15.234982133333332,-31.351493
105073,MeerKAT:array_1:20250715T124827Z,ex_[VV2006]_J131617.9-021856,12,636.2808511257172,-0.07741250321545061,17.416563,1,2,13.271620066666667,-2.315731
52593,MeerKAT:array_1:20250715T141354Z,Gaia_6210668090367510656,63,583.9963062405586,0.006111513411746101,17.384504,4,1,15.259502562418586,-31.24483151096485
108881,MeerKAT:array_1:20250715T141354Z,ex_CRTS_J151030.0-310056,10,639.5786617398262,0.038706251607725305,17.363638,3,1,15.174948666666667,-31.015737999999995
4233,MeerKAT:array_1:20250708T010310Z,Gaia_6441843296323637376,39,544.0827443599701,-0.006111513411746101,17.362635,3,1,19.676675939855006,-63.20097094342465
188219,MeerKAT:array_1:20250723T045553Z,Gaia_4663586063972028288,10,625.0210734009743,0.0020371711372487,17.352383,3,2,5.177753017946198,-65.51220247654474
68160,MeerKAT:array_1:20250710T060816Z,Gaia_5598381675829459328,41,599.3282433748245,0.0733381609409532,17.328993,1,1,7.634716824335049,-31.05762431515927
127758,MeerKAT:array_1:20250731T221802Z,Gaia_4669699760898880000,40,658.6260587573051,0.0631523052547097,17.31079,4,1,4.1069417311366365,-65.89184112063339
75209,MeerKAT:array_1:20250718T054018Z,ex_6dFGS_gJ040717.4-654652,13,599.9630109667778,0.014260197960740902,17.30033,3,1,4.1214936,-65.78125
133551,MeerKAT:array_1:20250715T133052Z,Gaia_6214255728090340992,41,675.8447111845016,0.0733381609409532,17.294842,2,2,15.239129816158913,-26.858508688979942
105761,MeerKAT:array_1:20250715T141354Z,ex_ASASSN-V_J151311.91-311358.5,27,633.7495049834251,-0.0101858556862435,17.293423,4,4,15.219974666666667,-31.23292
46068,MeerKAT:array_1:20250717T054309Z,Gaia_4669684505174998272,9,576.0420714616776,0.0835240166271967,17.289183,3,3,4.1094640288345206,-66.07921851696041
10507,MeerKAT:array_1:20250715T135202Z,ex_CRTS_J153145.8-330555,37,551.947919011116,0.030557567058730504,17.2726,1,2,15.529409600000001,-33.098701
139265,MeerKAT:array_1:20250731T221802Z,Gaia_4669786416159232256,27,675.0237799286842,-0.0366690804704766,17.270588,3,1,4.111414838416994,-65.40257367390265
80436,MeerKAT:array_1:20250715T141354Z,ex_LEDA_703587,38,608.244835793972,0.0427805938822227,17.269604,1,1,15.235555533333335,-31.578889000000004
4231,MeerKAT:array_1:20250708T010310Z,Gaia_6441064189256154752,16,544.0827443599701,-0.006111513411746101,17.258516,3,1,19.693199552700882,-63.69395908509146
56431,MeerKAT:array_1:20250713T192439Z,Gaia_5820047995998637184,23,587.9775765538216,-0.05704079184296361,17.257105,2,1,15.7083161407469,-68.95771242858751
145320,MeerKAT:array_1:20240925T225556Z,Gaia_2775999614384905088,25,599.9768097996712,0.012223026823492201,17.247166,3,1,0.7112677269390018,12.662146072977892
65349,MeerKAT:array_1:20250704T054305Z,Gaia_6441065941602803712,56,602.116171002388,0.048892107293968805,17.229528,4,2,19.70199981081401,-63.62745703781254
145425,MeerKAT:array_1:20240925T225556Z,Gaia_2775611035808256384,60,599.9768097996712,0.012223026823492201,17.211575,3,1,0.6980428102665648,12.354967647833835
81979,MeerKAT:array_1:20250705T060310Z,Gaia_6441019555955951616,31,613.1956742405891,-0.030557567058730504,17.203972,3,1,19.735407052971006,-63.726485588679985
137153,MeerKAT:array_1:20250723T022503Z,ex_[SL63]_504,56,671.9835640788078,-0.020371711372487,17.173279,2,1,5.479011133333334,-69.83469400000001
39994,MeerKAT:array_1:20250713T184021Z,Gaia_6440707947489298048,35,575.9890749454498,0.0183345402352383,17.172207,1,1,19.645285175969917,-63.60088505022841
94037,MeerKAT:array_1:20250708T010310Z,ex_V408_Pav,54,625.0286729931831,0.012223026823492201,17.16318,4,1,19.7022018,-64.077325
98969,MeerKAT:array_1:20250718T015317Z,Gaia_4669054897329441280,21,623.9686727523804,-0.022408882509735703,17.14036,4,1,4.216208421413418,-65.7894011652161
111363,MeerKAT:array_1:20250702T181451Z,ex_ESO_68-9,59,653.249530673027,0.030557567058730504,17.128382,3,3,15.631671,-68.665222
111362,MeerKAT:array_1:20250702T181451Z,ex_NSV_7143,57,653.2495347261429,0.0183345402352383,17.113142,2,3,15.618102133333334,-69.24566200000001
61079,MeerKAT:array_1:20250718T015317Z,Gaia_4669753907550640768,34,587.9921079874039,0.020371711372487,17.045506,4,1,4.056001167122764,-65.72189508494363
117020,MeerKAT:array_1:20250715T130947Z,ex_ASASSN-V_J161059.30-604211.3,8,648.7545583248138,-0.0631523052547097,17.045132,1,1,16.183138000000003,-60.703140000000005
24005,MeerKAT:array_1:20250715T130947Z,ex_ASASSN-V_J161325.20-594516.2,35,559.2503499388695,-0.06111513411746101,17.044994,1,2,16.223666666666666,-59.75450000000001
117524,MeerKAT:array_1:20250715T135202Z,J1534_3-3312,0,646.9512885808945,0.0183345402352383,17.017542,2,1,15.571066666666665,-33.202999999999996
183177,MeerKAT:array_1:20250716T012443Z,Gaia_4669829228392991744,43,611.9847450852394,-0.0020371711372487,17.017435,3,1,4.148391761038064,-65.39190377178802
60132,MeerKAT:array_1:20250715T143518Z,ex_CRTS_J142140.6-245217,11,590.0138214230537,0.048892107293968805,17.00385,4,1,14.361314666666667,-24.871423
68118,MeerKAT:array_1:20250710T060816Z,Gaia_5598501969274501504,5,599.3751288056374,-0.0264832247842331,17.003809,1,1,7.664316118533852,-30.376746889332193
133595,MeerKAT:array_1:20250715T133052Z,ex_CRTS_J151752.7-262646,13,677.9615279436111,-0.014260197960740902,17.003521,3,2,15.298002333333333,-26.445869
37027,MeerKAT:array_1:20250705T180344Z,Gaia_5820309301811874560,3,576.0403782725334,0.038706251607725305,16.993382,2,1,15.603338541007851,-68.5055121912765
59463,MeerKAT:array_1:20250715T141354Z,ex_ASASSN-V_J151253.14-314549.0,25,587.1293911337852,-0.0631523052547097,16.988432,1,1,15.214760666666667,-31.763619999999996
111355,MeerKAT:array_1:20250702T181451Z,ex_ASASSN-V_J153505.00-690312.1,42,653.2495428323746,-0.012223026823492201,16.9735,2,1,15.584723333333335,-69.05337
134790,MeerKAT:array_1:20250716T012443Z,Gaia_4669700070136544640,48,671.9659157991409,-0.006111513411746101,16.970695,1,1,4.1025528305222805,-65.84718019004706
33327,MeerKAT:array_1:20250717T054309Z,Gaia_4669828609917695360,41,562.5533211827278,-0.0733381609409532,16.958439,4,1,4.148373448339864,-65.44791032613023
121783,MeerKAT:array_1:20250723T033528Z,Gaia_4661377866660986880,47,647.9386286139488,-0.05704079184296361,16.958176,4,3,5.174291083448749,-68.30961156066138
103645,MeerKAT:array_1:20250704T054305Z,Gaia_6440670598453664256,24,633.7494989037514,-0.0264832247842331,16.942535,1,4,19.607090691945977,-63.973815869099425
168985,MeerKAT:array_1:20250718T015317Z,J0408-6545,0,575.9777262210846,-0.0020371711372487,16.92881,2,1,4.138994444444445,-65.75252777777777
99049,MeerKAT:array_1:20250718T015317Z,Gaia_4669769133210723584,61,623.9686737656593,-0.0264832247842331,16.918177,2,1,4.049702500093954,-65.56470544389502
32132,MeerKAT:array_1:20250715T133052Z,Gaia_6214385161224956672,25,562.5537123084068,-0.012223026823492201,16.88257,1,1,15.292568973485038,-26.228088900743
31879,MeerKAT:array_1:20250715T124827Z,ex_LEDA_1096217,54,562.5536515116692,0.0835240166271967,16.878195,4,2,13.2761222,-2.2895
188940,MeerKAT:array_1:20250715T141354Z,Gaia_6210677809876566784,59,633.7495029568672,0.0020371711372487,16.87271,1,4,15.219061536771624,-31.58914200227071
61050,MeerKAT:array_1:20250718T015317Z,Gaia_4669691067884995328,4,587.9921079874039,0.020371711372487,16.856903,4,1,4.088000647157125,-66.06899924928912
188466,MeerKAT:array_1:20250704T054305Z,Gaia_6440677401681817856,19,633.7494968771935,-0.0020371711372487,16.850618,1,4,19.637826258661583,-64.0201424224844
133652,MeerKAT:array_1:20250715T133052Z,Gaia_6226381107964569856,49,677.961530983448,-0.030557567058730504,16.848808,4,2,15.244938467414112,-26.292340790877688
94428,MeerKAT:array_1:20250713T184021Z,Gaia_6441427509130191232,19,625.0283467173576,0.028520395921481805,16.818388,3,1,19.5731585864469,-63.874392676095994
166544,MeerKAT:array_1:20250731T221802Z,Gaia_4669730306706410880,30,563.9712470173836,-0.0040743422744974,16.815128,2,1,4.113787001810862,-65.57197560265381
87116,MeerKAT:array_1:20250715T143518Z,Gaia_6272845266757724032,31,615.9901679158211,0.0366690804704766,16.812046,4,1,14.34493017163627,-24.03306521751617
23981,MeerKAT:array_1:20250715T130947Z,ex_BW_Nor,7,559.2503428459167,0.048892107293968805,16.768816,1,2,16.1432034,-60.169639
85934,MeerKAT:array_1:20250715T130947Z,ex_ASASSN-V_J161102.00-601501.6,62,619.3195371031761,0.012223026823492201,16.759083,1,2,16.183874,-60.25052
242252,MeerKAT:array_1:20250715T143518Z,Gaia_6272623917026891648,45,677.9615441560745,0.0040743422744974,16.746185,2,4,14.357114575419212,-24.578369535528044
81933,MeerKAT:array_1:20250704T054305Z,Gaia_6441083288974003328,43,619.3195117712021,-0.0366690804704766,16.732992,1,2,19.69406450970899,-63.45719082827445
56401,MeerKAT:array_1:20250713T192439Z,Gaia_5820117196510864768,9,587.9775765538216,-0.05704079184296361,16.730349,2,1,15.544962364185423,-69.39032623770014
40517,MeerKAT:array_1:20250713T192439Z,Gaia_5820215392329829504,33,575.9937877058983,-0.020371711372487,16.729689,3,2,15.646413999097303,-68.97756743191105
134084,MeerKAT:array_1:20250715T135202Z,ex_NSV_07123,38,678.3023514151573,0.034631909333227906,16.7184,2,2,15.547472200000001,-33.28
133418,MeerKAT:array_1:20250715T130947Z,ex_ASASSN-V_J161014.90-601619.7,59,677.9615634083748,-0.0733381609409532,16.709202,2,4,16.170805333333334,-60.27214000000001
133582,MeerKAT:array_1:20250715T133052Z,ex_CRTS_J151640.6-261626,5,677.9615188241005,0.038706251607725305,16.702673,3,4,15.277968199999998,-26.273239999999998
134005,MeerKAT:array_1:20250715T135202Z,ex_ASASSN-V_J153251.02-331648.0,6,678.3023514151573,0.034631909333227906,16.700497,2,2,15.547505333333335,-33.27999
133651,MeerKAT:array_1:20250715T133052Z,Gaia_6214377842600673024,48,678.302332162857,0.038706251607725305,16.696432,2,3,15.282533320416032,-26.313306134676974
133666,MeerKAT:array_1:20250715T133052Z,Gaia_6214375231260536320,57,677.9615299701691,-0.038706251607725305,16.692924,2,2,15.270513719772115,-26.429702741438383
23833,MeerKAT:array_1:20250715T124827Z,ex_[VV2006]_J131858.7-013642,35,560.0244271755219,-0.0081486845489948,16.67547,4,2,13.316313866666668,-1.611806
179343,MeerKAT:array_1:20250710T060816Z,Gaia_5599276472135039104,39,599.3751257658005,-0.0040743422744974,16.67531,1,1,7.66374765704225,-30.300738024982873
117824,MeerKAT:array_1:20250715T135202Z,ex_RX_J1534.3-3300,5,650.6376207470894,0.0183345402352383,16.660553,3,1,15.573093666666669,-33.002444
128694,MeerKAT:array_1:20250723T043540Z,Gaia_4655142639306860288,11,667.1092059016228,0.020371711372487,16.651928,2,2,4.992931558461112,-69.96006538413674
63312,MeerKAT:array_1:20250728T151003Z,ex_V1744_Cen,25,587.9783892035484,0.034631909333227906,16.648779,4,1,13.455288866666667,-47.598417
117077,MeerKAT:array_1:20250715T130947Z,J1611_6-6013,0,651.2685621976852,0.0081486845489948,16.645424,1,1,16.186066666666665,-60.174
24131,MeerKAT:array_1:20250715T133052Z,ex_CRTS_J151435.6-261552,12,559.2503661513329,-0.0101858556862435,16.644545,4,4,15.243234333333334,-26.263962999999997
184517,MeerKAT:array_1:20250715T143518Z,Gaia_6272513725346571648,41,615.9901648759842,0.0040743422744974,16.636787,2,1,14.337813695200788,-25.03344973011132
8941,MeerKAT:array_1:20250715T124827Z,ex_IC_4218,3,550.2658090591431,0.06926381866645581,16.61109,3,2,13.284281866666666,-2.261308
87087,MeerKAT:array_1:20250715T143518Z,ex_LEDA_787004,16,615.9901689291,0.028520395921481805,16.610832,2,1,14.336888866666667,-24.703889000000004
242182,MeerKAT:array_1:20250715T130947Z,ex_ASASSN-V_J160918.48-604104.9,53,678.3023645877838,-0.0020371711372487,16.609957,1,3,16.155117333333333,-60.68466000000001
81915,MeerKAT:array_1:20250704T054305Z,Gaia_6441449877319724928,25,619.319512784481,-0.040743422744974,16.601274,4,2,19.617088589809352,-63.75385344537512
133618,MeerKAT:array_1:20250715T133052Z,Gaia_6214397255852916736,29,677.9615269303322,-0.0183345402352383,16.591898,2,2,15.278044473679259,-26.186581631630652
37088,MeerKAT:array_1:20250705T180344Z,Gaia_5820048889351867392,33,576.0403782725334,0.038706251607725305,16.59187,2,1,15.710946603854715,-68.9239675341607
133380,MeerKAT:array_1:20250715T130947Z,ex_ASASSN-V_J160943.92-602617.9,31,677.9615512490273,0.034631909333227906,16.591383,1,3,16.1622,-60.438300000000005
155449,MeerKAT:array_1:20250715T053823Z,Gaia_4669816068613192576,48,551.3833817839622,-0.0040743422744974,16.584444,1,1,4.166302129414096,-65.47241053477455
105263,MeerKAT:array_1:20250715T133052Z,Gaia_6214377842600673024,48,636.2808713912964,0.0631523052547097,16.581041,4,2,15.282533320416032,-26.313306134676974
135962,MeerKAT:array_1:20250719T053812Z,Gaia_4669686875996993408,10,673.8900980949402,-0.0162973690979896,16.56982,2,1,4.118459625539979,-65.93926830134036
105747,MeerKAT:array_1:20250715T141354Z,ex_ASASSN-V_J151310.06-311615.3,19,633.7495049834251,-0.020371711372487,16.54637,1,4,15.219460666666667,-31.27092
13065,MeerKAT:array_1:20250717T054309Z,Gaia_4669814384986013056,52,545.9999127388,-0.034631909333227906,16.545546,3,2,4.177349421877265,-65.48568065736914
96133,MeerKAT:array_1:20250714T160406Z,Gaia_6143886365436710400,11,625.0282393097878,0.012223026823492201,16.544584,1,1,12.274676005672008,-44.559077385744125
87101,MeerKAT:array_1:20250715T143518Z,ex_LEDA_790185,23,615.9901638627052,0.0366690804704766,16.516003,3,1,14.366138866666669,-24.417778000000002
133648,MeerKAT:array_1:20250715T133052Z,Gaia_6214386088937911808,47,677.961530983448,-0.034631909333227906,16.515984,4,2,15.291576848592786,-26.190140366320833
60123,MeerKAT:array_1:20250715T143518Z,ex_CRTS_J142054.4-242330,8,590.0138214230537,0.048892107293968805,16.512894,4,1,14.348481733333333,-24.391427
133616,MeerKAT:array_1:20250715T133052Z,Gaia_6214189379435398016,28,677.9615178108215,0.044817765019471406,16.512508,1,4,15.249845905700175,-27.145800199081272
125262,MeerKAT:array_1:20250715T124827Z,ex_[VV2006]_J131704.3-020048,18,660.8565735220909,-0.0733381609409532,16.507597,1,2,13.284515200000001,-2.013457
124046,MeerKAT:array_1:20250702T175345Z,ex_ESO_384-61,35,658.6234637498856,0.05092927843121751,16.506332,3,1,14.163238333333334,-37.595258
37043,MeerKAT:array_1:20250705T180344Z,Gaia_5820107816301998336,11,576.0403833389282,0.0183345402352383,16.485588,1,1,15.59973104010551,-69.41654829235837
133644,MeerKAT:array_1:20250715T133052Z,Gaia_6214260091777145984,45,677.9615188241005,0.0366690804704766,16.47831,3,4,15.232509270022598,-26.787586347562005
31826,MeerKAT:array_1:20250715T124827Z,ex_[VV2006]_J131627.2-021904,15,562.5536515116692,0.0835240166271967,16.473846,4,2,13.274206533333336,-2.317751
35149,MeerKAT:array_1:20250731T221802Z,Gaia_4669056031200823040,29,563.9712480306625,-0.006111513411746101,16.463978,1,1,4.208876183959966,-65.73810477287415
100331,MeerKAT:array_1:20250723T012407Z,Gaia_4655431020577614336,18,625.0211301445961,-0.059077962980212305,16.462826,4,1,4.814765234913035,-69.0834618854373
121387,MeerKAT:array_1:20250723T022503Z,ex_BSDL_1897,51,650.0219585299492,0.034631909333227906,16.447691,3,1,5.4754778,-69.84225
49190,MeerKAT:array_1:20250723T030515Z,ex_BSDL_2881,20,572.7167959213257,0.014260197960740902,16.438929,2,1,5.713019466666667,-70.162
29802,MeerKAT:array_1:20250705T180344Z,Gaia_5820279649343898112,63,563.9785476922989,-0.014260197960740902,16.437649,2,2,15.597402739780344,-68.76715387659533
77650,MeerKAT:array_1:20250723T045553Z,Gaia_4663762226323893120,28,599.848986685276,-0.0325947381959792,16.437523,4,1,5.083597068564491,-65.52392140616936
103894,MeerKAT:array_1:20250705T180344Z,Gaia_5820244155745049088,58,629.986801981926,0.040743422744974,16.421146,3,1,15.697293431632902,-68.76725169694225
87157,MeerKAT:array_1:20250715T143518Z,Gaia_6272732017060242432,54,615.9901628494263,0.0162973690979896,16.409681,2,1,14.323410089944334,-24.56146550159252
188941,MeerKAT:array_1:20250715T141354Z,Gaia_6210673003810108544,62,633.7495019435883,0.0040743422744974,16.401354,2,4,15.258601658975717,-31.161258868854038
39437,MeerKAT:array_1:20250708T010310Z,Gaia_6441072676111580160,44,576.0420694351196,0.0081486845489948,16.374977,3,3,19.72138850826421,-63.49778631680711
13021,MeerKAT:array_1:20250717T054309Z,ex_1RXS_J040340.3-655818,30,545.9999127388,-0.034631909333227906,16.369001,3,2,4.0620606666666665,-65.972883
133761,MeerKAT:array_1:20250715T135202Z,Gaia_6014499066895969792,58,673.1444879174232,0.0651894763919584,16.358166,1,1,15.55490676482723,-33.53150019893948
121776,MeerKAT:array_1:20250723T033528Z,Gaia_4661289218575824384,43,647.9386286139488,-0.05704079184296361,16.357912,4,3,5.101914870321951,-68.52406490803132
87118,MeerKAT:array_1:20250715T143518Z,Gaia_6272636015951231232,32,615.9901669025421,0.0366690804704766,16.351933,1,1,14.388520787556802,-24.5311680493924
63287,MeerKAT:array_1:20250728T151003Z,ex_V1653_Cen,11,587.9783892035484,0.034631909333227906,16.351337,4,1,13.446838866666667,-47.361778
137572,MeerKAT:array_1:20250723T033528Z,Gaia_4661285709511821184,33,671.9666139483452,0.0081486845489948,16.338226,2,2,5.097888450168532,-68.59346056652447
53509,MeerKAT:array_1:20250702T185632Z,ex_PSR_J1744-1610,2,587.9941304922104,-0.0468549361567201,16.337149,4,1,17.737926133333335,-16.176611
105850,MeerKAT:array_1:20250715T141354Z,ex_ASASSN-V_J151421.96-313329.9,15,636.2808187007904,0.0162973690979896,16.332815,2,1,15.239434666666668,-31.55831
73057,MeerKAT:array_1:20250715T141354Z,Gaia_6210936027608703744,56,599.4172548651695,-0.07944967435269931,16.31647,1,1,15.214362299746098,-30.666847326794645
242988,MeerKAT:array_1:20250723T033528Z,Gaia_4661289218575824384,43,671.9666149616241,0.0020371711372487,16.302465,1,2,5.101914870321951,-68.52406490803132
116508,MeerKAT:array_1:20250715T053823Z,Gaia_4669692098677144704,20,651.6913204193115,-0.006111513411746101,16.296513,2,1,4.076577651298024,-66.10603620791518
96115,MeerKAT:array_1:20250714T160406Z,Gaia_6144640351237206272,2,625.0282352566719,0.040743422744974,16.293303,4,1,12.254628905474018,-44.33942578656713
87106,MeerKAT:array_1:20250715T143518Z,Gaia_6272611002061605120,26,615.9901669025421,0.044817765019471406,16.255587,1,1,14.384357448592477,-24.631349657032434
105732,MeerKAT:array_1:20250715T141354Z,ex_CRTS_J151405.7-314503,9,633.7495130896568,-0.05092927843121751,16.234562,1,2,15.234918733333336,-31.750999000000004
184518,MeerKAT:array_1:20250715T143518Z,Gaia_6272819668752560768,46,615.9901648759842,0.0040743422744974,16.230715,2,1,14.353590501517571,-24.42556608998318
39438,MeerKAT:array_1:20250708T010310Z,Gaia_6441472176789726080,50,576.0420694351196,0.0081486845489948,16.22767,3,3,19.594808841674027,-63.44199770415158
105909,MeerKAT:array_1:20250715T141354Z,Gaia_6210681043988568320,57,636.2808126211166,0.0366690804704766,16.202171,1,1,15.20466721974585,-31.550684078667054
138060,MeerKAT:array_1:20250723T045553Z,Gaia_4662258266237091456,3,671.9665511250496,0.030557567058730504,16.194149,2,1,5.076335458446856,-65.70060622797556
127744,MeerKAT:array_1:20250731T221802Z,Gaia_4669754289803720832,26,658.6260587573051,0.0631523052547097,16.189379,4,1,4.060718444770358,-65.69620727503117
188748,MeerKAT:array_1:20250715T124827Z,ex_LBQS_1313-0138,11,633.7495384216309,0.0040743422744974,16.187302,3,4,13.2693836,-1.901077
133623,MeerKAT:array_1:20250715T133052Z,Gaia_6214384886347032704,32,677.9615279436111,-0.014260197960740902,16.156996,3,2,15.29437181558255,-26.25336504979793
111350,MeerKAT:array_1:20250702T181451Z,ex_Gaia_DR2_5820207768781183616,21,653.249531686306,0.030557567058730504,16.154886,1,3,15.665444133333333,-69.192118
133343,MeerKAT:array_1:20250715T130947Z,ex_1RXS_J161408.3-600823,6,677.9615512490273,-0.06722664752920711,16.133348,1,3,16.235638866666665,-60.139722
65330,MeerKAT:array_1:20250704T054305Z,Gaia_6440624144087024256,37,602.1161679625511,0.06111513411746101,16.12116,2,2,19.6481756928551,-64.27152667408815
81906,MeerKAT:array_1:20250704T054305Z,Gaia_6440617787535664256,16,619.3195077180862,0.006111513411746101,16.11947,2,2,19.703027458909254,-64.16509789972916
87099,MeerKAT:array_1:20250715T143518Z,ex_LEDA_795136,22,615.990169942379,0.022408882509735703,16.112074,1,1,14.3607778,-23.958611
137532,MeerKAT:array_1:20250723T033528Z,Gaia_4661377694862343296,13,671.9666139483452,0.0081486845489948,16.108099,2,2,5.174103574296207,-68.35267840504758
184514,MeerKAT:array_1:20250715T143518Z,Gaia_6272881516281594496,34,615.9901648759842,-0.0040743422744974,16.104784,2,1,14.323798868596722,-24.24768183339316
135980,MeerKAT:array_1:20250719T053812Z,Gaia_4669732505729685632,34,673.8900991082191,-0.020371711372487,16.10435,2,1,4.136337917868428,-65.56798775669675
39426,MeerKAT:array_1:20250708T010310Z,Gaia_6441064189256154752,16,576.0420694351196,0.0081486845489948,16.094166,3,3,19.693199552700882,-63.69395908509146
134637,MeerKAT:array_1:20250715T143518Z,ex_LEDA_784619,14,677.9615482091904,0.0101858556862435,16.078812,3,3,14.330916666666667,-24.925833
133414,MeerKAT:array_1:20250715T130947Z,ex_AG_TrA,56,677.961557328701,-0.040743422744974,16.064745,1,4,16.16040033333333,-60.46423800000001
133535,MeerKAT:array_1:20250715T133052Z,Gaia_6214385161224956672,25,675.8447121977806,0.0651894763919584,16.06358,1,2,15.292568973485038,-26.228088900743
126144,MeerKAT:array_1:20250717T054309Z,Gaia_4669057470012951424,59,660.856153011322,-0.0753753320782019,16.06088,3,1,4.212541683893555,-65.71560996849625
134618,MeerKAT:array_1:20250715T143518Z,ex_3FGL_J1421.0-2431,1,677.9615553021431,-0.0529664495684662,16.060358,1,4,14.349444466666668,-24.528333
124031,MeerKAT:array_1:20250702T175345Z,ex_ASASSN-V_J140926.43-372525.5,20,658.6234637498856,0.05092927843121751,16.050325,3,1,14.157375333333333,-37.42384
32735,MeerKAT:array_1:20250715T141354Z,ex_CRTS_J151324.5-312620,12,562.5536748170853,0.028520395921481805,16.029009,3,2,15.223475066666667,-31.439163
10253,MeerKAT:array_1:20250715T135202Z,ex_ASASSN-V_J153339.10-330721.1,27,550.2658678293228,-0.0651894763919584,16.022913,1,1,15.560860000000002,-33.12252
184519,MeerKAT:array_1:20250715T143518Z,Gaia_6272706831371846144,56,615.9901638627052,0.0020371711372487,16.012754,2,1,14.321782072127991,-24.84882836037238
178729,MeerKAT:array_1:20250705T194745Z,Gaia_4189257984664230144,57,599.94332498312,-0.0020371711372487,15.999372,3,4,19.950061748378957,-11.817751966212445
127778,MeerKAT:array_1:20250731T221802Z,Gaia_4669785415430286464,60,658.6260587573051,0.0631523052547097,15.999209,4,1,4.0966704766676125,-65.42614310301175
87170,MeerKAT:array_1:20250715T143518Z,Gaia_6272839352587037568,61,615.9901679158211,0.038706251607725305,15.994199,4,1,14.351433088131042,-24.17378898321635
121966,MeerKAT:array_1:20250723T033528Z,Gaia_4658254875746622336,48,650.0218541622162,0.024446053646984402,15.957622,1,2,5.207921137552041,-69.11742492689416
242212,MeerKAT:array_1:20250715T133052Z,Gaia_6214343207984246400,42,677.9615249037743,-0.0020371711372487,15.928353,1,4,15.270667654405369,-26.726508148141047
87131,MeerKAT:array_1:20250715T143518Z,Gaia_6272707140609501056,40,615.990169942379,0.0162973690979896,15.923556,1,1,14.320914223858757,-24.808883553864742
126543,MeerKAT:array_1:20250723T015429Z,Gaia_4661363568820729216,52,657.6801202893257,0.0183345402352383,15.922159,3,1,4.99485316312431,-68.08939866330337
133337,MeerKAT:array_1:20250715T130947Z,ex_4FGL_J1611.6-6013,2,677.9615512490273,-0.0081486845489948,15.919116,3,3,16.194166666666668,-60.227222000000005
133576,MeerKAT:array_1:20250715T133052Z,ex_4FGL_J1516.4-2640,1,677.9615299701691,-0.024446053646984402,15.906765,3,2,15.273861133333334,-26.680278
87066,MeerKAT:array_1:20250715T143518Z,ex_CRTS_J142054.6-244720,5,615.9901679158211,0.038706251607725305,15.9027195,4,1,14.348513,-24.788937
87147,MeerKAT:array_1:20250715T143518Z,Gaia_6272510907847320448,49,615.9901689291,0.012223026823492201,15.900636,1,1,14.352083168573476,-24.84647003639755
24119,MeerKAT:array_1:20250715T133052Z,J1516_4-2640,0,559.2503661513329,-0.0101858556862435,15.894439,4,4,15.270999999999999,-26.699
87172,MeerKAT:array_1:20250715T143518Z,Gaia_6272863649217730304,62,615.9901689291,0.0325947381959792,15.891572,2,1,14.353912251757022,-24.09583055496014
87128,MeerKAT:array_1:20250715T143518Z,Gaia_6272868042968714240,38,615.9901628494263,0.012223026823492201,15.886553,1,1,14.348792307829864,-24.019919600324112
89671,MeerKAT:array_1:20250723T033528Z,Gaia_4661291486319129216,59,615.6712312698364,0.020371711372487,15.880092,1,1,5.1093334699747475,-68.4139858027319
134658,MeerKAT:array_1:20250715T143518Z,Gaia_6272611002061605120,26,677.9615512490273,0.006111513411746101,15.87905,3,3,14.384357448592477,-24.631349657032434
80553,MeerKAT:array_1:20250715T141354Z,Gaia_6210926819198797440,39,611.7051226496696,0.028520395921481805,15.875491,3,2,15.20290883264576,-30.886744410471362
116544,MeerKAT:array_1:20250715T053823Z,Gaia_4668950065767514752,59,651.6913234591484,-0.020371711372487,15.850649,4,1,4.172074396349119,-66.15894013335179
121774,MeerKAT:array_1:20250723T033528Z,Gaia_4658360566275045504,42,647.9386296272278,-0.06111513411746101,15.850488,1,3,5.21294526587956,-68.73978052818053
94348,MeerKAT:array_1:20250713T145219Z,Gaia_6441839791630300800,36,625.0280812382698,0.0101858556862435,15.8428755,2,3,19.684204506334098,-63.25924146463817
72327,MeerKAT:array_1:20250715T135202Z,ex_Gaia_DR2_6014515417835108352,12,599.4173075556755,-0.055003620705714906,15.831636,1,1,15.5393338,-33.354266
13025,MeerKAT:array_1:20250717T054309Z,ex_LEDA_146045,32,545.9999056458473,-0.006111513411746101,15.822328,1,2,4.053083333333333,-65.94722200000001
87145,MeerKAT:array_1:20250715T143518Z,Gaia_6272812625006192256,48,615.9901628494263,0.0162973690979896,15.817481,2,1,14.342485600667802,-24.48484505528261
134689,MeerKAT:array_1:20250715T143518Z,Gaia_6272609421513627776,44,677.9615482091904,0.020371711372487,15.80787,1,3,14.376521863256167,-24.73369839000132
99003,MeerKAT:array_1:20250718T015317Z,Gaia_4669692888951126528,38,623.9686727523804,-0.022408882509735703,15.795081,4,1,4.076726336378972,-66.05209274221967
97001,MeerKAT:array_1:20250715T130947Z,ex_ASASSN-V_J160945.20-601435.4,58,626.6923807859421,0.006111513411746101,15.789356,1,2,16.162577333333335,-60.24317
20888,MeerKAT:array_1:20250704T054305Z,Gaia_6441456641891280896,48,552.9638284444809,0.0529664495684662,15.779671,1,1,19.626405390709234,-63.54081719480556
53614,MeerKAT:array_1:20250702T185632Z,ex_ASASSN-V_J174418.84-160514.0,46,587.9941304922104,-0.0468549361567201,15.7778015,4,1,17.73857466666667,-16.08705
133366,MeerKAT:array_1:20250715T130947Z,ex_Gaia_DR3_5832981929253923840,21,677.9615512490273,-0.0101858556862435,15.755137,3,3,16.143610866666666,-60.10342300000001
128720,MeerKAT:array_1:20250723T043540Z,Gaia_4654740630345879936,37,667.1092079281807,0.012223026823492201,15.753137,1,2,4.874849501143479,-70.46632655643832
103859,MeerKAT:array_1:20250705T180344Z,Gaia_5820224257142370176,23,629.986801981926,0.040743422744974,15.748887,3,1,15.5994747360248,-68.96554079196133
86040,MeerKAT:array_1:20250715T133052Z,ex_CRTS_J151358.5-264237,8,615.9903057217598,-0.06926381866645581,15.746753,3,1,15.232940066666666,-26.710345
31863,MeerKAT:array_1:20250715T124827Z,ex_LEDA_1109753,42,562.5536758303642,0.040743422744974,15.73986,1,1,13.290082933333334,-1.799516
122210,MeerKAT:array_1:20250723T043540Z,Gaia_4655083162590528256,42,648.2509961724281,0.012223026823492201,15.736461,4,2,5.058704140884099,-70.13201790236157
87166,MeerKAT:array_1:20250715T143518Z,Gaia_6272552453067390720,59,615.9901689291,0.030557567058730504,15.723369,3,1,14.371226879061886,-24.94340092191895
85793,MeerKAT:array_1:20250715T130947Z,ex_UCAC4_149-179913,23,613.1931035518646,0.0264832247842331,15.708239,3,1,16.163717533333333,-60.321983
117092,MeerKAT:array_1:20250715T130947Z,ex_CF_Nor,15,651.2685500383377,0.0162973690979896,15.699896,3,3,16.191896133333334,-60.131622
8950,MeerKAT:array_1:20250715T124827Z,ex_[VV2006]_J131618.7-022454,13,550.2658151388168,-0.059077962980212305,15.690924,3,2,13.271848533333333,-2.415161
87068,MeerKAT:array_1:20250715T143518Z,ex_EC_14190-2417,6,615.9901679158211,0.024446053646984402,15.6765175,1,1,14.365593333333335,-24.522551
87114,MeerKAT:array_1:20250715T143518Z,Gaia_6272786923922098816,30,615.9901679158211,0.0366690804704766,15.673856,4,1,14.315072921744209,-24.30770351865035
87078,MeerKAT:array_1:20250715T143518Z,ex_CRTS_J142140.6-245217,11,615.9901628494263,0.0081486845489948,15.671599,1,1,14.361314666666667,-24.871423
139245,MeerKAT:array_1:20250731T221802Z,Gaia_4669827304247693696,7,675.0237799286842,-0.0366690804704766,15.662207,3,1,4.176827141980902,-65.22564925737734
133525,MeerKAT:array_1:20250715T133052Z,ex_ASASSN-V_J151603.09-271408.4,15,675.8447111845016,0.0733381609409532,15.658884,2,2,15.267525333333332,-27.23567
89508,MeerKAT:array_1:20250723T030515Z,ex_ASASSN-V_J053240.24-692903.5,61,615.67118871212,0.0264832247842331,15.654526,3,1,5.544511333333333,-69.48431
139275,MeerKAT:array_1:20250731T221802Z,Gaia_4669834073116105344,37,675.0237789154053,-0.030557567058730504,15.650965,4,1,4.121852706155646,-65.31375049911986
99007,MeerKAT:array_1:20250718T015317Z,Gaia_4668950375003880320,40,623.9686727523804,-0.022408882509735703,15.648876,4,1,4.18228268234386,-66.12547015703473
121724,MeerKAT:array_1:20250723T033528Z,Gaia_4658397090671938560,15,647.9386286139488,-0.05704079184296361,15.64521,4,3,5.2162133455609725,-68.27397909617171
31919,MeerKAT:array_1:20250715T124827Z,ex_[VV2006]_J131702.2-012952,17,563.9722045660019,0.0631523052547097,15.644092,1,1,13.283941333333333,-1.497654
134718,MeerKAT:array_1:20250715T143518Z,Gaia_6272863649217730304,62,677.9615431427956,0.040743422744974,15.64157,1,4,14.353912251757022,-24.09583055496014
20875,MeerKAT:array_1:20250704T054305Z,Gaia_6440630809876553856,30,552.9638324975967,0.0366690804704766,15.64054,2,1,19.65583600271892,-64.07446884040192
15946,MeerKAT:array_1:20250723T015429Z,Gaia_4661506440816055680,13,548.0131744146347,0.0183345402352383,15.630669,3,1,5.03514493436769,-67.2603106972712
133640,MeerKAT:array_1:20250715T133052Z,Gaia_6226378599703660800,43,677.9615269303322,-0.0162973690979896,15.62458,2,2,15.250350436940975,-26.304398506848777
210693,MeerKAT:array_1:20250715T053823Z,Gaia_4669881317756360448,22,651.6913194060326,-0.0020371711372487,15.620544,2,1,4.114284896064607,-65.2759681140518
117356,MeerKAT:array_1:20250715T133052Z,Gaia_6214370042939954432,37,648.8109574317932,-0.0101858556862435,15.601172,2,1,15.285889589396849,-26.5321832094902
87143,MeerKAT:array_1:20250715T143518Z,Gaia_6272835680390688000,47,615.9901618361473,0.0162973690979896,15.599446,2,1,14.33304638287884,-24.217668135602022
242255,MeerKAT:array_1:20250715T143518Z,Gaia_6272832068321816064,52,677.9615512490273,0.0040743422744974,15.59769,3,3,14.338860941056918,-24.2827073904042
29759,MeerKAT:array_1:20250705T180344Z,Gaia_5820201755826454400,20,563.9785476922989,-0.012223026823492201,15.597315,2,2,15.661011424474692,-69.23667643535148
86036,MeerKAT:array_1:20250715T133052Z,ex_CRTS_J151706.4-270946,6,615.9903057217598,-0.0651894763919584,15.582836,3,1,15.285138,-27.162861999999997
29869,MeerKAT:array_1:20250705T192701Z,ex_CRTS_J191730.3-320256,6,563.9721113443375,-0.0101858556862435,15.5626545,2,1,19.291746866666667,-32.049151
87093,MeerKAT:array_1:20250715T143518Z,ex_LEDA_786162,19,615.9901669025421,0.0264832247842331,15.562007,1,1,14.349416666666666,-24.782778
105084,MeerKAT:array_1:20250715T124827Z,ex_[VV2006]_J131716.7-014247,23,636.2808460593224,-0.05092927843121751,15.556725,2,2,13.287962333333335,-1.713211
81896,MeerKAT:array_1:20250704T054305Z,Gaia_6440706603162467200,6,619.3194904923439,0.048892107293968805,15.553734,1,1,19.65195037229325,-63.65917272909129
24165,MeerKAT:array_1:20250715T133052Z,Gaia_6214327711742533248,46,559.250361084938,0.012223026823492201,15.550759,1,1,15.312014739375769,-26.501675005682674
85884,MeerKAT:array_1:20250715T130947Z,ex_AF_TrA,12,619.3195279836655,0.012223026823492201,15.506992,1,2,16.1496708,-60.345174
87089,MeerKAT:array_1:20250715T143518Z,ex_LEDA_784492,17,615.9901618361473,0.0162973690979896,15.495294,2,1,14.338138866666666,-24.937778000000005
184515,MeerKAT:array_1:20250715T143518Z,Gaia_6272622272055815424,35,615.9901648759842,-0.0020371711372487,15.474663,4,1,14.354023497922185,-24.60667427460052
31815,MeerKAT:array_1:20250715T124827Z,ex_[VV2006]_J131539.5-014850,6,562.5536687374115,0.07944967435269931,15.459525,1,2,13.2609708,-1.813749
43596,MeerKAT:array_1:20250715T133052Z,Gaia_6214327711742533248,46,575.9938971400261,0.048892107293968805,15.456894,1,1,15.312014739375769,-26.501675005682674
105772,MeerKAT:array_1:20250715T141354Z,ex_LEDA_706855,34,633.7495049834251,-0.0081486845489948,15.454221,4,4,15.190688666666667,-31.296033999999995
111364,MeerKAT:array_1:20250702T181451Z,Gaia_5820166056060793856,63,653.2495478987694,-0.030557567058730504,15.442182,1,2,15.547805718484316,-69.28474536410236
79562,MeerKAT:array_1:20250710T060816Z,Gaia_5599313580653331456,16,607.2549321651459,-0.024446053646984402,15.436357,1,1,7.623486101523293,-30.235833228608048
86077,MeerKAT:array_1:20250715T133052Z,Gaia_6214397255852916736,29,615.9903077483177,-0.0753753320782019,15.432834,3,1,15.278044473679259,-26.186581631630652
109057,MeerKAT:array_1:20250715T141354Z,Gaia_6210715128849230976,52,643.9959216713905,0.024446053646984402,15.432638,3,1,15.231425803199881,-31.25643436609922
138119,MeerKAT:array_1:20250723T045553Z,Gaia_4663774458391152512,62,671.9665511250496,0.030557567058730504,15.426605,2,1,5.081134643723317,-65.27293250716323
111338,MeerKAT:array_1:20250702T181451Z,ex_ASASSN-V_J154012.39-682940.1,5,653.249530673027,0.0325947381959792,15.426543,3,3,15.670108666666668,-68.49446
32779,MeerKAT:array_1:20250715T141354Z,ex_ASASSN-V_J151310.06-311615.3,19,563.9649900197983,0.020371711372487,15.415325,1,1,15.219460666666667,-31.27092
80189,MeerKAT:array_1:20250715T135202Z,ex_ASASSN-V_J153511.70-332719.0,31,611.7051814198494,-0.06722664752920711,15.400954,1,1,15.586582666666668,-33.455279999999995
139282,MeerKAT:array_1:20250731T221802Z,Gaia_4669681305423190912,44,675.0237789154053,-0.030557567058730504,15.394542,4,1,4.144524387988824,-66.08909789821749
125613,MeerKAT:array_1:20250715T135202Z,ex_Gaia_DR2_6014515417835108352,12,660.8566333055496,-0.06111513411746101,15.378973,4,1,15.5393338,-33.354266
103848,MeerKAT:array_1:20250705T180344Z,Gaia_5820290197796144128,12,629.986801981926,0.040743422744974,15.371203,3,1,15.549428562051888,-68.69055845612584
134097,MeerKAT:array_1:20250715T135202Z,ex_2MFGC_12556,45,677.9615553021431,-0.0651894763919584,15.370931,3,4,15.580059733333334,-32.940972
125939,MeerKAT:array_1:20250715T141354Z,Gaia_6210702415745896192,54,660.8565755486488,0.059077962980212305,15.357118,1,2,15.212798249424651,-31.28394292635149
105600,MeerKAT:array_1:20250715T141354Z,ex_Gaia_DR3_6210810163588884096,13,630.3628308176994,0.038706251607725305,15.341536,1,1,15.171890866666669,-31.189497000000003
183152,MeerKAT:array_1:20250716T012443Z,Gaia_4669825723699704192,27,611.9847450852394,-0.0020371711372487,15.341009,3,1,4.171599006275218,-65.29597401431879
1396,MeerKAT:array_1:20250704T054305Z,Gaia_6441424588552067456,5,551.999394595623,-0.012223026823492201,15.3148985,3,1,19.581274113725446,-63.89836092648778
133607,MeerKAT:array_1:20250715T133052Z,ex_LEDA_761943,22,677.9615238904953,0.0264832247842331,15.2937355,1,4,15.261333333333331,-26.94
133387,MeerKAT:array_1:20250715T130947Z,ex_ASASSN-V_J161455.85-595337.3,38,677.96155834198,-0.0468549361567201,15.289644,1,4,16.24884666666667,-59.89369
87162,MeerKAT:array_1:20250715T143518Z,Gaia_6272829456981774464,57,615.9901638627052,0.0366690804704766,15.278086,3,1,14.331077754784966,-24.376048364388605
40447,MeerKAT:array_1:20250713T192439Z,Gaia_5820010917527180416,7,575.9937877058983,-0.020371711372487,15.275373,3,2,15.650235482475594,-69.4375157058278
133406,MeerKAT:array_1:20250715T130947Z,ex_ASASSN-V_J160851.42-600531.8,50,677.9615512490273,-0.0081486845489948,15.274002,3,3,16.147615333333334,-60.09218
133638,MeerKAT:array_1:20250715T133052Z,Gaia_6214255728090340992,41,677.9615269303322,-0.006111513411746101,15.268636,1,2,15.239129816158913,-26.858508688979942
96123,MeerKAT:array_1:20250714T160406Z,Gaia_6144639286085319296,6,625.0282352566719,0.040743422744974,15.25576,4,1,12.25633978724629,-44.3938570020555
94437,MeerKAT:array_1:20250713T184021Z,Gaia_6440683620794454784,39,625.0283467173576,0.0264832247842331,15.227277,3,1,19.648266000836074,-63.878844581560664
138068,MeerKAT:array_1:20250723T045553Z,Gaia_4663601658959713536,11,671.9665501117706,0.028520395921481805,15.222884,2,1,5.1324441004616075,-65.44770451619485
99041,MeerKAT:array_1:20250718T015317Z,Gaia_4669839227076906240,57,623.9686737656593,-0.0264832247842331,15.214124,2,1,4.171535733964522,-65.21226480641207
44634,MeerKAT:array_1:20250715T141354Z,Gaia_6210694135048923008,47,575.964246571064,0.014260197960740902,15.205257,3,1,15.197181192868834,-31.45486119022749
185637,MeerKAT:array_1:20250702T183548Z,ex_ASASSN-V_J163608.07-330957.6,43,625.0209781527519,0.0040743422744974,15.197097,3,1,16.602214,-33.16577
135333,MeerKAT:array_1:20250717T054309Z,Gaia_4669818439435145216,44,673.1439934372902,0.06722664752920711,15.192792,1,1,4.165123921944731,-65.42808185404816
134622,MeerKAT:array_1:20250715T143518Z,ex_CRTS_J141833.3-243238,3,677.9615401029587,0.055003620705714906,15.191136,1,4,14.309240733333334,-24.543635
83594,MeerKAT:array_1:20250707T173400Z,Gaia_6144647468001000832,43,611.9930722117424,0.040743422744974,15.190626,4,1,12.27114860507026,-44.254954368983405
58728,MeerKAT:array_1:20250715T133052Z,Gaia_6214260091777145984,45,587.129423558712,0.05092927843121751,15.173101,4,1,15.232509270022598,-26.787586347562005
53644,MeerKAT:array_1:20250702T185632Z,ex_ASASSN-V_J174444.36-161756.4,59,587.9941304922104,-0.0468549361567201,15.162727,4,1,17.745655333333332,-16.299
186662,MeerKAT:array_1:20250713T145219Z,Gaia_6441840616264013056,42,625.0280842781067,-0.0040743422744974,15.152606,1,3,19.69064750423485,-63.19333179876508
242242,MeerKAT:array_1:20250715T143518Z,ex_CRTS_J142054.6-244720,5,677.9615502357483,-0.0040743422744974,15.148528,2,3,14.348513,-24.788937
125929,MeerKAT:array_1:20250715T141354Z,ex_LEDA_705243,32,660.8565350174904,0.0468549361567201,15.146038,4,1,15.185333333333334,-31.430556
137779,MeerKAT:array_1:20250723T043540Z,Gaia_4654728363919209216,33,671.8237598538399,0.0162973690979896,15.137968,4,2,4.971358489838596,-70.5294178525099
155320,MeerKAT:array_1:20250715T053823Z,Gaia_4668929587363446528,5,551.3878483176231,0.0040743422744974,15.111045,1,1,4.167158993843997,-66.15682369441573
105522,MeerKAT:array_1:20250715T135202Z,ex_ASASSN-V_J153339.10-330721.1,27,636.2808957099915,-0.059077962980212305,15.0891905,1,1,15.560860000000002,-33.12252
1408,MeerKAT:array_1:20250704T054305Z,Gaia_6441472172494571264,15,551.999394595623,-0.012223026823492201,15.0814,3,1,19.594985411343522,-63.44894451938997
87082,MeerKAT:array_1:20250715T143518Z,ex_LEDA_790719,13,615.9901638627052,0.0366690804704766,15.065413,3,1,14.328142666666668,-24.366645
133590,MeerKAT:array_1:20250715T133052Z,ex_ASASSN-V_J151621.88-264940.6,9,677.9615340232849,-0.0713009898037045,15.062831,1,2,15.272743333333333,-26.82794
133588,MeerKAT:array_1:20250715T133052Z,ex_CRTS_J151358.5-264237,8,677.9615299701691,-0.028520395921481805,15.053048,4,2,15.232940066666666,-26.710345
24017,MeerKAT:array_1:20250715T130947Z,ex_ASASSN-V_J160920.92-603249.5,55,559.2503418326378,0.0101858556862435,15.051754,3,2,16.155827333333335,-60.547129999999996
40530,MeerKAT:array_1:20250713T192439Z,Gaia_5820191344828729984,38,575.9937856793404,-0.012223026823492201,15.049473,1,2,15.519207244213806,-68.96275386151535
139239,MeerKAT:array_1:20250731T221802Z,Gaia_4669055962481346816,1,675.0237789154053,-0.030557567058730504,15.038372,4,1,4.211753240265709,-65.74439705641561
133650,MeerKAT:array_1:20250715T133052Z,Gaia_6214377842600673024,48,677.9615299701691,-0.024446053646984402,15.03799,3,2,15.282533320416032,-26.313306134676974
40439,MeerKAT:array_1:20250713T192439Z,Gaia_5820020851804096640,4,575.9937877058983,-0.020371711372487,15.037346,3,2,15.693507264896876,-69.19960036087583
59438,MeerKAT:array_1:20250715T141354Z,ex_ATO_J228.3894-30.8299,6,587.1293678283691,0.0427805938822227,15.035565,3,2,15.225964866666668,-30.829888
184512,MeerKAT:array_1:20250715T143518Z,ex_LEDA_789637,15,615.9901638627052,0.0040743422744974,15.00903,3,1,14.333972199999998,-24.470556
133752,MeerKAT:array_1:20250715T135202Z,ex_CRTS_J153330.1-324437,8,673.1444990634918,-0.0835240166271967,15.000575,1,1,15.5583856,-32.743104
133574,MeerKAT:array_1:20250715T133052Z,J1516_4-2640,0,677.9615299701691,-0.0264832247842331,14.992801,4,2,15.270999999999999,-26.699
134720,MeerKAT:array_1:20250715T143518Z,Gaia_6272612720048519296,63,677.9615492224693,0.006111513411746101,14.988753,4,3,14.373972710596426,-24.688785172696818
105013,MeerKAT:array_1:20250715T124827Z,ex_IC_4218,3,633.7495455145836,-0.024446053646984402,14.977386,3,1,13.284281866666666,-2.261308
134692,MeerKAT:array_1:20250715T143518Z,Gaia_6272819668752560768,46,677.9615421295166,0.044817765019471406,14.975431,3,4,14.353590501517571,-24.42556608998318
89450,MeerKAT:array_1:20250723T030515Z,ex_BSDL_2813,3,615.67118871212,0.0264832247842331,14.972034,3,1,5.687058333333334,-70.276639
133600,MeerKAT:array_1:20250715T133052Z,ex_ASASSN-V_J151705.74-262026.7,17,677.9615188241005,0.038706251607725305,14.969549,3,4,15.284928000000003,-26.34075
105917,MeerKAT:array_1:20250715T141354Z,Gaia_6210627958192734976,61,636.2808176875114,0.022408882509735703,14.959495,2,1,15.215066299639737,-31.72900773620107
1433,MeerKAT:array_1:20250704T054305Z,Gaia_6441084976897929344,40,551.999394595623,-0.012223026823492201,14.942328,3,1,19.687254590723445,-63.44482540222613
182710,MeerKAT:array_1:20250710T060816Z,Gaia_5599207305983174784,12,607.1924280524254,0.0040743422744974,14.928925,2,1,7.590481221722233,-30.589835698953372
80221,MeerKAT:array_1:20250715T135202Z,Gaia_6014445465704029440,57,611.7051733136177,0.06722664752920711,14.920841,2,1,15.567377533650458,-33.73972114701615
24025,MeerKAT:array_1:20250715T130947Z,ex_ASASSN-V_J161116.12-604453.7,63,559.2503408193588,0.0835240166271967,14.915536,2,2,16.18782,-60.74814
134100,MeerKAT:array_1:20250715T135202Z,ex_LEDA_679077,47,678.3023352026939,0.0081486845489948,14.896964,2,2,15.593777799999998,-33.234722
111583,MeerKAT:array_1:20250704T054305Z,Gaia_6441467778743186048,11,647.2235252261162,-0.012223026823492201,14.866508,1,1,19.601384808369808,-63.53672867649664
94444,MeerKAT:array_1:20250713T184021Z,Gaia_6441470664961445632,57,625.0283467173576,0.0325947381959792,14.85328,2,1,19.609381558181852,-63.42874770622152
29903,MeerKAT:array_1:20250705T192701Z,ex_GALEX_J191616.3-314323,17,563.9721113443375,-0.014260197960740902,14.83979,4,1,19.271196933333332,-31.723143000000004
126140,MeerKAT:array_1:20250717T054309Z,Gaia_4669683302584135808,11,660.856153011322,-0.07741250321545061,14.823342,3,1,4.12382272139657,-66.1127369871753
133390,MeerKAT:array_1:20250715T130947Z,ex_V0498_Nor,40,677.9615542888641,-0.014260197960740902,14.82174,4,3,16.120763866666667,-60.125361
133388,MeerKAT:array_1:20250715T130947Z,ex_ASASSN-V_J160714.74-600731.2,39,677.9615542888641,-0.014260197960740902,14.812064,4,3,16.120761333333334,-60.12532999999999
133610,MeerKAT:array_1:20250715T133052Z,ex_LEDA_766727,24,677.9615238904953,0.0101858556862435,14.80932,1,4,15.31033333333333,-26.543611000000002
136001,MeerKAT:array_1:20250719T053812Z,Gaia_4669823181079076992,63,673.8900910019875,0.0162973690979896,14.802414,1,1,4.1893923223896685,-65.28954931382683
133333,MeerKAT:array_1:20250715T130947Z,J1611_6-6013,0,677.9615553021431,-0.06722664752920711,14.801055,3,4,16.186066666666665,-60.174
134700,MeerKAT:array_1:20250715T143518Z,Gaia_6272523139914195584,51,677.9615461826324,0.0325947381959792,14.799118,1,3,14.352185414632133,-24.80812317138757
134068,MeerKAT:array_1:20250715T135202Z,ex_ASASSN-V_J153513.42-332316.8,32,677.9615512490273,-0.0162973690979896,14.795295,3,3,15.587060000000003,-33.388
31813,MeerKAT:array_1:20250715T124827Z,ex_2MASX_J13155881-0223450,4,562.5536515116692,0.081486845489948,14.794958,4,2,13.266342066666665,-2.3959090000000005
168007,MeerKAT:array_1:20250713T184021Z,Gaia_6440698017524871552,5,575.9920631051064,0.0020371711372487,14.792331,1,3,19.62551497208505,-63.80965197000701
133579,MeerKAT:array_1:20250715T133052Z,ex_CRTS_J151615.6-261959,3,677.9615279436111,-0.014260197960740902,14.786463,3,2,15.271034333333333,-26.332653
11162,MeerKAT:array_1:20250715T141354Z,ex_ASASSN-V_J151356.05-305606.0,28,550.2658060193062,-0.05704079184296361,14.781875,2,2,15.232199333333334,-30.935089999999995
138078,MeerKAT:array_1:20250723T045553Z,Gaia_4662252111512209152,21,671.9665501117706,0.028520395921481805,14.768534,2,1,5.0464225143877695,-65.84209088495196
21079,MeerKAT:array_1:20250704T054305Z,Gaia_6440693001003063552,61,560.3366974592209,0.040743422744974,14.763604,4,3,19.623139002456618,-63.967831800932615
242228,MeerKAT:array_1:20250715T135202Z,ex_LEDA_679077,47,677.9615532755852,0.0040743422744974,14.757319,4,3,15.593777799999998,-33.234722
111348,MeerKAT:array_1:20250702T181451Z,ex_Gaia_DR2_5820229587198187392,19,653.249530673027,0.0325947381959792,14.752822,3,3,15.636393199999997,-68.780748
134654,MeerKAT:array_1:20250715T143518Z,ex_LEDA_787957,24,677.9615492224693,0.014260197960740902,14.749986,2,3,14.374638866666666,-24.621667000000002
133392,MeerKAT:array_1:20250715T130947Z,ex_ASASSN-V_J160718.58-601229.2,41,677.9615553021431,-0.06722664752920711,14.74992,3,4,16.12182333333333,-60.2081
71568,MeerKAT:array_1:20250715T124827Z,ex_2MASX_J13164575-0154497,59,602.1161862015724,0.06722664752920711,14.745261,1,3,13.279373933333332,-1.913724
105092,MeerKAT:array_1:20250715T124827Z,ex_[VV2006]_J131810.9-021500,32,636.2808501124382,-0.0733381609409532,14.738843,4,2,13.303021866666667,-2.250005
124027,MeerKAT:array_1:20250702T175345Z,ex_CRTS_J140802.1-372540,16,658.6234637498856,0.05092927843121751,14.737458,3,1,14.133934,-37.427607
86130,MeerKAT:array_1:20250715T133052Z,Gaia_6214192196934384768,61,615.990301668644,-0.05092927843121751,14.731754,3,1,15.261040008224382,-27.014013495875968
134672,MeerKAT:array_1:20250715T143518Z,Gaia_6272881516281594496,34,677.9615542888641,-0.0101858556862435,14.728408,1,3,14.323798868596722,-24.24768183339316
85897,MeerKAT:array_1:20250715T130947Z,ex_Gaia_DR3_5834428268044352512,25,619.319539129734,0.006111513411746101,14.716195,1,2,16.193885,-60.026487
134074,MeerKAT:array_1:20250715T135202Z,ex_ASASSN-V_J153631.88-332216.1,35,677.9615532755852,-0.048892107293968805,14.706148,4,3,15.608855999999998,-33.37114
133411,MeerKAT:array_1:20250715T130947Z,ex_ASASSN-V_J160919.52-603038.9,54,677.9615563154221,-0.0753753320782019,14.704887,2,4,16.155432,-60.510729999999995
81950,MeerKAT:array_1:20250704T054305Z,Gaia_6440693001003063552,61,619.319512784481,-0.040743422744974,14.698573,4,2,19.623139002456618,-63.967831800932615
183202,MeerKAT:array_1:20250716T012443Z,Gaia_4669816927606651136,59,611.9847450852394,-0.0020371711372487,14.695304,3,1,4.156805630088537,-65.46753491969416
166517,MeerKAT:array_1:20250731T221802Z,Gaia_4669791123443401728,4,563.9712470173836,-0.0040743422744974,14.687827,2,1,4.093575624699054,-65.28013503311837
134705,MeerKAT:array_1:20250715T143518Z,Gaia_6272732017060242432,54,677.9615431427956,0.05092927843121751,14.671235,1,4,14.323410089944334,-24.56146550159252
133417,MeerKAT:array_1:20250715T130947Z,ex_ASASSN-V_J160945.20-601435.4,58,677.9615998864174,-0.0468549361567201,14.665599,1,1,16.162577333333335,-60.24317
105074,MeerKAT:array_1:20250715T124827Z,ex_[VV2006]_J131618.7-022454,13,636.2808460593224,-0.05092927843121751,14.661668,2,2,13.271848533333333,-2.415161
98752,MeerKAT:array_1:20250716T022312Z,Gaia_4669712096045013120,45,625.0286577939987,0.0264832247842331,14.65453,2,1,4.142776096359649,-65.80822437625409
94445,MeerKAT:array_1:20250713T184021Z,Gaia_6441009660351335936,59,625.0283477306366,0.0183345402352383,14.62547,1,1,19.708059422358144,-63.9734122109011
117835,MeerKAT:array_1:20250715T135202Z,ex_CRTS_J153507.0-324508,16,650.6376207470894,0.0183345402352383,14.622746,3,1,15.585242733333335,-32.752163
143800,MeerKAT:array_1:20240926T000251Z,Gaia_2776189726817516928,27,552.0094047784805,-0.024446053646984402,14.6200905,4,1,0.7016658210468745,12.751824881507849
105899,MeerKAT:array_1:20250715T141354Z,Gaia_6210932179318259456,50,636.2808187007904,0.0183345402352383,14.617904,2,1,15.223125043485789,-30.707692191371486
94417,MeerKAT:array_1:20250713T184021Z,Gaia_6441475681482976768,1,625.0283467173576,0.0325947381959792,14.612193,2,1,19.624691527509768,-63.44044286720454
31861,MeerKAT:array_1:20250715T124827Z,ex_LBQS_1313-0153,41,562.5536738038063,-0.0427805938822227,14.600052,3,2,13.273436933333333,-2.162518
24024,MeerKAT:array_1:20250715T130947Z,ex_ASASSN-V_J161102.00-601501.6,62,559.2503499388695,-0.0651894763919584,14.593987,1,2,16.183874,-60.25052
102012,MeerKAT:array_1:20250723T045553Z,Gaia_4663583280833070208,18,625.0210734009743,-0.012223026823492201,14.592533,3,2,5.17521766270906,-65.64390796656431
134137,MeerKAT:array_1:20250715T135202Z,Gaia_6014524493102627456,62,677.9615532755852,-0.040743422744974,14.592342,1,3,15.570048095597015,-33.37488118617159
108659,MeerKAT:array_1:20250715T135202Z,ex_LEDA_684427,44,643.2649564146996,0.0183345402352383,14.57343,1,1,15.580027800000002,-32.885556
242246,MeerKAT:array_1:20250715T143518Z,ex_LEDA_787004,16,677.9615492224693,-0.0020371711372487,14.564558,4,3,14.336888866666667,-24.703889000000004
135971,MeerKAT:array_1:20250719T053812Z,Gaia_4669749754318241408,24,673.8900991082191,-0.020371711372487,14.554006,2,1,4.082117564918683,-65.79412706794132
44594,MeerKAT:array_1:20250715T141354Z,ex_ASASSN-V_J151311.91-311358.5,27,575.964246571064,0.014260197960740902,14.550576,3,1,15.219974666666667,-31.23292
134022,MeerKAT:array_1:20250715T135202Z,ex_Gaia_DR2_6014481607850620928,14,677.9615553021431,-0.0651894763919584,14.537041,3,4,15.590624466666664,-33.329519
88058,MeerKAT:array_1:20250722T002453Z,J1939-6342,0,613.1959680914879,0.040743422744974,14.535479,3,3,19.65695277777778,-63.71266666666667
120033,MeerKAT:array_1:20250720T024534Z,Gaia_4669786106921584640,33,650.022145986557,-0.0713009898037045,14.522387,3,1,4.1003704382035036,-65.35806792118306
28987,MeerKAT:array_1:20250702T175345Z,Gaia_6117413355261037056,57,563.973218858242,-0.040743422744974,14.518797,1,1,14.12472858164317,-38.33010257106039
133627,MeerKAT:array_1:20250715T133052Z,Gaia_6214291152980534656,34,677.961531996727,-0.0427805938822227,14.518182,1,2,15.284299115076648,-26.845133968902072
133422,MeerKAT:array_1:20250715T130947Z,ex_ASASSN-V_J161102.00-601501.6,62,677.9615563154221,-0.0753753320782019,14.510848,2,4,16.183874,-60.25052
91303,MeerKAT:array_1:20250702T183548Z,ex_ASASSN-V_J163521.78-330538.7,5,625.0209811925888,-0.0101858556862435,14.49662,2,1,16.589384666666668,-33.09407
134694,MeerKAT:array_1:20250715T143518Z,Gaia_6272835680390688000,47,677.9615411162376,0.05092927843121751,14.481078,1,4,14.33304638287884,-24.217668135602022
242613,MeerKAT:array_1:20250719T053812Z,Gaia_4669681893834902144,6,673.8900950551033,-0.0040743422744974,14.469223,2,1,4.14521235405552,-66.04819269464353
103678,MeerKAT:array_1:20250704T054305Z,Gaia_6441067487791042048,57,633.749483704567,0.030557567058730504,14.457343,2,3,19.690574612077228,-63.644972320459345
134651,MeerKAT:array_1:20250715T143518Z,ex_LEDA_795136,22,677.9615390896797,0.0651894763919584,14.455855,1,4,14.3607778,-23.958611
43360,MeerKAT:array_1:20250715T130947Z,ex_ASASSN-V_J160824.98-603558.0,47,576.0398888587952,0.0631523052547097,14.431583,1,1,16.140268666666667,-60.59942000000001
134645,MeerKAT:array_1:20250715T143518Z,ex_LEDA_786162,19,677.9615421295166,0.034631909333227906,14.426833,1,4,14.349416666666666,-24.782778
8980,MeerKAT:array_1:20250715T124827Z,ex_2dFGRS_TGN195Z268,46,550.2658060193062,0.081486845489948,14.42606,1,2,13.273486333333334,-2.090375
31559,MeerKAT:array_1:20250714T160406Z,Gaia_6144686638102792704,63,563.9808762073517,0.028520395921481805,14.425957,1,1,12.242768654053142,-44.031520242254466
133999,MeerKAT:array_1:20250715T135202Z,ex_CRTS_J153537.6-331607,4,677.9615411162376,0.0651894763919584,14.423955,1,4,15.593765066666666,-33.268809
242230,MeerKAT:array_1:20250715T135202Z,Gaia_6014445465704029440,57,678.3023544549942,0.0040743422744974,14.423358,2,2,15.567377533650458,-33.73972114701615
96837,MeerKAT:array_1:20250715T124827Z,ex_[VV2006]_J131801.0-022404,30,626.6923270821571,0.028520395921481805,14.420923,2,2,13.3002774,-2.401407
86118,MeerKAT:array_1:20250715T133052Z,Gaia_6214375334339748480,54,615.990301668644,-0.048892107293968805,14.415575,3,1,15.27213104001101,-26.426649771096358
83544,MeerKAT:array_1:20250707T173400Z,Gaia_6144522226754752256,13,611.9930722117424,0.040743422744974,14.411533,4,1,12.188970270086914,-44.02802096915968
133014,MeerKAT:array_1:20250715T124827Z,ex_[VV2006]_J131540.1-020548,7,673.1444271206856,0.081486845489948,14.400661,2,2,13.261124800000001,-2.096662
176706,MeerKAT:array_1:20250718T015317Z,Gaia_4669742882370510848,11,587.9772624373436,-0.0020371711372487,14.400469,4,1,4.06688588334889,-65.90433843027083
8944,MeerKAT:array_1:20250715T124827Z,ex_[VV2006]_J131539.5-014850,6,550.2658171653748,-0.0651894763919584,14.399105,2,2,13.2609708,-1.813749
8986,MeerKAT:array_1:20250715T124827Z,ex_PGC1089638,56,550.265810072422,0.0651894763919584,14.39814,2,2,13.276388866666668,-2.524444
188658,MeerKAT:array_1:20250710T060816Z,Gaia_5599208371134956160,37,633.7494695186615,0.0040743422744974,14.395675,2,2,7.5980382283232295,-30.5556676060561
48177,MeerKAT:array_1:20250722T002453Z,Gaia_6440625174879361536,35,576.0405778884888,0.0162973690979896,14.391419,4,1,19.660799473622262,-64.20093327715377
79573,MeerKAT:array_1:20250710T060816Z,Gaia_5598524474904569856,19,607.1924280524254,0.006111513411746101,14.389586,2,1,7.668467506772621,-30.384123817896565
34453,MeerKAT:array_1:20250723T043540Z,Gaia_4654693420063405824,16,563.9807941317558,0.0081486845489948,14.382379,3,1,4.944579464080934,-70.94261687003055
105117,MeerKAT:array_1:20250715T124827Z,ex_2MASX_J13170753-0134111,62,636.2808460593224,-0.055003620705714906,14.362264,1,2,13.285425866666666,-1.569629
137767,MeerKAT:array_1:20250723T043540Z,Gaia_4654745230238445952,21,671.8237598538399,0.0162973690979896,14.36207,4,2,4.9309274269601024,-70.41426656273354
53606,MeerKAT:array_1:20250702T185632Z,ex_ASASSN-V_J174406.19-160011.8,42,587.9941304922104,-0.0468549361567201,14.354669,4,1,17.735053999999998,-16.003279999999997
183470,MeerKAT:array_1:20250704T054305Z,Gaia_6440680459698547200,55,619.3195077180862,0.0040743422744974,14.353224,2,2,19.630562217719838,-64.01602425040166
11156,MeerKAT:array_1:20250715T141354Z,ex_GALEX_J151332.7-305703,14,550.265785753727,0.030557567058730504,14.352033,3,1,15.225766333333333,-30.951057000000002
44608,MeerKAT:array_1:20250715T141354Z,ex_LEDA_706855,34,575.964246571064,0.014260197960740902,14.340107,3,1,15.190688666666667,-31.296033999999995
24010,MeerKAT:array_1:20250715T130947Z,ex_ASASSN-V_J160746.95-595421.6,44,559.2503418326378,0.0366690804704766,14.3257675,1,2,16.129725333333337,-59.90603
23995,MeerKAT:array_1:20250715T130947Z,ex_Gaia_DR2_5834444485845954304,24,559.2503408193588,0.0753753320782019,14.307607,2,2,16.168313599999998,-59.902406
86075,MeerKAT:array_1:20250715T133052Z,Gaia_6214189379435398016,28,615.990301668644,-0.05092927843121751,14.296442,3,1,15.249845905700175,-27.145800199081272
129262,MeerKAT:array_1:20250702T183548Z,ex_ASASSN-V_J163526.89-325404.1,35,679.2496983408928,-0.034631909333227906,14.289438,2,1,16.590803333333334,-32.90114
83582,MeerKAT:array_1:20250707T173400Z,Gaia_6144661418054835840,37,611.9930722117424,0.040743422744974,14.282021,4,1,12.27158434411346,-44.13475679399046
134101,MeerKAT:array_1:20250715T135202Z,ex_2MASX_J15353845-3314022,48,678.3023352026939,0.0081486845489948,14.279846,2,2,15.594012333333334,-33.233968
115220,MeerKAT:array_1:20250713T200741Z,Gaia_4124141160933323904,46,650.0221804380417,0.034631909333227906,14.249775,4,1,17.716071025916882,-16.199492141726704
21029,MeerKAT:array_1:20250704T054305Z,Gaia_6440706603162467200,6,560.3366974592209,0.0427805938822227,14.243881,4,3,19.65195037229325,-63.65917272909129
128805,MeerKAT:array_1:20250723T045553Z,Gaia_4662261186814894720,63,667.1092089414597,-0.022408882509735703,14.23843,4,2,5.0497004269944465,-65.63567178761589
55449,MeerKAT:array_1:20250707T173400Z,Gaia_6144246558574357120,18,587.9802353978157,0.0081486845489948,14.225038,4,2,12.196695610938525,-44.64299029206902
134674,MeerKAT:array_1:20250715T143518Z,Gaia_6272622272055815424,35,677.9615492224693,0.006111513411746101,14.2203865,4,3,14.354023497922185,-24.60667427460052
143878,MeerKAT:array_1:20240926T000251Z,Gaia_2775929314360214400,51,552.0094047784805,-0.024446053646984402,14.21006,4,1,0.72948769148182,12.297776891110974
145989,MeerKAT:array_1:20240926T000251Z,Gaia_2776029919674174336,31,599.9511262178421,-0.034631909333227906,14.200437,1,1,0.7410746824377147,12.843026778493208
43304,MeerKAT:array_1:20250715T130947Z,ex_1RXS_J161408.3-600823,6,575.9805218577385,-0.0427805938822227,14.1748,3,2,16.235638866666665,-60.139722
133402,MeerKAT:array_1:20250715T130947Z,ex_ASASSN-V_J160824.98-603558.0,47,677.9615623950958,-0.07944967435269931,14.166418,1,4,16.140268666666667,-60.59942000000001
80429,MeerKAT:array_1:20250715T141354Z,ex_ESO_448-15,31,608.244835793972,0.0366690804704766,14.159915,3,1,15.1838746,-31.259496000000002
8991,MeerKAT:array_1:20250715T124827Z,ex_2dFGRS_TGN261Z260,61,550.265810072422,0.0651894763919584,14.158922,2,2,13.2842778,-1.9183330000000003
10249,MeerKAT:array_1:20250715T135202Z,ex_Gaia_DR2_6014515417835108352,12,550.2658495903015,-0.028520395921481805,14.139944,4,1,15.5393338,-33.354266
135992,MeerKAT:array_1:20250719T053812Z,Gaia_4669069702079971072,53,673.8900980949402,-0.0162973690979896,14.136085,2,1,4.219994430283125,-65.46693849175776
55505,MeerKAT:array_1:20250707T173400Z,Gaia_6144629566577185408,47,587.9802353978157,0.0081486845489948,14.130746,4,2,12.225323877618727,-44.47692806803112
133404,MeerKAT:array_1:20250715T130947Z,ex_ASASSN-V_J160833.42-603822.4,49,677.9615461826324,0.05704079184296361,14.128158,1,3,16.142602,-60.639610000000005
31868,MeerKAT:array_1:20250715T124827Z,ex_2dFGRS_TGN261Z273,45,562.5536738038063,-0.0427805938822227,14.109547,3,2,13.271543466666666,-2.183139
35622,MeerKAT:array_1:20250702T181451Z,ex_ASASSN-V_J153955.17-690812.3,28,575.9725818037987,-0.0651894763919584,14.092504,3,1,15.665325333333334,-69.13675
10267,MeerKAT:array_1:20250715T135202Z,Gaia_6014524493102627456,62,550.2658658027649,-0.05092927843121751,14.085668,4,1,15.570048095597015,-33.37488118617159
29958,MeerKAT:array_1:20250705T192701Z,ex_ASASSN-V_J191443.04-320007.6,34,563.9721113443375,-0.014260197960740902,14.079178,4,1,19.245288000000002,-32.00211
133396,MeerKAT:array_1:20250715T130947Z,ex_ASASSN-V_J160742.23-602449.4,43,677.9615532755852,-0.0468549361567201,14.0783,1,3,16.128398,-60.41372
100327,MeerKAT:array_1:20250723T012407Z,Gaia_4655302309036857472,14,625.0211301445961,-0.059077962980212305,14.062867,4,1,4.966537807714296,-69.06008903783255
34516,MeerKAT:array_1:20250723T043540Z,Gaia_4655036983096082816,45,563.9807941317558,0.0081486845489948,14.057559,3,1,5.062160289791199,-70.68915322212378
134668,MeerKAT:array_1:20250715T143518Z,Gaia_6272636015951231232,32,677.9615421295166,0.0427805938822227,14.054854,2,4,14.388520787556802,-24.5311680493924
134716,MeerKAT:array_1:20250715T143518Z,Gaia_6272839352587037568,61,677.9615482091904,0.0081486845489948,14.050437,3,3,14.351433088131042,-24.17378898321635
8945,MeerKAT:array_1:20250715T124827Z,ex_[VV2006]_J131540.1-020548,7,550.2658171653748,0.0366690804704766,14.045962,2,2,13.261124800000001,-2.096662
86122,MeerKAT:array_1:20250715T133052Z,Gaia_6226379493056862464,56,615.9903087615967,-0.07741250321545061,14.043913,1,1,15.250760794389894,-26.273828297124286
118446,MeerKAT:array_1:20250715T141354Z,Gaia_6210736672405383936,42,654.3239914178848,0.0325947381959792,14.041613,3,1,15.234011848307071,-31.00749190691439
81986,MeerKAT:array_1:20250705T060310Z,Gaia_6440615829030514432,38,613.1961626410484,-0.0733381609409532,14.030803,1,4,19.692302320001886,-64.20693930842457
122541,MeerKAT:array_1:20250723T045553Z,Gaia_4663762226323893120,28,650.0219159722328,0.006111513411746101,14.011679,1,1,5.083597068564491,-65.52392140616936
134683,MeerKAT:array_1:20250715T143518Z,Gaia_6272513725346571648,41,677.9615471959114,0.0162973690979896,14.011619,2,3,14.337813695200788,-25.03344973011132
11164,MeerKAT:array_1:20250715T141354Z,ex_LEDA_705243,32,550.265785753727,0.030557567058730504,14.009384,3,1,15.185333333333334,-31.430556
147421,MeerKAT:array_1:20240925T231814Z,Gaia_2776203676871338880,30,663.2499516010284,0.014260197960740902,13.997623,1,1,0.7183302948928308,12.99568825061552
103680,MeerKAT:array_1:20250704T054305Z,Gaia_6441459944722781952,59,633.7495029568672,-0.048892107293968805,13.987737,1,4,19.645276948831054,-63.49177115396803
143901,MeerKAT:array_1:20240926T000251Z,Gaia_2776010059745395328,58,552.0094047784805,-0.024446053646984402,13.987736,4,1,0.7260478007302554,12.852082822444087
58988,MeerKAT:array_1:20250715T135202Z,ex_CRTS_J153330.1-324437,8,587.1294539570808,-0.038706251607725305,13.98042,3,1,15.5583856,-32.743104
86096,MeerKAT:array_1:20250715T133052Z,Gaia_6214290568864977152,40,615.9903067350388,-0.0733381609409532,13.976272,3,1,15.279629429708779,-26.887575927249337
96842,MeerKAT:array_1:20250715T124827Z,ex_2MASX_J13170753-0134111,62,626.6503540277481,0.05092927843121751,13.973567,3,1,13.285425866666666,-1.569629
190275,MeerKAT:array_1:20250715T141354Z,ex_i_Lup,1,643.9959287643433,0.0020371711372487,13.972552,4,1,15.243699933333334,-31.519124
34996,MeerKAT:array_1:20250729T031818Z,Gaia_4669747108618328448,19,563.9719796180725,-0.006111513411746101,13.964961,1,1,4.047823418564245,-65.84832096634969
111339,MeerKAT:array_1:20250702T181451Z,ex_ASASSN-V_J154010.46-690525.5,7,653.2495357394218,0.014260197960740902,13.959789,1,1,15.669571999999999,-69.09041
143729,MeerKAT:array_1:20240926T000251Z,Gaia_2776267719128173568,5,552.0094047784805,-0.024446053646984402,13.958993,4,1,0.6932938971942826,13.170413489509091
86104,MeerKAT:array_1:20250715T133052Z,Gaia_6226381348483140864,44,615.9903057217598,-0.07944967435269931,13.947137,2,1,15.241540950766593,-26.274121234870925
92693,MeerKAT:array_1:20250705T190623Z,ex_ASASSN-V_J182843.25-115402.6,25,623.9691631793976,-0.0081486845489948,13.942018,1,2,18.478679333333336,-11.90073
134676,MeerKAT:array_1:20250715T143518Z,Gaia_6272828258687397248,36,677.9615482091904,0.0081486845489948,13.938469,3,3,14.331447958570408,-24.435523892585916
86082,MeerKAT:array_1:20250715T133052Z,Gaia_6214384886347032704,32,615.9903057217598,-0.06926381866645581,13.930474,3,1,15.29437181558255,-26.25336504979793
21073,MeerKAT:array_1:20250704T054305Z,Gaia_6440680459698547200,55,560.3366974592209,0.0427805938822227,13.929928,4,3,19.630562217719838,-64.01602425040166
34462,MeerKAT:array_1:20250723T043540Z,Gaia_4654720358100675712,20,563.9807941317558,0.0081486845489948,13.919765,3,1,4.955344109999394,-70.70398518020042
48087,MeerKAT:array_1:20250722T002453Z,Gaia_6440703579505476736,5,576.0405789017677,0.012223026823492201,13.918904,1,1,19.653416606162637,-63.687436242928456
109018,MeerKAT:array_1:20250715T141354Z,ex_ESO_448-15,31,643.2649949193001,0.028520395921481805,13.9090605,1,1,15.1838746,-31.259496000000002
190317,MeerKAT:array_1:20250715T141354Z,Gaia_6210947675560012160,49,643.9959287643433,0.0020371711372487,13.8801365,4,1,15.211111614510838,-30.672567365787614
86102,MeerKAT:array_1:20250715T133052Z,Gaia_6226378599703660800,43,615.9903077483177,-0.0753753320782019,13.879091,3,1,15.250350436940975,-26.304398506848777
133355,MeerKAT:array_1:20250715T130947Z,ex_AI_TrA,14,677.9615542888641,0.030557567058730504,13.876088,1,3,16.180311399999997,-60.54097699999999
155395,MeerKAT:array_1:20250715T053823Z,Gaia_4669051255197217920,30,551.3878503441811,-0.0040743422744974,13.875869,1,1,4.232316459017462,-65.68784219285163
55427,MeerKAT:array_1:20250707T173400Z,Gaia_6143857297097954048,6,587.9802353978157,0.0081486845489948,13.843149,4,2,12.235176506173413,-44.75293310770806
86055,MeerKAT:array_1:20250715T133052Z,ex_AI_Lib,16,615.9903077483177,-0.07741250321545061,13.841928,3,1,15.272127399999999,-27.256308
185633,MeerKAT:array_1:20250702T183548Z,ex_ASASSN-V_J163403.78-330423.5,21,625.0209781527519,0.0040743422744974,13.839016,3,1,16.567717333333334,-33.07319
126141,MeerKAT:array_1:20250717T054309Z,Gaia_4669814384986013056,52,660.856153011322,-0.07741250321545061,13.83118,3,1,4.177349421877265,-65.48568065736914
242229,MeerKAT:array_1:20250715T135202Z,ex_2MASX_J15353845-3314022,48,677.9615532755852,0.0040743422744974,13.816256,4,3,15.594012333333334,-33.233968
176753,MeerKAT:array_1:20250718T015317Z,Gaia_4669750888189606656,59,587.9772624373436,-0.0020371711372487,13.812977,4,1,4.071857447693635,-65.73866772546882
96632,MeerKAT:array_1:20250715T124827Z,ex_2dFGRS_TGN261Z265,60,621.3171669244766,-0.0835240166271967,13.772533,2,1,13.280294999999999,-1.932992
111336,MeerKAT:array_1:20250702T181451Z,J1536-6855T2,0,653.2495519518852,-0.044817765019471406,13.768588,1,2,15.611522222222224,-68.93441666666668
105886,MeerKAT:array_1:20250715T141354Z,Gaia_6210724234180034944,40,636.2808369398117,-0.0631523052547097,13.76838,1,1,15.242840833341257,-31.03800454084551
43347,MeerKAT:array_1:20250715T130947Z,ex_ASASSN-V_J161422.08-594537.8,37,575.9805198311806,-0.034631909333227906,13.76472,1,2,16.23946733333333,-59.76050999999999
233339,MeerKAT:array_1:20250723T045553Z,LMCTIMING3g,0,650.0219159722328,-0.0040743422744974,13.761072,3,1,5.087716666666667,-65.51222222222222
117339,MeerKAT:array_1:20250715T133052Z,ex_AI_Lib,16,648.8109239935875,0.059077962980212305,13.759617,1,2,15.272127399999999,-27.256308
35649,MeerKAT:array_1:20250702T181451Z,ex_ASASSN-V_J153246.09-690154.9,37,575.9725818037987,-0.06722664752920711,13.756576,3,1,15.546136666666667,-69.03192
134656,MeerKAT:array_1:20250715T143518Z,ex_LEDA_787218,25,677.96155834198,-0.034631909333227906,13.751677,1,4,14.3819722,-24.686389000000002
134660,MeerKAT:array_1:20250715T143518Z,Gaia_6272619763794900608,27,677.9615411162376,0.055003620705714906,13.740989,1,4,14.360737730592293,-24.65077063255121
43299,MeerKAT:array_1:20250715T130947Z,ex_4FGL_J1611.6-6013,2,575.9805178046227,-0.0264832247842331,13.7381,2,2,16.194166666666668,-60.227222000000005
80195,MeerKAT:array_1:20250715T135202Z,ex_ASASSN-V_J153642.66-332458.7,36,611.7051621675491,-0.0264832247842331,13.728823,2,2,15.611851333333334,-33.4163
242256,MeerKAT:array_1:20250715T143518Z,Gaia_6272816645095587200,58,677.9615492224693,-0.0020371711372487,13.709699,4,3,14.337668074704467,-24.443260171561274
43376,MeerKAT:array_1:20250715T130947Z,ex_ASASSN-V_J161016.48-601227.6,60,575.9805167913437,-0.014260197960740902,13.704204,1,2,16.171257999999998,-60.207730000000005
118940,MeerKAT:array_1:20250716T012443Z,Gaia_4669812357761441792,40,650.0031328201294,0.05704079184296361,13.689645,1,1,4.176019349042368,-65.56923353654236
134010,MeerKAT:array_1:20250715T135202Z,ex_CRTS_J153458.5-331931,9,677.9615542888641,-0.05704079184296361,13.685819,1,3,15.582876666666667,-33.325627
117055,MeerKAT:array_1:20250715T130947Z,ex_ASASSN-V_J160737.22-595206.7,42,648.8109432458878,0.0183345402352383,13.671285,3,2,16.12704,-59.86858
86045,MeerKAT:array_1:20250715T133052Z,ex_GALEX_J151820.4-263254,11,615.9903057217598,-0.0651894763919584,13.655815,3,1,15.305701066666666,-26.548445
86263,MeerKAT:array_1:20250715T135202Z,ex_CRTS_J153340.5-333253,15,613.1941857337952,-0.0835240166271967,13.65353,1,1,15.5613082,-33.548002
134089,MeerKAT:array_1:20250715T135202Z,ex_LEDA_680986,41,677.9615532755852,0.0081486845489948,13.647515,2,3,15.564833333333333,-33.104722
40456,MeerKAT:array_1:20250713T192439Z,Gaia_5820178459926729216,10,575.9937887191772,-0.024446053646984402,13.64442,1,2,15.531941705758573,-69.02234770958265
30042,MeerKAT:array_1:20250705T192701Z,ex_CRTS_J191803.8-322703,62,563.9721113443375,-0.014260197960740902,13.642854,4,1,19.301075,-32.450917
24012,MeerKAT:array_1:20250715T130947Z,ex_ASASSN-V_J160824.98-603558.0,47,559.2503418326378,0.0081486845489948,13.635262,4,2,16.140268666666667,-60.59942000000001
120061,MeerKAT:array_1:20250720T024534Z,Gaia_4668956624181438848,51,650.022145986557,-0.0713009898037045,13.628374,3,1,4.1620908714967655,-65.97583954409316
133353,MeerKAT:array_1:20250715T130947Z,ex_BY_Nor,13,677.9615401029587,0.038706251607725305,13.621644,1,4,16.173023333333337,-59.710915
134054,MeerKAT:array_1:20250715T135202Z,ex_ASASSN-V_J153331.85-331131.8,26,677.9615532755852,-0.05092927843121751,13.61229,4,3,15.55884666666667,-33.19218
134678,MeerKAT:array_1:20250715T143518Z,Gaia_6272555064407513984,37,677.9615441560745,0.05704079184296361,13.6054945,1,4,14.378995309612405,-24.84452965638791
88205,MeerKAT:array_1:20250723T012407Z,Gaia_4655384252655839488,10,611.9697597026825,-0.040743422744974,13.590377,1,1,4.837835324640187,-69.14347623226813
98788,MeerKAT:array_1:20250716T022312Z,Gaia_4669882451627733632,63,625.0286577939987,0.0162973690979896,13.585611,3,1,4.1069273208517565,-65.21423384022525
89447,MeerKAT:array_1:20250723T030515Z,LMCTIMING3d,0,615.67118871212,0.0264832247842331,13.574324,3,1,5.627488888888889,-69.79616666666666
111351,MeerKAT:array_1:20250702T181451Z,ex_ASASSN-V_J153034.89-685456.8,24,653.2495225667953,0.06111513411746101,13.568458,1,2,15.509692666666664,-68.91577
242250,MeerKAT:array_1:20250715T143518Z,Gaia_6272712913045569664,39,677.9615532755852,-0.0040743422744974,13.554218,3,3,14.319547873811148,-24.7002473765681
81978,MeerKAT:array_1:20250705T060310Z,Gaia_6441062913649971968,30,613.1961616277695,-0.0651894763919584,13.548954,1,4,19.700653243790665,-63.74055961023253
5337,MeerKAT:array_1:20250713T184021Z,Gaia_6440681490490698624,3,548.0335767865181,0.0162973690979896,13.548425,1,4,19.632325771201042,-63.959773480032126
134634,MeerKAT:array_1:20250715T143518Z,ex_LEDA_788944,12,677.9615380764008,0.044817765019471406,13.545272,1,4,14.315138866666667,-24.531944
242249,MeerKAT:array_1:20250715T143518Z,Gaia_6272845266757724032,31,677.9615502357483,-0.0040743422744974,13.5388565,2,3,14.34493017163627,-24.03306521751617
108950,MeerKAT:array_1:20250715T141354Z,Gaia_6210668090367510656,63,639.5786617398262,0.038706251607725305,13.538291,3,1,15.259502562418586,-31.24483151096485
103643,MeerKAT:array_1:20250704T054305Z,Gaia_6441855287872380544,22,633.7494968771935,-0.0183345402352383,13.522577,2,4,19.651699256505612,-63.17569004097798
105111,MeerKAT:array_1:20250715T124827Z,ex_2dFGRS_TGN194Z171,55,636.2808470726013,-0.06926381866645581,13.5026,1,2,13.276163599999999,-2.514847
58687,MeerKAT:array_1:20250715T133052Z,ex_ASASSN-V_J151603.09-271408.4,15,587.129423558712,0.05092927843121751,13.491831,4,1,15.267525333333332,-27.23567
109060,MeerKAT:array_1:20250715T141354Z,Gaia_6210673003810108544,62,643.9959318041801,-0.040743422744974,13.490801,1,1,15.258601658975717,-31.161258868854038
77569,MeerKAT:array_1:20250723T045553Z,Gaia_4663761126812216320,1,599.848986685276,-0.034631909333227906,13.486136,4,1,5.092772975984582,-65.57443132282458
134059,MeerKAT:array_1:20250715T135202Z,ex_ASASSN-V_J153339.64-330209.6,28,677.9615107178688,0.040743422744974,13.479808,3,2,15.561012,-33.03601
139269,MeerKAT:array_1:20250731T221802Z,Gaia_4669678045544157824,31,675.0237799286842,-0.0366690804704766,13.437223,3,1,4.1032591840551556,-66.1297083917626
186131,MeerKAT:array_1:20250705T190623Z,ex_ASASSN-V_J182818.95-112800.7,7,623.9691621661186,-0.0020371711372487,13.416241,2,2,18.471931333333334,-11.466869999999998
111353,MeerKAT:array_1:20250702T181451Z,ex_ASASSN-V_J153137.42-684904.4,34,653.2495296597481,0.034631909333227906,13.408011,1,3,15.527061333333334,-68.81789
125943,MeerKAT:array_1:20250715T141354Z,Gaia_6210702308369949952,58,660.8565796017647,-0.0183345402352383,13.407693,2,2,15.212347609953643,-31.280164256357022
99053,MeerKAT:array_1:20250718T015317Z,Gaia_4669686979076209920,63,623.9686727523804,-0.022408882509735703,13.406671,4,1,4.124980832366678,-65.95248833433105
65298,MeerKAT:array_1:20250704T054305Z,Gaia_6440702862247948160,10,602.1161882281303,0.040743422744974,13.406007,1,3,19.649033816922074,-63.75145572634003
186162,MeerKAT:array_1:20250705T190623Z,Gaia_4153012515155939200,40,623.9691621661186,-0.0020371711372487,13.405515,2,2,18.459924969428172,-12.248381977183346
48090,MeerKAT:array_1:20250722T002453Z,Gaia_6440997325205245696,6,576.0405778884888,0.0162973690979896,13.403256,4,1,19.716938147967713,-63.98844738528974
92680,MeerKAT:array_1:20250705T190623Z,ex_ASASSN-V_J182635.29-120227.9,14,623.9691601395607,0.024446053646984402,13.401569,2,2,18.443136666666664,-12.04108
31852,MeerKAT:array_1:20250715T124827Z,ex_[VV2006]_J131831.2-020908,33,562.553680896759,0.0325947381959792,13.391806,1,1,13.308633466666667,-2.1521350000000004
125920,MeerKAT:array_1:20250715T141354Z,ex_CD-30_12033,3,660.8565796017647,-0.0183345402352383,13.390031,2,2,15.212353400000001,-31.280067
134687,MeerKAT:array_1:20250715T143518Z,Gaia_6272820115429161728,43,677.9615411162376,0.0733381609409532,13.389831,1,4,14.360360675470243,-24.375942233804157
101251,MeerKAT:array_1:20250723T030515Z,ex_ASASSN-V_J054021.37-695316.4,36,625.0210004448891,-0.038706251607725305,13.387975,2,1,5.672602666666666,-69.88789
86060,MeerKAT:array_1:20250715T133052Z,ex_CRTS_J151512.8-265930,19,615.9903036952019,-0.05704079184296361,13.379344,1,1,15.253572800000002,-26.991646000000003
59461,MeerKAT:array_1:20250715T141354Z,ex_ASASSN-V_J151250.05-311941.7,24,587.1293941736221,-0.07944967435269931,13.37459,2,1,15.213902000000001,-31.328249999999997
134713,MeerKAT:array_1:20250715T143518Z,Gaia_6272552453067390720,59,677.9615532755852,-0.006111513411746101,13.36661,3,3,14.371226879061886,-24.94340092191895
15987,MeerKAT:array_1:20250723T015429Z,Gaia_4661688032010521856,54,548.0131744146347,0.0183345402352383,13.353144,3,1,4.9951754395476975,-67.39967324282902
134616,MeerKAT:array_1:20250715T143518Z,J1420_9-2431,0,677.9615532755852,-0.006111513411746101,13.352702,3,3,14.3504,-24.508000000000003
145904,MeerKAT:array_1:20240926T000251Z,Gaia_2776221475215791104,14,599.9511272311211,-0.040743422744974,13.343451,1,1,0.7073066459917018,13.183255371958383
134015,MeerKAT:array_1:20250715T135202Z,ex_CRTS_J153613.6-333113,11,677.9615522623062,-0.0427805938822227,13.341866,2,3,15.603777066666668,-33.520546
133382,MeerKAT:array_1:20250715T130947Z,ex_ASASSN-V_J161244.39-603846.4,34,678.3023402690887,0.012223026823492201,13.340788,2,2,16.212329333333336,-60.64623000000001
116557,MeerKAT:array_1:20250715T053823Z,Gaia_4668924841423374464,19,653.2495296597481,0.0713009898037045,13.338674,1,3,4.177983885888115,-66.27944402552242
48168,MeerKAT:array_1:20250722T002453Z,Gaia_6441442627414763904,32,576.0405778884888,0.0162973690979896,13.335054,4,1,19.570491102772927,-63.66146340257903
23330,MeerKAT:array_1:20250714T160406Z,Gaia_6143887426290855680,22,559.2503772974014,-0.0183345402352383,13.329244,4,4,12.272827461057881,-44.521761076364776
176711,MeerKAT:array_1:20250718T015317Z,Gaia_4669720067504380288,15,587.9772624373436,-0.0020371711372487,13.32559,4,1,4.149975830371698,-65.64818931556401
134627,MeerKAT:array_1:20250715T143518Z,ex_EC_14190-2417,6,677.9615441560745,0.0325947381959792,13.317973,1,4,14.365593333333335,-24.522551
94761,MeerKAT:array_1:20250713T192439Z,Gaia_5820169900035240192,6,625.0283973813057,0.0081486845489948,13.313043,4,3,15.51815115230573,-69.18167994455175
111345,MeerKAT:array_1:20250702T181451Z,ex_Gaia_DR2_5820278206247072768,15,653.2495610713959,-0.081486845489948,13.312945,1,1,15.599930466666667,-68.823526
56280,MeerKAT:array_1:20250713T190328Z,Gaia_6117557528723847808,52,587.9776515364647,-0.0651894763919584,13.306146,1,1,14.170550936128379,-37.49756542957719
117345,MeerKAT:array_1:20250715T133052Z,ex_LEDA_767498,23,648.8109554052353,0.0101858556862435,13.294625,2,1,15.308726666666667,-26.465782
51907,MeerKAT:array_1:20250715T124827Z,ex_[VV2006]_J131757.4-021114,28,578.6516093015671,-0.055003620705714906,13.292283,2,1,13.299253133333332,-2.18757
165106,MeerKAT:array_1:20250715T124827Z,ex_[VV2006]_J131716.7-014247,23,568.0560896396637,0.0040743422744974,13.284651,3,1,13.287962333333335,-1.713211
83550,MeerKAT:array_1:20250707T173400Z,Gaia_6143856506823965952,17,611.9930722117424,0.040743422744974,13.280286,4,1,12.233703195397126,-44.769514495382914
21039,MeerKAT:array_1:20250704T054305Z,Gaia_6440677401681817856,19,560.3366974592209,0.0468549361567201,13.275412,2,3,19.637826258661583,-64.0201424224844
134703,MeerKAT:array_1:20250715T143518Z,Gaia_6272723358406036608,53,677.9615411162376,0.059077962980212305,13.272429,1,4,14.313813600184385,-24.708139454370652
57278,MeerKAT:array_1:20250713T205023Z,Gaia_6756212293682420736,15,587.9875310063362,-0.022408882509735703,13.267133,2,1,19.267901610241836,-32.61266223785641
115209,MeerKAT:array_1:20250713T200741Z,Gaia_4123886830154307200,35,650.0221814513206,0.020371711372487,13.259195,2,1,17.75846376409067,-16.483135187934092
29954,MeerKAT:array_1:20250705T192701Z,ex_ASASSN-V_J191812.17-323435.0,33,563.9721113443375,-0.0101858556862435,13.251484,2,1,19.30338,-32.5764
35589,MeerKAT:array_1:20250702T181451Z,ex_Gaia_DR3_5820305728390184448,17,575.9725818037987,-0.06722664752920711,13.249707,3,1,15.615131266666664,-68.569099
111360,MeerKAT:array_1:20250702T181451Z,ex_ASASSN-V_J154013.40-690722.8,54,653.2495347261429,0.0183345402352383,13.2353735,2,3,15.67038933333333,-69.12301
134710,MeerKAT:array_1:20250715T143518Z,Gaia_6272829456981774464,57,677.9615401029587,0.0631523052547097,13.232656,1,4,14.331077754784966,-24.376048364388605
53727,MeerKAT:array_1:20250704T054305Z,Gaia_6441025156593303424,4,587.9806589484215,0.012223026823492201,13.232566,3,1,19.740743774476538,-63.605882087811224
88833,MeerKAT:array_1:20250723T022503Z,LMCTIMING3c,0,611.9850308299065,-0.0162973690979896,13.230867,4,1,5.386313888888888,-69.71975
96387,MeerKAT:array_1:20250714T162550Z,Gaia_4077541487338298112,10,625.0282737612724,0.012223026823492201,13.229942,3,1,18.527670465386436,-23.919160223490852
96833,MeerKAT:array_1:20250715T124827Z,ex_LBQS_1314-0216,25,626.6923280954361,0.024446053646984402,13.20453,2,2,13.290591266666667,-2.5307180000000002
96827,MeerKAT:array_1:20250715T124827Z,ex_[VV2006]_J131618.7-022454,13,626.6923270821571,0.028520395921481805,13.203609,2,2,13.271848533333333,-2.415161
133339,MeerKAT:array_1:20250715T130947Z,ex_ASASSN-V_J161357.92-603200.9,4,677.9615482091904,0.05092927843121751,13.194085,1,3,16.23277,-60.53357
86047,MeerKAT:array_1:20250715T133052Z,ex_CRTS_J151435.6-261552,12,615.9903057217598,-0.07944967435269931,13.193441,2,1,15.243234333333334,-26.263962999999997
162789,MeerKAT:array_1:20250715T130947Z,ex_ASASSN-V_J161455.85-595337.3,38,559.2503418326378,-0.0040743422744974,13.1916685,1,2,16.24884666666667,-59.89369
105091,MeerKAT:array_1:20250715T124827Z,ex_[VV2006]_J131802.0-021617,31,636.2808501124382,-0.0733381609409532,13.190867,4,2,13.300554333333334,-2.271626
190286,MeerKAT:array_1:20250715T141354Z,ex_Gaia_DR3_6210810163588884096,13,643.9959287643433,0.0020371711372487,13.175393,4,1,15.171890866666669,-31.189497000000003
133362,MeerKAT:array_1:20250715T130947Z,ex_ASASSN-V_J161227.51-602016.9,18,677.9615917801857,0.0101858556862435,13.174887,1,1,16.207640666666666,-60.33804
8978,MeerKAT:array_1:20250715T124827Z,ex_2dFGRS_TGN195Z209,44,550.2658171653748,0.0366690804704766,13.170244,2,2,13.317992733333334,-2.3105060000000006
96369,MeerKAT:array_1:20250714T162550Z,Gaia_4077074916427625088,1,625.0282747745514,0.006111513411746101,13.166383,1,1,18.551561741780827,-24.60709647884944
190279,MeerKAT:array_1:20250715T141354Z,ex_CRTS_J151324.2-310741,5,643.9959287643433,0.0020371711372487,13.157538,4,1,15.223400333333334,-31.128187000000004
88836,MeerKAT:array_1:20250723T022503Z,ex_OGLE-CL_LMC_462,1,611.9850308299065,-0.0162973690979896,13.1573305,4,1,5.427719466666668,-69.713833
209298,MeerKAT:array_1:20250713T200741Z,Gaia_4124137793678695296,17,650.0221824645996,0.0040743422744974,13.15506,1,1,17.71519266434915,-16.227508749282535
133759,MeerKAT:array_1:20250715T135202Z,ex_2MASX_J15352824-3307053,46,673.1444960236549,-0.0529664495684662,13.146717,1,1,15.591182133333334,-33.11827100000001
29997,MeerKAT:array_1:20250705T192701Z,ex_CRTS_J191720.2-323441,46,563.9721113443375,-0.014260197960740902,13.144919,4,1,19.288970266666666,-32.577917
134643,MeerKAT:array_1:20250715T143518Z,ex_LEDA_794543,18,677.9615390896797,0.0713009898037045,13.142907,1,4,14.344611133333332,-24.015833
23317,MeerKAT:array_1:20250714T160406Z,Gaia_6144639286085319296,6,559.2503722310066,0.024446053646984402,13.140012,3,4,12.25633978724629,-44.3938570020555
10257,MeerKAT:array_1:20250715T135202Z,ex_ASASSN-V_J153631.88-332216.1,35,550.2658394575119,0.012223026823492201,13.138332,1,2,15.608855999999998,-33.37114
129264,MeerKAT:array_1:20250702T183548Z,ex_ASASSN-V_J163528.80-331560.0,37,679.2496983408928,-0.034631909333227906,13.133567,2,1,16.591333333333335,-33.26666000000001
28979,MeerKAT:array_1:20250702T175345Z,Gaia_6117528597823280512,49,563.973218858242,-0.055003620705714906,13.126909,1,1,14.12584482684097,-37.85728794951332
55431,MeerKAT:array_1:20250707T173400Z,Gaia_6143859186883592576,8,587.9802353978157,0.0081486845489948,13.125982,4,2,12.239638922226195,-44.69013887404459
105248,MeerKAT:array_1:20250715T133052Z,ex_ASASSN-V_J151603.09-271408.4,15,636.2808713912964,0.06111513411746101,13.121997,4,2,15.267525333333332,-27.23567
57361,MeerKAT:array_1:20250713T205023Z,Gaia_6757952511359513344,58,587.9934982061386,-0.0325947381959792,13.118811,3,1,19.25978889044461,-31.819964365811746
10246,MeerKAT:array_1:20250715T135202Z,ex_ASASSN-V_J153251.02-331648.0,6,550.2658658027649,-0.048892107293968805,13.116689,4,1,15.547505333333335,-33.27999
92682,MeerKAT:array_1:20250705T190623Z,ex_ASASSN-V_J182721.28-120746.7,16,623.9691601395607,0.0264832247842331,13.106679,2,2,18.455912,-12.129640000000002
134696,MeerKAT:array_1:20250715T143518Z,Gaia_6272812625006192256,48,677.9615502357483,0.0101858556862435,13.106496,1,3,14.342485600667802,-24.48484505528261
8952,MeerKAT:array_1:20250715T124827Z,ex_[VV2006]_J131627.2-021904,15,550.2658151388168,-0.05704079184296361,13.093255,3,2,13.274206533333336,-2.317751
96633,MeerKAT:array_1:20250715T124827Z,ex_2dFGRS_TGN261Z260,61,621.3171669244766,-0.0835240166271967,13.088466,2,1,13.2842778,-1.9183330000000003
176758,MeerKAT:array_1:20250718T015317Z,Gaia_4669686979076209920,63,587.9772624373436,-0.0020371711372487,13.087007,4,1,4.124980832366678,-65.95248833433105
51904,MeerKAT:array_1:20250715T124827Z,ex_[VV2006]_J131709.6-020414,19,578.6516093015671,-0.055003620705714906,13.085072,2,1,13.285986666666668,-2.070726
109056,MeerKAT:array_1:20250715T141354Z,Gaia_6210694135048923008,47,643.9959216713905,0.024446053646984402,13.07667,3,1,15.197181192868834,-31.45486119022749
10259,MeerKAT:array_1:20250715T135202Z,ex_NSV_07123,38,550.2658658027649,-0.048892107293968805,13.061942,4,1,15.547472200000001,-33.28
115563,MeerKAT:array_1:20250713T205023Z,Gaia_6757778444924644224,34,650.022198677063,-0.028520395921481805,13.051284,1,1,19.307562604903964,-31.68934241718748
94421,MeerKAT:array_1:20250713T184021Z,Gaia_6441480521909658112,9,625.0283487439156,0.0183345402352383,13.047084,2,1,19.625431648500022,-63.283187624931855
109942,MeerKAT:array_1:20250723T015429Z,Gaia_4661492662543069440,34,638.8219095468521,0.012223026823492201,13.018749,4,1,5.057053334639318,-67.54790579954208
133416,MeerKAT:array_1:20250715T130947Z,ex_ASASSN-V_J160944.16-601343.2,57,677.9615998864174,-0.05092927843121751,13.001021,1,1,16.162346,-60.22873
96969,MeerKAT:array_1:20250715T130947Z,ex_Gaia_DR2_5829907282425132032,26,626.6923899054527,0.0101858556862435,12.991851,2,1,16.194735333333334,-60.57592900000001
88071,MeerKAT:array_1:20250722T002453Z,Gaia_6440999936545363840,13,613.195964038372,0.06111513411746101,12.973993,1,2,19.718257139654174,-63.92544449959378
79595,MeerKAT:array_1:20250710T060816Z,Gaia_5599127419588452736,23,607.25492811203,0.006111513411746101,12.971724,4,1,7.597950135958345,-30.94625176985143
126142,MeerKAT:array_1:20250717T054309Z,Gaia_4669816618369005440,55,660.8561519980431,-0.0713009898037045,12.9678335,3,1,4.154966178637322,-65.47424122454672
242227,MeerKAT:array_1:20250715T135202Z,ex_LEDA_684427,44,677.9615532755852,0.0040743422744974,12.963358,4,3,15.580027800000002,-32.885556
117343,MeerKAT:array_1:20250715T133052Z,ex_LEDA_767528,21,648.8109209537506,0.0835240166271967,12.959174,4,2,15.248222199999999,-26.463333
12910,MeerKAT:array_1:20250717T054309Z,Gaia_4668921547184651392,38,544.0542854070663,-0.081486845489948,12.958125,4,1,4.139634194586688,-66.32953136988239
43318,MeerKAT:array_1:20250715T130947Z,ex_ASASSN-V_J161227.51-602016.9,18,575.9805178046227,-0.0264832247842331,12.946202,2,2,16.207640666666666,-60.33804
242225,MeerKAT:array_1:20250715T135202Z,ex_CRTS_J153613.6-333113,11,678.3023544549942,0.0040743422744974,12.935866,2,2,15.603777066666668,-33.520546
23331,MeerKAT:array_1:20250714T160406Z,Gaia_6144676433260786176,23,559.2503732442856,0.0183345402352383,12.928749,3,4,12.220300402234116,-44.30140955388554
165072,MeerKAT:array_1:20250715T124827Z,J1317_5-0153,0,568.0560896396637,0.0040743422744974,12.924139,3,1,13.294,-2.0050000000000003
8962,MeerKAT:array_1:20250715T124827Z,ex_[VV2006]_J131735.5-021504,26,550.2658090591431,0.06926381866645581,12.916639,3,2,13.293173,-2.251123
134041,MeerKAT:array_1:20250715T135202Z,ex_ASASSN-V_J153200.27-331814.3,21,677.9615502357483,-0.012223026823492201,12.90388,3,3,15.533409333333333,-33.30398
105912,MeerKAT:array_1:20250715T141354Z,Gaia_6210702308369949952,58,636.2808490991592,0.0651894763919584,12.903435,2,2,15.212347609953643,-31.280164256357022
51898,MeerKAT:array_1:20250715T124827Z,ex_ATO_J199.0886-01.7543,2,578.6516093015671,-0.048892107293968805,12.901965,4,1,13.272576733333333,-1.754334
15944,MeerKAT:array_1:20250723T015429Z,Gaia_4661653736669226624,11,548.0131744146347,0.0183345402352383,12.901093,3,1,4.964653189130164,-67.74113567370225
80398,MeerKAT:array_1:20250715T141354Z,J1513_0-3118,0,608.244835793972,0.0366690804704766,12.897916,3,1,15.2152,-31.238
105832,MeerKAT:array_1:20250715T141354Z,ex_CD-30_12033,3,636.2808490991592,0.0651894763919584,12.896401,2,2,15.212353400000001,-31.280067
113806,MeerKAT:array_1:20250707T175557Z,Gaia_4077155936705754368,55,650.0019077658653,0.0753753320782019,12.8888,1,2,18.50523546929754,-24.161240648558525
134126,MeerKAT:array_1:20250715T135202Z,Gaia_6014445465704029440,57,677.96155834198,-0.0325947381959792,12.879745,1,4,15.567377533650458,-33.73972114701615
93064,MeerKAT:array_1:20250705T192701Z,ex_CRTS_J191739.4-314607,60,625.0284115672112,0.006111513411746101,12.878253,3,1,19.29427846666667,-31.768669
102028,MeerKAT:array_1:20250723T045553Z,Gaia_4663589293787407744,26,625.0210734009743,-0.0101858556862435,12.875441,4,2,5.147023687487283,-65.4713876453783
133385,MeerKAT:array_1:20250715T130947Z,ex_ASASSN-V_J161331.92-594649.8,36,678.3023402690887,0.014260197960740902,12.873235,2,2,16.225533333333335,-59.7805
168235,MeerKAT:array_1:20250713T211114Z,Gaia_4190085019265423872,7,575.9993343949318,0.0040743422744974,12.870256,3,1,19.9058258595593,-11.454534074111772
134649,MeerKAT:array_1:20250715T143518Z,ex_LEDA_786316,21,677.9615461826324,0.0264832247842331,12.861091,1,3,14.352194466666665,-24.766667
139266,MeerKAT:array_1:20250731T221802Z,Gaia_4669051255197217920,28,675.0237789154053,-0.030557567058730504,12.859803,4,1,4.232316459017462,-65.68784219285163
105253,MeerKAT:array_1:20250715T133052Z,ex_CRTS_J151522.8-265306,20,636.280881524086,0.0162973690979896,12.817503,1,2,15.256362000000001,-26.884898000000003
94418,MeerKAT:array_1:20250713T184021Z,Gaia_6440697811366443904,2,625.0283497571945,0.0101858556862435,12.812593,1,1,19.621139694244484,-63.8527212966705
41974,MeerKAT:array_1:20250713T211114Z,Gaia_4189291034434105984,63,575.9993273019791,0.06722664752920711,12.802319,3,1,19.904642745418254,-11.943163642863416
133408,MeerKAT:array_1:20250715T130947Z,ex_IRAS_16046-6024,51,677.9615634083748,-0.07944967435269931,12.790036,1,4,16.149230533333334,-60.544169
134130,MeerKAT:array_1:20250715T135202Z,Gaia_6016066180205058176,59,677.9615532755852,-0.048892107293968805,12.77051,4,3,15.577791001427997,-32.672823093636566
133755,MeerKAT:array_1:20250715T135202Z,ex_ASASSN-V_J153354.39-333109.3,29,673.1444879174232,0.0713009898037045,12.770263,3,1,15.565107333333334,-33.51926
57266,MeerKAT:array_1:20250713T205023Z,ex_LEDA_690735,9,587.9934982061386,-0.0325947381959792,12.755528,3,1,19.290222200000002,-32.504722
134035,MeerKAT:array_1:20250715T135202Z,ex_CRTS_J153443.6-330420,19,677.9615553021431,-0.06722664752920711,12.737743,3,4,15.578744800000003,-33.072493
57296,MeerKAT:array_1:20250713T205023Z,Gaia_6756431199584791936,24,587.9934982061386,-0.0325947381959792,12.735204,3,1,19.259643335203815,-32.12667586969005
103633,MeerKAT:array_1:20250704T054305Z,Gaia_6441467778743186048,11,633.749483704567,0.030557567058730504,12.721755,2,3,19.601384808369808,-63.53672867649664
133498,MeerKAT:array_1:20250715T133052Z,ex_CRTS_J151752.7-262646,13,673.1444666385651,0.030557567058730504,12.721552,4,1,15.298002333333333,-26.445869
108524,MeerKAT:array_1:20250715T135202Z,ex_CRTS_J153330.1-324437,8,639.5786242485046,0.0183345402352383,12.709963,1,1,15.5583856,-32.743104
134662,MeerKAT:array_1:20250715T143518Z,Gaia_6272850661236613376,28,677.9615522623062,-0.0183345402352383,12.70483,1,3,14.360717242971543,-24.14528863025914
134624,MeerKAT:array_1:20250715T143518Z,ex_CRTS_J142137.5-241524,4,677.9615522623062,-0.0081486845489948,12.686271,1,3,14.360458666666668,-24.256329
128795,MeerKAT:array_1:20250723T045553Z,Gaia_4663552460146008064,51,667.1092089414597,-0.022408882509735703,12.68277,4,2,5.144252478396676,-65.94443453004702
134046,MeerKAT:array_1:20250715T135202Z,ex_ASASSN-V_J153224.56-325629.5,23,677.9615107178688,0.040743422744974,12.673316,3,2,15.540155333333333,-32.94153
134049,MeerKAT:array_1:20250715T135202Z,ex_ASASSN-V_J153249.85-325503.6,24,677.9615471959114,0.0264832247842331,12.671268,1,3,15.547180000000003,-32.91767
90512,MeerKAT:array_1:20250729T170839Z,Gaia_1456202103295001600,62,615.6690557599068,0.0325947381959792,12.655859,1,1,13.547200043344386,30.376411710490316
106627,MeerKAT:array_1:20250723T012407Z,Gaia_4655482766341128704,38,629.3928269743919,-0.048892107293968805,12.650734,3,1,4.89403475196432,-68.93707968469715
94769,MeerKAT:array_1:20250713T192439Z,Gaia_5820178459926729216,10,625.0283953547478,0.0264832247842331,12.649987,2,3,15.531941705758573,-69.02234770958265
133345,MeerKAT:array_1:20250715T130947Z,ex_BW_Nor,7,677.9616008996964,-0.05704079184296361,12.647943,1,1,16.1432034,-60.169639
242244,MeerKAT:array_1:20250715T143518Z,ex_CRTS_J142054.4-242330,8,677.9615512490273,0.0040743422744974,12.629081,3,3,14.348481733333333,-24.391427
125738,MeerKAT:array_1:20250715T141354Z,ex_4FGL_J1513.0-3118,2,658.0103235840797,0.038706251607725305,12.625886,2,1,15.2175278,-31.301389
24187,MeerKAT:array_1:20250715T133052Z,ex_CRTS_J151533.5-261942,2,559.9964900612831,-0.0651894763919584,12.615474,3,1,15.259337866666668,-26.328107
43366,MeerKAT:array_1:20250715T130947Z,ex_ASASSN-V_J160908.90-595913.2,52,575.9805218577385,-0.0427805938822227,12.614128,3,2,16.152482666666668,-59.987339999999996
125619,MeerKAT:array_1:20250715T135202Z,ex_ASASSN-V_J153513.42-332316.8,32,660.8566333055496,-0.06111513411746101,12.610775,4,1,15.587060000000003,-33.388
23344,MeerKAT:array_1:20250714T160406Z,Gaia_6144676570699168896,39,559.2503722310066,0.0264832247842331,12.608542,3,4,12.217649990952417,-44.3082604606224
43374,MeerKAT:array_1:20250715T130947Z,ex_ASASSN-V_J160945.20-601435.4,58,575.9805218577385,-0.0427805938822227,12.601601,3,2,16.162577333333335,-60.24317
133357,MeerKAT:array_1:20250715T130947Z,ex_CF_Nor,15,677.9615553021431,-0.06722664752920711,12.585793,3,4,16.191896133333334,-60.131622
128770,MeerKAT:array_1:20250723T045553Z,Gaia_4663569154643593856,24,667.1092099547386,-0.022408882509735703,12.583802,3,2,5.1147892600136675,-65.66860688605144
24217,MeerKAT:array_1:20250715T133052Z,ex_LEDA_767528,21,559.9964900612831,-0.0651894763919584,12.550803,3,1,15.248222199999999,-26.463333
94858,MeerKAT:array_1:20250713T192439Z,Gaia_5820251749247068160,59,625.0283983945847,0.0162973690979896,12.5401125,2,3,15.65328206956356,-68.83015954666337
178728,MeerKAT:array_1:20250705T194745Z,Gaia_4190087222591921664,56,599.94332498312,0.0020371711372487,12.533465,4,4,19.911782692498225,-11.381965650936946
134111,MeerKAT:array_1:20250715T135202Z,ex_LEDA_682319,52,677.9615522623062,-0.044817765019471406,12.527533,2,3,15.603694466666669,-33.018333
108912,MeerKAT:array_1:20250715T141354Z,ex_LEDA_705243,32,639.5786617398262,0.038706251607725305,12.523596,3,1,15.185333333333334,-31.430556
210691,MeerKAT:array_1:20250715T053823Z,Gaia_4668928212973742976,16,651.6913194060326,-0.0020371711372487,12.518262,2,1,4.142735464145937,-66.22107948977157
129234,MeerKAT:array_1:20250702T183548Z,ex_Gaia_DR3_6024573960660525952,7,679.2496973276138,-0.012223026823492201,12.508257,1,1,16.581919199999998,-32.408834
109055,MeerKAT:array_1:20250715T141354Z,Gaia_6210724234180034944,40,643.9959257245064,0.0081486845489948,12.500407,1,1,15.242840833341257,-31.03800454084551
121668,MeerKAT:array_1:20250723T030515Z,ex_ASASSN-V_J054257.74-692629.5,57,650.0218399763107,-0.044817765019471406,12.499574,3,2,5.716038,-69.44153
88218,MeerKAT:array_1:20250723T012407Z,Gaia_4655398859860035200,17,611.9697607159615,-0.044817765019471406,12.495419,2,1,4.7901771233715325,-69.4351343435969
134670,MeerKAT:array_1:20250715T143518Z,Gaia_6272655704081277824,33,677.9615380764008,0.0631523052547097,12.486617,1,4,14.383076493122587,-24.307845386547537
134639,MeerKAT:array_1:20250715T143518Z,ex_LEDA_789637,15,677.9615441560745,0.006111513411746101,12.482449,2,4,14.333972199999998,-24.470556
156316,MeerKAT:array_1:20250715T135202Z,Gaia_6014539645747431680,61,547.9523422122002,-0.0040743422744974,12.477491,1,1,15.573958984554102,-32.99725295733892
105056,MeerKAT:array_1:20250715T124827Z,ex_UGC_8340,57,633.7495009303093,0.0468549361567201,12.476578,1,4,13.276528733333333,-2.091341
78070,MeerKAT:array_1:20250726T235112Z,Gaia_6441480521909658112,60,599.9699721932411,-0.0427805938822227,12.466201,2,1,19.625431648500022,-63.283187624931855
135987,MeerKAT:array_1:20250719T053812Z,Gaia_4669731887254377472,46,673.8901011347771,-0.028520395921481805,12.447776,1,1,4.13410253586617,-65.62875416839998
96832,MeerKAT:array_1:20250715T124827Z,ex_[VV2006]_J131716.4-021814,22,626.6923372149467,-0.012223026823492201,12.444817,2,1,13.2878838,-2.304098
100577,MeerKAT:array_1:20250723T015429Z,Gaia_4661484691100035072,15,625.0210977196693,0.012223026823492201,12.42124,2,1,5.102273058604711,-67.52652447891761
134070,MeerKAT:array_1:20250715T135202Z,ex_ASASSN-V_J153532.40-334016.8,33,677.961504638195,0.07741250321545061,12.410714,1,1,15.592333333333332,-33.67133
88877,MeerKAT:array_1:20250723T022503Z,ex_BSDL_1719,15,611.9850308299065,-0.0162973690979896,12.410263,4,1,5.439444466666666,-69.60999999999999
43324,MeerKAT:array_1:20250715T130947Z,ex_Gaia_DR2_5834436784992036736,22,575.9805188179016,-0.0264832247842331,12.406873,1,2,16.149972333333334,-60.052490000000006
41857,MeerKAT:array_1:20250713T211114Z,Gaia_4189315949542637312,16,575.9993333816528,0.0183345402352383,12.397078,1,1,19.914820661580002,-11.798858682679167
96403,MeerKAT:array_1:20250714T162550Z,Gaia_4077075156900824832,18,625.0282737612724,0.012223026823492201,12.394334,3,1,18.54917087254722,-24.60010923905329
134114,MeerKAT:array_1:20250715T135202Z,ex_LEDA_682471,53,677.9615512490273,-0.0366690804704766,12.392818,1,3,15.6042778,-33.008889
106631,MeerKAT:array_1:20250723T012407Z,Gaia_4655481048352687616,42,629.3928269743919,-0.048892107293968805,12.389924,3,1,4.848741303180336,-68.94464122084017
134057,MeerKAT:array_1:20250715T135202Z,ex_ASASSN-V_J153339.10-330721.1,27,677.9615532755852,-0.048892107293968805,12.378252,4,3,15.560860000000002,-33.12252
133359,MeerKAT:array_1:20250715T130947Z,ex_V459_Nor,16,677.9615553021431,-0.081486845489948,12.376429,1,4,16.2017284,-59.71351
111347,MeerKAT:array_1:20250702T181451Z,ex_Gaia_DR3_5820306621743296768,18,653.2495418190956,-0.006111513411746101,12.376287,1,1,15.6314308,-68.56849
122571,MeerKAT:array_1:20250723T045553Z,Gaia_4662254761543644544,44,650.0219169855118,-0.034631909333227906,12.355505,4,1,5.082163181622377,-65.86368873369449
169492,MeerKAT:array_1:20250720T052239Z,Gaia_4669757416539958016,5,575.9641898274422,0.0040743422744974,12.355019,1,3,4.066059099651673,-65.56963042981056
125369,MeerKAT:array_1:20250715T133052Z,Gaia_6214341043321072256,31,660.8566049337387,0.0264832247842331,12.35255,2,1,15.256434337633628,-26.73997737549678
53793,MeerKAT:array_1:20250704T054305Z,Gaia_6440624144087024256,37,587.9806589484215,0.012223026823492201,12.346548,3,1,19.6481756928551,-64.27152667408815
165101,MeerKAT:array_1:20250715T124827Z,ex_[VV2006]_J131712.9-014118,20,568.0560896396637,0.0040743422744974,12.345784,3,1,13.286892000000002,-1.688167
45276,MeerKAT:array_1:20250716T012443Z,ex_LEDA_314413,5,576.0417593717575,0.0733381609409532,12.342311,3,1,4.079833333333333,-65.316111
109051,MeerKAT:array_1:20250715T141354Z,ex_CRTS_J151405.7-314503,9,643.9959216713905,0.0264832247842331,12.338935,3,1,15.234918733333336,-31.750999000000004
133399,MeerKAT:array_1:20250715T130947Z,ex_ASASSN-V_J160755.47-601702.5,45,677.9615532755852,-0.059077962980212305,12.3386755,1,3,16.132074,-60.284040000000005
94864,MeerKAT:array_1:20250713T192439Z,Gaia_5820259067872019840,62,625.0283994078636,0.006111513411746101,12.336089,1,3,15.648582350689477,-68.59426245237795
10263,MeerKAT:array_1:20250715T135202Z,ex_2MASX_J15352824-3307053,46,550.265863776207,-0.0162973690979896,12.329753,1,1,15.591182133333334,-33.11827100000001
121355,MeerKAT:array_1:20250723T022503Z,ex_BSDL_1807,35,650.0219585299492,0.034631909333227906,12.326646,3,1,5.456219466666668,-69.870194
134120,MeerKAT:array_1:20250715T135202Z,Gaia_6014542188367932928,55,677.9615482091904,-0.006111513411746101,12.315031,2,3,15.555280166088723,-33.21767505073442
137499,MeerKAT:array_1:20250723T033528Z,Gaia_4661265372911702272,51,671.8237152695656,0.0366690804704766,12.3132925,3,1,5.135593424529415,-68.91550669187313
134012,MeerKAT:array_1:20250715T135202Z,ex_CRTS_J153521.2-324825,10,677.961505651474,0.040743422744974,12.30156,1,2,15.589211533333335,-32.806922
93040,MeerKAT:array_1:20250705T192701Z,ex_ASASSN-V_J191620.63-321541.2,42,625.0284095406532,0.020371711372487,12.287455,4,1,19.272396,-32.26144
20882,MeerKAT:array_1:20250704T054305Z,Gaia_6440682108965977216,38,552.9638324975967,0.0366690804704766,12.285696,2,1,19.638048668881343,-63.97631149170497
101984,MeerKAT:array_1:20250723T045553Z,Gaia_4662258266237091456,3,625.0210734009743,0.006111513411746101,12.281978,2,2,5.076335458446856,-65.70060622797556
133996,MeerKAT:array_1:20250715T135202Z,ex_CRTS_J153258.9-332343,3,677.9615482091904,-0.006111513411746101,12.279134,2,3,15.549724066666666,-33.39523500000001
95653,MeerKAT:array_1:20250713T205023Z,Gaia_6757939798256280704,27,625.0213449597359,-0.024446053646984402,12.27342,4,1,19.264665903967266,-31.843697699999137
58112,MeerKAT:array_1:20250715T124827Z,ex_[VV2006]_J131723.5-021125,24,586.6514011025429,-0.05092927843121751,12.267817,4,1,13.289847266666667,-2.19053
41968,MeerKAT:array_1:20250713T211114Z,Gaia_4190071726348319232,61,575.9993252754211,0.07944967435269931,12.265376,1,1,19.89911780138762,-11.706941260185783
89377,MeerKAT:array_1:20250723T030515Z,ex_ASASSN-V_J053300.17-693631.5,62,611.969614803791,-0.0101858556862435,12.2580805,1,1,5.550046666666667,-69.60876
51914,MeerKAT:array_1:20250715T124827Z,ex_2dFGRS_TGN195Z209,44,578.6516093015671,-0.048892107293968805,12.250268,4,1,13.317992733333334,-2.3105060000000006
77116,MeerKAT:array_1:20250723T030515Z,ex_ASASSN-V_J053319.74-692139.7,63,599.8524652719498,-0.0183345402352383,12.247275,3,1,5.555484666666667,-69.36102
134085,MeerKAT:array_1:20250715T135202Z,ex_CRTS_J153336.8-332037,39,677.9615502357483,-0.014260197960740902,12.247083,2,3,15.560236066666668,-33.343555
79651,MeerKAT:array_1:20250710T060816Z,Gaia_5598369478122578816,35,607.25492811203,0.006111513411746101,12.236804,4,1,7.637129158798533,-31.11476619330452
139288,MeerKAT:array_1:20250731T221802Z,Gaia_4669789057562600704,50,675.023784995079,-0.081486845489948,12.236011,1,1,4.087615353543943,-65.34904131454523
134030,MeerKAT:array_1:20250715T135202Z,ex_CRTS_J153625.3-325556,17,677.9615188241005,-0.014260197960740902,12.235705,2,4,15.607028333333332,-32.932418
125054,MeerKAT:array_1:20250713T211114Z,Gaia_4190085019265423872,7,658.6250900626183,0.05092927843121751,12.232661,1,2,19.9058258595593,-11.454534074111772
51932,MeerKAT:array_1:20250715T124827Z,ex_ASASSN-V_J131645.18-014824.8,49,581.3182079195976,-0.0835240166271967,12.228461,3,1,13.279216,-1.8068900000000003
96835,MeerKAT:array_1:20250715T124827Z,ex_[VV2006]_J131757.4-021114,28,626.6503540277481,0.055003620705714906,12.223253,2,1,13.299253133333332,-2.18757
81921,MeerKAT:array_1:20250704T054305Z,Gaia_6440693138442023936,31,619.319512784481,-0.040743422744974,12.217174,4,2,19.61874868558188,-63.958496571759156
39116,MeerKAT:array_1:20250707T175557Z,ex_NSV_10968,9,572.715768456459,0.0753753320782019,12.20933,3,3,18.535341066666668,-24.383836
134043,MeerKAT:array_1:20250715T135202Z,ex_ASASSN-V_J153218.02-325446.8,22,677.9615512490273,-0.0183345402352383,12.2030115,3,3,15.538370666666667,-32.91325
94425,MeerKAT:array_1:20250713T184021Z,Gaia_6441447506497799680,15,625.0283487439156,0.020371711372487,12.198572,2,1,19.57711878900501,-63.575626847383575
77086,MeerKAT:array_1:20250723T030515Z,ex_ASASSN-V_J053807.45-691626.0,53,599.8524652719498,-0.0183345402352383,12.19705,3,1,5.635402666666667,-69.27389999999998
96445,MeerKAT:array_1:20250714T162550Z,Gaia_4077523134853246464,39,625.0282727479935,0.022408882509735703,12.188221,2,1,18.53394849879143,-24.09149195795024
136891,MeerKAT:array_1:20250723T012407Z,Gaia_4655384252655839488,10,676.5383573770523,-0.0529664495684662,12.1861105,3,2,4.837835324640187,-69.14347623226813
133993,MeerKAT:array_1:20250715T135202Z,ex_HD_138923,2,677.9615137577057,0.030557567058730504,12.180067,1,2,15.6031564,-33.092804
24248,MeerKAT:array_1:20250715T133052Z,Gaia_6214282872284087808,38,559.9964900612831,-0.0733381609409532,12.173934,3,1,15.264857546148413,-27.023003154256912
57284,MeerKAT:array_1:20250713T205023Z,Gaia_6757685600607829504,18,587.9875310063362,-0.022408882509735703,12.169183,2,1,19.308290884298994,-32.1908704106181
94792,MeerKAT:array_1:20250713T192439Z,Gaia_5820257521683194112,22,625.0283953547478,0.024446053646984402,12.158526,2,3,15.626767205967367,-68.6626446521977
96411,MeerKAT:array_1:20250714T162550Z,Gaia_4077086461301367936,22,625.0282737612724,0.012223026823492201,12.156766,3,1,18.54223202251459,-24.559515170685803
136910,MeerKAT:array_1:20250723T012407Z,Gaia_4655155760389429888,45,676.5383563637733,-0.044817765019471406,12.152955,3,2,4.9797358103002365,-69.6833945198244
23327,MeerKAT:array_1:20250714T160406Z,Gaia_6144883347604394752,19,559.2503722310066,0.0264832247842331,12.150304,3,4,12.216461089377592,-43.98750318834202
134685,MeerKAT:array_1:20250715T143518Z,Gaia_6272829044664842496,42,677.9615492224693,0.012223026823492201,12.147857,2,3,14.334455039998204,-24.37765062609781
95707,MeerKAT:array_1:20250713T205023Z,Gaia_6757968660436957568,54,625.0213449597359,-0.024446053646984402,12.145493,4,1,19.2926214899073,-31.6528476622635
120914,MeerKAT:array_1:20250723T015429Z,Gaia_4661461150336056192,4,650.0219413042068,0.012223026823492201,12.1301365,3,1,5.023687841762437,-67.88612251249542
41949,MeerKAT:array_1:20250713T211114Z,Gaia_4189322993289041792,55,575.9993273019791,0.05704079184296361,12.118531,3,1,19.906539726479895,-11.654029799872738
133369,MeerKAT:array_1:20250715T130947Z,ex_UCAC4_149-179913,23,677.9615927934647,0.0162973690979896,12.117579,1,1,16.163717533333333,-60.321983
133038,MeerKAT:array_1:20250715T124827Z,ex_2dFGRS_TGN261Z280,52,673.1444332003593,-0.0651894763919584,12.117408,4,2,13.2609722,-2.171389
134134,MeerKAT:array_1:20250715T135202Z,Gaia_6014539645747431680,61,677.9615512490273,-0.0183345402352383,12.117218,3,3,15.573958984554102,-32.99725295733892
41917,MeerKAT:array_1:20250713T211114Z,Gaia_4189256610274647936,41,575.9993273019791,0.06926381866645581,12.104534,4,1,19.955064585768774,-11.874946444598269
117363,MeerKAT:array_1:20250715T133052Z,Gaia_6226381348483140864,44,648.8109209537506,0.081486845489948,12.1030655,4,2,15.241540950766593,-26.274121234870925
120037,MeerKAT:array_1:20250720T024534Z,Gaia_4669835962901724288,35,650.022145986557,-0.0713009898037045,12.096488,3,1,4.13178680464338,-65.25377753990391
51930,MeerKAT:array_1:20250715T124827Z,ex_[VV2006]_J131709.6-020414,19,581.318197786808,0.081486845489948,12.096326,3,1,13.285986666666668,-2.070726
115178,MeerKAT:array_1:20250713T200741Z,Gaia_4124148823155585152,3,650.0221804380417,0.034631909333227906,12.085039,4,1,17.73639793687471,-16.02093153429075
31872,MeerKAT:array_1:20250715T124827Z,ex_ASASSN-V_J131645.18-014824.8,49,562.5536788702011,-0.0651894763919584,12.084739,1,1,13.279216,-1.8068900000000003
126414,MeerKAT:array_1:20250723T012407Z,Gaia_4655272205542692352,53,657.6801446080208,-0.048892107293968805,12.0842495,4,1,4.966968201377301,-69.3059409577104
115575,MeerKAT:array_1:20250713T205023Z,Gaia_6757787790773261696,40,650.0221905708313,0.006111513411746101,12.080416,2,1,19.30805381893281,-31.607529144016492
54735,MeerKAT:array_1:20250705T192701Z,ex_ASASSN-V_J191534.79-320335.5,26,587.0343972444534,0.022408882509735703,12.078393,3,1,19.259664,-32.05986
24120,MeerKAT:array_1:20250715T133052Z,ex_4FGL_J1516.4-2640,1,559.2503661513329,-0.0101858556862435,12.069866,4,4,15.273861133333334,-26.680278
31823,MeerKAT:array_1:20250715T124827Z,ex_LBQS_1313-0138,11,562.5536535382271,0.055003620705714906,12.05946,1,2,13.2693836,-1.901077
134082,MeerKAT:array_1:20250715T135202Z,ex_NSV_07123,38,677.9615107178688,0.040743422744974,12.05939,3,2,15.547472200000001,-33.28
94443,MeerKAT:array_1:20250713T184021Z,Gaia_6441088271136064512,55,625.0283457040787,0.0325947381959792,12.054605,3,1,19.698416367201993,-63.302091719776314
242223,MeerKAT:array_1:20250715T135202Z,ex_ASASSN-V_J153251.02-331648.0,6,677.9615532755852,0.0040743422744974,12.051968,4,3,15.547505333333335,-33.27999
117813,MeerKAT:array_1:20250715T135202Z,ex_LEDA_185107,42,649.9927426576614,0.06111513411746101,12.044688,4,1,15.565666666666669,-32.699167
78082,MeerKAT:array_1:20250726T235112Z,Gaia_6440670186136806912,63,599.9699721932411,-0.040743422744974,12.042923,2,1,19.604151085623826,-63.992064041871714
41840,MeerKAT:array_1:20250713T211114Z,Gaia_4189322134295572096,9,575.999328315258,0.0733381609409532,12.04203,2,1,19.909642966017895,-11.680349104778376
188218,MeerKAT:array_1:20250723T045553Z,Gaia_4662273728120086784,4,625.0210734009743,-0.0040743422744974,12.033086,4,2,5.031072597449645,-65.6166076859415
12838,MeerKAT:array_1:20250717T054309Z,Gaia_4669681996914101120,2,544.0542854070663,-0.081486845489948,12.031966,4,1,4.139396981194498,-66.10063873949068
134117,MeerKAT:array_1:20250715T135202Z,Gaia_6206674457978041088,54,677.9615107178688,0.05092927843121751,12.031115,1,2,15.528151113589098,-33.21326215675946
242226,MeerKAT:array_1:20250715T135202Z,ex_ASASSN-V_J153431.87-331118.1,30,677.9615137577057,-0.0040743422744974,12.030754,1,2,15.57551866666667,-33.18836000000001
188222,MeerKAT:array_1:20250723T045553Z,Gaia_4662257235444891392,55,625.0210734009743,-0.0040743422744974,12.012748,4,2,5.082809221197138,-65.75839227778211
64497,MeerKAT:array_1:20250702T181451Z,ex_ASASSN-V_J153923.84-683816.7,52,600.0485550165176,0.0651894763919584,12.011271,2,1,15.656621333333332,-68.63798
64442,MeerKAT:array_1:20250702T181451Z,ex_LY_TrA,41,600.0485550165176,0.0651894763919584,11.992475,2,1,15.580625666666666,-68.88909399999999
102553,MeerKAT:array_1:20250729T031818Z,Gaia_4669055064831304192,9,624.0481715798378,-0.006111513411746101,11.990472,1,1,4.211515036661267,-65.77705862116294
126015,MeerKAT:array_1:20250715T143518Z,ex_CRTS_J142137.5-241524,4,658.6228912472725,-0.06926381866645581,11.98439,1,1,14.360458666666668,-24.256329
133420,MeerKAT:array_1:20250715T130947Z,ex_ASASSN-V_J161016.48-601227.6,60,677.9615988731384,-0.0325947381959792,11.981484,1,1,16.171257999999998,-60.207730000000005
212046,MeerKAT:array_1:20250715T130947Z,ex_Gaia_DR2_5834436784992036736,22,651.2685753703117,0.0020371711372487,11.977566,1,1,16.149972333333334,-60.052490000000006
117816,MeerKAT:array_1:20250715T135202Z,ex_LEDA_682319,52,649.9927416443825,0.0835240166271967,11.974942,2,1,15.603694466666669,-33.018333
45300,MeerKAT:array_1:20250716T012443Z,ex_LEDA_307352,13,576.0417603850365,0.06926381866645581,11.968454,2,1,4.1052778,-66.115556
53745,MeerKAT:array_1:20250704T054305Z,Gaia_6440673446016327424,13,587.9806589484215,0.012223026823492201,11.964184,3,1,19.598693135682613,-63.950315873858194
134001,MeerKAT:array_1:20250715T135202Z,ex_RX_J1534.3-3300,5,677.9615522623062,-0.034631909333227906,11.951055,2,3,15.573093666666669,-33.002444
39844,MeerKAT:array_1:20250713T145219Z,Gaia_6440682108965978496,16,576.042789876461,0.07944967435269931,11.950317,2,1,19.636892472645116,-63.98440903968671
96829,MeerKAT:array_1:20250715T124827Z,ex_[VV2006]_J131657.2-021631,16,626.6923402547836,-0.024446053646984402,11.940764,2,1,13.282559066666668,-2.275431
12874,MeerKAT:array_1:20250717T054309Z,Gaia_4669682374871238272,20,544.0542854070663,-0.081486845489948,11.936327,4,1,4.136301510057609,-66.06510405814161
56126,MeerKAT:array_1:20250713T190328Z,Gaia_6117499495125435904,1,587.9445355534554,-0.040743422744974,11.929667,4,1,14.176322533032172,-37.81505804807283
105911,MeerKAT:array_1:20250715T141354Z,Gaia_6210702308369949952,58,635.9959778785706,0.006111513411746101,11.920617,2,1,15.212347609953643,-31.280164256357022
133991,MeerKAT:array_1:20250715T135202Z,ex_4FGL_J1534.3-3312,1,677.9615178108215,-0.0101858556862435,11.918417,2,4,15.572000000000001,-33.202222
105831,MeerKAT:array_1:20250715T141354Z,ex_CD-30_12033,3,635.9959778785706,0.006111513411746101,11.9162,2,1,15.212353400000001,-31.280067
103647,MeerKAT:array_1:20250704T054305Z,Gaia_6441013955318647680,26,633.7494958639145,0.0529664495684662,11.912821,2,4,19.696488870777504,-63.88375237527816
28473,MeerKAT:array_1:20250729T031818Z,Gaia_4669704743060998272,55,560.0473505854607,-0.0529664495684662,11.907221,3,1,4.095050804231429,-65.73558192112485
41861,MeerKAT:array_1:20250713T211114Z,Gaia_4189261283199144832,18,575.9993273019791,0.05704079184296361,11.8980465,3,1,19.94729166531042,-11.773240903259731
31841,MeerKAT:array_1:20250715T124827Z,ex_[VV2006]_J131735.5-021504,26,562.5536738038063,-0.0427805938822227,11.895785,3,2,13.293173,-2.251123
117812,MeerKAT:array_1:20250715T135202Z,ex_ASASSN-V_J153331.85-331131.8,26,649.9927426576614,0.05704079184296361,11.889335,4,1,15.55884666666667,-33.19218
168280,MeerKAT:array_1:20250713T211114Z,Gaia_4189202115728667264,51,575.9993343949318,0.0040743422744974,11.886936,3,1,19.932634912978873,-12.417189656265908
134140,MeerKAT:array_1:20250715T135202Z,Gaia_6014539542668216832,63,677.9615522623062,-0.034631909333227906,11.886907,2,3,15.573086750896453,-33.002562659163786
41899,MeerKAT:array_1:20250713T211114Z,Gaia_4190177932297031424,34,575.999328315258,0.06722664752920711,11.87885,1,1,19.926884026894882,-11.349423669784414
133500,MeerKAT:array_1:20250715T133052Z,ex_LEDA_766727,24,673.144468665123,0.022408882509735703,11.86319,2,1,15.31033333333333,-26.543611000000002
122490,MeerKAT:array_1:20250723T045553Z,Gaia_4663761126812216320,1,650.0219169855118,-0.020371711372487,11.856978,1,1,5.092772975984582,-65.57443132282458
133989,MeerKAT:array_1:20250715T135202Z,J1534_3-3312,0,677.9615137577057,-0.014260197960740902,11.856463,1,2,15.571066666666665,-33.202999999999996
23351,MeerKAT:array_1:20250714T160406Z,Gaia_6144899393602218880,48,559.2503732442856,0.0183345402352383,11.848179,3,4,12.19896229188578,-43.88214540030484
10261,MeerKAT:array_1:20250715T135202Z,ex_LEDA_675496,40,550.2658495903015,-0.028520395921481805,11.842679,4,1,15.554507133333333,-33.502738
115183,MeerKAT:array_1:20250713T200741Z,Gaia_4124082332708621312,8,650.0221763849258,0.055003620705714906,11.818403,2,1,17.752059454184383,-16.278423583410646
240943,MeerKAT:array_1:20250723T045553Z,Gaia_4663763325835433984,61,667.1092089414597,-0.0040743422744974,11.814487,3,2,5.071139146024745,-65.5829035778183
117817,MeerKAT:array_1:20250715T135202Z,ex_LEDA_682471,53,649.9927416443825,0.081486845489948,11.800042,2,1,15.6042778,-33.008889
21065,MeerKAT:array_1:20250704T054305Z,Gaia_6440636341794408448,46,560.3366974592209,0.006111513411746101,11.79328,1,3,19.677164170708956,-64.02066284484518
188950,MeerKAT:array_1:20250715T141354Z,ex_CRTS_J151324.5-312620,12,635.9959799051285,-0.0040743422744974,11.770819,3,1,15.223475066666667,-31.439163
31886,MeerKAT:array_1:20250715T124827Z,ex_2MASX_J13170753-0134111,62,562.5536515116692,0.0835240166271967,11.765927,4,2,13.285425866666666,-1.569629
59476,MeerKAT:array_1:20250715T141354Z,ex_LEDA_2816945,35,587.1293931603432,-0.07741250321545061,11.765487,1,1,15.223111133333333,-31.457222000000005
80211,MeerKAT:array_1:20250715T135202Z,ex_LEDA_674574,49,611.7051702737808,-0.055003620705714906,11.7351885,1,1,15.599666666666668,-33.571667
133036,MeerKAT:array_1:20250715T124827Z,ex_LEDA_1099019,50,673.1444332003593,-0.0651894763919584,11.732088,4,2,13.258832466666666,-2.196388
23320,MeerKAT:array_1:20250714T160406Z,Gaia_6144899393599386368,10,559.2503732442856,0.0183345402352383,11.725916,3,4,12.199083187233217,-43.8831365381989
121999,MeerKAT:array_1:20250723T033528Z,Gaia_4661239083347457152,3,652.9655055403709,0.0366690804704766,11.718889,1,1,5.121862304641472,-69.11133740268838
134108,MeerKAT:array_1:20250715T135202Z,ex_LEDA_682725,51,677.9615127444267,0.0366690804704766,11.716733,4,2,15.603055533333333,-32.993333
63645,MeerKAT:array_1:20250729T170839Z,Gaia_1468230176388400768,3,587.9709720015526,-0.012223026823492201,11.716127,1,1,13.517179147757235,30.7128547890392
104402,MeerKAT:array_1:20250710T060816Z,Gaia_5598361300503538816,26,633.7494695186615,0.0183345402352383,11.715168,1,2,7.616534916912602,-31.06490905932196
117034,MeerKAT:array_1:20250715T130947Z,ex_Gaia_DR3_5832981929253923840,21,648.8109432458878,0.0264832247842331,11.710995,2,2,16.143610866666666,-60.10342300000001
41936,MeerKAT:array_1:20250713T211114Z,Gaia_4189039869044555648,49,575.9993273019791,0.0713009898037045,11.702863,3,1,19.950827859936883,-12.313990878777167
41881,MeerKAT:array_1:20250713T211114Z,Gaia_4189227576295425024,27,575.999328315258,0.044817765019471406,11.688058,2,1,19.94468649343769,-12.292555130950376
96826,MeerKAT:array_1:20250715T124827Z,ex_[VV2006]_J131600.8-021819,9,626.692330121994,0.0162973690979896,11.687518,2,2,13.266887200000001,-2.305604
96821,MeerKAT:array_1:20250715T124827Z,ex_4FGL_J1317.5-0153,1,626.6503540277481,0.05092927843121751,11.686316,3,1,13.2917222,-1.896111
71571,MeerKAT:array_1:20250715T124827Z,ex_ATO_J199.0886-01.7543,2,602.6509786248207,0.048892107293968805,11.680836,4,1,13.272576733333333,-1.754334
103672,MeerKAT:array_1:20250704T054305Z,Gaia_6440694718989982208,51,633.7494958639145,0.0529664495684662,11.677922,2,4,19.627238550430953,-63.863471464771756
186717,MeerKAT:array_1:20250713T192439Z,Gaia_5820224330175267968,55,625.0283983945847,0.0020371711372487,11.672003,4,3,15.598679205568718,-68.95499341256478
127327,MeerKAT:array_1:20250723T045553Z,Gaia_4662252111512209152,21,657.6801040768623,-0.014260197960740902,11.658656,1,2,5.0464225143877695,-65.84209088495196
72332,MeerKAT:array_1:20250715T135202Z,ex_ASASSN-V_J153339.64-330209.6,28,599.4173014760017,-0.048892107293968805,11.657709,1,2,15.561012,-33.03601
41834,MeerKAT:array_1:20250713T211114Z,Gaia_4189421708811965056,6,575.9993273019791,0.06926381866645581,11.654364,4,1,19.934916821388697,-11.482293112529309
41912,MeerKAT:array_1:20250713T211114Z,Gaia_4189428958720620160,39,575.999328315258,0.028520395921481805,11.651318,2,1,19.929540977398084,-11.32159250340178
65314,MeerKAT:array_1:20250704T054305Z,Gaia_6440670598453664256,24,602.1161730289459,0.040743422744974,11.645545,2,2,19.607090691945977,-63.973815869099425
128496,MeerKAT:array_1:20250723T012407Z,Gaia_4655482766341128704,38,667.1092504858971,-0.0468549361567201,11.640777,3,1,4.89403475196432,-68.93707968469715
56165,MeerKAT:array_1:20250713T190328Z,Gaia_6117499220247517184,14,587.9445355534554,-0.0427805938822227,11.639609,4,1,14.17793580225048,-37.84083624108
41971,MeerKAT:array_1:20250713T211114Z,Gaia_4189359071012556928,62,575.999328315258,0.044817765019471406,11.639568,2,1,19.957002339589938,-11.592718011282484
94116,MeerKAT:array_1:20250710T060816Z,Gaia_5599210673237550464,2,623.9686879515648,-0.0101858556862435,11.636758,1,1,7.586831156841061,-30.535070237861763
134102,MeerKAT:array_1:20250715T135202Z,ex_LEDA_674574,49,677.9615127444267,0.0366690804704766,11.635444,4,2,15.599666666666668,-33.571667
134019,MeerKAT:array_1:20250715T135202Z,ex_Gaia_DR3_6014448656864285696,13,677.9615107178688,0.0468549361567201,11.60627,2,2,15.554450866666667,-33.69069
10260,MeerKAT:array_1:20250715T135202Z,ex_CRTS_J153336.8-332037,39,550.2658668160439,-0.059077962980212305,11.595922,2,1,15.560236066666668,-33.343555
94426,MeerKAT:array_1:20250713T184021Z,Gaia_6441445685431477760,16,625.0283457040787,0.0325947381959792,11.590639,3,1,19.572307405191236,-63.62328940062961
65291,MeerKAT:array_1:20250704T054305Z,Gaia_6441424588552067456,5,602.116171002388,0.048892107293968805,11.58372,4,2,19.581274113725446,-63.89836092648778
134077,MeerKAT:array_1:20250715T135202Z,ex_ASASSN-V_J153642.66-332458.7,36,677.9615502357483,-0.0101858556862435,11.582514,2,3,15.611851333333334,-33.4163
152048,MeerKAT:array_1:20250705T194745Z,Gaia_4189227129618903040,61,548.0058950185776,0.0020371711372487,11.576053,3,1,19.922024998644442,-12.059627082410184
126540,MeerKAT:array_1:20250723T015429Z,Gaia_4661575332077268736,47,657.6801202893257,0.0183345402352383,11.575393,3,1,4.929403904748986,-67.72797273469033
96823,MeerKAT:array_1:20250715T124827Z,ex_IC_4218,3,626.6923412680626,-0.028520395921481805,11.574141,4,1,13.284281866666666,-2.261308
212178,MeerKAT:array_1:20250715T133052Z,Gaia_6214377842600673024,48,648.8108783960342,-0.0020371711372487,11.573084,1,1,15.282533320416032,-26.313306134676974
136324,MeerKAT:array_1:20250720T052239Z,Gaia_4669721579331652480,49,672.0527791380882,-0.044817765019471406,11.568573,2,1,4.150853913562524,-65.61806567427121
120599,MeerKAT:array_1:20250723T012407Z,Gaia_4655322718671293440,11,648.2510387301445,-0.048892107293968805,11.564715,2,2,4.851611814045074,-69.86857328818627
185632,MeerKAT:array_1:20250702T183548Z,ex_ASASSN-V_J163526.84-325659.7,13,625.0209781527519,0.0040743422744974,11.56235,3,1,16.59078933333333,-32.94992
134092,MeerKAT:array_1:20250715T135202Z,ex_2MASX_J15342271-3325592,43,677.9615127444267,0.038706251607725305,11.561525,4,2,15.572980733333333,-33.433097
45322,MeerKAT:array_1:20250716T012443Z,ex_2MASX_J04120867-6528156,21,576.0417593717575,0.0733381609409532,11.55637,3,1,4.2024040000000005,-65.47089199999999
95655,MeerKAT:array_1:20250713T205023Z,Gaia_6756228782060744704,28,625.0213338136673,0.020371711372487,11.545548,1,2,19.258506854001585,-32.484775460640435
42546,MeerKAT:array_1:20250714T162550Z,Gaia_4077093779926130816,9,575.9804803133011,0.012223026823492201,11.540244,3,1,18.53725234384712,-24.377234779743574
24289,MeerKAT:array_1:20250715T133052Z,Gaia_6214192196934384768,61,559.9964880347252,-0.055003620705714906,11.535364,2,1,15.261040008224382,-27.014013495875968
25242,MeerKAT:array_1:20250715T141354Z,ex_V359_Lup,23,559.2503651380539,-0.006111513411746101,11.530541,3,4,15.204188400000001,-31.179684000000005
24167,MeerKAT:array_1:20250715T133052Z,Gaia_6214377842600673024,48,559.2503671646118,-0.0101858556862435,11.523502,3,4,15.282533320416032,-26.313306134676974
44530,MeerKAT:array_1:20250715T141354Z,Gaia_6210727086038327424,55,574.8415324687958,-0.07741250321545061,11.520832,1,2,15.242945593157641,-30.94430206823846
41893,MeerKAT:array_1:20250713T211114Z,Gaia_4189243450494793088,32,575.999328315258,0.0733381609409532,11.517303,2,1,19.961536637698522,-11.936751091249588
134024,MeerKAT:array_1:20250715T135202Z,ex_CRTS_J153340.5-333253,15,677.9615147709846,0.006111513411746101,11.512414,2,2,15.5613082,-33.548002
24265,MeerKAT:array_1:20250715T133052Z,Gaia_6226381107964569856,49,559.9964900612831,-0.0651894763919584,11.511995,3,1,15.244938467414112,-26.292340790877688
10247,MeerKAT:array_1:20250715T135202Z,ex_CRTS_J153458.5-331931,9,550.2658546566963,-0.0427805938822227,11.509768,1,1,15.582876666666667,-33.325627
54194,MeerKAT:array_1:20250705T180344Z,Gaia_5820048958071367680,6,587.9710034132004,-0.024446053646984402,11.506498,3,1,15.70879280372358,-68.9115098451836
133374,MeerKAT:array_1:20250715T130947Z,ex_Gaia_DR3_5829903498546562048,27,678.3023504018784,0.0162973690979896,11.505914,1,2,16.216479333333336,-60.669651
126534,MeerKAT:array_1:20250723T015429Z,Gaia_4661547393279393920,37,657.6801202893257,0.0183345402352383,11.498276,3,1,4.964377351797403,-68.11747011074604
188221,MeerKAT:array_1:20250723T045553Z,Gaia_4663784766312970112,45,625.0210734009743,0.0020371711372487,11.495494,3,2,5.028852405690008,-65.21001613628955
134032,MeerKAT:array_1:20250715T135202Z,ex_ASASSN-V_J153341.31-332716.6,18,677.9615107178688,0.044817765019471406,11.49446,2,2,15.561475333333332,-33.45461
122020,MeerKAT:array_1:20250723T033528Z,Gaia_4661241939552471296,30,652.9655085802078,0.020371711372487,11.480804,2,1,5.125151095005582,-68.95370761978337
83457,MeerKAT:array_1:20250705T231238Z,J1939-6342,0,615.6714967489243,0.0183345402352383,11.477041,1,1,19.65695277777778,-63.71266666666667
89374,MeerKAT:array_1:20250723T030515Z,ex_ASASSN-V_J053240.24-692903.5,61,611.9696137905121,-0.014260197960740902,11.47387,1,1,5.544511333333333,-69.48431
103261,MeerKAT:array_1:20250731T221802Z,Gaia_4669786416159232256,27,625.0220218300819,-0.05704079184296361,11.460357,3,1,4.111414838416994,-65.40257367390265
45938,MeerKAT:array_1:20250717T054309Z,Gaia_4669812563919875200,22,574.8411717414856,-0.0427805938822227,11.457916,2,1,4.173439981851773,-65.54933189394633
122450,MeerKAT:array_1:20250723T045553Z,Gaia_4662247168040952064,5,648.250999212265,-0.0264832247842331,11.4549465,4,2,5.063915749301696,-65.98914207297108
93029,MeerKAT:array_1:20250705T192701Z,ex_ASASSN-V_J191812.17-323435.0,33,625.0284095406532,0.022408882509735703,11.453753,3,1,19.30338,-32.5764
134105,MeerKAT:array_1:20250715T135202Z,ex_2MASX_J15360155-3334208,50,677.9615147709846,-0.006111513411746101,11.452079,1,2,15.600432133333335,-33.572404000000006
94434,MeerKAT:array_1:20250713T184021Z,Gaia_6441460288320161792,33,625.0283467173576,0.0264832247842331,11.449333,3,1,19.651090985477136,-63.53156997969461
117365,MeerKAT:array_1:20250715T133052Z,Gaia_6214327711742533248,46,648.8109574317932,-0.0101858556862435,11.446857,2,1,15.312014739375769,-26.501675005682674
51919,MeerKAT:array_1:20250715T124827Z,ex_UGC_8340,57,578.6516093015671,-0.048892107293968805,11.443182,4,1,13.276528733333333,-2.091341
23991,MeerKAT:array_1:20250715T130947Z,ex_ASASSN-V_J161227.51-602016.9,18,559.2503408193588,0.0835240166271967,11.442142,2,2,16.207640666666666,-60.33804
39831,MeerKAT:array_1:20250713T145219Z,Gaia_6440675340097393792,4,576.0427959561348,0.055003620705714906,11.441418,1,1,19.630108293829164,-64.15981509130286
44523,MeerKAT:array_1:20250715T141354Z,Gaia_6210682865054712192,51,574.8415304422379,-0.0713009898037045,11.4279175,3,2,15.210110865409565,-31.474454018603495
134665,MeerKAT:array_1:20250715T143518Z,Gaia_6272786923922098816,30,677.9615421295166,0.0468549361567201,11.427531,2,4,14.315072921744209,-24.30770351865035
42598,MeerKAT:array_1:20250714T162550Z,Gaia_4077540112948886016,53,575.9804803133011,0.012223026823492201,11.423728,3,1,18.520499577455258,-23.981666060652078
77638,MeerKAT:array_1:20250723T045553Z,Gaia_4663569154643593856,24,599.848986685276,-0.034631909333227906,11.4162445,4,1,5.1147892600136675,-65.66860688605144
95715,MeerKAT:array_1:20250713T205023Z,Gaia_6757952511359513344,58,625.0213449597359,-0.024446053646984402,11.413796,4,1,19.25978889044461,-31.819964365811746
134123,MeerKAT:array_1:20250715T135202Z,Gaia_6016055253808084480,56,677.9615178108215,-0.0101858556862435,11.410186,2,4,15.580004736880305,-32.834086025369864
168250,MeerKAT:array_1:20250713T211114Z,Gaia_4189253685402458496,21,575.9993343949318,0.0040743422744974,11.403693,3,1,19.946232001254376,-12.009601460938825
39883,MeerKAT:array_1:20250713T145219Z,Gaia_6440673965708031104,46,576.042789876461,0.07944967435269931,11.401374,2,1,19.603294264673426,-63.91150150023773
52226,MeerKAT:array_1:20250715T135202Z,Gaia_6016066180205058176,59,583.9963295459747,-0.0183345402352383,11.400673,4,2,15.577791001427997,-32.672823093636566
88850,MeerKAT:array_1:20250723T022503Z,ex_OGLE-CL_LMC_467,6,611.9850308299065,-0.0162973690979896,11.397785,4,1,5.432075,-69.753342
23800,MeerKAT:array_1:20250715T124827Z,ex_[VV2006]_J131716.4-021814,22,560.1306340098381,-0.07944967435269931,11.397556,4,1,13.2878838,-2.304098
131941,MeerKAT:array_1:20250713T200741Z,Gaia_4124144248933362816,9,671.9926460981369,-0.022408882509735703,11.389053,3,1,17.714796899410818,-16.09170160453988
112342,MeerKAT:array_1:20250705T182441Z,Gaia_6024476001064533248,30,650.0217143297195,0.022408882509735703,11.386779,3,1,16.561433885621145,-32.646640909443136
113805,MeerKAT:array_1:20250707T175557Z,Gaia_4077468541608282752,54,650.0019067525864,0.081486845489948,11.385302,1,2,18.545441925999608,-24.351145054137124
103666,MeerKAT:array_1:20250704T054305Z,Gaia_6440697635271979264,45,633.7494968771935,-0.020371711372487,11.377941,2,4,19.614640972592326,-63.85917615107838
162785,MeerKAT:array_1:20250715T124827Z,ex_2dFGRS_TGN261Z265,60,560.1306319832802,0.0040743422744974,11.364688,1,1,13.280294999999999,-1.932992
136911,MeerKAT:array_1:20250723T012407Z,Gaia_4655480876554034432,46,676.5383563637733,-0.048892107293968805,11.360891,4,2,4.855506909935395,-68.95214578109378
10264,MeerKAT:array_1:20250715T135202Z,Gaia_6016055253808084480,56,550.2658495903015,-0.028520395921481805,11.359448,4,1,15.580004736880305,-32.834086025369864
102022,MeerKAT:array_1:20250723T045553Z,Gaia_4662256926207290240,23,625.0210734009743,0.006111513411746101,11.350782,2,2,5.069113352092863,-65.70466834811567
91639,MeerKAT:array_1:20250705T060310Z,Gaia_6440697673927495424,53,623.9686139822006,-0.012223026823492201,11.345097,1,1,19.615509432164554,-63.8466363923387
41961,MeerKAT:array_1:20250713T211114Z,Gaia_4189314089819894272,59,575.999328315258,0.028520395921481805,11.341029,2,1,19.936392078238796,-11.616763491342992
51934,MeerKAT:array_1:20250715T124827Z,ex_2MASX_J13171155-0212040,63,581.3182079195976,-0.081486845489948,11.327274,3,1,13.2865406,-2.201051
134080,MeerKAT:array_1:20250715T135202Z,ex_CRTS_J153145.8-330555,37,677.9615532755852,0.0081486845489948,11.313799,2,3,15.529409600000001,-33.098701
148305,MeerKAT:array_1:20240925T225556Z,Gaia_2775987244878600064,33,743.9774811267853,-0.038706251607725305,11.307399,2,1,0.7395521562673257,12.595182476990303
126139,MeerKAT:array_1:20250717T054309Z,Gaia_4669681996914101120,2,660.8561519980431,-0.0713009898037045,11.305173,3,1,4.139396981194498,-66.10063873949068
23760,MeerKAT:array_1:20250715T124827Z,ex_[VV2006]_J131540.1-020548,7,560.3367298841476,0.024446053646984402,11.299131,1,2,13.261124800000001,-2.096662
56234,MeerKAT:array_1:20250713T190328Z,Gaia_6117460428102076800,37,587.9445345401764,-0.0325947381959792,11.295744,2,2,14.137307208506607,-38.23268471803806
242224,MeerKAT:array_1:20250715T135202Z,ex_CRTS_J153330.1-324437,8,677.9615198373795,-0.0040743422744974,11.294472,1,4,15.5583856,-32.743104
156759,MeerKAT:array_1:20250716T012443Z,Gaia_4669836611440144256,26,549.9944124221802,-0.0040743422744974,11.280815,1,1,4.138629364363941,-65.17916602127721
79608,MeerKAT:array_1:20250710T060816Z,Gaia_5598361300503538816,26,607.1924300789833,-0.014260197960740902,11.280187,1,1,7.616534916912602,-31.06490905932196
134006,MeerKAT:array_1:20250715T135202Z,ex_CRTS_J153300.0-332545,7,677.9615127444267,0.038706251607725305,11.280026,4,2,15.5500368,-33.429285
25232,MeerKAT:array_1:20250715T141354Z,ex_Gaia_DR3_6210810163588884096,13,559.2503651380539,-0.006111513411746101,11.278951,3,4,15.171890866666669,-31.189497000000003
58679,MeerKAT:array_1:20250715T133052Z,ex_GALEX_J151638.4-271247,10,587.1294174790382,0.014260197960740902,11.27551,1,1,15.2773568,-27.2131
88246,MeerKAT:array_1:20250723T012407Z,Gaia_4655486855149751296,30,611.9697607159615,-0.044817765019471406,11.271648,2,1,4.8768717338984136,-68.88068509619566
122509,MeerKAT:array_1:20250723T045553Z,Gaia_4663601658959713536,11,650.0219169855118,-0.034631909333227906,11.26127,4,1,5.1324441004616075,-65.44770451619485
68152,MeerKAT:array_1:20250710T060816Z,Gaia_5599276472135039104,39,599.1095078587532,-0.028520395921481805,11.258764,1,1,7.66374765704225,-30.300738024982873
117336,MeerKAT:array_1:20250715T133052Z,ex_GALEX_J151820.4-263254,11,648.8109554052353,0.0081486845489948,11.258741,2,1,15.305701066666666,-26.548445
73848,MeerKAT:array_1:20250715T143518Z,Gaia_6272510907847320448,49,602.3019080758095,0.040743422744974,11.256334,3,2,14.352083168573476,-24.84647003639755
133019,MeerKAT:array_1:20250715T124827Z,ex_[VV2006]_J131709.6-020414,19,673.1444372534752,0.044817765019471406,11.249559,1,2,13.285986666666668,-2.070726
134087,MeerKAT:array_1:20250715T135202Z,ex_LEDA_675496,40,677.9615117311478,0.0427805938822227,11.238844,1,2,15.554507133333333,-33.502738
105868,MeerKAT:array_1:20250715T141354Z,ex_ASASSN-V_J151311.91-311358.5,27,635.9959799051285,-0.006111513411746101,11.234293,3,1,15.219974666666667,-31.23292
188465,MeerKAT:array_1:20250704T054305Z,Gaia_6440702003254489088,8,633.7494968771935,0.0020371711372487,11.216187,1,4,19.648413626149438,-63.76642775938528
97200,MeerKAT:array_1:20250715T133052Z,Gaia_6214395812743872000,52,626.6923230290413,0.024446053646984402,11.199918,1,1,15.280821190946911,-26.251500292921936
58700,MeerKAT:array_1:20250715T133052Z,ex_LEDA_767498,23,587.1294215321541,0.059077962980212305,11.1768675,3,1,15.308726666666667,-26.465782
117366,MeerKAT:array_1:20250715T133052Z,Gaia_6214386088937911808,47,648.8109209537506,0.081486845489948,11.165647,4,2,15.291576848592786,-26.190140366320833
58100,MeerKAT:array_1:20250715T124827Z,ex_LBQS_1313-0142,5,586.6514011025429,-0.055003620705714906,11.162033,4,1,13.260753866666667,-1.979511
126411,MeerKAT:array_1:20250723T012407Z,Gaia_4655252384328700160,50,657.6801446080208,-0.048892107293968805,11.153514,4,1,4.983020077533021,-69.50912345593521
52176,MeerKAT:array_1:20250715T135202Z,ex_ASASSN-V_J153200.27-331814.3,21,583.9963305592537,-0.020371711372487,11.147885,1,2,15.533409333333333,-33.30398
41324,MeerKAT:array_1:20250713T202929Z,Gaia_4153218222588774784,55,575.977871119976,-0.0183345402352383,11.143209,4,1,18.43334849097131,-12.040024853385757
210694,MeerKAT:array_1:20250715T053823Z,Gaia_4669881730073228800,23,651.6756946444511,-0.0020371711372487,11.125858,4,1,4.121089116082664,-65.22537274200309
186985,MeerKAT:array_1:20250715T124827Z,ex_[VV2006]_J131905.8-015208,37,626.6923351883888,-0.0040743422744974,11.099578,1,1,13.318295066666668,-1.8691169999999997
51928,MeerKAT:array_1:20250715T124827Z,J1317_5-0153,0,581.318198800087,0.0651894763919584,11.090047,1,1,13.294,-2.0050000000000003
134052,MeerKAT:array_1:20250715T135202Z,ex_ASASSN-V_J153302.82-333213.3,25,677.9615127444267,0.006111513411746101,11.088879,1,2,15.550784666666667,-33.537029999999994
96830,MeerKAT:array_1:20250715T124827Z,ex_[VV2006]_J131702.2-012952,17,626.6923412680626,-0.028520395921481805,11.088106,4,1,13.283941333333333,-1.497654
56207,MeerKAT:array_1:20250713T190328Z,Gaia_6117560792898242432,28,587.9445355534554,-0.0427805938822227,11.086297,4,1,14.14364956050646,-37.64832850215554
105914,MeerKAT:array_1:20250715T141354Z,Gaia_6210677809876566784,59,636.2808470726013,0.028520395921481805,11.070082,1,2,15.219061536771624,-31.58914200227071
96831,MeerKAT:array_1:20250715T124827Z,ex_[VV2006]_J131714.2-022516,21,626.6503601074219,-0.048892107293968805,11.067485,1,1,13.287285666666667,-2.42103
96630,MeerKAT:array_1:20250715T124827Z,ex_[VV2006]_J131758.7-014439,29,621.317156791687,0.081486845489948,11.0570545,2,1,13.2996158,-1.744436
96631,MeerKAT:array_1:20250715T124827Z,ex_2dFGRS_TGN195Z268,46,621.317156791687,0.081486845489948,11.056473,2,1,13.273486333333334,-2.090375
39117,MeerKAT:array_1:20250707T175557Z,ex_ASASSN-V_J183215.25-243749.6,13,572.715768456459,0.07741250321545061,11.052223,3,3,18.537560000000003,-24.6309
94436,MeerKAT:array_1:20250713T184021Z,Gaia_6440708119287928320,37,625.0283477306366,0.024446053646984402,11.050445,2,1,19.651639653464592,-63.56548071061793
23321,MeerKAT:array_1:20250714T160406Z,Gaia_6143886365436710400,11,559.2503772974014,-0.0183345402352383,11.049935,4,4,12.274676005672008,-44.559077385744125
41920,MeerKAT:array_1:20250713T211114Z,Gaia_4189273790143220480,42,575.9993273019791,0.05704079184296361,11.04471,3,1,19.914418903027936,-12.063766900184929
117329,MeerKAT:array_1:20250715T133052Z,ex_CRTS_J151615.6-261959,3,648.8108814358711,-0.024446053646984402,11.03707,1,1,15.271034333333333,-26.332653
111328,MeerKAT:array_1:20250702T181451Z,ex_LEDA_281332,60,647.9395263791084,-0.055003620705714906,11.031233,1,1,15.6525278,-69.104722
71577,MeerKAT:array_1:20250715T124827Z,ex_[VV2006]_J131844.0-013821,34,602.6509806513786,0.0162973690979896,11.0304165,1,1,13.312201666666667,-1.639327
134062,MeerKAT:array_1:20250715T135202Z,ex_ASASSN-V_J153354.39-333109.3,29,677.9615188241005,-0.030557567058730504,11.025592,1,4,15.565107333333334,-33.51926
56309,MeerKAT:array_1:20250713T190328Z,Gaia_6117508119418958592,62,587.9445345401764,-0.0325947381959792,11.025261,2,2,14.130946866080892,-38.1918831180755
83855,MeerKAT:array_1:20250709T013528Z,ex_[BH2018]_J287.687292-59.869917,34,613.1962366104126,-0.022408882509735703,11.024833,2,1,19.179162866666665,-59.869922
134708,MeerKAT:array_1:20250715T143518Z,Gaia_6272706831371846144,56,677.9615482091904,0.024446053646984402,11.015501,1,3,14.321782072127991,-24.84882836037238
33026,MeerKAT:array_1:20250715T141354Z,Gaia_6210929086941540864,43,567.9964034557343,0.024446053646984402,11.013669,1,1,15.20830541635034,-30.78281469371523
133502,MeerKAT:array_1:20250715T133052Z,Gaia_6214255728090340992,41,673.144469678402,0.0162973690979896,11.01138,1,1,15.239129816158913,-26.858508688979942
52188,MeerKAT:array_1:20250715T135202Z,ex_ASASSN-V_J153511.70-332719.0,31,583.9963295459747,-0.014260197960740902,11.008986,4,2,15.586582666666668,-33.455279999999995
108280,MeerKAT:array_1:20250715T124827Z,ex_[VV2006]_J131739.1-021013,27,640.963461458683,0.030557567058730504,11.003702,1,1,13.294203933333334,-2.1703630000000005
134038,MeerKAT:array_1:20250715T135202Z,ex_ASASSN-V_J153641.93-331910.4,20,677.9615188241005,-0.0162973690979896,10.982489,2,4,15.611646666666667,-33.31955000000001
111721,MeerKAT:array_1:20250704T054305Z,Gaia_6441836424375865344,54,651.2685297727585,0.0631523052547097,10.981855,1,2,19.667545931629498,-63.41447865654784
30058,MeerKAT:array_1:20250705T194745Z,ex_1RXS_J195417.7-121745,3,563.9720900654793,-0.014260197960740902,10.97485,4,1,19.90491666666667,-12.295833000000002
65301,MeerKAT:array_1:20250704T054305Z,Gaia_6440673446016327424,13,602.116171002388,0.048892107293968805,10.97246,4,2,19.598693135682613,-63.950315873858194
63680,MeerKAT:array_1:20250729T170839Z,Gaia_1468255740033709568,37,587.9709740281105,-0.024446053646984402,10.967649,1,1,13.495003929247563,30.69540621570842
117331,MeerKAT:array_1:20250715T133052Z,ex_CRTS_J151640.6-261626,5,648.8108804225922,-0.0162973690979896,10.967465,1,1,15.277968199999998,-26.273239999999998
134017,MeerKAT:array_1:20250715T135202Z,ex_Gaia_DR2_6014515417835108352,12,677.961557328701,-0.024446053646984402,10.966048,1,4,15.5393338,-33.354266
117367,MeerKAT:array_1:20250715T133052Z,Gaia_6226381107964569856,49,648.8109351396561,0.07944967435269931,10.962833,1,2,15.244938467414112,-26.292340790877688
45442,MeerKAT:array_1:20250716T012443Z,Gaia_4669678457861019648,62,576.0417593717575,0.0733381609409532,10.958736,3,1,4.10688780937403,-66.11669300440485
136287,MeerKAT:array_1:20250720T052239Z,Gaia_4669671826429884928,17,672.0527791380882,-0.0468549361567201,10.950864,2,1,4.116872156196555,-66.30240199117101
58129,MeerKAT:array_1:20250715T124827Z,ex_LEDA_1096217,54,586.6514011025429,-0.048892107293968805,10.940438,2,1,13.2761222,-2.2895
65295,MeerKAT:array_1:20250704T054305Z,Gaia_6440702003254489088,8,602.1161882281303,0.0468549361567201,10.935473,3,3,19.648413626149438,-63.76642775938528
183536,MeerKAT:array_1:20250705T174237Z,Gaia_6117477917209895936,3,611.9698468446732,0.0040743422744974,10.928058,2,1,14.172098679141081,-38.07731558760066
25244,MeerKAT:array_1:20250715T141354Z,ex_ASASSN-V_J151253.14-314549.0,25,559.2503651380539,-0.006111513411746101,10.925326,3,4,15.214760666666667,-31.763619999999996
51929,MeerKAT:array_1:20250715T124827Z,ex_[VV2006]_J131539.5-014850,6,581.318197786808,0.081486845489948,10.921835,3,1,13.2609708,-1.813749
71565,MeerKAT:array_1:20250715T124827Z,ex_[VV2006]_J131758.7-014439,29,602.1161841750145,0.0753753320782019,10.9212055,2,1,13.2996158,-1.744436
56910,MeerKAT:array_1:20250713T200741Z,Gaia_4148168101329653888,15,587.9802972078323,0.0366690804704766,10.917429,2,1,17.74591071324314,-15.919618062390377
116501,MeerKAT:array_1:20250715T053823Z,Gaia_4668925773432334976,10,651.6913234591484,-0.020371711372487,10.894604,4,1,4.1659737863671005,-66.26773531714073
105856,MeerKAT:array_1:20250715T141354Z,ex_ASASSN-V_J151310.06-311615.3,19,636.2808460593224,0.0713009898037045,10.89347,2,2,15.219460666666667,-31.27092
67148,MeerKAT:array_1:20250705T231238Z,Gaia_6441476020783819136,19,600.1127614378929,0.0081486845489948,10.885752,2,1,19.623406000142765,-63.409905417430984
133007,MeerKAT:array_1:20250715T124827Z,ex_[VV2006]_J131712.9-014118,20,671.9668824672699,0.0733381609409532,10.881397,1,1,13.286892000000002,-1.688167
98776,MeerKAT:array_1:20250716T022312Z,Gaia_4669816648433073792,57,625.0286588072777,0.020371711372487,10.88005,4,1,4.1601250395919624,-65.49266722141515
59510,MeerKAT:array_1:20250715T141354Z,Gaia_6210673003810108544,62,587.1294002532959,0.0264832247842331,10.871469,1,2,15.258601658975717,-31.161258868854038
108304,MeerKAT:array_1:20250715T124827Z,ex_LBQS_1317-0142,40,642.6499376296997,0.0529664495684662,10.865311,4,1,13.330653466666668,-1.96773
133756,MeerKAT:array_1:20250715T135202Z,ex_ASASSN-V_J153513.42-332316.8,32,673.1444879174232,0.06926381866645581,10.861612,3,1,15.587060000000003,-33.388
131997,MeerKAT:array_1:20250713T200741Z,Gaia_4148154181269181312,37,671.9926460981369,-0.022408882509735703,10.861424,3,1,17.769977050377584,-15.763907627006128
77045,MeerKAT:array_1:20250723T030515Z,ex_ASASSN-V_J053549.29-693756.9,39,599.8524652719498,-0.0183345402352383,10.840093,3,1,5.597024,-69.63246000000001
187855,MeerKAT:array_1:20250720T052239Z,Gaia_4669681172280380800,32,624.0518021583557,-0.0020371711372487,10.837851,1,1,4.144022622433948,-66.11683398435129
23319,MeerKAT:array_1:20250714T160406Z,Gaia_6144297892023344000,8,559.2503772974014,-0.0183345402352383,10.832547,4,4,12.188998416061084,-44.54390950212101
85649,MeerKAT:array_1:20250715T124827Z,ex_[VV2006]_J131858.7-013642,35,618.6505622267723,0.0529664495684662,10.830538,4,1,13.316313866666668,-1.611806
115218,MeerKAT:array_1:20250713T200741Z,Gaia_4148112713424802176,44,650.0221814513206,0.030557567058730504,10.8272915,1,1,17.78041645696578,-15.964066650749098
115200,MeerKAT:array_1:20250713T200741Z,Gaia_4124096665066280832,26,650.0221824645996,0.0081486845489948,10.8259535,3,1,17.73571745239906,-16.24564700612122
20864,MeerKAT:array_1:20250704T054305Z,Gaia_6440677401681817856,19,552.963826417923,0.06111513411746101,10.818048,2,1,19.637826258661583,-64.0201424224844
134620,MeerKAT:array_1:20250715T143518Z,ex_CRTS_J142316.1-244011,2,677.9615532755852,-0.0183345402352383,10.818037,1,3,14.387850266666668,-24.669710000000002
128765,MeerKAT:array_1:20250723T045553Z,Gaia_4663799987677543680,19,667.1092089414597,-0.006111513411746101,10.81489,3,2,5.070700286382981,-65.12623889956755
56246,MeerKAT:array_1:20250713T190328Z,Gaia_6117545949491521408,41,587.9445355534554,-0.040743422744974,10.812098,4,1,14.16307676662063,-37.698302521712996
33033,MeerKAT:array_1:20250715T141354Z,Gaia_6210679635239281920,53,567.9964044690132,0.0183345402352383,10.805056,4,1,15.206413996742159,-31.599417101675918
24226,MeerKAT:array_1:20250715T133052Z,Gaia_6214393648080385024,26,559.9964900612831,-0.0733381609409532,10.802885,3,1,15.269256586265445,-26.245989065000384
20871,MeerKAT:array_1:20250704T054305Z,Gaia_6441013955318647680,26,552.9638466835022,0.034631909333227906,10.799233,1,2,19.696488870777504,-63.88375237527816
85644,MeerKAT:array_1:20250715T124827Z,ex_[VV2006]_J131540.1-020548,7,618.6505683064461,-0.048892107293968805,10.798679,3,1,13.261124800000001,-2.096662
116559,MeerKAT:array_1:20250715T053823Z,Gaia_4669058127144890240,24,653.249532699585,0.05092927843121751,10.796557,4,3,4.216695030542614,-65.65456586665863
52159,MeerKAT:array_1:20250715T135202Z,ex_CRTS_J153330.1-324437,8,583.9963295459747,-0.014260197960740902,10.796473,4,2,15.5583856,-32.743104
155792,MeerKAT:array_1:20250715T124827Z,ex_LBQS_1317-0142,40,543.946281015873,-0.0040743422744974,10.7912445,4,1,13.330653466666668,-1.96773
24228,MeerKAT:array_1:20250715T133052Z,Gaia_6214393648080384896,27,559.9964900612831,-0.0733381609409532,10.782256,3,1,15.26930690003996,-26.24568182779499
111349,MeerKAT:array_1:20250702T181451Z,ex_Gaia_DR2_5820203061496596608,20,653.2495175004005,0.0835240166271967,10.780338,1,2,15.645509333333335,-69.173364
187576,MeerKAT:array_1:20250717T054309Z,Gaia_4669688658407182208,36,625.0286466479301,0.0040743422744974,10.775534,2,1,4.083683723103752,-66.17311325053718
110241,MeerKAT:array_1:20250723T033528Z,Gaia_4658396231678366720,12,638.8218487501144,0.0325947381959792,10.773348,4,1,5.2322763329789925,-68.30883171572454
125996,MeerKAT:array_1:20250715T141354Z,Gaia_6210947675560012160,49,661.6966567635536,0.030557567058730504,10.768876,1,1,15.211111614510838,-30.672567365787614
39118,MeerKAT:array_1:20250707T175557Z,ex_NSV_24491,41,572.715768456459,0.0753753320782019,10.768079,3,3,18.554000000000002,-24.109722000000005
115201,MeerKAT:array_1:20250713T200741Z,Gaia_4124075499465369344,27,650.0221814513206,0.022408882509735703,10.760952,3,1,17.754817599058057,-16.408589905293915
152047,MeerKAT:array_1:20250705T194745Z,Gaia_4189268498743590400,58,548.0058950185776,0.0020371711372487,10.757819,3,1,19.89327571824268,-12.167323646988219
133400,MeerKAT:array_1:20250715T130947Z,ex_ASASSN-V_J160755.47-601702.5,45,678.3023493885994,0.0325947381959792,10.753657,1,2,16.132074,-60.284040000000005
100352,MeerKAT:array_1:20250723T012407Z,Gaia_4655472011740286976,39,625.0211301445961,-0.0468549361567201,10.739902,4,1,4.9102131796827795,-68.97231871512196
176509,MeerKAT:array_1:20250715T133052Z,J1516_4-2640,0,590.0137859582901,0.0020371711372487,10.733731,4,1,15.270999999999999,-26.699
136900,MeerKAT:array_1:20250723T012407Z,Gaia_4655384085170797568,28,676.5383594036102,-0.06111513411746101,10.72654,2,2,4.848962693201648,-69.14544346041157
131933,MeerKAT:array_1:20250713T200741Z,Gaia_4148122261073757184,5,671.9926460981369,-0.022408882509735703,10.7250805,3,1,17.75282903950243,-15.937011927010083
34815,MeerKAT:array_1:20250728T151003Z,ex_V1726_Cen,22,563.9792711734772,0.034631909333227906,10.718569,2,1,13.453500000000002,-47.399667
45943,MeerKAT:array_1:20250717T054309Z,Gaia_4669681996914100864,24,574.8411717414856,-0.0427805938822227,10.718095,2,1,4.1387636225831566,-66.09069349647753
71572,MeerKAT:array_1:20250715T124827Z,ex_[VV2006]_J131627.2-021904,15,602.6509847044945,-0.05092927843121751,10.710435,2,1,13.274206533333336,-2.317751
110838,MeerKAT:array_1:20250729T055516Z,ex_PGC0309704,35,640.0182241797447,-0.0631523052547097,10.70731,1,1,4.211972200000001,-65.840833
89234,MeerKAT:array_1:20250723T030515Z,ex_BSDL_2825,10,611.96961581707,-0.0325947381959792,10.699517,2,1,5.692508333333334,-70.235556
54187,MeerKAT:array_1:20250705T180344Z,J1536-6855T2,0,587.9710034132004,-0.024446053646984402,10.697423,3,1,15.611522222222224,-68.93441666666668
33021,MeerKAT:array_1:20250715T141354Z,ex_LEDA_706855,34,567.9964024424553,0.0264832247842331,10.694781,2,1,15.190688666666667,-31.296033999999995
148350,MeerKAT:array_1:20240925T225556Z,Gaia_2776218279760123904,54,743.9774811267853,-0.038706251607725305,10.692496,2,1,0.7067298219294571,13.134422055592024
33027,MeerKAT:array_1:20250715T141354Z,Gaia_6210930972427405568,44,567.9964044690132,0.0183345402352383,10.691148,4,1,15.222937694834382,-30.775369380016468
83371,MeerKAT:array_1:20250705T231238Z,Gaia_6440637922342371072,37,613.1961079239845,-0.0325947381959792,10.689566,2,2,19.68145300383392,-63.985281897601844
20981,MeerKAT:array_1:20250704T054305Z,Gaia_6441455782899016448,20,559.250415802002,0.006111513411746101,10.684638,1,2,19.6107637246379,-63.55988771361879
51931,MeerKAT:array_1:20250715T124827Z,ex_2QZ_J131652.4-014400,47,581.3182079195976,-0.0835240166271967,10.682346,3,1,13.281243,-1.7334129999999999
96976,MeerKAT:array_1:20250715T130947Z,ex_ASASSN-V_J161135.94-595828.8,33,626.6923888921738,0.0162973690979896,10.668541,1,1,16.193224666666666,-59.97294000000001
94852,MeerKAT:array_1:20250713T192439Z,Gaia_5820209585533108224,56,625.0283983945847,0.0162973690979896,10.657942,2,3,15.65679156766904,-69.0950885336081
33330,MeerKAT:array_1:20250717T054309Z,Gaia_4669818439435145216,44,562.5533211827278,-0.0733381609409532,10.656848,4,1,4.165123921944731,-65.42808185404816
133040,MeerKAT:array_1:20250715T124827Z,ex_PGC1089638,56,673.1444281339645,0.07944967435269931,10.650593,1,2,13.276388866666668,-2.524444
52150,MeerKAT:array_1:20250715T135202Z,J1534_3-3312,0,583.9963295459747,-0.0183345402352383,10.633553,4,2,15.571066666666665,-33.202999999999996
71575,MeerKAT:array_1:20250715T124827Z,ex_[VV2006]_J131714.2-022516,21,602.6509847044945,-0.0529664495684662,10.632763,2,1,13.287285666666667,-2.42103
110834,MeerKAT:array_1:20250729T055516Z,Gaia_4669791226522616960,15,640.0182201266289,-0.0468549361567201,10.627128,1,1,4.094943305570081,-65.27244163902667
42589,MeerKAT:array_1:20250714T162550Z,Gaia_4077094501480787584,45,575.9804803133011,0.0081486845489948,10.6264925,1,1,18.53746266641821,-24.32400286917061
52167,MeerKAT:array_1:20250715T135202Z,ex_Gaia_DR2_6014481607850620928,14,583.9963295459747,-0.0183345402352383,10.622437,4,2,15.590624466666664,-33.329519
134377,MeerKAT:array_1:20250715T141354Z,ex_ASASSN-V_J151044.76-310750.3,20,677.9614772796631,-0.081486845489948,10.621978,1,1,15.179098666666667,-31.130640000000003
111361,MeerKAT:array_1:20250702T181451Z,ex_ASASSN-V_J154125.84-691615.0,55,653.2495256066322,0.0529664495684662,10.602214,1,3,15.690511333333335,-69.27082
54258,MeerKAT:array_1:20250705T180344Z,Gaia_5820297997446470272,53,587.9710034132004,-0.030557567058730504,10.598405,4,1,15.58022600515927,-68.54991584785914
59479,MeerKAT:array_1:20250715T141354Z,ex_LEDA_706196,37,587.1293678283691,0.040743422744974,10.591521,3,2,15.234982133333332,-31.351493
65353,MeerKAT:array_1:20250704T054305Z,Gaia_6441459944722781952,59,602.1161882281303,-0.020371711372487,10.581882,1,3,19.645276948831054,-63.49177115396803
115226,MeerKAT:array_1:20250713T200741Z,Gaia_4147907890670229504,52,650.0221794247627,0.0427805938822227,10.562558,1,1,17.76988153541642,-16.391225758576436
85889,MeerKAT:array_1:20250715T130947Z,ex_CI_Nor,17,619.3195289969444,0.006111513411746101,10.555491,2,2,16.2037032,-60.07312400000001
131931,MeerKAT:array_1:20250713T200741Z,Gaia_4124152534007384192,4,671.9926471114159,-0.0264832247842331,10.55197,1,1,17.733245045726452,-15.934392193874213
111585,MeerKAT:array_1:20250704T054305Z,Gaia_6440680459698547200,55,647.2235252261162,-0.0651894763919584,10.55049,1,1,19.630562217719838,-64.01602425040166
43690,MeerKAT:array_1:20250715T133052Z,Gaia_6214270468417955456,50,577.5400240421295,0.0753753320782019,10.548744,1,3,15.280405320143752,-27.0847935924609
73722,MeerKAT:array_1:20250715T143518Z,ex_CRTS_J142054.6-244720,5,602.3019080758095,0.0427805938822227,10.54684,3,2,14.348513,-24.788937
134128,MeerKAT:array_1:20250715T135202Z,Gaia_6014499066895969792,58,677.9615107178688,0.0081486845489948,10.542841,1,2,15.55490676482723,-33.53150019893948
28452,MeerKAT:array_1:20250729T031818Z,Gaia_4669719758266718592,41,560.0473505854607,-0.055003620705714906,10.537787,3,1,4.142002533721463,-65.69469461611777
57009,MeerKAT:array_1:20250713T200741Z,Gaia_4148156556456281344,48,587.9802972078323,0.0366690804704766,10.533129,2,1,17.778262326607525,-15.6583345053114
24236,MeerKAT:array_1:20250715T133052Z,Gaia_6214384886347032704,32,559.9964880347252,-0.055003620705714906,10.531368,2,1,15.29437181558255,-26.25336504979793
23869,MeerKAT:array_1:20250715T124827Z,ex_LEDA_1099019,50,560.3367329239845,0.012223026823492201,10.528809,1,2,13.258832466666666,-2.196388
58128,MeerKAT:array_1:20250715T124827Z,ex_2dFGRS_TGN261Z280,52,586.6513960361481,0.0366690804704766,10.524976,1,1,13.2609722,-2.171389
34094,MeerKAT:array_1:20250723T012407Z,Gaia_4655298490892879488,37,563.9784038066864,-0.014260197960740902,10.524962,2,1,4.971548301924325,-69.1487931995962
152046,MeerKAT:array_1:20250705T194745Z,Gaia_4189317736249528448,43,548.0058950185776,0.0020371711372487,10.521415,3,1,19.915732997621074,-11.760578259408465
115194,MeerKAT:array_1:20250713T200741Z,Gaia_4148128274025971072,20,650.0221763849258,0.055003620705714906,10.505548,2,1,17.763063745354717,-15.871344733945927
30185,MeerKAT:array_1:20250705T194745Z,Gaia_4189256507195432192,45,563.9720900654793,-0.014260197960740902,10.50437,4,1,19.95455879209379,-11.882990986490752
105510,MeerKAT:array_1:20250715T135202Z,ex_CRTS_J153443.6-330420,19,636.280882537365,-0.012223026823492201,10.497,1,2,15.578744800000003,-33.072493
110807,MeerKAT:array_1:20250729T031818Z,Gaia_4668952986345275648,37,644.3067409396172,0.024446053646984402,10.492192,1,1,4.1690110313873285,-66.1428242444611
52186,MeerKAT:array_1:20250715T135202Z,ex_ASASSN-V_J153431.87-331118.1,30,583.9963295459747,-0.012223026823492201,10.491188,3,2,15.57551866666667,-33.18836000000001
85799,MeerKAT:array_1:20250715T130947Z,ex_ASASSN-V_J160833.42-603822.4,49,613.1931035518646,0.0264832247842331,10.488546,3,1,16.142602,-60.639610000000005
58998,MeerKAT:array_1:20250715T135202Z,ex_Gaia_DR2_6014481607850620928,14,587.1294448375702,-0.05704079184296361,10.484992,1,2,15.590624466666664,-33.329519
21049,MeerKAT:array_1:20250704T054305Z,Gaia_6440630809876553856,30,560.3366974592209,0.044817765019471406,10.48188,4,3,19.65583600271892,-64.07446884040192
147138,MeerKAT:array_1:20240925T225556Z,Gaia_2775982434515727872,62,647.9749698638916,-0.048892107293968805,10.479482,1,1,0.7155539889456264,12.48993640306527
42565,MeerKAT:array_1:20250714T162550Z,Gaia_4077525029020862080,24,575.9804803133011,0.012223026823492201,10.472238,3,1,18.53701799483921,-24.034985979816035
104908,MeerKAT:array_1:20250715T053823Z,Gaia_4669058127144890240,24,633.7494786381721,-0.07741250321545061,10.471972,4,3,4.216695030542614,-65.65456586665863
92661,MeerKAT:array_1:20250705T184525Z,Gaia_4124154488132998912,52,625.0283994078636,-0.0081486845489948,10.470471,2,3,17.712279265906467,-16.1080818435072
108306,MeerKAT:array_1:20250715T124827Z,ex_UGC_8340,57,642.6499376296997,0.0529664495684662,10.470231,4,1,13.276528733333333,-2.091341
115187,MeerKAT:array_1:20250713T200741Z,Gaia_4148156934413409664,12,650.0221824645996,0.0081486845489948,10.469892,3,1,17.77881393670016,-15.642696238487309
71583,MeerKAT:array_1:20250715T124827Z,ex_2dFGRS_TGN194Z171,55,602.6509786248207,0.048892107293968805,10.457274,4,1,13.276163599999999,-2.514847
30173,MeerKAT:array_1:20250705T194745Z,Gaia_4189320485028129408,41,563.9720900654793,-0.014260197960740902,10.454897,4,1,19.907062205391927,-11.717779699606448
92171,MeerKAT:array_1:20250705T180344Z,Gaia_5820179215840908544,59,625.028390288353,0.012223026823492201,10.453394,2,1,15.556926610243837,-69.00888884946754
38704,MeerKAT:array_1:20250705T231238Z,Gaia_6441469909046943488,54,575.9643154740334,0.012223026823492201,10.444239,1,1,19.615411577943412,-63.46141047522881
96918,MeerKAT:array_1:20250715T130947Z,ex_UCAC4_149-179913,23,625.0281156897545,-0.024446053646984402,10.437596,1,1,16.163717533333333,-60.321983
134027,MeerKAT:array_1:20250715T135202Z,ex_CRTS_J153507.0-324508,16,677.9615147709846,0.006111513411746101,10.435884,2,2,15.585242733333335,-32.752163
186056,MeerKAT:array_1:20250705T180344Z,Gaia_5820107816301998336,11,625.0283913016319,-0.0040743422744974,10.4351,4,1,15.59973104010551,-69.41654829235837
51933,MeerKAT:array_1:20250715T124827Z,ex_2dFGRS_TGN194Z196,51,581.318197786808,0.081486845489948,10.428623,3,1,13.259238066666667,-1.808992
162662,MeerKAT:array_1:20250714T160406Z,Gaia_6144642245320752000,34,559.2503762841225,0.0020371711372487,10.423186,1,4,12.264972969754634,-44.28437438146999
115221,MeerKAT:array_1:20250713T200741Z,Gaia_4148149512709554816,47,650.0221814513206,0.024446053646984402,10.4183,2,1,17.77781162866916,-15.862502166017064
104408,MeerKAT:array_1:20250710T060816Z,Gaia_5598384218450144896,32,633.7494705319405,0.0101858556862435,10.416292,1,2,7.625629329276853,-31.036665536099974
85646,MeerKAT:array_1:20250715T124827Z,ex_[VV2006]_J131714.2-022516,21,618.6505622267723,0.055003620705714906,10.412386,3,1,13.287285666666667,-2.42103
31569,MeerKAT:array_1:20250714T162550Z,Gaia_4077093779926130816,9,563.9467884898186,-0.012223026823492201,10.399587,3,2,18.53725234384712,-24.377234779743574
138321,MeerKAT:array_1:20250726T235112Z,Gaia_6441840616264013056,30,671.9663687348366,-0.0366690804704766,10.394101,3,1,19.69064750423485,-63.19333179876508
92665,MeerKAT:array_1:20250705T184525Z,Gaia_4148151982245934080,61,625.0283994078636,-0.0081486845489948,10.393776,2,3,17.782177128095938,-15.760999300958154
110439,MeerKAT:array_1:20250723T045553Z,Gaia_4663792565973872384,20,638.8218943476677,-0.0264832247842331,10.38136,3,2,5.045535862834309,-65.05397846085991
71569,MeerKAT:array_1:20250715T124827Z,ex_2dFGRS_TGN261Z260,61,602.1161841750145,0.0753753320782019,10.380984,2,1,13.2842778,-1.9183330000000003
30167,MeerKAT:array_1:20250705T194745Z,Gaia_4190046265782213888,39,563.9720900654793,-0.014260197960740902,10.378036,4,1,19.88956500313364,-11.787490067402812
110840,MeerKAT:array_1:20250729T055516Z,Gaia_4669754118005030528,60,640.0182191133499,-0.044817765019471406,10.377454,1,1,4.066825768270194,-65.71330087139692
123122,MeerKAT:array_1:20250728T151003Z,ex_Cl*_NGC_5139_SAW_V245,53,653.2495215535164,0.0162973690979896,10.372055,1,2,13.475804533333333,-47.440042
117046,MeerKAT:array_1:20250715T130947Z,ex_ASASSN-V_J161135.94-595828.8,33,648.8109432458878,0.0183345402352383,10.371296,3,2,16.193224666666666,-59.97294000000001
115222,MeerKAT:array_1:20250713T200741Z,Gaia_4148156556456281344,48,650.0221824645996,0.0081486845489948,10.361314,3,1,17.778262326607525,-15.6583345053114
54232,MeerKAT:array_1:20250705T180344Z,Gaia_5820194368485860736,34,587.9710023999214,-0.020371711372487,10.360714,1,1,15.53125893934313,-68.80200635284311
182802,MeerKAT:array_1:20250710T060816Z,Gaia_5599253275003864832,53,607.25492811203,0.0040743422744974,10.359783,4,1,7.655701901632793,-30.347507884051502
71566,MeerKAT:array_1:20250715T124827Z,ex_[VV2006]_J131801.0-022404,30,602.1161862015724,0.0713009898037045,10.356708,1,3,13.3002774,-2.401407
100344,MeerKAT:array_1:20250723T012407Z,Gaia_4655476753385624320,31,625.0211301445961,-0.059077962980212305,10.356425,4,1,4.870994894298502,-69.03208603799284
23756,MeerKAT:array_1:20250715T124827Z,ex_[VV2006]_J131539.5-014850,6,560.1306340098381,-0.0651894763919584,10.341667,4,1,13.2609708,-1.813749
115195,MeerKAT:array_1:20250713T200741Z,Gaia_4124140228843837824,21,650.0221804380417,0.034631909333227906,10.340697,4,1,17.72494126196135,-16.14312531379718
34073,MeerKAT:array_1:20250723T012407Z,Gaia_4655167172163955712,16,563.9784038066864,-0.014260197960740902,10.332888,2,1,4.9481706061002315,-69.64288511173206
84795,MeerKAT:array_1:20250713T202929Z,Gaia_4153352397367926784,14,613.1961879730225,0.0183345402352383,10.330718,3,3,18.49812433649907,-11.48989544762658
103668,MeerKAT:array_1:20250704T054305Z,Gaia_6440639090573476480,47,633.7494867444038,0.0183345402352383,10.309685,1,1,19.682808419388635,-63.928947645499754
108930,MeerKAT:array_1:20250715T141354Z,Gaia_6210717740189629568,45,639.5786627531052,0.028520395921481805,10.303166,3,1,15.237095383828395,-31.110660431235317
33019,MeerKAT:array_1:20250715T141354Z,ex_CRTS_J151347.0-304145,29,567.9964014291763,0.034631909333227906,10.297509,1,1,15.229748,-30.69594
35930,MeerKAT:array_1:20250702T185632Z,ex_IRAS_17436-1545,4,575.9724318385124,-0.07944967435269931,10.290939,2,1,17.776015,-15.782261999999998
92651,MeerKAT:array_1:20250705T184525Z,ex_ASASSN-V_J174601.52-160931.7,19,625.0283994078636,-0.012223026823492201,10.290824,3,3,17.76708866666667,-16.15881
45895,MeerKAT:array_1:20250717T054309Z,Gaia_4669681996914101120,2,574.8411747813225,-0.0733381609409532,10.283252,2,1,4.139396981194498,-66.10063873949068
31626,MeerKAT:array_1:20250714T162550Z,Gaia_4077092577335098368,63,563.9467884898186,-0.012223026823492201,10.282395,3,2,18.539507850051354,-24.42904915868084
104390,MeerKAT:array_1:20250710T060816Z,Gaia_5598500526165506560,11,633.7494766116142,-0.028520395921481805,10.281932,4,3,7.666142706207026,-30.445411155503635
45329,MeerKAT:array_1:20250716T012443Z,ex_LEDA_312990,23,576.0417603850365,0.06926381866645581,10.280789,2,1,4.2047778,-65.477222
89276,MeerKAT:array_1:20250723T030515Z,ex_X_LMC_X-1,25,611.969614803791,-0.028520395921481805,10.280769,1,1,5.660785666666667,-69.743203
110835,MeerKAT:array_1:20250729T055516Z,Gaia_4669825998577612032,23,640.0181836485863,0.0835240166271967,10.280409,1,1,4.186789353857945,-65.31644956545468
91128,MeerKAT:array_1:20250702T181451Z,Gaia_5820166056060793856,63,625.0208545327187,0.028520395921481805,10.269461,3,1,15.547805718484316,-69.28474536410236
105476,MeerKAT:array_1:20250715T135202Z,ex_HD_138923,2,636.2808896303177,-0.0366690804704766,10.263888,1,1,15.6031564,-33.092804
41320,MeerKAT:array_1:20250713T202929Z,Gaia_4153334809495805312,53,575.9936509132385,-0.030557567058730504,10.245553,2,1,18.46337314137405,-11.633182723079415
92114,MeerKAT:array_1:20250705T180344Z,Gaia_5820271231220198528,25,625.0283913016319,-0.006111513411746101,10.24483,4,1,15.570894345660886,-68.89211186727857
34739,MeerKAT:array_1:20250728T151003Z,ex_Cl*_NGC_5139_SAW_V455,1,563.9792711734772,0.034631909333227906,10.235889,2,1,13.464982666666666,-46.928834
108305,MeerKAT:array_1:20250715T124827Z,ex_[VV2010c]_J131954.3-015649,48,642.6499376296997,0.048892107293968805,10.235761,3,1,13.33175,-1.9469439999999998
87332,MeerKAT:array_1:20250716T022312Z,Gaia_4669687288313854592,24,611.9949477910995,-0.0081486845489948,10.2317,2,1,4.121355608675426,-65.92474543555748
57900,MeerKAT:array_1:20250714T162550Z,Gaia_4077143803340521088,7,587.9777903556824,-0.022408882509735703,10.2263775,3,1,18.52482094438994,-24.295061358818362
178727,MeerKAT:array_1:20250705T194745Z,ex_LEDA_953069,34,599.94332498312,0.0020371711372487,10.222163,4,4,19.931652866666663,-12.419173
110836,MeerKAT:array_1:20250729T055516Z,Gaia_4669784182776232576,30,640.018218100071,-0.038706251607725305,10.219469,1,1,4.074631580735912,-65.32674343183939
124442,MeerKAT:array_1:20250705T182441Z,Gaia_6024447619920332288,44,658.6247901320457,0.040743422744974,10.219197,1,1,16.57360841823982,-32.97555637730574
134408,MeerKAT:array_1:20250715T141354Z,Gaia_6210727086038327424,55,677.9614630937576,0.022408882509735703,10.2025385,2,1,15.242945593157641,-30.94430206823846
82706,MeerKAT:array_1:20250705T182441Z,Gaia_6024514690132639232,53,613.195861697197,0.024446053646984402,10.196607,1,2,16.547934803457082,-32.749810555074355
131927,MeerKAT:array_1:20250713T200741Z,Gaia_4148204728814711296,2,671.9837474822998,-0.044817765019471406,10.192696,1,1,17.773097558351328,-15.594617440114066
183537,MeerKAT:array_1:20250705T174237Z,Gaia_6120533047699431296,7,611.9698468446732,0.0040743422744974,10.1906395,2,1,14.109341753381395,-37.86155277131909
9622,MeerKAT:array_1:20250715T133052Z,Gaia_6226402651520520704,39,550.2658435106277,0.014260197960740902,10.180494,1,2,15.259400525078108,-26.23228935221028
104392,MeerKAT:array_1:20250710T060816Z,Gaia_5599317085346709632,13,633.7494786381721,-0.0366690804704766,10.179188,1,3,7.609315358411607,-30.164357023496013
85936,MeerKAT:array_1:20250715T133052Z,Gaia_6214397255852916736,29,611.9935160279274,0.048892107293968805,10.178853,1,1,15.278044473679259,-26.186581631630652
28445,MeerKAT:array_1:20250729T031818Z,Gaia_4669791226522617216,35,560.0473505854607,-0.0529664495684662,10.170701,3,1,4.095108570306604,-65.273070212509
14556,MeerKAT:array_1:20250720T024534Z,Gaia_4669822940560908800,38,544.0453067421913,-0.040743422744974,10.169911,2,1,4.193372918323273,-65.30778397745937
133499,MeerKAT:array_1:20250715T133052Z,ex_CRTS_J151512.8-265930,19,673.1444666385651,0.028520395921481805,10.169271,4,1,15.253572800000002,-26.991646000000003
117549,MeerKAT:array_1:20250715T135202Z,ex_ASASSN-V_J153302.82-333213.3,25,646.9512885808945,0.0183345402352383,10.16107,2,1,15.550784666666667,-33.537029999999994
134380,MeerKAT:array_1:20250715T141354Z,ex_ASASSN-V_J151253.14-314549.0,25,677.9614630937576,0.0162973690979896,10.159972,4,1,15.214760666666667,-31.763619999999996
41182,MeerKAT:array_1:20250713T202929Z,Gaia_4153213210387756672,5,575.977871119976,-0.0183345402352383,10.156795,4,1,18.448540270277423,-12.005654432673117
180282,MeerKAT:array_1:20250715T124827Z,ex_[VV2006]_J131716.7-014247,23,602.1161628961563,0.0040743422744974,10.154954,1,2,13.287962333333335,-1.713211
96473,MeerKAT:array_1:20250714T162550Z,Gaia_4077540112948886016,53,625.0282727479935,0.022408882509735703,10.152138,2,1,18.520499577455258,-23.981666060652078
31614,MeerKAT:array_1:20250714T162550Z,Gaia_4077146655199053824,51,563.9467884898186,-0.012223026823492201,10.147653,3,2,18.523595303263118,-24.216576596738054
96841,MeerKAT:array_1:20250715T124827Z,ex_2dFGRS_TGN262Z292,58,626.6923382282257,-0.0162973690979896,10.134724,1,1,13.2783636,-1.6572170000000002
117326,MeerKAT:array_1:20250715T133052Z,J1516_4-2640,0,648.8109260201454,0.040743422744974,10.129819,2,2,15.270999999999999,-26.699
105907,MeerKAT:array_1:20250715T141354Z,Gaia_6210936027608703744,56,635.9959799051285,-0.006111513411746101,10.119851,3,1,15.214362299746098,-30.666847326794645
10258,MeerKAT:array_1:20250715T135202Z,ex_ASASSN-V_J153642.66-332458.7,36,550.2658668160439,-0.0631523052547097,10.098943,1,1,15.611851333333334,-33.4163
115217,MeerKAT:array_1:20250713T200741Z,Gaia_4124077835927349248,43,650.022173345089,0.06926381866645581,10.094487,1,1,17.761856789864765,-16.322094313017992
92645,MeerKAT:array_1:20250705T184525Z,ex_ASASSN-V_J174532.08-162830.9,7,625.0283994078636,-0.012223026823492201,10.094382,3,3,17.75891,-16.475260000000002
133272,MeerKAT:array_1:20250715T130947Z,ex_CE_Nor,1,675.8447233438492,0.0101858556862435,10.092393,2,3,16.187001133333332,-60.03914700000001
125295,MeerKAT:array_1:20250715T130947Z,ex_2MASX_J16135028-6037225,3,658.6592112183571,-0.07741250321545061,10.086986,2,1,16.2306132,-60.622932
134386,MeerKAT:array_1:20250715T141354Z,ex_ESO_448-15,31,677.9614651203156,-0.022408882509735703,10.083081,1,1,15.1838746,-31.259496000000002
117341,MeerKAT:array_1:20250715T133052Z,ex_CRTS_J151512.8-265930,19,648.8109260201454,0.0427805938822227,10.082171,2,2,15.253572800000002,-26.991646000000003
30152,MeerKAT:array_1:20250705T194745Z,ex_LEDA_953069,34,563.9782609343529,-0.030557567058730504,10.079328,2,1,19.931652866666663,-12.419173
8891,MeerKAT:array_1:20250715T124827Z,ex_2MASX_J13164575-0154497,59,544.0537220239639,-0.0081486845489948,10.079291,1,1,13.279373933333332,-1.913724
101923,MeerKAT:array_1:20250723T045553Z,Gaia_4663560706483881472,37,624.048687338829,0.0162973690979896,10.075308,3,1,5.164600426610741,-65.66536807517159
118681,MeerKAT:array_1:20250715T143518Z,ex_EC_14190-2417,6,651.4542506337166,0.040743422744974,10.070427,4,2,14.365593333333335,-24.522551
133061,MeerKAT:array_1:20250715T124827Z,ex_[VV2006]_J131714.2-022516,21,677.9615218639374,0.0183345402352383,10.064021,1,4,13.287285666666667,-2.42103
93044,MeerKAT:array_1:20250705T192701Z,ex_ASASSN-V_J191644.28-313742.6,45,625.0284095406532,0.020371711372487,10.061652,4,1,19.27896666666667,-31.62851
137793,MeerKAT:array_1:20250723T043540Z,Gaia_4655087010883314816,48,671.8237588405609,0.0264832247842331,10.044822,3,2,5.040098724642102,-70.21656398816539
136909,MeerKAT:array_1:20250723T012407Z,Gaia_4655481048352687616,42,676.5383573770523,-0.0529664495684662,10.036175,3,2,4.848741303180336,-68.94464122084017
216558,MeerKAT:array_1:20250720T052239Z,Gaia_4669678732738942720,55,646.6793994903564,-0.0020371711372487,10.034854,1,1,4.137730969032785,-66.23789092863089
67219,MeerKAT:array_1:20250705T231238Z,Gaia_6441444001804281344,50,600.1127614378929,0.0081486845489948,10.029991,2,1,19.579314369014103,-63.64269472922554
88291,MeerKAT:array_1:20250723T012407Z,Gaia_4655467407535697792,51,611.9697597026825,-0.0366690804704766,10.027354,1,1,4.938085697164458,-69.03682864384045
117057,MeerKAT:array_1:20250715T130947Z,ex_ASASSN-V_J160746.95-595421.6,44,648.8109432458878,0.024446053646984402,10.027343,2,2,16.129725333333337,-59.90603
82761,MeerKAT:array_1:20250705T184525Z,ex_ATO_J266.2994-15.9082,1,613.1958829760551,0.006111513411746101,10.023853,1,1,17.753295466666668,-15.908279000000002
108313,MeerKAT:array_1:20250715T130947Z,ex_IRAS_16066-6020,61,638.8499074578285,-0.05704079184296361,10.020973,1,1,16.18264346666667,-60.473878
178188,MeerKAT:array_1:20250705T180344Z,Gaia_5820272811768164352,5,600.1126327514648,0.0040743422744974,10.02046,3,1,15.579554509381556,-68.86775532077202
89166,MeerKAT:array_1:20250723T022503Z,ex_BSDL_1772,29,615.6711056232452,0.030557567058730504,10.018699,1,1,5.450188866666667,-69.777083
12982,MeerKAT:array_1:20250717T054309Z,Gaia_4669679454293449344,10,546.0165031552315,0.0183345402352383,10.01076,1,1,4.142774135174162,-66.15676252984377
134401,MeerKAT:array_1:20250715T141354Z,Gaia_6210900808876843648,48,677.9614661335945,-0.0325947381959792,10.002097,1,1,15.190432965112667,-31.02399467495815
