row,obsid,sourceName,beam,frequency,driftRate,snr,n_beams,n_beams_formed,beam_frac,n_obs_at_freq,n_obs_at_freq_drift,ra,dec
35336,MeerKAT:array_1:20250720T220520Z,Gaia_4426343581016497408,31,574.9954333305359,0.02566835632933362,5083.419,1,64,0.015625,1,1,15.856369562157536,4.954321704660728
100216,MeerKAT:array_1:20250715T200216Z,Gaia_4426424566919989248,62,674.992827296257,0.13689790042311265,2255.98,1,64,0.015625,1,1,15.808985673515076,5.3454846017681
104004,MeerKAT:array_1:20250721T203933Z,ex_NGC_7222,52,674.9922872185707,0.11122954409377903,1217.5797,3,64,0.046875,1,1,22.181039133333336,2.105821
104010,MeerKAT:array_1:20250721T203933Z,ex_LEDA_1216752,54,674.9922872185707,0.11122954409377903,1206.474,3,64,0.046875,1,1,22.183777799999998,2.125833
104028,MeerKAT:array_1:20250721T203933Z,ex_LEDA_1225072,60,674.9922872185707,0.11122954409377903,1199.0797,3,64,0.046875,1,1,22.194694466666665,2.381389
93475,MeerKAT:array_1:20250706T215041Z,ex_SDSS_J154927.06+052049.9,22,674.9956786632538,0.0427805938822227,958.52765,3,64,0.046875,1,1,15.824183333333336,5.347205
93448,MeerKAT:array_1:20250706T215041Z,Gaia_4429476467597995008,1,674.9956786632538,0.0427805938822227,934.9125,3,64,0.046875,1,1,15.829329098814846,5.911233323604741
107737,MeerKAT:array_1:20250717T021511Z,Gaia_2682555041717977984,24,551.9477396607399,-0.00855611877644454,635.246,1,64,0.015625,1,1,22.195074494064556,1.887722468987559
254,MeerKAT:array_1:20250706T001134Z,Gaia_2699001055610231808,25,551.9864256381989,-0.0427805938822227,605.28613,2,64,0.03125,1,1,21.490995573457752,4.704553770472363
263,MeerKAT:array_1:20250706T001134Z,Gaia_2699234530032694272,33,551.9864256381989,-0.0427805938822227,589.4016,2,64,0.03125,1,1,21.47520989331308,5.239783150191791
179777,MeerKAT:array_1:20250707T004747Z,Gaia_2682471616273135488,57,624.9965338110924,0.00855611877644454,532.4845,3,64,0.046875,1,1,22.225870208241492,1.5376085463874571
179694,MeerKAT:array_1:20250707T004747Z,Gaia_2682469004933009792,16,624.9965338110924,0.00855611877644454,518.0825,3,64,0.046875,1,1,22.2319515390668,1.5070191526009473
179761,MeerKAT:array_1:20250707T004747Z,Gaia_2682101321372939648,49,624.9965338110924,0.00855611877644454,517.69684,3,64,0.046875,1,1,22.191764548161178,1.3692785273035584
67994,MeerKAT:array_1:20250713T183111Z,Gaia_1315507976930320384,29,623.9695847034454,-0.11122954409377903,481.4928,2,64,0.03125,1,1,16.125316790433885,26.546467501161537
67954,MeerKAT:array_1:20250713T183111Z,Gaia_1315969565655550080,22,623.9695847034454,-0.11122954409377903,469.05035,2,64,0.03125,1,1,16.150126127003265,27.116348873987057
100115,MeerKAT:array_1:20250715T200216Z,Gaia_4426437241363224448,28,674.9957850575447,0.11122954409377903,466.08755,3,64,0.046875,1,1,15.812936575766301,5.5333691157744855
100145,MeerKAT:array_1:20250715T200216Z,Gaia_4426378353072082944,38,674.9957850575447,0.11122954409377903,463.19196,3,64,0.046875,1,1,15.869295275018299,5.335554242376924
100073,MeerKAT:array_1:20250715T200216Z,Gaia_4426474762197643136,14,674.9957850575447,0.11122954409377903,462.1515,3,64,0.046875,1,1,15.839004275794569,5.909935524588835
74781,MeerKAT:array_1:20250721T203933Z,Gaia_2682525041370864512,9,625.0007916092873,0.1283417816466681,442.82816,2,64,0.03125,1,1,22.24011149732658,1.981236016793205
74845,MeerKAT:array_1:20250721T203933Z,Gaia_2682525217465113600,25,625.0007916092873,0.1283417816466681,402.80698,2,64,0.03125,1,1,22.24245991270139,2.009239108023497
54366,MeerKAT:array_1:20250710T221658Z,Gaia_2682469004933009792,25,607.2236856818199,0.02566835632933362,372.31442,1,64,0.015625,1,1,22.2319515390668,1.5070191526009473
52136,MeerKAT:array_1:20250730T231157Z,Gaia_2682499756898855424,14,599.9934822916985,-0.05133671265866724,331.99524,2,64,0.03125,1,1,22.23733150562022,1.7109401133094764
164127,MeerKAT:array_1:20250722T231023Z,Gaia_2682553804767393792,8,599.9935795664787,-0.01711223755288908,327.3384,2,64,0.03125,1,1,22.195111801745757,1.8550805325322048
52192,MeerKAT:array_1:20250730T231157Z,Gaia_2682741271499860352,23,599.9934822916985,-0.05133671265866724,324.20242,2,64,0.03125,1,1,22.18109346067459,1.9674617605887792
164221,MeerKAT:array_1:20250722T231023Z,Gaia_2682555041717977984,52,599.9935795664787,-0.01711223755288908,319.90936,2,64,0.03125,1,1,22.195074494064556,1.887722468987559
144420,MeerKAT:array_1:20250720T235835Z,Gaia_2682587374231791744,30,575.000625371933,0.01711223755288908,292.28287,1,64,0.015625,1,1,22.20419002851941,2.129215123422028
71401,MeerKAT:array_1:20250716T201432Z,Gaia_4426399965347459584,57,625.0293194651604,0.09411730654088994,269.13058,2,64,0.03125,1,1,15.868188251332901,5.529780279140207
72868,MeerKAT:array_1:20250718T213759Z,Gaia_2698993565187261952,27,623.9689584970474,-0.06844895021155632,225.50273,2,64,0.03125,1,1,21.49100875068158,4.523621385135413
73404,MeerKAT:array_1:20250720T194306Z,Gaia_4426422367896713600,2,623.970064997673,-0.09411730654088994,218.32626,2,64,0.03125,1,1,15.83279358767507,5.4949924853434196
73414,MeerKAT:array_1:20250720T194306Z,ex_LEDA_1280019,4,623.970064997673,-0.09411730654088994,217.71288,2,64,0.03125,1,1,15.8189722,5.224444
71321,MeerKAT:array_1:20250716T201432Z,Gaia_4426432881976680704,35,625.0293204784393,0.0855611877644454,215.1493,2,64,0.03125,1,1,15.815472056371913,5.441388903043819
72872,MeerKAT:array_1:20250718T213759Z,Gaia_2699436599653880192,29,623.9689584970474,-0.06844895021155632,214.85,2,64,0.03125,1,1,21.52958867152775,5.37562799781493
73603,MeerKAT:array_1:20250720T194306Z,Gaia_4426370519051570688,42,623.970066010952,-0.11122954409377903,213.21976,1,64,0.015625,1,1,15.870434498797842,5.139616365078252
200286,MeerKAT:array_1:20250730T204925Z,Gaia_2699010470178769280,14,647.9931946992874,-0.00855611877644454,209.53879,3,64,0.046875,2,2,21.505680502486847,4.898575057854201
113916,MeerKAT:array_1:20250729T175426Z,ex_V3493_Sgr,20,549.9942148327827,0.01711223755288908,207.41872,3,64,0.046875,1,1,18.5257394,-35.809325
200321,MeerKAT:array_1:20250730T204925Z,Gaia_2699061356951313920,34,647.9931946992874,-0.00855611877644454,205.81522,3,64,0.046875,2,2,21.51544492222212,5.240245142829202
200333,MeerKAT:array_1:20250730T204925Z,Gaia_2698991503603079552,40,647.9931946992874,-0.00855611877644454,205.21783,3,64,0.046875,2,2,21.538780144601716,4.9946796354515826
116179,MeerKAT:array_1:20250731T212434Z,Gaia_2699234942349561856,37,551.9474944472313,0.01711223755288908,204.46568,1,64,0.015625,1,1,21.474112788310613,5.273753528619923
162599,MeerKAT:array_1:20250710T050136Z,ex_UGC_11807,6,599.9433270096779,-0.01711223755288908,200.8913,3,64,0.046875,2,2,21.770861133333337,7.057361
113915,MeerKAT:array_1:20250729T175426Z,Gaia_6733400240609825664,4,549.9942148327827,0.01711223755288908,200.85648,3,64,0.046875,1,1,18.525507980308706,-36.27386178167508
113917,MeerKAT:array_1:20250729T175426Z,Gaia_6733432130770080384,49,549.9942148327827,0.01711223755288908,199.21877,3,64,0.046875,1,1,18.546365489579472,-36.038692613180764
72606,MeerKAT:array_1:20250718T194550Z,Gaia_4426474762197643136,61,623.9691621661186,-0.10267342531733448,194.6114,1,64,0.015625,1,1,15.839004275794569,5.909935524588835
56523,MeerKAT:array_1:20250729T173047Z,Gaia_6734055382070317952,59,615.2238797545433,-0.19679073185822443,191.4146,1,64,0.015625,1,1,18.510551440684132,-36.384365033551816
185633,MeerKAT:array_1:20250716T222802Z,Gaia_4426358493143041536,22,623.9685937166214,-0.01711223755288908,174.85606,1,64,0.015625,1,1,15.825470697432763,5.107744408100798
162658,MeerKAT:array_1:20250710T050136Z,Gaia_2700379980630316672,11,599.9433270096779,-0.01711223755288908,166.35931,3,64,0.046875,2,2,21.77540480070923,6.581492782635333
162670,MeerKAT:array_1:20250710T050136Z,Gaia_2700379980630316544,12,599.9433270096779,-0.01711223755288908,166.00677,3,64,0.046875,2,2,21.775437365156417,6.580255010021257
48174,MeerKAT:array_1:20250723T214437Z,Gaia_2682593902582126208,54,599.9707797765732,-0.02566835632933362,162.99573,4,64,0.0625,1,1,22.21501269099234,2.2645593074655777
48203,MeerKAT:array_1:20250723T214437Z,Gaia_2682550471872804736,62,599.9707797765732,-0.03422447510577816,162.1605,4,64,0.0625,1,1,22.173999893349077,1.8039306862337932
4475,MeerKAT:array_1:20250728T214014Z,Gaia_2682581567435990016,23,551.9999032616615,-0.2139029694111135,159.9782,2,64,0.03125,2,1,22.208607917796215,2.055024264276728
48072,MeerKAT:array_1:20250723T214437Z,ex_LEDA_1225072,26,599.9707797765732,-0.02566835632933362,159.02892,4,64,0.0625,1,1,22.194694466666665,2.381389
169241,MeerKAT:array_1:20250731T212434Z,Gaia_2699629151627607168,29,599.9429287910461,0.01711223755288908,158.04863,1,64,0.015625,1,1,21.521886275349882,5.514687357119614
48200,MeerKAT:array_1:20250723T214437Z,Gaia_2682779234718308224,61,599.9707797765732,-0.02566835632933362,157.9587,4,64,0.0625,1,1,22.189573930603107,2.252632874066829
84549,MeerKAT:array_1:20250729T173047Z,Gaia_6734069641361825920,56,647.2235921025276,-0.1283417816466681,157.49751,1,64,0.015625,11,1,18.497452031848606,-36.32476106789582
84547,MeerKAT:array_1:20250729T173047Z,Gaia_6734202304308193024,32,647.2235981822014,-0.2139029694111135,156.1373,1,64,0.015625,12,1,18.522331960226314,-35.785313219059326
3985,MeerKAT:array_1:20250728T194227Z,Gaia_2682591153803051008,17,552.0000785589218,0.03422447510577816,154.05054,2,64,0.03125,1,1,22.223665732911314,2.2246852769897942
4553,MeerKAT:array_1:20250728T214014Z,Gaia_2682593902582126208,49,551.9999032616615,-0.2139029694111135,154.03639,2,64,0.03125,2,1,22.21501269099234,2.2645593074655777
171595,MeerKAT:array_1:20250710T030814Z,Gaia_2699022186849578240,43,613.2232749462128,0.01711223755288908,153.1454,4,64,0.0625,2,2,21.497634614458626,4.900551157597037
3919,MeerKAT:array_1:20250728T194227Z,ex_LEDA_1191080,4,552.0000704526901,0.0855611877644454,151.61179,1,64,0.015625,1,1,22.200944466666666,1.315
4178,MeerKAT:array_1:20250728T194227Z,Gaia_2682514943903238784,58,552.0000785589218,0.03422447510577816,151.18567,2,64,0.03125,1,1,22.223611679526204,1.7787943563072373
3973,MeerKAT:array_1:20250728T194227Z,Gaia_2682487005140593920,15,552.000074505806,0.07700506898800086,149.12863,1,64,0.015625,1,1,22.225960041531003,1.6945490040102467
84720,MeerKAT:array_1:20250729T175426Z,ex_V3464_Sgr,16,647.9679225087166,-0.05133671265866724,146.83875,2,64,0.03125,1,1,18.509503066666664,-36.35151100000001
80182,MeerKAT:array_1:20250710T050136Z,Gaia_2700582084611316480,34,647.96751922369,0.05133671265866724,137.42552,2,64,0.03125,1,1,21.835084137744687,6.717421844572505
166504,MeerKAT:array_1:20250729T041550Z,Gaia_6527991784707259264,17,600.000124335289,0.00855611877644454,135.70671,1,64,0.015625,1,1,23.5239171689732,-47.67213194514886
80200,MeerKAT:array_1:20250710T050136Z,Gaia_2700582114675870720,52,647.96751922369,0.05133671265866724,133.66559,2,64,0.03125,1,1,21.836046062024177,6.718896266121
84786,MeerKAT:array_1:20250729T175426Z,ex_ASASSN-V_J183039.47-355100.3,32,647.9679225087166,-0.05133671265866724,130.0171,2,64,0.03125,1,1,18.51096266666667,-35.85009
71809,MeerKAT:array_1:20250717T200827Z,Gaia_4426371068807388032,11,623.9691307544708,-0.18823461308177988,129.72356,2,64,0.03125,1,1,15.864760459524904,5.13872551670236
71926,MeerKAT:array_1:20250717T200827Z,Gaia_4426418553965743488,50,623.9691307544708,-0.18823461308177988,128.9722,2,64,0.03125,1,1,15.827202275540387,5.347967120117561
84548,MeerKAT:array_1:20250729T173047Z,Gaia_6734188354254152320,42,647.2235870361328,-0.0855611877644454,126.572784,1,64,0.015625,11,1,18.537567211553785,-35.88368684186904
185801,MeerKAT:array_1:20250716T222802Z,Gaia_4426379143345969920,62,625.0294400453568,-0.01711223755288908,124.17403,1,64,0.015625,1,1,15.879462166790779,5.274359219489021
100511,MeerKAT:array_1:20250716T201432Z,Gaia_4426405084948485248,33,671.992512345314,-0.0427805938822227,120.61786,3,64,0.046875,1,1,15.866854716859018,5.665088083218586
100541,MeerKAT:array_1:20250716T201432Z,Gaia_4426358218265140096,46,671.992512345314,-0.0427805938822227,119.42365,3,64,0.046875,1,1,15.821821225291815,5.0930793685625195
7814,MeerKAT:array_1:20250730T231157Z,Gaia_2682540954225220992,17,551.9994300603867,0.1454540191995572,115.630356,3,64,0.046875,2,1,22.20354969681639,1.7972855564702888
69593,MeerKAT:array_1:20250715T002705Z,Gaia_2682777280505662592,45,623.9683302640915,-0.03422447510577816,113.818474,1,64,0.015625,1,1,22.202838616121404,2.2808748840205215
7968,MeerKAT:array_1:20250730T231157Z,Gaia_2682558129799800704,47,551.9994371533394,0.0427805938822227,113.667114,4,64,0.0625,4,1,22.19057244372838,1.9204476014907355
7931,MeerKAT:array_1:20250730T231157Z,Gaia_2682490685927957376,40,551.9994371533394,0.0427805938822227,113.20813,4,64,0.0625,4,1,22.214534934318255,1.697696564783003
7789,MeerKAT:array_1:20250730T231157Z,Gaia_2682558099734709760,12,551.9994371533394,0.0427805938822227,112.19439,4,64,0.0625,4,1,22.189701165924287,1.9093993911697076
7891,MeerKAT:array_1:20250730T231157Z,ex_LEDA_1199444,32,551.9994300603867,0.1454540191995572,110.6485,3,64,0.046875,2,1,22.199451,1.586671
7784,MeerKAT:array_1:20250730T231157Z,Gaia_2682471513193917312,11,551.9994371533394,0.0427805938822227,110.06882,4,64,0.0625,4,1,22.226613856106688,1.5208282602095093
7849,MeerKAT:array_1:20250730T231157Z,Gaia_2682532948406193664,24,551.9994300603867,0.1454540191995572,106.83022,3,64,0.046875,2,1,22.18966764506789,1.6479133805547153
54495,MeerKAT:array_1:20250713T175609Z,Gaia_1456190043026833664,10,607.2759323716164,-0.15401013797600172,99.55255,1,64,0.015625,1,1,13.55129319214932,30.339604680493498
170551,MeerKAT:array_1:20250713T175609Z,Gaia_1468296662482079872,34,607.275917172432,0.00855611877644454,99.40204,2,64,0.03125,15,1,13.488518281407591,30.889289030543605
64136,MeerKAT:array_1:20250713T002413Z,Gaia_2682471513193917312,22,623.9688733816147,-0.02566835632933362,98.70565,1,64,0.015625,1,1,22.226613856106688,1.5208282602095093
50193,MeerKAT:array_1:20250729T175426Z,J1830-3602,0,599.9702994823456,-0.05989283143511178,96.30439,1,64,0.015625,1,1,18.516355555555556,-36.04169444444445
100418,MeerKAT:array_1:20250716T201432Z,J1550+0527,0,671.992512345314,-0.0427805938822227,95.14592,3,64,0.046875,1,1,15.843130555555557,5.452888888888889
131735,MeerKAT:array_1:20250707T004747Z,Gaia_2682776868188808448,63,572.717700779438,0.00855611877644454,91.50678,1,64,0.015625,1,1,22.196622585055863,2.2459500998583524
1573,MeerKAT:array_1:20250717T021511Z,ex_LEDA_3096664,50,551.9720695018768,-0.02566835632933362,87.1859,4,64,0.0625,2,2,22.236,1.5744439999999997
80448,MeerKAT:array_1:20250717T021511Z,Gaia_2682558099734709760,18,647.979605615139,-0.0427805938822227,86.13725,3,64,0.046875,1,1,22.189701165924287,1.9093993911697076
1484,MeerKAT:array_1:20250717T021511Z,Gaia_2682565143481001088,33,551.9720695018768,-0.02566835632933362,85.91334,4,64,0.0625,2,2,22.227060562164862,1.9359198364913521
1511,MeerKAT:array_1:20250717T021511Z,Gaia_2682791367998427520,38,551.9720695018768,-0.02566835632933362,84.51907,4,64,0.0625,2,2,22.18733687327099,2.2921347176586315
97592,MeerKAT:array_1:20250713T164848Z,ex_LEDA_1781395,26,675.0000783205032,0.1711223755288908,82.724594,3,64,0.046875,1,1,16.1926116,26.580366
80398,MeerKAT:array_1:20250717T021511Z,Gaia_2682525041370864512,10,647.979605615139,-0.0427805938822227,81.714455,3,64,0.046875,1,1,22.24011149732658,1.981236016793205
49101,MeerKAT:array_1:20250728T194227Z,Gaia_2682511026893166848,63,599.9708466529846,-0.11978566287022356,80.5507,3,64,0.046875,1,1,22.22988922274396,1.7384363619509904
1611,MeerKAT:array_1:20250717T021511Z,ex_LEDA_1202200,57,551.9720695018768,-0.02566835632933362,79.91807,4,64,0.0625,2,2,22.18519446666667,1.671944
61481,MeerKAT:array_1:20250707T004747Z,Gaia_2682489792574753152,12,623.968369781971,-0.05133671265866724,79.76257,3,64,0.046875,1,1,22.217882088357648,1.6695797471804565
48932,MeerKAT:array_1:20250728T194227Z,Gaia_2682510648935930880,42,599.9708466529846,-0.11978566287022356,79.08553,3,64,0.046875,1,1,22.229019987337768,1.7306322524361506
98549,MeerKAT:array_1:20250713T183111Z,Gaia_1315905519102979712,46,674.9957121014595,0.17967849430533533,78.92284,1,64,0.015625,1,1,16.1809947585492,26.852755011895997
49045,MeerKAT:array_1:20250728T194227Z,Gaia_2682748448390256000,56,599.9708466529846,-0.11978566287022356,78.87949,3,64,0.046875,1,1,22.18379693040468,2.026398022327648
80611,MeerKAT:array_1:20250717T021511Z,Gaia_2682586682742048640,43,647.979605615139,-0.0427805938822227,78.39457,3,64,0.046875,1,1,22.207091352978555,2.140352488831471
191317,MeerKAT:array_1:20250713T175609Z,Gaia_1456306591259413504,6,639.2759172916412,-0.01711223755288908,78.20632,1,64,0.015625,14,2,13.556781889142673,30.7723786001952
48354,MeerKAT:array_1:20250723T234200Z,Gaia_2682522915362530816,19,599.9705791473389,0.09411730654088994,77.476,3,64,0.046875,1,1,22.236588392620227,1.906333427001767
61504,MeerKAT:array_1:20250707T004747Z,Gaia_2682779273370512000,35,623.968369781971,-0.05133671265866724,76.59864,3,64,0.046875,1,1,22.1901400595939,2.2569188019302695
61475,MeerKAT:array_1:20250707T004747Z,ex_LEDA_1198640,6,623.968369781971,-0.05133671265866724,76.357185,3,64,0.046875,1,1,22.225583333333333,1.5602780000000003
16309,MeerKAT:array_1:20250701T230223Z,Gaia_2682594624136633472,44,575.000754058361,0.05133671265866724,75.350266,2,64,0.03125,1,1,22.21248246510474,2.264545145816272
48291,MeerKAT:array_1:20250723T234200Z,Gaia_2682620771897433600,4,599.9705791473389,0.09411730654088994,74.73224,3,64,0.046875,1,1,22.245266544091557,2.092334528920195
177613,MeerKAT:array_1:20250704T225450Z,Gaia_2682620874976650496,8,623.9686727523804,-0.00855611877644454,74.51412,4,64,0.0625,1,1,22.2447699937498,2.1186211838799274
97551,MeerKAT:array_1:20250713T164848Z,ex_LEDA_1788535,10,675.0000783205032,0.1711223755288908,74.21149,3,64,0.046875,1,1,16.117793466666665,26.792490000000004
97595,MeerKAT:array_1:20250713T164848Z,Gaia_1315927990371978624,27,675.0000783205032,0.1711223755288908,73.93314,3,64,0.046875,1,1,16.166810191627004,27.124358208049873
25723,MeerKAT:array_1:20250713T164848Z,ex_LEDA_1783593,21,575.9724450111389,-0.11978566287022356,73.74715,1,64,0.015625,1,1,16.183403933333334,26.642824
177691,MeerKAT:array_1:20250704T225450Z,Gaia_2682553804767393792,33,623.9686727523804,-0.00855611877644454,72.90887,4,64,0.0625,1,1,22.195111801745757,1.8550805325322048
48365,MeerKAT:array_1:20250723T234200Z,Gaia_2682572049788419200,22,599.9705791473389,0.09411730654088994,72.14819,3,64,0.046875,1,1,22.226368433677536,1.9978693410845167
171631,MeerKAT:array_1:20250710T030814Z,Gaia_2699215288579160192,58,613.2232749462128,0.01711223755288908,71.95692,4,64,0.0625,2,2,21.486045146657112,5.010083847343987
177655,MeerKAT:array_1:20250704T225450Z,Gaia_2682587374231791744,21,623.9686727523804,-0.00855611877644454,71.86039,4,64,0.0625,1,1,22.20419002851941,2.129215123422028
65059,MeerKAT:array_1:20250713T154120Z,Gaia_1468206399449430784,15,624.0018444657326,0.03422447510577816,70.11467,1,64,0.015625,2,1,13.4935800591525,30.58635148743448
128480,MeerKAT:array_1:20250704T025554Z,Gaia_2682581567435990016,50,576.0017490386963,0.01711223755288908,67.27671,3,64,0.046875,1,1,22.208607917796215,2.055024264276728
28570,MeerKAT:array_1:20250714T001713Z,Gaia_2682511129972264320,21,576.0412091612816,-0.05989283143511178,66.746376,1,64,0.015625,1,1,22.232569318578523,1.7527026923707796
63822,MeerKAT:array_1:20250712T222705Z,Gaia_2682742199212813056,3,623.9690162539482,-0.02566835632933362,64.63294,3,64,0.046875,1,1,22.17546083503726,1.9838907729510633
9562,MeerKAT:array_1:20250731T233401Z,Gaia_2536530895297967872,38,551.9992517232895,-0.03422447510577816,63.421,1,64,0.015625,1,1,1.017470868315764,0.23982459282414187
49955,MeerKAT:array_1:20250729T173047Z,Gaia_6734181344866622336,19,600.0004445314407,-0.0427805938822227,63.371044,1,64,0.015625,1,1,18.513954479314766,-35.82856597142132
851,MeerKAT:array_1:20250710T030814Z,Gaia_2699040878547170944,16,551.9994331002235,-0.22245908818755805,62.223774,4,64,0.0625,2,1,21.52993696394814,5.086195634806841
181738,MeerKAT:array_1:20250712T222705Z,Gaia_2682777727182275456,21,623.9690162539482,-0.01711223755288908,62.173767,4,64,0.0625,1,1,22.190689488745548,2.189474297655267
29655,MeerKAT:array_1:20250715T002705Z,Gaia_2682487005140593920,1,575.9986666440964,0.2310152069640026,62.134148,3,64,0.046875,1,1,22.225960041531003,1.6945490040102467
29766,MeerKAT:array_1:20250715T002705Z,Gaia_2682748448390256000,32,575.9986666440964,0.2310152069640026,61.871323,3,64,0.046875,1,1,22.18379693040468,2.026398022327648
29679,MeerKAT:array_1:20250715T002705Z,Gaia_2682527038531164928,8,575.9986696839333,0.16256625675244626,61.64445,1,64,0.015625,1,1,22.197086300314137,1.5253226758817418
56496,MeerKAT:array_1:20250729T050525Z,Gaia_6526534760004678272,1,615.2238696217537,-0.03422447510577816,61.50173,2,64,0.03125,4,2,23.51633630980727,-47.83895311386833
181804,MeerKAT:array_1:20250712T222705Z,Gaia_2682776868188808448,38,623.9690162539482,-0.01711223755288908,61.50101,4,64,0.0625,1,1,22.196622585055863,2.2459500998583524
855,MeerKAT:array_1:20250710T030814Z,Gaia_2699028715199798912,18,551.9994331002235,-0.22245908818755805,61.162037,4,64,0.0625,2,1,21.514001496606696,4.8178986939651205
127983,MeerKAT:array_1:20250704T025554Z,Gaia_2682497764034027776,14,572.7175883054733,0.00855611877644454,60.66631,1,64,0.015625,1,1,22.23607603627589,1.65600274069291
29704,MeerKAT:array_1:20250715T002705Z,Gaia_2682594482402655616,15,575.9986747503281,0.05989283143511178,60.43396,2,64,0.03125,1,1,22.209673902802855,2.270413248556092
181847,MeerKAT:array_1:20250712T222705Z,ex_ATO_J333.2643+01.8359,49,623.9690162539482,-0.00855611877644454,60.322186,3,64,0.046875,1,1,22.217619066666668,1.8359450000000002
29701,MeerKAT:array_1:20250715T002705Z,Gaia_2682486219161952896,14,575.9986747503281,0.05989283143511178,60.20706,2,64,0.03125,1,1,22.221391693188664,1.6101941697353364
28788,MeerKAT:array_1:20250714T021749Z,Gaia_2682532948406193664,1,572.7164949774742,0.0427805938822227,59.778496,1,64,0.015625,2,1,22.18966764506789,1.6479133805547153
63828,MeerKAT:array_1:20250712T222705Z,Gaia_2682790852602355840,11,623.9690162539482,-0.05989283143511178,59.758553,2,64,0.03125,1,1,22.18322266592503,2.2587010541815276
63846,MeerKAT:array_1:20250712T222705Z,Gaia_2682519719906973312,47,623.9690162539482,0.02566835632933362,59.426956,1,64,0.015625,1,1,22.239711470840028,1.8921632714392702
84546,MeerKAT:array_1:20250729T173047Z,J1830-3602,0,647.2236002087593,-0.2310152069640026,59.075047,1,64,0.015625,12,1,18.516355555555556,-36.04169444444445
128378,MeerKAT:array_1:20250704T025554Z,Gaia_2682776868188808448,34,576.0017490386963,0.01711223755288908,58.915752,3,64,0.046875,1,1,22.196622585055863,2.2459500998583524
29856,MeerKAT:array_1:20250715T002705Z,Gaia_2682101321372939648,57,575.9986666440964,0.2310152069640026,58.61223,3,64,0.046875,1,1,22.191764548161178,1.3692785273035584
879,MeerKAT:array_1:20250710T030814Z,Gaia_2699010672041142528,30,551.9994280338287,-0.11978566287022356,57.96199,1,64,0.015625,2,1,21.505239505253016,4.912069487477975
7879,MeerKAT:array_1:20250730T231157Z,ex_PG_2208+014,30,551.9896610379219,-0.0427805938822227,57.64517,1,64,0.015625,1,1,22.179297733333332,1.6932200000000002
63823,MeerKAT:array_1:20250712T222705Z,Gaia_2682781747271676672,6,623.9690162539482,-0.05989283143511178,57.382126,2,64,0.03125,1,1,22.194145770897812,2.3487439524384195
29714,MeerKAT:array_1:20250715T002705Z,Gaia_2682528825237574144,18,575.9986737370491,0.07700506898800086,56.773903,1,64,0.015625,1,1,22.19354524038687,1.5985608781853347
36266,MeerKAT:array_1:20250721T203933Z,Gaia_2682469275515505536,14,575.000728726387,0.11122954409377903,56.734238,1,64,0.015625,1,1,22.23626879713263,1.5165676617373989
9308,MeerKAT:array_1:20250731T233401Z,Gaia_2536604592641468288,23,544.0826308727264,0.02566835632933362,56.41018,1,64,0.015625,1,1,0.9895326539229116,0.577441124201757
28707,MeerKAT:array_1:20250714T001713Z,Gaia_2682473987095080832,48,575.999146938324,0.23957132574044712,56.171955,2,64,0.03125,2,1,22.23059721583158,1.6089124388311955
28697,MeerKAT:array_1:20250714T001713Z,Gaia_2682485222729533952,46,575.999144911766,0.2310152069640026,55.744637,1,64,0.015625,3,1,22.22463210017585,1.590795284946337
67574,MeerKAT:array_1:20250713T175609Z,Gaia_1456306591259413504,6,625.0006629228592,0.17967849430533533,55.284363,3,64,0.046875,1,1,13.556781889142673,30.7723786001952
889,MeerKAT:array_1:20250710T030814Z,Gaia_2699241711217955200,35,551.9994331002235,-0.22245908818755805,54.606335,4,64,0.0625,2,1,21.498546318501788,5.1709636573116775
865,MeerKAT:array_1:20250710T030814Z,Gaia_2699247002617688704,23,551.9994331002235,-0.22245908818755805,54.497307,4,64,0.0625,2,1,21.493103206697906,5.313733222487622
9599,MeerKAT:array_1:20250731T233401Z,Gaia_2536499829799384448,58,551.9903196692467,0.02566835632933362,54.064896,2,64,0.03125,1,1,0.9656095516127117,0.2981917854532146
37041,MeerKAT:array_1:20250721T223354Z,Gaia_2682593417250767360,14,576.0401958823204,-0.0427805938822227,53.895126,1,64,0.015625,1,1,22.21616111987528,2.210176012264757
51352,MeerKAT:array_1:20250730T204925Z,Gaia_2699421721887095808,59,599.9705031514168,-0.0855611877644454,53.541138,4,64,0.0625,1,1,21.531554098972848,5.252076942869637
167148,MeerKAT:array_1:20250729T050525Z,Gaia_6526730851029764224,42,599.970079600811,0.01711223755288908,53.2073,1,64,0.015625,1,1,23.437433400961766,-47.563385679113246
67675,MeerKAT:array_1:20250713T175609Z,Gaia_1456305835345169024,29,625.0006629228592,0.17967849430533533,53.08096,3,64,0.046875,1,1,13.557532631993743,30.75641241030446
9608,MeerKAT:array_1:20250731T233401Z,Gaia_2536500521289276416,62,551.9903196692467,0.02566835632933362,52.91135,2,64,0.03125,1,1,0.9661925134259971,0.3363868009701565
3663,MeerKAT:array_1:20250723T234200Z,Gaia_2682536521818950784,5,551.997122824192,-0.05133671265866724,52.426228,1,64,0.015625,1,1,22.208307654339844,1.7040297557317263
28727,MeerKAT:array_1:20250714T001713Z,Gaia_2682558099734709760,52,575.999146938324,0.23957132574044712,52.08627,2,64,0.03125,2,1,22.189701165924287,1.9093993911697076
6008,MeerKAT:array_1:20250730T185654Z,Gaia_4426444014531979136,17,551.9870457649231,-0.0855611877644454,51.577564,4,64,0.0625,1,1,15.846713374138009,5.535251654983709
6018,MeerKAT:array_1:20250730T185654Z,Gaia_4426416698539850112,19,551.9870457649231,-0.0855611877644454,51.426746,4,64,0.0625,1,1,15.841536514323348,5.366175597906446
6003,MeerKAT:array_1:20250730T185654Z,Gaia_4426445457640888960,16,551.9870457649231,-0.0855611877644454,50.82737,4,64,0.0625,1,1,15.841263657152744,5.5338650638871005
6208,MeerKAT:array_1:20250730T185654Z,Gaia_4426418416526789504,58,551.9870457649231,-0.0855611877644454,50.661774,4,64,0.0625,1,1,15.82659995750336,5.336126032137844
163393,MeerKAT:array_1:20250717T021511Z,ex_LEDA_3096664,50,599.9431952834129,-0.00855611877644454,50.561207,3,64,0.046875,2,1,22.236,1.5744439999999997
46032,MeerKAT:array_1:20250706T010358Z,Gaia_2699421687527413248,31,599.9700066447258,0.0427805938822227,50.344845,3,64,0.046875,1,1,21.53498295812899,5.280717710845582
18636,MeerKAT:array_1:20250705T005108Z,Gaia_2682777074347230592,45,576.041302382946,-0.02566835632933362,49.900097,1,64,0.015625,1,1,22.201998246954126,2.250672056984904
51335,MeerKAT:array_1:20250730T204925Z,Gaia_2699045753334219008,56,599.9705031514168,-0.0855611877644454,49.87983,4,64,0.0625,1,1,21.52488034889827,5.196036001422056
36786,MeerKAT:array_1:20250721T223354Z,Gaia_2682779647032772864,19,572.7165932655334,0.02566835632933362,49.53241,1,64,0.015625,1,1,22.189274909684073,2.282627354778844
34505,MeerKAT:array_1:20250720T043243Z,Gaia_6526717966127874560,41,576.0409021377563,0.09411730654088994,49.25322,1,64,0.015625,2,1,23.446617294778353,-47.62561618074843
129233,MeerKAT:array_1:20250704T222921Z,Gaia_2699059638964408832,3,572.7163541316986,0.00855611877644454,49.071167,4,64,0.0625,2,2,21.509199553068573,5.204109913205526
51140,MeerKAT:array_1:20250730T204925Z,Gaia_2699441169499096960,22,599.9705031514168,-0.0855611877644454,49.030792,4,64,0.0625,1,1,21.523832979399025,5.466862107246436
171722,MeerKAT:array_1:20250710T050136Z,Gaia_2700570848976880128,37,613.2232719063759,0.01711223755288908,48.650764,2,64,0.03125,2,2,21.82852977997262,6.739132727298666
18608,MeerKAT:array_1:20250705T005108Z,Gaia_2682540954225220992,24,575.9987051486969,0.0427805938822227,48.54148,3,64,0.046875,1,1,22.20354969681639,1.7972855564702888
136601,MeerKAT:array_1:20250713T025525Z,ex_LEDA_1198640,62,575.9923751950264,0.00855611877644454,48.533974,1,64,0.015625,1,1,22.225583333333333,1.5602780000000003
126354,MeerKAT:array_1:20250702T005726Z,Gaia_2682480618524623232,57,576.0399922132492,-0.01711223755288908,48.432514,2,64,0.03125,1,1,22.201442962597795,1.5448645361739375
5927,MeerKAT:array_1:20250730T185654Z,J1550+0527,0,551.9793701767921,-0.07700506898800086,48.04506,1,64,0.015625,1,1,15.843130555555557,5.452888888888889
171749,MeerKAT:array_1:20250710T050136Z,Gaia_2700877509641931904,61,613.2232729196548,-0.00855611877644454,48.023888,4,64,0.0625,2,1,21.784261713204177,7.44758370266113
20628,MeerKAT:array_1:20250711T001051Z,Gaia_2682592115875728384,15,576.0403195023537,-0.11122954409377903,48.01746,2,64,0.03125,1,1,22.21898704101208,2.241076416635358
46037,MeerKAT:array_1:20250706T010358Z,Gaia_2699001364847879680,34,599.9700066447258,0.0427805938822227,47.958923,3,64,0.046875,1,1,21.48834437820062,4.726289624084367
21289,MeerKAT:array_1:20250711T003519Z,Gaia_2682581567435990016,45,576.0404502153397,-0.05133671265866724,47.92544,2,64,0.03125,1,1,22.208607917796215,2.055024264276728
24169,MeerKAT:array_1:20250713T150856Z,Gaia_1456306591259413504,43,576.0390478372574,-0.1711223755288908,47.60658,2,64,0.03125,1,1,13.556781889142673,30.7723786001952
65657,MeerKAT:array_1:20250713T161348Z,Gaia_1468333770999923200,59,623.9858680963516,-0.02566835632933362,47.40234,1,64,0.015625,1,1,13.534408192761667,31.004888674067633
21213,MeerKAT:array_1:20250711T003519Z,ex_LEDA_1220485,32,576.0404502153397,-0.05133671265866724,47.02158,2,64,0.03125,1,1,22.184361133333333,2.2375
46005,MeerKAT:array_1:20250706T010358Z,Gaia_2699016895449632128,9,599.9700066447258,0.0427805938822227,46.905792,3,64,0.046875,1,1,21.473587661216218,4.800252946112908
101221,MeerKAT:array_1:20250717T200827Z,Gaia_4426373096032017280,9,675.0020349621773,0.05989283143511178,46.60738,4,64,0.0625,1,1,15.875851459888873,5.232768886170563
126382,MeerKAT:array_1:20250702T005726Z,Gaia_2682517727042043008,63,576.0399922132492,-0.01711223755288908,46.555138,2,64,0.03125,1,1,22.232325667188825,1.899291916874337
51152,MeerKAT:array_1:20250730T204925Z,Gaia_2699214051628583680,24,599.9705031514168,-0.0855611877644454,46.523716,4,64,0.0625,1,1,21.48355330342577,5.0159442754553165
129272,MeerKAT:array_1:20250704T222921Z,Gaia_2699630457297668480,42,572.7163541316986,0.00855611877644454,46.492336,4,64,0.0625,2,2,21.52156527902646,5.56399782455316
20632,MeerKAT:array_1:20250711T001051Z,Gaia_2682555763272475008,16,576.0403195023537,-0.11122954409377903,45.989594,2,64,0.03125,1,1,22.199787879713597,1.8868757280432191
170552,MeerKAT:array_1:20250713T175609Z,Gaia_1468240106352793856,61,607.275917172432,0.00855611877644454,45.71217,2,64,0.03125,15,1,13.520089670850334,30.85544402475993
51187,MeerKAT:array_1:20250730T204925Z,Gaia_2699050804215546240,30,599.9705082178116,-0.1454540191995572,44.75664,1,64,0.015625,1,1,21.49898214733294,5.05468036485835
23357,MeerKAT:array_1:20250713T002413Z,Gaia_2682516898113056512,13,575.9987953305244,0.22245908818755805,44.6654,1,64,0.015625,1,1,22.23422422142535,1.8763832934361804
23344,MeerKAT:array_1:20250713T002413Z,Gaia_2682559469829704960,8,575.9987983703613,0.1454540191995572,44.596542,2,64,0.03125,1,1,22.190560203970996,1.9644726166800204
36540,MeerKAT:array_1:20250721T203933Z,Gaia_2682593112308143232,21,576.039944589138,-0.05989283143511178,44.363907,2,64,0.03125,1,1,22.213939026520855,2.211386242753572
171500,MeerKAT:array_1:20250710T030814Z,Gaia_2699250026274646400,1,613.2232749462128,0.01711223755288908,44.313847,4,64,0.0625,2,2,21.50397468609456,5.338912721087902
8345,MeerKAT:array_1:20250731T192546Z,ex_[VV2006]_J154847.6+053729,36,551.9996702075005,0.02566835632933362,44.110004,2,64,0.03125,1,1,15.813218333333333,5.624821
55155,MeerKAT:array_1:20250710T050136Z,ex_LEDA_1318621,7,613.2232648134232,0.11978566287022356,44.064217,3,64,0.046875,1,1,21.78813886666667,7.303889
11944,MeerKAT:array_1:20250716T201432Z,Gaia_4426340557359563648,12,558.3986778259277,0.07700506898800086,43.981995,3,64,0.046875,2,1,15.834096317078622,4.934343663776585
129259,MeerKAT:array_1:20250704T222921Z,Gaia_2699042665253603584,29,572.7163541316986,0.00855611877644454,43.929684,4,64,0.0625,2,2,21.518445933575272,5.057103558498816
24186,MeerKAT:array_1:20250713T150856Z,Gaia_1456187775284134400,58,576.0390478372574,-0.1711223755288908,43.884953,2,64,0.03125,1,1,13.560351785498472,30.322063121039974
8405,MeerKAT:array_1:20250731T192546Z,ex_SDSS_J155013.53+055140.9,56,551.9996702075005,0.02566835632933362,42.801167,2,64,0.03125,1,1,15.837091866666668,5.861327
11974,MeerKAT:array_1:20250716T201432Z,Gaia_4426338736293399680,42,558.3986778259277,0.07700506898800086,42.7108,3,64,0.046875,2,1,15.851130635965516,4.954781580276794
31802,MeerKAT:array_1:20250716T201432Z,Gaia_4429469458211225728,52,576.0405576229095,0.05133671265866724,42.57123,1,64,0.015625,1,1,15.82322759299749,5.801642838638231
129254,MeerKAT:array_1:20250704T222921Z,Gaia_2699206866147811072,24,572.7163541316986,0.00855611877644454,42.452316,4,64,0.0625,2,2,21.472913793272873,4.905016378548729
171689,MeerKAT:array_1:20250710T050136Z,ex_UGC_11807,6,613.2232729196548,-0.00855611877644454,42.134235,4,64,0.0625,2,1,21.770861133333337,7.057361
62611,MeerKAT:array_1:20250711T003519Z,Gaia_2682476426636516736,48,623.9689412713051,-0.09411730654088994,42.008743,2,64,0.03125,1,1,22.213504659511468,1.4443535661981004
36680,MeerKAT:array_1:20250721T203933Z,Gaia_2682668772451942272,45,576.039944589138,-0.05989283143511178,41.83298,2,64,0.03125,1,1,22.23987933269876,2.146071800454369
16622,MeerKAT:array_1:20250701T230223Z,Gaia_2682559469829704960,53,576.0398615002632,-0.11978566287022356,41.522156,2,64,0.03125,1,1,22.190560203970996,1.9644726166800204
54991,MeerKAT:array_1:20250706T001134Z,Gaia_2698943056371849856,60,613.1961190700531,0.02566835632933362,41.30468,3,64,0.046875,1,1,21.51019992395289,4.462105947299083
11940,MeerKAT:array_1:20250716T201432Z,ex_2MASX_J15522536+0522385,8,558.3986778259277,0.07700506898800086,41.170807,3,64,0.046875,2,1,15.873702666666665,5.377406000000001
23970,MeerKAT:array_1:20250713T025525Z,Gaia_2682496458363968768,30,576.0409943461418,0.2310152069640026,40.612045,1,64,0.015625,1,1,22.234075549687002,1.5976290621252696
108056,MeerKAT:array_1:20250722T211839Z,Gaia_2682594624136633472,42,549.9957337379456,0.00855611877644454,40.610264,3,64,0.046875,1,1,22.21248246510474,2.264545145816272
62618,MeerKAT:array_1:20250711T003519Z,Gaia_2682569605952186240,50,623.9689412713051,-0.0855611877644454,40.586205,2,64,0.03125,1,1,22.219839080799726,2.0229947488909383
55167,MeerKAT:array_1:20250710T050136Z,Gaia_2700802811570746496,20,613.2232708930969,0.03422447510577816,40.310863,1,64,0.015625,2,1,21.824643405687567,7.224652429219597
114815,MeerKAT:array_1:20250730T204925Z,Gaia_2699045753334219008,56,551.9790651798248,-0.00855611877644454,39.64342,2,64,0.03125,1,1,21.52488034889827,5.196036001422056
181659,MeerKAT:array_1:20250712T222705Z,J2212+0152,0,623.9690162539482,0.00855611877644454,39.634293,1,64,0.015625,1,1,22.21054722222222,1.8808888888888886
190664,MeerKAT:array_1:20250707T004747Z,Gaia_2682565933754987264,38,644.3084006905556,0.01711223755288908,39.55892,3,64,0.046875,1,1,22.22489567288584,1.9442703929931866
26712,MeerKAT:array_1:20250713T172342Z,Gaia_1468174754130396544,56,576.043442428112,0.05133671265866724,39.39406,3,64,0.046875,1,1,13.498734813612653,30.08754227392505
108055,MeerKAT:array_1:20250722T211839Z,Gaia_2682583938257936640,25,549.9957337379456,0.00855611877644454,39.062065,3,64,0.046875,1,1,22.212886147538775,2.129008305721521
138154,MeerKAT:array_1:20250713T172342Z,Gaia_1456191967172186752,37,576.0434454679489,0.00855611877644454,38.867313,1,64,0.015625,1,1,13.561468206918311,30.447204024617232
97176,MeerKAT:array_1:20250713T161348Z,Gaia_1468316797289218432,45,674.9947292208672,0.18823461308177988,38.483456,2,64,0.03125,1,1,13.551565075186442,30.829479647823575
31046,MeerKAT:array_1:20250715T222140Z,Gaia_4426440578558019712,16,576.0407268404961,0.17967849430533533,38.171165,3,64,0.046875,2,1,15.842353175575685,5.405634143771568
51012,MeerKAT:array_1:20250730T185654Z,Gaia_4426435871273922560,59,601.3522214889526,0.07700506898800086,38.14474,2,64,0.03125,1,1,15.826316250742526,5.588079363196733
108054,MeerKAT:array_1:20250722T211839Z,ex_LEDA_1200474,17,549.9957337379456,0.00855611877644454,38.065792,3,64,0.046875,1,1,22.2436434,1.6176
179521,MeerKAT:array_1:20250707T004747Z,Gaia_2682779032852352896,34,623.9920886158943,0.01711223755288908,37.77955,2,64,0.03125,1,1,22.184761443528405,2.240178603095255
114803,MeerKAT:array_1:20250730T204925Z,Gaia_2699252122218678912,53,551.9790651798248,-0.00855611877644454,37.593082,2,64,0.03125,1,1,21.510243002368096,5.391321797116429
31005,MeerKAT:array_1:20250715T222140Z,Gaia_4426388764072519040,5,576.0451720952988,-0.18823461308177988,37.58575,3,64,0.046875,1,1,15.85415952797345,5.29562558189683
32746,MeerKAT:array_1:20250717T220401Z,Gaia_2699054931680212992,54,572.7165659070015,0.02566835632933362,37.3912,4,64,0.0625,1,1,21.517757124560028,5.118882118947944
157185,MeerKAT:array_1:20250715T222140Z,Gaia_4426450268004514816,28,587.9920147657394,0.01711223755288908,37.277325,3,64,0.046875,1,1,15.851911423031703,5.587168995066491
20231,MeerKAT:array_1:20250710T221658Z,Gaia_2682777280505662592,46,576.0401918292046,-0.2139029694111135,37.157505,2,64,0.03125,1,1,22.202838616121404,2.2808748840205215
190663,MeerKAT:array_1:20250707T004747Z,ex_LEDA_1191080,2,644.3084006905556,0.01711223755288908,37.153267,3,64,0.046875,1,1,22.200944466666666,1.315
101352,MeerKAT:array_1:20250717T200827Z,Gaia_4426454666050882816,49,675.0020349621773,0.05989283143511178,37.137306,4,64,0.0625,1,1,15.845572815648486,5.661901381013813
181957,MeerKAT:array_1:20250713T002413Z,J2212+0152,0,623.9915870428085,0.00855611877644454,36.92004,2,64,0.03125,1,1,22.21054722222222,1.8808888888888886
182213,MeerKAT:array_1:20250713T002413Z,ex_ICRF_J221237.9+015251,56,623.9915870428085,0.00855611877644454,36.911182,2,64,0.03125,1,1,22.2105482,1.8808860000000003
8973,MeerKAT:array_1:20250731T230132Z,J0059+0006,0,551.9992942810059,-0.02566835632933362,36.870598,1,64,0.015625,1,1,0.9848666666666666,0.11433333333333334
163354,MeerKAT:array_1:20250717T021511Z,Gaia_2682780677824347392,13,599.9869902133942,-0.01711223755288908,36.81828,1,64,0.015625,1,1,22.196677057581738,2.314091002320444
31051,MeerKAT:array_1:20250715T222140Z,Gaia_4426368732345069824,17,576.0451720952988,-0.18823461308177988,36.67468,3,64,0.046875,1,1,15.846893898950588,5.322464271061513
24124,MeerKAT:array_1:20250713T150856Z,Gaia_1456165372734634240,3,575.9942892789841,0.02566835632933362,36.58979,2,64,0.03125,1,1,13.515461850590988,30.086070252162482
157330,MeerKAT:array_1:20250715T222140Z,Gaia_4426445629439585536,59,587.9920147657394,0.01711223755288908,36.22402,3,64,0.046875,1,1,15.838861855326261,5.540578090401572
24135,MeerKAT:array_1:20250713T150856Z,Gaia_1468338478284081024,12,575.9942892789841,0.02566835632933362,36.207817,2,64,0.03125,1,1,13.534371042935065,31.055768594439595
93024,MeerKAT:array_1:20250704T203712Z,Gaia_4426443842733286656,43,671.9834080338478,0.0427805938822227,36.035233,1,64,0.015625,1,1,15.84768414171495,5.5365770271457455
32745,MeerKAT:array_1:20250717T220401Z,Gaia_2699060601037094912,41,572.7165659070015,0.02566835632933362,36.01204,4,64,0.0625,1,1,21.504721287294288,5.222672081423288
129865,MeerKAT:array_1:20250704T225450Z,Gaia_2682619530651384576,36,572.7164807915688,0.00855611877644454,35.85972,1,64,0.015625,1,1,22.24673527028144,2.0466438503209443
35882,MeerKAT:array_1:20250720T235835Z,Gaia_2682538239805870208,10,576.040075302124,-0.18823461308177988,35.8251,1,64,0.015625,1,1,22.210467306863034,1.7516632583410305
32747,MeerKAT:array_1:20250717T220401Z,Gaia_2699050224396083328,61,572.7165659070015,0.02566835632933362,35.79517,4,64,0.0625,1,1,21.509654918396006,5.126827001842874
66411,MeerKAT:array_1:20250713T164848Z,Gaia_1315927990371978624,27,625.028206884861,0.05133671265866724,35.677933,4,64,0.0625,1,1,16.166810191627004,27.124358208049873
157198,MeerKAT:array_1:20250715T222140Z,Gaia_4426365708688082560,31,587.9920147657394,0.01711223755288908,35.53798,3,64,0.046875,1,1,15.839974662822277,5.192375344844134
141103,MeerKAT:array_1:20250717T220401Z,Gaia_2699046376105379968,57,572.7169783115387,0.00855611877644454,35.47086,4,64,0.0625,1,1,21.504505612891545,4.9779354566838885
105876,MeerKAT:array_1:20250706T010358Z,Gaia_2698998890946716416,54,551.9724089503288,0.00855611877644454,35.462303,1,64,0.015625,1,1,21.48461319818869,4.631159455035443
141090,MeerKAT:array_1:20250717T220401Z,Gaia_2699007515241387264,43,572.7169783115387,0.00855611877644454,35.45815,4,64,0.0625,1,1,21.495754214682567,4.756168998058779
16389,MeerKAT:array_1:20250701T230223Z,ex_Z_377-37,4,576.0398615002632,-0.11978566287022356,35.423325,2,64,0.03125,1,1,22.19111033333333,1.935667
141095,MeerKAT:array_1:20250717T220401Z,Gaia_2699047269458590976,48,572.7169783115387,0.00855611877644454,35.373505,4,64,0.0625,1,1,21.501721215289173,5.012306482689809
179645,MeerKAT:array_1:20250707T004747Z,Gaia_2682559920800831744,59,623.9920886158943,0.01711223755288908,35.129055,2,64,0.03125,1,1,22.196099829541783,1.9504520941401238
26753,MeerKAT:array_1:20250713T172342Z,Gaia_1456181899768835840,62,576.043442428112,0.05133671265866724,35.111145,3,64,0.046875,1,1,13.542560133892891,30.231321248950458
32744,MeerKAT:array_1:20250717T220401Z,Gaia_2699248720604580608,10,572.7165659070015,0.02566835632933362,35.083214,4,64,0.0625,1,1,21.504617805919477,5.277470539969692
141062,MeerKAT:array_1:20250717T220401Z,Gaia_2699022972829013120,14,572.7169783115387,0.00855611877644454,35.080162,4,64,0.0625,1,1,21.49551083690638,4.9232089902816405
48854,MeerKAT:array_1:20250728T194227Z,Gaia_2682528825237574144,32,599.9834153652191,-0.11122954409377903,34.965004,2,64,0.03125,1,1,22.19354524038687,1.5985608781853347
51008,MeerKAT:array_1:20250730T185654Z,Gaia_4426365708688082560,55,601.3522214889526,0.07700506898800086,34.909355,2,64,0.03125,1,1,15.839974662822277,5.192375344844134
31208,MeerKAT:array_1:20250715T222140Z,Gaia_4426444461208578560,58,576.0451720952988,-0.18823461308177988,34.72425,3,64,0.046875,1,1,15.848415810315183,5.567304854455347
56495,MeerKAT:array_1:20250729T050525Z,J2329-4730,0,615.2238696217537,-0.03422447510577816,34.711983,2,64,0.03125,4,2,23.48825,-47.50530555555556
541,MeerKAT:array_1:20250706T010358Z,Gaia_2699255455113310336,32,551.972405910492,0.0427805938822227,34.620083,1,64,0.015625,1,1,21.507726503653334,5.439374966454851
35913,MeerKAT:array_1:20250720T235835Z,Gaia_2682555007358239488,17,576.0400793552399,-0.23957132574044712,34.592712,1,64,0.015625,1,1,22.19448488751163,1.8764692634738658
141252,MeerKAT:array_1:20250717T220401Z,ex_ATO_J322.9024+05.0783,3,576.0407177209854,0.01711223755288908,34.455486,2,64,0.03125,3,1,21.5268322,5.078387
141260,MeerKAT:array_1:20250717T220401Z,ex_V0698_Peg,4,576.0407177209854,0.01711223755288908,34.448475,2,64,0.03125,3,1,21.526833333333332,5.078389
12863,MeerKAT:array_1:20250721T223354Z,Gaia_2682466320578404736,16,558.3984437584877,0.03422447510577816,34.319107,1,64,0.015625,1,1,22.234459604386366,1.4393751674115651
42120,MeerKAT:array_1:20250713T183111Z,Gaia_1315969600015052672,49,587.9938042163849,-0.05133671265866724,34.299187,3,64,0.046875,1,1,16.151499385178138,27.114542509561023
31076,MeerKAT:array_1:20250715T222140Z,Gaia_4426361138842856064,24,576.0407268404961,0.17967849430533533,34.270706,3,64,0.046875,2,1,15.843656668912955,5.092620166552461
101392,MeerKAT:array_1:20250717T200827Z,ex_4C_05.64,62,675.0020349621773,0.05989283143511178,34.259007,4,64,0.0625,1,1,15.843130333333331,5.452902
101192,MeerKAT:array_1:20250717T200827Z,J1550+0527,0,675.0020349621773,0.05989283143511178,34.25727,4,64,0.0625,1,1,15.843130555555557,5.452888888888889
26560,MeerKAT:array_1:20250713T172342Z,Gaia_1468259966281530240,34,576.043442428112,0.05133671265866724,34.208786,3,64,0.046875,1,1,13.493773542901847,30.77628022610771
97118,MeerKAT:array_1:20250713T161348Z,Gaia_1456172313401784960,19,674.9947292208672,0.18823461308177988,33.964535,2,64,0.03125,1,1,13.514585659146732,30.130796954893118
125531,MeerKAT:array_1:20250731T233401Z,Gaia_2536413488072049024,36,563.9711923003197,-0.00855611877644454,33.884434,1,64,0.015625,1,1,1.012451171755051,-0.08251254988777057
55186,MeerKAT:array_1:20250710T050136Z,Gaia_2700398397450087296,40,613.2232648134232,0.11978566287022356,33.793232,3,64,0.046875,1,1,21.77382195171588,6.749634876279741
42083,MeerKAT:array_1:20250713T183111Z,Gaia_1315320441478679680,40,587.9938042163849,-0.05133671265866724,33.712643,3,64,0.046875,1,1,16.157261592407764,26.30115185100888
41991,MeerKAT:array_1:20250713T183111Z,Gaia_1315326110835487744,18,587.9938042163849,-0.05133671265866724,33.66001,3,64,0.046875,1,1,16.179199249571727,26.385684364294914
55197,MeerKAT:array_1:20250710T050136Z,Gaia_2700582114675870720,52,613.2232658267021,0.11978566287022356,33.385506,3,64,0.046875,2,1,21.836046062024177,6.718896266121
63753,MeerKAT:array_1:20250712T220135Z,ex_LEDA_1270650,33,625.0212446451187,0.03422447510577816,33.246056,3,64,0.046875,3,2,21.488972200000003,4.609722
20171,MeerKAT:array_1:20250710T221658Z,Gaia_2682555591473780352,34,576.0401918292046,-0.2139029694111135,32.83914,2,64,0.03125,1,1,22.201220805296096,1.886841274366608
66345,MeerKAT:array_1:20250713T164848Z,ex_SDSS_J160659.31+265538.0,9,625.028206884861,0.05133671265866724,32.75408,4,64,0.0625,1,1,16.116477200000002,26.927228000000003
196877,MeerKAT:array_1:20250723T234200Z,Gaia_2682496866385480192,55,647.9778972268105,0.01711223755288908,32.71593,1,64,0.015625,1,1,22.24037963002593,1.6423891429064388
133220,MeerKAT:array_1:20250711T003519Z,Gaia_2682587202433096192,3,575.9807062745094,-0.00855611877644454,32.6533,4,64,0.0625,1,1,22.208137221477873,2.1752653891703804
31012,MeerKAT:array_1:20250715T222140Z,Gaia_4426431541946863488,7,576.0407268404961,0.17967849430533533,32.150555,3,64,0.046875,2,1,15.821102305225784,5.396339765879624
32904,MeerKAT:array_1:20250717T220401Z,Gaia_2699041084705595136,60,575.9868173599243,-0.03422447510577816,31.651546,2,64,0.03125,2,1,21.531824305255682,5.097678863089412
47904,MeerKAT:array_1:20250723T211918Z,Gaia_2698982020315332224,62,599.9856861233711,-0.03422447510577816,31.52922,2,64,0.03125,1,1,21.52031094699353,4.829916349175711
30205,MeerKAT:array_1:20250715T023108Z,ex_CRTS_J221216.0+015147,20,575.9947493076324,0.06844895021155632,31.416342,4,64,0.0625,1,1,22.204455399999997,1.8630860000000002
48740,MeerKAT:array_1:20250728T194227Z,Gaia_2682558129799800704,18,599.9834143519402,-0.05133671265866724,31.124872,4,64,0.0625,1,1,22.19057244372838,1.9204476014907355
30224,MeerKAT:array_1:20250715T023108Z,ex_LEDA_1211625,26,575.9947493076324,0.06844895021155632,31.087193,4,64,0.0625,1,1,22.2227986,1.963967
47779,MeerKAT:array_1:20250723T211918Z,Gaia_2699021499654909056,21,599.9856861233711,-0.03422447510577816,30.98859,2,64,0.03125,1,1,21.49009017341803,4.883194593689428
30188,MeerKAT:array_1:20250715T023108Z,Gaia_2682555763272475008,15,575.9947493076324,0.06844895021155632,30.861174,4,64,0.0625,1,1,22.199787879713597,1.8868757280432191
138032,MeerKAT:array_1:20250713T164848Z,Gaia_1315704338538113536,43,575.992071211338,-0.00855611877644454,30.786682,1,64,0.015625,1,1,16.19064823271627,26.563713473687557
16853,MeerKAT:array_1:20250702T005726Z,Gaia_2682773805876651392,21,575.9806221723557,-0.10267342531733448,30.770885,2,64,0.03125,2,1,22.197830321988643,2.149073431938348
48958,MeerKAT:array_1:20250728T194227Z,Gaia_2682528412920713856,45,599.9834153652191,-0.10267342531733448,30.732548,2,64,0.03125,1,1,22.192207164067426,1.5737153917106732
48676,MeerKAT:array_1:20250728T194227Z,Gaia_2682520677684092928,10,599.9834143519402,-0.05133671265866724,30.606394,4,64,0.0625,1,1,22.246642437467518,1.9176408437570687
133310,MeerKAT:array_1:20250711T003519Z,ex_PC_2211+0119,25,575.9807062745094,-0.00855611877644454,30.523327,4,64,0.0625,1,1,22.241045866666663,1.5826560000000003
4973,MeerKAT:array_1:20250729T050525Z,Gaia_6526730851029764224,42,551.9810897111893,-0.03422447510577816,30.474752,4,64,0.0625,2,1,23.437433400961766,-47.563385679113246
113365,MeerKAT:array_1:20250729T050525Z,Gaia_6528035627733547392,63,551.9810886979103,-0.01711223755288908,30.021814,3,64,0.046875,2,2,23.530430293610184,-47.11697537186924
31937,MeerKAT:array_1:20250716T222802Z,Gaia_4426848394292054912,1,575.0021229982376,0.0427805938822227,29.960003,3,64,0.046875,1,1,15.860024586487821,5.980187628807501
4960,MeerKAT:array_1:20250729T050525Z,Gaia_6528027243957377152,36,551.9810897111893,-0.03422447510577816,29.948864,4,64,0.0625,2,1,23.537880738908797,-47.31182755974979
5001,MeerKAT:array_1:20250729T050525Z,Gaia_6526763905098276736,55,551.9810897111893,-0.03422447510577816,29.882902,4,64,0.0625,2,1,23.440213318396456,-47.27091592821689
155188,MeerKAT:array_1:20250713T154120Z,Gaia_1456210109114017536,12,587.0339959859848,0.01711223755288908,29.830038,1,64,0.015625,1,1,13.543745187667264,30.61561952686824
30218,MeerKAT:array_1:20250715T023108Z,ex_LEDA_1191080,24,575.9947493076324,0.06844895021155632,29.796516,4,64,0.0625,1,1,22.200944466666666,1.315
133401,MeerKAT:array_1:20250711T003519Z,Gaia_2682473368619795328,47,575.9807062745094,-0.00855611877644454,29.717133,4,64,0.0625,1,1,22.224929279906544,1.5675436271082528
5044,MeerKAT:array_1:20250729T173047Z,Gaia_6734171960335689856,24,544.0796690583229,0.02566835632933362,29.411125,1,64,0.015625,1,1,18.499142574263168,-35.99193716898949
234,MeerKAT:array_1:20250706T001134Z,Gaia_2699441646239795328,5,551.9990338683128,0.16256625675244626,29.332218,3,64,0.046875,1,1,21.527679415952406,5.5006621927749775
11538,MeerKAT:array_1:20250714T021749Z,ex_2MASX_J22115125+0119578,33,559.2504097223282,0.03422447510577816,29.184963,1,64,0.015625,14,4,22.197574799999998,1.3328080000000002
4988,MeerKAT:array_1:20250729T050525Z,Gaia_6526731366425860096,49,551.9810897111893,-0.03422447510577816,29.147573,4,64,0.0625,2,1,23.436582922113452,-47.523455016831214
64246,MeerKAT:array_1:20250713T002413Z,Gaia_2682514084909778176,30,625.0284895896912,0.0427805938822227,29.125706,4,64,0.0625,2,2,22.223374466149913,1.7644346069915944
113865,MeerKAT:array_1:20250729T175426Z,ex_V1194_Sgr,14,548.0058129429817,0.01711223755288908,29.107885,2,64,0.03125,1,1,18.501286133333334,-35.882508
21994,MeerKAT:array_1:20250712T200859Z,ex_SDSS_J155015.00+055010.6,28,572.7158312797546,0.05133671265866724,29.018068,1,64,0.015625,1,1,15.837499533333332,5.836289
171693,MeerKAT:array_1:20250710T050136Z,ex_2MASX_J21493246+0713253,9,613.2232719063759,-0.01711223755288908,29.009756,3,64,0.046875,2,1,21.82568146666667,7.223688000000001
48812,MeerKAT:array_1:20250728T194227Z,Gaia_2682522743563950720,27,599.9834143519402,-0.05133671265866724,28.820446,4,64,0.0625,1,1,22.23801531759071,1.912881024628401
97759,MeerKAT:array_1:20250713T172342Z,Gaia_1468197087960306432,32,671.9864377379417,-0.0855611877644454,28.628847,4,64,0.0625,1,1,13.479387344680154,30.370801077228098
73960,MeerKAT:array_1:20250720T220520Z,Gaia_4429442039139998848,37,623.9933997988701,-0.03422447510577816,28.581823,3,64,0.046875,1,1,15.813752627603938,5.6174608720423995
271,MeerKAT:array_1:20250706T001134Z,Gaia_2699626883884858112,40,551.9990338683128,0.16256625675244626,28.560928,3,64,0.046875,1,1,21.51384574570211,5.4313902141410315
97757,MeerKAT:array_1:20250713T172342Z,Gaia_1468238938121722368,31,671.984422326088,-0.0855611877644454,28.339552,4,64,0.0625,1,1,13.529921533134587,30.87874683537093
66447,MeerKAT:array_1:20250713T164848Z,Gaia_1315580888295160448,37,625.028206884861,0.05133671265866724,28.159956,4,64,0.0625,1,1,16.123226258935425,26.74497273574565
32850,MeerKAT:array_1:20250717T220401Z,Gaia_2699254870997761280,21,575.9868173599243,-0.03422447510577816,28.003868,2,64,0.03125,2,1,21.50370765715743,5.390363728219406
159374,MeerKAT:array_1:20250720T043243Z,ex_2MASX_J23320809-4724361,10,587.9855237007141,-0.01711223755288908,27.988901,2,64,0.03125,2,1,23.535577466666666,-47.410028
18647,MeerKAT:array_1:20250705T005108Z,ex_LEDA_1207841,53,576.0458530187607,-0.02566835632933362,27.915384,3,64,0.046875,1,1,22.175182799999998,1.8459580000000002
85500,MeerKAT:array_1:20250730T185654Z,Gaia_4426444014531979136,17,649.9951390624046,0.1711223755288908,27.83865,2,64,0.03125,1,1,15.846713374138009,5.535251654983709
16978,MeerKAT:array_1:20250702T005726Z,Gaia_2682550471872804736,42,575.9806201457977,-0.05989283143511178,27.690985,2,64,0.03125,2,1,22.173999893349077,1.8039306862337932
245,MeerKAT:array_1:20250706T001134Z,Gaia_2699234942349561856,16,551.9990338683128,0.16256625675244626,27.650623,3,64,0.046875,1,1,21.474112788310613,5.273753528619923
133344,MeerKAT:array_1:20250711T003519Z,ex_LEDA_1202200,33,575.9807062745094,-0.00855611877644454,27.55233,4,64,0.0625,1,1,22.18519446666667,1.671944
2240,MeerKAT:array_1:20250722T231023Z,Gaia_2682485222729533952,40,551.9971390366554,-0.02566835632933362,27.526506,4,64,0.0625,1,1,22.22463210017585,1.590795284946337
32865,MeerKAT:array_1:20250717T220401Z,Gaia_2699033113246348032,30,576.0451498031616,-0.05989283143511178,27.457369,2,64,0.03125,2,1,21.50694735477768,4.8936176915899186
55184,MeerKAT:array_1:20250710T050136Z,Gaia_2700571982848251008,38,613.22326785326,0.05133671265866724,27.305702,3,64,0.046875,2,1,21.826832764944655,6.7916303546226136
24488,MeerKAT:array_1:20250713T154120Z,Gaia_1468188807263398016,43,576.0004571080208,-0.11122954409377903,27.195559,3,64,0.046875,2,1,13.505614094460064,30.413613453466034
19745,MeerKAT:array_1:20250707T024904Z,Gaia_2682473982799658240,63,576.0466372966766,-0.0855611877644454,27.17572,2,64,0.03125,1,1,22.230033651114194,1.6144309297705641
73932,MeerKAT:array_1:20250720T220520Z,Gaia_4426378353072082944,22,623.9933997988701,-0.03422447510577816,27.09446,3,64,0.046875,1,1,15.869295275018299,5.335554242376924
32837,MeerKAT:array_1:20250717T220401Z,Gaia_2699048364674128640,12,576.0451447367668,-0.0427805938822227,27.080658,3,64,0.046875,2,1,21.5108661369356,5.042849967399867
183550,MeerKAT:array_1:20250713T150856Z,Gaia_1468281058864055296,63,624.0018393993378,0.00855611877644454,27.034412,3,64,0.046875,2,1,13.498841693206373,30.83568182790228
2163,MeerKAT:array_1:20250722T231023Z,Gaia_2682595444475329536,24,551.9971390366554,-0.02566835632933362,26.976963,4,64,0.0625,1,1,22.21684289224833,2.283416343878712
113883,MeerKAT:array_1:20250729T175426Z,ex_ASASSN-V_J183039.47-355100.3,32,548.0058129429817,0.01711223755288908,26.903023,2,64,0.03125,1,1,18.51096266666667,-35.85009
92074,MeerKAT:array_1:20250702T005726Z,Gaia_2682779857486050816,39,671.9839977622032,-0.02566835632933362,26.845627,4,64,0.0625,1,1,22.195192608956564,2.2583758380286874
171240,MeerKAT:array_1:20250706T010358Z,J2130+0502,0,613.1961251497269,0.01711223755288908,26.845282,1,64,0.015625,1,1,21.509133333333335,5.038194444444445
32889,MeerKAT:array_1:20250717T220401Z,Gaia_2699252878132940288,49,576.0451498031616,-0.05989283143511178,26.78242,2,64,0.03125,2,1,21.49940107908188,5.342095294703936
2951,MeerKAT:array_1:20250723T211918Z,Gaia_2699443024924948992,3,551.9843524694443,-0.17967849430533533,26.772406,2,64,0.03125,1,1,21.537160678664666,5.441294619690819
16893,MeerKAT:array_1:20250702T005726Z,Gaia_2682511026893166848,28,575.9806221723557,-0.10267342531733448,26.771677,2,64,0.03125,2,1,22.22988922274396,1.7384363619509904
16865,MeerKAT:array_1:20250702T005726Z,Gaia_2682514943903238784,23,575.9806201457977,-0.05989283143511178,26.74315,2,64,0.03125,2,1,22.223611679526204,1.7787943563072373
137406,MeerKAT:array_1:20250713T154120Z,Gaia_1456305835345169024,3,576.0428516864777,0.00855611877644454,26.73862,4,64,0.0625,1,1,13.557532631993743,30.75641241030446
97801,MeerKAT:array_1:20250713T172342Z,Gaia_1468254296924695296,53,671.9864377379417,-0.0855611877644454,26.731895,4,64,0.0625,1,1,13.488266933393888,30.618621624024094
49079,MeerKAT:array_1:20250728T194227Z,Gaia_2682791367998427520,60,599.9834143519402,-0.05133671265866724,26.64676,4,64,0.0625,1,1,22.18733687327099,2.2921347176586315
2139,MeerKAT:array_1:20250722T231023Z,Gaia_2682740962262211200,19,551.9971390366554,-0.02566835632933362,26.5713,4,64,0.0625,1,1,22.18140403042922,1.9377980394948615
92099,MeerKAT:array_1:20250702T005726Z,Gaia_2682468970573271552,46,671.9839977622032,-0.02566835632933362,26.52075,4,64,0.0625,1,1,22.231267940983937,1.496608747459971
41041,MeerKAT:array_1:20250713T164848Z,Gaia_1315923489246395648,45,587.9782088398933,-0.02566835632933362,26.431955,3,64,0.046875,1,1,16.168369780247136,27.047613501871947
18462,MeerKAT:array_1:20250704T225450Z,Gaia_2682486219161952896,24,576.0472635030746,-0.02566835632933362,26.4149,1,64,0.015625,1,1,22.221391693188664,1.6101941697353364
31970,MeerKAT:array_1:20250716T222802Z,Gaia_4426355160248380160,34,575.0021229982376,0.0427805938822227,26.330221,3,64,0.046875,1,1,15.84032132775482,5.054727039856353
159570,MeerKAT:array_1:20250720T043243Z,Gaia_6528260546579850880,57,587.9855237007141,-0.01711223755288908,26.314163,2,64,0.03125,2,1,23.47349489776231,-47.00300547653939
184102,MeerKAT:array_1:20250713T164848Z,Gaia_1315968741021590912,47,625.0207775235176,-0.01711223755288908,26.273878,4,64,0.0625,1,1,16.157316481970856,27.098168531935762
32894,MeerKAT:array_1:20250717T220401Z,Gaia_2699005075699808256,52,576.0451447367668,-0.0427805938822227,26.271168,3,64,0.046875,2,1,21.510945069945073,4.781086533273419
155851,MeerKAT:array_1:20250713T164848Z,Gaia_1315321128673450368,53,587.980122923851,0.01711223755288908,26.259161,3,64,0.046875,1,1,16.154821003700782,26.309338595864666
41064,MeerKAT:array_1:20250713T164848Z,Gaia_1315705133109803776,50,587.9782088398933,-0.02566835632933362,26.252598,3,64,0.046875,1,1,16.190599021147282,26.617638459488873
97033,MeerKAT:array_1:20250713T161348Z,Gaia_1456155305331302528,51,671.9932976365089,-0.05133671265866724,26.210335,3,64,0.046875,1,1,13.529920542808325,30.026093917415686
85544,MeerKAT:array_1:20250730T185654Z,Gaia_4426365708688082560,55,649.9951390624046,0.1711223755288908,26.192095,2,64,0.03125,1,1,15.839974662822277,5.192375344844134
64841,MeerKAT:array_1:20250713T150856Z,Gaia_1456188977874943232,54,624.0018373727798,0.02566835632933362,26.13033,1,64,0.015625,2,1,13.555023658286261,30.294045463717193
27263,MeerKAT:array_1:20250713T175609Z,Gaia_1456198151925056128,36,576.0000163316727,-0.0855611877644454,26.029459,1,64,0.015625,2,1,13.53245978198101,30.31232086419378
32845,MeerKAT:array_1:20250717T220401Z,Gaia_2699043111930204800,16,576.0451447367668,-0.0427805938822227,25.900072,3,64,0.046875,2,1,21.519553130876258,5.096064444218418
90511,MeerKAT:array_1:20250715T023108Z,Gaia_2682555591473780352,47,658.6265633702278,0.02566835632933362,25.892496,2,64,0.03125,1,1,22.201220805296096,1.886841274366608
31936,MeerKAT:array_1:20250716T222802Z,J1550+0527,0,575.0021229982376,0.0427805938822227,25.864668,3,64,0.046875,1,1,15.843130555555557,5.452888888888889
2973,MeerKAT:array_1:20250723T211918Z,Gaia_2699035587147492864,13,551.9843484163284,-0.11122954409377903,25.75204,1,64,0.015625,1,1,21.51737053039205,4.986024463452036
64311,MeerKAT:array_1:20250713T002413Z,ex_LEDA_1202200,62,625.0284895896912,0.0427805938822227,25.730371,4,64,0.0625,2,2,22.18519446666667,1.671944
155775,MeerKAT:array_1:20250713T164848Z,ex_LEDA_1784171,25,587.980122923851,0.01711223755288908,25.712975,3,64,0.046875,1,1,16.1908874,26.659160000000004
73894,MeerKAT:array_1:20250720T220520Z,Gaia_4426369969295755904,2,623.9933997988701,-0.03422447510577816,25.70617,3,64,0.046875,1,1,15.86786902009034,5.102980116982125
63329,MeerKAT:array_1:20250712T200859Z,ex_SDSS_J154857.84+052936.0,40,624.00011074543,-0.03422447510577816,25.705795,1,64,0.015625,2,1,15.816067733333332,5.493349
18641,MeerKAT:array_1:20250705T005108Z,ex_CRTS_J221150.1+013129,48,576.0458530187607,-0.02566835632933362,25.643738,3,64,0.046875,1,1,22.197291,1.524633
18600,MeerKAT:array_1:20250705T005108Z,Gaia_2682471513193917312,18,576.0458530187607,-0.02566835632933362,25.565434,3,64,0.046875,1,1,22.226613856106688,1.5208282602095093
18899,MeerKAT:array_1:20250706T215041Z,Gaia_4426392543643753344,46,576.0416489243507,0.11122954409377903,25.52556,2,64,0.03125,1,1,15.85182240577707,5.355215788128131
97815,MeerKAT:array_1:20250713T172342Z,Gaia_1468318824513756416,60,671.984422326088,-0.0855611877644454,25.520351,4,64,0.0625,1,1,13.542259176522398,30.819352506365494
190662,MeerKAT:array_1:20250707T004747Z,J2212+0152,0,644.3084006905556,0.01711223755288908,25.428484,3,64,0.046875,1,1,22.21054722222222,1.8808888888888886
19670,MeerKAT:array_1:20250707T024904Z,Gaia_2682595380050875136,41,576.0466372966766,-0.0855611877644454,25.398638,2,64,0.03125,1,1,22.217829129279053,2.27359819355233
29807,MeerKAT:array_1:20250715T002705Z,Gaia_2682779273370512000,43,576.0464245080948,0.0855611877644454,25.396116,4,64,0.0625,1,1,22.1901400595939,2.2569188019302695
2993,MeerKAT:array_1:20250723T211918Z,Gaia_2699061356951357056,20,551.9843524694443,-0.17967849430533533,25.267157,2,64,0.03125,1,1,21.515185593970536,5.239418809851875
90503,MeerKAT:array_1:20250715T023108Z,Gaia_2682497626595077632,39,658.6265633702278,0.02566835632933362,25.230555,2,64,0.03125,1,1,22.23321738061186,1.6506094339627708
27475,MeerKAT:array_1:20250713T175609Z,Gaia_1468230073309185408,62,575.972103536129,-0.07700506898800086,25.229969,2,64,0.03125,1,1,13.515264563958347,30.72571918005498
2246,MeerKAT:array_1:20250722T231023Z,Gaia_2682780677824347392,41,551.9971390366554,-0.02566835632933362,25.088976,4,64,0.0625,1,1,22.196677057581738,2.314091002320444
26721,MeerKAT:array_1:20250713T172342Z,Gaia_1468197740795369600,58,575.9805370569229,0.02566835632933362,25.06388,1,64,0.015625,1,1,13.487530976606235,30.35899819306102
48550,MeerKAT:array_1:20250723T234200Z,Gaia_2682594383618465536,25,601.3522437810898,0.03422447510577816,25.026794,3,64,0.046875,1,1,22.210246907126013,2.2516913675742014
5243,MeerKAT:array_1:20250729T173047Z,Gaia_6734183956207486464,28,551.9996793270111,-0.09411730654088994,24.930685,4,64,0.0625,1,1,18.543020895444723,-35.97189238058879
23889,MeerKAT:array_1:20250713T004830Z,Gaia_2682528653438876928,62,575.9988915920258,0.09411730654088994,24.84427,4,64,0.0625,1,1,22.195701671796588,1.596253856901588
97791,MeerKAT:array_1:20250713T172342Z,Gaia_1456163856610055680,48,671.9864377379417,-0.0855611877644454,24.836628,4,64,0.0625,1,1,13.500670846758815,30.001869380589714
23880,MeerKAT:array_1:20250713T004830Z,Gaia_2682619530651384576,60,575.9989138841629,-0.19679073185822443,24.766207,4,64,0.0625,2,1,22.24673527028144,2.0466438503209443
18084,MeerKAT:array_1:20250704T025554Z,Gaia_2682779410809465088,57,576.0463991761208,0.0855611877644454,24.733643,1,64,0.015625,1,1,22.19148382874089,2.2793200948945
5006,MeerKAT:array_1:20250729T050525Z,Gaia_6528075416310582656,57,552.0002660155296,-0.03422447510577816,24.726213,1,64,0.015625,2,1,23.526782271328887,-47.24707984851249
183545,MeerKAT:array_1:20250713T150856Z,Gaia_1456193375921420800,62,624.0018393993378,0.00855611877644454,24.664658,3,64,0.046875,2,1,13.537204539740364,30.21394932939124
103063,MeerKAT:array_1:20250720T220520Z,Gaia_4426424223322605184,11,671.984028160572,-0.03422447510577816,24.658947,1,64,0.015625,1,1,15.805671492173055,5.306433247056131
184087,MeerKAT:array_1:20250713T164848Z,Gaia_1315499936751459328,35,625.0282089114189,-0.01711223755288908,24.648445,1,64,0.015625,1,1,16.1269701491137,26.328921206470035
48566,MeerKAT:array_1:20250723T234200Z,Gaia_2682779239010774400,41,601.3522437810898,0.02566835632933362,24.61806,4,64,0.0625,1,1,22.18952328376041,2.2528421836323433
43097,MeerKAT:array_1:20250715T023108Z,Gaia_2682781231875604992,42,587.9926359057426,0.0427805938822227,24.613245,2,64,0.03125,1,1,22.190515990585492,2.314752612424143
137736,MeerKAT:array_1:20250713T154120Z,Gaia_1456206570060962176,57,576.0428516864777,0.00855611877644454,24.60165,4,64,0.0625,1,1,13.543277446408434,30.483798920129324
142746,MeerKAT:array_1:20250720T034305Z,Gaia_6528046141813518592,31,575.9876178503036,-0.01711223755288908,24.54198,1,64,0.015625,1,1,23.501245777976134,-47.443455031396844
5277,MeerKAT:array_1:20250729T173047Z,Gaia_6734188079376284416,38,551.9996752738953,0.06844895021155632,24.512226,1,64,0.015625,1,1,18.533240786065264,-35.89695622057035
23858,MeerKAT:array_1:20250713T004830Z,Gaia_2682583143688997632,55,575.9989138841629,-0.19679073185822443,24.481825,4,64,0.0625,2,1,22.212289065516178,2.0898784520951894
40911,MeerKAT:array_1:20250713T164848Z,ex_LEDA_57286,17,587.9782088398933,-0.02566835632933362,24.481113,3,64,0.046875,1,1,16.14973973333333,27.167927999999996
92009,MeerKAT:array_1:20250702T005726Z,Gaia_2682532948406192768,22,671.9839977622032,-0.02566835632933362,24.347599,4,64,0.0625,1,1,22.189863030326705,1.6482734275388067
23832,MeerKAT:array_1:20250713T004830Z,Gaia_2682594482402655616,49,575.9988915920258,0.09411730654088994,24.324787,4,64,0.0625,1,1,22.209673902802855,2.270413248556092
171729,MeerKAT:array_1:20250710T050136Z,Gaia_2700557895355507456,43,613.2232719063759,0.00855611877644454,24.178139,3,64,0.046875,2,2,21.829158648359968,6.639150029773014
138700,MeerKAT:array_1:20250714T021749Z,ex_LEDA_1202200,28,575.980613052845,0.00855611877644454,24.16308,1,64,0.015625,2,2,22.18519446666667,1.671944
97053,MeerKAT:array_1:20250713T161348Z,Gaia_1468180217328800512,58,671.9932976365089,-0.05133671265866724,24.136044,3,64,0.046875,1,1,13.501333865960541,30.200532687313128
43079,MeerKAT:array_1:20250715T023108Z,ex_LEDA_1211625,26,587.9926359057426,0.0427805938822227,24.07223,2,64,0.03125,1,1,22.2227986,1.963967
137698,MeerKAT:array_1:20250713T154120Z,Gaia_1468177704770662400,51,576.0428516864777,0.00855611877644454,24.041704,4,64,0.0625,1,1,13.50490709619016,30.223457886979887
97719,MeerKAT:array_1:20250713T172342Z,Gaia_1456203512044246400,12,671.984422326088,-0.0855611877644454,24.037477,4,64,0.0625,1,1,13.543528753763978,30.444541796082632
23702,MeerKAT:array_1:20250713T004830Z,Gaia_2682526072163015168,19,575.9988946318626,0.0427805938822227,24.03023,2,64,0.03125,1,1,22.237698050800645,2.0006641100055513
5333,MeerKAT:array_1:20250729T173047Z,Gaia_6734183887488031232,55,551.9996793270111,-0.09411730654088994,24.024763,4,64,0.0625,1,1,18.541076918375094,-35.980021179274175
88508,MeerKAT:array_1:20250731T233401Z,Gaia_2536600851725271424,16,647.9836972355843,-0.02566835632933362,23.962914,4,64,0.0625,1,1,0.993995691421676,0.5011623142444197
155757,MeerKAT:array_1:20250713T164848Z,ex_LEDA_1775065,18,587.980122923851,0.01711223755288908,23.96122,3,64,0.046875,1,1,16.1729722,26.406667
18921,MeerKAT:array_1:20250706T215041Z,Gaia_4426779709174972928,52,576.0416519641876,0.07700506898800086,23.952574,2,64,0.03125,1,1,15.876731304120888,5.684025918705064
5330,MeerKAT:array_1:20250729T173047Z,Gaia_6734071359348751616,54,551.9996793270111,-0.09411730654088994,23.912321,4,64,0.0625,1,1,18.49937243674641,-36.27993436756594
18913,MeerKAT:array_1:20250706T215041Z,Gaia_4426392715442744832,50,576.0416387915611,0.2310152069640026,23.88919,1,64,0.015625,1,1,15.853433875166434,5.388382161861668
23770,MeerKAT:array_1:20250713T004830Z,Gaia_2682487005140593920,35,575.9988895654678,0.19679073185822443,23.88863,4,64,0.0625,1,1,22.225960041531003,1.6945490040102467
25009,MeerKAT:array_1:20250713T161348Z,Gaia_1468191727841153408,25,576.0004581212997,0.11978566287022356,23.864115,4,64,0.0625,2,1,13.490962606043396,30.254768073196676
23670,MeerKAT:array_1:20250713T004830Z,Gaia_2682543874802993152,12,575.9989138841629,-0.19679073185822443,23.84018,4,64,0.0625,2,1,22.202893434298325,1.8843073764276372
82985,MeerKAT:array_1:20250723T234200Z,Gaia_2682776868188808448,51,648.0004416704178,-0.05989283143511178,23.814098,4,64,0.0625,1,1,22.196622585055863,2.2459500998583524
29779,MeerKAT:array_1:20250715T002705Z,Gaia_2682550471872804736,35,576.0464245080948,0.0855611877644454,23.809391,4,64,0.0625,1,1,22.173999893349077,1.8039306862337932
23785,MeerKAT:array_1:20250713T004830Z,Gaia_2682558129799800704,38,575.9988895654678,0.19679073185822443,23.804949,4,64,0.0625,1,1,22.19057244372838,1.9204476014907355
1690,MeerKAT:array_1:20250722T211839Z,Gaia_2682593726488412288,7,549.9918792247772,-0.11122954409377903,23.789454,1,64,0.015625,1,1,22.215317149777064,2.233264469280768
183364,MeerKAT:array_1:20250713T150856Z,Gaia_1456191967172186752,11,624.0018393993378,0.00855611877644454,23.598139,3,64,0.046875,2,1,13.561468206918311,30.447204024617232
82903,MeerKAT:array_1:20250723T234200Z,Gaia_2682519818690821888,26,648.0004416704178,-0.05989283143511178,23.586994,4,64,0.0625,1,1,22.241384846012505,1.8859578285501257
88504,MeerKAT:array_1:20250731T233401Z,Gaia_2536462107101769472,14,647.9836972355843,-0.02566835632933362,23.565863,4,64,0.0625,1,1,0.9566707999210057,0.005069431713564327
29731,MeerKAT:array_1:20250715T002705Z,Gaia_2682575348323311360,22,576.0464224815369,0.0855611877644454,23.51707,1,64,0.015625,1,1,22.22378516988466,2.033521358576452
27254,MeerKAT:array_1:20250713T175609Z,Gaia_1456160046975185280,35,576.0000102519989,0.05989283143511178,23.499464,1,64,0.015625,1,1,13.51004655139123,29.964473680406225
24978,MeerKAT:array_1:20250713T161348Z,Gaia_1468316281893142400,21,576.0004753470421,-0.11122954409377903,23.461245,3,64,0.046875,1,1,13.54668244012766,30.830103222382892
9494,MeerKAT:array_1:20250731T233401Z,Gaia_2537266399857698304,5,551.9718080759048,-0.05133671265866724,23.458178,2,64,0.03125,1,1,0.9716575839796971,0.6439211223281116
87490,MeerKAT:array_1:20250731T192546Z,ex_[VV2006]_J155214.9+052706,51,647.9800524711609,-0.13689790042311265,23.437344,1,64,0.015625,1,1,15.870814466666667,5.451832
27442,MeerKAT:array_1:20250713T175609Z,Gaia_1468236498580272896,58,575.972104549408,-0.09411730654088994,23.413855,1,64,0.015625,1,1,13.518397633841637,30.78524640684322
137643,MeerKAT:array_1:20250713T154120Z,Gaia_1468217532004723968,42,576.0428516864777,0.00855611877644454,23.37139,4,64,0.0625,1,1,13.534092552555519,30.54319961627769
15295,MeerKAT:array_1:20250730T211442Z,Gaia_2682522915362530816,14,563.9998214840889,0.17967849430533533,23.32661,1,64,0.015625,1,1,22.236588392620227,1.906333427001767
9546,MeerKAT:array_1:20250731T233401Z,Gaia_2537265643943454080,31,551.9718080759048,-0.05133671265866724,23.277832,2,64,0.03125,1,1,0.9694001091616187,0.6300508940987164
92080,MeerKAT:array_1:20250702T005726Z,Gaia_2682779234718308224,41,671.9839977622032,-0.02566835632933362,23.260302,4,64,0.0625,1,1,22.189573930603107,2.252632874066829
24889,MeerKAT:array_1:20250713T161348Z,Gaia_1456207910090758656,9,576.0004581212997,0.11978566287022356,23.208256,4,64,0.0625,2,1,13.537576345153292,30.530123762545024
9997,MeerKAT:array_1:20250707T024904Z,Gaia_2682520677684092928,11,559.250414788723,0.03422447510577816,23.154285,1,64,0.015625,14,4,22.246642437467518,1.9176408437570687
87528,MeerKAT:array_1:20250731T192546Z,ex_LEDA_214423,59,647.980049431324,-0.06844895021155632,23.094742,4,64,0.0625,1,1,15.8160286,5.20715
15672,MeerKAT:array_1:20250730T231157Z,Gaia_2682520677684092928,39,564.0000403523445,-0.09411730654088994,23.083153,1,64,0.015625,1,1,22.246642437467518,1.9176408437570687
18847,MeerKAT:array_1:20250706T215041Z,Gaia_4426418553965743488,32,576.0416489243507,0.11122954409377903,23.066526,2,64,0.03125,1,1,15.827202275540387,5.347967120117561
25267,MeerKAT:array_1:20250713T161348Z,Gaia_1468180217328800512,58,576.0004621744156,0.05989283143511178,22.98897,2,64,0.03125,2,1,13.501333865960541,30.200532687313128
23866,MeerKAT:array_1:20250713T004830Z,Gaia_2682553804767393792,57,575.9988946318626,0.0427805938822227,22.971582,2,64,0.03125,1,1,22.195111801745757,1.8550805325322048
97727,MeerKAT:array_1:20250713T172342Z,Gaia_1468255774393448576,16,671.984422326088,-0.0855611877644454,22.945282,4,64,0.0625,1,1,13.49567767904579,30.710801431941455
24956,MeerKAT:array_1:20250713T161348Z,Gaia_1456182999280465664,18,576.0004621744156,0.05989283143511178,22.91633,2,64,0.03125,2,1,13.551513961363643,30.271769643923424
164897,MeerKAT:array_1:20250723T211918Z,Gaia_2699013592620355072,38,600.0007545948029,0.01711223755288908,22.912611,4,64,0.0625,1,1,21.488148889826277,4.762864458758566
23388,MeerKAT:array_1:20250713T002413Z,Gaia_2682583693444955392,24,576.0451903343201,0.07700506898800086,22.871859,1,64,0.015625,1,1,22.214762798344818,2.126219879808019
17211,MeerKAT:array_1:20250702T012148Z,Gaia_2682476426636516736,24,576.0444111227989,0.1711223755288908,22.860659,4,64,0.0625,1,1,22.213504659511468,1.4443535661981004
18933,MeerKAT:array_1:20250706T215041Z,Gaia_4426377219200633344,55,576.0416519641876,0.07700506898800086,22.823639,2,64,0.03125,1,1,15.871447067318863,5.295415844600578
101681,MeerKAT:array_1:20250718T194550Z,Gaia_4426392543643753344,3,671.9836573004723,-0.0427805938822227,22.809072,2,64,0.03125,1,1,15.85182240577707,5.355215788128131
29870,MeerKAT:array_1:20250715T002705Z,Gaia_2682480618524623232,60,576.0464245080948,0.0855611877644454,22.779142,4,64,0.0625,1,1,22.201442962597795,1.5448645361739375
23823,MeerKAT:array_1:20250713T004830Z,Gaia_2682522743563950720,47,575.9988895654678,0.19679073185822443,22.772905,4,64,0.0625,1,1,22.23801531759071,1.912881024628401
43352,MeerKAT:array_1:20250715T200216Z,Gaia_4426312244931928832,29,587.9710378646851,-0.05989283143511178,22.739813,1,64,0.015625,2,1,15.815272153650033,5.095016197233846
23819,MeerKAT:array_1:20250713T004830Z,Gaia_2682576482194684800,46,575.9988915920258,0.09411730654088994,22.734386,4,64,0.0625,1,1,22.221820513936155,2.0769663089965307
17263,MeerKAT:array_1:20250702T012148Z,Gaia_2682791367998426752,35,576.0444121360779,0.16256625675244626,22.73386,4,64,0.0625,1,1,22.187597831493363,2.289888761432304
165803,MeerKAT:array_1:20250723T234200Z,Gaia_2682551880622063104,32,601.3522447943687,0.01711223755288908,22.70824,3,64,0.046875,1,1,22.18852474876626,1.875363150772017
24897,MeerKAT:array_1:20250713T161348Z,Gaia_1468198359270628864,10,576.0004753470421,-0.11122954409377903,22.662113,3,64,0.046875,1,1,13.492599622365287,30.427601664346675
25305,MeerKAT:array_1:20250713T161348Z,Gaia_1468246256745913600,63,576.0004581212997,0.1283417816466681,22.610718,4,64,0.0625,2,1,13.483083827526997,30.473305345021696
23766,MeerKAT:array_1:20250713T004830Z,Gaia_2682740962262211200,34,575.9989138841629,-0.19679073185822443,22.566025,4,64,0.0625,2,1,22.18140403042922,1.9377980394948615
164975,MeerKAT:array_1:20250723T211918Z,Gaia_2699022667886015104,51,600.0007545948029,0.01711223755288908,22.472046,4,64,0.0625,1,1,21.498540870952418,4.932128349974092
97729,MeerKAT:array_1:20250713T172342Z,Gaia_1468203410152206080,17,671.9864387512207,-0.09411730654088994,22.462065,4,64,0.0625,1,1,13.504560834509924,30.52335843891439
15514,MeerKAT:array_1:20250730T211442Z,Gaia_2682471856791426304,59,563.9721893668175,-0.05133671265866724,22.37207,3,64,0.046875,1,1,22.223926949364728,1.5563648111941297
164802,MeerKAT:array_1:20250723T211918Z,Gaia_2699021426640777088,22,600.0007545948029,0.01711223755288908,22.35727,4,64,0.0625,1,1,21.492902517108185,4.8965309845671205
75345,MeerKAT:array_1:20250706T001134Z,Gaia_2698997374823754112,11,634.91274112463,-0.23957132574044712,22.347128,1,64,0.015625,1,1,21.49611461752328,4.665257208519975
100473,MeerKAT:array_1:20250716T201432Z,Gaia_4429477292231746688,19,671.9999457597733,-0.10267342531733448,22.310131,3,64,0.046875,1,1,15.838855140427597,5.932194618314252
18334,MeerKAT:array_1:20250704T222921Z,Gaia_2698999990458340480,36,576.0472787022591,-0.02566835632933362,22.296234,1,64,0.015625,1,1,21.492761864767456,4.667990876822682
88616,MeerKAT:array_1:20250731T233401Z,Gaia_2536434340137948800,60,647.9836972355843,-0.02566835632933362,22.293186,4,64,0.0625,1,1,1.0071985340240162,0.103868442263457
121354,MeerKAT:array_1:20250706T010358Z,Gaia_2698983085467196544,60,563.9811943769455,0.01711223755288908,22.293139,2,64,0.03125,1,1,21.52773890364832,4.857512511887086
92694,MeerKAT:array_1:20250704T005510Z,Gaia_2682471856791426304,18,671.9993590712547,-0.05133671265866724,22.27941,3,64,0.046875,1,1,22.223926949364728,1.5563648111941297
24426,MeerKAT:array_1:20250713T154120Z,Gaia_1468225297305587840,27,576.0004571080208,-0.11122954409377903,22.276516,3,64,0.046875,2,1,13.53417420641516,30.769858835388703
101758,MeerKAT:array_1:20250718T194550Z,Gaia_4426262388951551360,40,671.9836573004723,-0.0427805938822227,22.250887,2,64,0.03125,1,1,15.821012120466046,4.97616348495003
101713,MeerKAT:array_1:20250718T194550Z,Gaia_4426470329791140480,20,671.9856960177422,-0.03422447510577816,22.178381,1,64,0.015625,1,1,15.844715946288307,5.824784886185378
25101,MeerKAT:array_1:20250713T161348Z,Gaia_1456299100836452864,37,576.0004753470421,-0.11122954409377903,22.169561,3,64,0.046875,1,1,13.556435194024624,30.568852057818805
24964,MeerKAT:array_1:20250713T161348Z,Gaia_1456172313401784960,19,576.0004581212997,0.11978566287022356,22.113392,4,64,0.0625,2,1,13.514585659146732,30.130796954893118
87769,MeerKAT:array_1:20250731T192546Z,ex_SDSS_J155203.13+055001.6,57,650.0225857496262,0.0427805938822227,22.105015,2,64,0.03125,1,1,15.867539066666668,5.833826000000001
88520,MeerKAT:array_1:20250731T233401Z,Gaia_2537260489982701440,22,647.9836972355843,-0.02566835632933362,22.012726,4,64,0.0625,1,1,0.9754236001718455,0.5547328356186496
25032,MeerKAT:array_1:20250713T161348Z,Gaia_1468287110474817024,28,576.0004642009735,0.05133671265866724,21.975838,1,64,0.015625,2,1,13.495236792046002,30.966007006093875
207416,MeerKAT:array_1:20250713T154120Z,Gaia_1456169839500635776,1,658.6235083341599,0.00855611877644454,21.974928,1,64,0.015625,1,1,13.530725864368765,30.162209526459666
17356,MeerKAT:array_1:20250702T012148Z,Gaia_2682522743563950720,57,576.0444111227989,0.1711223755288908,21.916262,4,64,0.0625,1,1,22.23801531759071,1.912881024628401
100469,MeerKAT:array_1:20250716T201432Z,Gaia_4426438379534834816,18,671.9999467730522,-0.11978566287022356,21.868204,2,64,0.03125,1,1,15.81857299511869,5.561649666432377
27242,MeerKAT:array_1:20250713T175609Z,Gaia_1468296662482079872,34,575.972103536129,-0.07700506898800086,21.850504,2,64,0.03125,1,1,13.488518281407591,30.889289030543605
100580,MeerKAT:array_1:20250716T201432Z,Gaia_4429475780403225600,62,671.9999498128891,-0.15401013797600172,21.802654,3,64,0.046875,1,1,15.833757746890406,5.898388475418579
40432,MeerKAT:array_1:20250713T161348Z,Gaia_1468255740033709568,11,587.0340507030487,0.03422447510577816,21.793257,1,64,0.015625,1,1,13.495003929247563,30.69540621570842
24564,MeerKAT:array_1:20250713T154120Z,Gaia_1456203374605290880,63,576.0004571080208,-0.11122954409377903,21.754862,3,64,0.046875,2,1,13.542413809594178,30.411249409664748
87495,MeerKAT:array_1:20250731T192546Z,ex_SDSS_J155230.87+054011.4,52,647.980050444603,-0.09411730654088994,21.752134,4,64,0.0625,1,1,15.875242733333334,5.669841
184117,MeerKAT:array_1:20250713T164848Z,Gaia_1315976575042060160,58,625.0207775235176,-0.01711223755288908,21.695232,4,64,0.0625,1,1,16.161293383025015,27.245285773626787
23738,MeerKAT:array_1:20250713T004830Z,Gaia_2682576516554504320,27,575.9988895654678,0.19679073185822443,21.673702,4,64,0.0625,1,1,22.223595511089712,2.076488134234968
19077,MeerKAT:array_1:20250706T234838Z,Gaia_4426348112203601792,16,576.0463474988937,-0.10267342531733448,21.61414,3,64,0.046875,1,1,15.851881157375772,5.041995446422292
17164,MeerKAT:array_1:20250702T012148Z,Gaia_2682555763272475008,12,576.0444293618202,-0.11978566287022356,21.610453,1,64,0.015625,1,1,22.199787879713597,1.8868757280432191
88538,MeerKAT:array_1:20250731T233401Z,Gaia_2537228397987049856,29,647.9836860895157,-0.0855611877644454,21.600052,1,64,0.015625,1,1,0.9547617674068909,0.3332694233932626
100459,MeerKAT:array_1:20250716T201432Z,Gaia_4426475140154510080,14,671.9999467730522,-0.11978566287022356,21.586857,2,64,0.03125,1,1,15.844761718486971,5.936763919618332
10798,MeerKAT:array_1:20250713T161348Z,Gaia_1468225125506898048,41,558.3984032273293,0.02566835632933362,21.494797,1,64,0.015625,1,1,13.537620066833924,30.81214995468853
29825,MeerKAT:array_1:20250715T002705Z,Gaia_2682593417250767360,48,576.0464245080948,0.0855611877644454,21.374887,4,64,0.0625,1,1,22.21616111987528,2.210176012264757
100450,MeerKAT:array_1:20250716T201432Z,Gaia_4426373027312628864,11,671.9999457597733,-0.10267342531733448,21.337872,3,64,0.046875,1,1,15.87411782055281,5.23099574398452
48529,MeerKAT:array_1:20250723T234200Z,Gaia_2682536521818950784,5,601.3522437810898,0.02566835632933362,21.310015,4,64,0.0625,1,1,22.208307654339844,1.7040297557317263
100486,MeerKAT:array_1:20250716T201432Z,Gaia_4426851005632198528,24,671.9999498128891,-0.09411730654088994,21.208393,1,64,0.015625,1,1,15.850387713869548,6.005222883146212
184059,MeerKAT:array_1:20250713T164848Z,ex_LEDA_1769478,16,625.0207775235176,-0.01711223755288908,21.13825,4,64,0.0625,1,1,16.1240278,26.263611
82848,MeerKAT:array_1:20250723T234200Z,Gaia_2682777280505662592,9,648.0004416704178,-0.05989283143511178,21.12282,4,64,0.0625,1,1,22.202838616121404,2.2808748840205215
143819,MeerKAT:array_1:20250720T043243Z,Gaia_6527995289400571136,48,575.9945122003555,-0.01711223755288908,21.064615,1,64,0.015625,2,2,23.5414493283246,-47.66240743610802
27125,MeerKAT:array_1:20250713T175609Z,Gaia_1468256049271353856,19,576.0000183582306,-0.1711223755288908,21.03609,3,64,0.046875,2,1,13.49150134461101,30.677009413192877
5178,MeerKAT:array_1:20250729T173047Z,Gaia_6733406872041546496,8,551.9996793270111,-0.09411730654088994,21.001696,4,64,0.0625,1,1,18.533418089065968,-36.18357771503575
12940,MeerKAT:array_1:20250706T001134Z,Gaia_2699631625528779520,20,563.9997049570084,-0.03422447510577816,20.998192,4,64,0.0625,1,1,21.514738624201513,5.526951284331722
62416,MeerKAT:array_1:20250711T001051Z,Gaia_2682473987095080832,53,625.028416633606,0.03422447510577816,20.997555,2,64,0.03125,1,1,22.23059721583158,1.6089124388311955
17314,MeerKAT:array_1:20250702T012148Z,Gaia_2682591153803051008,47,576.0444303750992,-0.20534685063466895,20.869854,1,64,0.015625,1,1,22.223665732911314,2.2246852769897942
121189,MeerKAT:array_1:20250706T010358Z,Gaia_2699011775848607616,37,563.9811943769455,0.01711223755288908,20.853125,2,64,0.03125,1,1,21.48458681942199,4.727514467554825
63750,MeerKAT:array_1:20250712T220135Z,ex_LEDA_1270663,32,625.0212446451187,0.03422447510577816,20.795404,3,64,0.046875,3,2,21.4837222,4.610278
19144,MeerKAT:array_1:20250706T234838Z,Gaia_4426363990701147008,35,576.0463474988937,-0.10267342531733448,20.71808,3,64,0.046875,1,1,15.852043501968733,5.223031079885383
100561,MeerKAT:array_1:20250716T201432Z,Gaia_4426426284906912768,55,671.9999498128891,-0.15401013797600172,20.696915,3,64,0.046875,1,1,15.809744313196356,5.368624973281756
22859,MeerKAT:array_1:20250712T220135Z,Gaia_2699269366511305472,40,575.9963431954384,-0.06844895021155632,20.654644,1,64,0.015625,1,1,21.49573601634927,5.523879190190351
17344,MeerKAT:array_1:20250702T012148Z,Gaia_2682541366542086528,54,576.0444222688675,0.03422447510577816,20.610088,1,64,0.015625,1,1,22.20090571753896,1.7936351531730041
177154,MeerKAT:array_1:20250704T222921Z,Gaia_2699059638964408832,3,623.9845609664917,-0.00855611877644454,20.544403,3,64,0.046875,1,1,21.509199553068573,5.204109913205526
19151,MeerKAT:array_1:20250706T234838Z,Gaia_4426363990701146624,37,576.0463474988937,-0.10267342531733448,20.478645,3,64,0.046875,1,1,15.852070655745221,5.222007103767249
17237,MeerKAT:array_1:20250702T012148Z,Gaia_2682513913111083776,30,576.0444111227989,0.1711223755288908,20.468166,4,64,0.0625,1,1,22.225334283097524,1.761724146613393
100502,MeerKAT:array_1:20250716T201432Z,Gaia_4426384915782113920,31,671.9874388575554,0.02566835632933362,20.46557,2,64,0.03125,2,1,15.873838459906962,5.407275427188777
82944,MeerKAT:array_1:20250723T234200Z,Gaia_2682518890977883008,38,648.0004416704178,-0.05989283143511178,20.43252,4,64,0.0625,1,1,22.24644701595551,1.878897746504783
54413,MeerKAT:array_1:20250711T023810Z,ex_LEDA_1216524,45,607.2236785888672,0.05133671265866724,20.427128,2,64,0.03125,1,1,22.226116200000003,2.118541
75355,MeerKAT:array_1:20250706T001134Z,Gaia_2699254454384905472,44,634.9198046922684,0.24812744451689167,20.424986,1,64,0.015625,1,1,21.499201115743894,5.407640723823417
100454,MeerKAT:array_1:20250716T201432Z,Gaia_4426340557359563648,12,671.9999457597733,-0.10267342531733448,20.418259,3,64,0.046875,1,1,15.834096317078622,4.934343663776585
18043,MeerKAT:array_1:20250704T025554Z,Gaia_2682476804593641984,42,576.0417765974998,0.16256625675244626,20.368923,1,64,0.015625,1,1,22.21218515358883,1.4661880983836175
27768,MeerKAT:array_1:20250713T183111Z,Gaia_1315970802605869696,2,576.000059902668,-0.22245908818755805,20.365053,2,64,0.03125,1,1,16.142754161990027,27.096366237262977
30138,MeerKAT:array_1:20250715T023108Z,J2212+0152,0,575.9927865862846,0.03422447510577816,20.278463,1,64,0.015625,1,1,22.21054722222222,1.8808888888888886
62267,MeerKAT:array_1:20250711T001051Z,Gaia_2682776868188808448,9,625.028416633606,0.03422447510577816,20.251093,2,64,0.03125,1,1,22.196622585055863,2.2459500998583524
12941,MeerKAT:array_1:20250706T001134Z,Gaia_2698949236829342336,21,563.9997049570084,-0.03422447510577816,20.22503,4,64,0.0625,1,1,21.516036637432613,4.496139328147155
92837,MeerKAT:array_1:20250704T005510Z,Gaia_2682668772451942272,62,671.9993590712547,-0.05133671265866724,20.11971,3,64,0.046875,1,1,22.23987933269876,2.146071800454369
55173,MeerKAT:array_1:20250710T050136Z,Gaia_2700568130262282624,26,613.223268866539,0.0427805938822227,20.113775,3,64,0.046875,2,1,21.82147042425359,6.637158915192176
87762,MeerKAT:array_1:20250731T192546Z,ex_SDSS_J155241.75+053915.1,54,650.0225857496262,0.0427805938822227,20.090662,2,64,0.03125,1,1,15.878264799999997,5.654194
124686,MeerKAT:array_1:20250730T211442Z,Gaia_2682555763272475008,53,563.9721863269806,-0.01711223755288908,20.053759,4,64,0.0625,1,1,22.199787879713597,1.8868757280432191
87340,MeerKAT:array_1:20250731T192546Z,Gaia_4426402233090265344,20,647.980050444603,-0.09411730654088994,20.043943,4,64,0.0625,1,1,15.858516917880252,5.5310336735928445
52139,MeerKAT:array_1:20250730T231157Z,Gaia_2682499756898855424,14,600.1122608780861,-0.03422447510577816,19.96813,1,64,0.015625,1,1,22.23733150562022,1.7109401133094764
174255,MeerKAT:array_1:20250731T212434Z,Gaia_2699628704951005440,36,615.2238554358482,-0.01711223755288908,19.966188,4,64,0.0625,12,3,21.521692792883343,5.468197511964004
100462,MeerKAT:array_1:20250716T201432Z,Gaia_4429477532749925376,15,671.9999498128891,-0.15401013797600172,19.961433,3,64,0.046875,1,1,15.836618444406062,5.954661431064769
28029,MeerKAT:array_1:20250713T183111Z,Gaia_1315486433374322176,34,576.000059902668,-0.22245908818755805,19.872396,2,64,0.03125,1,1,16.141807568328304,26.336908910108573
201196,MeerKAT:array_1:20250731T192546Z,Gaia_4426456315318404608,16,647.9800463914871,-0.00855611877644454,19.826052,2,64,0.03125,1,1,15.857419349359525,5.734976368067727
110955,MeerKAT:array_1:20250728T194227Z,Gaia_2682576482194684800,26,549.9929968714714,-0.01711223755288908,19.817438,4,64,0.0625,1,1,22.221820513936155,2.0769663089965307
132024,MeerKAT:array_1:20250707T004747Z,Gaia_2682779647032772864,45,575.9708024859428,-0.01711223755288908,19.816309,2,64,0.03125,2,1,22.189274909684073,2.282627354778844
87331,MeerKAT:array_1:20250731T192546Z,Gaia_4426469372018994176,18,647.980050444603,-0.09411730654088994,19.800604,4,64,0.0625,1,1,15.848512125597306,5.814394205527
55170,MeerKAT:array_1:20250710T050136Z,Gaia_2700873455192855552,23,613.223268866539,0.0427805938822227,19.743954,3,64,0.046875,2,1,21.80848757238564,7.517858877935015
75335,MeerKAT:array_1:20250706T001134Z,Gaia_2699000677653442944,47,629.989515542984,0.02566835632933362,19.70417,3,64,0.046875,1,1,21.492519527544445,4.704679943935914
19232,MeerKAT:array_1:20250706T234838Z,Gaia_4426453600899138944,60,576.046340405941,0.03422447510577816,19.61947,1,64,0.015625,1,1,15.849830972360303,5.637648518678337
101524,MeerKAT:array_1:20250717T220401Z,Gaia_2699061597469484416,53,671.9665561914444,0.0427805938822227,19.558308,1,64,0.015625,1,1,21.516772913332524,5.2783499119166235
124684,MeerKAT:array_1:20250730T211442Z,Gaia_2682497764034027776,26,563.9721863269806,-0.01711223755288908,19.552597,4,64,0.0625,1,1,22.23607603627589,1.65600274069291
58780,MeerKAT:array_1:20250702T005726Z,Gaia_2682596440907741952,37,623.9851415753365,-0.03422447510577816,19.552286,3,64,0.046875,1,1,22.214040263683415,2.3016853727086204
24125,MeerKAT:array_1:20250713T150856Z,Gaia_1456165372734634240,3,576.0005422234535,-0.2310152069640026,19.546535,1,64,0.015625,1,1,13.515461850590988,30.086070252162482
20593,MeerKAT:array_1:20250711T001051Z,Gaia_2682472299172480896,6,576.0447201728821,0.0855611877644454,19.544855,2,64,0.03125,1,1,22.229110467409633,1.5468540902817736
87499,MeerKAT:array_1:20250731T192546Z,ex_[VV2006]_J155234.9+054009,53,647.980049431324,-0.06844895021155632,19.483208,4,64,0.0625,1,1,15.876351666666668,5.669091000000001
17825,MeerKAT:array_1:20250704T005510Z,Gaia_2682780677824347392,29,576.0016497373581,0.10267342531733448,19.474098,1,64,0.015625,1,1,22.196677057581738,2.314091002320444
87409,MeerKAT:array_1:20250731T192546Z,ex_SDSS_J154833.79+053843.7,34,647.980050444603,-0.11122954409377903,19.432552,1,64,0.015625,1,1,15.809387066666666,5.645477
58804,MeerKAT:array_1:20250702T005726Z,Gaia_2682556794064633216,44,623.9851415753365,-0.03422447510577816,19.423223,3,64,0.046875,1,1,22.19860325230942,1.9378805703528024
19221,MeerKAT:array_1:20250706T234838Z,Gaia_4426364815334881152,57,576.0463454723358,-0.06844895021155632,19.418695,1,64,0.015625,1,1,15.845870793245647,5.23845830219677
12869,MeerKAT:array_1:20250721T223354Z,Gaia_2682471616273135488,31,559.2501776814461,0.13689790042311265,19.409294,1,64,0.015625,1,1,22.225870208241492,1.5376085463874571
78433,MeerKAT:array_1:20250716T201432Z,ex_2MASX_J15495551+0559313,6,639.9942479729652,0.16256625675244626,19.369377,2,64,0.03125,1,1,15.832095266666668,5.992007
138682,MeerKAT:array_1:20250714T021749Z,Gaia_2682584758596826624,10,576.0462066531181,0.00855611877644454,19.3501,4,64,0.0625,1,1,22.20530305866376,2.0781590187657373
186766,MeerKAT:array_1:20250720T034305Z,Gaia_6528047138245914240,26,624.0489021539688,-0.01711223755288908,19.276596,2,64,0.03125,1,1,23.520746572298414,-47.50244356727098
124685,MeerKAT:array_1:20250730T211442Z,Gaia_2682568815678100736,49,563.9721863269806,-0.01711223755288908,19.144121,4,64,0.0625,1,1,22.219972609291794,1.9669649795275974
63191,MeerKAT:array_1:20250712T200859Z,Gaia_4426465523728220288,7,623.9931039214134,0.05133671265866724,19.125782,4,64,0.0625,1,1,15.834606373793822,5.776719719683837
138675,MeerKAT:array_1:20250714T021749Z,Gaia_2682565143481001088,4,576.0462066531181,0.00855611877644454,19.0504,4,64,0.0625,1,1,22.227060562164862,1.9359198364913521
155890,MeerKAT:array_1:20250713T172342Z,Gaia_1468315422899682304,41,587.991895198822,-0.00855611877644454,19.048094,2,64,0.03125,3,1,13.543904891458375,30.776383384235036
29436,MeerKAT:array_1:20250714T021749Z,Gaia_2682773290481124608,52,576.0461934804916,0.13689790042311265,19.045563,1,64,0.015625,1,1,22.19542737131377,2.1215000867340637
9702,MeerKAT:array_1:20250704T025554Z,Gaia_2682593417250767360,11,559.2504228949547,-0.07700506898800086,19.027184,3,64,0.046875,6,1,22.21616111987528,2.210176012264757
35927,MeerKAT:array_1:20250720T235835Z,Gaia_2682487005140593920,20,576.0442317724228,0.11978566287022356,19.020847,3,64,0.046875,1,1,22.225960041531003,1.6945490040102467
22867,MeerKAT:array_1:20250712T220135Z,Gaia_2699271020074840192,44,575.9963442087173,-0.0855611877644454,18.978027,1,64,0.015625,1,1,21.489734528478877,5.531252711727739
58672,MeerKAT:array_1:20250702T005726Z,Gaia_2682583693444955392,6,623.9851415753365,-0.03422447510577816,18.971582,3,64,0.046875,1,1,22.214762798344818,2.126219879808019
150245,MeerKAT:array_1:20250705T005108Z,Gaia_2682525041370864512,11,587.9772675037384,-0.01711223755288908,18.966043,1,64,0.015625,1,1,22.24011149732658,1.981236016793205
177195,MeerKAT:array_1:20250704T222921Z,Gaia_2699249407799354880,22,623.9845609664917,-0.01711223755288908,18.889675,4,64,0.0625,1,1,21.501632565682666,5.282345249479295
47872,MeerKAT:array_1:20250723T211918Z,Gaia_2699251331944693120,52,599.9829928278923,-0.2139029694111135,18.875366,3,64,0.046875,1,1,21.511970238022357,5.379389858922143
177240,MeerKAT:array_1:20250704T222921Z,Gaia_2699046994580674304,43,623.9845609664917,-0.00855611877644454,18.846127,3,64,0.046875,1,1,21.505694022680416,5.025257018017342
17703,MeerKAT:array_1:20250702T032809Z,Gaia_2682781747271676672,56,575.9806039333344,-0.03422447510577816,18.830936,1,64,0.015625,2,1,22.194145770897812,2.3487439524384195
15519,MeerKAT:array_1:20250730T211442Z,Gaia_2682559469829704960,60,563.9721893668175,-0.05133671265866724,18.813967,3,64,0.046875,1,1,22.190560203970996,1.9644726166800204
43851,MeerKAT:array_1:20250716T201432Z,Gaia_4429469561290444288,48,587.9934485554695,-0.03422447510577816,18.809143,4,64,0.0625,1,1,15.822666770640106,5.820002988514658
35873,MeerKAT:array_1:20250720T235835Z,Gaia_2682473368619795328,8,576.0442358255386,0.05133671265866724,18.802134,1,64,0.015625,1,1,22.224929279906544,1.5675436271082528
142948,MeerKAT:array_1:20250720T034305Z,ex_LEDA_494162,60,576.0409041643143,-0.00855611877644454,18.682547,1,64,0.015625,2,1,23.494222200000006,-47.891111
47565,MeerKAT:array_1:20250723T192702Z,Gaia_4426364815334881152,31,599.9878211021423,-0.0855611877644454,18.629078,2,64,0.03125,1,1,15.845870793245647,5.23845830219677
201354,MeerKAT:array_1:20250731T192546Z,ex_SDSS_J155013.53+055140.9,56,647.9800463914871,-0.00855611877644454,18.59672,2,64,0.03125,1,1,15.837091866666668,5.861327
28770,MeerKAT:array_1:20250714T001713Z,Gaia_2682525217465113600,60,576.0457162261009,-0.03422447510577816,18.571644,3,64,0.046875,1,1,22.24245991270139,2.009239108023497
57013,MeerKAT:array_1:20250730T211442Z,Gaia_2682780201083438592,31,615.2238564491272,0.09411730654088994,18.565376,2,64,0.03125,12,1,22.195420084309227,2.2818860841596917
184241,MeerKAT:array_1:20250713T175609Z,Gaia_1456194475433048960,43,625.0210642814636,0.00855611877644454,18.548079,1,64,0.015625,1,1,13.534584962873764,30.25907272886555
91169,MeerKAT:array_1:20250721T223354Z,Gaia_2682520677684092928,59,655.2761514186859,0.16256625675244626,18.476263,1,64,0.015625,1,1,22.246642437467518,1.9176408437570687
15229,MeerKAT:array_1:20250730T211442Z,Gaia_2682779032852352896,1,563.9721893668175,-0.05133671265866724,18.47328,3,64,0.046875,1,1,22.184761443528405,2.240178603095255
110905,MeerKAT:array_1:20250728T194227Z,ex_PG_2208+014,1,549.9929968714714,-0.01711223755288908,18.453865,4,64,0.0625,1,1,22.179297733333332,1.6932200000000002
92820,MeerKAT:array_1:20250704T005510Z,Gaia_2682511026893166848,57,671.9993590712547,-0.05133671265866724,18.414503,3,64,0.046875,1,1,22.22988922274396,1.7384363619509904
138726,MeerKAT:array_1:20250714T021749Z,Gaia_2682518616099792128,50,575.9945932626724,0.00855611877644454,18.40775,2,64,0.03125,3,2,22.24256741502258,1.8535094437352977
63336,MeerKAT:array_1:20250712T200859Z,ex_SDSS_J155203.13+055001.6,42,623.9931039214134,0.05133671265866724,18.390833,4,64,0.0625,1,1,15.867539066666668,5.833826000000001
20279,MeerKAT:array_1:20250710T221658Z,Gaia_2682778032124941952,56,576.0443949103355,0.05989283143511178,18.383295,1,64,0.015625,1,1,22.190319691016757,2.2253075334656556
63305,MeerKAT:array_1:20250712T200859Z,ex_SDSS_J155211.94+050641.2,35,623.9931039214134,0.05133671265866724,18.36858,4,64,0.0625,1,1,15.869984866666666,5.111452
47572,MeerKAT:array_1:20250723T192702Z,Gaia_4426391684650581504,34,599.9878211021423,-0.0855611877644454,18.297384,2,64,0.03125,1,1,15.860962813008102,5.418434998108512
73364,MeerKAT:array_1:20250720T043243Z,Gaia_6526529125007560064,34,625.0284652709961,0.03422447510577816,18.233192,1,64,0.015625,2,2,23.512580819433992,-47.89709330722359
12944,MeerKAT:array_1:20250706T001134Z,Gaia_2699234530032694272,33,563.9997049570084,-0.03422447510577816,18.194576,4,64,0.0625,1,1,21.47520989331308,5.239783150191791
142934,MeerKAT:array_1:20250720T034305Z,ex_LEDA_494211,58,576.0409031510353,0.01711223755288908,18.085075,4,64,0.0625,2,1,23.488390666666668,-47.887361
135949,MeerKAT:array_1:20250713T004830Z,Gaia_2682587374231791744,45,575.9806728363037,-0.01711223755288908,17.998844,2,64,0.03125,2,1,22.20419002851941,2.129215123422028
184468,MeerKAT:array_1:20250714T001713Z,Gaia_2682497626595077632,10,625.0285270810127,0.00855611877644454,17.98171,2,64,0.03125,2,2,22.23321738061186,1.6506094339627708
186582,MeerKAT:array_1:20250720T034305Z,Gaia_6526554791732217472,1,624.0489021539688,-0.01711223755288908,17.892624,2,64,0.03125,1,1,23.49060227039513,-47.60140224938169
87307,MeerKAT:array_1:20250731T192546Z,Gaia_4426414946193200128,13,647.9800463914871,-0.07700506898800086,17.861427,3,64,0.046875,1,1,15.834279826880286,5.328546314333327
138728,MeerKAT:array_1:20250714T021749Z,Gaia_2682555007358239488,51,576.0462066531181,0.00855611877644454,17.84545,4,64,0.0625,1,1,22.19448488751163,1.8764692634738658
33518,MeerKAT:array_1:20250718T194550Z,Gaia_4426316814777136768,59,575.980351626873,0.0427805938822227,17.822811,1,64,0.015625,1,1,15.809881413205128,5.189884166109547
35900,MeerKAT:array_1:20250720T235835Z,Gaia_2682526072163015168,14,576.0442317724228,0.11978566287022356,17.797733,3,64,0.046875,1,1,22.237698050800645,2.0006641100055513
57409,MeerKAT:array_1:20250731T192546Z,Gaia_4426390825656968320,2,615.6715626120567,0.07700506898800086,17.79244,1,64,0.015625,1,1,15.858538971451171,5.353574171265241
73156,MeerKAT:array_1:20250720T034305Z,Gaia_6526545033566460288,4,624.0488991141319,0.02566835632933362,17.717083,1,64,0.015625,1,1,23.49399472634768,-47.81349005169592
43877,MeerKAT:array_1:20250716T201432Z,Gaia_4426426284906912768,55,587.9934485554695,-0.03422447510577816,17.709122,4,64,0.0625,1,1,15.809744313196356,5.368624973281756
63388,MeerKAT:array_1:20250712T200859Z,Gaia_4426433431732494976,55,623.9930998682976,0.11978566287022356,17.705153,2,64,0.03125,1,1,15.818791683065884,5.480966307675521
37898,MeerKAT:array_1:20250704T203712Z,Gaia_4426377940755072640,34,587.9854801297188,0.05989283143511178,17.685032,3,64,0.046875,2,1,15.863201835213854,5.306359431000827
100499,MeerKAT:array_1:20250716T201432Z,Gaia_4426457792787160064,30,671.9874388575554,0.02566835632933362,17.677238,2,64,0.03125,2,1,15.85602976383551,5.81339378334525
132408,MeerKAT:array_1:20250707T024904Z,Gaia_2682569605952186240,21,575.9868092536926,0.01711223755288908,17.674633,1,64,0.015625,3,1,22.219839080799726,2.0229947488909383
19393,MeerKAT:array_1:20250707T004747Z,Gaia_2682555591473780352,25,575.9708034992218,-0.05133671265866724,17.620623,1,64,0.015625,2,1,22.201220805296096,1.886841274366608
60453,MeerKAT:array_1:20250704T025554Z,Gaia_2682593726488412288,56,624.0018991827965,-0.05133671265866724,17.61436,1,64,0.015625,1,1,22.215317149777064,2.233264469280768
20757,MeerKAT:array_1:20250711T001051Z,Gaia_2682780677824347392,52,576.044721186161,0.06844895021155632,17.599508,3,64,0.046875,1,1,22.196677057581738,2.314091002320444
9705,MeerKAT:array_1:20250704T025554Z,Gaia_2682551880622063104,15,559.2504228949547,-0.07700506898800086,17.482906,3,64,0.046875,6,1,22.18852474876626,1.875363150772017
68863,MeerKAT:array_1:20250714T001713Z,Gaia_2682741958694637184,50,625.0285220146179,0.0855611877644454,17.440165,2,64,0.03125,3,1,22.177886974150415,1.9687086556429003
79425,MeerKAT:array_1:20250706T001134Z,Gaia_2699268374374965120,56,649.995000243187,0.07700506898800086,17.431206,2,64,0.03125,1,1,21.497266922828796,5.499456028560356
142832,MeerKAT:array_1:20250720T034305Z,ex_LEDA_503393,43,576.0409031510353,0.01711223755288908,17.416887,4,64,0.0625,2,1,23.4457778,-47.3125
19576,MeerKAT:array_1:20250707T024904Z,Gaia_2682490411050045824,15,576.0419762134552,0.1283417816466681,17.416138,3,64,0.046875,1,1,22.21942780503685,1.7147484610543542
63301,MeerKAT:array_1:20250712T200859Z,ex_SDSS_J155140.09+050101.6,34,623.9930998682976,0.11978566287022356,17.414557,2,64,0.03125,1,1,15.861135799999998,5.017116000000001
20736,MeerKAT:array_1:20250711T001051Z,Gaia_2682773604013656192,46,576.044721186161,0.06844895021155632,17.40978,3,64,0.046875,1,1,22.195138700677596,2.133135802072524
184040,MeerKAT:array_1:20250713T164848Z,J1609+2641,0,625.0207775235176,-0.01711223755288908,17.40079,4,64,0.0625,1,1,16.1537,26.691388888888888
20650,MeerKAT:array_1:20250711T001051Z,ex_CRTS_J221216.0+015147,21,576.0447201728821,0.0855611877644454,17.35615,2,64,0.03125,1,1,22.204455399999997,1.8630860000000002
142621,MeerKAT:array_1:20250720T034305Z,Gaia_6526533248176198400,13,576.0409031510353,0.01711223755288908,17.342813,4,64,0.0625,2,1,23.497065613468433,-47.820026818864186
35936,MeerKAT:array_1:20250720T235835Z,Gaia_2682591153803051008,22,576.0442317724228,0.11978566287022356,17.296047,3,64,0.046875,1,1,22.223665732911314,2.2246852769897942
43525,MeerKAT:array_1:20250715T222140Z,Gaia_4426462190833593472,25,587.985577404499,-0.03422447510577816,17.27735,3,64,0.046875,1,1,15.838723590784687,5.735298260383589
124687,MeerKAT:array_1:20250730T211442Z,Gaia_2682570950276783744,63,563.9721863269806,-0.01711223755288908,17.271196,4,64,0.0625,1,1,22.229748687320974,1.9619786938033665
69449,MeerKAT:array_1:20250714T021749Z,Gaia_2682559714642422528,59,625.0286111831665,0.02566835632933362,17.224142,3,64,0.046875,3,3,22.187761256276506,1.9882599169660096
20718,MeerKAT:array_1:20250711T001051Z,Gaia_2682471856791426304,41,576.0447292923927,-0.05989283143511178,17.218561,1,64,0.015625,1,1,22.223926949364728,1.5563648111941297
174253,MeerKAT:array_1:20250731T212434Z,Gaia_2699261704290661504,25,615.2238554358482,-0.01711223755288908,17.214472,4,64,0.0625,12,3,21.476709164778107,5.35056792088023
16375,MeerKAT:array_1:20250701T230223Z,ex_LEDA_1202200,1,576.0440878868103,0.19679073185822443,17.199091,4,64,0.0625,1,1,22.18519446666667,1.671944
15121,MeerKAT:array_1:20250730T204925Z,Gaia_2699058225919261568,19,563.9998883605003,-0.22245908818755805,17.18869,1,64,0.015625,2,1,21.520971622606,5.227469057606146
29306,MeerKAT:array_1:20250714T021749Z,Gaia_2682555625833517824,34,576.0462026000023,0.05989283143511178,17.170057,1,64,0.015625,1,1,22.202343312933376,1.8917860935642834
111003,MeerKAT:array_1:20250728T194227Z,Gaia_2682619530651384576,50,549.9929968714714,-0.01711223755288908,17.168535,4,64,0.0625,1,1,22.24673527028144,2.0466438503209443
16632,MeerKAT:array_1:20250701T230223Z,Gaia_2682553598608961152,55,576.0440878868103,0.19679073185822443,17.16287,4,64,0.0625,1,1,22.19482137956826,1.8219333219817044
37937,MeerKAT:array_1:20250704T203712Z,Gaia_4426430717313185664,59,587.9854781031609,0.07700506898800086,17.162592,1,64,0.015625,2,1,15.804422244048764,5.453616269203172
11269,MeerKAT:array_1:20250713T175609Z,Gaia_1468240106352793856,61,559.250387430191,-0.03422447510577816,17.149942,2,64,0.03125,11,2,13.520089670850334,30.85544402475993
43546,MeerKAT:array_1:20250715T222140Z,Gaia_4426397731964463616,45,587.985577404499,-0.03422447510577816,17.148926,3,64,0.046875,1,1,15.863600539488864,5.449568809931893
181216,MeerKAT:array_1:20250712T200859Z,Gaia_4426420443751368960,56,623.9951112270355,-0.01711223755288908,17.128452,1,64,0.015625,1,1,15.82552401532735,5.43750559258819
69369,MeerKAT:array_1:20250714T021749Z,ex_2MASX_J22115125+0119578,33,625.0286111831665,0.02566835632933362,17.111614,3,64,0.046875,3,3,22.197574799999998,1.3328080000000002
6557,MeerKAT:array_1:20250730T204925Z,Gaia_2699059398446235904,26,551.9728618860245,-0.06844895021155632,17.080727,4,64,0.0625,1,1,21.51079712918701,5.203942396786979
28561,MeerKAT:array_1:20250714T001713Z,Gaia_2682545077393848704,19,576.0457162261009,-0.0427805938822227,17.077932,3,64,0.046875,1,1,22.18667249928575,1.6991901942613805
62706,MeerKAT:array_1:20250711T003519Z,ex_ASASSN-V_J221246.38+020744.5,24,625.0284267663956,0.03422447510577816,17.038229,3,64,0.046875,5,3,22.212882000000004,2.12904
43720,MeerKAT:array_1:20250716T201432Z,ex_2MASX_J15522536+0522385,8,587.9934475421906,-0.02566835632933362,16.999039,4,64,0.0625,1,1,15.873702666666665,5.377406000000001
47760,MeerKAT:array_1:20250723T211918Z,Gaia_2699248922466983424,15,599.9829928278923,-0.2139029694111135,16.953331,3,64,0.046875,1,1,21.506305312206273,5.2968567870416985
45202,MeerKAT:array_1:20250720T220520Z,Gaia_4429478666621292288,38,587.9713712334633,0.02566835632933362,16.942532,1,64,0.015625,1,1,15.83517352039872,5.983705381402946
69284,MeerKAT:array_1:20250714T021749Z,Gaia_2682532948406192768,6,625.0286111831665,0.02566835632933362,16.928295,3,64,0.046875,3,3,22.189863030326705,1.6482734275388067
16368,MeerKAT:array_1:20250701T230223Z,J2212+0152,0,575.987295627594,-0.05133671265866724,16.854418,2,64,0.03125,1,1,22.21054722222222,1.8808888888888886
28576,MeerKAT:array_1:20250714T001713Z,Gaia_2682778616240493184,22,576.0457273721695,-0.1454540191995572,16.8176,2,64,0.03125,1,1,22.191623496864892,2.2616144746554867
138716,MeerKAT:array_1:20250714T021749Z,Gaia_2682473368619795328,42,576.0462066531181,0.00855611877644454,16.79611,4,64,0.0625,1,1,22.224929279906544,1.5675436271082528
164671,MeerKAT:array_1:20250723T211918Z,J2130+0502,0,600.0007545948029,0.01711223755288908,16.789627,4,64,0.0625,1,1,21.509133333333335,5.038194444444445
18490,MeerKAT:array_1:20250704T225450Z,Gaia_2682473982799658240,34,575.9710780978203,0.06844895021155632,16.770138,3,64,0.046875,1,1,22.230033651114194,1.6144309297705641
87429,MeerKAT:array_1:20250731T192546Z,ex_SDSS_J154852.28+054426.6,38,647.9800463914871,-0.07700506898800086,16.769445,3,64,0.046875,1,1,15.814521866666666,5.740741
173888,MeerKAT:array_1:20250730T211442Z,Gaia_2682779032852352896,1,615.2238635420799,0.01711223755288908,16.737331,3,64,0.046875,12,4,22.184761443528405,2.240178603095255
155889,MeerKAT:array_1:20250713T172342Z,Gaia_1468333186884368512,39,587.991895198822,-0.00855611877644454,16.706594,2,64,0.03125,3,1,13.530754366130179,30.937446310998745
9708,MeerKAT:array_1:20250704T025554Z,Gaia_2682518890977883008,21,559.2504228949547,-0.07700506898800086,16.6874,3,64,0.046875,6,1,22.24644701595551,1.878897746504783
97474,MeerKAT:array_1:20250713T164848Z,Gaia_1315705133109803776,50,672.0013471245766,-0.03422447510577816,16.676907,1,64,0.015625,1,1,16.190599021147282,26.617638459488873
11268,MeerKAT:array_1:20250713T175609Z,Gaia_1468259863202283904,30,559.250387430191,-0.03422447510577816,16.670944,2,64,0.03125,11,2,13.490329370074233,30.7539960280461
43500,MeerKAT:array_1:20250715T222140Z,Gaia_4429475402446103424,1,587.985577404499,-0.03422447510577816,16.636812,3,64,0.046875,1,1,15.832707767489534,5.885208514980744
75334,MeerKAT:array_1:20250706T001134Z,Gaia_2699011638409654656,41,629.989515542984,0.02566835632933362,16.607723,3,64,0.046875,1,1,21.482711841745456,4.697779941155746
79906,MeerKAT:array_1:20250710T030814Z,Gaia_2699022186849578240,43,647.9803574681282,-0.0427805938822227,16.600677,2,64,0.03125,2,1,21.497634614458626,4.900551157597037
6481,MeerKAT:array_1:20250730T204925Z,Gaia_2699037648731757440,7,551.9728618860245,-0.06844895021155632,16.59929,4,64,0.0625,1,1,21.52638960565989,4.985115829764363
135737,MeerKAT:array_1:20250713T004830Z,ex_LEDA_1225072,3,575.9806728363037,-0.01711223755288908,16.59514,2,64,0.03125,2,1,22.194694466666665,2.381389
6672,MeerKAT:array_1:20250730T204925Z,Gaia_2698948588289734656,55,551.9728659391403,-0.11122954409377903,16.573513,2,64,0.03125,1,1,21.500328826912014,4.569532874204477
28647,MeerKAT:array_1:20250714T001713Z,Gaia_2682471856791426304,36,576.0457162261009,-0.0427805938822227,16.561924,3,64,0.046875,1,1,22.223926949364728,1.5563648111941297
169026,MeerKAT:array_1:20250731T192546Z,ex_SDSS_J155140.09+050101.6,49,599.9890106916428,0.00855611877644454,16.550953,2,64,0.03125,1,1,15.861135799999998,5.017116000000001
40756,MeerKAT:array_1:20250713T161348Z,Gaia_1456191451776110208,53,592.0515730381012,-0.0427805938822227,16.521736,1,64,0.015625,1,1,13.5595779571084,30.41266605627865
23827,MeerKAT:array_1:20250713T004830Z,Gaia_2682486219161952896,48,575.9806677699089,0.05989283143511178,16.518045,1,64,0.015625,2,1,22.221391693188664,1.6101941697353364
87254,MeerKAT:array_1:20250731T192546Z,Gaia_4426390825656968320,2,647.980049431324,-0.06844895021155632,16.493576,4,64,0.0625,1,1,15.858538971451171,5.353574171265241
43846,MeerKAT:array_1:20250716T201432Z,Gaia_4426405600344360576,47,587.9934475421906,-0.02566835632933362,16.481594,4,64,0.0625,1,1,15.81894728338199,5.13522304563107
101471,MeerKAT:array_1:20250717T220401Z,Gaia_2699036927177303040,17,671.9997664093971,0.02566835632933362,16.432959,2,64,0.03125,2,1,21.514962598092207,5.039551966298687
138722,MeerKAT:array_1:20250714T021749Z,Gaia_2682779410809465088,47,575.9945932626724,0.00855611877644454,16.420448,2,64,0.03125,3,2,22.19148382874089,2.2793200948945
93308,MeerKAT:array_1:20250704T225450Z,ex_ATO_J333.2643+01.8359,45,671.9854619503021,0.07700506898800086,16.418491,2,64,0.03125,1,1,22.217619066666668,1.8359450000000002
87379,MeerKAT:array_1:20250731T192546Z,Gaia_4426447244347390464,28,647.980050444603,-0.09411730654088994,16.411045,4,64,0.0625,1,1,15.84150789463224,5.561818703401399
57006,MeerKAT:array_1:20250730T211442Z,Gaia_2682468970573271552,24,615.2238635420799,0.06844895021155632,16.371626,1,64,0.015625,12,1,22.231267940983937,1.496608747459971
101502,MeerKAT:array_1:20250717T220401Z,Gaia_2699040878547170944,37,671.9997664093971,-0.03422447510577816,16.370888,3,64,0.046875,2,1,21.52993696394814,5.086195634806841
15095,MeerKAT:array_1:20250730T204925Z,Gaia_2698990747688857856,8,563.9998843073845,-0.13689790042311265,16.357567,2,64,0.03125,1,1,21.532138652638974,4.97177379819146
142662,MeerKAT:array_1:20250720T034305Z,Gaia_6526543556097712128,19,576.0409031510353,0.01711223755288908,16.351963,4,64,0.0625,2,1,23.490358033576364,-47.85448737878266
28663,MeerKAT:array_1:20250714T001713Z,Gaia_2682553598608961152,39,576.0457273721695,-0.1454540191995572,16.336603,2,64,0.03125,1,1,22.19482137956826,1.8219333219817044
6628,MeerKAT:array_1:20250730T204925Z,Gaia_2699260883952022400,44,551.9728618860245,-0.06844895021155632,16.322224,4,64,0.0625,1,1,21.483333915382726,5.404111221093741
93360,MeerKAT:array_1:20250705T005108Z,ex_LEDA_1203369,60,671.9879606962204,0.02566835632933362,16.29012,1,64,0.015625,1,1,22.1865,1.707778
101460,MeerKAT:array_1:20250717T220401Z,ex_2MASX_J21312131+0515195,9,671.9997664093971,-0.03422447510577816,16.274843,3,64,0.046875,2,1,21.52259533333333,5.2553980000000005
15839,MeerKAT:array_1:20250731T192546Z,ex_SDSS_J155136.14+055819.4,48,563.9807232022285,0.02566835632933362,16.268517,3,64,0.046875,1,1,15.860039066666666,5.972081
63184,MeerKAT:array_1:20250712T200859Z,Gaia_4426402233090265344,5,623.9931039214134,0.05133671265866724,16.263365,4,64,0.0625,1,1,15.858516917880252,5.5310336735928445
101520,MeerKAT:array_1:20250717T220401Z,Gaia_2699010672041142528,51,671.9997664093971,-0.03422447510577816,16.2325,3,64,0.046875,2,1,21.505239505253016,4.912069487477975
69955,MeerKAT:array_1:20250715T023108Z,ex_LEDA_1203342,25,625.0286902189255,-0.03422447510577816,16.220774,1,64,0.015625,1,1,22.215846999999997,1.706997
175541,MeerKAT:array_1:20250702T032809Z,ex_PB_5102,19,623.9850696325302,-0.00855611877644454,16.208899,2,64,0.03125,1,1,22.20621386666667,1.868246
60242,MeerKAT:array_1:20250704T005510Z,Gaia_2682485222729533952,28,625.0285909175873,-0.06844895021155632,16.196615,1,64,0.015625,1,1,22.22463210017585,1.590795284946337
87283,MeerKAT:array_1:20250731T192546Z,Gaia_4426444461208578560,8,647.9839495420456,-0.03422447510577816,16.178802,1,64,0.015625,1,1,15.848415810315183,5.567304854455347
23619,MeerKAT:array_1:20250713T004830Z,J2212+0152,0,575.9988915920258,0.09411730654088994,16.134684,4,64,0.0625,1,1,22.21054722222222,1.8808888888888886
118209,MeerKAT:array_1:20250706T234838Z,Gaia_4426419172441037056,30,558.3987821936607,0.00855611877644454,16.11566,4,64,0.0625,1,1,15.828086473894562,5.3824286212647205
168980,MeerKAT:array_1:20250731T192546Z,ex_SDSS_J154852.28+054426.6,38,599.9890106916428,0.00855611877644454,16.109701,2,64,0.03125,1,1,15.814521866666666,5.740741
16662,MeerKAT:array_1:20250701T230223Z,Gaia_2682791574156860544,61,576.0440878868103,0.19679073185822443,16.106918,4,64,0.0625,1,1,22.187557891981584,2.3256396383364994
137740,MeerKAT:array_1:20250713T154120Z,Gaia_1456206466981745152,58,575.9805228710175,0.00855611877644454,16.104599,4,64,0.0625,1,1,13.540022397002348,30.45872538727144
97078,MeerKAT:array_1:20250713T161348Z,J1331+3030,0,674.9997490048409,0.1283417816466681,16.066406,1,64,0.015625,1,1,13.518969444444442,30.50916666666667
15817,MeerKAT:array_1:20250731T192546Z,ex_[VV2006]_J154847.6+053729,36,563.9807221889496,0.05989283143511178,16.052927,4,64,0.0625,1,1,15.813218333333333,5.624821
40282,MeerKAT:array_1:20250713T150856Z,Gaia_1456181899768835840,36,587.9720703959465,0.03422447510577816,15.997305,4,64,0.0625,2,1,13.542560133892891,30.231321248950458
122730,MeerKAT:array_1:20250723T211918Z,Gaia_2699003598231214592,45,564.0002815127373,0.00855611877644454,15.981577,2,64,0.03125,1,1,21.500697297282628,4.730720909368533
101152,MeerKAT:array_1:20250717T200827Z,Gaia_4426351964792700544,46,672.0000197291374,-0.11978566287022356,15.980443,4,64,0.0625,2,1,15.857299838594725,5.1931993810599675
159806,MeerKAT:array_1:20250720T220520Z,Gaia_4426347704185122304,24,587.9713722467422,0.00855611877644454,15.980378,1,64,0.015625,1,1,15.860966713003,5.113842577824462
110965,MeerKAT:array_1:20250728T194227Z,Gaia_2682780609104842240,31,549.9929968714714,-0.01711223755288908,15.959457,4,64,0.0625,1,1,22.196567304565214,2.3091365824154373
118226,MeerKAT:array_1:20250706T234838Z,Gaia_4426432499719191040,47,558.3987821936607,0.00855611877644454,15.952595,4,64,0.0625,1,1,15.824136646002941,5.479236957994794
6089,MeerKAT:array_1:20250730T185654Z,Gaia_4426353270462775680,34,551.9732479453087,-0.03422447510577816,15.923296,4,64,0.0625,1,1,15.833579316771768,5.0115118343824125
101132,MeerKAT:array_1:20250717T200827Z,Gaia_4426400137146151808,34,672.0000197291374,-0.11978566287022356,15.912847,4,64,0.0625,2,1,15.869798079039112,5.556171435617077
83098,MeerKAT:array_1:20250728T194227Z,Gaia_2682514943903238784,58,647.2235971689224,0.03422447510577816,15.90999,4,64,0.0625,12,3,22.223611679526204,1.7787943563072373
131169,MeerKAT:array_1:20250706T215041Z,Gaia_4426362856829789056,37,575.9856439828873,-0.01711223755288908,15.903361,1,64,0.015625,2,1,15.842959900690355,5.165472851107896
118196,MeerKAT:array_1:20250706T234838Z,Gaia_4426312485450098816,17,558.3987821936607,0.00855611877644454,15.890263,4,64,0.0625,1,1,15.813200621536296,5.108244091114103
6095,MeerKAT:array_1:20250730T185654Z,ex_SDSS_J155133.87+051934.4,35,551.9732479453087,-0.03422447510577816,15.841074,4,64,0.0625,1,1,15.859408933333336,5.326241999999999
68723,MeerKAT:array_1:20250714T001713Z,Gaia_2682596440907741952,15,625.0285220146179,0.0855611877644454,15.812264,2,64,0.03125,3,1,22.214040263683415,2.3016853727086204
37872,MeerKAT:array_1:20250704T203712Z,Gaia_4426459991810257408,18,587.9854801297188,0.05989283143511178,15.788999,3,64,0.046875,2,1,15.832610856675,5.661072999211301
59426,MeerKAT:array_1:20250702T032809Z,ex_LEDA_1222897,43,624.000241458416,-0.1454540191995572,15.768103,3,64,0.046875,1,1,22.2302568,2.313588
158200,MeerKAT:array_1:20250717T220401Z,Gaia_2699252706334248064,25,587.9800773262978,-0.01711223755288908,15.751062,3,64,0.046875,1,1,21.49853381164437,5.321089229582112
56988,MeerKAT:array_1:20250730T211442Z,Gaia_2682565933754987264,5,615.2238564491272,0.09411730654088994,15.744128,2,64,0.03125,12,1,22.22489567288584,1.9442703929931866
6084,MeerKAT:array_1:20250730T185654Z,Gaia_4426834272439552384,33,551.9732479453087,-0.03422447510577816,15.722541,4,64,0.0625,1,1,15.865033279676556,5.859906436468851
37925,MeerKAT:array_1:20250704T203712Z,Gaia_4426469505158367360,52,587.9854801297188,0.05989283143511178,15.717268,3,64,0.046875,2,1,15.851842372450758,5.810812626317132
63681,MeerKAT:array_1:20250712T220135Z,Gaia_2699053900888112000,2,625.0212446451187,0.03422447510577816,15.701481,3,64,0.046875,3,2,21.502409949446186,5.161375406734987
15863,MeerKAT:array_1:20250731T192546Z,Gaia_4426848394292054912,63,563.9807232022285,0.02566835632933362,15.695576,3,64,0.046875,1,1,15.860024586487821,5.980187628807501
184129,MeerKAT:array_1:20250713T172342Z,Gaia_1468316316252881024,52,623.96996062994,0.00855611877644454,15.686626,3,64,0.046875,1,1,13.547513936428787,30.839456102257373
37670,MeerKAT:array_1:20250704T025554Z,Gaia_2682486459680121344,4,588.0017858147621,0.23957132574044712,15.66435,1,64,0.015625,1,1,22.223471860972705,1.647408450692641
21057,MeerKAT:array_1:20250711T003519Z,Gaia_2682741271499860352,5,576.044826567173,0.19679073185822443,15.661232,1,64,0.015625,2,1,22.18109346067459,1.9674617605887792
81289,MeerKAT:array_1:20250722T211839Z,Gaia_2682573522961938176,37,650.0004192590714,0.02566835632933362,15.653164,1,64,0.015625,1,1,22.237288871143964,2.0674466802954754
59481,MeerKAT:array_1:20250702T032809Z,Gaia_2682620771897433600,57,624.000242471695,-0.16256625675244626,15.636479,1,64,0.015625,1,1,22.245266544091557,2.092334528920195
12947,MeerKAT:array_1:20250706T001134Z,Gaia_2698994389820984832,45,563.9997049570084,-0.03422447510577816,15.635236,4,64,0.0625,1,1,21.489556764311203,4.5479541846409415
174329,MeerKAT:array_1:20250731T230132Z,Gaia_2536392008939920000,30,611.9687687158585,-0.01711223755288908,15.626219,2,64,0.03125,1,1,0.9754071901766977,-0.31071251268348365
15836,MeerKAT:array_1:20250731T192546Z,ex_[VV2006]_J155120.4+054915,46,563.9807221889496,0.05989283143511178,15.609245,4,64,0.0625,1,1,15.855647733333331,5.821084
122621,MeerKAT:array_1:20250723T211918Z,Gaia_2699058470733283328,9,564.0002815127373,0.00855611877644454,15.605576,2,64,0.03125,1,1,21.51847748778124,5.24327791263634
185845,MeerKAT:array_1:20250717T200827Z,Gaia_4426471811560518656,37,623.9930745363235,0.01711223755288908,15.58658,2,64,0.03125,1,1,15.843073963567864,5.832343879855734
101097,MeerKAT:array_1:20250717T200827Z,Gaia_4426776685517991168,13,672.0000197291374,-0.11978566287022356,15.564538,4,64,0.0625,2,1,15.877873368412345,5.660891809557561
101140,MeerKAT:array_1:20250717T200827Z,Gaia_4426470196652716672,39,672.0000197291374,-0.11978566287022356,15.557685,4,64,0.0625,2,1,15.847857894355819,5.82801804291424
17581,MeerKAT:array_1:20250702T032809Z,ex_ASASSN-V_J221246.38+020744.5,21,576.0444790124893,-0.18823461308177988,15.554652,3,64,0.046875,1,1,22.212882000000004,2.12904
54546,MeerKAT:array_1:20250713T175609Z,Gaia_1456208013169974656,51,608.0524181723595,-0.0855611877644454,15.547091,1,64,0.015625,1,1,13.537527182879467,30.54856114360382
17694,MeerKAT:array_1:20250702T032809Z,Gaia_2682583938257936640,53,576.0444790124893,-0.18823461308177988,15.546167,3,64,0.046875,1,1,22.212886147538775,2.129008305721521
201330,MeerKAT:array_1:20250731T192546Z,ex_SDSS_J155211.94+050641.2,50,647.9800403118134,-0.00855611877644454,15.54146,1,64,0.015625,1,1,15.869984866666666,5.111452
31026,MeerKAT:array_1:20250715T222140Z,Gaia_4426367289236065536,11,575.9991368055344,-0.11122954409377903,15.534423,3,64,0.046875,3,1,15.837467111080658,5.256138015993926
59434,MeerKAT:array_1:20250702T032809Z,ex_LEDA_1200474,45,624.000240445137,-0.13689790042311265,15.531833,3,64,0.046875,1,1,22.2436434,1.6176
101468,MeerKAT:array_1:20250717T220401Z,Gaia_2699053591650461696,15,671.9997664093971,0.05133671265866724,15.522322,1,64,0.015625,2,1,21.505849463341875,5.178991578627813
15084,MeerKAT:array_1:20250730T204925Z,Gaia_2699040260071861120,3,563.9998843073845,-0.13689790042311265,15.502011,2,64,0.03125,1,1,21.533883286044013,5.07720960852659
139140,MeerKAT:array_1:20250715T023108Z,Gaia_2682472299172480896,5,573.6007328629494,0.01711223755288908,15.500869,4,64,0.0625,4,1,22.229110467409633,1.5468540902817736
21261,MeerKAT:array_1:20250711T003519Z,Gaia_2682520677684092928,40,576.0448336601257,0.0427805938822227,15.499741,1,64,0.015625,2,1,22.246642437467518,1.9176408437570687
15152,MeerKAT:array_1:20250730T204925Z,Gaia_2698951680666304000,32,563.9998924136162,-0.2139029694111135,15.436911,1,64,0.015625,2,1,21.519860093471856,4.5803195278119615
5212,MeerKAT:array_1:20250729T173047Z,Gaia_6734181344866622336,19,551.9727109074593,-0.02566835632933362,15.427309,1,64,0.015625,1,1,18.513954479314766,-35.82856597142132
59285,MeerKAT:array_1:20250702T032809Z,Gaia_2682619530651384576,7,624.0002323389053,-0.0427805938822227,15.403932,1,64,0.015625,1,1,22.24673527028144,2.0466438503209443
87223,MeerKAT:array_1:20250731T192546Z,Gaia_4426447519225295872,25,647.2499393820763,-0.03422447510577816,15.368673,3,64,0.046875,23,1,15.846032122312842,5.585964847480073
21769,MeerKAT:array_1:20250711T023810Z,Gaia_2682528825237574144,23,576.0451112985611,0.05133671265866724,15.357875,2,64,0.03125,1,1,22.19354524038687,1.5985608781853347
21798,MeerKAT:array_1:20250711T023810Z,Gaia_2682473982799658240,29,576.0451082587242,0.16256625675244626,15.320914,4,64,0.0625,1,1,22.230033651114194,1.6144309297705641
31007,MeerKAT:array_1:20250715T222140Z,Gaia_4426460404127101440,6,575.9991368055344,-0.11122954409377903,15.292985,3,64,0.046875,3,1,15.837167108425625,5.635789251108666
75350,MeerKAT:array_1:20250706T001134Z,Gaia_2698949236829342336,21,635.0428805947304,0.1283417816466681,15.276958,1,64,0.015625,1,1,21.516036637432613,4.496139328147155
59438,MeerKAT:array_1:20250702T032809Z,Gaia_2682577577411521792,46,624.000241458416,-0.1454540191995572,15.269266,3,64,0.046875,1,1,22.229984022510497,2.116980386985629
6493,MeerKAT:array_1:20250730T204925Z,Gaia_2698953433012980992,10,551.9728659391403,-0.11122954409377903,15.259489,2,64,0.03125,1,1,21.520160875097613,4.681944281878949
101118,MeerKAT:array_1:20250717T200827Z,Gaia_4429441661182884608,27,672.0000166893005,-0.05989283143511178,15.207592,4,64,0.0625,2,1,15.810235706261736,5.644044320716862
175754,MeerKAT:array_1:20250704T005510Z,Gaia_2682545077393848704,1,624.0017948150635,0.00855611877644454,15.177462,2,64,0.03125,1,1,22.18667249928575,1.6991901942613805
87298,MeerKAT:array_1:20250731T192546Z,Gaia_4426443705294332416,11,647.9800463914871,-0.07700506898800086,15.145402,3,64,0.046875,1,1,15.847224908394233,5.519243559857342
101082,MeerKAT:array_1:20250717T200827Z,Gaia_4426828809241139584,3,672.0000177025795,-0.07700506898800086,15.134329,3,64,0.046875,2,1,15.862778903079864,5.763274102195411
31099,MeerKAT:array_1:20250715T222140Z,Gaia_4426457414830036608,30,575.9991368055344,-0.11122954409377903,15.134287,3,64,0.046875,3,1,15.854383835285203,5.770906748467239
52437,MeerKAT:array_1:20250730T231157Z,Gaia_2682773604013656192,1,601.3525173664093,0.0855611877644454,15.102389,3,64,0.046875,1,1,22.195138700677596,2.133135802072524
185833,MeerKAT:array_1:20250717T200827Z,Gaia_4426158309008158336,26,623.9930745363235,0.01711223755288908,15.077994,2,64,0.03125,1,1,15.867997010552587,5.028504240172304
101138,MeerKAT:array_1:20250717T200827Z,Gaia_4426781530241114112,38,672.0000136494637,-0.0427805938822227,15.065856,4,64,0.0625,1,1,15.87717644014637,5.729856583853264
68300,MeerKAT:array_1:20250713T183111Z,Gaia_1315924863635757568,24,625.0212010741234,0.0427805938822227,15.014434,3,64,0.046875,1,1,16.181300270383993,27.110047215327025
13789,MeerKAT:array_1:20250723T211918Z,Gaia_2699250713469401344,34,564.0002723932266,0.05989283143511178,14.999706,4,64,0.0625,1,1,21.511267558275605,5.351771552775916
101522,MeerKAT:array_1:20250717T220401Z,Gaia_2699005075699808256,52,671.9997664093971,0.02566835632933362,14.993301,2,64,0.03125,2,1,21.510945069945073,4.781086533273419
13771,MeerKAT:array_1:20250723T211918Z,Gaia_2699436767156903040,28,564.0002825260162,-0.03422447510577816,14.977491,1,64,0.015625,1,1,21.529940736769678,5.398633669344777
79802,MeerKAT:array_1:20250710T030814Z,Gaia_2699248269631954944,2,647.9803574681282,-0.05133671265866724,14.956054,3,64,0.046875,2,1,21.503312181727317,5.23995010311197
40279,MeerKAT:array_1:20250713T150856Z,Gaia_1468197087960306432,6,587.9720703959465,0.03422447510577816,14.933577,4,64,0.0625,2,1,13.479387344680154,30.370801077228098
56992,MeerKAT:array_1:20250730T211442Z,Gaia_2682778616240493184,9,615.2238523960114,0.13689790042311265,14.9229145,3,64,0.046875,8,2,22.191623496864892,2.2616144746554867
57745,MeerKAT:array_1:20250731T230132Z,Gaia_2536390329608329216,20,611.9687646627426,0.05133671265866724,14.922273,3,64,0.046875,1,1,0.9718782267225772,-0.3497631997610656
17564,MeerKAT:array_1:20250702T032809Z,ex_ATO_J333.2643+01.8359,16,576.0444678664207,0.1283417816466681,14.910951,1,64,0.015625,1,1,22.217619066666668,1.8359450000000002
87787,MeerKAT:array_1:20250731T212434Z,Gaia_2698937696252994560,16,647.22360932827,-0.0427805938822227,14.908608,1,64,0.015625,3,1,21.52198373461621,4.4980731180781515
24892,MeerKAT:array_1:20250713T161348Z,Gaia_1468198359270628864,10,575.9643347263336,-0.02566835632933362,14.889121,1,64,0.015625,1,1,13.492599622365287,30.427601664346675
101085,MeerKAT:array_1:20250717T200827Z,Gaia_4426384984501512320,5,672.0000146627426,-0.02566835632933362,14.877206,2,64,0.03125,1,1,15.873905941953565,5.4158514011920165
32058,MeerKAT:array_1:20250716T222802Z,Gaia_4426469475098206336,17,575.9988480210304,0.18823461308177988,14.8705015,1,64,0.015625,1,1,15.853780697576,5.809033967415792
15176,MeerKAT:array_1:20250730T204925Z,Gaia_2699208347912195968,43,563.9998883605003,-0.17967849430533533,14.868858,1,64,0.015625,2,1,21.475610203697368,4.96494390699385
17523,MeerKAT:array_1:20250702T032809Z,Gaia_2682575348323311360,3,576.044461786747,0.2310152069640026,14.862636,1,64,0.015625,1,1,22.22378516988466,2.033521358576452
20629,MeerKAT:array_1:20250711T001051Z,Gaia_2682592115875728384,15,576.0447303056717,-0.02566835632933362,14.813027,1,64,0.015625,1,1,22.21898704101208,2.241076416635358
140028,MeerKAT:array_1:20250715T222140Z,Gaia_4426450714681115904,33,575.9991266727448,0.00855611877644454,14.801972,2,64,0.03125,1,1,15.85234623288287,5.630005906705212
10291,MeerKAT:array_1:20250711T023810Z,ex_LEDA_1191080,40,558.3995867371559,0.02566835632933362,14.7860985,2,64,0.03125,1,1,22.200944466666666,1.315
6577,MeerKAT:array_1:20250730T204925Z,Gaia_2699420141339185408,31,551.9728618860245,-0.06844895021155632,14.777988,4,64,0.0625,1,1,21.531150697250947,5.185583056275866
95652,MeerKAT:array_1:20250712T220135Z,ex_LEDA_1285289,36,671.9856261014938,-0.05989283143511178,14.744559,4,64,0.0625,1,1,21.52141666666667,5.553889
35673,MeerKAT:array_1:20250720T220520Z,Gaia_4426465317569788800,62,575.9873371720314,-0.05133671265866724,14.743496,3,64,0.046875,1,1,15.833403811069248,5.743455589934094
87234,MeerKAT:array_1:20250731T192546Z,ex_SDSS_J155045.89+055142.9,44,647.2499403953552,-0.03422447510577816,14.724766,3,64,0.046875,23,1,15.846079066666665,5.861897
16618,MeerKAT:array_1:20250701T230223Z,Gaia_2682471856791426304,52,576.0440878868103,0.19679073185822443,14.720918,4,64,0.0625,1,1,22.223926949364728,1.5563648111941297
66783,MeerKAT:array_1:20250713T172342Z,Gaia_1468175750562840832,44,623.9699738025665,-0.22245908818755805,14.683525,4,64,0.0625,1,1,13.505261935109909,30.102809570328233
95670,MeerKAT:array_1:20250712T220135Z,Gaia_2698946591130406656,55,671.9856261014938,-0.05989283143511178,14.666974,4,64,0.0625,1,1,21.499423357672427,4.514960672547754
15827,MeerKAT:array_1:20250731T192546Z,ex_SDSS_J154946.04+054850.4,41,563.9807221889496,0.05989283143511178,14.637401,4,64,0.0625,1,1,15.829455133333335,5.814009000000001
31022,MeerKAT:array_1:20250715T222140Z,Gaia_4426467963269638784,10,575.9991438984871,-0.17967849430533533,14.634137,2,64,0.03125,3,1,15.842700925665671,5.753711129389262
15224,MeerKAT:array_1:20250730T211442Z,J2212+0152,0,563.9721883535385,-0.02566835632933362,14.616183,1,64,0.015625,1,1,22.21054722222222,1.8808888888888886
65215,MeerKAT:array_1:20250713T154120Z,Gaia_1468225297305587840,27,625.0201543569565,0.23957132574044712,14.5971985,3,64,0.046875,1,1,13.53417420641516,30.769858835388703
31214,MeerKAT:array_1:20250715T222140Z,Gaia_4426416904698281472,60,575.9991246461868,0.03422447510577816,14.561365,2,64,0.03125,1,1,15.842173672620362,5.384990371435727
66613,MeerKAT:array_1:20250713T172342Z,Gaia_1456171621910980480,13,623.9699738025665,-0.22245908818755805,14.516369,4,64,0.0625,1,1,13.517580901627477,30.14626895694667
47752,MeerKAT:array_1:20250723T211918Z,Gaia_2699035587147492864,13,599.9626623988152,-0.03422447510577816,14.515809,2,64,0.03125,1,1,21.51737053039205,4.986024463452036
93273,MeerKAT:array_1:20250704T225450Z,Gaia_2682527038531164928,18,671.9833664894104,-0.02566835632933362,14.503593,1,64,0.015625,2,2,22.197086300314137,1.5253226758817418
17718,MeerKAT:array_1:20250702T032809Z,Gaia_2682779273370512000,60,576.0444790124893,-0.1711223755288908,14.486935,1,64,0.015625,1,1,22.1901400595939,2.2569188019302695
140911,MeerKAT:array_1:20250717T200827Z,Gaia_4429475230647411072,32,575.9921147823334,0.01711223755288908,14.450731,3,64,0.046875,1,1,15.830899260902703,5.857490807700064
148040,MeerKAT:array_1:20250702T032809Z,ex_LEDA_3096664,23,587.944572031498,0.01711223755288908,14.439505,4,64,0.0625,1,1,22.236,1.5744439999999997
21794,MeerKAT:array_1:20250711T023810Z,Gaia_2682553804767393792,28,576.0451082587242,0.16256625675244626,14.439504,4,64,0.0625,1,1,22.195111801745757,1.8550805325322048
31206,MeerKAT:array_1:20250715T222140Z,Gaia_4426444461208578560,58,575.9991408586502,-0.15401013797600172,14.363276,4,64,0.0625,3,1,15.848415810315183,5.567304854455347
57025,MeerKAT:array_1:20250730T211442Z,Gaia_2682472299172480896,43,615.2238523960114,0.13689790042311265,14.354703,3,64,0.046875,8,2,22.229110467409633,1.5468540902817736
15787,MeerKAT:array_1:20250731T192546Z,ex_2MFGC_12728,15,563.9807221889496,0.05989283143511178,14.308327,4,64,0.0625,1,1,15.847898333333333,5.326917
195174,MeerKAT:array_1:20250722T231023Z,Gaia_2682559469829704960,31,647.9387167692184,0.00855611877644454,14.301451,1,64,0.015625,1,1,22.190560203970996,1.9644726166800204
31133,MeerKAT:array_1:20250715T222140Z,Gaia_4426466687659271040,39,575.9991418719292,-0.16256625675244626,14.298904,3,64,0.046875,3,1,15.8437688745131,5.692794601076145
21301,MeerKAT:array_1:20250711T003519Z,Gaia_2682473368619795328,47,576.0448296070099,0.13689790042311265,14.275057,1,64,0.015625,2,1,22.224929279906544,1.5675436271082528
95305,MeerKAT:array_1:20250712T200859Z,Gaia_4426393780594477440,11,671.9925842881203,-0.02566835632933362,14.267558,1,64,0.015625,1,1,15.850102818459115,5.412859196568831
101120,MeerKAT:array_1:20250717T200827Z,Gaia_4429853222131911808,28,672.0000136494637,-0.0427805938822227,14.243879,4,64,0.0625,1,1,15.844548282074351,5.993013975558821
140902,MeerKAT:array_1:20250717T200827Z,Gaia_4426357187472970240,30,575.9921147823334,0.01711223755288908,14.232045,3,64,0.046875,1,1,15.826789417936018,5.060166376450483
48731,MeerKAT:array_1:20250728T194227Z,Gaia_2682591153803051008,17,599.9775241613388,-0.05133671265866724,14.182546,4,64,0.0625,1,1,22.223665732911314,2.2246852769897942
21669,MeerKAT:array_1:20250711T023810Z,Gaia_2682620874976650496,3,576.0451082587242,0.18823461308177988,14.180206,2,64,0.03125,1,1,22.2447699937498,2.1186211838799274
31202,MeerKAT:array_1:20250715T222140Z,Gaia_4426416320582728192,57,575.9991408586502,-0.15401013797600172,14.176271,4,64,0.0625,3,1,15.838683657822926,5.333481487239368
75361,MeerKAT:array_1:20250706T001134Z,Gaia_2698977794067435136,61,635.0428968071938,-0.1283417816466681,14.128541,1,64,0.015625,1,1,21.53281027017474,4.715525621672148
52468,MeerKAT:array_1:20250730T231157Z,ex_LEDA_1199444,32,601.3525173664093,0.0855611877644454,14.121933,3,64,0.046875,1,1,22.199451,1.586671
118183,MeerKAT:array_1:20250706T234838Z,Gaia_4426406218819651840,4,558.3987821936607,0.00855611877644454,14.119053,4,64,0.0625,1,1,15.817734702719365,5.125614721876803
31117,MeerKAT:array_1:20250715T222140Z,Gaia_4426435871273922560,35,575.999145925045,-0.23957132574044712,14.090601,2,64,0.03125,2,1,15.826316250742526,5.588079363196733
31045,MeerKAT:array_1:20250715T222140Z,Gaia_4426440578558019712,16,575.9991398453712,-0.13689790042311265,14.084005,3,64,0.046875,3,1,15.842353175575685,5.405634143771568
90224,MeerKAT:array_1:20250713T183111Z,Gaia_1315508320527707904,44,658.6234900951385,0.11978566287022356,14.080048,2,64,0.03125,2,1,16.123580994697118,26.569765205695308
88746,MeerKAT:array_1:20250731T233401Z,Gaia_2536433519799513472,53,650.0229444503784,0.03422447510577816,14.029914,4,64,0.0625,1,1,1.008977136990034,0.08491862658517556
113727,MeerKAT:array_1:20250729T173047Z,Gaia_6733405944325082112,48,551.9727109074593,0.01711223755288908,14.007716,3,64,0.046875,1,1,18.530661257730895,-36.26593735689847
9733,MeerKAT:array_1:20250704T025554Z,Gaia_2682551880622063104,15,560.0453534126282,-0.0427805938822227,13.996988,3,64,0.046875,1,1,22.18852474876626,1.875363150772017
123450,MeerKAT:array_1:20250728T214014Z,Gaia_2682593902582126208,49,563.9466587901115,-0.01711223755288908,13.979192,3,64,0.046875,2,2,22.21501269099234,2.2645593074655777
77601,MeerKAT:array_1:20250713T004830Z,Gaia_2682751785579814144,9,643.536731004715,0.0427805938822227,13.968817,4,64,0.0625,1,1,22.181848560849556,2.0724928858647225
5296,MeerKAT:array_1:20250729T173047Z,Gaia_6734180515907141120,44,551.9727159738541,-0.0855611877644454,13.961929,2,64,0.03125,1,1,18.509646512038103,-35.86046492103311
173890,MeerKAT:array_1:20250730T211442Z,Gaia_2682776868188808448,46,615.2238645553589,0.01711223755288908,13.937746,3,64,0.046875,12,4,22.196622585055863,2.2459500998583524
172109,MeerKAT:array_1:20250722T211839Z,Gaia_2682496144830906496,45,615.2238483428955,0.01711223755288908,13.914424,2,64,0.03125,8,2,22.236911720609964,1.587725558631084
31175,MeerKAT:array_1:20250715T222140Z,Gaia_4426452810625086976,50,575.999145925045,-0.23957132574044712,13.908579,2,64,0.03125,2,1,15.857918097113362,5.689086505903395
48893,MeerKAT:array_1:20250728T194227Z,Gaia_2682553804767393792,37,599.9775241613388,-0.05133671265866724,13.90455,4,64,0.0625,1,1,22.195111801745757,1.8550805325322048
40285,MeerKAT:array_1:20250713T150856Z,Gaia_1468281058864055296,63,587.9720703959465,0.03422447510577816,13.888491,4,64,0.0625,2,1,13.498841693206373,30.83568182790228
192705,MeerKAT:array_1:20250706T010358Z,Gaia_2699001364847879680,34,647.959924697876,0.01711223755288908,13.88844,4,64,0.0625,1,1,21.48834437820062,4.726289624084367
8825,MeerKAT:array_1:20250731T230132Z,Gaia_2536472689901184768,37,543.9560105204582,0.07700506898800086,13.887301,2,64,0.03125,1,1,0.9552578300918726,0.13992660204217788
24020,MeerKAT:array_1:20250713T025525Z,Gaia_2682476804593641984,50,575.9710487127304,-0.03422447510577816,13.866114,2,64,0.03125,1,1,22.21218515358883,1.4661880983836175
37694,MeerKAT:array_1:20250704T025554Z,Gaia_2682472299172480896,31,588.0017929077148,-0.07700506898800086,13.850641,4,64,0.0625,1,1,22.229110467409633,1.5468540902817736
95674,MeerKAT:array_1:20250712T220135Z,Gaia_2698999749940176896,58,671.9856261014938,-0.05989283143511178,13.845455,4,64,0.0625,1,1,21.48646632559186,4.6979465769444095
93316,MeerKAT:array_1:20250704T225450Z,Gaia_2682778616240493184,52,671.9854619503021,0.06844895021155632,13.84545,2,64,0.03125,1,1,22.191623496864892,2.2616144746554867
56873,MeerKAT:array_1:20250730T204925Z,Gaia_2699055137838657536,12,615.2238584756851,0.2139029694111135,13.8432665,1,64,0.015625,12,1,21.51438056654095,5.131700114185707
9746,MeerKAT:array_1:20250704T025554Z,Gaia_2682471616273135488,28,560.0453534126282,-0.0427805938822227,13.840205,3,64,0.046875,1,1,22.225870208241492,1.5376085463874571
21814,MeerKAT:array_1:20250711T023810Z,Gaia_2682543221967951360,32,576.0451072454453,0.20534685063466895,13.838839,1,64,0.015625,1,1,22.207943507564085,1.873393156344703
31198,MeerKAT:array_1:20250715T222140Z,Gaia_4426415702107444992,56,575.9991378188133,-0.1283417816466681,13.820299,2,64,0.03125,3,1,15.83407391727351,5.331801842468
17634,MeerKAT:array_1:20250702T032809Z,ex_LEDA_1199444,36,576.0444668531418,0.15401013797600172,13.8173685,4,64,0.0625,1,1,22.199451,1.586671
64010,MeerKAT:array_1:20250712T222705Z,Gaia_2682668806811682176,37,625.0212517380714,0.16256625675244626,13.8023,3,64,0.046875,4,1,22.238411992967166,2.148280274354302
57734,MeerKAT:array_1:20250731T230132Z,Gaia_2537231730881652992,13,611.9687646627426,0.05133671265866724,13.790969,3,64,0.046875,1,1,0.9502184473144464,0.37632865165157714
149273,MeerKAT:array_1:20250704T203712Z,Gaia_4426435665115491072,39,587.993356347084,0.01711223755288908,13.789148,1,64,0.015625,1,1,15.825230845148157,5.56833452926195
52464,MeerKAT:array_1:20250730T231157Z,Gaia_2682773805876651392,28,601.3525173664093,0.0855611877644454,13.789131,3,64,0.046875,1,1,22.197830321988643,2.149073431938348
57760,MeerKAT:array_1:20250731T230132Z,Gaia_2536474025635680384,31,611.9687646627426,0.05133671265866724,13.762683,3,64,0.046875,1,1,0.9557988205587536,0.18886271101130084
192807,MeerKAT:array_1:20250706T010358Z,Gaia_2699270367239815296,48,647.959924697876,0.01711223755288908,13.74926,4,64,0.0625,1,1,21.486008920083968,5.485810026430824
20228,MeerKAT:array_1:20250710T221658Z,Gaia_2682777280505662592,46,575.980665743351,-0.06844895021155632,13.745959,3,64,0.046875,2,1,22.202838616121404,2.2808748840205215
87245,MeerKAT:array_1:20250731T192546Z,J1550+0527,0,647.980049431324,-0.06844895021155632,13.741699,4,64,0.0625,1,1,15.843130555555557,5.452888888888889
101165,MeerKAT:array_1:20250717T200827Z,Gaia_4426362856829789056,55,672.0000177025795,-0.10267342531733448,13.726937,3,64,0.046875,2,1,15.842959900690355,5.165472851107896
7328,MeerKAT:array_1:20250730T211442Z,Gaia_2682555763272475008,53,551.9727869033813,-0.11122954409377903,13.712603,2,64,0.03125,1,1,22.199787879713597,1.8868757280432191
195633,MeerKAT:array_1:20250723T192702Z,Gaia_4426422196098018176,51,647.9848473072052,-0.01711223755288908,13.708483,2,64,0.03125,1,1,15.832657242972203,5.46871836792563
17681,MeerKAT:array_1:20250702T032809Z,Gaia_2682777589743323904,49,576.0444678664207,0.15401013797600172,13.700844,4,64,0.0625,1,1,22.189136968946624,2.176054352427948
5183,MeerKAT:array_1:20250729T173047Z,Gaia_6734071771665610752,10,551.9727159738541,-0.0855611877644454,13.695559,2,64,0.03125,1,1,18.50135405528246,-36.25347068526531
95637,MeerKAT:array_1:20250712T220135Z,ex_ASASSN-V_J213047.61+053622.6,23,671.9856261014938,-0.05989283143511178,13.690606,4,64,0.0625,1,1,21.51322533333333,5.60629
195659,MeerKAT:array_1:20250723T192702Z,Gaia_4426394673947668480,58,647.9848473072052,-0.01711223755288908,13.680633,2,64,0.03125,1,1,15.858505902144639,5.421360499680495
97407,MeerKAT:array_1:20250713T164848Z,Gaia_1315505743547249152,33,671.9846016764641,-0.11978566287022356,13.657362,2,64,0.03125,1,1,16.119300924016226,26.454045168113648
32199,MeerKAT:array_1:20250716T222802Z,Gaia_4426470918207224192,59,575.9988470077515,0.22245908818755805,13.647117,4,64,0.0625,1,1,15.848083136008096,5.875993929412141
65254,MeerKAT:array_1:20250713T154120Z,Gaia_1468230073309185408,36,625.0201533436775,0.23957132574044712,13.644051,3,64,0.046875,1,1,13.515264563958347,30.72571918005498
149874,MeerKAT:array_1:20250704T225450Z,Gaia_2682791367998426752,1,587.998839199543,-0.00855611877644454,13.62363,3,64,0.046875,1,1,22.187597831493363,2.289888761432304
35522,MeerKAT:array_1:20250720T220520Z,Gaia_4426343581016497408,31,575.9873371720314,-0.05133671265866724,13.622516,3,64,0.046875,1,1,15.856369562157536,4.954321704660728
27982,MeerKAT:array_1:20250713T183111Z,Gaia_1315926478543633920,28,576.0441912412643,0.18823461308177988,13.610136,1,64,0.015625,1,1,16.167858824504997,27.065926573725477
101088,MeerKAT:array_1:20250717T200827Z,Gaia_4426356981314537472,7,672.0000136494637,-0.0427805938822227,13.600288,4,64,0.0625,1,1,15.827653380342698,5.055484576822667
48925,MeerKAT:array_1:20250728T194227Z,Gaia_2682576516554504320,41,599.9775241613388,-0.05133671265866724,13.598346,4,64,0.0625,1,1,22.223595511089712,2.076488134234968
97301,MeerKAT:array_1:20250713T164848Z,ex_[VV2006]_J160927.1+261202,5,671.9846006631851,-0.10267342531733448,13.58095,1,64,0.015625,1,1,16.157503333333334,26.200714
98754,MeerKAT:array_1:20250714T001713Z,Gaia_2682497626595077632,10,675.0236421227455,0.02566835632933362,13.576287,3,64,0.046875,2,1,22.23321738061186,1.6506094339627708
8736,MeerKAT:array_1:20250731T230132Z,Gaia_2537227878295220608,7,544.0439894795418,-0.07700506898800086,13.567386,1,64,0.015625,1,1,0.9500295997209652,0.30090939550455453
17541,MeerKAT:array_1:20250702T032809Z,Gaia_2682528653438876928,9,576.0444790124893,-0.18823461308177988,13.545112,3,64,0.046875,1,1,22.195701671796588,1.596253856901588
186324,MeerKAT:array_1:20250718T194550Z,Gaia_4429470454643780480,41,625.0212537646294,0.00855611877644454,13.522518,4,64,0.0625,4,2,15.827056842950904,5.878265041919234
32203,MeerKAT:array_1:20250716T222802Z,Gaia_4426404947509531904,60,575.9988480210304,0.20534685063466895,13.508277,2,64,0.03125,1,1,15.86557252956738,5.650620917124268
17705,MeerKAT:array_1:20250702T032809Z,Gaia_2682781747271676672,56,576.0444668531418,0.15401013797600172,13.48273,4,64,0.0625,1,1,22.194145770897812,2.3487439524384195
21774,MeerKAT:array_1:20250711T023810Z,Gaia_2682516971127797760,24,576.0451092720032,0.1711223755288908,13.480554,4,64,0.0625,1,1,22.23317544091802,1.8982886557336043
63985,MeerKAT:array_1:20250712T222705Z,Gaia_2682791574156858496,31,625.0212942957878,-0.07700506898800086,13.456153,3,64,0.046875,2,1,22.188238074088574,2.3176952492112624
199447,MeerKAT:array_1:20250729T181804Z,Gaia_6734227489997455488,16,647.9750853776932,-0.00855611877644454,13.450681,1,64,0.015625,1,1,18.50543287979863,-35.810372466673854
125326,MeerKAT:array_1:20250731T230132Z,Gaia_2537228466706526208,53,563.9712186455727,-0.01711223755288908,13.442771,4,64,0.0625,1,1,0.9536199607552469,0.34229930534600483
113743,MeerKAT:array_1:20250729T173047Z,Gaia_6734170620305849600,52,551.9727109074593,0.01711223755288908,13.397972,3,64,0.046875,1,1,18.50108190297234,-36.085527435653475
77191,MeerKAT:array_1:20250711T023810Z,Gaia_2682595380050875136,7,640.053196489811,-0.11978566287022356,13.392164,1,64,0.015625,1,1,22.217829129279053,2.27359819355233
17662,MeerKAT:array_1:20250702T032809Z,ex_LEDA_1201363,44,576.0444790124893,-0.10267342531733448,13.377596,1,64,0.015625,1,1,22.2328678,1.645497
59272,MeerKAT:array_1:20250702T032809Z,Gaia_2682553804767393792,4,623.981812953949,-0.06844895021155632,13.374908,1,64,0.015625,1,1,22.195111801745757,1.8550805325322048
140349,MeerKAT:array_1:20250716T201432Z,Gaia_4426429583441807616,63,575.9921157956123,0.00855611877644454,13.365048,1,64,0.015625,1,1,15.807347046470413,5.404953369426192
20163,MeerKAT:array_1:20250710T221658Z,Gaia_2682779857486050816,33,575.980665743351,-0.06844895021155632,13.3264675,3,64,0.046875,2,1,22.195192608956564,2.2583758380286874
75431,MeerKAT:array_1:20250717T021511Z,Gaia_2682594314898950144,32,629.9883016347885,0.0427805938822227,13.325537,4,64,0.0625,1,1,22.20731506102592,2.241554030100958
31222,MeerKAT:array_1:20250715T222140Z,Gaia_4426368972863242624,62,575.9991408586502,-0.19679073185822443,13.2346945,1,64,0.015625,3,1,15.842647739815288,5.294721860769128
6996,MeerKAT:array_1:20250730T211442Z,Gaia_2682777280505662592,4,551.9727869033813,-0.11122954409377903,13.192053,2,64,0.03125,1,1,22.202838616121404,2.2808748840205215
173889,MeerKAT:array_1:20250730T211442Z,Gaia_2682522915362530816,14,615.2238635420799,0.01711223755288908,13.17006,3,64,0.046875,12,4,22.236588392620227,1.906333427001767
75357,MeerKAT:array_1:20250706T001134Z,Gaia_2699261468067703680,46,635.042865395546,0.11978566287022356,13.158285,1,64,0.015625,1,1,21.474833244726984,5.315243824177747
66804,MeerKAT:array_1:20250713T172342Z,Gaia_1456163856610055680,48,623.9699667096138,-0.1454540191995572,13.157047,1,64,0.015625,1,1,13.500670846758815,30.001869380589714
169836,MeerKAT:array_1:20250731T233401Z,Gaia_2536407784355494400,13,599.9693520665169,0.01711223755288908,13.138893,1,64,0.015625,1,1,1.0039920466066172,-0.20431522739216873
49038,MeerKAT:array_1:20250728T194227Z,Gaia_2682469687832387584,55,599.9775241613388,-0.05133671265866724,13.138423,4,64,0.0625,1,1,22.23691942676188,1.5565818926955195
31141,MeerKAT:array_1:20250715T222140Z,Gaia_4426390825656968320,41,575.9991378188133,-0.1283417816466681,13.137931,2,64,0.03125,3,1,15.858538971451171,5.353574171265241
140964,MeerKAT:array_1:20250717T200827Z,ex_SDSS_J154936.71+052913.1,44,575.9921147823334,0.01711223755288908,13.137427,3,64,0.046875,1,1,15.826864133333334,5.487011
21729,MeerKAT:array_1:20250711T023810Z,Gaia_2682541366542086528,15,576.0451092720032,0.1711223755288908,13.134029,4,64,0.0625,1,1,22.20090571753896,1.7936351531730041
113591,MeerKAT:array_1:20250729T173047Z,Gaia_6734206771074309760,11,551.9727109074593,0.01711223755288908,13.130853,3,64,0.046875,1,1,18.519001858182886,-35.67422343241555
123465,MeerKAT:array_1:20250728T214014Z,Gaia_2682486459680121344,53,563.9466587901115,-0.01711223755288908,13.104706,3,64,0.046875,2,2,22.223471860972705,1.647408450692641
140063,MeerKAT:array_1:20250715T222140Z,Gaia_4426409306896450560,43,575.9991266727448,0.00855611877644454,13.102719,2,64,0.03125,1,1,15.823587988960764,5.26192070382624
90185,MeerKAT:array_1:20250713T183111Z,Gaia_1315503407085101696,5,658.6234911084175,0.11122954409377903,13.092697,2,64,0.03125,2,1,16.128138610987193,26.44986309862853
27815,MeerKAT:array_1:20250713T183111Z,Gaia_1315611880779209472,8,575.9942761063576,-0.05989283143511178,13.091973,1,64,0.015625,1,1,16.125544754588706,27.126599553775034
53877,MeerKAT:array_1:20250731T233401Z,Gaia_2536582469265245824,6,599.9693571329117,-0.06844895021155632,13.057781,4,64,0.0625,1,1,1.0059186586455615,0.33127159907717285
75029,MeerKAT:array_1:20250721T223354Z,Gaia_2682542083801653248,28,624.0003934502602,-0.05989283143511178,13.043319,1,64,0.015625,1,1,22.1990314528656,1.828129637795677
101080,MeerKAT:array_1:20250717T200827Z,Gaia_4426340110682953856,2,672.0000166893005,-0.05989283143511178,13.028764,4,64,0.0625,2,1,15.84101106664428,4.9423423378019
85065,MeerKAT:array_1:20250729T181804Z,Gaia_6734071698617475840,55,647.975272834301,-0.02566835632933362,13.017715,2,64,0.03125,1,1,18.50202185444391,-36.25736672985115
202021,MeerKAT:array_1:20250731T230132Z,Gaia_2537254786266123008,25,647.9793148040771,-0.00855611877644454,13.013365,2,64,0.03125,1,1,0.9660696949054279,0.4758361737075933
192742,MeerKAT:array_1:20250706T010358Z,Gaia_2698999475062267904,39,647.959924697876,0.01711223755288908,13.009344,4,64,0.0625,1,1,21.48828325478833,4.679903196906138
117301,MeerKAT:array_1:20250701T230223Z,ex_LEDA_1200474,16,560.0478258132935,-0.01711223755288908,13.003079,3,64,0.046875,1,1,22.2436434,1.6176
7206,MeerKAT:array_1:20250730T211442Z,Gaia_2682480618524623232,35,551.9727798104286,-0.02566835632933362,12.992547,4,64,0.0625,1,1,22.201442962597795,1.5448645361739375
31003,MeerKAT:array_1:20250715T222140Z,Gaia_4426388764072519040,5,575.9991438984871,-0.1711223755288908,12.989426,2,64,0.03125,3,1,15.85415952797345,5.29562558189683
21763,MeerKAT:array_1:20250711T023810Z,Gaia_2682780609104842240,22,576.0451082587242,0.18823461308177988,12.9716215,2,64,0.03125,1,1,22.196567304565214,2.3091365824154373
23919,MeerKAT:array_1:20250713T025525Z,Gaia_2682555763272476032,9,575.9710487127304,-0.03422447510577816,12.953853,2,64,0.03125,1,1,22.19962224065802,1.894732581277027
10264,MeerKAT:array_1:20250711T023810Z,Gaia_2682527038531164928,13,558.3995867371559,0.02566835632933362,12.948968,2,64,0.03125,1,1,22.197086300314137,1.5253226758817418
54026,MeerKAT:array_1:20250731T233401Z,Gaia_2536590853041413120,44,599.9693571329117,-0.06844895021155632,12.930693,4,64,0.0625,1,1,1.0071640161981419,0.5770347739212167
147997,MeerKAT:array_1:20250702T032809Z,Gaia_2682469687832387584,12,587.944572031498,0.01711223755288908,12.924055,4,64,0.0625,1,1,22.23691942676188,1.5565818926955195
40281,MeerKAT:array_1:20250713T150856Z,Gaia_1468174754130396544,30,587.9720703959465,0.03422447510577816,12.921515,4,64,0.0625,2,1,13.498734813612653,30.08754227392505
50211,MeerKAT:array_1:20250729T175426Z,Gaia_6734201273515964928,3,599.9887745976448,-0.05989283143511178,12.92001,3,64,0.046875,1,1,18.52725785626511,-35.81273381441963
170892,MeerKAT:array_1:20250706T001134Z,Gaia_2698949275484815744,58,611.9694496393204,-0.01711223755288908,12.918684,1,64,0.015625,1,1,21.51486770242455,4.5012647041344644
123429,MeerKAT:array_1:20250728T214014Z,Gaia_2682777589743323904,44,563.9466587901115,-0.01711223755288908,12.898745,3,64,0.046875,2,2,22.189136968946624,2.176054352427948
93168,MeerKAT:array_1:20250704T222921Z,Gaia_2698946148748310144,39,671.9855075478554,-0.02566835632933362,12.891742,4,64,0.0625,1,1,21.49670722784571,4.490685109480588
98898,MeerKAT:array_1:20250714T001713Z,Gaia_2682485222729533952,46,675.0236421227455,0.02566835632933362,12.878138,3,64,0.046875,2,1,22.22463210017585,1.590795284946337
7595,MeerKAT:array_1:20250730T231157Z,Gaia_2682558129799800704,47,548.0184961557388,0.03422447510577816,12.87717,1,64,0.015625,1,1,22.19057244372838,1.9204476014907355
54035,MeerKAT:array_1:20250731T233401Z,Gaia_2536498352330645760,47,599.9693571329117,-0.06844895021155632,12.874602,4,64,0.0625,1,1,0.976320686210903,0.3309492709033481
150093,MeerKAT:array_1:20250704T225450Z,Gaia_2682573522961938176,53,587.998839199543,-0.00855611877644454,12.872632,3,64,0.046875,1,1,22.237288871143964,2.0674466802954754
21679,MeerKAT:array_1:20250711T023810Z,Gaia_2682740962262211200,5,576.0451112985611,0.05989283143511178,12.835856,2,64,0.03125,1,1,22.18140403042922,1.9377980394948615
202584,MeerKAT:array_1:20250731T233401Z,Gaia_2537227367194899456,33,650.0229444503784,0.01711223755288908,12.820389,4,64,0.0625,1,1,0.9567974741389635,0.3027218059056055
77219,MeerKAT:array_1:20250711T023810Z,Gaia_2682490548488997760,35,640.0531934499741,-0.07700506898800086,12.814431,1,64,0.015625,1,1,22.220764647609002,1.7292650804456626
62514,MeerKAT:array_1:20250711T003519Z,Gaia_2682586682742048640,19,624.0485687851906,0.05989283143511178,12.803668,2,64,0.03125,2,1,22.207091352978555,2.140352488831471
79469,MeerKAT:array_1:20250706T010358Z,Gaia_2699016895449632128,9,647.9803068041801,0.05989283143511178,12.79686,1,64,0.015625,1,1,21.473587661216218,4.800252946112908
72801,MeerKAT:array_1:20250718T194550Z,Gaia_4426316814777136768,59,625.0284379124641,-0.05133671265866724,12.794815,1,64,0.015625,1,1,15.809881413205128,5.189884166109547
92951,MeerKAT:array_1:20250704T025554Z,Gaia_2682581567435990016,50,672.002040207386,0.03422447510577816,12.787134,2,64,0.03125,1,1,22.208607917796215,2.055024264276728
149947,MeerKAT:array_1:20250704T225450Z,Gaia_2682527038531164928,18,587.998839199543,-0.00855611877644454,12.784362,3,64,0.046875,1,1,22.197086300314137,1.5253226758817418
56999,MeerKAT:array_1:20250730T211442Z,Gaia_2682572049788419200,17,615.2238523960114,0.13689790042311265,12.782366,3,64,0.046875,8,2,22.226368433677536,1.9978693410845167
41762,MeerKAT:array_1:20250713T175609Z,Gaia_1468237563732185984,56,587.9715222120285,-0.07700506898800086,12.766827,1,64,0.015625,1,1,13.528718086976895,30.82734843836561
185255,MeerKAT:array_1:20250715T023108Z,Gaia_2682568815678100736,11,625.0286902189255,-0.01711223755288908,12.741104,2,64,0.03125,1,1,22.219972609291794,1.9669649795275974
148491,MeerKAT:array_1:20250704T005510Z,Gaia_2682565143481001088,49,587.970360994339,0.01711223755288908,12.739112,1,64,0.015625,1,1,22.227060562164862,1.9359198364913521
8682,MeerKAT:array_1:20250731T212434Z,Gaia_2699220644403110400,51,551.982664346695,0.11978566287022356,12.737806,3,64,0.046875,1,1,21.483221960997728,5.169305459415903
32100,MeerKAT:array_1:20250716T222802Z,Gaia_4426348253940948608,30,575.9988470077515,0.22245908818755805,12.72425,4,64,0.0625,1,1,15.848567429091556,5.038088506455292
35461,MeerKAT:array_1:20250720T220520Z,Gaia_4426343649735977472,19,575.9802604317665,-0.06844895021155632,12.720611,1,64,0.015625,1,1,15.855197523131785,4.9570844935491785
12992,MeerKAT:array_1:20250710T030814Z,Gaia_2698983635223032448,12,563.9809420704842,0.03422447510577816,12.713825,4,64,0.0625,1,1,21.522072781554513,4.8487593757023975
17631,MeerKAT:array_1:20250702T032809Z,ex_2MASX_J22115125+0119578,35,576.0444678664207,0.15401013797600172,12.697789,4,64,0.0625,1,1,22.197574799999998,1.3328080000000002
114758,MeerKAT:array_1:20250730T204925Z,Gaia_2699251877404482176,42,551.9728598594666,-0.00855611877644454,12.692836,1,64,0.015625,1,1,21.50560165448168,5.382176313713147
61582,MeerKAT:array_1:20250707T004747Z,Gaia_2682466320578404736,42,625.0286527276039,-0.02566835632933362,12.687992,4,64,0.0625,2,2,22.234459604386366,1.4393751674115651
31155,MeerKAT:array_1:20250715T222140Z,Gaia_4426397731964463616,45,575.9991398453712,-0.13689790042311265,12.639323,3,64,0.046875,3,1,15.863600539488864,5.449568809931893
200311,MeerKAT:array_1:20250730T204925Z,Gaia_2699041497022460544,29,647.9754238128662,0.01711223755288908,12.606985,2,64,0.03125,1,1,21.532632736642125,5.138210641715162
20222,MeerKAT:array_1:20250710T221658Z,Gaia_2682790852602355840,45,575.980665743351,-0.06844895021155632,12.60121,3,64,0.046875,2,1,22.18322266592503,2.2587010541815276
50453,MeerKAT:array_1:20250729T175426Z,Gaia_6733432130770080384,49,599.988768517971,0.05989283143511178,12.571589,3,64,0.046875,1,1,18.546365489579472,-36.038692613180764
50442,MeerKAT:array_1:20250729T175426Z,Gaia_6734171960335686144,47,599.9887614250183,0.1711223755288908,12.560611,2,64,0.03125,2,1,18.499355826394925,-35.995948976593596
42349,MeerKAT:array_1:20250714T001713Z,Gaia_2682519818690821888,34,587.9891826510429,0.03422447510577816,12.550343,1,64,0.015625,1,1,22.241384846012505,1.8859578285501257
37697,MeerKAT:array_1:20250704T025554Z,Gaia_2682519685547119616,39,588.00178784132,0.03422447510577816,12.516207,2,64,0.03125,1,1,22.238530544660293,1.8810420094542033
62139,MeerKAT:array_1:20250711T001051Z,ex_CRTS_J221216.0+015147,21,623.9847798347473,-0.02566835632933362,12.497596,3,64,0.046875,1,1,22.204455399999997,1.8630860000000002
93152,MeerKAT:array_1:20250704T222921Z,Gaia_2698988754823985152,35,671.9855075478554,-0.02566835632933362,12.4755535,4,64,0.0625,1,1,21.54459894937585,4.995893530575069
20196,MeerKAT:array_1:20250710T221658Z,Gaia_2682781747271676672,40,575.980664730072,-0.0427805938822227,12.440196,1,64,0.015625,2,1,22.194145770897812,2.3487439524384195
7281,MeerKAT:array_1:20250730T211442Z,Gaia_2682776868188808448,46,551.9727798104286,-0.02566835632933362,12.433294,4,64,0.0625,1,1,22.196622585055863,2.2459500998583524
56874,MeerKAT:array_1:20250730T204925Z,Gaia_2699020090905635456,13,615.2238594889641,0.18823461308177988,12.424237,2,64,0.03125,12,1,21.491705825379555,4.848358797132696
72336,MeerKAT:array_1:20250717T220401Z,Gaia_2699033113246348032,30,625.0211412906647,0.05133671265866724,12.423918,3,64,0.046875,1,1,21.50694735477768,4.8936176915899186
25951,MeerKAT:array_1:20250713T164848Z,Gaia_1315606451940541824,51,575.9890060424805,-0.02566835632933362,12.39056,1,64,0.015625,2,1,16.12244484615593,27.020844272007533
140091,MeerKAT:array_1:20250715T222140Z,ex_2MASS_J15515527+0529412,52,575.993508040905,-0.01711223755288908,12.37978,3,64,0.046875,1,1,15.865348466666669,5.494748000000001
12990,MeerKAT:array_1:20250710T030814Z,Gaia_2699252706334248064,4,563.9809420704842,0.03422447510577816,12.377251,4,64,0.0625,1,1,21.49853381164437,5.321089229582112
62700,MeerKAT:array_1:20250711T003519Z,Gaia_2682489616480700288,21,625.0213702917099,-0.03422447510577816,12.367184,1,64,0.015625,2,2,22.218789838307664,1.6763189726017058
12997,MeerKAT:array_1:20250710T030814Z,Gaia_2699008030637467904,34,563.9809420704842,0.03422447510577816,12.365829,4,64,0.0625,1,1,21.498339349197124,4.794063175153759
83095,MeerKAT:array_1:20250728T194227Z,Gaia_2682524633349563776,21,647.2235971689224,0.03422447510577816,12.365273,4,64,0.0625,12,3,22.235932354789686,1.9929840879107055
50333,MeerKAT:array_1:20250729T175426Z,ex_ASASSN-V_J182917.75-355916.9,26,599.9887745976448,-0.05989283143511178,12.3601055,3,64,0.046875,1,1,18.488263999999997,-35.98804
149892,MeerKAT:array_1:20250704T225450Z,Gaia_2682525217465113472,5,587.9988371729851,0.01711223755288908,12.353616,1,64,0.015625,1,1,22.24217468317398,1.9970355687582824
27932,MeerKAT:array_1:20250713T183111Z,Gaia_1315969565655550080,22,576.0441912412643,0.1711223755288908,12.352751,1,64,0.015625,1,1,16.150126127003265,27.116348873987057
63907,MeerKAT:array_1:20250712T222705Z,Gaia_2682777280505662592,12,625.0212557911873,0.11978566287022356,12.3421955,3,64,0.046875,3,1,22.202838616121404,2.2808748840205215
93085,MeerKAT:array_1:20250704T222921Z,Gaia_2699245387710000128,11,671.9855075478554,-0.02566835632933362,12.329289,4,64,0.0625,1,1,21.48319663973737,5.244384144744541
75008,MeerKAT:array_1:20250721T223354Z,Gaia_2682790852602355840,10,624.0003873705864,0.05989283143511178,12.312181,4,64,0.0625,1,1,22.18322266592503,2.2587010541815276
196453,MeerKAT:array_1:20250723T214437Z,ex_LEDA_1200474,45,647.9868546128273,-0.00855611877644454,12.305873,2,64,0.03125,1,1,22.2436434,1.6176
56907,MeerKAT:array_1:20250730T204925Z,Gaia_2699018957033935104,57,615.223860502243,0.1711223755288908,12.305871,4,64,0.0625,12,2,21.476452360440724,4.877785220808497
32085,MeerKAT:array_1:20250716T222802Z,Gaia_4426336537270143104,25,575.9988470077515,0.22245908818755805,12.303393,4,64,0.0625,1,1,15.845481952376344,4.888572200434198
202590,MeerKAT:array_1:20250731T233401Z,Gaia_2536480798799480320,57,650.0229444503784,0.01711223755288908,12.297346,4,64,0.0625,1,1,0.9883302553045163,0.19366679236260018
172086,MeerKAT:array_1:20250722T211839Z,Gaia_2682588538168059392,22,615.2238483428955,0.01711223755288908,12.27773,2,64,0.03125,8,2,22.218238158237735,2.1113162854219807
97432,MeerKAT:array_1:20250713T164848Z,Gaia_1315324839525175424,40,671.9846016764641,-0.11978566287022356,12.277066,2,64,0.03125,1,1,16.174264377317606,26.39201629505225
132680,MeerKAT:array_1:20250710T221658Z,Gaia_2682593902582126208,28,575.9806606769562,0.01711223755288908,12.276743,1,64,0.015625,2,1,22.21501269099234,2.2645593074655777
117347,MeerKAT:array_1:20250701T230223Z,Gaia_2682485222729533952,62,560.0478258132935,-0.01711223755288908,12.269003,3,64,0.046875,1,1,22.22463210017585,1.590795284946337
90461,MeerKAT:array_1:20250715T023108Z,Gaia_2682791574156858496,1,657.7875349521637,-0.03422447510577816,12.23739,1,64,0.015625,2,1,22.188238074088574,2.3176952492112624
184467,MeerKAT:array_1:20250714T001713Z,J2212+0152,0,625.0285270810127,0.00855611877644454,12.232039,2,64,0.03125,2,2,22.21054722222222,1.8808888888888886
29520,MeerKAT:array_1:20250714T021749Z,Gaia_2682740962262211200,63,575.9989351630211,-0.13689790042311265,12.221175,4,64,0.0625,1,1,22.18140403042922,1.9377980394948615
63529,MeerKAT:array_1:20250712T200859Z,ex_SDSS_J155230.87+054011.4,37,625.0284267663956,0.02566835632933362,12.2142725,2,64,0.03125,5,4,15.875242733333334,5.669841
37702,MeerKAT:array_1:20250704T025554Z,Gaia_2682520677684092928,45,588.0017918944359,-0.07700506898800086,12.180374,4,64,0.0625,1,1,22.246642437467518,1.9176408437570687
29421,MeerKAT:array_1:20250714T021749Z,Gaia_2682518616099792128,50,575.9989351630211,-0.13689790042311265,12.160961,4,64,0.0625,1,1,22.24256741502258,1.8535094437352977
56886,MeerKAT:array_1:20250730T204925Z,Gaia_2699420141339185408,31,615.223860502243,0.1711223755288908,12.133163,4,64,0.0625,12,2,21.531150697250947,5.185583056275866
32010,MeerKAT:array_1:20250716T222802Z,Gaia_4426384709623609600,3,575.9988530874252,0.03422447510577816,12.133067,1,64,0.015625,1,1,15.869515967967082,5.403423398353188
66645,MeerKAT:array_1:20250713T172342Z,Gaia_1468227496328819712,19,623.969961643219,-0.06844895021155632,12.1027565,1,64,0.015625,1,1,13.510764548763072,30.593324473578964
140047,MeerKAT:array_1:20250715T222140Z,Gaia_4426466687659271040,39,575.993508040905,-0.01711223755288908,12.102153,3,64,0.046875,1,1,15.8437688745131,5.692794601076145
115037,MeerKAT:array_1:20250730T211442Z,Gaia_2682592115875728384,52,551.9727777838707,-0.01711223755288908,12.089627,2,64,0.03125,1,1,22.21898704101208,2.241076416635358
8652,MeerKAT:array_1:20250731T212434Z,Gaia_2699267927698377984,39,551.982664346695,0.09411730654088994,12.082945,3,64,0.046875,1,1,21.492196351756586,5.4972915975004355
13465,MeerKAT:array_1:20250722T231023Z,Gaia_2682528653438878592,18,564.0000140070915,-0.2310152069640026,12.074672,1,64,0.015625,2,2,22.194949211384568,1.592316599899816
63816,MeerKAT:array_1:20250712T220135Z,Gaia_2699434709868206208,61,625.0284500718117,-0.02566835632933362,12.068158,1,64,0.015625,1,1,21.52631153437425,5.324314251214742
32000,MeerKAT:array_1:20250716T222802Z,J1550+0527,0,575.9988490343094,0.20534685063466895,12.013721,2,64,0.03125,1,1,15.843130555555557,5.452888888888889
167947,MeerKAT:array_1:20250729T175426Z,Gaia_6734221648841942656,54,599.9887745976448,0.01711223755288908,12.00839,4,64,0.0625,1,1,18.502042929509514,-35.85003760699617
24456,MeerKAT:array_1:20250713T154120Z,Gaia_1468240106352793856,35,575.9782146215439,-0.02566835632933362,11.994761,4,64,0.0625,1,1,13.520089670850334,30.85544402475993
152976,MeerKAT:array_1:20250712T220135Z,Gaia_2699063349816158464,17,587.9803184866905,0.01711223755288908,11.976932,1,64,0.015625,1,1,21.51395235064198,5.344500904587797
6001,MeerKAT:array_1:20250730T185654Z,Gaia_4426445457640888960,16,551.9732489585876,-0.0427805938822227,11.966087,4,64,0.0625,1,1,15.841263657152744,5.5338650638871005
75452,MeerKAT:array_1:20250717T021511Z,ex_NGC_7222,53,629.9883016347885,0.0427805938822227,11.962443,4,64,0.0625,1,1,22.181039133333336,2.105821
195256,MeerKAT:array_1:20250722T231023Z,Gaia_2682565143481001088,61,648.2508836984634,0.00855611877644454,11.960872,3,64,0.046875,1,1,22.227060562164862,1.9359198364913521
29945,MeerKAT:array_1:20250715T023108Z,Gaia_2682469004933009792,38,573.6007318496704,0.03422447510577816,11.957709,1,64,0.015625,4,1,22.2319515390668,1.5070191526009473
149528,MeerKAT:array_1:20250704T222921Z,Gaia_2699211027971787136,10,587.9804471731186,-0.01711223755288908,11.943294,1,64,0.015625,4,2,21.4706696097217,4.956768260543777
86764,MeerKAT:array_1:20250730T231157Z,Gaia_2682469275515505536,9,647.9750549793243,-0.02566835632933362,11.936157,1,64,0.015625,1,1,22.23626879713263,1.5165676617373989
52636,MeerKAT:array_1:20250731T192546Z,Gaia_4426444667367009792,24,599.9794919490814,0.05989283143511178,11.925293,2,64,0.03125,1,1,15.849860470431718,5.598754578329045
208276,MeerKAT:array_1:20250715T023108Z,Gaia_2682559920800831744,4,657.8325985074043,0.01711223755288908,11.922763,2,64,0.03125,2,1,22.196099829541783,1.9504520941401238
50426,MeerKAT:array_1:20250729T175426Z,ex_ASASSN-V_J183233.47-360200.7,44,599.988768517971,0.05989283143511178,11.922211,3,64,0.046875,1,1,18.542629333333334,-36.03352
64103,MeerKAT:array_1:20250712T222705Z,Gaia_2682522915362530816,61,625.0212942957878,-0.06844895021155632,11.920763,3,64,0.046875,2,1,22.236588392620227,1.906333427001767
37687,MeerKAT:array_1:20250704T025554Z,Gaia_2682518890977883008,21,588.0018000006676,-0.1711223755288908,11.90986,3,64,0.046875,1,1,22.24644701595551,1.878897746504783
14267,MeerKAT:array_1:20250728T214014Z,ex_NGC_7222,12,563.9723150134087,-0.09411730654088994,11.9048195,4,64,0.0625,1,1,22.181039133333336,2.105821
31018,MeerKAT:array_1:20250715T222140Z,Gaia_4426375741731658496,9,575.9991246461868,0.03422447510577816,11.862684,2,64,0.03125,1,1,15.85763764515564,5.232187910947367
37716,MeerKAT:array_1:20250704T025554Z,Gaia_2682518616099792128,60,588.0017817616463,0.09411730654088994,11.851169,1,64,0.015625,1,1,22.24256741502258,1.8535094437352977
61060,MeerKAT:array_1:20250705T005108Z,Gaia_2682741271499860352,30,625.0285280942917,-0.0427805938822227,11.829176,3,64,0.046875,2,1,22.18109346067459,1.9674617605887792
50275,MeerKAT:array_1:20250729T175426Z,ex_V3460_Sgr,15,599.9887745976448,-0.05989283143511178,11.822312,3,64,0.046875,1,1,18.508104133333333,-35.875579
147978,MeerKAT:array_1:20250702T032809Z,Gaia_2682619530651384576,7,587.9868054986,0.01711223755288908,11.809033,2,64,0.03125,1,1,22.24673527028144,2.0466438503209443
125318,MeerKAT:array_1:20250731T230132Z,Gaia_2536392803509504384,48,563.9712186455727,-0.01711223755288908,11.808901,4,64,0.0625,1,1,0.9761391791281233,-0.25460981798093657
32127,MeerKAT:array_1:20250716T222802Z,Gaia_4426345127204747776,38,575.9988470077515,0.2310152069640026,11.800716,4,64,0.0625,1,1,15.851965088108653,5.0275121957874225
102017,MeerKAT:array_1:20250718T213759Z,Gaia_2699252740693989504,7,671.9665693640709,-0.0427805938822227,11.7921295,1,64,0.015625,1,1,21.49722417652969,5.326158921157089
147995,MeerKAT:array_1:20250702T032809Z,Gaia_2682490548488997760,11,587.9868054986,0.01711223755288908,11.774871,2,64,0.03125,1,1,22.220764647609002,1.7292650804456626
18151,MeerKAT:array_1:20250704T203712Z,Gaia_4426419035002078080,19,576.0457587838173,-0.03422447510577816,11.772167,1,64,0.015625,1,1,15.831564493969655,5.377648205630713
82025,MeerKAT:array_1:20250723T192702Z,Gaia_4426387767640249088,12,647.9822259545326,-0.1454540191995572,11.751557,1,64,0.015625,1,1,15.856853053155852,5.277972482578588
190809,MeerKAT:array_1:20250711T001051Z,ex_PB_5102,23,640.0535754561424,-0.01711223755288908,11.747578,4,64,0.0625,1,1,22.20621386666667,1.868246
37678,MeerKAT:array_1:20250704T025554Z,Gaia_2682497764034027776,14,588.0017969608307,-0.11122954409377903,11.736153,1,64,0.015625,1,1,22.23607603627589,1.65600274069291
69927,MeerKAT:array_1:20250715T023108Z,Gaia_2682476804593641984,16,625.0220927596092,0.03422447510577816,11.695447,1,64,0.015625,1,1,22.21218515358883,1.4661880983836175
128936,MeerKAT:array_1:20250704T203712Z,Gaia_4426417248295673600,17,576.0457567572594,-0.01711223755288908,11.687402,1,64,0.015625,1,1,15.835730714256544,5.359676108314127
50259,MeerKAT:array_1:20250729T175426Z,ex_V3524_Sgr,12,599.9887614250183,0.15401013797600172,11.686378,1,64,0.015625,2,1,18.5445098,-36.090058
90146,MeerKAT:array_1:20250713T183111Z,Gaia_1315486433374322176,34,656.0563336610794,-0.1283417816466681,11.6842785,3,64,0.046875,1,1,16.141807568328304,26.336908910108573
85189,MeerKAT:array_1:20250730T185654Z,Gaia_4426445182763087744,15,648.0011347532272,-0.10267342531733448,11.67655,4,64,0.0625,1,1,15.837421812871497,5.509261006885867
56906,MeerKAT:array_1:20250730T204925Z,Gaia_2699045753334219008,56,615.2238523960114,0.17967849430533533,11.6722555,1,64,0.015625,8,1,21.52488034889827,5.196036001422056
82695,MeerKAT:array_1:20250723T214437Z,Gaia_2682102764481949056,56,647.9815034866333,0.1454540191995572,11.671599,1,64,0.015625,1,1,22.193846552551886,1.3685855492099717
93821,MeerKAT:array_1:20250707T024904Z,Gaia_2682543874802993152,17,671.9991250038147,0.13689790042311265,11.654359,1,64,0.015625,1,1,22.202893434298325,1.8843073764276372
98722,MeerKAT:array_1:20250714T001713Z,ex_LEDA_1201363,2,675.0236421227455,0.02566835632933362,11.640097,3,64,0.046875,2,1,22.2328678,1.645497
75440,MeerKAT:array_1:20250717T021511Z,Gaia_2682511026893166848,41,629.9883016347885,0.0427805938822227,11.6341715,4,64,0.0625,1,1,22.22988922274396,1.7384363619509904
29138,MeerKAT:array_1:20250714T021749Z,Gaia_2682511026893166848,12,575.9989300966263,-0.0855611877644454,11.62476,1,64,0.015625,1,1,22.22988922274396,1.7384363619509904
37692,MeerKAT:array_1:20250704T025554Z,Gaia_2682517727042043008,29,588.0017929077148,-0.10267342531733448,11.618967,1,64,0.015625,1,1,22.232325667188825,1.899291916874337
107208,MeerKAT:array_1:20250710T050136Z,Gaia_2700873455192855552,23,551.9723349809647,-0.01711223755288908,11.616162,1,64,0.015625,1,1,21.80848757238564,7.517858877935015
54402,MeerKAT:array_1:20250711T023810Z,Gaia_2682543874802992768,11,607.2236785888672,0.05133671265866724,11.613197,2,64,0.03125,1,1,22.203470664961433,1.885754316901316
70428,MeerKAT:array_1:20250715T200216Z,Gaia_4426440028802285696,8,625.0284277796745,0.06844895021155632,11.61065,1,64,0.015625,5,1,15.818816384907944,5.633031843602647
174382,MeerKAT:array_1:20250731T230132Z,Gaia_2536389981715335552,54,611.9687687158585,-0.01711223755288908,11.610617,2,64,0.03125,1,1,0.968537858135251,-0.3785062618029063
8671,MeerKAT:array_1:20250731T212434Z,Gaia_2699001055610231808,46,551.982664346695,0.11978566287022356,11.61044,3,64,0.046875,1,1,21.490995573457752,4.704553770472363
64115,MeerKAT:array_1:20250713T002413Z,Gaia_2682496144830906496,2,624.0489528179169,0.1283417816466681,11.583945,3,64,0.046875,1,1,22.236911720609964,1.587725558631084
14814,MeerKAT:array_1:20250729T175426Z,Gaia_6734222434791481088,46,563.9465868473053,-0.06844895021155632,11.581204,1,64,0.015625,1,1,18.49942795819218,-35.82575046610066
56863,MeerKAT:array_1:20250730T204925Z,Gaia_2699420484936509056,1,615.223860502243,0.1711223755288908,11.575731,4,64,0.0625,12,2,21.537353044604643,5.222808871813107
184930,MeerKAT:array_1:20250715T002705Z,Gaia_2682551880622063104,52,625.0286446213722,-0.00855611877644454,11.574469,2,64,0.03125,1,1,22.18852474876626,1.875363150772017
24452,MeerKAT:array_1:20250713T154120Z,Gaia_1468237013976339840,34,575.9782146215439,-0.02566835632933362,11.560858,4,64,0.0625,1,1,13.522994127102212,30.819149301755562
44033,MeerKAT:array_1:20250716T222802Z,Gaia_4426384056788572032,16,587.9704076051712,-0.0855611877644454,11.547298,2,64,0.03125,1,1,15.874615555816414,5.38237326151335
30984,MeerKAT:array_1:20250715T222140Z,J1550+0527,0,575.9991327524185,-0.07700506898800086,11.546045,1,64,0.015625,1,1,15.843130555555557,5.452888888888889
178687,MeerKAT:array_1:20250706T215041Z,Gaia_4426471811560518656,17,623.9972411394119,-0.00855611877644454,11.536936,3,64,0.046875,1,1,15.843073963567864,5.832343879855734
50200,MeerKAT:array_1:20250729T175426Z,Gaia_6734191171752803072,1,599.9887604117393,0.17967849430533533,11.52312,2,64,0.03125,2,1,18.537100347948563,-35.772651139900425
125303,MeerKAT:array_1:20250731T230132Z,Gaia_2536462278900461952,39,563.9712186455727,-0.01711223755288908,11.514335,4,64,0.0625,1,1,0.9524717529018646,-0.02914188664900542
38534,MeerKAT:array_1:20250706T215041Z,Gaia_4426432332220851456,30,592.0482464432716,-0.05133671265866724,11.466507,3,64,0.046875,1,1,15.821775559112183,5.4392261475529775
117345,MeerKAT:array_1:20250701T230223Z,Gaia_2682525041370864512,60,560.0478258132935,-0.01711223755288908,11.452561,3,64,0.046875,1,1,22.24011149732658,1.981236016793205
37685,MeerKAT:array_1:20250704T025554Z,Gaia_2682780201083438592,19,588.00178784132,0.11122954409377903,11.434532,1,64,0.015625,1,1,22.195420084309227,2.2818860841596917
8566,MeerKAT:array_1:20250731T212434Z,Gaia_2698950856032794112,4,551.982662320137,0.13689790042311265,11.433424,2,64,0.03125,1,1,21.51556186362671,4.564254239717411
183268,MeerKAT:array_1:20250713T025525Z,Gaia_2682496866385480192,46,625.0285159349442,0.00855611877644454,11.414422,4,64,0.0625,3,1,22.24037963002593,1.6423891429064388
29466,MeerKAT:array_1:20250714T021749Z,Gaia_2682576516554504320,56,575.9989351630211,-0.13689790042311265,11.407088,4,64,0.0625,1,1,22.223595511089712,2.076488134234968
114973,MeerKAT:array_1:20250730T211442Z,J2212+0152,0,551.9727777838707,-0.01711223755288908,11.401661,2,64,0.03125,1,1,22.21054722222222,1.8808888888888886
66608,MeerKAT:array_1:20250713T172342Z,Gaia_1456203512044246400,12,623.9699738025665,-0.22245908818755805,11.396895,4,64,0.0625,1,1,13.543528753763978,30.444541796082632
95660,MeerKAT:array_1:20250712T220135Z,Gaia_2699271020074840192,44,671.9666727185249,-0.02566835632933362,11.392463,1,64,0.015625,1,1,21.489734528478877,5.531252711727739
208136,MeerKAT:array_1:20250715T023108Z,Gaia_2682791574156858496,1,657.9279338717461,-0.01711223755288908,11.361666,4,64,0.0625,2,1,22.188238074088574,2.3176952492112624
81744,MeerKAT:array_1:20250722T231023Z,Gaia_2682540954225220992,51,648.2508796453476,0.06844895021155632,11.347307,2,64,0.03125,1,1,22.20354969681639,1.7972855564702888
85349,MeerKAT:array_1:20250730T185654Z,Gaia_4426433947128552832,42,648.001139819622,-0.15401013797600172,11.345329,2,64,0.03125,1,1,15.828264173826733,5.500488478256309
24532,MeerKAT:array_1:20250713T154120Z,Gaia_1468239556596977280,55,575.9782146215439,-0.02566835632933362,11.341067,4,64,0.0625,1,1,13.518092945554459,30.813705690923307
56864,MeerKAT:array_1:20250730T204925Z,Gaia_2698979993090737536,2,615.2238645553589,0.05989283143511178,11.338093,2,64,0.03125,12,1,21.522106574924805,4.7136775380097315
174868,MeerKAT:array_1:20250702T005726Z,Gaia_2682773805876651392,21,624.0001938343048,-0.01711223755288908,11.329412,2,64,0.03125,1,1,22.197830321988643,2.149073431938348
200358,MeerKAT:array_1:20250730T204925Z,Gaia_2699045753334219008,56,647.9754238128662,0.01711223755288908,11.328292,2,64,0.03125,1,1,21.52488034889827,5.196036001422056
140011,MeerKAT:array_1:20250715T222140Z,Gaia_4426450268004514816,28,575.993508040905,-0.01711223755288908,11.317723,3,64,0.046875,1,1,15.851911423031703,5.587168995066491
18819,MeerKAT:array_1:20250706T215041Z,ex_SDSS_J154930.08+053708.2,25,575.9985612630844,-0.16256625675244626,11.31317,3,64,0.046875,1,1,15.825022200000003,5.618961
37700,MeerKAT:array_1:20250704T025554Z,Gaia_2682555625833517824,44,588.0017929077148,-0.06844895021155632,11.3117695,4,64,0.0625,1,1,22.202343312933376,1.8917860935642834
8630,MeerKAT:array_1:20250731T212434Z,Gaia_2699208657149843072,30,551.9826663732529,0.09411730654088994,11.292697,3,64,0.046875,1,1,21.4749044665296,4.9929465992996365
190844,MeerKAT:array_1:20250711T001051Z,Gaia_2682583693444955392,58,640.0535754561424,-0.01711223755288908,11.2866535,4,64,0.0625,1,1,22.214762798344818,2.126219879808019
190813,MeerKAT:array_1:20250711T001051Z,Gaia_2682778616240493184,27,640.0535754561424,-0.01711223755288908,11.285154,4,64,0.0625,1,1,22.191623496864892,2.2616144746554867
85289,MeerKAT:array_1:20250730T185654Z,Gaia_4426380620814726912,32,648.0011347532272,-0.10267342531733448,11.276727,4,64,0.0625,1,1,15.880451519224284,5.354588343985331
88733,MeerKAT:array_1:20250731T233401Z,Gaia_2536497600711538816,48,650.0229444503784,0.0427805938822227,11.273572,4,64,0.0625,1,1,0.9772377200633561,0.2948567028397254
20573,MeerKAT:array_1:20250711T001051Z,J2212+0152,0,576.044721186161,0.06844895021155632,11.2563,3,64,0.046875,1,1,22.21054722222222,1.8808888888888886
195254,MeerKAT:array_1:20250722T231023Z,Gaia_2682525217465113472,14,648.2508836984634,0.00855611877644454,11.247528,3,64,0.046875,1,1,22.24217468317398,1.9970355687582824
78895,MeerKAT:array_1:20250720T235835Z,Gaia_2682557687417843584,3,644.306587934494,0.0427805938822227,11.224345,2,64,0.03125,1,1,22.18974779493683,1.8742845255260947
100227,MeerKAT:array_1:20250715T222140Z,Gaia_4426388764072519040,5,671.999769449234,-0.1454540191995572,11.211281,4,64,0.0625,2,1,15.85415952797345,5.29562558189683
174908,MeerKAT:array_1:20250702T005726Z,Gaia_2682593902582126208,34,624.0001938343048,-0.01711223755288908,11.20772,2,64,0.03125,1,1,22.21501269099234,2.2645593074655777
91133,MeerKAT:array_1:20250721T203933Z,Gaia_2682511026893166848,40,658.6244942545891,0.06844895021155632,11.205376,2,64,0.03125,1,1,22.22988922274396,1.7384363619509904
184124,MeerKAT:array_1:20250713T172342Z,Gaia_1468227977365141760,21,623.96996062994,0.01711223755288908,11.191265,2,64,0.03125,1,1,13.510652805854482,30.62418707164443
93183,MeerKAT:array_1:20250704T222921Z,Gaia_2699630422937929600,44,671.9855075478554,-0.02566835632933362,11.18807,4,64,0.0625,1,1,21.520754289564433,5.544182618558043
88763,MeerKAT:array_1:20250731T233401Z,Gaia_2536434340137948800,60,650.0229444503784,0.03422447510577816,11.176094,4,64,0.0625,1,1,1.0071985340240162,0.103868442263457
37709,MeerKAT:array_1:20250704T025554Z,Gaia_2682473368619795328,52,588.0017858147621,0.20534685063466895,11.173256,3,64,0.046875,1,1,22.224929279906544,1.5675436271082528
63890,MeerKAT:array_1:20250712T222705Z,Gaia_2682536521818950784,8,625.0212942957878,-0.07700506898800086,11.147333,3,64,0.046875,2,1,22.208307654339844,1.7040297557317263
29458,MeerKAT:array_1:20250714T021749Z,Gaia_2682511301770962048,55,575.9989351630211,-0.13689790042311265,11.141413,4,64,0.0625,1,1,22.228539083325522,1.748714842989585
8816,MeerKAT:array_1:20250731T230132Z,Gaia_2537252312364952704,34,543.9560105204582,0.07700506898800086,11.138407,2,64,0.03125,1,1,0.9618411498096993,0.39699658925835907
44050,MeerKAT:array_1:20250716T222802Z,Gaia_4426473220309801984,27,587.9704076051712,-0.0855611877644454,11.133597,2,64,0.03125,1,1,15.83718953868253,5.882680222510974
18335,MeerKAT:array_1:20250704T222921Z,Gaia_2699251641182347648,37,575.9710973501205,0.05133671265866724,11.115508,1,64,0.015625,1,1,21.505801643313855,5.358018914067136
33232,MeerKAT:array_1:20250718T194550Z,Gaia_4426429755240501376,11,575.986957192421,-0.03422447510577816,11.107567,2,64,0.03125,1,1,15.809098656256726,5.435258519048664
56485,MeerKAT:array_1:20250729T050525Z,Gaia_6526753356658592512,59,611.9694881439209,-0.07700506898800086,11.095294,2,64,0.03125,1,1,23.452907477212793,-47.22051177912275
37688,MeerKAT:array_1:20250704T025554Z,Gaia_2682480618524623232,23,588.0017858147621,0.2139029694111135,11.08334,3,64,0.046875,1,1,22.201442962597795,1.5448645361739375
81999,MeerKAT:array_1:20250723T192702Z,Gaia_4426375741731658496,6,647.9741693735123,-0.06844895021155632,11.077987,2,64,0.03125,1,1,15.85763764515564,5.232187910947367
28055,MeerKAT:array_1:20250713T183111Z,Gaia_1315490659622154496,37,576.0441973209381,-0.03422447510577816,11.069656,1,64,0.015625,1,1,16.135732892513527,26.40831655305477
167743,MeerKAT:array_1:20250729T175426Z,Gaia_6733407804074101120,8,599.9887745976448,0.01711223755288908,11.04983,4,64,0.0625,1,1,18.54343067620287,-36.132402984476315
74201,MeerKAT:array_1:20250720T235835Z,Gaia_2682543874802993152,7,624.0007014870644,-0.02566835632933362,11.04244,1,64,0.015625,1,1,22.202893434298325,1.8843073764276372
50369,MeerKAT:array_1:20250729T175426Z,ex_V3471_Sgr,33,599.9887624382973,0.11978566287022356,11.02194,2,64,0.03125,2,1,18.513366666666666,-36.264813
29064,MeerKAT:array_1:20250714T021749Z,Gaia_2682552980133700480,2,575.9989321231842,-0.10267342531733448,11.007523,1,64,0.015625,1,1,22.185560949553768,1.9146078734393677
50242,MeerKAT:array_1:20250729T175426Z,ex_ASASSN-V_J183031.03-361906.2,9,599.988768517971,0.05989283143511178,11.004168,3,64,0.046875,1,1,18.50862066666667,-36.3184
49246,MeerKAT:array_1:20250728T214014Z,ex_LEDA_1225072,20,599.9705467224121,-0.05989283143511178,10.992355,1,64,0.015625,1,1,22.194694466666665,2.381389
125274,MeerKAT:array_1:20250731T230132Z,Gaia_2537255297366461824,21,563.9712186455727,-0.01711223755288908,10.990382,4,64,0.0625,1,1,0.9539891941662689,0.3988540246695756
11496,MeerKAT:array_1:20250714T021749Z,Gaia_2682751785579814144,38,558.3985835909843,0.02566835632933362,10.970085,2,64,0.03125,2,1,22.181848560849556,2.0724928858647225
37708,MeerKAT:array_1:20250704T025554Z,Gaia_2682543874802993152,51,588.0018000006676,-0.1711223755288908,10.969063,3,64,0.046875,1,1,22.202893434298325,1.8843073764276372
8698,MeerKAT:array_1:20250731T212434Z,Gaia_2698995523692347008,57,551.982662320137,0.13689790042311265,10.956549,2,64,0.03125,1,1,21.499439165079366,4.583328548025882
85469,MeerKAT:array_1:20250730T185654Z,Gaia_4426435458957056640,62,648.0011347532272,-0.10267342531733448,10.947502,4,64,0.0625,1,1,15.825944872537685,5.552202472991693
37671,MeerKAT:array_1:20250704T025554Z,Gaia_2682779857486050816,5,588.00178784132,0.16256625675244626,10.94359,1,64,0.015625,1,1,22.195192608956564,2.2583758380286874
7578,MeerKAT:array_1:20250730T231157Z,Gaia_2682594482402655616,58,544.0459886789322,-0.15401013797600172,10.938209,4,64,0.0625,1,1,22.209673902802855,2.270413248556092
174926,MeerKAT:array_1:20250702T005726Z,Gaia_2682555591473780352,40,624.0004816055298,-0.00855611877644454,10.93733,1,64,0.015625,1,1,22.201220805296096,1.886841274366608
29154,MeerKAT:array_1:20250714T021749Z,Gaia_2682586682742048640,14,575.9989078044891,0.1711223755288908,10.934536,1,64,0.015625,2,1,22.207091352978555,2.140352488831471
85159,MeerKAT:array_1:20250730T185654Z,Gaia_4426435665115491072,10,648.0011357665062,-0.11978566287022356,10.924493,1,64,0.015625,1,1,15.825230845148157,5.56833452926195
24392,MeerKAT:array_1:20250713T154120Z,Gaia_1468200283416012160,19,575.9782146215439,-0.02566835632933362,10.8961115,4,64,0.0625,1,1,13.499973008061355,30.401224308452417
125259,MeerKAT:array_1:20250731T230132Z,Gaia_2537231730881652992,13,563.9649991393089,0.01711223755288908,10.8864765,2,64,0.03125,1,1,0.9502184473144464,0.37632865165157714
23196,MeerKAT:array_1:20250712T222705Z,Gaia_2682519719906973312,47,575.971399307251,-0.15401013797600172,10.8807535,1,64,0.015625,1,1,22.239711470840028,1.8921632714392702
158492,MeerKAT:array_1:20250718T194550Z,Gaia_4426370484691831296,28,587.9856979846954,-0.00855611877644454,10.874866,1,64,0.015625,1,1,15.870371202258092,5.130746105303793
85445,MeerKAT:array_1:20250730T185654Z,Gaia_4426418416526789504,58,648.0011296868324,-0.02566835632933362,10.869643,1,64,0.015625,1,1,15.82659995750336,5.336126032137844
64488,MeerKAT:array_1:20250713T004830Z,Gaia_2682476426636516736,14,625.0285007357597,-0.03422447510577816,10.858864,2,64,0.03125,2,2,22.213504659511468,1.4443535661981004
73328,MeerKAT:array_1:20250720T043243Z,Gaia_6528026659841832576,56,624.0518173575401,-0.02566835632933362,10.855754,1,64,0.015625,1,1,23.532107104507233,-47.29894670396004
12995,MeerKAT:array_1:20250710T030814Z,Gaia_2699252878132940288,28,563.9809420704842,0.03422447510577816,10.8153925,4,64,0.0625,1,1,21.49940107908188,5.342095294703936
37696,MeerKAT:array_1:20250704T025554Z,Gaia_2682776180994029696,35,588.0017868280411,0.05989283143511178,10.811164,1,64,0.015625,1,1,22.204882030020606,2.2478055039929004
75455,MeerKAT:array_1:20250717T021511Z,ex_LEDA_1220485,56,629.9883016347885,0.0427805938822227,10.80144,4,64,0.0625,1,1,22.184361133333333,2.2375
64163,MeerKAT:array_1:20250713T002413Z,Gaia_2682588606887538176,47,624.0489528179169,0.1283417816466681,10.800514,3,64,0.046875,1,1,22.220052969527448,2.117452545501108
23946,MeerKAT:array_1:20250713T025525Z,Gaia_2682468970573271552,20,576.0454841852188,0.2139029694111135,10.790988,3,64,0.046875,2,1,22.231267940983937,1.496608747459971
185897,MeerKAT:array_1:20250717T200827Z,ex_SDSS_J155018.57+051218.8,41,625.0284338593483,0.00855611877644454,10.775428,3,64,0.046875,5,4,15.838491733333333,5.20522
61051,MeerKAT:array_1:20250705T005108Z,Gaia_2682492610073259520,22,625.0285311341286,-0.05133671265866724,10.773253,1,64,0.015625,2,1,22.24286768321408,1.567433491407432
37713,MeerKAT:array_1:20250704T025554Z,Gaia_2682779410809465088,57,588.0017979741096,-0.05133671265866724,10.767128,2,64,0.03125,1,1,22.19148382874089,2.2793200948945
56891,MeerKAT:array_1:20250730T204925Z,Gaia_2699044761197622912,37,615.2238655686378,0.06844895021155632,10.76538,2,64,0.03125,4,1,21.53032748661663,5.173199193873606
48035,MeerKAT:array_1:20250723T214437Z,ex_LEDA_1207841,17,599.9828813672066,-0.0855611877644454,10.757078,2,64,0.03125,2,1,22.175182799999998,1.8459580000000002
196355,MeerKAT:array_1:20250723T214437Z,ex_LEDA_3096664,15,647.9868546128273,-0.00855611877644454,10.756953,2,64,0.03125,1,1,22.236,1.5744439999999997
65219,MeerKAT:array_1:20250713T154120Z,Gaia_1468181351200167680,28,625.0201543569565,0.23957132574044712,10.753427,3,64,0.046875,1,1,13.499568882457938,30.256401866458482
125284,MeerKAT:array_1:20250731T230132Z,Gaia_2537231456003746304,28,563.9649991393089,0.01711223755288908,10.753276,2,64,0.03125,1,1,0.9512332837744091,0.3558662417232561
34124,MeerKAT:array_1:20250720T034305Z,Gaia_6528048856232838016,3,575.6562219262123,0.05133671265866724,10.740804,2,64,0.03125,1,1,23.513864852726314,-47.392641042936425
29385,MeerKAT:array_1:20250714T021749Z,Gaia_2682569605952186240,45,575.998911857605,0.1454540191995572,10.739794,4,64,0.0625,2,1,22.219839080799726,2.0229947488909383
81700,MeerKAT:array_1:20250722T231023Z,Gaia_2682539064439595776,5,648.2508796453476,0.06844895021155632,10.739358,2,64,0.03125,1,1,22.20886126771483,1.7689361968324215
37672,MeerKAT:array_1:20250704T025554Z,Gaia_2682550471872804736,8,588.0017929077148,-0.07700506898800086,10.7352705,4,64,0.0625,1,1,22.173999893349077,1.8039306862337932
61220,MeerKAT:array_1:20250706T215041Z,Gaia_4426387424042939904,62,623.9972421526909,-0.02566835632933362,10.729353,1,64,0.015625,1,1,15.880097815555194,5.513585658382741
150076,MeerKAT:array_1:20250704T225450Z,Gaia_2682582731372137344,50,587.9704805612564,-0.01711223755288908,10.728257,3,64,0.046875,1,1,22.215252157072204,2.0892202139016574
81072,MeerKAT:array_1:20250722T211839Z,Gaia_2682496144830906496,45,647.9778404831886,0.05133671265866724,10.722864,1,64,0.015625,1,1,22.236911720609964,1.587725558631084
61108,MeerKAT:array_1:20250706T215041Z,Gaia_4426344680522813184,3,623.9972441792488,-0.0427805938822227,10.716474,1,64,0.015625,1,1,15.853664448996588,4.98420382219814
137714,MeerKAT:array_1:20250713T154120Z,Gaia_1468204818901443840,54,575.9805228710175,0.00855611877644454,10.709423,4,64,0.0625,1,1,13.497087067288657,30.478444635219322
190820,MeerKAT:array_1:20250711T001051Z,Gaia_2682531466643441792,34,640.0535754561424,-0.01711223755288908,10.705098,4,64,0.0625,1,1,22.19170947935224,1.6088806508092932
184914,MeerKAT:array_1:20250715T002705Z,Gaia_2682777280505662592,45,625.0286446213722,-0.00855611877644454,10.675088,2,64,0.03125,1,1,22.202838616121404,2.2808748840205215
50286,MeerKAT:array_1:20250729T175426Z,ex_ASASSN-V_J183057.27-361859.7,17,599.9887624382973,0.1283417816466681,10.660829,2,64,0.03125,2,1,18.515911333333335,-36.31689
56908,MeerKAT:array_1:20250730T204925Z,Gaia_2699041634461441792,58,615.223860502243,0.1711223755288908,10.649088,4,64,0.0625,12,2,21.520174230146548,5.025173414831499
173472,MeerKAT:array_1:20250729T050525Z,Gaia_6528097440902936320,51,611.9694810509682,0.01711223755288908,10.633602,1,64,0.015625,1,1,23.490858908004128,-46.938281447420806
187241,MeerKAT:array_1:20250720T034305Z,ex_LEDA_506325,62,625.0284723639488,0.01711223755288908,10.621643,1,64,0.015625,2,1,23.497444466666664,-47.11750000000001
24040,MeerKAT:array_1:20250713T025525Z,ex_LEDA_1199444,57,576.0454841852188,0.2139029694111135,10.613771,3,64,0.046875,2,1,22.199451,1.586671
32690,MeerKAT:array_1:20250717T200827Z,Gaia_4426454425532862080,52,575.9641594290733,0.03422447510577816,10.608393,2,64,0.03125,2,1,15.85112065880679,5.680431921047551
186593,MeerKAT:array_1:20250720T034305Z,Gaia_6528048856232838016,3,623.9865013957024,-0.01711223755288908,10.60203,3,64,0.046875,1,1,23.513864852726314,-47.392641042936425
62521,MeerKAT:array_1:20250711T003519Z,Gaia_2682489616480700288,21,624.0485657453537,0.1711223755288908,10.593311,2,64,0.03125,2,1,22.218789838307664,1.6763189726017058
73311,MeerKAT:array_1:20250720T034305Z,ex_LEDA_508221,53,625.0212598443031,-0.10267342531733448,10.5931425,1,64,0.015625,3,1,23.471055533333335,-46.979167
61080,MeerKAT:array_1:20250705T005108Z,Gaia_2682489616480700288,46,625.0285280942917,-0.0427805938822227,10.587346,3,64,0.046875,2,1,22.218789838307664,1.6763189726017058
75385,MeerKAT:array_1:20250710T050136Z,Gaia_2700571982848251008,38,633.7495434880257,0.24812744451689167,10.556604,1,64,0.015625,1,1,21.826832764944655,6.7916303546226136
12474,MeerKAT:array_1:20250720T034305Z,Gaia_6526743529773273984,20,559.2504056692123,0.03422447510577816,10.536374,2,64,0.03125,14,4,23.458680983284165,-47.4596602224479
75377,MeerKAT:array_1:20250710T050136Z,Gaia_2700853182947074304,15,633.7495637536049,0.05989283143511178,10.520116,3,64,0.046875,1,1,21.78126633657435,7.367215653184189
13139,MeerKAT:array_1:20250717T021511Z,Gaia_2682593112308143232,22,563.9988223910332,0.0427805938822227,10.513858,3,64,0.046875,1,1,22.213939026520855,2.211386242753572
48204,MeerKAT:array_1:20250723T214437Z,Gaia_2682550471872804736,62,599.9828813672066,-0.0855611877644454,10.500369,2,64,0.03125,2,1,22.173999893349077,1.8039306862337932
45606,MeerKAT:array_1:20250721T203933Z,Gaia_2682584758596826624,38,591.2764531373978,0.11978566287022356,10.487976,1,64,0.015625,1,1,22.20530305866376,2.0781590187657373
100280,MeerKAT:array_1:20250715T222140Z,Gaia_4426444461208578560,58,671.999769449234,-0.1454540191995572,10.487347,4,64,0.0625,2,1,15.848415810315183,5.567304854455347
4120,MeerKAT:array_1:20250728T194227Z,Gaia_2682620874976650496,46,551.9731760025024,-0.06844895021155632,10.483318,3,64,0.046875,1,1,22.2447699937498,2.1186211838799274
37676,MeerKAT:array_1:20250704T025554Z,Gaia_2682466320578404736,13,588.0017858147621,0.2139029694111135,10.463164,3,64,0.046875,1,1,22.234459604386366,1.4393751674115651
90744,MeerKAT:array_1:20250717T200827Z,Gaia_4426375741731658112,53,657.6802276968956,0.02566835632933362,10.461891,2,64,0.03125,3,3,15.857361348661657,5.224612448971202
38565,MeerKAT:array_1:20250706T215041Z,Gaia_4426779674815232128,61,592.0482464432716,-0.05133671265866724,10.45793,3,64,0.046875,1,1,15.87824077373124,5.685422574633666
56470,MeerKAT:array_1:20250729T050525Z,Gaia_6526529262446514304,41,611.9694881439209,-0.07700506898800086,10.453843,2,64,0.03125,1,1,23.510081733332665,-47.896760806515694
90174,MeerKAT:array_1:20250713T183111Z,Gaia_1315692385646597248,62,656.0563336610794,-0.1283417816466681,10.450634,3,64,0.046875,1,1,16.191293542740766,26.5210700466401
60900,MeerKAT:array_1:20250704T225450Z,Gaia_2682522743563950720,23,625.0213328003883,-0.0427805938822227,10.438385,1,64,0.015625,1,1,22.23801531759071,1.912881024628401
85183,MeerKAT:array_1:20250730T185654Z,Gaia_4426443842733286656,14,648.0011388063431,-0.17967849430533533,10.437662,1,64,0.015625,1,1,15.84768414171495,5.5365770271457455
77608,MeerKAT:array_1:20250713T004830Z,Gaia_2682569605952186240,16,643.536731004715,0.0427805938822227,10.434109,4,64,0.0625,1,1,22.219839080799726,2.0229947488909383
41451,MeerKAT:array_1:20250713T172342Z,Gaia_1456163856610055680,48,587.9717056155205,-0.20534685063466895,10.432977,2,64,0.03125,1,1,13.500670846758815,30.001869380589714
124190,MeerKAT:array_1:20250729T173047Z,Gaia_6734206427476912640,35,564.0004172921181,-0.00855611877644454,10.426077,1,64,0.015625,1,1,18.517913333265536,-35.704677216083304
38983,MeerKAT:array_1:20250710T221658Z,ex_LEDA_1203342,12,587.9998028278351,0.1454540191995572,10.421137,1,64,0.015625,1,1,22.215846999999997,1.706997
18211,MeerKAT:array_1:20250704T203712Z,Gaia_4426445182763087744,44,576.0457506775856,0.06844895021155632,10.408178,1,64,0.015625,1,1,15.837421812871497,5.509261006885867
149899,MeerKAT:array_1:20250704T225450Z,Gaia_2682528412920713856,7,587.9818586707115,0.01711223755288908,10.405843,3,64,0.046875,1,1,22.192207164067426,1.5737153917106732
90861,MeerKAT:array_1:20250720T034305Z,Gaia_6526533248176198400,13,657.6802368164062,-0.03422447510577816,10.40172,3,64,0.046875,2,1,23.497065613468433,-47.820026818864186
38550,MeerKAT:array_1:20250706T215041Z,Gaia_4426392543643753344,46,592.0482464432716,-0.05133671265866724,10.396568,3,64,0.046875,1,1,15.85182240577707,5.355215788128131
184755,MeerKAT:array_1:20250715T002705Z,Gaia_2682468970573271552,49,623.9890001416206,-0.00855611877644454,10.394458,3,64,0.046875,1,1,22.231267940983937,1.496608747459971
93816,MeerKAT:array_1:20250707T024904Z,Gaia_2682751785579814144,14,672.0543932914734,0.17967849430533533,10.385046,3,64,0.046875,1,1,22.181848560849556,2.0724928858647225
88689,MeerKAT:array_1:20250731T233401Z,Gaia_2537228397987049856,29,650.0229434370995,0.07700506898800086,10.371177,1,64,0.015625,1,1,0.9547617674068909,0.3332694233932626
52514,MeerKAT:array_1:20250731T192546Z,Gaia_4426390825656968320,2,599.9794919490814,0.05989283143511178,10.356922,2,64,0.03125,1,1,15.858538971451171,5.353574171265241
11111,MeerKAT:array_1:20250713T172342Z,Gaia_1468238938121722368,31,559.250389456749,-0.0855611877644454,10.34036,1,64,0.015625,11,1,13.529921533134587,30.87874683537093
82428,MeerKAT:array_1:20250723T211918Z,Gaia_2699002155122198528,46,647.9755403399467,-0.02566835632933362,10.336119,1,64,0.015625,1,1,21.50659174419689,4.66799060887027
91381,MeerKAT:array_1:20250731T192546Z,Gaia_4426368972863242624,12,667.1096375584602,0.06844895021155632,10.327077,2,64,0.03125,1,1,15.842647739815288,5.294721860769128
18191,MeerKAT:array_1:20250704T203712Z,Gaia_4426394845746513280,35,576.0457527041435,0.03422447510577816,10.325206,2,64,0.03125,1,1,15.860775332062975,5.460091480438157
152001,MeerKAT:array_1:20250711T001051Z,ex_PB_5102,23,587.9802982211113,0.01711223755288908,10.319905,4,64,0.0625,4,2,22.20621386666667,1.868246
8561,MeerKAT:array_1:20250731T212434Z,Gaia_2698986865038357120,2,551.982664346695,0.11978566287022356,10.317424,3,64,0.046875,1,1,21.543220144188016,4.881180137979665
56867,MeerKAT:array_1:20250730T204925Z,Gaia_2698950340636709632,5,615.2238594889641,0.18823461308177988,10.313732,2,64,0.03125,12,1,21.51285281033786,4.537045352038026
91311,MeerKAT:array_1:20250722T211839Z,Gaia_2682588538168059392,22,667.1087276339531,0.0427805938822227,10.309627,1,64,0.015625,1,1,22.218238158237735,2.1113162854219807
75376,MeerKAT:array_1:20250710T050136Z,Gaia_2700853182947073920,14,633.7495637536049,0.05989283143511178,10.286612,3,64,0.046875,1,1,21.781263145863846,7.366309782797672
39043,MeerKAT:array_1:20250710T221658Z,Gaia_2682790852602355840,45,587.9998230934143,-0.11978566287022356,10.267397,4,64,0.0625,1,1,22.18322266592503,2.2587010541815276
38803,MeerKAT:array_1:20250707T024904Z,Gaia_2682543874802992768,45,587.9701664447784,-0.05133671265866724,10.263747,1,64,0.015625,1,1,22.203470664961433,1.885754316901316
77653,MeerKAT:array_1:20250713T004830Z,Gaia_2682543221967951360,61,643.536731004715,0.0427805938822227,10.254693,4,64,0.0625,1,1,22.207943507564085,1.873393156344703
91414,MeerKAT:array_1:20250731T192546Z,ex_[VV2006]_J155120.4+054915,46,667.1096375584602,0.06844895021155632,10.249229,2,64,0.03125,1,1,15.855647733333331,5.821084
34148,MeerKAT:array_1:20250720T034305Z,ex_LEDA_504685,41,575.65620470047,0.16256625675244626,10.243865,3,64,0.046875,1,1,23.440588133333332,-47.225883
37494,MeerKAT:array_1:20250704T005510Z,Gaia_2682522915362530816,9,587.97035998106,0.03422447510577816,10.23641,2,64,0.03125,1,1,22.236588392620227,1.906333427001767
82602,MeerKAT:array_1:20250723T214437Z,ex_LEDA_1202200,22,647.9815044999123,0.06844895021155632,10.235907,1,64,0.015625,1,1,22.18519446666667,1.671944
188142,MeerKAT:array_1:20250720T220520Z,Gaia_4426337018306470912,25,625.0207734704018,0.00855611877644454,10.229452,3,64,0.046875,1,1,15.84889504151709,4.877055112625482
39009,MeerKAT:array_1:20250710T221658Z,Gaia_2682593902582126208,28,587.9998230934143,-0.11978566287022356,10.216658,4,64,0.0625,1,1,22.21501269099234,2.2645593074655777
15757,MeerKAT:array_1:20250730T231157Z,ex_LEDA_1211625,35,567.2498114109039,-0.1454540191995572,10.210325,1,64,0.015625,1,1,22.2227986,1.963967
37682,MeerKAT:array_1:20250704T025554Z,Gaia_2682779647032772864,16,588.0017848014832,0.09411730654088994,10.198269,1,64,0.015625,1,1,22.189274909684073,2.282627354778844
4151,MeerKAT:array_1:20250728T194227Z,Gaia_2682595444475329536,53,551.9731760025024,-0.06844895021155632,10.193836,3,64,0.046875,1,1,22.21684289224833,2.283416343878712
54993,MeerKAT:array_1:20250706T001134Z,Gaia_2698977381750595712,62,615.2238392233849,-0.03422447510577816,10.186244,2,64,0.03125,3,1,21.528968587334514,4.732460939176565
197803,MeerKAT:array_1:20250729T041550Z,Gaia_6528021574600540160,23,647.9807708859444,-0.01711223755288908,10.175903,3,64,0.046875,1,1,23.544380980846018,-47.48158984008845
184728,MeerKAT:array_1:20250715T002705Z,Gaia_2682555763272476032,38,623.9890001416206,-0.00855611877644454,10.172599,3,64,0.046875,1,1,22.19962224065802,1.894732581277027
62565,MeerKAT:array_1:20250711T003519Z,ex_2MASX_J22110941+0206236,34,624.0485677719116,0.11122954409377903,10.166715,4,64,0.0625,2,1,22.18594206666667,2.106659
38969,MeerKAT:array_1:20250710T221658Z,Gaia_2682595444475329536,5,587.9998261332512,-0.2139029694111135,10.162941,2,64,0.03125,1,1,22.21684289224833,2.283416343878712
34146,MeerKAT:array_1:20250720T034305Z,Gaia_6528044286387509888,38,575.6562057137489,0.1711223755288908,10.157333,3,64,0.046875,1,1,23.50222622565367,-47.50276497997806
34135,MeerKAT:array_1:20250720T034305Z,Gaia_6528055728180381184,16,575.656202673912,0.2310152069640026,10.156576,1,64,0.015625,1,1,23.495922182460927,-47.517112266943585
101705,MeerKAT:array_1:20250718T194550Z,Gaia_4429441798621843712,14,672.000081539154,-0.2139029694111135,10.151981,1,64,0.015625,1,1,15.806935256637734,5.646575808602942
75349,MeerKAT:array_1:20250706T001134Z,Gaia_2698949236829342336,21,634.8848181962967,0.24812744451689167,10.151565,1,64,0.015625,1,1,21.516036637432613,4.496139328147155
34128,MeerKAT:array_1:20250720T034305Z,Gaia_6526558330785296128,6,575.6562219262123,0.05133671265866724,10.128039,2,64,0.03125,1,1,23.482394850085623,-47.48391297997985
188886,MeerKAT:array_1:20250706T001134Z,Gaia_2699208657149843072,9,634.8902260661125,-0.00855611877644454,10.119263,1,64,0.015625,1,1,21.4749044665296,4.9929465992996365
115673,MeerKAT:array_1:20250731T192546Z,ex_SDSS_J154946.05+050035.1,42,551.972064435482,-0.00855611877644454,10.111462,2,64,0.03125,1,1,15.829460466666664,5.009757
85147,MeerKAT:array_1:20250730T185654Z,Gaia_4426457243031345408,8,648.00114184618,-0.1711223755288908,10.111462,1,64,0.015625,1,1,15.853428038273467,5.77197948111893
85307,MeerKAT:array_1:20250730T185654Z,ex_SDSS_J155133.87+051934.4,35,648.0011388063431,-0.13689790042311265,10.109234,1,64,0.015625,1,1,15.859408933333336,5.326241999999999
14303,MeerKAT:array_1:20250728T214014Z,Gaia_2682779410809465088,30,563.9723150134087,-0.0855611877644454,10.107388,3,64,0.046875,1,1,22.19148382874089,2.2793200948945
86089,MeerKAT:array_1:20250730T211442Z,Gaia_2682522915362530816,14,647.2235860228539,0.09411730654088994,10.103459,1,64,0.015625,11,1,22.236588392620227,1.906333427001767
62532,MeerKAT:array_1:20250711T003519Z,ex_ASASSN-V_J221246.38+020744.5,24,624.0485687851906,0.07700506898800086,10.103382,4,64,0.0625,2,1,22.212882000000004,2.12904
85295,MeerKAT:array_1:20250730T185654Z,Gaia_4426834272439552384,33,648.0011347532272,-0.10267342531733448,10.097425,4,64,0.0625,1,1,15.865033279676556,5.859906436468851
186695,MeerKAT:array_1:20250720T034305Z,Gaia_6526523799248155520,17,623.9865013957024,-0.01711223755288908,10.087548,3,64,0.046875,1,1,23.474958180076214,-47.838143617066066
75354,MeerKAT:array_1:20250706T001134Z,Gaia_2699257173100405632,43,634.8865640759468,-0.1283417816466681,10.087489,1,64,0.015625,1,1,21.48036804613257,5.254767800345496
39012,MeerKAT:array_1:20250710T221658Z,Gaia_2682102764481949056,30,587.9998220801353,-0.1283417816466681,10.086016,4,64,0.0625,1,1,22.193846552551886,1.3685855492099717
173759,MeerKAT:array_1:20250730T204925Z,Gaia_2699019365056473472,33,615.2238696217537,-0.00855611877644454,10.085266,3,64,0.046875,4,3,21.478001121785635,4.891664674986896
150072,MeerKAT:array_1:20250704T225450Z,Gaia_2682545077393848704,49,587.9818586707115,0.01711223755288908,10.077208,3,64,0.046875,1,1,22.18667249928575,1.6991901942613805
66829,MeerKAT:array_1:20250713T172342Z,Gaia_1468254296924695296,53,623.9699738025665,-0.22245908818755805,10.075718,4,64,0.0625,1,1,13.488266933393888,30.618621624024094
138256,MeerKAT:array_1:20250713T175609Z,Gaia_1456160046975185280,35,575.9890232682228,0.01711223755288908,10.06353,3,64,0.046875,2,1,13.51004655139123,29.964473680406225
3651,MeerKAT:array_1:20250723T234200Z,Gaia_2682551880622063104,32,551.2263671159744,0.0855611877644454,10.062587,1,64,0.015625,1,1,22.18852474876626,1.875363150772017
181929,MeerKAT:array_1:20250712T222705Z,Gaia_2682472299172480896,35,625.0212932825089,-0.01711223755288908,10.051227,2,64,0.03125,2,1,22.229110467409633,1.5468540902817736
93882,MeerKAT:array_1:20250707T024904Z,Gaia_2682524633349563776,46,672.0543953180313,0.16256625675244626,10.039773,4,64,0.0625,1,1,22.235932354789686,1.9929840879107055
62097,MeerKAT:array_1:20250711T001051Z,Gaia_2682791574156858496,2,623.9847798347473,-0.02566835632933362,10.011944,3,64,0.046875,1,1,22.188238074088574,2.3176952492112624
18293,MeerKAT:array_1:20250704T222921Z,Gaia_2699218140437467136,15,575.9710983633995,0.02566835632933362,10.004808,3,64,0.046875,1,1,21.477692092376557,5.065704040158217
