cluster,n,frac_rfi_label,frac_confined,median_freq_mhz,freq_span_mhz,median_snr,median_abs_drift,median_bandwidth_hz,median_n_beams,n_obs
1261,2721,0.7331863285556781,0.09408305769937524,857.7953488081694,2156.0820364970714,52.58932,0.0,7.092952728271484,62.0,229
1246,2690,0.7420074349442379,0.0862453531598513,872.0096776485443,2156.0820364970714,49.575272,0.0,7.972121238708496,62.0,235
1447,2501,0.7516993202718912,0.07516993202718912,657.5621999502182,2156.0820364970714,28.996222,0.0,7.972121238708496,61.0,243
1442,2488,0.7383440514469454,0.08963022508038586,671.9832798540592,2156.0820364970714,51.072716,0.0,7.092952728271484,62.0,225
502,2466,0.5170316301703163,0.23479318734793186,934.5894103348255,2281.0957731809467,18.233490000000003,0.06052830194730198,11.160969734191895,35.0,379
791,2456,0.505700325732899,0.252442996742671,927.9929575398564,2280.959322804585,18.384022,0.05989283143511178,11.160969734191895,32.0,390
162,2447,0.4993870044953004,0.24560686554965264,934.7525582015514,2281.093411579728,18.004694,0.06052830194730198,11.160969734191895,31.0,383
579,2445,0.5132924335378323,0.24785276073619633,931.9845723360777,2281.0499727670103,18.365776,0.05989283143511178,11.160969734191895,34.0,381
834,2444,0.48404255319148937,0.24099836333878888,934.7647029310465,2281.0597467646003,18.4647225,0.0615045648819359,11.160969734191895,28.0,377
468,2443,0.5096193205075726,0.23577568563241916,925.3297628164291,2281.027033926919,17.897516,0.06052830194730198,12.159347534179688,33.0,383
1063,2443,0.5022513303315596,0.2468276708964388,934.7317732870579,2281.0836997572333,18.69208,0.06111513411746101,11.408701539039612,32.0,378
1121,2443,0.49979533360622186,0.23823168235775685,934.7647284418344,2281.059736266732,18.746641,0.0615045648819359,11.408701539039612,31.0,379
957,2442,0.5118755118755118,0.2362817362817363,928.4769139289856,2281.072238659486,18.2532395,0.0615045648819359,11.160969734191895,34.0,383
357,2439,0.4924149241492415,0.25174251742517423,934.7317286431789,2281.0486962590367,18.65047,0.06052830194730198,12.159347534179688,30.0,377
1145,2438,0.5,0.2534864643150123,928.42916251719,2281.0668883863837,18.016362,0.0615045648819359,11.160969734191895,31.0,380
252,2435,0.500205338809035,0.23819301848049282,927.994744092226,2281.0309871640056,18.341068,0.0615045648819359,11.160969734191895,32.0,387
1356,2435,0.7490759753593429,0.08172484599589322,659.9842558503151,2156.0820364970714,47.833324,0.0,7.972121238708496,62.0,228
244,2434,0.5073952341824157,0.2485620377978636,934.7317509651184,2281.0616059917957,17.9088825,0.06052830194730198,11.160969734191895,32.5,388
170,2434,0.528759244042728,0.23089564502875926,925.0034280195832,2281.08308368735,18.936391999999998,0.05989283143511178,11.160969734191895,37.0,384
363,2433,0.4923962186600904,0.24702013974517056,934.7317621260881,2281.032636526972,18.971972,0.06052830194730198,11.160969734191895,30.0,372
34,2433,0.4882860665844636,0.260583641594739,934.7768556326628,2281.0577779486775,18.016754,0.06557232710957715,11.160969734191895,28.0,384
1011,2432,0.5082236842105263,0.23231907894736842,930.2254584133625,2281.0438447277993,18.632702000000002,0.06021056669120688,11.160969734191895,33.5,375
481,2432,0.5061677631578947,0.24671052631578946,925.1619632169604,2281.064836449921,17.314743999999997,0.05989283143511178,11.160969734191895,33.0,382
1133,2431,0.4985602632661456,0.24845742492801318,934.7317190766335,2231.0392658729106,18.051268,0.0615045648819359,11.408701539039612,31.0,368
122,2431,0.5039078568490333,0.2505141916906623,934.7647300362587,2281.061051150784,18.560127,0.06052830194730198,11.160969734191895,32.0,373
860,2430,0.5041152263374485,0.23497942386831275,934.7300154343247,2281.0668883863837,18.8762605,0.0615045648819359,12.159347534179688,32.5,384
206,2428,0.5131795716639209,0.22940691927512355,934.5762419849634,2281.042972777039,17.7048865,0.06052830194730198,11.160969734191895,35.0,385
416,2428,0.5049423393739704,0.23187808896210874,924.997840359807,2281.049281710759,18.071396,0.05989283143511178,11.160969734191895,33.0,383
612,2428,0.5275947281713345,0.24093904448105435,925.1983192786574,2281.058536240831,17.64177,0.06052830194730198,12.159347534179688,37.0,390
568,2427,0.5072105480016481,0.25092707045735474,934.7317685037851,2281.0609822478145,17.31773,0.06052830194730198,11.160969734191895,33.0,382
832,2426,0.5065952184666117,0.263396537510305,934.7439467161894,2281.051023537293,17.8062945,0.0615045648819359,11.160969734191895,33.0,379
609,2425,0.5179381443298969,0.24618556701030928,929.992812782526,2281.0566359832883,19.16818,0.05989283143511178,11.160969734191895,36.0,373
127,2425,0.5068041237113402,0.2404123711340206,934.5666945725679,2281.0595805868506,19.10386,0.06111513411746101,11.160969734191895,33.0,378
1005,2423,0.48823772183243913,0.247214197276104,934.7525582015514,2281.0424640625715,18.334303,0.0631523052547097,11.160969734191895,28.0,384
642,2423,0.5010317787866282,0.23895996698307884,934.7474082112312,2281.0431682914495,18.83,0.0615045648819359,11.160969734191895,32.0,386
1048,2423,0.5121749896822121,0.22699133305819233,934.5666866004467,2281.0510694067925,18.091719,0.05989283143511178,11.408701539039612,33.0,387
561,2423,0.5092860090796533,0.23400742880726372,934.5670692622662,2281.056823439896,17.551838,0.0615045648819359,11.408701539039612,34.0,382
506,2423,0.507222451506397,0.23978539001238133,928.0914778113365,2281.0595805868506,17.623405,0.06052830194730198,11.160969734191895,33.0,388
483,2423,0.516714816343376,0.24762690879075527,934.7317286431789,2281.0935585051775,18.112865,0.05989283143511178,11.160969734191895,34.0,383
227,2422,0.49752270850536745,0.24566473988439305,934.6585756614804,2281.0620269384235,17.617979,0.0615045648819359,11.160969734191895,31.0,384
979,2422,0.5255986787778695,0.23038810900082576,925.0035659372807,2281.0349364895374,18.245323999999997,0.05989283143511178,11.408701539039612,37.0,379
166,2422,0.5012386457473162,0.24938067712634188,934.7647029310465,2281.0378897506744,18.509391,0.0615045648819359,11.160969734191895,32.0,379
722,2421,0.5092936802973977,0.24535315985130113,934.658270329237,2281.063243886456,17.471634,0.06052830194730198,11.160969734191895,33.0,381
1041,2420,0.5049586776859504,0.24462809917355371,934.7408973798156,2281.0289297718555,18.7121695,0.05989283143511178,11.160969734191895,32.0,375
676,2420,0.509504132231405,0.2396694214876033,934.7907143682241,2281.076719019562,18.76997,0.0615045648819359,12.755393981933594,33.0,383
942,2420,0.5107438016528926,0.2409090909090909,934.6032794341445,2281.0344311520457,18.358153,0.0615045648819359,11.160969734191895,34.0,381
299,2419,0.5212897891690781,0.23563455973542785,927.9748408943415,2281.038724021986,18.404142,0.0615045648819359,11.408701539039612,35.0,386
655,2419,0.5192228193468376,0.24142207523770154,934.6256244927645,2281.035178951919,18.24912,0.05989283143511178,12.159347534179688,36.0,381
268,2419,0.5109549400578751,0.24431583298883836,933.3062846660614,2281.0598902851343,17.913025,0.05989283143511178,11.160969734191895,34.0,384
367,2418,0.5057899090157155,0.23738626964433415,934.5173032954335,2231.0767839327455,18.780534,0.05989283143511178,11.160969734191895,33.0,386
596,2418,0.5053763440860215,0.24234904880066171,934.7406956851482,2281.063243886456,19.161047500000002,0.05989283143511178,12.159347534179688,32.0,385
196,2418,0.5078577336641853,0.2531017369727047,934.7474297359586,2281.061106264591,17.909614,0.06052830194730198,11.160969734191895,33.0,380
1212,2417,0.4968969797269342,0.24451799751758377,934.7439706325531,2281.0421624705195,17.933323,0.0615045648819359,11.160969734191895,31.0,379
598,2417,0.4948282995448904,0.25899875879189077,934.7647348195314,2231.076927598566,18.160717,0.06111513411746101,11.408701539039612,30.0,378
272,2417,0.5088953247827885,0.23624327678940835,934.7768428772688,2281.066890016198,17.695633,0.06052830194730198,11.160969734191895,33.0,381
1238,2416,0.49751655629139074,0.22764900662251655,934.514686845243,2281.0692516174167,18.766427,0.0615045648819359,11.408701539039612,31.0,390
1001,2416,0.5028973509933775,0.25,934.731754951179,2281.0663047470152,17.725078500000002,0.0615045648819359,11.160969734191895,32.0,382
18,2416,0.49875827814569534,0.2508278145695364,934.7647117003798,2281.093411579728,18.431556,0.06052830194730198,11.160969734191895,31.0,391
1137,2416,0.5128311258278145,0.2508278145695364,934.7395987212658,2231.0293711721897,17.8860025,0.06052830194730198,11.160969734191895,34.0,385
709,2415,0.5101449275362319,0.23561076604554865,925.1818448901176,2281.0957731809467,18.607122,0.05989283143511178,11.160969734191895,33.0,389
601,2415,0.5002070393374741,0.25755693581780537,934.7474114000797,2281.091503309086,18.455235,0.0615045648819359,11.160969734191895,31.0,381
128,2414,0.4979287489643745,0.2555923777961889,934.7525534182787,2281.059651516378,18.1780385,0.06052830194730198,11.160969734191895,31.0,381
203,2414,0.5045567522783762,0.2502071251035626,934.7474185749888,2281.0957731809467,17.810991,0.0615045648819359,11.160969734191895,33.0,387
352,2414,0.5049710024855012,0.24937862468931235,934.7317788675427,2231.073656560853,17.4215345,0.0615045648819359,11.160969734191895,32.0,377
816,2414,0.512013256006628,0.23653686826843415,934.7768691852689,2231.0313028674573,18.463459,0.0615045648819359,11.160969734191895,33.0,377
1140,2414,0.49295774647887325,0.2543496271748136,934.7907127737999,2281.073389308527,18.1143845,0.0615045648819359,11.160969734191895,30.0,386
510,2414,0.5190555095277548,0.23777961888980945,926.6653139516711,2281.060797534883,17.997338499999998,0.06052830194730198,11.160969734191895,36.0,385
593,2414,0.5169842584921293,0.2427506213753107,931.5450445786119,2281.0957731809467,18.080682,0.0615045648819359,11.160969734191895,36.0,380
715,2414,0.5,0.24813587406793702,934.747412994504,2281.0486180130392,17.242558,0.06052830194730198,11.160969734191895,31.0,378
907,2413,0.49896394529631166,0.24865312888520513,934.7317557483912,2281.0285424422473,17.975496,0.05989283143511178,11.160969734191895,31.0,383
985,2413,0.5130542892664732,0.24906755076668047,934.7595242410898,2281.0768659450114,18.639225,0.06052830194730198,11.408701539039612,33.0,383
711,2413,0.5006216328222131,0.23953584749274762,934.7646837979555,2281.0590425357223,17.701063,0.06052830194730198,12.159347534179688,31.0,390
150,2413,0.48487360132615004,0.24948197264815583,934.7646917700768,2281.016893591732,18.570755,0.0631523052547097,11.160969734191895,28.0,379
495,2413,0.4985495234148363,0.2561127227517613,934.7647236585617,2281.064836449921,18.675846,0.06111513411746101,11.408701539039612,30.0,382
178,2413,0.5014504765851637,0.24243680066307502,934.6568209975958,2231.028152594343,17.50017,0.0615045648819359,11.160969734191895,32.0,387
1213,2413,0.4939908827186075,0.24699544135930376,934.7317956089973,2281.0578367188573,17.019674,0.06111513411746101,11.160969734191895,30.0,380
746,2413,0.4956485702445089,0.24285122254455035,934.776857227087,2281.016893591732,18.641165,0.0615045648819359,11.160969734191895,31.0,372
738,2413,0.5068379610443431,0.23870700372979695,925.2035178989172,2281.0767467264086,17.48911,0.05989283143511178,12.159347534179688,32.0,380
1148,2413,0.4915043514297555,0.25362619146290927,934.7768333107233,2281.059084696695,18.18001,0.0615045648819359,11.160969734191895,30.0,374
812,2413,0.49689183588893493,0.24989639452963117,934.6256197094917,2281.0571061447263,19.291656,0.06052830194730198,11.160969734191895,31.0,379
451,2412,0.5145107794361525,0.2429519071310116,934.7317533567548,2281.061521312222,17.516694,0.05989283143511178,11.160969734191895,34.0,383
63,2412,0.5165837479270315,0.23383084577114427,934.7317326292396,2281.0491276923567,18.051471,0.06052830194730198,11.160969734191895,35.0,383
650,2412,0.5053897180762852,0.24004975124378108,934.6414300203323,2231.032826839015,17.583537,0.06538090175076777,11.160969734191895,33.0,381
312,2412,0.5024875621890548,0.2570480928689884,930.5422426089644,2281.039636258036,18.4627785,0.0615045648819359,11.160969734191895,32.0,379
135,2412,0.5145107794361525,0.24792703150912107,934.603089697659,2281.0325777567923,19.4328185,0.0615045648819359,11.160969734191895,35.0,383
1027,2411,0.5159684778100373,0.24802986312733305,934.7317732870579,2231.043961012736,17.292864,0.0615045648819359,11.160969734191895,35.0,381
745,2411,0.5180423060970551,0.23973454997926172,934.7369535714388,2231.0330342166126,17.86466,0.059077962980212305,11.160969734191895,36.0,372
1131,2411,0.5002073828287018,0.24844462878473664,934.7647172808647,2281.0440696757287,17.969915,0.05989283143511178,11.160969734191895,31.0,384
1106,2410,0.5141078838174273,0.23692946058091285,928.4817825034261,2281.0468661151826,17.81285,0.0615045648819359,11.160969734191895,34.0,386
782,2410,0.508298755186722,0.23941908713692947,934.6291019320488,2281.039643066004,17.611503499999998,0.06111513411746101,11.160969734191895,33.0,379
636,2410,0.5074688796680498,0.23112033195020748,925.003323584795,2281.04929994978,18.515055,0.06052830194730198,11.160969734191895,33.0,383
489,2410,0.508298755186722,0.23692946058091285,925.0025917440653,2281.0595626924187,18.1739375,0.05989283143511178,11.160969734191895,34.0,381
185,2410,0.5,0.24771784232365146,934.618870511651,2281.0584757477045,18.229515,0.06052830194730198,11.160969734191895,31.5,378
546,2409,0.49356579493565794,0.24616023246160232,934.7525454461575,2281.0589848104864,17.638832,0.06052830194730198,11.160969734191895,29.0,388
475,2409,0.48816936488169366,0.24740556247405562,934.7646758258343,2231.042236186564,18.669607,0.0615045648819359,11.160969734191895,29.0,380
724,2409,0.5118306351183064,0.24366957243669574,925.1418647021055,2281.057611770928,18.100538,0.05989283143511178,11.160969734191895,34.0,376
113,2409,0.5139061851390618,0.228310502283105,925.0019109249115,2281.0620269384235,18.158129,0.05989283143511178,11.160969734191895,35.0,384
362,2408,0.5041528239202658,0.24709302325581395,934.7474074140191,2281.0421624705195,18.235689999999998,0.0615045648819359,11.160969734191895,32.0,384
335,2408,0.502906976744186,0.24958471760797343,934.7647419944406,2281.05988865532,18.360759,0.06052830194730198,11.160969734191895,32.0,374
242,2408,0.5228405315614618,0.223421926910299,925.0021277666092,2281.0620269384235,18.08776,0.05704079184296361,12.159347534179688,35.5,380
789,2408,0.49750830564784054,0.25124584717607973,934.7439180165529,2281.0915049389005,18.342761,0.0651894763919584,12.159347534179688,31.0,388
933,2408,0.4838039867109635,0.24750830564784054,934.7474018335342,2281.0934099499136,17.6602475,0.06052830194730198,12.45737075805664,29.0,387
1162,2408,0.5099667774086378,0.23961794019933555,934.7474026307464,2281.0686840340495,18.186002000000002,0.06052830194730198,11.160969734191895,33.0,384
408,2408,0.502906976744186,0.24543189368770765,934.5502297505736,2281.057611770928,17.8639095,0.0623284350683228,11.160969734191895,32.0,378
541,2408,0.5112126245847176,0.23089700996677742,934.6325618326664,2231.059703718871,18.403028499999998,0.06052830194730198,11.160969734191895,34.0,385
83,2408,0.4937707641196013,0.2549833887043189,934.7473930642009,2281.043306676671,17.6640965,0.0615045648819359,11.160969734191895,30.0,383
410,2408,0.5161960132890365,0.231312292358804,934.5980919748545,2281.058986440301,18.442182000000003,0.06052830194730198,11.160969734191895,35.0,379
795,2408,0.5024916943521595,0.24003322259136212,934.7768532410264,2281.0935585051775,17.907639500000002,0.06052830194730198,11.160969734191895,32.0,388
152,2408,0.5091362126245847,0.23588039867109634,925.2468543499708,2231.076927598566,17.212971500000002,0.059077962980212305,11.160969734191895,33.0,385
116,2408,0.4829734219269103,0.2574750830564784,934.7317844480276,2281.061346411705,17.989838,0.0615045648819359,11.160969734191895,28.0,388
517,2408,0.4887873754152824,0.24750830564784054,934.7647180780768,2281.066890016198,17.242423000000002,0.0631523052547097,11.160969734191895,29.0,387
523,2407,0.5135022850020773,0.23764021603656002,934.5545530319214,2281.057031268254,18.080845,0.05989283143511178,11.160969734191895,35.0,385
1183,2407,0.5081013710012464,0.23431657665143332,934.7282527983189,2231.043961012736,19.13016,0.05989283143511178,11.160969734191895,33.0,383
38,2407,0.5085168259243872,0.2289156626506024,925.0041335523129,2281.05625397712,17.745731,0.05989283143511178,11.160969734191895,33.0,388
1057,2407,0.49979227253842956,0.24719567926879935,934.7647396028042,2281.0431389547884,18.257845,0.06111513411746101,11.160969734191895,31.0,382
397,2407,0.5014540922309929,0.25716659742417947,934.764706119895,2231.0440562609583,17.553814,0.0615045648819359,11.160969734191895,32.0,380
158,2407,0.5105941005400914,0.24428749480681347,934.6169874966145,2281.0588638335466,18.74719,0.06052830194730198,11.160969734191895,34.0,389
894,2406,0.4858686616791355,0.2510390689941812,934.7499768286943,2281.068830959499,17.6337415,0.06052830194730198,11.408701539039612,29.0,380
892,2406,0.5099750623441397,0.2315045719035744,928.4951485618949,1740.5731046684086,18.442812500000002,0.05989283143511178,11.408701539039612,33.0,377
1118,2406,0.4800498753117207,0.257689110556941,934.7959209606051,2281.063243886456,17.6878955,0.0615045648819359,11.160969734191895,26.5,381
702,2406,0.5133000831255196,0.24397339983374897,934.7473603785038,2281.058620646596,17.910072,0.0615045648819359,11.78402453660965,35.0,389
616,2406,0.4925187032418953,0.26807980049875313,934.7768524438143,2281.0632422566414,17.0412035,0.0615045648819359,11.160969734191895,29.0,379
254,2406,0.512884455527847,0.25311720698254364,934.7474042251706,2281.0504090972245,18.426202500000002,0.06111513411746101,11.160969734191895,35.0,384
263,2406,0.5120532003325021,0.23607647547797173,934.7473842948675,2281.0438447277993,18.211322,0.05989283143511178,11.160969734191895,34.0,391
1171,2405,0.49272349272349275,0.2548856548856549,934.7313539534807,2281.093411579728,18.030088,0.05989283143511178,11.160969734191895,29.0,384
492,2405,0.5093555093555093,0.23825363825363827,924.9940966516733,2281.062193116173,18.173445,0.06052830194730198,11.160969734191895,34.0,385
844,2405,0.516008316008316,0.2390852390852391,934.7594397366047,2281.0510694067925,18.224905,0.0615045648819359,11.160969734191895,34.0,387
750,2405,0.49812889812889816,0.246985446985447,925.2579084932804,2281.0313435830176,16.981333,0.06052830194730198,11.160969734191895,31.0,374
607,2405,0.5014553014553015,0.25405405405405407,934.7282719314098,2281.0935585051775,19.401892,0.05989283143511178,11.160969734191895,32.0,387
65,2405,0.5068607068607068,0.24906444906444908,934.4973530620337,2281.049300963059,17.871868,0.05989283143511178,11.160969734191895,33.0,385
736,2405,0.5006237006237007,0.24532224532224534,934.7088135778904,2281.0277837533504,18.535982,0.06052830194730198,11.160969734191895,31.0,382
434,2405,0.501039501039501,0.24282744282744284,934.7525566071272,2281.0612740721554,17.602047,0.06052830194730198,11.160969734191895,31.0,374
71,2404,0.5149750415973378,0.22878535773710482,925.8466719686985,2281.059736266732,17.4943495,0.06130984949969845,11.160969734191895,35.0,385
288,2404,0.5145590682196339,0.23128119800332778,934.7473771199584,2281.039643066004,18.3636515,0.06111513411746101,11.160969734191895,35.0,375
1039,2404,0.5087354409317804,0.25207986688851913,934.7421673387289,2231.025903450325,18.85734,0.05989283143511178,11.160969734191895,33.0,391
889,2404,0.4966722129783694,0.24708818635607321,934.7647021338344,2281.060880655423,18.7895365,0.0615045648819359,11.160969734191895,31.0,380
25,2404,0.5099833610648918,0.240432612312812,934.7317437902093,2281.0768659450114,19.0894435,0.05989283143511178,11.408701539039612,33.0,380
1243,2404,0.5166389351081531,0.23419301164725456,925.0036623999476,2281.033628527075,18.937145,0.06052830194730198,11.160969734191895,34.0,385
1220,2403,0.503953391593841,0.24094881398252185,934.7473667562008,2281.0959217362106,18.232899,0.0615045648819359,11.160969734191895,32.0,383
1222,2403,0.4968789013732834,0.2363712026633375,934.7161559015512,2281.0692516174167,18.105078,0.0615045648819359,12.159347534179688,30.0,382
577,2403,0.5114440282979609,0.23720349563046192,934.6377899497747,2281.057611770928,18.989063,0.06052830194730198,11.160969734191895,35.0,384
301,2403,0.5014565126924677,0.2480233042030795,934.5753538906574,2281.0504090972245,18.324688,0.06052830194730198,11.160969734191895,32.0,377
730,2403,0.5131086142322098,0.2363712026633375,934.7768476605415,2281.063243886456,18.008001,0.0615045648819359,12.159347534179688,34.0,382
763,2403,0.5085310029130253,0.24511027881814398,934.7317254543304,2281.060880655423,17.97308,0.0615045648819359,11.160969734191895,33.0,388
55,2403,0.5052018310445276,0.24427798585101956,934.5226470082998,2281.0391439162195,17.83832,0.0615045648819359,11.160969734191895,32.0,376
1192,2402,0.49333888426311406,0.2672772689425479,934.7369774878025,2281.0389641691,17.908752,0.0608217180323815,11.160969734191895,30.0,385
341,2402,0.5166527893422148,0.23272273105745211,925.0039398297668,2231.032825825736,18.104719,0.06052830194730198,11.160969734191895,36.0,382
490,2402,0.5,0.24104912572855952,925.297898247838,2281.0289297718555,18.08811,0.06052830194730198,12.159347534179688,31.0,384
669,2402,0.514571190674438,0.2502081598667777,934.734361037612,2231.066553829238,17.7762755,0.0615045648819359,11.160969734191895,34.5,383
581,2402,0.5004163197335554,0.2527060782681099,934.7594795972109,2281.0313668884337,17.501583500000002,0.0615045648819359,11.160969734191895,31.0,378
513,2402,0.5004163197335554,0.24313072439633637,934.7419520914555,2281.015138592571,17.850987000000003,0.06052830194730198,11.160969734191895,31.0,389
719,2402,0.5058284762697752,0.23813488759367193,934.7185491323471,2281.042656151578,18.237752999999998,0.06052830194730198,11.160969734191895,33.0,384
59,2402,0.5174854288093256,0.24271440466278102,934.6258086487651,2281.0499727670103,18.554597,0.06052830194730198,11.160969734191895,36.0,376
125,2401,0.5081216159933362,0.24573094543940024,934.6256244927645,2231.0458586104214,17.983618,0.0615045648819359,11.160969734191895,33.0,382
624,2401,0.5226988754685548,0.2349021241149521,934.6672246158123,2281.049356697127,18.779856,0.06052830194730198,11.160969734191895,37.0,384
373,2401,0.4993752603082049,0.24156601416076634,934.6256244927645,2281.049281710759,18.11732,0.0615045648819359,11.160969734191895,31.0,381
61,2401,0.5018742190753852,0.24698042482299043,934.5930647552013,2281.03248250857,17.136305,0.06052830194730198,12.159347534179688,32.0,381
266,2401,0.5085381091211995,0.25281132861307787,934.7422056049109,2281.0498065892607,18.073061,0.06111513411746101,11.160969734191895,34.0,378
1070,2401,0.4956268221574344,0.2519783423573511,934.7594572752714,2281.0692532472312,17.92697,0.06052830194730198,11.160969734191895,30.0,379
1093,2401,0.49770928779675133,0.24698042482299043,934.7647220641375,2281.073534604162,18.487787,0.06052830194730198,11.160969734191895,31.0,379
570,2400,0.5058333333333334,0.25458333333333333,934.7768620103598,2281.064836449921,17.810117499999997,0.0651894763919584,11.160969734191895,33.0,380
401,2400,0.4891666666666667,0.2520833333333333,934.7317469790578,2231.0777832511812,17.1047355,0.0615045648819359,11.160969734191895,29.5,389
187,2400,0.5020833333333333,0.25375,934.74214900285,2281.042776731774,18.336911999999998,0.0615045648819359,11.160969734191895,32.0,386
191,2400,0.50625,0.25166666666666665,934.7439403384924,2281.0935552455485,18.168759,0.06052830194730198,11.408701539039612,32.5,384
1143,2400,0.5045833333333334,0.24416666666666667,934.7803330719471,2280.9693082123995,18.07364,0.06052830194730198,11.160969734191895,32.0,380
425,2400,0.49,0.2633333333333333,934.7647204697132,2281.042475257069,17.0376025,0.06052830194730198,11.160969734191895,30.0,385
850,2400,0.5025,0.23,934.778601527214,2281.0499717537314,18.7880865,0.06052830194730198,12.159347534179688,32.0,376
404,2400,0.50875,0.24375,934.7525582015514,2281.0450616758317,17.998663,0.06111513411746101,12.159347534179688,34.0,382
260,2399,0.4889537307211338,0.2721967486452689,934.776844471693,2231.0431372169405,18.499214,0.0615045648819359,11.160969734191895,28.0,386
879,2399,0.5122967903293039,0.23259691538140892,927.8768667131662,2281.0836997572333,18.082104,0.0615045648819359,11.160969734191895,34.0,383
938,2399,0.5106294289287203,0.24510212588578575,934.7282974421978,2281.056543774903,18.702984,0.05989283143511178,11.160969734191895,34.0,386
1199,2399,0.4822842851187995,0.25677365568987076,934.7768604159355,2281.0612740721554,18.034193,0.0615045648819359,11.408701539039612,28.0,383
930,2399,0.4956231763234681,0.24968736973739059,934.7230565696955,2231.0442513786256,18.208162,0.06111513411746101,11.408701539039612,31.0,381
282,2399,0.5223009587328054,0.23676531888286786,934.5545530319214,2281.093556875363,18.696747,0.06052830194730198,11.160969734191895,37.0,381
286,2399,0.5093789078782827,0.25677365568987076,934.7647140920162,2281.0397123657167,18.342997,0.06111513411746101,12.159347534179688,34.0,384
1130,2399,0.5047936640266778,0.24885368903709879,934.7317860424519,2281.0957731809467,18.20244,0.06052830194730198,11.160969734191895,32.0,383
51,2399,0.49770737807419757,0.25885785744060025,934.7594971358776,2281.072238659486,17.604008,0.06052830194730198,11.160969734191895,30.0,380
381,2399,0.5218841183826595,0.2463526469362234,925.0019954293966,2281.0376465637237,18.241161,0.06052830194730198,11.160969734191895,36.0,382
1184,2399,0.5102125885785744,0.25218841183826596,934.7317637205124,2281.05859734118,18.207317,0.05989283143511178,11.160969734191895,33.0,383
998,2398,0.5141784820683903,0.2481234361968307,925.2576884627342,2281.0775909703225,16.8202535,0.05989283143511178,11.160969734191895,34.0,381
76,2398,0.4924937447873228,0.24979149291075897,934.7499736398458,2281.0491276923567,18.018673,0.059077962980212305,11.160969734191895,30.0,383
1003,2398,0.5116763969974979,0.23394495412844038,931.5662878900766,2281.027712823823,17.992614000000003,0.0615045648819359,11.160969734191895,35.0,378
824,2398,0.5020850708924104,0.26313594662218515,934.7646941617131,2231.0777832511812,17.880593,0.0615045648819359,11.160969734191895,32.0,381
836,2398,0.5175145954962469,0.24103419516263552,924.9978371709585,2281.083552831784,18.4351845,0.05989283143511178,11.160969734191895,35.0,388
555,2398,0.5079232693911593,0.25604670558799,934.74740023911,2281.0483890157193,18.279926500000002,0.06052830194730198,11.160969734191895,33.0,386
145,2398,0.49582985821517933,0.25229357798165136,934.7647443860769,2281.093556875363,17.505862,0.0615045648819359,11.160969734191895,30.0,381
120,2398,0.5166805671392828,0.23603002502085071,934.6143622770905,2281.0589797440916,17.873803000000002,0.06052830194730198,11.160969734191895,35.0,389
1055,2398,0.505838198498749,0.23269391159299416,934.7317557483912,2281.039713995531,18.0285815,0.0615045648819359,12.159347534179688,32.0,381
4,2397,0.510221109720484,0.24071756362119315,934.7230613529682,2281.0588287189603,17.897747,0.0615045648819359,11.160969734191895,33.0,386
630,2397,0.5031289111389237,0.24113475177304963,934.76467423141,2281.0324115790427,18.096275,0.06052830194730198,11.408701539039612,32.0,386
332,2397,0.5110554860241969,0.25073007926574886,930.3667865842581,2231.0735096354038,17.596004,0.06052830194730198,11.160969734191895,33.0,385
1241,2397,0.5123070504797663,0.22569879015435962,925.1775080561638,2281.0344321653247,18.377195,0.0651894763919584,11.160969734191895,35.0,381
435,2397,0.4885273258239466,0.24780976220275344,934.7474098056555,2281.0428689401597,18.008749,0.06052830194730198,11.408701539039612,28.0,382
960,2397,0.5068836045056321,0.24363788068418857,934.7283022254705,2281.0564221814275,18.46933,0.06111513411746101,11.160969734191895,34.0,377
848,2397,0.5035460992907801,0.23529411764705882,934.7594955414534,2281.0733876787126,18.17977,0.0615045648819359,11.160969734191895,32.0,385
566,2397,0.49895702962035876,0.2549019607843137,934.7646853923798,2281.0665624234825,18.86229,0.06052830194730198,11.160969734191895,31.0,378
457,2397,0.49603671255736337,0.2665832290362954,934.7317876368761,2231.0777848809958,18.653423,0.06052830194730198,11.160969734191895,31.0,380
31,2397,0.5123070504797663,0.25323320817688777,934.7317334264517,2281.048652468249,18.61257,0.0615045648819359,11.408701539039612,34.0,372
1069,2396,0.5279632721202003,0.23580968280467446,925.1792643144727,2281.0568102672696,18.727439500000003,0.05989283143511178,11.160969734191895,38.0,387
96,2396,0.5079298831385642,0.23998330550918198,925.1372480466962,2281.049877518788,18.742338500000002,0.059077962980212305,11.160969734191895,33.0,387
574,2396,0.5313021702838063,0.2337228714524207,924.9940838962793,2281.016893591732,19.10843,0.05548427678502682,11.160969734191895,37.0,374
585,2396,0.5129382303839732,0.24373956594323873,934.7317525595427,2281.095920106396,17.658366,0.0615045648819359,11.160969734191895,35.0,376
81,2396,0.5087646076794657,0.24332220367278798,928.4772838354111,2281.0229013226926,17.6079185,0.06052830194730198,11.160969734191895,33.0,378
726,2396,0.5187813021702838,0.23580968280467446,928.0658689662814,2281.0510694067925,17.995529,0.05704079184296361,11.160969734191895,36.5,387
239,2396,0.496661101836394,0.248330550918197,934.7768675908446,2281.0439156573266,18.563895000000002,0.0615045648819359,11.160969734191895,30.0,388
809,2396,0.5062604340567612,0.2508347245409015,934.7395604550838,2281.0386585947126,17.921228,0.0615045648819359,11.160969734191895,34.0,386
827,2396,0.4887312186978297,0.25918196994991655,934.7474153861403,2281.093560134992,18.3010995,0.0615045648819359,11.160969734191895,29.0,380
992,2396,0.510016694490818,0.2370617696160267,934.7647140920162,2281.059167817235,17.6451305,0.06111513411746101,11.408701539039612,34.0,377
685,2395,0.4868475991649269,0.2572025052192067,934.764699742198,2281.0830853171647,18.27128,0.0651894763919584,11.160969734191895,28.0,379
697,2395,0.5102296450939457,0.2405010438413361,934.7317621260881,2281.0596637073904,17.675667,0.05989283143511178,11.160969734191895,33.0,380
973,2394,0.5154553049289892,0.23893065998329155,928.8291589170694,2281.044189725071,17.870440000000002,0.06111513411746101,11.160969734191895,35.0,380
168,2394,0.49958228905597324,0.24937343358395989,934.5753562822938,2281.0836997572333,17.749693,0.06052830194730198,11.160969734191895,31.0,377
330,2394,0.49707602339181284,0.24770258980785295,934.7317764759064,2281.049270167947,17.475195499999998,0.06052830194730198,11.160969734191895,31.0,378
49,2394,0.4928989139515455,0.2531328320802005,934.7647244557738,2281.051023537293,19.061632000000003,0.06052830194730198,11.160969734191895,28.0,387
1088,2394,0.4974937343358396,0.25146198830409355,934.7768604159355,2281.0723855849355,18.1661695,0.0615045648819359,11.160969734191895,31.0,393
527,2393,0.4985374007521939,0.24947764312578355,934.7647396028042,2281.048887545243,18.422426,0.0615045648819359,11.160969734191895,31.0,382
305,2393,0.4947764312578354,0.2469703301295445,934.5926916599274,2281.0609822478145,17.539268,0.06111513411746101,11.160969734191895,31.0,381
1157,2393,0.4897618052653573,0.24446301713330548,934.5545673817396,2281.061521312222,18.512627,0.0615045648819359,11.160969734191895,28.0,384
1022,2392,0.5150501672240803,0.23285953177257526,934.0320291146636,2281.041927073151,18.046318,0.05989283143511178,11.160969734191895,34.0,382
200,2392,0.5288461538461539,0.2161371237458194,924.9910688400269,2281.038724021986,18.278950000000002,0.05548427678502682,11.160969734191895,38.0,382
328,2392,0.5050167224080268,0.2529264214046823,925.1722249314189,2230.948219321668,18.475936,0.05989283143511178,11.408701539039612,32.0,372
1170,2392,0.48954849498327757,0.25877926421404684,934.7594780027866,2281.05982988514,17.476664,0.06557232710957715,11.160969734191895,29.0,380
1210,2392,0.5133779264214047,0.23202341137123747,925.1546145156026,2281.042475257069,18.5713395,0.05548427678502682,11.78402453660965,34.0,383
1090,2392,0.5029264214046822,0.24623745819397994,934.764712497592,2281.063243886456,17.7822675,0.0615045648819359,11.160969734191895,32.0,393
659,2392,0.5037625418060201,0.23536789297658864,934.7474034279585,2281.0493090692908,18.648023000000002,0.06111513411746101,11.160969734191895,32.5,382
321,2391,0.49477206189878714,0.24466750313676286,934.7768923044205,2231.0433925632387,17.663736,0.0651894763919584,11.408701539039612,31.0,378
983,2391,0.5123379339188624,0.23881221246340442,934.7317174822092,2281.058795515448,17.515007,0.06052830194730198,11.160969734191895,34.0,379
1196,2391,0.506064408197407,0.24968632371392724,934.747387483716,2281.0439156573266,19.170443,0.05989283143511178,11.160969734191895,33.0,383
917,2391,0.5085738184859891,0.2396486825595985,934.7369711101055,2281.095771551132,17.789974,0.06052830194730198,11.160969734191895,33.0,381
634,2391,0.49226265161020494,0.26139690506064406,934.7646965533495,2281.0269244927913,17.577991,0.06052830194730198,11.160969734191895,30.0,382
449,2391,0.47846089502300293,0.2584692597239649,934.7768859267235,2281.0692516174167,17.801983,0.0615045648819359,11.160969734191895,27.0,382
316,2391,0.5135926390631534,0.24675867837724802,934.6568209975958,2281.0319140590727,17.426382,0.06111513411746101,11.160969734191895,34.0,383
888,2391,0.4997908824759515,0.24048515265579257,934.7317780703306,2281.0836997572333,18.0593,0.06052830194730198,11.160969734191895,31.0,385
783,2390,0.5054393305439331,0.24518828451882846,934.7525247186422,2281.0438447277993,18.4852985,0.06052830194730198,11.160969734191895,32.5,372
1072,2390,0.48619246861924686,0.2623430962343096,934.7768428772688,2281.0428689401597,17.569138,0.0615045648819359,11.160969734191895,29.0,390
785,2390,0.49079497907949793,0.25523012552301255,934.7647888511419,2281.02893140167,17.553013999999997,0.0631523052547097,11.160969734191895,29.0,381
901,2390,0.5142259414225941,0.2384937238493724,926.5835303515196,2231.0259515624493,18.142000000000003,0.06052830194730198,11.160969734191895,33.5,377
342,2390,0.49539748953974894,0.24602510460251045,934.7317398041487,2231.0399899706244,18.0488885,0.0615045648819359,11.160969734191895,30.0,382
949,2390,0.49456066945606697,0.2669456066945607,934.776901870966,2281.0576101411134,17.913774500000002,0.0615045648819359,11.160969734191895,30.0,384
988,2390,0.49456066945606697,0.2560669456066946,934.7646957561374,2281.048001943156,17.438872500000002,0.0615045648819359,12.159347534179688,30.0,385
1020,2389,0.5002092925910423,0.25282544997907075,934.7317477762699,2281.0344402715564,17.778145,0.0615045648819359,11.160969734191895,31.0,381
140,2389,0.5115110925073253,0.2369192130598577,925.279562368989,2281.0132184568793,18.796555,0.055003620705714906,11.160969734191895,35.0,382
695,2389,0.5119296776894098,0.2494767685223943,934.7473460286856,2281.0621947459877,18.446276,0.057974699500961,11.160969734191895,34.0,389
365,2389,0.5094181665969024,0.2348262871494349,925.0036281198263,2281.049424516037,17.816217,0.0615045648819359,11.160969734191895,33.0,381
663,2389,0.4989535370447886,0.24570950188363333,934.6446874290705,2281.0335617046803,17.821892,0.0615045648819359,11.160969734191895,31.0,384
47,2389,0.5018836333193805,0.24989535370447885,933.3063117712736,2281.0588753763586,17.791069,0.06111513411746101,11.408701539039612,32.0,381
1122,2389,0.501465048137296,0.24194223524487232,934.77685084939,2281.0564168281853,17.85235,0.059077962980212305,11.160969734191895,32.0,382
1229,2389,0.49644202595228126,0.24277940560904143,934.7646885812283,2281.0391364265233,18.8321,0.06052830194730198,11.160969734191895,31.0,386
100,2389,0.5073252406864797,0.243197990791126,925.2581205517054,2281.0361547395587,17.27246,0.06052830194730198,11.160969734191895,33.0,371
1007,2389,0.4851402260359983,0.25701130179991627,934.7837531119585,2231.0431053601205,18.564287,0.0631523052547097,11.160969734191895,28.0,376
1197,2389,0.5094181665969024,0.23147760569275846,934.7317254543304,2281.063243886456,17.902428,0.06052830194730198,11.160969734191895,33.0,389
591,2388,0.4983249581239531,0.24790619765494137,934.7317844480276,2231.0390534438193,18.6733655,0.06052830194730198,11.160969734191895,31.0,379
875,2388,0.5247068676716918,0.2231993299832496,928.4951374009252,2281.057611770928,17.4806345,0.05948539720766204,11.160969734191895,36.0,379
1187,2388,0.4970686767169179,0.23911222780569513,934.7317828536034,2281.0361547395587,18.196268,0.06052830194730198,11.160969734191895,31.0,388
911,2388,0.49958123953098826,0.2516750418760469,934.730017028749,2281.0151716340333,18.180781500000002,0.06052830194730198,12.159347534179688,31.0,378
1178,2388,0.5004187604690117,0.2403685092127303,934.7282759174705,2281.095920106396,17.768997,0.0615045648819359,11.160969734191895,31.0,388
218,2388,0.5050251256281407,0.2508375209380235,934.764725252986,2281.056846745312,17.454092,0.0651894763919584,11.160969734191895,32.0,381
111,2388,0.5012562814070352,0.24288107202680068,925.2532320469618,2231.066553829238,18.204023499999998,0.06052830194730198,11.408701539039612,31.0,378
840,2387,0.48847926267281105,0.24759111855886048,934.7647459805012,2281.0768659450114,18.007605,0.0615045648819359,11.408701539039612,29.0,380
549,2387,0.4964390448261416,0.25136154168412234,934.53031937778,2281.044010905549,17.871279,0.06052830194730198,11.160969734191895,31.0,386
40,2387,0.49895266024298285,0.23418516966904063,934.7317700982094,2281.0596637073904,17.69069,0.05548427678502682,11.160969734191895,31.0,389
1175,2387,0.5349811478843737,0.22915793883535818,924.997132435441,2281.063243886456,19.064104,0.05548427678502682,11.160969734191895,38.0,386
3,2387,0.5131964809384164,0.23921240050272308,934.7161830067635,2281.072437496856,18.357418,0.0615045648819359,11.408701539039612,35.0,384
73,2387,0.4976958525345622,0.24717218265605362,934.7768269330263,2281.0615294184536,17.932383,0.06052830194730198,12.159347534179688,31.0,381
173,2386,0.510896898575021,0.24182732606873428,934.7357147037983,2281.0450616758317,18.336177,0.06052830194730198,11.160969734191895,34.5,389
314,2386,0.5,0.25230511316010057,934.7317429929972,2132.1569721885026,17.4456195,0.05989283143511178,11.160969734191895,31.0,379
9,2386,0.4991617770326907,0.24895222129086336,934.668953768909,2281.050195429474,18.408314,0.06052830194730198,11.160969734191895,31.0,387
258,2386,0.5016764459346186,0.2585917854149204,934.7474209666252,2281.0499727670103,17.844194,0.05989283143511178,11.160969734191895,32.0,382
743,2386,0.49958088851634536,0.24937133277451803,934.7317429929972,2281.0391364265233,18.2378,0.06052830194730198,11.160969734191895,31.0,382
760,2386,0.48365465213746855,0.25230511316010057,934.7474121972919,2231.026647493243,17.695014999999998,0.0615045648819359,11.160969734191895,27.0,381
1031,2386,0.5167644593461861,0.2242246437552389,934.7317693009973,2231.077636325732,18.1949585,0.05989283143511178,11.160969734191895,35.0,386
915,2385,0.5178197064989518,0.24863731656184487,929.992812782526,2281.0498065892607,17.989107,0.05704079184296361,11.160969734191895,35.0,379
953,2385,0.5249475890985325,0.24025157232704403,925.0037317574024,2281.064836449921,18.90695,0.05989283143511178,11.408701539039612,37.0,381
441,2385,0.5123689727463312,0.2482180293501048,934.6117577850819,2280.996673049405,17.628727,0.06052830194730198,11.160969734191895,33.0,376
682,2385,0.5027253668763103,0.24234800838574425,934.7317764759064,2231.0362245421857,17.304365,0.0615045648819359,12.159347534179688,32.0,380
926,2385,0.5077568134171908,0.23773584905660378,925.2795591801405,2281.093230912462,17.921305,0.06052830194730198,11.160969734191895,33.0,376
355,2385,0.5044025157232704,0.2511530398322851,934.7473827004433,2281.0957731809467,17.92965,0.0615045648819359,11.160969734191895,32.0,378
1236,2385,0.4909853249475891,0.2524109014675052,934.7595067024231,2281.042447898537,18.236755,0.0615045648819359,11.160969734191895,30.0,376
1104,2385,0.5014675052410902,0.24654088050314465,934.7646790146828,2281.0438447277993,17.525684,0.0615045648819359,11.408701539039612,32.0,379
1100,2385,0.4867924528301887,0.26373165618448635,934.764731630683,2281.0596637073904,17.989672,0.0615045648819359,11.160969734191895,28.0,377
1025,2385,0.5018867924528302,0.2431865828092243,931.9845707416534,2281.0433472078294,18.821825,0.06052830194730198,11.160969734191895,32.0,376
856,2385,0.5169811320754717,0.24570230607966456,934.7439690381289,2281.056932874024,17.870079,0.06052830194730198,11.160969734191895,35.0,373
216,2385,0.5056603773584906,0.2440251572327044,934.728343680501,2281.076893651858,18.884277,0.05989283143511178,11.160969734191895,33.0,381
852,2384,0.5176174496644296,0.24119127516778524,934.5892229899764,2281.095771551132,18.561922000000003,0.05989283143511178,12.159347534179688,35.0,384
703,2384,0.4966442953020134,0.24748322147651006,934.7525645792484,2281.048887545243,18.329852000000002,0.05989283143511178,11.160969734191895,30.0,374
378,2384,0.5050335570469798,0.2554530201342282,929.0165428295732,2231.0433925632387,18.682654499999998,0.06021056669120688,11.160969734191895,32.0,381
215,2384,0.4979026845637584,0.24706375838926176,934.7803474217653,2281.0510694067925,17.6321955,0.06472734290472298,11.160969734191895,31.0,391
1161,2384,0.5167785234899329,0.24916107382550334,934.7525653764606,2281.0934099499136,18.8763945,0.05989283143511178,11.160969734191895,35.0,377
768,2384,0.5041946308724832,0.2533557046979866,934.7474074140191,2231.04320611991,17.841285499999998,0.06052830194730198,11.160969734191895,32.0,384
603,2384,0.49203020134228187,0.23993288590604026,933.2407546266913,2281.0959217362106,17.598114000000002,0.06052830194730198,11.408701539039612,30.0,381
319,2384,0.5016778523489933,0.23364093959731544,934.5441533997655,2281.073534604162,18.571224,0.06052830194730198,11.160969734191895,32.0,377
439,2383,0.5157364666386908,0.25136382710868654,934.6672246158123,2231.0664069037884,19.462381,0.06052830194730198,11.408701539039612,35.0,378
181,2383,0.48804028535459504,0.25597985732270245,934.7768540382385,2281.066890016198,18.01236,0.0615045648819359,12.159347534179688,28.0,377
964,2383,0.5115400755350399,0.24087284934955938,934.6121324747801,2281.042293880135,17.881073,0.059077962980212305,11.160969734191895,34.0,379
1078,2383,0.49475451112043645,0.23751573646663868,934.7283149808645,2281.0344321653247,17.685492,0.0631523052547097,11.408701539039612,30.0,390
735,2382,0.5088161209068011,0.2380352644836272,934.7317453846335,2281.057114250958,18.2716285,0.0615045648819359,11.160969734191895,33.0,386
672,2382,0.5088161209068011,0.23929471032745592,934.7317533567548,2231.043384457007,18.0222075,0.05989283143511178,11.160969734191895,35.0,373
689,2382,0.49622166246851385,0.24601175482787574,934.7647132948041,2231.0382914580405,17.2518455,0.0615045648819359,11.160969734191895,30.0,381
533,2382,0.5062972292191436,0.23635600335852225,934.7474209666252,2281.0450616758317,17.99521,0.06052830194730198,11.160969734191895,33.0,377
935,2382,0.4945424013434089,0.24055415617128464,934.7282918617129,2281.061488887295,18.537745,0.06052830194730198,12.159347534179688,30.0,372
975,2382,0.49832073887489503,0.24391267842149456,934.593068741262,2281.0768659450114,17.2190505,0.06052830194730198,12.159347534179688,31.0,389
905,2382,0.5142737195633921,0.25398824517212426,934.7317645177245,2281.0622680988163,17.8698795,0.05989283143511178,11.160969734191895,34.0,388
862,2382,0.48740554156171284,0.24727120067170444,934.5268355607986,2281.066890016198,18.271205000000002,0.0615045648819359,11.160969734191895,29.0,379
866,2381,0.4892902141957161,0.2633347333053339,934.7768269330263,2281.038878040388,18.128,0.06722664752920711,11.160969734191895,29.0,377
779,2381,0.5144897102057959,0.24023519529609408,929.992812782526,2281.0612386073917,17.569143,0.0615045648819359,11.160969734191895,34.0,386
421,2381,0.49685006299874,0.25619487610247793,934.7317557483912,2281.072584422305,18.293846,0.06052830194730198,11.160969734191895,31.0,380
772,2381,0.503569928601428,0.2372952540949181,934.7474241554737,2281.0568589046597,17.516691,0.06557232710957715,11.160969734191895,32.0,381
740,2381,0.498530029399412,0.24569508609827803,934.7395843714476,1740.084288617596,18.87769,0.0615045648819359,11.160969734191895,31.0,375
1016,2380,0.49369747899159666,0.2609243697478992,934.7768747657537,2281.0692516174167,17.393548,0.0651894763919584,12.159347534179688,30.0,383
559,2380,0.492436974789916,0.253781512605042,934.7872664257884,2281.045717095956,17.5038355,0.0615045648819359,11.160969734191895,30.0,382
220,2380,0.5016806722689076,0.25,934.7647085115314,2281.0398842263967,18.393676,0.0615045648819359,11.160969734191895,32.0,376
620,2379,0.501891551071879,0.24253888188314418,934.7646646648645,2281.083552831784,17.94641,0.06052830194730198,11.160969734191895,32.0,384
1065,2379,0.5039932744850778,0.23707440100882723,934.6325618326664,2231.029498297721,18.37895,0.0615045648819359,12.159347534179688,32.0,377
694,2379,0.5014712063892391,0.24758301807482136,934.7525582015514,2281.0957731809467,17.83424,0.06052830194730198,11.160969734191895,32.0,379
945,2379,0.5199663724253888,0.2278268179907524,934.736974298954,2231.0422322731465,18.082031,0.05989283143511178,11.160969734191895,35.0,381
174,2378,0.5168208578637511,0.2396972245584525,925.0038632974029,2281.034399740398,19.0249675,0.06052830194730198,12.159347534179688,36.0,383
1097,2378,0.5109335576114382,0.23296888141295205,925.1545100808144,2281.044189725071,18.3890515,0.06052830194730198,11.160969734191895,34.0,374
92,2378,0.4966358284272498,0.25399495374264086,934.7647300362587,2280.9682730380446,18.3724685,0.0615045648819359,11.160969734191895,30.5,379
347,2377,0.5103071098022718,0.2498948254101809,927.9685620516539,2281.062193116173,18.498638,0.0615045648819359,12.159347534179688,34.0,390
628,2377,0.5119899032393773,0.23643247791333613,929.9926166683435,2281.0494228862226,17.430431,0.06052830194730198,11.408701539039612,34.0,383
137,2377,0.5124106015986538,0.23769457299116534,934.7282416373491,2281.0935585051775,17.864769,0.05704079184296361,11.160969734191895,35.0,390
1095,2377,0.5090450147244425,0.23222549432057216,934.7647268474102,2281.0587446633726,17.775646,0.05989283143511178,11.160969734191895,33.0,393
53,2377,0.49642406394615063,0.25999158603281447,934.7647284418344,2281.0579799506813,18.791983,0.0615045648819359,11.408701539039612,31.0,375
800,2377,0.4896928901977282,0.2578880942364325,934.7647555470467,2231.0596268754452,17.827005,0.06052830194730198,11.160969734191895,29.0,372
107,2377,0.5035759360538494,0.23474968447623054,930.4176216125488,2281.0510683935136,18.372568,0.05989283143511178,11.160969734191895,32.0,379
204,2377,0.5140933950357593,0.23138409760201936,925.142041683197,2281.0424954742193,17.713984,0.06052830194730198,11.160969734191895,35.0,387
208,2377,0.5119899032393773,0.2553639040807741,934.7473587840796,2281.068830959499,18.301584,0.06052830194730198,11.160969734191895,35.0,380
868,2376,0.5164141414141414,0.24579124579124578,934.6188713088632,2281.0620269384235,18.246388,0.0615045648819359,12.159347534179688,35.0,386
164,2376,0.5256734006734006,0.2398989898989899,932.0947853177786,2281.0344402715564,18.508143500000003,0.06052830194730198,11.160969734191895,37.0,382
14,2376,0.5252525252525253,0.24831649831649832,925.0033570677042,2281.049300963059,18.2824545,0.05989283143511178,11.160969734191895,36.0,376
1108,2376,0.5256734006734006,0.23779461279461278,925.0022441595793,2281.0668883863837,18.215632499999998,0.05548427678502682,11.160969734191895,37.0,382
471,2376,0.5033670033670034,0.2529461279461279,934.7379074245691,2281.059167817235,18.494422999999998,0.06052830194730198,11.160969734191895,32.0,386
10,2375,0.5221052631578947,0.24926315789473685,934.7317286431789,2281.082936761901,18.406137,0.059077962980212305,11.160969734191895,36.0,379
683,2375,0.5191578947368422,0.24294736842105263,934.4973578453064,2281.061488887295,18.424294,0.05548427678502682,11.160969734191895,36.0,376
231,2375,0.5052631578947369,0.24210526315789474,934.7317557483912,2281.091358013451,18.13903,0.06052830194730198,11.160969734191895,32.0,383
666,2375,0.49515789473684213,0.24378947368421053,934.5226454138756,2281.0588986817747,17.576853,0.05989283143511178,11.160969734191895,30.0,389
1012,2374,0.5080033698399326,0.2413647851727043,934.7282886728644,2231.038574816659,17.942746,0.06052830194730198,11.160969734191895,34.0,378
977,2374,0.495787700084246,0.2540016849199663,934.7344475090504,2231.03869702667,18.104220499999997,0.0615045648819359,11.160969734191895,30.0,389
1207,2374,0.4928390901432182,0.2438921651221567,934.7317533567548,2281.031847236678,17.8213455,0.06052830194730198,11.160969734191895,29.5,381
454,2374,0.506318449873631,0.2333614153327717,925.0046031102538,2281.0934753846377,18.6290935,0.05989283143511178,12.159347534179688,32.5,387
385,2374,0.4941027801179444,0.2577927548441449,934.7560109272599,2281.0768659450114,17.9802375,0.0608217180323815,11.146068572998047,29.5,378
376,2374,0.5206402695871946,0.2320977253580455,928.0380598157644,2281.049566552043,18.5574695,0.0615045648819359,11.284835636615753,36.0,379
223,2373,0.49304677623261695,0.2427307206068268,934.7317940145731,2231.0258814804256,17.640587,0.05989283143511178,11.160969734191895,30.0,384
210,2373,0.504424778761062,0.24905183312262957,934.7525613903999,2281.056418458,18.658003,0.06111513411746101,11.160969734191895,32.0,385
822,2373,0.4972608512431521,0.25115887062789716,934.7282639592886,1742.0364102814347,18.012577,0.06052830194730198,11.160969734191895,31.0,374
445,2373,0.5107458912768648,0.23303834808259588,934.7474241554737,2281.0577779486775,17.389917,0.06052830194730198,11.160969734191895,34.0,392
413,2373,0.5073746312684366,0.2503160556257901,934.776838093996,2281.0487618986517,17.710072,0.06557232710957715,11.160969734191895,33.0,381
24,2373,0.5115887062789718,0.24104509060261273,934.728318169713,2281.0419047810137,17.820414,0.06052830194730198,11.160969734191895,34.0,377
29,2372,0.5337268128161888,0.24325463743676223,925.0004759430885,2281.0568451154977,17.793677000000002,0.05989283143511178,11.160969734191895,38.0,382
156,2372,0.49156829679595276,0.2478920741989882,934.7803243026137,2281.0431389547884,16.873734499999998,0.0631523052547097,11.160969734191895,30.0,381
44,2372,0.4974704890387858,0.24704890387858347,934.764718875289,2280.967863276601,18.270740500000002,0.06052830194730198,11.408701539039612,31.0,380
1061,2372,0.5042158516020236,0.2411467116357504,934.7560460045934,2281.068830959499,18.7960725,0.05989283143511178,11.408701539039612,32.0,383
1046,2372,0.5109612141652614,0.22976391231028667,925.1498081237078,2281.0433472078294,18.206018,0.05989283143511178,11.160969734191895,34.0,384
647,2371,0.4959932517924926,0.2581189371573176,934.7370157539845,2281.0665624234825,18.38067,0.06052830194730198,11.160969734191895,30.0,378
428,2371,0.49978911851539437,0.24040489245044286,934.7161383628845,2281.0829383917153,17.97467,0.0615045648819359,11.160969734191895,31.0,387
1074,2371,0.49936735554618306,0.2564318852804724,934.7768731713295,2281.057086892426,18.348337,0.06052830194730198,11.160969734191895,31.0,379
389,2370,0.5046413502109705,0.25274261603375525,928.0659279599786,2281.0959184765816,18.819924999999998,0.06052830194730198,11.408701539039612,33.0,381
67,2370,0.5025316455696203,0.24725738396624472,934.0218303799629,2230.9382147975266,18.198222,0.0615045648819359,11.160969734191895,32.0,382
237,2370,0.5042194092827004,0.24135021097046414,934.5493671670556,2281.0422199107707,18.2313895,0.06052830194730198,11.160969734191895,32.0,375
529,2370,0.5151898734177215,0.2350210970464135,924.9985706061125,2281.0499727670103,17.9276735,0.06052830194730198,11.160969734191895,34.0,379
1225,2369,0.50147741663149,0.25284930350358803,934.7317780703306,2280.9482507668436,16.835794,0.0631523052547097,11.160969734191895,32.0,381
303,2369,0.5141409877585479,0.250738708315745,934.7473954558372,2281.0616059917957,17.93067,0.06052830194730198,11.160969734191895,35.0,378
103,2369,0.48754748839172646,0.25622625580413677,934.7647045254707,2281.057031268254,17.645441,0.0615045648819359,11.160969734191895,29.0,386
455,2369,0.5145631067961165,0.24187420852680455,934.7646949589252,2231.077636325732,18.137508,0.0615045648819359,12.159347534179688,34.0,376
195,2368,0.48353040540540543,0.25,934.7647292390466,2231.062443194911,17.699643000000002,0.0615045648819359,12.159347534179688,28.0,381
392,2368,0.504222972972973,0.24113175675675674,930.3207475841045,2281.0562557019293,17.7166655,0.06052830194730198,11.160969734191895,32.5,384
474,2368,0.5278716216216216,0.22972972972972974,925.1418623104692,2281.0433391015977,19.482507499999997,0.05989283143511178,11.160969734191895,38.0,383
132,2368,0.512668918918919,0.23395270270270271,925.0636430457234,2281.035103969276,18.333269,0.0615045648819359,11.160969734191895,34.0,380
883,2368,0.5152027027027027,0.24746621621621623,934.7300345674157,2281.0430563967675,17.909477,0.0615045648819359,11.160969734191895,35.0,378
1167,2368,0.5152027027027027,0.24493243243243243,925.2308399528265,2281.0930839870125,18.5324905,0.059077962980212305,11.408701539039612,34.0,377
589,2367,0.501056189269117,0.25517532741867344,934.7473986446857,2281.077737895772,18.651892,0.05989283143511178,11.160969734191895,32.0,374
924,2367,0.4879594423320659,0.2534854245880862,934.7647045254707,2281.0421614572406,17.698156,0.06111513411746101,11.160969734191895,28.0,381
234,2367,0.5040135192226447,0.2577101816645543,934.7474145889282,2281.066157821566,18.43273,0.0615045648819359,11.160969734191895,32.0,380
1014,2367,0.5061258977608788,0.25686523024926067,934.7317812591791,2231.0355076584965,18.230368,0.06052830194730198,11.160969734191895,32.0,379
956,2367,0.5082382762991128,0.2222222222222222,925.0042914003134,2281.095920106396,17.906145,0.06052830194730198,11.160969734191895,33.0,381
281,2367,0.5019011406844106,0.2412336290663287,934.7161319851875,2281.0610495209694,18.232079,0.06052830194730198,11.408701539039612,31.0,386
776,2367,0.49345162653147445,0.25602027883396705,934.7837467342615,2281.0431389547884,17.628296,0.0615045648819359,11.160969734191895,30.0,382
1051,2367,0.5035910435149978,0.2534854245880862,934.7647507637739,2280.9702258910984,17.690147,0.0615045648819359,11.160969734191895,32.0,377
275,2367,0.4959864807773553,0.24672581326573723,934.7768540382385,2281.05915706791,18.17794,0.06426520941748756,11.160969734191895,31.0,390
1034,2366,0.5215553677092138,0.2371090448013525,925.00437271595,2281.0571061447263,18.7668295,0.06052830194730198,11.408701539039612,37.0,387
1114,2366,0.5076077768385461,0.23964497041420119,934.7317820563912,2281.0915049389005,18.6940125,0.0615045648819359,11.160969734191895,33.0,379
310,2366,0.4919695688926458,0.2624683009298394,934.7395843714476,2281.0578367188573,18.0335245,0.06052830194730198,11.160969734191895,29.0,375
383,2366,0.5076077768385461,0.24640743871513102,934.5892309620976,2281.0836997572333,17.9845295,0.0615045648819359,11.408701539039612,33.0,380
399,2366,0.4974640743871513,0.24429416737109044,934.7282695397735,2281.0609822478145,17.37339,0.05989283143511178,11.160969734191895,31.0,384
1177,2365,0.4917547568710359,0.254122621564482,934.7317477762699,2281.066157821566,17.573572,0.0651894763919584,11.160969734191895,29.0,383
297,2365,0.5107822410147992,0.23890063424947147,927.3891163915396,2281.091503309086,18.221336,0.05548427678502682,11.160969734191895,34.0,388
246,2365,0.5010570824524313,0.24312896405919662,934.7802964001894,2281.0957731809467,18.748003,0.0615045648819359,11.160969734191895,31.0,379
748,2364,0.5245346869712352,0.22673434856175972,925.06333771348,2281.0587790831923,18.382321,0.0615045648819359,11.160969734191895,37.0,384
500,2363,0.5175624206517139,0.25687685146000844,934.5927251428366,2231.062027592212,18.164097,0.05989283143511178,11.160969734191895,36.0,383
370,2363,0.5133305120609395,0.23825645366060094,925.2865491360426,2281.064836449921,19.179937,0.05989283143511178,11.408701539039612,35.0,377
706,2362,0.5177815410668924,0.2455546147332769,934.5034357905388,2281.0289297718555,18.656919000000002,0.06052830194730198,11.160969734191895,36.0,374
250,2362,0.5029635901778154,0.2493649449618967,934.734361037612,2281.062193116173,18.395782,0.06052830194730198,11.160969734191895,32.0,374
920,2362,0.5093141405588484,0.23031329381879762,924.998155258596,2281.043166661635,19.0528445,0.06052830194730198,11.408701539039612,33.0,378
898,2362,0.5088907705334462,0.24682472480948348,934.7298456281424,2281.0450616758317,17.836689,0.06052830194730198,11.160969734191895,33.0,388
1043,2362,0.519051651143099,0.23539373412362405,934.6178357303143,2281.057682700455,18.6178225,0.06111513411746101,11.160969734191895,35.0,377
1110,2360,0.5156779661016949,0.24745762711864408,924.9974879920483,2281.0829383917153,17.676539,0.059077962980212305,11.160969734191895,35.0,377
464,2360,0.48177966101694913,0.25466101694915255,934.7282886728644,2231.0438900832087,18.305031,0.0615045648819359,11.160969734191895,27.0,381
553,2360,0.4809322033898305,0.27288135593220336,934.7647156864405,2231.0363598167896,17.843527,0.06111513411746101,11.160969734191895,27.5,377
0,2360,0.4822033898305085,0.24915254237288137,934.7647132948041,2280.9522990267724,18.252706500000002,0.06052830194730198,11.160969734191895,28.0,384
801,2360,0.5042372881355932,0.22796610169491524,924.9962451383471,2281.077737895772,18.765876,0.059077962980212305,11.160969734191895,32.0,377
845,2359,0.49597286986011024,0.23993217465027555,934.7439323663712,2281.0612238049507,18.148281,0.0615045648819359,11.160969734191895,31.0,378
462,2359,0.5112335735481136,0.2314540059347181,934.7421513944864,2231.035309046507,18.11175,0.06052830194730198,11.160969734191895,34.0,380
872,2358,0.5216284987277354,0.23282442748091603,934.4864631444216,2281.0596531461924,18.3000795,0.05989283143511178,11.160969734191895,35.0,382
522,2357,0.5078489605430632,0.24649978786593127,934.7317541539669,1831.075549799949,17.935053,0.05989283143511178,11.160969734191895,32.0,379
661,2356,0.5063667232597623,0.23684210526315788,934.7646981477737,2281.0577779486775,17.8876225,0.05989283143511178,12.159347534179688,32.0,380
1086,2355,0.5040339702760085,0.25307855626326964,934.7473970502615,2281.095920106396,18.79393,0.05989283143511178,11.160969734191895,32.0,383
189,2354,0.5042480883602379,0.254035683942226,934.5894111320376,2281.0596531461924,17.2764705,0.0615045648819359,11.408701539039612,32.0,386
519,2353,0.5329366765830854,0.23374415639609009,934.7318035811186,2281.066157821566,18.760035,0.05989283143511178,11.408701539039612,38.0,381
87,2352,0.5204081632653061,0.22831632653061223,925.1979007422924,2231.043961012736,18.4172225,0.05989283143511178,12.159347534179688,37.0,381
293,2351,0.47511697150148874,0.25861335601871543,934.7647093087435,2281.0588287189603,17.814915,0.06052830194730198,11.160969734191895,25.0,380
349,2350,0.516595744680851,0.2302127659574468,934.5046650916338,2281.0585504267365,18.035395,0.05989283143511178,11.160969734191895,36.0,383
753,2350,0.5038297872340426,0.23404255319148937,934.7647077143192,2231.0387048609555,17.38852,0.0615045648819359,11.408701539039612,32.5,387
1234,2349,0.501064282673478,0.2515964240102171,934.7647284418344,2281.08308368735,18.445923,0.05989283143511178,11.160969734191895,32.0,374
818,2347,0.501917341286749,0.24414145717937794,934.7282814979553,2281.076748356223,18.286362,0.0615045648819359,11.160969734191895,32.0,372
1081,2346,0.5136402387041773,0.24339300937766412,934.7473827004433,2231.025531873107,17.657372000000002,0.05989283143511178,11.160969734191895,35.0,375
1203,2345,0.49424307036247334,0.24264392324093817,934.764731630683,2281.058901324868,18.06104,0.0615045648819359,11.160969734191895,30.0,385
477,2344,0.5012798634812287,0.2333617747440273,934.7594684362411,2281.0915049389005,17.8714905,0.06052830194730198,11.160969734191895,32.0,380
1153,2343,0.48911651728553135,0.25650874946649593,934.7907143682241,2281.0377284046263,18.693403,0.06052830194730198,11.408701539039612,28.0,384
141,2340,0.4995726495726496,0.2376068376068376,934.7473978474736,2281.056567080319,18.0246565,0.05989283143511178,12.159347534179688,31.0,381
1127,2338,0.5153977758768178,0.23652694610778444,934.7317597344518,2281.0502251628786,17.898922,0.06052830194730198,11.160969734191895,34.0,387
57,2336,0.5081335616438356,0.24743150684931506,925.0024562180042,2281.083552831784,18.228019500000002,0.06052830194730198,11.160969734191895,33.0,382
756,2335,0.49978586723768736,0.24154175588865096,934.6030920892954,2281.062097867951,18.305481,0.06052830194730198,11.160969734191895,31.0,385
1035,2334,0.5,0.24850042844901457,934.7646710425615,2281.0433472078294,18.0983425,0.06052830194730198,11.160969734191895,31.0,374
1125,2329,0.49849720910261913,0.2584800343495062,934.7647332251072,2280.9657619614154,18.691662,0.0615045648819359,11.408701539039612,31.0,373
1218,2325,0.5191397849462366,0.23698924731182797,934.5337585508823,2281.0663047470152,18.611612,0.06052830194730198,11.160969734191895,36.0,381
805,2321,0.5109866436880655,0.23653597587246877,934.5857670754194,2281.015749203041,17.399866,0.05989283143511178,11.160969734191895,34.0,379
1233,2320,0.5202586206896552,0.22413793103448276,925.290516063571,2281.0598071645945,18.8244955,0.05989283143511178,11.408701539039612,36.0,374
639,2318,0.5138050043140638,0.24201898188093185,934.6968777179718,2281.0735362339765,18.208928999999998,0.06021056669120688,11.160969734191895,34.0,390
969,2316,0.48575129533678757,0.26295336787564766,934.7317844480276,2281.0588277205825,17.440179999999998,0.06557232710957715,11.160969734191895,28.0,379
338,2315,0.504535637149028,0.2526997840172786,934.7317541539669,2281.059904867783,18.493887,0.06052830194730198,11.160969734191895,33.0,380
539,2315,0.5019438444924406,0.25399568034557235,934.7647077143192,2281.049877518788,17.608479,0.06111513411746101,11.160969734191895,32.0,380
326,2313,0.5218331171638565,0.2313013402507566,925.0025502890348,2281.060957312584,18.408415,0.06052830194730198,11.160969734191895,37.0,378
1466,1196,0.745819397993311,0.0794314381270903,657.6741287708282,2188.238395534456,30.157915,0.0,7.972121238708496,61.0,213
1244,710,0.5014084507042254,0.2647887323943662,925.0038146674633,1737.70288666524,18.022787,0.05548427678502682,11.160969734191895,32.0,295
1232,675,0.7511111111111111,0.045925925925925926,927.575584307313,2152.0235543269664,11.161202,0.0,6.079673767089844,58.0,174
1126,667,0.7616191904047976,0.029985007496251874,925.8004001826048,2156.000000419095,10.851515,0.0,6.079673767089844,58.0,171
58,658,0.7446808510638298,0.03343465045592705,927.7952656745911,2156.000000419095,11.29117775,0.0,6.377696990966797,56.0,165
1128,656,0.7210365853658537,0.03048780487804878,927.6090002506971,2156.000000419095,10.3624425,0.0,6.377696990966797,56.0,165
1235,648,0.7685185185185185,0.038580246913580245,928.0752999857068,2154.000089706853,10.994200500000002,0.0,6.079673767089844,57.0,149
754,644,0.7639751552795031,0.031055900621118012,926.6544997692108,2156.000000419095,11.183323,0.0,6.079673767089844,59.0,157
1087,641,0.7410296411856474,0.031201248049921998,928.9319004267454,2156.000000419095,12.565534,0.0,6.377696990966797,58.0,161
662,640,0.7703125,0.0375,927.4654000252485,2156.0820364970714,11.0576835,0.0,6.079673767089844,55.0,163
190,639,0.7683881064162754,0.03286384976525822,926.6143999993801,2156.000000419095,11.223878,0.0,6.079673767089844,58.0,162
463,638,0.7398119122257053,0.032915360501567396,928.1831500306726,2151.9795689005405,10.52659175,0.0,6.079673767089844,58.0,165
520,638,0.7460815047021944,0.02821316614420063,927.2095156610012,2156.000000419095,10.0899155,0.0,6.079673767089844,54.0,170
521,637,0.7708006279434851,0.03296703296703297,925.7824995815754,1731.5004770345986,11.806838,0.0,6.079673767089844,59.0,163
749,634,0.7555205047318612,0.03627760252365931,926.4602080136538,2156.004000844434,11.523194,0.0,6.079673767089844,57.5,166
554,633,0.7488151658767772,0.03317535545023697,927.734800323844,2151.993886532262,11.138076,0.0,6.377696990966797,56.0,155
251,632,0.7484177215189873,0.023734177215189875,926.314058303833,2155.9185479898006,10.6856165,0.0,6.079673767089844,57.0,162
1176,631,0.7480190174326465,0.025356576862123614,927.4962999671698,2156.0820364970714,10.722304,0.0,6.377696990966797,56.0,147
1015,631,0.7654516640253566,0.02694136291600634,927.1032999008894,2151.993886532262,11.256332,0.0,6.079673767089844,57.0,164
311,631,0.7496038034865293,0.03169572107765452,928.0988998562098,2154.000089706853,11.780089,0.0,6.377696990966797,58.0,154
501,630,0.7714285714285715,0.01746031746031746,927.3067580014467,2156.000000419095,10.944314,0.0,6.377696990966797,58.5,156
280,629,0.7424483306836248,0.030206677265500796,927.8412153869867,2156.0820364970714,11.604197,0.0,6.377696990966797,57.0,153
384,629,0.7519872813990461,0.028616852146263912,929.0111592561007,2156.053720416501,11.340566,0.0,6.377696990966797,58.0,156
1,628,0.7563694267515924,0.027070063694267517,927.2154501080513,2156.0820364970714,10.521909999999998,0.0,6.079673767089844,56.0,162
473,628,0.7372611464968153,0.03184713375796178,928.3327500745654,2156.0820364970714,10.454607,0.0,6.377696990966797,55.0,162
1033,628,0.7579617834394905,0.03503184713375796,927.8392000347376,2151.993886532262,11.5683595,0.0,6.377696990966797,58.0,158
298,628,0.7531847133757962,0.03662420382165605,926.4742501080036,2153.9835084099323,11.047071500000001,0.0,6.079673767089844,56.0,156
1168,627,0.748006379585327,0.022328548644338118,927.3423599004745,2155.917964341119,10.737725,0.0,6.079673767089844,58.0,152
925,627,0.79585326953748,0.03668261562998405,926.6850999593735,2155.917964341119,11.958122,0.0,6.079673767089844,59.0,169
955,627,0.7878787878787878,0.03508771929824561,925.724516749382,2155.917964341119,11.57733,0.0,6.079673767089844,58.0,162
194,626,0.7795527156549521,0.03194888178913738,926.3756501153111,2156.000000419095,12.078114,0.0,6.377696990966797,60.0,164
304,626,0.7699680511182109,0.025559105431309903,926.8437300249934,2151.9867925662547,11.594398,0.0,6.079673767089844,58.0,163
325,626,0.7348242811501597,0.020766773162939296,927.464849948883,2156.000000419095,10.9840655,0.0,6.377696990966797,57.0,156
400,626,0.7715654952076677,0.02875399361022364,927.4879499673843,2156.000000419095,11.112713,0.0,6.079673767089844,57.0,165
1062,625,0.7984,0.0272,925.8892000466585,2156.000000419095,11.885158,0.0,6.079673767089844,59.0,161
30,625,0.7552,0.0288,926.5654001533985,2151.994196595624,11.080777,0.0,6.079673767089844,57.0,161
23,624,0.7467948717948718,0.030448717948717948,927.906759776175,2151.994196595624,11.481860000000001,0.0,6.377696990966797,56.0,166
1208,624,0.7756410256410257,0.03365384615384615,927.5626296103001,2151.9864287991077,11.38782475,0.0,6.377696990966797,57.0,154
873,623,0.7881219903691814,0.016051364365971106,927.419199988246,2151.994328321889,10.815537,0.0,6.079673767089844,59.0,149
157,623,0.7688603531300161,0.028892455858747994,926.7164160460234,2156.004000844434,11.2238655,0.0,6.377696990966797,59.0,161
978,622,0.7620578778135049,0.03054662379421222,926.1783999055624,2156.000000419095,10.4167255,0.0,6.079673767089844,57.5,164
1013,622,0.7845659163987139,0.027331189710610933,927.179349951446,2151.999756457284,11.339484,0.0,6.377696990966797,59.0,161
453,622,0.77491961414791,0.022508038585209004,927.0984998866916,2155.917964341119,11.139561,0.0,6.377696990966797,58.0,161
684,622,0.7588424437299035,0.03536977491961415,927.9680079892278,2154.0001099724323,11.684113,0.0,6.377696990966797,56.0,165
1047,622,0.7636655948553055,0.028938906752411574,926.3019000217319,2156.000000419095,11.053199500000002,0.0,6.079673767089844,58.5,166
1109,622,0.7797427652733119,0.024115755627009645,926.8580001220107,2151.9941864628345,11.4608335,0.0,6.079673767089844,59.0,165
1217,622,0.7604501607717041,0.03536977491961415,928.209249958396,2151.9867925662547,11.145888500000002,0.0,6.079673767089844,57.5,154
348,621,0.7745571658615137,0.0322061191626409,926.8914599120617,2154.000089706853,11.5768,0.0,6.079673767089844,59.0,164
456,621,0.7761674718196457,0.027375201288244767,927.8085998445749,2156.000000419095,11.0327425,0.0,6.377696990966797,56.0,155
209,620,0.7322580645161291,0.03387096774193549,927.239749930799,2156.000000419095,11.0804415,0.0,6.377696990966797,56.0,157
54,620,0.7467741935483871,0.037096774193548385,927.3535001426935,2156.000000419095,11.208095,0.0,6.079673767089844,55.0,153
337,620,0.7451612903225806,0.024193548387096774,927.6237000450492,2153.9834719318897,11.211645,0.0,6.079673767089844,57.0,157
238,620,0.7532258064516129,0.025806451612903226,927.141609929502,2154.000089706853,10.81615025,0.0,6.079673767089844,58.0,157
799,620,0.7596774193548387,0.020967741935483872,927.915950037539,2154.000089706853,10.890618499999999,0.0,6.377696990966797,58.0,162
205,620,0.75,0.04032258064516129,927.186500146985,2153.9835084099323,11.6878135,0.0,6.079673767089844,59.0,160
165,619,0.7883683360258481,0.022617124394184167,927.8698002249002,2156.000000419095,11.883863,0.0,6.079673767089844,60.0,157
472,619,0.7592891760904685,0.03231017770597738,927.6914000958204,2156.000000419095,11.529851,0.0,6.377696990966797,59.0,162
629,618,0.7766990291262136,0.02750809061488673,927.1950000226498,2151.9941864628345,10.51076,0.0,6.079673767089844,57.0,159
823,618,0.7669902912621359,0.030744336569579287,927.12700022012,2155.9185479898006,11.1401135,0.0,6.079673767089844,58.5,164
377,618,0.7815533980582524,0.02750809061488673,927.2470300719142,1756.0820358917117,11.6154665,0.0,6.079673767089844,58.5,161
138,618,0.7718446601941747,0.02912621359223301,928.4990501180291,1710.4538496825844,11.2147375,0.0,6.377696990966797,57.0,161
741,617,0.7763371150729336,0.017828200972447326,926.5949001908302,2155.9959999937564,11.303249,0.0,6.079673767089844,59.0,167
693,617,0.7520259319286872,0.03241491085899514,927.0314599275589,2156.004000844434,11.281788,0.0,6.079673767089844,57.0,161
1096,617,0.7423014586709886,0.03241491085899514,927.0607000738382,2154.000089706853,11.349431,0.0,6.079673767089844,56.0,157
780,616,0.7646103896103896,0.017857142857142856,926.3412998393178,2155.917964341119,11.266105,0.0,6.079673767089844,57.0,164
440,616,0.788961038961039,0.022727272727272728,927.0654084086418,2156.0820364970714,10.772518999999999,0.0,6.377696990966797,57.0,156
867,616,0.7613636363636364,0.03409090909090909,926.5359001159668,2151.9936859030277,11.815695999999999,0.0,6.079673767089844,58.0,164
976,616,0.724025974025974,0.025974025974025976,928.528229676187,2153.9835084099323,9.9521595,0.0,6.377696990966797,54.0,153
133,615,0.7479674796747967,0.02926829268292683,926.8958158791065,1711.5002012439072,10.673079,0.0,6.079673767089844,58.0,161
846,615,0.7723577235772358,0.016260162601626018,927.1950000226498,2151.993886532262,11.012303,0.0,6.079673767089844,58.0,154
734,613,0.765089722675367,0.03099510603588907,927.575584307313,2156.000000419095,11.142614,0.0,6.377696990966797,59.0,157
172,613,0.7389885807504079,0.024469820554649267,927.5086998045444,2151.994328321889,12.181493,0.0,6.079673767089844,58.0,163
315,612,0.7794117647058824,0.021241830065359478,927.5246799215674,2153.9835084099323,11.669217,0.0,6.079673767089844,58.0,156
916,612,0.7630718954248366,0.027777777777777776,926.312899954617,2155.9185479898006,10.7691555,0.0,6.079673767089844,57.0,169
560,612,0.7434640522875817,0.0457516339869281,927.6451498344541,2156.0820364970714,10.528295499999999,0.0,6.377696990966797,58.0,167
1105,612,0.7647058823529411,0.03758169934640523,927.9604001939297,2155.9959999937564,11.131647000000001,0.0,6.377696990966797,58.0,159
8,612,0.761437908496732,0.027777777777777776,926.991757966578,2156.000000419095,11.2861655,0.0,6.079673767089844,57.0,169
681,612,0.7467320261437909,0.029411764705882353,926.9297300800681,2156.0820364970714,10.901387,0.0,6.079673767089844,57.0,161
1237,612,0.7581699346405228,0.021241830065359478,926.3472000062466,2155.9959999937564,10.566659000000001,0.0,6.079673767089844,58.0,164
356,611,0.7594108019639935,0.03600654664484452,926.9209998100996,2156.000000419095,11.850519,0.0,6.079673767089844,56.0,168
214,611,0.7561374795417348,0.029459901800327332,926.5169998109341,2155.917964341119,11.4675455,0.0,6.079673767089844,58.0,163
217,610,0.759016393442623,0.029508196721311476,927.2687580883503,2156.000000419095,10.953,0.0,6.377696990966797,56.0,159
259,610,0.7344262295081967,0.03770491803278689,928.1149501278996,1708.5363134834915,10.975194250000001,0.0,6.377696990966797,56.0,148
2,610,0.7475409836065574,0.027868852459016394,927.7287797778845,2156.000000419095,11.63484025,0.0,6.377696990966797,59.0,154
954,610,0.759016393442623,0.029508196721311476,927.6673498004675,2156.000000419095,11.0032245,0.0,6.079673767089844,57.0,153
899,610,0.7836065573770492,0.022950819672131147,925.8601998612285,2154.000428142026,11.445044,0.0,6.079673767089844,60.0,160
320,610,0.7491803278688525,0.027868852459016394,928.6101001724601,2155.9185479898006,10.797108999999999,0.0,6.079673767089844,57.0,153
784,609,0.735632183908046,0.031198686371100164,926.7761001288891,2156.0820364970714,12.079449,0.0,6.377696990966797,57.0,160
1160,608,0.7861842105263158,0.02138157894736842,927.067430138588,2154.0001099724323,11.356375,0.0,6.377696990966797,58.0,159
1026,608,0.7598684210526315,0.019736842105263157,927.4661502018571,2151.9937487263232,11.399150500000001,0.0,6.079673767089844,56.5,160
219,608,0.774671052631579,0.02631578947368421,926.6854076832533,2156.000000419095,11.5067515,0.0,6.079673767089844,59.0,160
635,607,0.7693574958813838,0.02800658978583196,927.8529997766018,2156.0820364970714,11.135371,0.0,6.377696990966797,57.0,156
696,607,0.7347611202635914,0.032948929159802305,927.9566006809473,2156.004000844434,10.785214,0.0,6.377696990966797,56.0,160
1032,607,0.729818780889621,0.04118616144975288,927.4828159213066,2154.000089706853,11.353381,0.0,6.079673767089844,57.0,165
48,606,0.7145214521452146,0.0297029702970297,928.1591005325317,2156.004000844434,10.5140505,0.0,6.079673767089844,55.0,158
1195,606,0.7871287128712872,0.0231023102310231,927.9898795038462,2156.0820364970714,11.755856999999999,0.0,6.377696990966797,61.0,157
906,606,0.7623762376237624,0.028052805280528052,928.5751767009497,2151.9867925662547,11.002028,0.0,6.377696990966797,56.0,160
1174,606,0.7458745874587459,0.0297029702970297,926.9014577493072,2151.9941864628345,11.205390999999999,0.0,6.079673767089844,57.0,151
139,606,0.7376237623762376,0.039603960396039604,927.0508999451995,2156.000000419095,10.678983,0.0,6.079673767089844,56.5,157
450,606,0.7541254125412541,0.0462046204620462,928.2754576280713,1716.5004933346063,11.032879,0.0,6.377696990966797,57.0,155
742,606,0.7343234323432343,0.041254125412541254,927.5783498361707,1756.0040002390742,12.07771,0.0,6.377696990966797,58.0,168
592,606,0.7491749174917491,0.033003300330033,926.5411999821663,2156.0820364970714,11.044798,0.0,6.079673767089844,58.0,146
1098,606,0.7788778877887789,0.033003300330033,926.8479496687651,2155.9959999937564,11.1175155,0.0,6.079673767089844,57.0,161
329,605,0.7504132231404959,0.03966942148760331,927.4232003986835,2155.9185479898006,11.800299,0.0,6.377696990966797,58.0,156
1073,605,0.7619834710743801,0.03140495867768595,926.6105000376701,1709.466332513839,10.898328,0.0,6.079673767089844,57.0,156
112,605,0.7586776859504132,0.023140495867768594,927.7473596036434,2156.004000844434,11.313692,0.0,6.079673767089844,58.0,161
366,604,0.7913907284768212,0.024834437086092714,928.2279501631856,2155.9185479898006,11.598684,0.0,6.377696990966797,58.0,160
887,604,0.7367549668874173,0.0380794701986755,927.8545081019402,2156.000000419095,11.151749,0.0,6.079673767089844,58.0,156
201,604,0.7582781456953642,0.03145695364238411,927.0117496550083,2155.9185479898006,11.4200705,0.0,6.22868537902832,58.0,168
1169,604,0.7384105960264901,0.024834437086092714,926.1794498339295,2156.000000419095,11.0174695,0.0,6.079673767089844,59.0,153
1198,604,0.7400662251655629,0.03642384105960265,927.1620002239943,1716.5001816842705,11.544496500000001,0.0,6.377696990966797,56.0,164
50,604,0.7466887417218543,0.023178807947019868,927.6437499299645,2151.993886532262,11.079258,0.0,6.377696990966797,57.0,148
537,603,0.7927031509121062,0.011608623548922056,925.845799818635,2154.0001099724323,10.901507,0.0,6.079673767089844,59.0,151
1089,603,0.7512437810945274,0.03980099502487562,927.0435998737812,2156.000000419095,11.136649,0.0,6.079673767089844,55.0,170
660,602,0.760797342192691,0.03488372093023256,927.4487582221627,2154.000428142026,11.7116075,0.0,6.079673767089844,59.0,161
1021,602,0.7757475083056479,0.03488372093023256,926.2721002325416,2153.9835084099323,10.9343805,0.0,6.079673767089844,58.0,147
974,602,0.7591362126245847,0.02159468438538206,927.8708501532674,2156.000000419095,10.559358,0.0,6.377696990966797,56.0,151
849,602,0.7641196013289037,0.036544850498338874,926.260808520019,2156.000000419095,11.833307,0.0,6.079673767089844,57.0,159
1209,601,0.762063227953411,0.029950083194675542,926.9076002687216,2156.000000419095,10.8588705,0.0,6.079673767089844,56.0,153
984,601,0.7487520798668885,0.026622296173044926,927.3021596819162,2151.994328321889,11.344672,0.0,6.079673767089844,57.0,147
1068,600,0.8016666666666666,0.025,927.4344498589635,2155.9959999937564,10.8916365,0.0,6.377696990966797,58.5,161
528,600,0.7866666666666666,0.021666666666666667,925.583308160305,1731.4838957376778,11.3336665,0.0,6.079673767089844,57.0,151
82,599,0.7762938230383973,0.02671118530884808,926.9844164401293,2156.000000419095,10.66756,0.0,6.079673767089844,57.0,153
121,599,0.7495826377295493,0.04006677796327212,926.3872997760773,2152.0235543269664,11.420325,0.0,6.079673767089844,57.0,166
1094,598,0.782608695652174,0.020066889632107024,928.9882999956608,2156.053720416501,11.306821500000002,0.0,6.377696990966797,57.0,147
331,598,0.7642140468227425,0.028428093645484948,927.1333500146866,2155.9185479898006,11.244451000000002,0.0,6.377696990966797,59.0,162
169,598,0.7525083612040134,0.04180602006688963,927.76405800879,2151.9937487263232,11.4437985,0.0,6.079673767089844,59.0,153
567,598,0.7591973244147158,0.033444816053511704,926.4736498072743,2152.0235543269664,11.08835,0.0,6.079673767089844,56.0,162
1240,598,0.7642140468227425,0.0451505016722408,928.2445154339075,2151.994201662019,10.694813499999999,0.0,6.377696990966797,57.0,155
287,597,0.7470686767169179,0.023450586264656615,927.079059869051,2156.0820364970714,11.043886,0.0,6.079673767089844,57.0,168
1079,597,0.7587939698492462,0.02512562814070352,927.135000243783,2156.004000844434,10.690836,0.0,6.079673767089844,58.0,156
267,596,0.7936241610738255,0.02348993288590604,927.5199420899153,2155.917964341119,11.076305,0.0,6.377696990966797,57.0,152
382,596,0.7583892617449665,0.03523489932885906,927.7618003040552,1718.500070501119,11.55206,0.0,6.377696990966797,57.0,161
124,595,0.746218487394958,0.02689075630252101,928.0958002954721,2156.000000419095,11.937375,0.0,6.079673767089844,58.0,156
1004,595,0.7546218487394958,0.025210084033613446,928.5133592784405,2154.000428142026,11.240737,0.0,6.079673767089844,58.0,173
1071,595,0.7781512605042017,0.025210084033613446,927.0593001693487,2156.000000419095,11.6942005,0.0,6.377696990966797,59.0,160
1144,595,0.7428571428571429,0.040336134453781515,928.5153156369925,2156.000000419095,10.81807,0.0,6.377696990966797,55.0,149
302,595,0.7764705882352941,0.030252100840336135,926.7590158730745,2151.9941864628345,11.18198,0.0,6.377696990966797,58.0,163
578,595,0.7697478991596639,0.02857142857142857,926.0079001486301,2154.000428142026,11.1706915,0.0,6.079673767089844,56.0,173
1040,594,0.7154882154882155,0.03367003367003367,926.4893501028419,2156.000000419095,10.1307845,0.0,6.079673767089844,54.0,178
1056,594,0.7845117845117845,0.026936026936026935,928.1630499213934,2156.000000419095,11.724879000000001,0.0,6.377696990966797,59.0,152
60,594,0.7643097643097643,0.030303030303030304,927.6532080546021,2156.000000419095,11.2364355,0.0,6.377696990966797,58.0,163
851,593,0.7554806070826307,0.04215851602023609,927.6010998785496,2156.0820364970714,11.446806,0.0,6.079673767089844,58.0,158
340,593,0.7757166947723441,0.01854974704890388,926.221916526556,1708.4878608528525,11.232511,0.0,6.079673767089844,59.0,157
188,593,0.7655986509274874,0.04215851602023609,926.9824600815773,1742.0706949774176,10.976866,0.0,6.079673767089844,59.0,157
52,593,0.7504215851602024,0.0387858347386172,928.7231998592615,2154.0001099724323,11.349804,0.0,6.377696990966797,56.0,155
1129,593,0.7622259696458684,0.0387858347386172,926.9388159066439,2156.000000419095,11.474392,0.0,6.079673767089844,56.0,165
737,592,0.7449324324324325,0.02702702702702703,926.7067578211427,2151.9864287991077,10.946144499999999,0.0,6.079673767089844,58.0,154
66,592,0.7618243243243243,0.033783783783783786,927.870049752295,2155.917964341119,10.915002,0.0,6.079673767089844,56.0,157
491,592,0.7668918918918919,0.030405405405405407,927.2257301583886,2156.0820364970714,11.0463915,0.0,6.079673767089844,58.0,156
62,591,0.7614213197969543,0.023688663282571912,927.9424995929003,2156.000000419095,11.305958,0.0,6.079673767089844,57.0,144
701,591,0.7360406091370558,0.028764805414551606,927.1469998806715,2151.9940841216594,11.20583,0.0,6.079673767089844,57.0,162
56,590,0.7559322033898305,0.04067796610169491,927.044358022511,2156.0820364970714,11.399766,0.0,6.377696990966797,57.5,151
1242,590,0.7627118644067796,0.01694915254237288,927.315949857235,2156.000000419095,10.8981315,0.0,6.079673767089844,57.0,156
1221,590,0.7796610169491526,0.011864406779661017,926.5788499191403,2151.9936859030277,10.709086,0.0,6.079673767089844,57.0,156
518,590,0.752542372881356,0.02711864406779661,926.857049845159,2156.000000419095,12.037033000000001,0.0,6.079673767089844,60.0,157
1119,589,0.7317487266553481,0.023769100169779286,927.90099991858,2154.0001099724323,11.381395,0.0,6.377696990966797,57.0,156
433,589,0.767402376910017,0.03225806451612903,927.1032999008894,2156.000000419095,10.820725,0.0,6.377696990966797,56.0,154
336,589,0.7555178268251274,0.030560271646859084,927.7191000282764,2155.946280421689,10.9253845,0.0,6.377696990966797,56.0,144
893,589,0.7436332767402377,0.02037351443123939,927.0558004081249,2155.9959999937564,10.909104,0.0,6.079673767089844,56.0,160
72,589,0.7368421052631579,0.023769100169779286,928.9940000623465,2154.000428142026,10.827954,0.0,6.079673767089844,56.0,148
725,587,0.7666098807495741,0.028960817717206135,926.2385001331568,2151.994196595624,11.712854,0.0,6.079673767089844,60.0,149
1182,587,0.7546848381601363,0.030664395229982964,928.5442002266645,2156.000000419095,11.197628,0.0,6.079673767089844,58.0,152
781,587,0.7921635434412265,0.017035775127768313,927.1796999275684,2156.000000419095,12.801653,0.0,6.079673767089844,59.0,151
398,586,0.7781569965870307,0.025597269624573378,926.7975578904152,2156.000000419095,11.49837775,0.0,6.377696990966797,59.0,157
476,586,0.7474402730375427,0.025597269624573378,927.2556001022458,2151.993886532262,11.2951935,0.0,6.079673767089844,57.0,147
409,586,0.7696245733788396,0.030716723549488054,927.9913296326995,2156.0820364970714,11.45913,0.0,6.377696990966797,58.0,153
243,586,0.764505119453925,0.020477815699658702,927.7870799005032,2151.986764194444,11.953535500000001,0.0,6.377696990966797,57.0,161
608,586,0.742320819112628,0.020477815699658702,927.9844999164343,2153.9835084099323,11.051947,0.0,6.079673767089844,56.5,153
1023,586,0.7747440273037542,0.020477815699658702,926.9929003715515,2156.0820364970714,11.83669,0.0,6.079673767089844,58.0,153
790,585,0.7658119658119659,0.015384615384615385,927.0941000729799,2156.0820364970714,11.59374,0.0,6.079673767089844,57.0,156
39,585,0.7264957264957265,0.023931623931623933,927.3021596819162,2154.0001099724323,10.938285,0.0,6.079673767089844,56.0,151
843,585,0.717948717948718,0.03418803418803419,928.4962000846863,2156.000000419095,10.265061,0.0,6.377696990966797,55.0,156
361,585,0.7401709401709402,0.02735042735042735,927.3157999813557,2151.993886532262,11.670592,0.0,6.377696990966797,55.0,161
710,584,0.761986301369863,0.046232876712328765,927.7944501265883,2156.0820364970714,11.6290935,0.0,6.079673767089844,58.0,154
739,584,0.7534246575342466,0.032534246575342464,927.480649895966,2155.917964341119,11.5624435,0.0,6.377696990966797,57.0,167
640,584,0.7808219178082192,0.011986301369863013,926.9537301510572,2156.004000844434,9.915265,0.0,6.079673767089844,55.0,147
1107,584,0.7756849315068494,0.04280821917808219,926.901000149548,2151.9791980404407,12.03381975,0.0,6.377696990966797,58.0,165
488,583,0.7547169811320755,0.03430531732418525,926.4723001271486,2156.004000844434,11.290689,0.0,6.377696990966797,59.0,160
64,583,0.7632933104631218,0.04288164665523156,926.9220999628305,2155.9185479898006,11.24983,0.0,6.079673767089844,58.0,148
313,583,0.758147512864494,0.015437392795883362,926.7887997180223,2153.9835084099323,10.912856,0.0,6.079673767089844,56.0,149
452,582,0.7646048109965635,0.02577319587628866,928.2904499992728,2156.000000419095,10.37026,0.0,6.079673767089844,56.0,154
1211,582,0.7783505154639175,0.03951890034364261,926.0463002622128,2155.917964341119,11.955452000000001,0.0,6.079673767089844,60.0,169
934,582,0.7560137457044673,0.03264604810996564,926.8427079990506,2156.000000419095,11.783953,0.0,6.079673767089844,58.0,155
817,582,0.7989690721649485,0.018900343642611683,927.2298381924629,2156.004000844434,11.57280525,0.0,6.377696990966797,58.0,158
1132,582,0.7577319587628866,0.01718213058419244,928.5447000786662,2151.994328321889,11.093658999999999,0.0,6.22868537902832,59.0,152
1239,582,0.7405498281786942,0.041237113402061855,927.7668801397085,2151.981980504468,11.390479,0.0,6.377696990966797,56.0,149
186,582,0.7439862542955327,0.022336769759450172,927.0005583912134,1756.0040002390742,10.8148725,0.0,6.079673767089844,57.0,159
379,581,0.7383820998278829,0.03098106712564544,927.0455004274845,2151.9760963935405,10.895204,0.0,6.079673767089844,57.0,150
202,581,0.774526678141136,0.03614457831325301,927.8302999585867,2156.0820364970714,11.760917,0.0,6.079673767089844,57.0,155
747,581,0.7521514629948365,0.03270223752151463,927.5363598763943,2151.9940841216594,11.2858,0.0,6.079673767089844,56.0,165
744,581,0.7865748709122203,0.024096385542168676,927.4226997494698,2156.000000419095,12.150342,0.0,6.377696990966797,58.0,153
1002,580,0.7724137931034483,0.039655172413793106,927.1822581812739,2154.000089706853,11.7346655,0.0,6.079673767089844,58.0,158
151,579,0.7616580310880829,0.024179620034542316,926.4775999933481,2155.917964341119,11.23379,0.0,6.079673767089844,56.0,149
136,579,0.7322970639032815,0.04317789291882556,926.7928001284599,2156.0820364970714,11.404047,0.0,6.079673767089844,55.0,154
597,578,0.7941176470588235,0.029411764705882353,927.0522878915071,2151.9940841216594,12.480236999999999,0.0,6.079673767089844,61.0,150
1123,577,0.7712305025996534,0.029462738301559793,926.5064000785351,2155.9185479898006,10.795024,0.0,6.079673767089844,58.0,156
602,577,0.7885615251299827,0.022530329289428077,926.5174000114202,2156.000000419095,11.238397,0.0,6.079673767089844,59.0,155
999,576,0.7725694444444444,0.010416666666666666,927.1640498563647,2151.9937487263232,10.856449999999999,0.0,6.079673767089844,57.5,145
300,576,0.765625,0.029513888888888888,926.4998302534223,2151.994328321889,11.2152735,0.0,6.079673767089844,56.0,156
426,576,0.7725694444444444,0.017361111111111112,927.2121998742223,2151.9941864628345,11.0626645,0.0,6.079673767089844,58.0,133
167,575,0.7530434782608696,0.022608695652173914,927.0175995975733,2151.994328321889,11.464601,0.0,6.377696990966797,56.0,151
1042,575,0.7547826086956522,0.04521739130434783,926.3984161019325,2156.004000844434,11.561967,0.0,6.079673767089844,57.0,152
588,574,0.7421602787456446,0.029616724738675958,926.2847998216748,2155.917964341119,11.137642,0.0,6.079673767089844,57.0,154
126,572,0.7412587412587412,0.043706293706293704,928.0512999147177,1713.4997735209763,11.604353,0.0,6.377696990966797,57.0,153
1066,572,0.7622377622377622,0.017482517482517484,926.9084078446031,2151.9941864628345,10.69679725,0.0,6.079673767089844,58.0,157
723,572,0.7517482517482518,0.027972027972027972,926.5395298227668,2152.0235543269664,10.6958415,0.0,6.079673767089844,56.0,147
1006,571,0.7565674255691769,0.0297723292469352,927.9004004150629,2154.0000734943897,10.892791,0.0,6.079673767089844,57.0,162
1155,570,0.7824561403508772,0.02280701754385965,926.9780084490776,2156.0820364970714,10.600242999999999,0.0,6.079673767089844,59.0,139
1037,570,0.7771929824561403,0.01929824561403509,927.1948501467705,2151.994196595624,10.2336995,0.0,6.377696990966797,57.5,147
1193,569,0.7908611599297012,0.028119507908611598,926.503600269556,1718.5821016896516,11.1967325,0.0,6.079673767089844,59.0,155
74,569,0.7434094903339191,0.01757469244288225,926.5654001533985,2154.000428142026,9.780904,0.0,6.079673767089844,57.0,146
350,569,0.7943760984182777,0.012302284710017574,926.3872997760773,2155.9185479898006,10.152693,0.0,6.079673767089844,57.0,139
833,568,0.7323943661971831,0.02464788732394366,926.6544997692108,2155.946280421689,10.9151955,0.0,6.377696990966797,57.0,160
637,568,0.7570422535211268,0.01936619718309859,927.5100000575185,2156.004000844434,10.7705145,0.0,6.377696990966797,57.0,156
143,568,0.7816901408450704,0.007042253521126761,926.5176503360271,2151.9664428848773,10.291265,0.0,6.079673767089844,58.0,155
466,568,0.7482394366197183,0.014084507042253521,925.929298222065,2155.9185479898006,9.8798285,0.0,6.079673767089844,56.0,150
861,567,0.7883597883597884,0.015873015873015872,927.9605994969606,2154.000428142026,11.40106,0.0,6.377696990966797,58.0,150
569,567,0.7425044091710759,0.024691358024691357,927.1214157491922,2154.000089706853,11.766911,0.0,6.079673767089844,56.0,161
273,566,0.7491166077738516,0.02120141342756184,926.6524501368403,2155.917964341119,10.8789065,0.0,6.079673767089844,55.0,147
547,566,0.7614840989399293,0.022968197879858657,927.6225002408028,2151.986764194444,10.2618845,0.0,6.079673767089844,56.0,151
207,565,0.7415929203539823,0.04070796460176991,926.9209998100996,2151.9662290830165,11.480024,0.0,6.377696990966797,56.0,160
364,565,0.7752212389380531,0.035398230088495575,928.0055000782013,2156.0820364970714,10.84376,0.0,6.377696990966797,59.0,152
1010,564,0.7322695035460993,0.040780141843971635,926.3046998307109,2156.000000419095,11.3052405,0.0,6.079673767089844,55.0,160
123,564,0.74822695035461,0.03723404255319149,928.2372576147318,2151.9941864628345,11.426244,0.0,6.22868537902832,56.0,159
479,564,0.7641843971631206,0.015957446808510637,927.8948502242565,1714.5239552613348,10.261889,0.0,6.079673767089844,57.0,141
1112,563,0.7797513321492007,0.02486678507992895,926.3964597433805,2151.9867925662547,11.090623,0.0,6.079673767089844,59.0,156
482,563,0.7531083481349912,0.023090586145648313,926.9076002687216,2154.0001099724323,10.895224,0.0,6.079673767089844,55.0,153
245,563,0.738898756660746,0.03907637655417407,928.0517001152039,2151.994196595624,10.917076,0.0,6.377696990966797,59.0,159
414,562,0.7491103202846975,0.019572953736654804,926.737149938941,2152.0235543269664,10.189792,0.0,6.079673767089844,57.0,146
1018,562,0.7740213523131673,0.017793594306049824,926.2874999791384,2151.9937487263232,10.5747045,0.0,6.079673767089844,58.0,159
171,562,0.7686832740213523,0.028469750889679714,927.9610499218106,2156.053720416501,11.2715655,0.0,6.377696990966797,56.5,148
423,562,0.8113879003558719,0.017793594306049824,926.5879500955343,2155.917964341119,10.858941000000002,0.0,6.079673767089844,59.0,160
235,560,0.7678571428571429,0.014285714285714285,927.2999498099089,2155.9959999937564,10.090917999999999,0.0,5.573034286499023,57.0,148
761,558,0.7562724014336918,0.026881720430107527,926.5652000531554,2155.917964341119,10.78515825,0.0,6.079673767089844,58.0,142
253,558,0.7258064516129032,0.02867383512544803,927.2930300086737,2152.0235543269664,10.5766005,0.0,6.377696990966797,57.0,149
648,557,0.7881508078994613,0.019748653500897665,926.875899925828,2155.9185479898006,10.6319895,0.0,6.377696990966797,57.0,154
368,556,0.7607913669064749,0.023381294964028777,927.9454078227282,2156.0820364970714,10.561475999999999,0.0,6.079673767089844,55.0,142
777,556,0.7607913669064749,0.01079136690647482,926.5414000824094,2156.004000844434,10.181145,0.0,6.079673767089844,57.5,153
1064,553,0.7667269439421338,0.027124773960216998,927.0900996625423,2151.981980504468,11.780929,0.0,6.079673767089844,57.0,157
1227,553,0.755877034358047,0.014466546112115732,926.0872163772583,1708.4838359802961,10.238717,0.0,5.066394805908203,57.0,139
222,553,0.7721518987341772,0.019891500904159132,926.2536997795105,2152.0235543269664,10.20756,0.0,6.079673767089844,59.0,155
163,553,0.7341772151898734,0.04701627486437613,927.5402996987104,2156.053720416501,11.633918,0.0,6.377696990966797,57.0,151
835,553,0.786618444846293,0.03074141048824593,928.0517001152039,2156.0820364970714,11.0282955,0.0,6.377696990966797,58.0,144
1120,552,0.7192028985507246,0.03260869565217391,927.9778854474425,2151.993886532262,10.720787999999999,0.0,6.079673767089844,54.0,151
1044,552,0.7989130434782609,0.021739130434782608,926.9468502104282,2155.917964341119,10.318815,0.0,6.079673767089844,58.0,148
69,552,0.7318840579710145,0.012681159420289856,926.4758301824331,2156.0820364970714,9.98298925,0.0,6.079673767089844,55.0,145
580,551,0.7622504537205081,0.030852994555353903,926.9220999628305,2156.000000419095,11.866422,0.0,6.079673767089844,59.0,157
387,550,0.78,0.01818181818181818,927.8708501532674,2151.9867003578693,10.160779999999999,0.0,6.079673767089844,58.5,152
511,549,0.7668488160291439,0.014571948998178506,926.875899925828,2155.9185479898006,10.256463,0.0,6.079673767089844,56.0,156
803,549,0.7504553734061931,0.014571948998178506,927.706559881568,2151.9867925662547,9.88327,0.0,6.079673767089844,57.0,133
575,549,0.7504553734061931,0.025500910746812388,926.7180598974228,2151.981980504468,9.908533,0.0,6.377696990966797,56.0,143
987,549,0.7741347905282332,0.020036429872495445,927.7493159621954,2156.0820364970714,10.702575,0.0,6.079673767089844,58.0,144
212,547,0.773308957952468,0.018281535648994516,926.8301000893116,2155.917964341119,9.946527,0.0,5.066394805908203,57.0,138
774,545,0.7834862385321101,0.012844036697247707,926.2476999610662,2154.000428142026,9.95415,0.0,5.066394805908203,56.0,140
599,545,0.763302752293578,0.025688073394495414,926.9220999628305,2151.999756457284,10.681779,0.0,6.377696990966797,56.0,157
858,545,0.7761467889908257,0.011009174311926606,927.3153997808695,2151.9937487263232,10.397111,0.0,6.079673767089844,59.0,138
94,544,0.7555147058823529,0.014705882352941176,927.3530999422073,2155.9185479898006,9.62146225,0.0,6.22868537902832,55.0,148
1158,544,0.7463235294117647,0.022058823529411766,927.7785999551415,2155.9185479898006,9.741531,0.0,6.079673767089844,57.0,148
371,544,0.7775735294117647,0.016544117647058824,926.3760000914335,2151.9937487263232,9.7896675,0.0,5.066394805908203,56.0,139
674,544,0.7886029411764706,0.027573529411764705,925.8443999141455,2155.917964341119,10.693651,0.0,5.066394805908203,58.5,145
951,543,0.7716390423572744,0.01841620626151013,925.6211996525526,2155.917964341119,10.038075,0.0,6.079673767089844,57.0,140
770,543,0.7808471454880295,0.007366482504604052,926.8198001086712,2151.993886532262,9.915185,0.0,5.066394805908203,57.0,143
618,543,0.7697974217311234,0.01841620626151013,927.7473596036434,2151.9941864628345,10.927443,0.0,6.377696990966797,59.0,150
295,542,0.7675276752767528,0.01107011070110701,926.7361000105739,2151.986764194444,9.8257405,0.0,6.079673767089844,56.0,142
877,541,0.756007393715342,0.027726432532347505,926.2485003620386,2151.994196595624,9.677759,0.0,6.079673767089844,56.0,146
825,541,0.7837338262476895,0.018484288354898338,926.339299634099,2151.9941864628345,10.315432,0.0,6.079673767089844,58.0,158
1076,540,0.7777777777777778,0.012962962962962963,926.8342583477497,2151.9940841216594,10.3089265,0.0,6.079673767089844,57.0,146
45,540,0.7592592592592593,0.014814814814814815,926.8414085432887,2156.004000844434,10.24480625,0.0,6.377696990966797,57.0,135
390,538,0.7620817843866171,0.01486988847583643,928.0181374847889,1751.9665790721774,10.515291000000001,0.0,6.079673767089844,57.0,140
820,538,0.7620817843866171,0.022304832713754646,926.2957001030445,2154.000428142026,9.529362500000001,0.0,6.079673767089844,57.0,143
971,537,0.7597765363128491,0.0148975791433892,926.2476999610662,2151.966241242364,9.592503,0.0,6.079673767089844,56.0,143
708,537,0.7877094972067039,0.0223463687150838,926.0428164452314,2154.000428142026,10.063655,0.0,5.066394805908203,56.0,139
232,537,0.770949720670391,0.0223463687150838,926.3671000152826,2152.0235543269664,10.277368,0.0,6.079673767089844,58.0,144
881,536,0.7593283582089553,0.024253731343283583,927.0506504178047,2152.0235543269664,10.019077,0.0,6.079673767089844,55.5,138
225,536,0.7294776119402985,0.018656716417910446,926.3671000152826,2155.9185479898006,9.439318,0.0,5.066394805908203,53.0,139
1053,535,0.7700934579439253,0.018691588785046728,927.0314599275589,2155.954979421571,10.027738,0.0,6.079673767089844,56.0,148
885,534,0.7790262172284644,0.016853932584269662,927.2659000828862,2151.999756457284,10.434497,0.0,6.079673767089844,56.0,136
105,534,0.7640449438202247,0.028089887640449437,926.9029995575547,2154.000428142026,9.778110999999999,0.0,6.079673767089844,57.0,141
1091,534,0.7715355805243446,0.016853932584269662,927.1580580100417,2152.0235543269664,10.465881499999998,0.0,6.079673767089844,58.0,148
183,534,0.7734082397003745,0.020599250936329586,926.4513581618667,2156.004000844434,9.851877,0.0,5.066394805908203,57.0,134
179,533,0.7579737335834896,0.016885553470919325,927.957499936223,2151.993886532262,10.408095,0.0,6.079673767089844,56.0,138
1116,533,0.7673545966228893,0.01876172607879925,926.8341004997492,2151.990104975179,10.022724,0.0,6.079673767089844,59.0,140
447,533,0.7711069418386491,0.013133208255159476,926.6544997692108,2151.9791980404407,10.553898,0.0,6.079673767089844,59.0,142
248,532,0.7744360902255639,0.022556390977443608,928.1101596802473,2151.9941864628345,10.136867500000001,0.0,6.079673767089844,57.5,133
42,532,0.7575187969924813,0.02631578947368421,926.0988580659032,2151.9867925662547,10.084679000000001,0.0,5.066394805908203,55.5,140
692,532,0.7575187969924813,0.016917293233082706,926.8717161566019,2151.9936859030277,10.635693499999999,0.0,6.079673767089844,58.0,140
353,532,0.7462406015037594,0.03383458646616541,927.8769998475909,2156.004000844434,10.991645,0.0,6.377696990966797,57.0,138
810,530,0.7452830188679245,0.020754716981132074,926.8590500503778,2151.9864287991077,10.3511445,0.0,6.079673767089844,56.0,134
838,530,0.7905660377358491,0.016981132075471698,926.8414579704404,2151.9940841216594,10.393949500000002,0.0,6.079673767089844,59.0,139
101,529,0.7882797731568998,0.017013232514177693,927.6435004025698,1737.975451046601,10.411636,0.0,6.079673767089844,58.0,136
940,528,0.7897727272727273,0.026515151515151516,926.9175000488758,1707.4385661724955,10.026299,0.0,6.079673767089844,56.0,136
622,528,0.803030303030303,0.017045454545454544,927.9431078657508,2155.917964341119,10.387497,0.0,6.079673767089844,59.0,131
931,527,0.7552182163187856,0.015180265654648957,927.1950000226498,2154.000428142026,10.363838,0.0,6.079673767089844,58.0,134
572,527,0.8064516129032258,0.018975332068311195,925.845799818635,2151.981980504468,10.656968,0.0,6.079673767089844,59.0,149
918,527,0.7628083491461101,0.011385199240986717,926.3964597433805,2154.000428142026,10.047083,0.0,6.079673767089844,58.0,149
864,527,0.7760910815939279,0.022770398481973434,927.6435004025698,2151.9941864628345,10.513514,0.0,6.079673767089844,58.0,141
27,526,0.7623574144486692,0.017110266159695818,925.7999999821186,2151.986764194444,10.168834,0.0,6.079673767089844,56.0,134
714,526,0.7680608365019012,0.022813688212927757,926.9698497802019,2151.986764194444,11.1418335,0.0,6.377696990966797,59.0,148
176,525,0.7904761904761904,0.013333333333333334,927.3021596819162,2151.966400327161,9.741696,0.0,6.377696990966797,55.0,134
1180,524,0.7748091603053435,0.019083969465648856,927.3974496498704,2152.0235543269664,9.7611445,0.0,6.377696990966797,56.0,142
317,524,0.7480916030534351,0.01717557251908397,928.1314500272274,2151.986606122926,10.2562035,0.0,6.377696990966797,56.0,135
1008,524,0.7843511450381679,0.019083969465648856,909.5,2154.000428142026,9.9374225,0.0,5.066394805908203,56.0,151
958,524,0.7633587786259542,0.019083969465648856,926.7213579639792,2155.9959999937564,11.1136815,0.0,6.377696990966797,59.0,152
16,523,0.762906309751434,0.017208413001912046,926.4775999933481,1709.4936596341431,10.62619,0.0,5.066394805908203,57.0,145
605,523,0.7705544933078394,0.01338432122370937,927.1947002708912,2151.9867925662547,9.934751,0.0,6.079673767089844,57.0,146
583,523,0.762906309751434,0.022944550669216062,927.3423599004745,2151.993886532262,10.15462,0.0,6.079673767089844,57.0,128
626,522,0.7471264367816092,0.02490421455938697,927.2490079551935,2151.9867003578693,9.935425500000001,0.0,6.079673767089844,56.0,142
664,522,0.7605363984674329,0.011494252873563218,921.6803959682584,2151.9867003578693,9.7378275,0.0,5.066394805908203,56.0,140
632,521,0.7581573896353166,0.02111324376199616,927.8719000816345,2154.000428142026,10.245388,0.0,6.079673767089844,57.0,130
891,521,0.8023032629558541,0.019193857965451054,926.6709159612656,2151.986764194444,10.327851,0.0,6.377696990966797,58.0,136
98,521,0.7735124760076776,0.013435700575815739,927.3292999714613,2151.9664124865085,10.208555,0.0,6.377696990966797,54.0,129
284,519,0.7880539499036608,0.025048169556840076,926.566999360919,2151.9665746111423,10.556579,0.0,6.377696990966797,58.0,147
903,518,0.7702702702702703,0.019305019305019305,926.3674300611019,2151.966400327161,9.6817905,0.0,6.079673767089844,57.0,139
1230,518,0.7567567567567568,0.017374517374517374,926.3247497156262,2155.9185479898006,10.4442265,0.0,6.079673767089844,57.0,145
667,518,0.7741312741312741,0.017374517374517374,926.0390001907945,2151.981980504468,9.4112385,0.0,6.079673767089844,55.0,125
586,518,0.7316602316602316,0.015444015444015444,927.3101501390338,2155.9185479898006,10.19844775,0.0,6.079673767089844,54.0,130
323,518,0.7316602316602316,0.02895752895752896,927.2389080747962,2156.0820364970714,10.31608975,0.0,6.079673767089844,57.0,149
118,518,0.7567567567567568,0.019305019305019305,925.2970077618957,2155.9185479898006,10.276595499999999,0.0,6.079673767089844,56.0,143
333,517,0.7504835589941973,0.009671179883945842,926.6564003229141,2151.9941864628345,10.349842,0.0,6.079673767089844,57.0,134
614,516,0.7441860465116279,0.02131782945736434,926.4288998991251,2151.994328321889,10.277876500000001,0.0,6.079673767089844,57.0,145
1185,516,0.7693798449612403,0.01744186046511628,926.277258194983,2151.9940841216594,9.8656695,0.0,6.079673767089844,55.5,145
192,515,0.7611650485436893,0.013592233009708738,926.9976995885372,2156.0820364970714,10.397243,0.0,6.377696990966797,55.0,149
531,515,0.7766990291262136,0.019417475728155338,927.3153997808695,2151.9941864628345,9.824125,0.0,6.079673767089844,57.0,137
240,515,0.7708737864077669,0.015533980582524271,927.1027003973722,2151.9937487263232,9.906606,0.0,5.066394805908203,56.0,124
12,514,0.7723735408560312,0.027237354085603113,927.7418580427766,2155.9959999937564,10.111524500000002,0.0,6.377696990966797,57.0,134
728,514,0.7373540856031129,0.023346303501945526,927.1490000858903,2154.000428142026,9.499181,0.0,6.079673767089844,54.0,127
437,514,0.7665369649805448,0.01556420233463035,927.2916580066085,1714.4796389825642,10.110614,0.0,6.079673767089844,58.0,131
807,513,0.7738791423001949,0.025341130604288498,926.2094002962112,2152.0235543269664,9.913184,0.0,6.079673767089844,58.0,146
981,513,0.7875243664717348,0.015594541910331383,926.382400110364,2156.0820364970714,10.864454,0.0,6.079673767089844,59.0,149
109,513,0.7504873294346979,0.01364522417153996,928.4532000571489,2154.000428142026,10.0194845,0.0,6.079673767089844,56.0,132
1172,512,0.78515625,0.01953125,926.2219500094652,2151.9940841216594,10.546661499999999,0.0,6.079673767089844,59.0,141
704,512,0.775390625,0.01953125,926.6862798333168,1755.918547384441,10.177565000000001,0.0,5.066394805908203,56.0,141
153,512,0.787109375,0.025390625,926.0926501750946,2151.9867003578693,10.977186,0.0,6.079673767089844,59.0,134
1102,511,0.761252446183953,0.0136986301369863,926.566999360919,2151.9936859030277,9.987813,0.0,5.066394805908203,57.0,138
966,510,0.7294117647058823,0.011764705882352941,927.7180795967579,2156.004000844434,9.7454835,0.0,6.377696990966797,55.0,126
936,510,0.8019607843137255,0.01568627450980392,928.659249894321,2154.000428142026,10.2485265,0.0,6.22868537902832,57.0,134
720,510,0.7568627450980392,0.0196078431372549,927.4483580216765,2156.004000844434,9.7493585,0.0,6.079673767089844,53.0,128
374,509,0.7996070726915521,0.0137524557956778,927.554899841547,2156.004000844434,10.122299,0.0,6.377696990966797,58.0,134
732,509,0.7976424361493124,0.023575638506876228,926.5169998109341,2151.994196595624,10.273408,0.0,6.377696990966797,58.0,140
699,508,0.765748031496063,0.021653543307086614,928.1139001995325,2151.994328321889,9.826538,0.0,6.079673767089844,55.0,134
114,508,0.7775590551181102,0.00984251968503937,926.7385378852487,1708.4838359802961,10.264320999999999,0.0,6.079673767089844,58.0,133
160,507,0.7554240631163708,0.023668639053254437,926.4355996698141,2151.9936859030277,10.371748,0.0,6.079673767089844,56.0,137
130,507,0.7613412228796844,0.01775147928994083,926.6084001809359,2156.004000844434,9.933224,0.0,6.079673767089844,57.0,144
411,507,0.7554240631163708,0.015779092702169626,927.1950000226498,2152.0235543269664,10.342365,0.0,6.079673767089844,55.0,135
535,506,0.7885375494071146,0.01383399209486166,927.0226300060749,2151.994196595624,10.593755,0.0,6.079673767089844,59.0,131
687,506,0.8003952569169961,0.015810276679841896,927.4566498249769,2154.000428142026,9.92667275,0.0,6.079673767089844,58.0,127
922,506,0.7569169960474308,0.021739130434782608,927.2626498490572,2154.000428142026,9.902622,0.0,6.079673767089844,58.0,131
1141,506,0.7707509881422925,0.015810276679841896,926.8729000166059,2151.9867003578693,10.396467000000001,0.0,6.079673767089844,58.5,136
516,506,0.7154150197628458,0.029644268774703556,927.1742796823382,2151.9864287991077,9.9457325,0.0,6.079673767089844,54.0,133
841,506,0.7450592885375494,0.009881422924901186,926.5255299806595,2151.999756457284,10.199124000000001,0.0,6.079673767089844,57.5,147
787,506,0.758893280632411,0.019762845849802372,927.434999935329,2156.0820364970714,9.621502,0.0,6.079673767089844,55.0,121
594,505,0.7801980198019802,0.011881188118811881,925.397100135684,2155.917964341119,10.659868,0.0,6.079673767089844,57.0,144
657,504,0.751984126984127,0.021825396825396824,926.3185800909996,2151.9941864628345,10.2059365,0.0,5.066394805908203,56.0,138
469,504,0.7837301587301587,0.01984126984126984,927.800799921155,2156.0820364970714,10.8968785,0.0,6.079673767089844,58.5,133
1223,503,0.7495029821073559,0.015904572564612324,926.381299957633,2156.004000844434,10.297279,0.0,6.079673767089844,58.0,134
670,503,0.7833001988071571,0.015904572564612324,927.4924159497023,2151.9867003578693,10.465966,0.0,6.079673767089844,59.0,145
402,503,0.7892644135188867,0.019880715705765408,926.8487165868282,2151.9937487263232,10.376859,0.0,6.079673767089844,58.0,134
797,502,0.798804780876494,0.01195219123505976,927.0795501545072,2153.9834719318897,10.474060999999999,0.0,6.079673767089844,58.0,137
493,501,0.7624750499001997,0.01996007984031936,926.4052163213491,1704.9810908418149,9.912939,0.0,5.066394805908203,56.0,130
913,501,0.7664670658682635,0.007984031936127744,928.6641997843981,2151.993886532262,9.867188,0.0,6.079673767089844,58.0,124
751,501,0.7904191616766467,0.01996007984031936,927.5555997937918,2155.9185479898006,10.019626,0.0,6.079673767089844,58.0,140
85,501,0.7365269461077845,0.013972055888223553,926.1456998586655,2151.9867925662547,9.695093,0.0,6.079673767089844,55.0,138
32,500,0.776,0.01,927.2107999697328,2151.9936859030277,10.004063,0.0,6.377696990966797,58.0,136
947,500,0.784,0.014,928.2762500569224,2155.9959999937564,10.339834,0.0,6.079673767089844,56.0,128
854,500,0.768,0.014,926.3974498808384,2151.994196595624,9.8479695,0.0,6.079673767089844,55.0,135
896,499,0.7875751503006012,0.028056112224448898,927.6887995898724,2151.981980504468,10.078251,0.0,6.079673767089844,56.0,135
557,498,0.7429718875502008,0.012048192771084338,927.2298381924629,2156.053720416501,10.151702499999999,0.0,6.079673767089844,54.0,127
962,498,0.7710843373493976,0.018072289156626505,926.9335798174143,2155.9185479898006,10.013781999999999,0.0,6.079673767089844,57.0,138
525,498,0.7248995983935743,0.020080321285140562,927.3838579803705,2154.000428142026,9.6812985,0.0,6.079673767089844,55.0,148
610,497,0.7867203219315896,0.012072434607645875,926.2783001512289,1731.5008154697716,10.626065,0.0,5.066394805908203,59.0,142
406,497,0.7645875251509054,0.026156941649899398,927.5363598763943,2155.9185479898006,9.822169,0.0,6.079673767089844,57.0,128
277,497,0.778672032193159,0.008048289738430584,926.9716004580259,2151.993886532262,9.395545,0.0,6.079673767089844,57.0,132
870,496,0.7883064516129032,0.020161290322580645,926.4206001237035,2156.0820364970714,10.1677845,0.0,6.079673767089844,59.0,138
256,495,0.7737373737373737,0.01616161616161616,926.5654001533985,2151.9665746111423,10.070655,0.0,6.377696990966797,56.0,134
1201,495,0.804040404040404,0.024242424242424242,929.023099899292,2155.946280421689,10.143041,0.0,6.079673767089844,57.0,128
264,492,0.7804878048780488,0.006097560975609756,927.3156501054764,2151.9664712566882,10.2655535,0.0,6.079673767089844,59.0,139
909,492,0.7682926829268293,0.014227642276422764,926.880450412631,2155.9185479898006,10.16543975,0.0,5.066394805908203,58.0,125
270,492,0.7560975609756098,0.01016260162601626,926.9239997193217,2155.9959999937564,9.8342025,0.0,6.079673767089844,57.0,144
261,491,0.7433808553971487,0.03054989816700611,925.8194168806076,2151.981980504468,9.541741,0.0,6.079673767089844,56.0,136
928,490,0.7591836734693878,0.014285714285714285,926.1854002252221,2151.9936859030277,9.8603955,0.0,6.079673767089844,59.0,129
552,489,0.7668711656441718,0.012269938650306749,928.3658000975847,2151.986764194444,9.662004,0.0,6.079673767089844,56.0,128
814,489,0.7730061349693251,0.016359918200409,925.6691997945309,2156.0820364970714,10.166957,0.0,5.066394805908203,59.0,134
1049,488,0.7807377049180327,0.012295081967213115,926.1441580504179,1706.5431428719312,10.0860615,0.0,6.079673767089844,58.0,138
943,487,0.7433264887063655,0.028747433264887063,927.1346000432968,2155.917964341119,10.790361,0.0,6.079673767089844,59.0,129
1205,486,0.7160493827160493,0.024691358024691357,928.1923578307033,2151.9665746111423,9.3051925,0.0,6.079673767089844,52.0,118
990,485,0.7752577319587629,0.010309278350515464,926.9575599581003,2155.9959999937564,10.208791,0.0,6.079673767089844,57.0,132
1215,484,0.7913223140495868,0.010330578512396695,926.8795997872949,2151.994196595624,10.23499775,0.0,5.066394805908203,59.0,136
1029,483,0.7598343685300207,0.012422360248447204,927.3304001241922,2155.9185479898006,9.7349825,0.0,6.079673767089844,56.0,132
1138,482,0.7883817427385892,0.014522821576763486,926.1834000200033,2151.994196595624,9.928951999999999,0.0,6.079673767089844,58.0,127
359,479,0.7473903966597077,0.018789144050104383,927.6282003074884,2140.7496352810413,10.563035,0.0,6.079673767089844,55.0,121
36,479,0.7954070981210856,0.016701461377870562,927.2899001538754,2153.9834719318897,10.51162,0.0,6.079673767089844,58.0,131
758,478,0.7405857740585774,0.01882845188284519,928.0342579111457,2151.966605009511,9.596253,0.0,5.066394805908203,53.0,121
199,475,0.7936842105263158,0.010526315789473684,926.8660001456738,2151.9940841216594,10.387053,0.0,6.079673767089844,57.0,130
1146,473,0.773784355179704,0.02748414376321353,928.0211158692837,2155.9185479898006,10.514252,0.0,6.079673767089844,58.0,135
443,472,0.75,0.029661016949152543,927.9456796720624,2151.9760974068195,10.058982,0.0,6.079673767089844,56.0,136
229,470,0.7829787234042553,0.019148936170212766,927.6447002068162,1709.3000601641834,9.859637,0.0,5.066394805908203,57.0,121
1059,468,0.7606837606837606,0.01282051282051282,927.0321503132582,2151.9791980404407,10.1584155,0.0,6.079673767089844,56.0,121
79,466,0.778969957081545,0.02575107296137339,928.1400997787714,2151.981980504468,9.312096,0.0,6.22868537902832,55.5,129
793,464,0.7521551724137931,0.023706896551724137,927.7587501704693,2156.0450214166194,9.977151,0.0,6.079673767089844,56.0,141
1135,462,0.7943722943722944,0.015151515151515152,926.4878999739885,2155.9185479898006,10.584507,0.0,6.079673767089844,59.0,131
508,462,0.7467532467532467,0.01948051948051948,927.3070577532053,1739.9890866223723,10.3497995,0.0,5.066394805908203,58.0,131
766,458,0.7751091703056768,0.021834061135371178,929.2502001225948,2155.9185479898006,10.012574,0.0,6.079673767089844,56.0,108
498,456,0.7675438596491229,0.015350877192982455,926.8028497844934,2151.9760963935405,9.6566975,0.0,6.079673767089844,56.0,121
395,452,0.7190265486725663,0.015486725663716814,927.5104297548532,2151.994328321889,8.94473775,0.0,5.066394805908203,54.0,109
717,452,0.7588495575221239,0.024336283185840708,927.5802001655102,2152.0235543269664,9.791644,0.0,6.079673767089844,57.0,111
1085,444,0.7297297297297297,0.02027027027027027,928.9130495488644,1704.9677819330245,9.578392000000001,0.0,5.066394805908203,54.0,99
6,438,0.723744292237443,0.0182648401826484,927.6289074346423,2154.000428142026,9.675494,0.0,6.079673767089844,53.5,99
431,431,0.7122969837587007,0.025522041763341066,927.4324161708355,2136.0528805870563,9.140009,0.0,5.066394805908203,53.0,108
90,431,0.7215777262180975,0.030162412993039442,926.9998998939991,2151.966400327161,9.207567,0.0,5.066394805908203,55.0,113
504,431,0.777262180974478,0.0069605568445475635,927.6163601130247,2151.9937487263232,10.042707,0.0,6.079673767089844,57.0,110
486,428,0.7383177570093458,0.028037383177570093,927.3602078855038,2151.986764194444,10.02747575,0.0,5.066394805908203,55.0,112
149,423,0.7210401891252955,0.02127659574468085,928.5883004069328,2151.993886532262,9.2569685,0.0,6.377696990966797,51.0,100
645,422,0.7559241706161137,0.016587677725118485,927.501508153975,1697.6401706784964,9.9041955,0.0,6.079673767089844,56.0,117
1190,410,0.748780487804878,0.01951219512195122,928.1018001139164,1704.4540809709579,9.474008999999999,0.0,6.079673767089844,55.0,86
21,408,0.7524509803921569,0.0196078431372549,927.6078076213598,2151.9937487263232,9.4610795,0.0,6.079673767089844,55.5,109
545,402,0.7437810945273632,0.01990049751243781,928.9488077014685,2151.9864287991077,9.75944,0.0,5.066394805908203,56.0,110
1166,400,0.715,0.03,928.006200030446,1706.9948186259717,9.33992,0.0,4.889443516731262,53.0,104
309,399,0.7468671679197995,0.010025062656641603,927.4210000932217,2140.7496099490672,9.509749,0.0,5.066394805908203,53.0,88
830,391,0.690537084398977,0.017902813299232736,927.9140997081995,2151.981980504468,9.021925,0.0,5.066394805908203,52.0,98
460,390,0.7051282051282052,0.020512820512820513,928.9067499786615,1688.6195370648056,9.249243499999999,0.0,6.377696990966797,49.0,82
291,388,0.770618556701031,0.007731958762886598,927.8314997628331,2148.0342983622104,9.319790000000001,0.0,5.066394805908203,52.0,84
679,382,0.7643979057591623,0.020942408376963352,928.1251799538732,2156.004000844434,9.448994500000001,0.0,5.066394805908203,55.0,108
419,377,0.713527851458886,0.010610079575596816,928.37991553545,1680.605537392199,9.219872,0.0,6.079673767089844,53.0,82
1151,374,0.7486631016042781,0.01871657754010695,927.6585350260139,1693.2402489278466,9.372652500000001,0.0,6.079673767089844,53.0,82
345,374,0.679144385026738,0.02406417112299465,929.2289998605847,2151.9867925662547,9.0438845,0.0,6.079673767089844,48.5,93
653,372,0.739247311827957,0.026881720430107527,928.890907779336,2154.000428142026,8.908691000000001,0.0,6.079673767089844,54.0,89
564,367,0.7520435967302452,0.021798365122615803,928.2736997753382,1704.542332360521,9.094515,0.0,6.079673767089844,52.0,93
996,366,0.7622950819672131,0.02459016393442623,928.8457576707006,1691.5352980028838,9.74273275,0.0,6.079673767089844,55.0,82
1314,284,0.0,0.528169014084507,955.9080583453178,20.561970934271812,100.32513499999999,0.005044025162275165,9.566545486450195,2.0,39
1392,253,0.0,0.5335968379446641,956.0196138322353,8.373901799321175,76.22636,0.005044025162275165,9.566545486450195,2.0,37
1245,165,0.7515151515151515,0.01818181818181818,927.197099879384,1698.448553794995,10.445986,0.0,6.079673767089844,59.0,72
1295,85,0.9058823529411765,0.0,935.6159006655216,0.7512002289295197,598.10614,0.0,12.755393981933594,59.0,9
1445,74,0.918918918918919,0.013513513513513514,648.99565538764,1689.7961452882737,171.24259999999998,0.0,7.092952728271484,64.0,46
1471,73,0.1506849315068493,0.4931506849315068,947.579994648695,1692.217295518145,30.962816,0.081486845489948,20.72751522064209,3.0,36
1482,69,0.2753623188405797,0.5942028985507246,951.5930919200182,1737.4320377334952,22.6615,0.2870213027823675,23.305416107177734,2.0,45
1477,66,0.36363636363636365,0.3484848484848485,949.0173952132463,1768.2200197540224,55.5209465,0.1656099640139846,25.331974029541016,11.0,50
1384,64,0.90625,0.0,935.49720056355,0.7501000761985779,611.28656,0.0,12.755393981933594,61.0,9
1334,51,1.0,0.0,551.9878776669502,331.07921673357487,322.35962,0.0,5.066394805908203,64.0,21
1415,49,0.9387755102040817,0.0,938.7346007227898,7.325101017951965,455.07315,0.0,7.092952728271484,64.0,2
1377,44,1.0,0.0,856.0,312.0,15369476.5,0.0,1.5944242477416992,64.0,7
1421,42,1.0,0.0,625.003514289856,48.05145651102066,401.25520500000005,0.0,5.066394805908203,64.0,14
1383,41,0.5121951219512195,0.04878048780487805,2202.6422610506415,1584.904758831486,10.412284,0.0,6.51925802230835,32.0,9
1326,40,0.975,0.0,938.8160997629166,7.358000159263611,329.72875999999997,0.0,7.092952728271484,64.0,2
1464,40,0.1,0.575,965.5992351919413,1673.7174185067415,10.5755155,0.14123270454370462,11.160969734191895,1.5,16
1418,39,1.0,0.0,574.9987214207649,23.005542278289795,14555.375,0.0,5.066394805908203,64.0,7
1264,37,1.0,0.0,574.9966452121735,123.0311570763588,9200.289,0.03422447510577816,9.119510650634766,64.0,7
1412,36,0.9722222222222222,0.0,575.9952503740788,339.98585571348667,26.833617,0.0,5.066394805908203,64.0,23
1320,36,0.9722222222222222,0.0,593.9841437637806,1645.1396463289857,31.956769,0.0,5.066394805908203,64.0,23
1307,35,0.8857142857142857,0.0,931.3387842774391,8.15139989554882,238.6433,0.0,4.783272743225098,64.0,4
1321,34,1.0,0.0,574.995534658432,23.005542278289795,12145.438,0.0,5.066394805908203,64.0,7
1328,34,1.0,0.0,934.6325753852725,1643.565338741988,147.491975,0.0,9.566545486450195,64.0,15
1287,33,1.0,0.0,856.0,312.0,17453432.0,0.0,1.5944242477416992,64.0,6
1424,32,1.0,0.0,574.9974948465824,100.00345438718796,9009.9565,0.03422447510577816,8.612871170043945,64.0,6
1422,32,1.0,0.0,551.9940186440945,323.0496983677149,286.051605,0.0,5.066394805908203,64.0,16
1457,32,0.9375,0.0,624.4817490875721,409.95815502107143,1084.75195,0.06497675754674612,12.159347534179688,64.0,7
1409,31,1.0,0.0,587.9783324599266,1691.269320551306,27.819502,0.0,5.066394805908203,64.0,18
1299,30,0.8333333333333334,0.0,2202.6473737787455,1584.904758831486,9.5404295,0.0,5.704350769519806,47.0,6
1353,29,1.0,0.0,856.0,312.0,15372138.0,0.0,1.5944242477416992,64.0,7
1425,28,0.9285714285714286,0.0,564.00021058321,24.000425159931183,84.106145,0.09411730654088994,22.798776626586914,61.0,3
1468,28,1.0,0.0,575.9888601303101,125.00322288274765,217.26117499999998,0.06844895021155632,9.626150131225586,64.0,7
1385,27,0.9259259259259259,0.0,633.7496154308319,1642.493931747973,22.482265,0.0,19.13309097290039,62.0,11
1265,27,0.8518518518518519,0.0,552.0002062320709,24.000425159931183,82.486725,0.15401013797600172,22.292137145996094,61.0,3
1050,25,0.96,0.0,935.7151998132467,293.6967070698738,663.62256,0.0,6.079673767089844,64.0,5
1340,25,0.2,0.6,950.3906504958868,1349.2256833910942,18.994478,0.4202811933598953,6.377696990966797,1.0,20
543,25,0.92,0.0,935.5932997018099,1671.409580718726,659.64526,0.0,4.783272743225098,64.0,7
233,25,0.92,0.0,935.4620004594326,1304.5592513345182,681.0609,0.0,5.066394805908203,64.0,9
937,24,0.7916666666666666,0.041666666666666664,935.5998001694679,1278.3836888950318,626.086585,0.0,4.783272743225098,64.0,5
886,24,0.9166666666666666,0.0,935.5852000266314,1623.414515208453,624.423725,0.0,6.079673767089844,64.0,7
1336,23,1.0,0.0,574.99631690979,100.0022212266922,10443.414,0.03422447510577816,9.119510650634766,64.0,3
842,23,0.8695652173913043,0.0,935.6671996712685,339.0434707403183,611.0017,0.0,7.092952728271484,64.0,8
119,23,0.8260869565217391,0.0,935.5511000752449,1305.398117724806,656.3951,0.0,7.972121238708496,64.0,9
752,23,0.9130434782608695,0.0,935.7151998132467,1303.8831527922302,681.5708,0.0,4.783272743225098,64.0,6
1440,23,1.0,0.0,856.0,312.0,24088842.0,0.0,1.5944242477416992,64.0,5
1393,23,1.0,0.0,931.7579998672009,7.71891550719738,277.49707,0.0,3.1888484954833984,64.0,3
1398,22,0.3181818181818182,0.0,639.2490714788437,72.02906668186188,6.579991,0.0,8.106231689453125,19.5,18
1414,22,0.9545454545454546,0.0,1579.003949998878,1308.9749018605798,188.79809,0.0,9.566545486450195,64.0,6
1401,22,1.0,0.0,552.0006135702133,23.988173604011536,229.23977000000002,0.0,6.079673767089844,64.0,2
1402,22,1.0,0.0,623.9929174780846,25.059541821479797,247.15902499999999,0.0,6.079673767089844,64.0,3
46,21,0.9047619047619048,0.0,935.8260999917984,1288.8605135474354,727.8416,0.0,6.079673767089844,64.0,8
649,21,0.8571428571428571,0.047619047619047616,935.6941996514797,62.90040098130703,634.4792,0.0,6.377696990966797,64.0,5
721,21,0.9523809523809523,0.0,935.6218000352383,1294.943225365132,725.7418,0.0,7.972121238708496,64.0,9
1256,21,0.0,0.8571428571428571,599.3126287460327,348.6961324363947,58.7203,0.06052830194730198,28.371810913085938,2.0,4
1263,21,0.42857142857142855,0.19047619047619047,874.9918329566717,89.80051992833614,772.6094,0.3587766284779594,27.105212211608887,17.0,9
1312,21,0.5714285714285714,0.0,644.3596999645233,347.0623956024647,7.4774284,0.0,6.079673767089844,36.0,16
1452,20,1.0,0.0,874.9966513067484,0.007302463054656982,557.5623,0.19476445545946366,28.699636459350586,64.0,15
485,20,0.85,0.0,935.5707999840379,1.606653481721878,675.581985,0.0,4.783272743225098,64.0,4
558,20,0.9,0.0,935.8090500161052,1304.7851800899953,646.2853399999999,0.0,7.1749091148376465,64.0,9
1142,20,0.95,0.0,935.42704988271,1328.6799953151494,671.1618699999999,0.0,7.972121238708496,63.0,12
1165,20,1.0,0.0,576.0202114880085,386.5973084270954,29.071019,0.0,5.573034286499023,63.5,17
494,20,0.95,0.0,935.5628501847386,1305.3982676677406,612.7549799999999,0.0,6.377696990966797,64.0,9
1454,20,0.0,0.55,950.364745080471,0.016606628894805908,18.8902145,0.0753753320782019,21.785497665405273,2.0,3
1251,20,0.8,0.0,564.00021058321,24.000425159931183,82.35306,0.09411730654088994,22.798776626586914,61.0,3
396,20,1.0,0.0,581.9864324629307,338.0043912380934,40.784083499999994,0.0,6.079673767089844,64.0,14
1262,20,0.25,0.6,951.6581101492047,1732.0155333429575,20.714962999999997,0.4202811933598953,12.117438018321991,1.5,17
1257,20,1.0,0.0,2203.6799932830036,0.007749767974019051,13556.2255,0.010540854454720182,9.778887033462524,64.0,1
1083,20,0.85,0.05,935.7694995254278,4.373400628566742,634.10445,0.0,5.431473255157471,63.0,5
584,20,0.85,0.05,935.6911997422576,12.665100365877151,654.179975,0.0,5.431473255157471,63.0,4
1456,20,0.75,0.05,959.9995614290237,48.03452254831791,6.52686325,0.15376141220483974,10.363757610321045,33.0,2
106,20,0.85,0.05,935.857800334692,1278.4686913117766,673.99635,0.0,6.735324859619141,64.0,9
1417,20,1.0,0.0,551.9657040834427,48.04552274942398,1505.88,0.0,5.066394805908203,64.0,4
1432,19,1.0,0.0,2203.6799932830036,0.007749767974019051,13580.714,0.010540854454720182,9.778887033462524,64.0,1
1297,19,1.0,0.0,2252.4228654801846,4.096041666343808,9.211108,0.0,9.778887033462524,63.0,1
391,19,0.8947368421052632,0.0,935.4620004594326,11.4174003303051,701.9321,0.0,4.783272743225098,64.0,6
296,19,0.8947368421052632,0.0,935.6941996514797,1671.409580718726,730.3541,0.0,6.377696990966797,64.0,7
1323,19,1.0,0.0,552.0006135702133,24.004956543445587,228.12944,0.0,5.066394805908203,64.0,2
675,19,0.9473684210526315,0.0,935.6464004069567,1305.39825299941,625.821,0.0,6.377696990966797,64.0,7
17,19,0.8421052631578947,0.05263157894736842,935.4943003058434,1648.358855318278,613.33386,0.0,7.972121238708496,60.0,11
1443,19,1.0,0.0,2241.74398672767,0.9696597699075937,22.872293,0.0,6.51925802230835,64.0,1
1433,19,0.47368421052631576,0.0,2223.704285454005,5.28311706148088,179.51424,0.20027623463968347,6.51925802230835,20.0,1
13,19,0.8947368421052632,0.0,935.6671996712685,1357.7648533340544,725.7889,0.0,6.377696990966797,64.0,4
230,19,0.8947368421052632,0.0,935.6763994991779,1288.063326191157,622.7955,0.0,6.377696990966797,64.0,6
161,19,1.0,0.0,935.6218000352383,1376.738729884848,738.5281,0.0,4.783272743225098,64.0,6
1272,19,0.21052631578947367,0.5789473684210527,950.4599728733301,1358.7444248497486,26.148502,0.4202811933598953,9.566545486450195,2.0,13
1331,19,1.0,0.0,625.0006811618805,24.025786519050598,422.7935,0.0,6.079673767089844,64.0,7
668,19,0.8947368421052632,0.0,935.5367996841669,6.640784814953804,628.90405,0.0,6.377696990966797,59.0,7
1273,18,1.0,0.0,552.0002062320709,23.999645948410034,128.142965,0.15401013797600172,21.278858184814453,61.0,2
290,18,1.0,0.0,935.5778003036976,1277.4234779383987,658.171725,0.0,4.783272743225098,64.0,4
226,18,0.8888888888888888,0.0,935.7295002043247,3.693453833460808,634.4779000000001,0.0,7.972121238708496,64.0,5
1484,18,0.6666666666666666,0.16666666666666666,769.771804228425,2225.0012192372233,33.8298245,0.16703155613490095,21.278858184814453,62.0,15
70,18,0.9444444444444444,0.0,935.7813995108008,1579.7893298864365,505.50291500000003,0.0,6.079673767089844,64.0,6
1280,18,0.0,0.8333333333333334,602.281182974577,352.4748969525099,51.6524375,0.05475910730148198,26.345252990722656,1.0,5
658,18,0.9444444444444444,0.0,935.4106002300978,4.172153905034065,701.610175,0.0,7.1749091148376465,63.0,9
430,18,0.8888888888888888,0.0,935.4666003733873,8.767899975180626,671.515185,0.0,4.783272743225098,64.0,5
198,18,0.9444444444444444,0.0,935.5563999414444,1347.653871865943,717.7804550000001,0.0,4.783272743225098,64.0,4
1113,18,0.8888888888888888,0.0,935.3821006715298,1556.4300545174628,657.75155,0.0,6.377696990966797,64.0,9
1216,18,0.9444444444444444,0.0,935.6587500199676,1.4518077820539474,657.553435,0.0,5.580484867095947,64.0,4
1423,18,0.3888888888888889,0.5,959.7611718848348,1659.0097224861383,78.650755,0.4202811933598953,16.936101019382477,4.0,12
1150,18,0.8888888888888888,0.0,935.5084500238299,1357.764868002385,623.72115,0.0,6.22868537902832,64.0,10
461,18,1.0,0.0,575.9953719675541,36.012282848358154,31.505722,0.0,5.066394805908203,64.0,14
532,18,0.8888888888888888,0.0,935.385499984026,4.88931630551815,661.3698999999999,0.0,4.783272743225098,64.0,6
5,17,0.8823529411764706,0.0,936.0253998339176,1304.3502669595182,664.85516,0.0,5.066394805908203,64.0,6
1231,17,1.0,0.0,935.7483000606298,80.02907657623291,788.03217,0.0,3.1888484954833984,64.0,3
515,17,0.8823529411764706,0.0,935.6553993374109,338.9764960408211,665.8641,0.0,9.566545486450195,64.0,8
991,17,0.9411764705882353,0.0,935.8260999917984,1297.0365258269012,594.9333,0.0,4.783272743225098,64.0,4
1275,17,1.0,0.0,574.9952904582024,0.0038555264472961426,10749.101,0.03422447510577816,8.106231689453125,64.0,3
972,17,0.9411764705882353,0.0,935.3821006715298,1.4372538775205612,670.8458,0.0,6.377696990966797,64.0,5
1258,17,0.4117647058823529,0.0,2223.704285454005,96.96397883817554,247.67195,0.20554666186704354,6.51925802230835,15.0,2
1156,17,1.0,0.0,935.7151998132467,1305.3982676677406,721.1713,0.0,4.783272743225098,64.0,4
271,17,0.8235294117647058,0.0,935.6464004069567,1598.36223231256,612.6023,0.0,7.972121238708496,64.0,8
678,17,1.0,0.0,935.4458999633789,1278.4687483552843,708.5144,0.0,4.783272743225098,62.0,5
1390,17,0.9411764705882353,0.0,647.967128098011,48.01408678293228,73.64458,0.0,12.159347534179688,63.0,4
262,17,0.9411764705882353,0.0,935.6293002068996,1328.6799953151494,676.2688,0.0,4.783272743225098,64.0,6
759,17,1.0,0.0,935.3821006715298,1651.7143763415515,589.64526,0.0,7.092952728271484,64.0,8
775,17,0.8823529411764706,0.0,935.3589002043009,9.754800170660019,703.44794,0.0,7.972121238708496,64.0,8
344,16,0.9375,0.0,935.4320499971509,5.441400051116943,666.52055,0.0,4.783272743225098,64.0,5
967,16,0.9375,0.0,935.490900196135,9.73389944434166,655.3520550000001,0.0,6.377696990966797,63.0,7
1458,16,1.0,0.0,551.9998252391815,1.0132789611816406e-06,95.6160505,0.22245908818755805,7.092952728271484,61.0,1
131,16,0.75,0.0,935.6612995043397,0.8444995582103729,662.06285,0.0,4.783272743225098,64.0,3
407,16,0.875,0.0,935.8125003501773,1.0125997066497803,775.44398,0.0,4.783272743225098,64.0,3
1386,16,1.0,0.0,2252.4228654801846,15.176560496911407,9.0593575,0.0,8.149072527885437,63.0,2
306,16,0.1875,0.375,952.3332682996988,23.5475957095623,502.04347499999994,0.005044025162275165,11.160969734191895,3.5,12
89,16,0.875,0.0,935.5882501602173,82.9602774977684,626.53477,0.0,4.783272743225098,64.0,4
43,16,0.9375,0.0,935.5673998743296,1288.2253260724247,745.74853,0.0,4.92483377456665,64.0,5
1309,16,0.6875,0.0,929.8794500157237,1605.2512943185866,14.6779125,0.0,6.377696990966797,60.5,8
1313,16,0.8125,0.0,625.0284708440304,1613.4496795702726,15.904331500000001,0.0,11.146068572998047,48.0,12
1379,16,0.875,0.0,2203.6959948018193,0.15482259914278984,37.45598,0.0,8.96397978067398,52.0,1
691,16,0.9375,0.0,935.5890003368258,8.777099803090096,698.2985699999999,0.0,4.783272743225098,64.0,3
1281,16,1.0,0.0,2203.6799932830036,0.007749767974019051,13646.907500000001,0.010540854454720182,9.778887033462524,64.0,1
826,16,0.9375,0.0,935.5701996833086,1.6044870615005493,739.8678,0.0,4.783272743225098,64.0,3
587,16,0.875,0.0,935.7797500789165,289.69456017017365,735.578525,0.0,4.783272743225098,64.0,5
536,16,1.0,0.0,935.837449900806,1297.6035561729223,765.339325,0.0,4.783272743225098,64.0,3
480,16,0.875,0.0,935.6613999530673,0.9644002616405487,682.3856499999999,0.0,5.580484867095947,64.0,4
249,16,0.9375,0.0,935.7132498323917,1302.2611371930689,708.30012,0.0,7.1749091148376465,63.5,5
1337,16,1.0,0.0,552.0002062320709,23.999645948410034,124.57344499999999,0.15401013797600172,21.278858184814453,61.0,2
1315,16,1.0,0.0,623.9929119050503,24.049606680870056,241.05979,0.0,6.079673767089844,64.0,3
1360,16,0.9375,0.0,552.0002062320709,23.999645948410034,124.84697,0.15401013797600172,22.292137145996094,61.0,2
292,16,0.9375,0.0,587.9855424463749,376.96046367287636,36.0311515,0.0,6.079673767089844,64.0,16
1103,16,0.875,0.0,935.3012003824115,80.12517730891705,616.19875,0.0,5.580484867095947,64.0,6
1369,16,1.0,0.0,2203.687744680792,0.13882271014153957,768.25672,0.0,7.334165275096893,64.0,1
611,16,0.875,0.0625,935.7694995254278,9.777900621294975,705.89435,0.0,4.783272743225098,64.0,4
811,16,0.9375,0.0,935.4126498401165,1556.4300545174628,639.924375,0.0,7.53253698348999,64.0,7
78,16,0.9375,0.0,935.5542004331946,8.78470042347908,664.6146249999999,0.0,4.783272743225098,64.0,4
1045,15,0.9333333333333333,0.0,935.6048002839088,1367.3317029587924,630.22174,0.0,4.783272743225098,64.0,5
1224,15,0.8666666666666667,0.0,935.5191159248352,1.6427528411149979,640.1315,0.0,4.783272743225098,64.0,5
932,15,0.9333333333333333,0.0,935.3920993059874,361.04212944209576,792.2556,0.0,4.783272743225098,64.0,6
808,15,0.9333333333333333,0.0,935.5129997134209,64.09772501885891,683.2906,0.0,6.377696990966797,62.0,6
633,15,1.0,0.0,935.4943003058434,8.78470042347908,673.8694,0.0,4.783272743225098,64.0,5
324,15,0.8,0.0,935.7151998132467,2.568400025367737,646.8956,0.0,4.783272743225098,64.0,5
221,15,0.9333333333333333,0.0,935.4703998863697,1657.7658969126642,612.59894,0.0,6.377696990966797,64.0,7
986,15,0.06666666666666667,0.26666666666666666,955.7622004151344,22.95589689910412,387.73624,0.005044025162275165,9.566545486450195,3.0,7
890,15,0.9333333333333333,0.0,935.5367996841669,1305.398256259039,661.1323,0.0,6.079673767089844,64.0,6
1416,15,1.0,0.0,935.3821006715298,0.5951985716819763,647.2261,0.0,12.755393981933594,64.0,8
388,15,0.9333333333333333,0.0,935.5254999995232,1298.1531209759414,838.84894,0.0,4.783272743225098,64.0,5
318,15,1.0,0.0,935.7672003656626,1.6774204075336456,711.9134,0.0,4.783272743225098,64.0,4
1462,15,0.0,0.6666666666666666,947.5500019341707,1026.763889119029,48.245052,0.05548427678502682,44.64387893676758,2.0,4
1344,15,0.6666666666666666,0.0,647.2499403953552,4.0531158447265625e-06,138.4674,0.0,22.292137145996094,34.0,4
1347,15,0.0,0.6666666666666666,647.2236326336861,348.4392755329609,73.833466,0.030557567058730504,27.358531951904297,2.0,4
707,15,0.9333333333333333,0.0,935.5778003036976,2.2192838937044144,706.34125,0.0,4.783272743225098,64.0,3
1335,15,1.0,0.0,551.9657263755798,0.038394153118133545,2709.297,0.0,7.092952728271484,64.0,4
1136,15,1.0,0.0,935.6671996712685,1.606653481721878,809.0147,0.0,4.783272743225098,64.0,4
1367,15,0.7333333333333333,0.0,874.9918329566717,302.7611233443022,1665.6093,0.33827510685064743,36.67175769805908,54.0,7
285,15,0.9333333333333333,0.0,935.6464004069567,1340.7982305586338,643.7435,0.0,6.377696990966797,64.0,8
839,15,0.9333333333333333,0.0,935.5701996833086,80.1711764484644,634.0583,0.0,4.783272743225098,64.0,2
815,15,1.0,0.0,935.4182000309229,11.619800612330437,667.3375,0.0,4.783272743225098,64.0,5
865,15,0.9333333333333333,0.0,935.5129997134209,1307.3465233556926,776.12384,0.0,4.783272743225098,64.0,4
1411,14,1.0,0.0,934.6035069823265,1615.2504619713873,30.131354,0.0,8.106231689453125,64.0,9
1460,14,0.0,0.6428571428571429,867.8789381757379,79.91636034846306,14.750667,0.2818959223755395,29.496848583221436,1.0,5
604,14,0.42857142857142855,0.2857142857142857,954.3891619741917,24.1316938996315,527.48488,0.005044025162275165,11.160969734191895,3.5,9
993,14,0.42857142857142855,0.21428571428571427,940.1542666554451,384.25314624607563,684.2782500000001,0.0025220125811375826,12.755393981933594,18.0,8
563,14,0.8571428571428571,0.0,935.5227001905441,1.6698532700538635,729.34272,0.0,6.377696990966797,62.5,4
213,14,0.9285714285714286,0.0,935.9175497889519,1348.3578606341034,721.84445,0.0,4.783272743225098,64.0,5
1253,14,0.0,0.2857142857142857,919.1047319471836,1351.576039031148,89.5079305,0.4202811933598953,12.755393981933594,16.0,7
102,14,0.8571428571428571,0.0,935.8487998098135,1.522753283381462,502.276885,0.0,3.986060619354248,64.0,4
418,14,0.8571428571428571,0.0,935.7188502475619,289.65716004371643,669.4052750000001,0.0,5.7220458984375,63.5,6
184,14,0.9285714285714286,0.0,935.3769498839974,8.699999824166298,724.42287,0.0,4.783272743225098,64.0,3
28,14,1.0,0.0,935.6075498685241,1302.2583531681448,727.65987,0.0,6.377696990966797,63.5,5
420,14,1.0,0.0,593.9682221114635,1627.6034632213414,32.610654,0.0,5.573034286499023,63.5,14
821,14,0.9285714285714286,0.0,935.837449900806,1270.1644531302154,686.17145,0.0,4.783272743225098,64.0,3
1381,14,0.6428571428571429,0.0,857.7953488081694,29.456029728055,602.316025,0.0,20.72751522064209,63.0,3
994,14,0.7142857142857143,0.07142857142857142,935.6508998721838,1.9671000391244888,669.57755,0.0,7.241964340209961,59.0,5
871,14,1.0,0.0,935.3821006715298,1275.2653926424682,556.3606199999999,0.0,11.160969734191895,63.0,9
33,14,0.9285714285714286,0.0,935.765999764204,1269.0543815810233,791.75515,0.0,4.783272743225098,64.0,4
1285,14,1.0,0.0,647.2499434351921,0.0,129.94040999999999,0.0,26.345252990722656,64.0,1
1324,14,1.0,0.0,587.9933259487152,23.999485850334167,66.519105,0.0,5.066394805908203,64.0,5
1378,14,1.0,0.0,2241.74398672767,0.9696597699075937,24.331857999999997,0.0,6.51925802230835,64.0,1
1038,14,0.8571428571428571,0.0,935.6218000352383,1.6045998632907867,654.865905,0.0,6.377696990966797,64.0,3
713,14,0.7857142857142857,0.0,935.2825001776218,61.1160002052784,585.53935,0.0,4.783272743225098,64.0,5
652,14,0.8571428571428571,0.0,935.5622004568577,1651.70125843212,617.40678,0.0,7.53253698348999,55.5,6
686,14,1.0,0.0,935.7237499132752,1268.3974947351962,632.23322,0.0,4.783272743225098,64.0,5
705,14,1.0,0.0,935.8533000722528,0.9566003382205963,616.35703,0.0,5.580484867095947,64.0,2
1357,14,1.0,0.0,2241.74398672767,10.743879014626145,23.7208435,0.0,6.51925802230835,64.0,2
1487,14,0.14285714285714285,0.7142857142857143,949.071588896215,1760.9423543773592,38.2041835,0.22592750751792567,17.73238182067871,1.0,14
764,14,0.42857142857142855,0.14285714285714285,944.8834031149745,23.616395115852356,472.88781500000005,0.0025220125811375826,11.160969734191895,12.5,11
147,14,0.8571428571428571,0.0,935.6464004069567,1329.7900668643415,655.81483,0.0,6.377696990966797,64.0,4
459,14,1.0,0.0,935.6460496336222,1297.5030531641096,693.771735,0.0,4.783272743225098,63.5,4
444,14,0.8571428571428571,0.0,935.5531497076154,9.875999316573143,738.230215,0.0,4.783272743225098,64.0,3
467,14,0.7857142857142857,0.07142857142857142,935.4382004886866,1275.2633964940906,702.093385,0.0,7.1749091148376465,61.0,5
154,14,0.9285714285714286,0.0,935.6359999775887,1306.4435527529567,736.3220200000001,0.0,4.783272743225098,64.0,4
941,14,1.0,0.0,935.5080498233438,0.730099618434906,705.39197,0.0,5.580484867095947,64.0,4
1438,13,1.0,0.0,2203.5489219706506,0.0,637.30347,0.0,4.889443516731262,64.0,1
950,13,0.23076923076923078,0.46153846153846156,954.1673090010881,24.284603968262672,346.02185,0.005044025162275165,12.755393981933594,3.0,9
458,13,0.46153846153846156,0.23076923076923078,953.9941082894802,22.862698018550873,452.0335,0.005044025162275165,11.160969734191895,5.0,6
733,13,0.9230769230769231,0.0,935.7552995830774,9.845899775624275,695.8595,0.0,6.377696990966797,64.0,3
1348,13,1.0,0.0,2203.6799932830036,0.007749767974019051,13523.97,0.005270427227360091,9.778887033462524,64.0,1
1364,13,1.0,0.0,574.99631690979,0.0038555264472961426,12652.769,0.00855611877644454,8.106231689453125,64.0,3
1361,13,1.0,0.0,874.9966656565666,0.0,153.65157,0.1462767297059798,46.23830318450928,64.0,1
1269,13,0.38461538461538464,0.07692307692307693,2223.49066240713,96.96398046799004,493.01694,0.20554666186704354,6.51925802230835,15.0,2
1406,13,1.0,0.0,856.026123046875,0.0,767.63904,0.0,1.5944242477416992,64.0,2
1139,13,0.9230769230769231,0.0,935.3821006715298,8.749399870634079,644.2254,0.0,4.783272743225098,64.0,4
91,13,0.9230769230769231,0.0,575.0032335519791,336.0519331395626,210.01012,0.0,5.066394805908203,64.0,11
1292,13,1.0,0.0,2203.5489219706506,0.0,636.15393,0.0,4.889443516731262,64.0,1
1009,13,0.9230769230769231,0.0,935.9862997680902,3.5576541870832443,746.63367,0.0,7.972121238708496,64.0,7
1305,13,1.0,0.0,856.026123046875,0.0,907.56464,0.0,1.5944242477416992,64.0,2
606,13,0.9230769230769231,0.0,935.335699737072,61.22810098528862,780.047,0.0,6.377696990966797,64.0,5
1186,13,1.0,0.0,935.5129997134209,1277.0709664337337,653.1162,0.0,4.783272743225098,63.0,3
108,13,0.23076923076923078,0.3076923076923077,953.0934068709612,24.102890625596046,561.2131,0.005044025162275165,12.755393981933594,4.0,9
393,13,0.38461538461538464,0.3076923076923077,952.5602218359709,22.949707344174385,605.74927,0.005044025162275165,9.566545486450195,4.0,7
538,13,0.15384615384615385,0.5384615384615384,956.9939106851816,23.894194841384888,403.5845,0.005044025162275165,9.566545486450195,2.0,6
1250,13,1.0,0.0,874.9966656565666,310.9964550733566,154.87636,0.1462767297059798,46.23830318450928,64.0,2
1163,13,0.23076923076923078,0.5384615384615384,953.626209244132,23.386695981025696,382.75296,0.005044025162275165,11.160969734191895,2.0,10
1228,13,0.9230769230769231,0.0,935.5701996833086,1328.679996944964,636.5644,0.0,6.377696990966797,64.0,4
360,13,0.8461538461538461,0.0,935.7270001471043,61.16720035672188,639.78613,0.0,4.783272743225098,64.0,2
1304,13,1.0,0.0,558.3995218873024,0.0,589.4652,0.0,3.039836883544922,64.0,1
95,13,1.0,0.0,935.4703998863697,1357.764868002385,657.12976,0.0,6.377696990966797,64.0,6
613,13,0.46153846153846156,0.0,955.2942050099373,23.598405227065086,627.88104,0.005044025162275165,11.160969734191895,6.0,8
644,13,0.8461538461538461,0.0,935.5701996833086,1.0859001725912094,695.4234,0.0,4.783272743225098,64.0,1
1092,13,0.8461538461538461,0.0,935.5932997018099,1.5406538844108582,646.7215,0.0,4.783272743225098,64.0,4
279,13,0.7692307692307693,0.07692307692307693,935.6671996712685,1.5927867740392685,899.66516,0.0,4.783272743225098,64.0,3
1077,13,0.8461538461538461,0.0,935.8096997439861,1.5493004471063614,755.6697,0.0,4.783272743225098,63.0,2
1488,12,0.6666666666666666,0.16666666666666666,959.8838875442743,1709.012109886855,222.132425,0.21608751632176373,18.530525267124176,42.0,9
257,12,0.9166666666666666,0.0,935.6198500543833,1304.1212267559022,663.87588,0.0,4.783272743225098,64.0,3
1345,12,1.0,0.0,2203.811066225171,0.0,278.5947,0.0,8.149072527885437,64.0,1
771,12,0.8333333333333334,0.08333333333333333,935.374449826777,12.216400176286697,424.529515,0.0,4.783272743225098,62.5,4
929,12,0.9166666666666666,0.0,935.6858998760581,1297.4472530987114,798.56335,0.0,5.580484867095947,64.0,4
1451,12,0.0,0.9166666666666666,942.6071177572012,1774.8942984547466,11.1105345,0.4202811933598953,4.03914600610733,1.0,10
1206,12,0.75,0.0,935.5190497562289,2.3499836325645447,829.5264,0.0,4.783272743225098,64.0,2
1200,12,0.75,0.0,935.8183000683784,1268.4973949808627,640.759415,0.0,1.5944242477416992,55.0,2
1439,12,0.25,0.08333333333333333,903.6484375,8.359375,6.6964158000000005,0.0,3.1888484954833984,21.0,1
1259,12,1.0,0.0,2223.3595894649625,0.0,10914.1365,0.17128888488920296,11.408701539039612,63.0,1
550,12,0.75,0.0,935.536350056529,1.4500539153814316,694.40782,0.0,5.580484867095947,61.0,4
1147,12,0.9166666666666666,0.0,935.4703998863697,0.9667998701334,703.7652499999999,0.0,4.783272743225098,64.0,2
1164,12,0.9166666666666666,0.0,935.6800499334931,1.5120531022548676,627.07855,0.0,6.377696990966797,64.0,2
565,12,1.0,0.0,868.0001223906875,1650.6870831623673,41.830452,0.0,8.03917646408081,64.0,9
509,12,1.0,0.0,935.7129500806332,0.8349999785423279,654.64507,0.0,6.377696990966797,64.0,1
878,12,0.8333333333333334,0.0,935.9242001324892,1288.1731262169778,643.78283,0.0,6.377696990966797,64.0,3
1405,12,1.0,0.0,931.852942250669,1326.3548841457814,40.3790185,0.0,8.060596883296967,63.5,7
484,12,0.16666666666666666,0.4166666666666667,955.6621502935886,24.125104144215584,478.239735,0.005044025162275165,9.566545486450195,3.0,7
19,12,0.25,0.3333333333333333,954.8330544680357,24.1387906819582,449.4479,0.005044025162275165,11.958181858062744,3.5,7
1189,12,0.8333333333333334,0.08333333333333333,935.5736500173807,5.612284064292908,554.5807,0.0,4.783272743225098,64.0,4
514,12,0.4166666666666667,0.4166666666666667,951.8640164881945,22.05269542336464,454.66811,0.005044025162275165,11.958181858062744,4.5,8
394,12,0.9166666666666666,0.0,935.3941003084183,336.1268631517887,556.7799,0.0,4.783272743225098,63.0,6
129,12,0.3333333333333333,0.25,945.0064025819302,23.953204482793808,525.996285,0.0025220125811375826,11.958181858062744,5.5,8
358,12,0.3333333333333333,0.5,940.154265858233,24.08029444515705,611.4538749999999,0.0025220125811375826,12.755393981933594,3.5,9
405,12,0.5,0.16666666666666666,935.7128998562694,20.787502244114876,529.9741,0.0,11.160969734191895,31.5,8
1375,12,0.0,0.08333333333333333,2223.2285181526095,0.26214425452053547,488.74571000000003,0.19237059379864332,6.51925802230835,12.5,1
1317,12,0.8333333333333334,0.0,935.5215498134494,0.9868003278970718,758.0697,0.0,3.1888484954833984,63.0,1
1343,12,0.75,0.0,874.9915403798223,324.61011430621147,2010.12035,0.2818959223755395,30.346214771270752,54.0,6
1152,12,0.9166666666666666,0.0,612.0528779625893,370.62992046773434,30.625019,0.0,6.586313247680664,64.0,12
503,12,0.9166666666666666,0.0,935.688950009644,3.1250001341104507,657.266085,0.0,5.7220458984375,60.5,4
855,12,1.0,0.0,935.8162496387959,0.9105007499456406,708.747955,0.0,6.377696990966797,64.0,2
778,12,0.9166666666666666,0.08333333333333333,936.0950498655438,28.92590120434761,649.9597200000001,0.0,4.783272743225098,64.0,5
1346,12,1.0,0.0,2203.5489219706506,0.13882271014153957,653.2139,0.0,4.889443516731262,64.0,1
1286,12,1.0,0.0,574.9984123706818,0.0,9752.528,0.0,5.066394805908203,64.0,1
289,12,0.3333333333333333,0.25,944.7390543073416,23.004196792840958,449.08786999999995,0.0025220125811375826,10.363757610321045,13.5,8
819,12,0.3333333333333333,0.25,953.9463632553816,23.150606393814087,511.666045,0.005044025162275165,10.363757610321045,4.5,9
829,12,0.75,0.0,935.5760001987219,1.602487251162529,718.518,0.0,3.1888484954833984,50.5,3
556,12,0.25,0.5,956.2190077453852,24.086694464087486,403.32971,0.005044025162275165,11.958181858062744,2.5,10
1373,12,1.0,0.0,2223.3595894649625,96.83290915563703,10648.201000000001,0.173924098502883,11.408701539039612,63.0,2
619,12,0.75,0.0,935.7820500358939,1269.0474490243942,725.063965,0.0,6.22868537902832,64.0,5
651,12,0.16666666666666666,0.4166666666666667,954.9736547842622,22.88669729232788,492.131615,0.005044025162275165,11.958181858062744,3.0,9
804,12,0.9166666666666666,0.0,935.4478499442339,4.374653920531273,641.2501,0.0,4.783272743225098,64.0,3
813,12,0.08333333333333333,0.25,956.268202111125,23.460595950484276,418.058375,0.005044025162275165,11.160969734191895,3.5,7
1394,12,1.0,0.0,558.3995218873024,0.0,591.3544750000001,0.0,3.039836883544922,64.0,1
837,12,0.08333333333333333,0.5,955.9321516901255,23.77209223806858,322.04021,0.005044025162275165,11.160969734191895,2.5,9
923,11,1.0,0.0,935.6464004069567,1.61265330016613,702.8206,0.0,6.377696990966797,64.0,3
961,11,0.9090909090909091,0.0,935.4458999633789,1296.599197652191,633.7183,0.0,4.783272743225098,64.0,3
177,11,0.9090909090909091,0.0,935.4182000309229,1288.2043259106576,669.4478,0.0,1.5944242477416992,64.0,3
1408,11,0.9090909090909091,0.0,934.5927251428366,0.8026092499494553,81.38993,0.0,6.377696990966797,64.0,2
417,11,0.45454545454545453,0.36363636363636365,952.6151114851236,23.807992294430733,427.63403,0.005044025162275165,12.755393981933594,3.0,8
15,11,0.0,0.45454545454545453,955.7421138584614,4.740000069141388,392.2265,0.005044025162275165,11.160969734191895,3.0,8
982,11,1.0,0.0,935.3653002232313,1.2865871638059616,768.70184,0.0,4.783272743225098,64.0,2
904,11,1.0,0.0,935.8487998098135,2.718684673309326,748.523,0.0,6.377696990966797,64.0,3
1400,11,1.0,0.0,575.994550704956,12.015513598918915,67.58793,0.0,5.066394805908203,64.0,4
144,11,0.7272727272727273,0.0,935.5511000752449,1.4080535918474197,727.43787,0.0,6.377696990966797,63.0,3
1448,11,0.09090909090909091,0.9090909090909091,959.7368369847536,1340.175959829241,8.466993,0.4202811933598953,3.1888484954833984,1.0,9
1426,11,1.0,0.0,874.9966656565666,0.0,155.0726,0.1462767297059798,46.23830318450928,64.0,1
1429,11,0.5454545454545454,0.0,874.9918329566717,39.07562808692455,2240.6104,0.33827510685064743,25.510787963867188,39.0,4
1428,11,0.09090909090909091,0.2727272727272727,950.3837753385305,1341.503093039617,31.37376,0.4202811933598953,8.149072527885437,4.0,11
1431,11,0.0,0.6363636363636364,599.3126287460327,280.85267297923565,80.98842,0.040743422744974,25.331974029541016,2.0,2
1058,11,0.9090909090909091,0.0,935.8858000189066,1269.0543815810233,724.15466,0.0,6.079673767089844,63.0,4
1350,11,1.0,0.0,574.9984123706818,0.0,9692.664,0.0,5.066394805908203,64.0,1
910,11,1.0,0.0,935.857800334692,9.845899775624275,759.12067,0.0,3.1888484954833984,64.0,3
897,11,1.0,0.0,935.4182000309229,1.2343538254499435,729.96906,0.0,4.783272743225098,64.0,3
343,11,0.18181818181818182,0.45454545454545453,955.3041047900915,24.057594627141953,363.5359,0.005044025162275165,12.755393981933594,3.0,8
859,11,0.7272727272727273,0.0,935.6293002068996,1303.8832733985037,636.1326,0.0,6.079673767089844,64.0,7
857,11,0.8181818181818182,0.09090909090909091,935.6159006655216,22.410795137286186,561.55023,0.0,12.755393981933594,42.0,7
1283,11,1.0,0.0,2228.5116352140903,0.0,171.2169,0.21081708909440364,13.0385160446167,64.0,1
1270,11,1.0,0.0,2223.3595894649625,0.0,10891.981,0.16865367127552292,11.408701539039612,63.0,1
1277,11,0.6363636363636364,0.0,874.9918329566717,39.11067193746567,2275.38,0.33827510685064743,38.26618194580078,54.0,3
1067,11,0.36363636363636365,0.5454545454545454,956.0405996441841,1307.0381224099547,457.175,0.005044025162275165,11.160969734191895,2.0,9
1028,11,0.0,0.36363636363636365,955.8081038892269,7.3209934532642365,331.0258,0.005044025162275165,11.160969734191895,3.0,7
1376,11,1.0,0.0,574.9984123706818,0.0,9752.29,0.0,5.066394805908203,64.0,1
110,11,0.8181818181818182,0.0,935.525099799037,61.16720035672188,618.0842,0.0,4.783272743225098,64.0,3
1288,11,0.7272727272727273,0.0,2203.6959948018193,0.15482259914278984,36.81317,0.0,8.149072527885437,52.0,1
641,11,1.0,0.0,935.3920993059874,11.08320066332817,714.0777,0.0,7.972121238708496,64.0,7
671,11,0.9090909090909091,0.0,935.7151998132467,1.5578529387712479,597.0504,0.0,3.1888484954833984,64.0,2
1339,11,1.0,0.0,552.0000815987587,0.0,155.69931,0.0,17.22574234008789,47.0,1
1075,11,0.2727272727272727,0.45454545454545453,956.7009017467499,23.469596475362778,543.5584,0.005044025162275165,11.160969734191895,3.0,8
654,11,1.0,0.0,587.9800590872765,288.02656123042107,23.716026,0.0,6.079673767089844,64.0,11
1338,11,1.0,0.0,874.9966656565666,0.0,154.78612,0.1462767297059798,46.23830318450928,64.0,1
1099,11,0.2727272727272727,0.6363636363636364,953.3141198307276,24.141694128513336,460.24686,0.005044025162275165,12.755393981933594,2.0,7
786,11,0.45454545454545453,0.2727272727272727,953.5204191952944,22.798193991184235,487.30478,0.005044025162275165,12.755393981933594,4.0,8
625,11,0.18181818181818182,0.36363636363636365,954.8645060807467,23.584595918655396,452.06165,0.005044025162275165,9.566545486450195,4.0,7
294,11,0.0,0.45454545454545453,953.6207084804773,5.869099572300911,148.17775,0.005044025162275165,11.160969734191895,3.0,7
1284,11,0.0,0.0,2223.2285181526095,0.26214425452053547,503.13278,0.1791945257302431,6.51925802230835,14.0,1
134,11,0.7272727272727273,0.18181818181818182,935.49720056355,101.56060892343521,592.3943,0.0,12.755393981933594,61.0,8
386,11,0.36363636363636365,0.18181818181818182,955.8261001557112,23.15009617805481,613.45825,0.005044025162275165,11.160969734191895,4.0,8
403,11,0.9090909090909091,0.0,935.857800334692,0.7585999518632889,747.5683,0.0,4.783272743225098,64.0,2
322,11,0.45454545454545453,0.45454545454545453,935.9577005803585,22.27969838678837,413.3366,0.0,9.566545486450195,19.0,7
1268,11,1.0,0.0,2203.6799932830036,0.007749767974019051,13724.767,0.010540854454720182,9.778887033462524,64.0,1
544,11,1.0,0.0,599.9799783229828,1656.7479482404888,39.010624,0.0,7.092952728271484,64.0,11
1372,10,1.0,0.0,2203.6799932830036,0.007749767974019051,13530.851,0.010540854454720182,9.778887033462524,64.0,1
1358,10,1.0,0.0,552.0000815987587,0.0,155.26514,0.0,17.22574234008789,47.0,1
802,10,0.4,0.3,954.0129583701491,21.887595981359482,582.55855,0.005044025162275165,11.958181858062744,3.5,10
1030,10,0.8,0.1,935.7603499218822,0.5572002530097961,650.21495,0.0,6.22868537902832,61.0,3
1355,10,0.0,0.7,934.8357879444957,0.13348041474819183,11.668162500000001,0.0,7.972121238708496,2.0,8
1204,10,0.2,0.3,953.9281086921692,22.793197065591812,412.34745499999997,0.005044025162275165,11.958181858062744,3.0,7
1427,10,1.0,0.0,552.0000815987587,0.0,154.332435,0.0,17.22574234008789,47.0,1
1434,10,1.0,0.0,2223.3595894649625,0.0,10877.9995,0.16865367127552292,11.408701539039612,63.0,1
939,10,0.5,0.1,944.4854053258896,23.991295278072357,420.12115500000004,0.0025220125811375826,12.755393981933594,26.0,10
946,10,0.6,0.2,935.9026498943567,21.32050232589245,584.83598,0.0,12.755393981933594,54.5,8
1054,10,0.8,0.0,935.5753496736288,1.4409864246845245,635.9630999999999,0.0,5.580484867095947,63.5,2
146,10,0.3,0.4,949.1605218946934,21.769996032118797,618.5376200000001,0.005044025162275165,11.160969734191895,4.0,7
1060,10,1.0,0.0,551.982597976923,323.05096800625324,237.533785,0.0,6.079673767089844,64.0,10
576,10,1.0,0.0,935.3504999801517,8.80060002207756,743.052,0.0,3.1888484954833984,64.0,3
93,10,0.3,0.4,955.9409034848213,23.854793429374695,466.37046,0.005044025162275165,9.566545486450195,3.0,9
241,10,0.8,0.0,935.6359999775887,1.5716861635446548,652.98305,0.0,6.377696990966797,63.5,3
236,10,0.9,0.0,935.9645502269268,1270.2563027385622,632.09068,0.0,6.735324859619141,63.5,6
1395,10,0.8,0.0,934.5982673615217,335.38289135694504,8.4480225,0.0,17.53866672515869,41.5,4
1399,10,1.0,0.0,624.5386745929718,47.99989378452301,16.363402,0.0,11.652708053588867,52.0,7
86,10,0.8,0.0,935.5067081153393,1.4222997725009918,638.297575,0.0,6.377696990966797,64.0,4
1291,10,1.0,0.0,2203.811066225171,0.0,276.527785,0.0,8.149072527885437,64.0,1
1298,10,0.6,0.0,917.9647999256849,371.10195475816727,8.175656,0.0,4.783272743225098,53.5,8
84,10,0.0,0.3,956.3361006677151,7.600379630923271,305.60536,0.005044025162275165,11.160969734191895,3.0,7
1306,10,1.0,0.0,545.9998904466629,0.0166015625,218.536655,0.0,6.079673767089844,64.0,1
700,10,1.0,0.0,935.2692999392748,4.964899986982346,652.2162450000001,0.0,5.580484867095947,64.0,3
627,10,0.9,0.0,935.604750059545,9.704100474715233,543.49752,0.0,4.783272743225098,63.5,4
621,10,0.0,0.6,956.5311019420624,6.788283556699753,376.60641499999997,0.005044025162275165,9.566545486450195,2.0,5
1316,10,1.0,0.0,624.9957029223442,0.0,1032.68685,0.0,5.573034286499023,57.0,1
806,10,1.0,0.0,599.9936586022377,123.00313585996628,1156.8091,0.02139029694111135,7.599592208862305,64.0,5
1363,10,0.1,0.5,950.3568742126226,50.68420851230621,28.104427,0.4202811933598953,10.363757610321045,2.5,8
369,10,0.5,0.1,935.843358039856,19.870204463601112,490.50954,0.0,12.755393981933594,33.5,6
540,10,1.0,0.0,599.9992782473564,123.04821360111237,434.42776,0.01711223755288908,7.092952728271484,64.0,6
526,10,0.9,0.0,935.4727500677109,2.447399765253067,602.01763,0.0,5.580484867095947,64.0,3
224,10,0.6,0.1,935.9577005803585,18.680807024240494,639.6319000000001,0.0,12.755393981933594,46.5,6
193,10,0.8,0.0,935.6154996678233,1.6517007499933243,718.027425,0.0,5.580484867095947,63.5,2
1404,10,1.0,0.0,647.9676398038864,27.027262687683105,537.29405,0.0,9.626150131225586,61.0,2
1254,10,1.0,0.0,574.9938404560089,0.0024764537811279297,10686.2855,0.00855611877644454,7.092952728271484,64.0,1
914,10,0.9,0.0,935.6404500156641,5.693583756685257,688.65905,0.0,5.580484867095947,63.0,4
902,10,0.8,0.1,935.7418506145477,24.206593573093414,462.417275,0.0,11.160969734191895,60.0,6
478,10,0.4,0.2,953.308864608407,23.114192932844162,483.360275,0.005044025162275165,11.958181858062744,4.0,8
97,10,0.3,0.4,944.2596101388335,23.383991837501526,517.34405,0.0025220125811375826,10.363757610321045,18.0,5
1478,10,0.0,0.0,873.596340239048,32.007322177290916,40.750839,0.4202811933598953,44.64387893676758,7.0,2
1474,10,0.0,0.4,904.399100407958,39.185123577713966,209.5671,0.4202811933598953,12.755393981933594,3.0,2
1472,10,1.0,0.0,874.9966218098998,1648.3686708286405,822.82637,0.15376141220483974,26.308000087738037,64.0,10
1480,10,0.3,0.4,954.948933236301,1650.9578132890165,8.49285425,0.4202811933598953,6.51925802230835,14.0,9
1476,9,0.3333333333333333,0.5555555555555556,959.7837210297585,1407.7883550673723,26.840025,0.4202811933598953,4.783272743225098,1.0,8
148,9,1.0,0.0,575.9945648908615,60.038337886333466,57.956448,0.0,5.066394805908203,64.0,8
180,9,0.0,0.6666666666666666,954.4030031710863,15.479270100593567,443.67197,0.005044025162275165,11.160969734191895,2.0,4
919,9,1.0,0.0,935.5932997018099,0.8235998451709747,755.7745,0.0,3.1888484954833984,64.0,1
900,9,0.0,0.2222222222222222,956.7103024721146,6.486293226480484,475.86237,0.005044025162275165,12.755393981933594,3.0,9
427,9,0.2222222222222222,0.6666666666666666,952.375011920929,23.79949401319027,468.43024,0.005044025162275165,12.755393981933594,2.0,6
432,9,1.0,0.0,575.9920539855957,1639.8647272344679,43.275715,0.0,6.079673767089844,64.0,8
1420,9,1.0,0.0,551.977103471756,8.075741112232208,202.93889,0.0,5.066394805908203,64.0,5
438,9,0.8888888888888888,0.0,935.6763994991779,1.6473208665847778,873.26434,0.0,4.783272743225098,64.0,2
211,9,0.1111111111111111,0.4444444444444444,952.4110219925642,23.272995993494987,493.3186,0.005044025162275165,11.160969734191895,3.0,6
863,9,0.1111111111111111,0.3333333333333333,954.2831072509289,24.144690051674843,344.10226,0.005044025162275165,12.755393981933594,3.0,6
1410,9,1.0,0.0,2242.5000234507024,9.94887831620872,171.78552,0.0,9.778887033462524,64.0,3
1194,9,0.4444444444444444,0.3333333333333333,935.847599208355,22.11419714987278,475.8146,0.0,11.160969734191895,27.0,7
757,9,0.8888888888888888,0.0,574.9966452121735,123.01039093732834,2723.2107,0.03422447510577816,8.106231689453125,64.0,6
769,9,0.2222222222222222,0.5555555555555556,952.9734089076519,20.92460200190544,420.6068,0.005044025162275165,11.160969734191895,2.0,8
255,9,0.3333333333333333,0.3333333333333333,952.4841088056564,24.102890625596046,422.47885,0.005044025162275165,9.566545486450195,4.0,7
1249,9,0.0,0.8888888888888888,950.4097437262535,25.077979907393456,38.393314,0.4202811933598953,6.377696990966797,1.0,9
828,9,0.2222222222222222,0.1111111111111111,954.2831072509289,23.683496460318565,705.46173,0.005044025162275165,12.755393981933594,5.0,8
847,9,0.0,0.4444444444444444,956.102099776268,23.4297948628664,338.1656,0.005044025162275165,11.160969734191895,3.0,8
104,9,0.2222222222222222,0.4444444444444444,956.0496129244566,23.49449659883976,469.8122,0.005044025162275165,11.160969734191895,3.0,7
1247,9,0.0,1.0,959.6977991014719,9.594857677817345,17.390413,0.005044025162275165,46.23830318450928,1.0,8
1017,9,0.3333333333333333,0.4444444444444444,955.1156055778265,23.402696028351784,456.5201,0.005044025162275165,11.160969734191895,3.0,6
1019,9,0.8888888888888888,0.0,935.6671996712685,1288.2253602985293,703.5564,0.0,6.377696990966797,63.0,3
1382,9,0.5555555555555556,0.1111111111111111,653.2937998175621,7.701566576957703,7.4432554,0.0,3.039836883544922,42.0,2
228,9,0.0,0.7777777777777778,956.3737019747496,6.15639728307724,58.198624,0.005044025162275165,7.972121238708496,2.0,4
643,9,0.1111111111111111,0.3333333333333333,955.2779052108526,24.00199067592621,506.99228,0.005044025162275165,12.755393981933594,3.0,5
638,9,0.5555555555555556,0.2222222222222222,935.847599208355,22.810493379831314,520.895,0.0,12.755393981933594,42.0,8
615,9,0.8888888888888888,0.0,935.7552995830774,1308.1591992620379,608.5905,0.0,7.972121238708496,64.0,4
623,9,0.8888888888888888,0.0,935.7323000133038,0.8091001510620117,681.067,0.0,4.783272743225098,64.0,2
1351,9,1.0,0.0,2228.5116352140903,0.0,173.90317,0.21081708909440364,11.408701539039612,64.0,1
1349,9,1.0,0.0,2223.3595894649625,0.0,10817.688,0.16865367127552292,11.408701539039612,63.0,1
1080,9,0.3333333333333333,0.1111111111111111,952.7103209346533,23.189495995640755,555.9612,0.005044025162275165,9.566545486450195,3.0,7
1282,9,1.0,0.0,2223.3595894649625,0.0,10893.3,0.173924098502883,11.408701539039612,63.0,1
1289,9,1.0,0.0,2252.487865742296,0.0,58.855602,0.0,13.0385160446167,64.0,1
1341,9,0.0,0.8888888888888888,950.3369853645563,25.21000461280346,16.890535,0.4202811933598953,3.1888484954833984,1.0,9
1342,9,0.0,0.2222222222222222,874.9931180626154,75.3230568766594,158.28677,0.4202811933598953,15.944242477416992,24.0,3
731,9,0.6666666666666666,0.2222222222222222,935.7850005179644,22.8934975117445,558.5121,0.0,11.160969734191895,53.0,7
1274,9,1.0,0.0,874.9966656565666,0.0,154.6636,0.1462767297059798,46.23830318450928,64.0,1
1267,9,0.1111111111111111,0.6666666666666666,615.223913192749,1638.3145487140864,63.14601,0.034631909333227906,24.318695068359375,2.0,4
75,9,0.0,0.5555555555555556,953.2031096369028,7.264482274651527,371.7866,0.005044025162275165,11.160969734191895,2.0,6
68,9,0.5555555555555556,0.1111111111111111,935.3821006715298,24.366176307201385,527.2168,0.0,12.755393981933594,50.0,4
718,9,0.8888888888888888,0.0,935.6048002839088,0.8924008458852768,684.9292,0.0,6.377696990966797,62.0,2
1366,9,1.0,0.0,647.2499424219131,47.999898850917816,437.93195,0.0,22.292137145996094,34.0,3
1368,9,1.0,0.0,2203.811066225171,0.0,277.6432,0.0,8.149072527885437,64.0,1
530,9,0.6666666666666666,0.2222222222222222,935.939200475812,21.094411373138428,520.1328,0.0,12.755393981933594,53.0,6
1311,9,0.7777777777777778,0.0,657.9833997488022,297.4886006116867,14.231444,0.0,4.0531158447265625,64.0,5
274,9,0.4444444444444444,0.2222222222222222,951.9366233795881,21.903895780444145,506.76147,0.005044025162275165,12.755393981933594,5.0,8
265,9,0.8888888888888888,0.0,935.5996997207403,1.623820647597313,586.3256,0.0,4.783272743225098,64.0,2
1084,9,1.0,0.0,657.6679335832596,1600.2427714448422,28.181349,0.0,7.092952728271484,63.0,5
1475,9,1.0,0.0,574.9947929382324,1662.5018271058798,8571.157,0.09411730654088994,17.22574234008789,64.0,3
1465,9,0.3333333333333333,0.0,951.2063930183649,7.030070021748543,115.21453,0.05125380406827991,4.783272743225098,22.0,1
1449,9,0.0,0.7777777777777778,950.3481556773186,122.77685952186584,21.549244,0.0468549361567201,9.119510650634766,1.0,3
1437,9,1.0,0.0,2203.811066225171,0.26214425452053547,281.91217,0.0,8.149072527885437,64.0,1
573,9,0.8888888888888888,0.0,935.385499984026,0.8640998154878616,768.6351,0.0,3.1888484954833984,64.0,1
37,9,0.8888888888888888,0.0,935.5701996833086,1268.2978942412883,710.0821,0.0,6.377696990966797,62.0,5
1124,9,0.7777777777777778,0.2222222222222222,935.6159006655216,19.293906196951866,577.5643,0.0,12.755393981933594,54.0,7
788,8,0.875,0.0,935.777049921453,1302.1627732422203,738.980515,0.0,5.580484867095947,64.0,3
1159,8,0.875,0.0,935.7384497076273,8.738884299993515,618.8569,0.0,7.8231096267700195,64.0,5
512,8,1.0,0.0,935.6137497872114,1297.6035675816238,925.80445,0.0,6.377696990966797,64.0,3
1036,8,0.375,0.375,952.7078599408269,22.887795850634575,451.25578,0.005044025162275165,12.755393981933594,3.5,8
853,8,0.375,0.125,935.5619007050991,21.990382134914398,498.50177500000007,0.0025220125811375826,12.755393981933594,7.5,7
182,8,0.125,0.5,953.8840077146888,23.748195007443428,403.383015,0.005044025162275165,11.160969734191895,2.5,7
1436,8,1.0,0.0,647.2499424219131,3.039836883544922e-06,415.324835,0.0,22.292137145996094,34.0,2
1214,8,0.75,0.0,935.6764505207539,1269.5028414744884,460.79094,0.0,9.566545486450195,54.5,6
436,8,0.375,0.5,952.3207608386874,23.451694279909134,415.413865,0.005044025162275165,11.958181858062744,3.0,6
1374,8,1.0,0.0,2228.5116352140903,0.0,173.215045,0.21081708909440364,13.0385160446167,64.0,1
869,8,0.0,0.625,954.7670556679368,6.86947163939476,100.2703975,0.005044025162275165,11.160969734191895,2.0,8
1024,8,0.5,0.125,935.9577005803585,24.012590408325195,532.43509,0.0,12.755393981933594,41.5,5
442,8,0.0,0.375,953.6005055308342,8.420310705900192,327.34376499999996,0.005044025162275165,11.160969734191895,3.0,5
1226,8,0.125,0.5,949.1550259143114,23.99552209675312,679.145,0.005044025162275165,10.363757610321045,2.0,6
1403,8,1.0,0.0,624.9957029223442,0.0,1043.0018,0.0,5.066394805908203,57.0,1
876,8,0.25,0.375,957.4380495175719,23.426390767097473,497.028775,0.005044025162275165,9.566545486450195,3.5,6
375,8,0.875,0.0,935.6404500156641,0.9197005778551102,700.93282,0.0,5.580484867095947,63.5,2
412,8,1.0,0.0,935.6270999014378,1306.4435527529567,739.8322700000001,0.0,5.7220458984375,64.0,4
1181,8,0.75,0.0,935.5902001410723,1.0021004229784012,628.43375,0.0,5.580484867095947,62.0,1
1396,8,0.75,0.0,657.7892666459084,18.588148593902588,6.978884949999999,0.0,4.0531158447265625,35.5,5
548,8,0.25,0.25,955.0515519753098,22.52029860019684,491.70615,0.005044025162275165,9.566545486450195,3.5,6
551,8,0.875,0.0,551.9910416305065,331.08084304630756,245.12774000000002,0.0,5.573034286499023,64.0,8
562,8,0.0,0.625,955.0744056552649,24.06799027323723,439.398875,0.005044025162275165,12.755393981933594,2.0,6
1290,8,1.0,0.0,2241.74398672767,0.9696597699075937,26.3857335,0.0,4.889443516731262,64.0,1
1149,8,0.0,0.75,956.5234518945217,7.006185546517372,313.77526,0.005044025162275165,10.363757610321045,1.0,7
1352,8,0.0,0.0,2223.3595902798697,0.26214425452053547,378.25219000000004,0.18182973934392316,6.51925802230835,14.0,1
1354,8,0.75,0.0,2203.6959948018193,0.13932306319475174,37.577432,0.0,8.149072527885437,52.0,1
712,8,0.5,0.125,935.9577005803585,23.34799611568451,519.2798,0.0,11.958181858062744,36.5,6
698,8,0.5,0.375,935.9577005803585,383.1778489947319,531.9454049999999,0.0,11.160969734191895,42.0,8
727,8,0.125,0.625,954.8620554506779,1251.8287315983325,395.14473,0.005044025162275165,12.755393981933594,2.0,6
1362,8,1.0,0.0,647.2499434351921,0.0,131.588327,0.0,26.345252990722656,64.0,1
1276,8,1.0,0.0,624.9974954128265,49.99697643518448,2619.1324000000004,0.0427805938822227,9.626150131225586,64.0,2
77,8,0.125,0.375,954.959410995245,23.59229539334774,297.970365,0.005044025162275165,12.755393981933594,4.5,8
115,8,0.75,0.0,935.2678003832698,1263.7987423557788,401.38307499999996,0.0,6.377696990966797,60.0,5
1271,8,1.0,0.0,574.9972937107086,49.99976497888565,9006.4025,0.06844895021155632,12.159347534179688,64.0,1
1266,8,1.0,0.0,874.9966656565666,0.0,154.12369,0.1462767297059798,46.23830318450928,64.0,1
1117,8,0.75,0.0,935.6325998678803,4.889499664306641,640.16305,0.0,4.783272743225098,62.5,2
1322,8,1.0,0.0,934.6091915592551,0.058933109045028687,100.172657,0.0,6.377696990966797,64.0,1
665,8,1.0,0.0,935.4298002645373,6.5552007257938385,704.5728750000001,0.0,6.377696990966797,64.0,4
677,8,0.625,0.25,935.9026498943567,382.7378536462784,589.00695,0.0,12.755393981933594,63.5,8
600,8,1.0,0.0,935.6159006655216,0.7052999436855316,572.958035,0.0,12.755393981933594,53.5,5
595,8,1.0,0.0,935.6973502337933,0.5716999471187592,810.1106199999999,0.0,6.377696990966797,64.0,1
590,8,0.0,0.75,950.1556969359517,58.594351291656494,12.9441235,0.4202811933598953,3.1888484954833984,1.0,6
1293,8,1.0,0.0,2203.687744680792,0.0,790.06205,0.0,8.149072527885437,64.0,1
1310,8,0.875,0.0,934.6034675762057,335.3828897625208,9.48391625,0.0,18.33587884902954,43.5,3
952,8,0.875,0.0,935.7329999655485,0.9347997754812241,875.58635,0.0,7.972121238708496,64.0,2
908,8,0.5,0.25,935.9026498943567,22.227198779582977,505.04888500000004,0.0,12.755393981933594,44.5,8
20,8,1.0,0.0,935.9193498939276,1.6163539588451385,690.3177499999999,0.0,6.377696990966797,64.0,3
948,8,0.875,0.0,935.6186996772885,0.7851997315883636,651.46435,0.0,7.1749091148376465,61.5,4
1455,8,0.5,0.0,563.9996396005154,47.98173785209656,60.03348149999999,0.09411730654088994,26.851892471313477,34.0,4
944,8,1.0,0.0,938.419450700283,4.582099884748459,480.636485,0.0,7.241964340209961,63.0,4
1444,8,0.75,0.0,2203.6959948018193,0.13932306319475174,37.118553500000004,0.0,8.96397978067398,52.0,1
1446,8,0.375,0.25,944.2166611328721,23.954194620251656,516.824845,0.0025220125811375826,11.160969734191895,11.5,8
1473,7,0.0,1.0,950.364747107029,15.25111936032772,17.11885,0.1405648084701603,6.079673767089844,1.0,3
1450,7,0.0,0.7142857142857143,951.6121580451727,8.267606317996979,20.4001,0.4202811933598953,44.64387893676758,2.0,2
1459,7,0.0,0.5714285714285714,950.4426972866058,25.088359609246254,27.311419,0.4202811933598953,4.783272743225098,2.0,5
927,7,0.0,0.42857142857142855,957.0312106460333,23.849694460630417,497.42,0.005044025162275165,11.160969734191895,3.0,5
1489,7,0.0,1.0,1623.4431533068419,1276.3485656995326,12.771651,0.4202811933598953,4.889443516731262,1.0,6
26,7,0.42857142857142855,0.14285714285714285,952.1489129960537,21.503097385168076,429.50763,0.005044025162275165,11.160969734191895,4.0,6
884,7,0.5714285714285714,0.2857142857142857,935.9577005803585,23.848095253109932,506.9198,0.0,11.160969734191895,57.0,3
1179,7,0.5714285714285714,0.2857142857142857,935.847599208355,20.509802967309952,599.2922,0.0,12.755393981933594,58.0,4
831,7,0.7142857142857143,0.0,575.9945415854454,370.70217379927635,22.199142,0.0,8.106231689453125,62.0,7
1248,7,0.0,1.0,951.6624414026737,25.007602021098137,26.186718,0.4202811933598953,43.04945468902588,1.0,5
798,7,1.0,0.0,935.3920993059874,1.399786502122879,675.71027,0.0,6.377696990966797,64.0,4
762,7,0.0,0.2857142857142857,955.03160174191,9.01794396340847,200.79817,0.005044025162275165,11.160969734191895,3.0,6
729,7,1.0,0.0,935.4943003058434,0.9239002913236618,680.8784,0.0,4.783272743225098,63.0,2
1371,7,0.0,0.42857142857142855,867.8982075899839,79.70105567574501,16.604063,0.26651978115505554,35.07733345031738,3.0,2
1173,7,0.8571428571428571,0.0,936.1436997354031,6.586700648069382,669.46124,0.0,4.783272743225098,64.0,2
1052,7,0.2857142857142857,0.2857142857142857,935.972699329257,23.338192000985146,435.69693,0.0,11.160969734191895,19.0,6
1260,7,0.0,0.2857142857142857,950.364745080471,297.12751491367817,18.895742,0.0631523052547097,25.331974029541016,4.0,3
1279,7,0.8571428571428571,0.0,647.2499403953552,3.039836883544922e-06,140.75856,0.0,21.278858184814453,52.0,3
582,7,0.42857142857142855,0.14285714285714285,935.9577005803585,23.294906571507454,525.65735,0.0,12.755393981933594,25.0,4
1300,7,1.0,0.0,934.5441924631596,1617.4408507980406,23.402224,0.0,9.566545486450195,63.0,6
1278,7,0.0,0.14285714285714285,874.9931196570396,59.813210502266884,151.91098,0.4202811933598953,14.349818229675293,24.0,2
1332,7,1.0,0.0,623.9927442073822,72.00663775205612,114.11037,0.0,5.066394805908203,64.0,6
278,7,1.0,0.0,937.4251008033752,1595.2543385010213,215.62294,0.0,7.092952728271484,64.0,6
1329,7,0.8571428571428571,0.0,935.3821006715298,7.641982942819595,652.8084,0.0,12.755393981933594,49.0,4
1330,7,1.0,0.0,647.9931936860085,24.00196635723114,267.17007,0.0,7.092952728271484,64.0,4
372,7,1.0,0.0,935.8260999917984,1.4652535617351532,623.095,0.0,6.377696990966797,64.0,2
142,7,0.42857142857142855,0.2857142857142857,952.9393073618412,24.119003877043724,384.15784,0.005044025162275165,9.566545486450195,4.0,7
487,7,1.0,0.0,575.9777302742004,325.0013344436884,211.0902,0.0,5.066394805908203,64.0,7
968,7,0.2857142857142857,0.5714285714285714,953.8526206761599,23.78700488805771,426.561,0.005044025162275165,12.755393981933594,2.0,5
895,7,0.14285714285714285,0.42857142857142855,953.6854086220264,21.284704312682152,486.29773,0.005044025162275165,12.755393981933594,3.0,6
1483,7,0.8571428571428571,0.0,959.9995598345995,411.9379268139601,9.570188,0.09583647808322814,19.13309097290039,63.0,4
1486,7,0.14285714285714285,0.0,880.0102513879538,1801.1203519292176,824.982,0.33827510685064743,14.349818229675293,24.0,6
874,7,0.2857142857142857,0.5714285714285714,954.9445158839226,23.847490966320038,462.74796,0.005044025162275165,12.755393981933594,2.0,7
354,7,0.42857142857142855,0.14285714285714285,951.8728097379208,1307.2477222327143,482.87064,0.0,11.160969734191895,31.0,7
1391,6,0.5,0.0,931.8009998947382,1616.9027333874255,7.06712785,0.0,4.783272743225098,31.0,5
1397,6,0.8333333333333334,0.0,934.9849574938416,4.136000275611877,14.362425,0.0,6.377696990966797,55.0,4
1252,6,0.16666666666666666,0.0,872.6304922401905,29.48085491359234,1583.4147,0.3485258676643034,30.294060707092285,17.0,3
1191,6,1.0,0.0,575.9889888167381,24.03168076276779,18.497036,0.0,5.573034286499023,63.0,5
448,6,0.6666666666666666,0.0,935.7944498732686,2.3039844930171967,587.849475,0.0,3.986060619354248,63.5,2
1469,6,0.5,0.0,959.9995606318116,0.0006297975778579712,6.6183025,0.15376141220483974,11.160969734191895,20.0,2
959,6,0.16666666666666666,0.6666666666666666,954.7187031581998,23.701392278075218,387.659575,0.005044025162275165,13.552606105804443,2.0,5
1467,6,0.0,0.3333333333333333,950.3730423152447,0.016611695289611816,16.0403685,0.0713009898037045,22.292137145996094,3.0,2
1441,6,1.0,0.0,544.0,312.0,11322355.0,0.0,3.039836883544922,64.0,4
1470,6,0.0,0.8333333333333334,950.394139893353,79.85114042460918,24.509546,0.4202811933598953,5.580484867095947,1.0,6
422,6,0.16666666666666666,0.5,956.1234562918544,752.0354329943657,352.32372,0.005044025162275165,11.160969734191895,2.5,5
351,6,0.6666666666666666,0.0,935.4216997921467,1298.2103095371276,633.953125,0.0,6.448477506637573,64.0,3
882,6,1.0,0.0,935.6665499433875,1269.1826482284814,624.5318500000001,0.0,7.1749091148376465,64.0,3
424,6,1.0,0.0,935.492550060153,0.6556001454591751,778.051825,0.0,2.391636371612549,64.0,2
1389,6,0.8333333333333334,0.0,646.0,32.66366136074066,18.369526,0.0,6.079673767089844,64.0,5
1481,6,0.0,0.5,943.9297102093697,1278.3669084440917,12.8880295,0.4202811933598953,18.33587884902954,3.5,5
1485,6,0.0,0.8333333333333334,907.8624800592661,1682.185346789658,90.021548,0.0704771196173176,18.788501620292664,1.0,6
921,6,0.16666666666666666,0.5,945.5722071453929,21.57249788939953,464.3427,0.0025220125811375826,9.566545486450195,2.5,6
1435,6,1.0,0.0,2203.687744680792,0.0,786.7778000000001,0.0,8.149072527885437,64.0,1
688,6,1.0,0.0,575.4890248179436,24.011986672878265,213.49349,0.0,5.573034286499023,64.0,6
1294,6,0.3333333333333333,0.0,551.3385107517242,0.0002168416976928711,31.090438,0.0,3.039836883544922,25.0,1
88,6,0.8333333333333334,0.0,935.4815504923463,18.636207789182663,580.8233949999999,0.0,12.755393981933594,63.0,5
1308,6,0.5,0.16666666666666666,657.7294664680958,19.170076727867126,7.692333999999999,0.0,2.5331974029541016,33.5,5
1115,6,0.5,0.3333333333333333,946.588355243206,23.52999486029148,488.9531,0.0025220125811375826,11.160969734191895,26.5,6
1134,6,0.16666666666666666,0.6666666666666666,956.1046532467008,22.095598191022873,567.45685,0.005044025162275165,10.363757610321045,2.0,5
35,6,0.8333333333333334,0.0,935.5357505530119,18.910603418946266,531.8217500000001,0.0,12.755393981933594,58.5,6
1301,6,0.6666666666666666,0.0,651.0532996952534,7.748300015926361,7.26032,0.0,2.5331974029541016,32.5,1
346,6,1.0,0.0,601.6046186387539,300.01328971982,19.7480745,0.0,6.586313247680664,64.0,6
117,6,0.0,0.3333333333333333,955.6912046894431,5.824275523424149,347.59141,0.005044025162275165,11.160969734191895,3.0,5
680,6,0.8333333333333334,0.0,623.9845437407494,36.00657099485397,17.129766500000002,0.0,6.079673767089844,64.0,6
1370,6,0.0,0.6666666666666666,599.1954374611378,48.03601413965225,84.8999375,0.03565049490185225,24.825334548950195,1.5,1
1303,6,1.0,0.0,934.6169859021902,0.5484803467988968,48.894004499999994,0.0,9.566545486450195,63.0,2
571,6,0.3333333333333333,0.5,953.9229682683945,23.003592506051064,536.4603500000001,0.005044025162275165,11.160969734191895,3.0,4
1407,6,1.0,0.0,932.0328076556325,9.691299617290497,474.59996,0.0,3.986060619354248,62.5,2
1413,6,1.0,0.0,647.95963793993,10.385407149791718,21.891478499999998,0.0,5.573034286499023,64.0,5
11,5,0.0,0.6,955.1226051002741,5.799989253282547,415.78564,0.005044025162275165,11.160969734191895,2.0,4
1463,5,0.0,0.6,615.2238675951958,16.03629368543625,206.14972,0.0733381609409532,23.305416107177734,1.0,2
1101,5,0.4,0.4,952.573911562562,20.56699974834919,470.2702,0.005044025162275165,9.566545486450195,3.0,5
617,5,0.0,0.4,954.7119164913893,4.9449011236429214,287.7557,0.005044025162275165,11.160969734191895,4.0,3
1219,5,0.0,0.8,950.4426127821207,24.99996154010296,25.972908,0.4202811933598953,7.972121238708496,2.0,5
175,5,0.2,0.2,952.9139209389687,20.57230280339718,425.63773,0.005044025162275165,11.160969734191895,5.0,5
963,5,1.0,0.0,551.9654730558395,56.02536916732788,202.79811,0.0,5.066394805908203,64.0,5
446,5,0.4,0.2,952.2602085918188,22.09749874472618,464.07135,0.005044025162275165,9.566545486450195,5.0,4
1202,5,1.0,0.0,558.3991003632545,24.03022974729538,271.2543,0.0,6.079673767089844,64.0,5
465,5,0.8,0.0,935.847599208355,19.477201208472252,635.8367,0.0,12.755393981933594,64.0,4
197,5,0.6,0.0,935.7417007386684,18.147209033370018,502.45587,0.0,11.160969734191895,53.0,4
880,5,0.2,0.2,955.3414047509432,593.3986436873674,635.67786,0.005044025162275165,11.160969734191895,3.0,5
1111,5,0.0,0.6,956.3512987196445,4.613490477204323,248.97087,0.005044025162275165,11.160969734191895,2.0,4
7,5,0.8,0.0,599.9626603722572,64.08825582265854,17.848099,0.0,6.079673767089844,64.0,5
505,5,1.0,0.0,575.000626385212,323.03145529329777,297.08646,0.0,4.0531158447265625,64.0,4
499,5,1.0,0.0,551.9938408136368,23.99875020980835,255.31068,0.0,6.079673767089844,64.0,5
1325,5,1.0,0.0,939.1320006251335,1319.9630829263479,37.465786,0.0,6.079673767089844,64.0,3
1327,5,1.0,0.0,935.4386006891727,1.346521571278572,795.2375,0.0,11.160969734191895,59.0,5
673,5,0.2,0.2,955.9366033226252,23.973193779587746,421.8742,0.005044025162275165,11.160969734191895,3.0,4
1296,5,0.2,0.2,935.5191159248352,0.6220837533473969,188.35289,0.0,6.377696990966797,13.0,4
690,5,0.0,0.4,956.7602111399174,6.09628589451313,273.61972,0.005044025162275165,11.160969734191895,3.0,3
534,5,0.0,0.2,953.7716079801321,4.895386278629303,362.7549,0.005044025162275165,11.160969734191895,4.0,5
1154,5,0.2,0.4,952.189113214612,21.678509563207626,399.99103,0.005044025162275165,12.755393981933594,5.0,5
542,5,0.0,1.0,956.1891011297703,5.321886792778969,472.74808,0.005044025162275165,11.160969734191895,2.0,5
41,5,0.6,0.2,935.3821006715298,17.291821151971817,694.3728,0.0,12.755393981933594,52.0,5
1302,5,1.0,0.0,647.9881627559662,13.993450343608856,14.0305195,0.0,6.079673767089844,64.0,5
276,5,0.2,0.8,956.8573992699385,23.149895280599594,410.34085,0.005044025162275165,12.755393981933594,2.0,5
1333,5,1.0,0.0,623.9929509162903,23.99923050403595,52.58125,0.0,6.079673767089844,64.0,5
415,5,0.0,0.8,957.3050992488861,6.1522709131240845,217.66306,0.005044025162275165,11.160969734191895,2.0,5
1388,5,0.4,0.0,935.5191159248352,0.20849967002868652,137.0341,0.0,6.377696990966797,14.0,4
997,5,1.0,0.0,652.3390002250671,310.6057561635971,12.7414465,0.0,6.079673767089844,64.0,5
380,5,0.2,0.4,952.1574128717184,20.64250211417675,376.01196,0.005044025162275165,9.566545486450195,3.0,5
755,5,0.0,0.4,955.1156055778265,4.209088683128357,421.77167,0.005044025162275165,9.566545486450195,3.0,5
524,5,0.0,0.6,952.535811200738,23.95920430123806,514.96423,0.005044025162275165,11.160969734191895,2.0,5
995,5,1.0,0.0,887.9694243073463,358.68609619140625,14.873642,0.0,6.079673767089844,64.0,5
792,5,0.8,0.0,935.6095006465912,22.95879715681076,563.9564,0.0,12.755393981933594,42.0,4
716,5,0.0,0.8,953.8376091718674,6.252772256731987,166.25754,0.005044025162275165,11.160969734191895,2.0,3
283,4,0.0,0.0,957.3401478827,7.52078278362751,86.9748625,0.005044025162275165,11.958181858062744,3.0,3
22,4,1.0,0.0,652.3610998392105,1617.7574885487556,37.602709000000004,0.0,5.573034286499023,58.5,3
912,4,0.5,0.0,935.6127006560564,0.5076997578144073,458.787905,0.0,12.755393981933594,32.5,4
159,4,0.75,0.25,935.6723998859525,17.887609660625458,579.78237,0.0,11.958181858062744,59.5,3
155,4,0.0,0.25,957.7684532850981,3.5921804308891296,99.97709,0.005044025162275165,11.958181858062744,3.0,4
1461,4,0.0,0.25,2226.503828424029,1335.8678440395743,12.273326,0.4297133955230301,10.593794286251068,3.5,3
1453,4,1.0,0.0,574.9947929382324,0.0022798776626586914,8801.4465,0.09411730654088994,18.23902130126953,64.0,2
631,4,0.5,0.25,940.2093165442348,20.380102932453156,669.2683,0.0025220125811375826,12.755393981933594,28.0,4
1082,4,0.0,0.25,955.4887574538589,4.755191743373871,300.9042,0.005044025162275165,9.566545486450195,3.0,3
646,4,1.0,0.0,934.6178460940719,1274.4947725031525,149.647135,0.0,10.363757610321045,64.0,4
656,4,0.75,0.0,935.7836006134748,19.62420552968979,608.3986,0.0,11.958181858062744,47.5,3
269,4,0.0,0.75,954.4391551464796,1.5174805223941803,240.321035,0.005044025162275165,11.958181858062744,2.0,4
1318,4,1.0,0.0,647.2499414086342,1594.4941168110818,116.68421000000001,0.0,10.132789611816406,63.5,4
80,4,1.0,0.0,724.9989035204053,312.9987890422344,292.55477,0.0,6.22868537902832,63.5,3
308,4,1.0,0.0,569.9700266718864,35.999181151390076,40.970600000000005,0.0,5.573034286499023,64.0,4
507,4,0.0,0.5,956.5625559464097,6.282594367861748,276.56496,0.005044025162275165,10.363757610321045,2.5,3
497,4,0.75,0.25,935.409750379622,1.121852844953537,695.0001199999999,0.0,8.769333362579346,61.5,3
496,4,0.0,0.25,954.2594555616379,5.444486856460571,366.28082,0.005044025162275165,9.566545486450195,3.5,3
247,4,0.0,0.25,957.053354807198,4.301592394709587,500.2427,0.005044025162275165,11.958181858062744,3.0,4
765,4,0.75,0.0,935.5700498074293,0.7521999329328537,586.338475,0.0,5.580484867095947,39.5,1
767,4,1.0,0.0,563.4986076056957,24.054004311561584,249.33082,0.0,6.079673767089844,64.0,3
1365,4,1.0,0.0,649.9954121410847,49.99811941385269,3509.6565,0.05133671265866724,9.626150131225586,64.0,2
334,4,1.0,0.0,934.9307733774185,9.06080049276352,557.048725,0.0,6.377696990966797,62.5,4
1359,4,0.25,0.0,1585.1569112204015,1427.1643996238708,48.5483665,0.21608751632176373,13.853423297405243,18.5,4
327,4,1.0,0.0,612.4940722882748,72.96771663427353,491.36937,0.01711223755288908,8.106231689453125,64.0,4
1255,4,1.0,0.0,574.9964932203293,0.002405524253845215,14828.695,0.03422447510577816,8.106231689453125,64.0,1
307,4,0.75,0.0,935.5857501029968,9.527499631047249,484.81615,0.0,4.783272743225098,62.5,2
1319,4,1.0,0.0,940.6560998558998,3.2268993258476257,51.458301500000005,0.0,7.092952728271484,62.5,2
794,4,0.75,0.0,935.2797003686428,0.8095003515481949,631.99522,0.0,4.783272743225098,64.0,2
1387,4,0.0,0.5,1148.7130045220256,2.3329998254776,7.1660935,0.005044025162275165,14.349818229675293,2.0,1
1000,4,0.5,0.25,943.8768064156175,18.654204055666924,472.329915,0.0025220125811375826,10.363757610321045,21.0,4
339,4,0.75,0.0,587.4859214425087,73.05042552947998,384.37001,0.01283417816466681,6.586313247680664,59.5,3
1188,4,0.0,0.5,952.1236628964543,20.73869851231575,388.820145,0.005044025162275165,11.160969734191895,2.5,4
99,4,1.0,0.0,935.8899000808597,0.6270998120307922,746.22107,0.0,5.580484867095947,64.0,1
796,4,0.0,0.5,954.1528611257672,5.899074748158455,154.8583625,0.005044025162275165,10.363757610321045,2.5,4
773,4,0.25,0.25,954.5669618025422,1251.7658315617591,351.678815,0.005044025162275165,9.566545486450195,4.0,4
1380,4,1.0,0.0,2700.000000419095,0.0,10.005355000000002,0.0,5.704350769519806,64.0,1
980,4,0.25,0.25,952.1996627226472,21.04010209441185,476.4965,0.005044025162275165,12.755393981933594,3.0,4
989,4,0.0,0.75,957.0575537234545,6.46197347342968,397.37926000000004,0.005044025162275165,10.363757610321045,2.0,3
1490,4,0.0,0.5,950.3813430964947,383.7449387460947,12.9935045,0.2426270824463202,18.23902130126953,3.0,4
1419,4,1.0,0.0,599.9627424478531,35.99879610538483,94.0517725,0.0,4.559755325317383,64.0,3
470,4,1.0,0.0,935.9694004654884,1.399800419807434,638.90143,0.0,6.51925802230835,62.0,2
429,4,0.0,0.25,957.3338977396488,5.130887523293495,309.488205,0.005044025162275165,11.160969734191895,3.0,4
970,4,0.0,0.75,955.1080591678619,9.662681296467781,12.8296095,0.4202811933598953,4.783272743225098,2.0,4
965,4,1.0,0.0,935.3821006715298,0.6321987807750702,700.60175,0.0,12.755393981933594,64.0,3
1479,4,0.0,0.75,955.6593600511551,8.234673485159874,25.9356825,0.4202811933598953,41.45503044128418,1.0,3
1430,4,0.0,0.5,947.5649943053722,0.030000686645507812,28.6404885,0.04539622646047649,43.84666681289673,2.5,1
