cluster,n,frac_rfi_label,frac_confined,median_freq_mhz,freq_span_mhz,median_snr,median_abs_drift,median_bandwidth_hz,median_n_beams,n_obs
60,2735,0.17184643510054845,0.5074954296160877,950.3837641775608,104.4340834915638,16.887032,0.16401217301849572,11.160969734191895,2.0,141
728,2716,0.18188512518409425,0.5073637702503682,950.3733047544956,104.5666359513998,16.7820215,0.15376141220483974,11.160969734191895,2.0,139
250,2711,0.1766875691626706,0.5042419771302102,950.3837530165911,98.12355002760887,16.132011,0.15376141220483974,11.160969734191895,2.0,141
310,2709,0.18014027316352899,0.4913252122554448,950.390677601099,103.81036385893822,16.383333,0.15376141220483974,11.160969734191895,3.0,138
373,2701,0.18474639022584227,0.4942613846723436,950.3646741360426,103.24799767136574,16.480322,0.15376141220483974,11.160969734191895,3.0,138
110,2700,0.18777777777777777,0.49962962962962965,950.3802819550037,103.89384791254997,16.458151,0.15376141220483974,11.160969734191895,3.0,140
0,2699,0.1782141533901445,0.49981474620229716,950.343901976943,104.5666391402483,16.705809,0.15376141220483974,11.160969734191895,3.0,139
385,2695,0.18812615955473097,0.47940630797773653,950.3646422475576,98.7957066744566,16.778463,0.14351065139118374,11.160969734191895,3.0,137
646,2689,0.18817404239494237,0.5046485682409818,950.3733047544956,98.12287877500057,16.349016,0.15376141220483974,11.160969734191895,2.0,139
561,2682,0.17747949291573453,0.5167785234899329,950.3958674520254,102.01920998096466,16.4791745,0.15376141220483974,11.160969734191895,2.0,138
505,2682,0.1830723340790455,0.4873228933631618,950.350826561451,100.10896536707878,16.3558095,0.14351065139118374,12.755393981933594,3.0,140
480,2681,0.18500559492726595,0.49123461395001866,950.3646231144667,96.1793744713068,16.89033,0.15376141220483974,11.160969734191895,3.0,141
348,2680,0.18059701492537314,0.4832089552238806,950.3646940663457,98.12358988821507,17.1143115,0.14351065139118374,11.160969734191895,3.0,141
80,2674,0.18324607329842932,0.49663425579655945,950.3837251141667,104.01524259150028,16.2936285,0.15376141220483974,11.160969734191895,3.0,138
682,2673,0.18032173587729144,0.5177702955480733,950.3646900802851,100.56569616496563,16.497425,0.15376141220483974,12.755393981933594,2.0,142
622,2672,0.19236526946107785,0.499625748502994,950.3438637107611,103.33872200548649,15.8074905,0.14351065139118374,11.160969734191895,3.0,142
567,2672,0.18413173652694612,0.5179640718562875,950.3958538994193,100.56569297611713,16.3432605,0.15376141220483974,11.160969734191895,2.0,141
186,2671,0.177836016473231,0.4926993635342568,950.3958722352982,99.89291290938854,16.337477,0.15376141220483974,11.160969734191895,3.0,139
336,2668,0.17766116941529236,0.49250374812593706,950.3646693527699,104.56663754582405,16.7223185,0.15376141220483974,11.160969734191895,3.0,139
360,2668,0.19377811094452774,0.5078710644677661,950.373326279223,100.01466155052185,16.657384,0.15376141220483974,11.160969734191895,2.0,139
659,2667,0.1818522684664417,0.5069366329208849,950.3803106546402,100.08542847633362,16.603407,0.15376141220483974,11.160969734191895,2.0,140
677,2667,0.18485189351331083,0.4949381327334083,950.3490168899298,98.12287877500057,16.374905,0.15376141220483974,11.160969734191895,3.0,140
413,2667,0.17360329958755155,0.5249343832020997,950.3837259113789,104.56663435697556,16.861963,0.15376141220483974,11.160969734191895,2.0,138
229,2666,0.18192048012003,0.5,950.3646390587091,98.7963779270649,16.8152115,0.15376141220483974,11.160969734191895,2.5,137
157,2666,0.1774193548387097,0.5037509377344336,950.3803106546402,100.10896217823029,16.089864499999997,0.14351065139118374,11.160969734191895,2.0,141
91,2666,0.19279819954988747,0.48424606151537886,950.3837179392576,105.8040941208601,16.954074,0.15376141220483974,11.160969734191895,3.0,138
20,2664,0.17980480480480482,0.5033783783783784,950.3802739828825,98.12291863560677,16.370116000000003,0.15376141220483974,11.160969734191895,2.0,141
615,2663,0.1840030041306797,0.4945550131430717,950.3802978992462,104.01521867513657,16.230469,0.15376141220483974,11.160969734191895,3.0,139
278,2663,0.1682313180623357,0.5061960195268495,950.3646837025881,103.89384631812572,16.376085,0.15376141220483974,11.160969734191895,2.0,141
426,2662,0.19834710743801653,0.49511645379413977,950.3785775154829,103.89380964636803,16.747675,0.15376141220483974,12.755393981933594,3.0,139
688,2662,0.18519909842223892,0.48910593538692715,950.3733119294047,103.84095288813114,16.742607,0.15376141220483974,12.755393981933594,3.0,140
136,2661,0.184141300263059,0.4919203307027433,950.3525341898203,103.80264046788216,16.77013,0.15376141220483974,12.755393981933594,3.0,138
711,2660,0.1774436090225564,0.5112781954887218,950.3508034422994,103.80457609891891,16.1515855,0.15376141220483974,11.160969734191895,2.0,141
343,2659,0.1861602106054908,0.4971793907484017,950.3646964579821,100.10901001095772,16.662846,0.15376141220483974,11.160969734191895,3.0,139
290,2658,0.18585402558314523,0.5003762227238525,950.3490575477481,103.89380964636803,16.6400525,0.15376141220483974,11.160969734191895,2.0,141
217,2655,0.17175141242937852,0.5050847457627119,950.3837259113789,100.78175500035286,17.031385,0.15376141220483974,12.755393981933594,2.0,140
33,2654,0.17784476262245666,0.5082893745290128,950.3802947103977,104.5666391402483,16.32539,0.15376141220483974,11.160969734191895,2.0,137
270,2654,0.18123587038432554,0.5011303692539563,950.3802851438522,104.56663276255131,16.557838,0.14351065139118374,11.160969734191895,2.0,139
651,2654,0.1827430293896006,0.49434815373021856,950.3906624540687,104.01522824168205,16.8059085,0.14351065139118374,11.160969734191895,3.0,141
638,2653,0.17301168488503582,0.49189596683000375,950.3837179392576,102.23545855283737,16.307127,0.14351065139118374,11.160969734191895,3.0,141
283,2653,0.17941952506596306,0.503957783641161,950.3525724560022,100.56569457054138,16.800898,0.15376141220483974,11.160969734191895,2.0,142
176,2653,0.1820580474934037,0.4873727855258198,950.3802978992462,103.84095448255539,16.16686,0.15376141220483974,11.160969734191895,3.0,140
604,2653,0.17941952506596306,0.5043347154165096,950.3646948635578,103.25317317247391,16.55368,0.15376141220483974,11.160969734191895,2.0,140
210,2653,0.17753486618921976,0.4926498303807011,950.3803154379129,103.34243541955948,16.33097,0.15376141220483974,11.160969734191895,3.0,139
50,2652,0.17609351432880846,0.5086726998491704,950.3646589890122,103.28955155611038,16.1411245,0.15376141220483974,11.160969734191895,2.0,140
735,2652,0.1832579185520362,0.5086726998491704,950.3490272536874,99.8928682655096,16.557933,0.15376141220483974,11.160969734191895,2.0,140
475,2651,0.17729158807996984,0.5043379856657865,950.3837338835001,96.14816361665726,16.950253,0.15376141220483974,11.160969734191895,2.0,143
452,2651,0.16861561674839684,0.5239532251980384,950.380296304822,100.10892710089684,16.435333,0.15376141220483974,11.160969734191895,2.0,138
611,2650,0.1781132075471698,0.5184905660377358,950.3802971020341,104.56663276255131,16.114803000000002,0.15376141220483974,11.160969734191895,2.0,139
193,2650,0.17735849056603772,0.5011320754716981,950.3906736150384,104.73596061766148,16.663862,0.15376141220483974,12.755393981933594,2.0,138
397,2647,0.1949376652814507,0.5032111824707216,950.3438971936703,104.01522345840931,16.050219,0.15376141220483974,12.755393981933594,2.0,141
370,2647,0.1718927087268606,0.505477899508878,950.3837450444698,99.8929113149643,16.491262,0.15376141220483974,11.160969734191895,2.0,141
74,2647,0.17869285984132982,0.5024556101246694,950.3837259113789,103.80457769334316,16.184305,0.15376141220483974,11.160969734191895,2.0,139
470,2646,0.17535903250188964,0.499244142101285,950.3646948635578,103.89384950697422,16.717105,0.15376141220483974,11.160969734191895,3.0,137
104,2646,0.1942554799697657,0.5018896447467877,950.3646773248911,104.56663754582405,16.273423,0.15376141220483974,11.160969734191895,2.0,139
39,2646,0.18405139833711262,0.48639455782312924,950.3906337544322,103.97564665973186,16.53426,0.14351065139118374,11.160969734191895,3.0,142
501,2646,0.1889644746787604,0.47883597883597884,950.3837697580457,103.89384631812572,16.443795,0.15376141220483974,11.160969734191895,3.0,140
493,2644,0.1630105900151286,0.5026475037821483,950.3906799927354,105.80409571528435,16.2502195,0.16401217301849572,11.160969734191895,2.0,139
69,2643,0.18274687854710556,0.5054861899356792,950.3803345710039,104.12615552544594,16.241213,0.15376141220483974,11.160969734191895,2.0,139
437,2643,0.1744230041619372,0.5073779795686719,950.3733557760715,104.20795267820358,16.328846,0.15376141220483974,11.160969734191895,2.0,139
248,2643,0.17896329928111995,0.5149451381006432,950.3803154379129,103.80457291007042,16.091791,0.15376141220483974,11.160969734191895,2.0,141
200,2642,0.18433005299015898,0.5136260408781226,950.3490144982934,100.74483770132065,15.835342,0.15376141220483974,11.160969734191895,2.0,140
308,2642,0.17865253595760788,0.49697199091597277,950.3733294680715,98.79570508003235,16.6904465,0.15376141220483974,11.160969734191895,3.0,140
242,2642,0.17638152914458743,0.5094625283875852,950.3906704261899,100.56569457054138,16.386413,0.15376141220483974,11.160969734191895,2.0,139
598,2642,0.17486752460257382,0.5075700227100681,950.3906983286142,104.5666391402483,16.5264295,0.15376141220483974,12.755393981933594,2.0,137
548,2641,0.19007951533510034,0.48845134418780767,950.37335896492,99.8928714543581,16.654892,0.15376141220483974,12.755393981933594,3.0,141
301,2640,0.17689393939393938,0.4981060606060606,950.3646709471941,103.28954039514065,16.334014,0.15376141220483974,11.160969734191895,3.0,138
15,2640,0.17272727272727273,0.5079545454545454,950.3803154379129,106.51509413123131,16.027355,0.15376141220483974,11.160969734191895,2.0,137
580,2639,0.18453959833270178,0.49261083743842365,950.3733159154654,103.25128537416458,16.782581,0.15376141220483974,11.160969734191895,3.0,140
257,2639,0.17847669571807503,0.4876847290640394,950.3490344285965,96.08275873959064,16.378326,0.14351065139118374,11.160969734191895,3.0,140
149,2638,0.1800606520090978,0.489764973464746,950.383739463985,99.8929081261158,17.324292999999997,0.15376141220483974,11.160969734191895,3.0,140
58,2638,0.17361637604245642,0.5159211523881728,950.3837641775608,103.24821132421494,16.6681815,0.15376141220483974,11.160969734191895,2.0,139
574,2637,0.1820250284414107,0.5092908608266971,950.3733238875866,103.34239555895329,16.902395,0.15376141220483974,11.160969734191895,2.0,137
757,2637,0.17899127796738717,0.4948805460750853,950.3803106546402,103.80457609891891,17.155216,0.15376141220483974,11.160969734191895,3.0,138
331,2636,0.19081942336874053,0.49165402124430957,950.3490559533238,98.05827270448208,16.963999,0.15376141220483974,11.160969734191895,3.0,140
27,2636,0.18437025796661607,0.4939301972685888,950.3490240648389,103.34249441325665,16.519436,0.15376141220483974,11.160969734191895,3.0,140
525,2636,0.17905918057663125,0.5223823975720789,950.3837450444698,99.8929113149643,16.9164485,0.15376141220483974,11.160969734191895,2.0,141
531,2636,0.18778452200303491,0.5064491654021245,950.3906672373414,104.01821619272232,16.8614835,0.15376141220483974,11.160969734191895,2.0,140
431,2635,0.18064516129032257,0.50853889943074,950.3906855732203,104.56663276255131,16.762568,0.15376141220483974,11.160969734191895,2.0,138
131,2633,0.18647930117736422,0.4982909229016331,950.3803281933069,98.12287877500057,16.597029,0.15376141220483974,11.160969734191895,3.0,137
743,2632,0.1865501519756839,0.4886018237082067,950.3490424007177,100.08542847633362,17.078319999999998,0.15376141220483974,11.160969734191895,3.0,140
542,2631,0.169517293804637,0.508171797795515,950.3837498277426,105.80409571528435,16.852846,0.15376141220483974,12.755393981933594,2.0,137
719,2631,0.1847206385404789,0.5009502090459901,950.380296304822,103.89384950697422,16.573126,0.15376141220483974,11.160969734191895,2.0,139
634,2630,0.17642585551330797,0.5026615969581749,950.3837434500456,104.5666359513998,16.70342,0.15376141220483974,11.160969734191895,2.0,139
537,2629,0.17192848992012172,0.5157854697603652,950.3803218156099,104.56663754582405,16.802584,0.15376141220483974,11.160969734191895,2.0,136
236,2627,0.18309859154929578,0.5112295393985535,950.3733509927988,103.80457450449467,16.156357,0.14351065139118374,11.160969734191895,2.0,141
206,2627,0.1724400456794823,0.5104682146935668,950.3803058713675,103.34239555895329,16.207214,0.15376141220483974,11.160969734191895,2.0,138
170,2626,0.18926123381568927,0.49047981721249045,950.3438860327005,103.89385110139847,16.947825,0.14351065139118374,11.160969734191895,3.0,142
465,2626,0.18735719725818736,0.5022848438690023,950.380341745913,104.5666359513998,16.8148975,0.15376141220483974,11.160969734191895,2.0,140
354,2625,0.16228571428571428,0.5196190476190476,950.3958738297224,104.01523780822754,16.575855,0.15376141220483974,11.160969734191895,2.0,139
666,2622,0.19069412662090007,0.4965675057208238,950.3646860942245,100.0331648439169,16.174595500000002,0.15376141220483974,11.160969734191895,3.0,141
700,2620,0.18053435114503816,0.5,950.373326279223,104.01522345840931,16.388257,0.15376141220483974,11.160969734191895,2.5,139
295,2620,0.17709923664122137,0.5194656488549618,950.3490471839905,103.82853232324123,16.5223625,0.15376141220483974,11.160969734191895,2.0,142
223,2620,0.16297709923664122,0.5286259541984732,950.3803170323372,98.05832850933075,16.1357255,0.15376141220483974,11.160969734191895,2.0,140
459,2619,0.17220313096601755,0.5116456662848415,950.3907078951597,98.12292023003101,16.689705,0.15376141220483974,11.160969734191895,2.0,140
326,2618,0.1711229946524064,0.48892284186401835,950.3906959369779,104.56663754582405,16.182339499999998,0.15376141220483974,11.160969734191895,3.0,138
8,2618,0.18678380443086326,0.5110771581359816,950.3837019950151,100.00871753692627,16.747172,0.15376141220483974,11.160969734191895,2.0,141
628,2617,0.1723347344287352,0.5017195261750096,950.3733270764351,102.51415753364563,16.455236,0.15376141220483974,11.160969734191895,2.0,136
366,2615,0.16864244741873805,0.5173996175908222,950.3525421619415,104.56663435697556,16.495956,0.15376141220483974,11.160969734191895,2.0,139
673,2613,0.17451205510907003,0.5231534634519709,950.3802947103977,106.41609792411327,17.039396,0.15376141220483974,11.160969734191895,2.0,139
512,2607,0.17644802454929037,0.5090141925584963,950.3803234100342,98.12358988821507,16.762712,0.15376141220483974,11.160969734191895,2.0,141
488,2607,0.1729957805907173,0.5174530111238972,950.3906760066748,103.80457291007042,16.435453,0.15376141220483974,11.160969734191895,2.0,136
319,2605,0.19040307101727447,0.5074856046065259,950.3802947103977,103.34244817495346,16.873856,0.15376141220483974,11.160969734191895,2.0,140
125,2604,0.17626728110599077,0.5142089093701997,950.3837450444698,104.01522505283356,16.701799,0.15376141220483974,11.160969734191895,2.0,140
98,2602,0.17448116833205227,0.49769408147578786,950.3733414262533,98.7963779270649,16.720207000000002,0.15376141220483974,11.160969734191895,3.0,140
726,2602,0.18101460415065335,0.5065334358186011,950.3959025293589,104.0152298361063,16.913317499999998,0.15376141220483974,11.160969734191895,2.0,141
707,2601,0.1772395232602845,0.5244136870434448,950.3490137010813,98.12287877500057,16.21002,0.15376141220483974,11.160969734191895,2.0,138
163,2599,0.17045017314351674,0.5017314351673721,950.3803058713675,104.56663276255131,16.704466,0.15376141220483974,11.160969734191895,2.0,139
421,2597,0.1732768579129765,0.5067385444743935,950.3490599393845,103.28954039514065,16.316408,0.15376141220483974,11.160969734191895,2.0,140
393,2596,0.17989214175654852,0.49075500770416025,950.3803154379129,100.75863265991211,16.203194,0.15376141220483974,11.160969734191895,3.0,139
594,2593,0.17084458156575397,0.5152333204782106,950.4063332527876,99.82759572565556,16.728539,0.14351065139118374,11.160969734191895,2.0,139
144,2587,0.19482025512176265,0.4951681484344801,950.3490535616875,103.24799448251724,16.380877,0.15376141220483974,11.160969734191895,3.0,138
694,2587,0.16505604947816002,0.5148821028218014,950.3906919509172,104.01523461937904,15.908361,0.15376141220483974,11.160969734191895,2.0,139
265,2579,0.1585886002326483,0.5157037611477316,950.4010764360428,104.56663435697556,16.109865,0.15376141220483974,11.160969734191895,2.0,136
87,2575,0.16776699029126213,0.5137864077669902,950.3906664401293,103.79931131005287,17.010153,0.15376141220483974,11.160969734191895,2.0,138
182,2574,0.18453768453768454,0.51010101010101,950.3837314918637,99.99097956717014,16.7806575,0.14351065139118374,11.160969734191895,2.0,138
587,2569,0.17555469054106657,0.5099260412611911,950.3803218156099,100.7441648542881,16.37281,0.15376141220483974,11.160969734191895,2.0,139
519,2562,0.17135050741608118,0.514832162373146,950.3820254579186,100.08547949790955,15.7756235,0.15376141220483974,11.160969734191895,2.0,137
907,2550,0.2992156862745098,0.32941176470588235,928.8988934531808,104.68028172850609,20.2139405,0.21526597708677564,20.72751522064209,9.0,124
556,2547,0.17196702002355713,0.5319984295249313,950.3646645694971,103.26572129130363,16.078407,0.15376141220483974,11.160969734191895,2.0,141
445,2547,0.17589320769532785,0.508833922261484,950.3837450444698,102.7066762894392,16.643206,0.15376141220483974,11.160969734191895,2.0,138
46,2528,0.1661392405063291,0.5154272151898734,950.3646749332547,104.07325412333012,16.4795,0.14351065139118374,11.160969734191895,2.0,138
381,2433,0.17509247842170161,0.508425811755035,950.380289927125,104.5666359513998,16.442001,0.14351065139118374,11.160969734191895,2.0,138
408,2349,0.17113665389527458,0.519369944657301,950.3959073126316,98.02896399796009,16.01271,0.14351065139118374,11.160969734191895,2.0,139
120,1835,0.1989100817438692,0.5084468664850136,950.1557136774063,97.9167005866766,15.720537,0.15376141220483974,7.972121238708496,2.0,139
753,1531,0.07707380796864795,0.596995427824951,950.3438796550035,103.86316481232643,15.241026,0.1845136946458077,7.972121238708496,2.0,124
761,817,0.18482252141982863,0.5152998776009792,950.3317094147205,101.38118836283684,15.523255,0.15376141220483974,11.160969734191895,2.0,129
903,382,0.3769633507853403,0.24345549738219896,926.6132137477398,96.0483717918396,29.6943665,0.21526597708677564,19.13309097290039,18.0,81
119,373,0.0,0.4691689008042895,951.6382045596838,9.442240983247757,21.049372,0.10250760813655982,44.64387893676758,3.0,38
752,334,0.0,0.4311377245508982,951.6330075338483,8.91816808283329,20.8773755,0.09225684732290385,44.64387893676758,3.0,36
440,303,0.6204620462046204,0.039603960396039604,932.7020999193192,10.095318749547005,9.540938,0.0,6.377696990966797,44.0,9
159,299,0.6254180602006689,0.026755852842809364,932.1102002114058,9.524199172854424,8.600514,0.0,6.377696990966797,42.0,9
429,297,0.6026936026936027,0.04713804713804714,932.1541999429464,9.522199764847755,9.158969,0.0,6.377696990966797,42.0,8
316,296,0.5878378378378378,0.033783783783783786,932.3337998762727,10.079419150948524,8.559486,0.0,6.377696990966797,38.0,9
582,295,0.5830508474576271,0.023728813559322035,932.6558998823166,9.528199583292007,8.353839,0.0,6.377696990966797,38.0,9
396,292,0.6027397260273972,0.04794520547945205,932.2703999876976,9.506400614976883,8.875844,0.0,6.377696990966797,43.0,9
722,291,0.6048109965635738,0.020618556701030927,932.4211001843214,9.15299966931343,8.633395,0.0,6.377696990966797,39.0,9
121,291,0.6323024054982818,0.037800687285223365,932.8784001916647,9.552399754524231,8.553893,0.0,6.377696990966797,42.0,9
690,290,0.6137931034482759,0.013793103448275862,932.360150128603,10.386200726032257,8.8177175,0.0,6.377696990966797,41.0,8
636,289,0.5916955017301038,0.02422145328719723,932.820100069046,9.568198904395103,9.151601,0.0,6.377696990966797,42.0,9
362,288,0.6111111111111112,0.052083333333333336,932.2463999167085,9.332499951124191,8.8397425,0.0,6.377696990966797,44.0,9
508,288,0.6180555555555556,0.041666666666666664,932.3329500481486,10.095318749547005,8.75678825,0.0,6.377696990966797,40.5,9
254,286,0.5909090909090909,0.04895104895104895,932.0251998603344,9.587398961186409,8.711955,0.0,6.377696990966797,37.0,9
72,286,0.6153846153846154,0.03146853146853147,932.3853500038385,9.330500543117523,8.675892000000001,0.0,6.377696990966797,41.0,9
473,286,0.5944055944055944,0.03496503496503497,931.891300112009,9.571599811315536,8.717546,0.0,6.377696990966797,40.0,9
434,285,0.6631578947368421,0.02456140350877193,932.1027000397444,9.522199764847755,8.742881,0.0,6.377696990966797,42.0,9
297,285,0.6456140350877193,0.02456140350877193,932.8743997812271,9.342299282550812,8.919092,0.0,6.377696990966797,40.0,9
491,284,0.6443661971830986,0.03169014084507042,932.0698501169682,9.506400614976883,8.876187999999999,0.0,6.377696990966797,45.5,9
178,284,0.6338028169014085,0.0528169014084507,932.137200191617,9.522199764847755,9.131144249999998,0.0,6.377696990966797,42.0,9
596,284,0.6126760563380281,0.028169014084507043,932.5204001292586,9.570099458098412,8.659488,0.0,6.377696990966797,39.0,9
755,282,0.6666666666666666,0.0425531914893617,932.5908999890089,9.512400433421135,9.015417,0.0,6.377696990966797,46.0,9
745,282,0.6453900709219859,0.03546099290780142,932.6549998298287,9.522199764847755,8.9119745,0.0,6.377696990966797,42.0,9
208,282,0.5957446808510638,0.04964539007092199,932.11620002985,9.522199764847755,8.84122,0.0,6.377696990966797,40.0,9
127,282,0.624113475177305,0.03546099290780142,932.1804999709129,9.420700311660767,8.772209499999999,0.0,6.377696990966797,43.5,9
589,282,0.6205673758865248,0.04609929078014184,932.5908999890089,9.585399553179741,8.773592,0.0,6.377696990966797,41.0,9
630,282,0.5602836879432624,0.0425531914893617,932.6568995863199,9.528199583292007,9.1120915,0.0,6.377696990966797,37.0,8
4,281,0.5800711743772242,0.03558718861209965,931.7049996107817,9.528199583292007,8.869417,0.0,6.377696990966797,35.0,9
374,281,0.701067615658363,0.046263345195729534,932.6169002652168,9.32650013267994,9.495107,0.0,6.377696990966797,48.0,9
576,280,0.575,0.025,932.1274997144938,9.254599571228027,8.98245875,0.0,6.377696990966797,40.5,9
376,280,0.6107142857142858,0.03214285714285714,932.4502502456307,10.382200315594673,9.124233499999999,0.0,6.377696990966797,40.0,9
389,279,0.6093189964157706,0.035842293906810034,932.4311004132032,9.332399502396584,9.154772,0.0,6.377696990966797,38.0,9
602,279,0.6523297491039427,0.03225806451612903,932.9592996835709,9.568198904395103,8.957265,0.0,6.377696990966797,45.0,9
202,279,0.6129032258064516,0.043010752688172046,932.11620002985,9.524199172854424,8.798865,0.0,6.377696990966797,41.0,9
484,279,0.5842293906810035,0.05017921146953405,932.3380003869534,9.512400433421135,8.591711,0.0,6.377696990966797,41.0,9
112,279,0.5949820788530465,0.03225806451612903,931.8921005129814,9.568198904395103,9.16808,0.0,6.377696990966797,40.0,8
709,279,0.6057347670250897,0.035842293906810034,932.4794003069401,9.568198904395103,8.936325,0.0,6.377696990966797,41.0,9
734,278,0.6618705035971223,0.03597122302158273,932.6343998685479,9.571599811315536,8.882964,0.0,6.377696990966797,44.5,9
544,277,0.6064981949458483,0.032490974729241874,932.606900036335,9.210099190473557,9.18212,0.0,6.377696990966797,41.0,9
715,277,0.5812274368231047,0.04332129963898917,931.7090000212193,10.079519599676132,8.621411,0.0,6.377696990966797,38.0,9
23,277,0.6173285198555957,0.036101083032490974,932.1541999429464,10.155484348535538,9.166435,0.0,6.377696990966797,42.0,9
238,277,0.6245487364620939,0.05415162454873646,932.8416997343302,9.512400433421135,9.285134,0.0,6.377696990966797,42.0,9
29,276,0.6159420289855072,0.036231884057971016,933.0853500813246,9.522199764847755,9.113904,0.0,6.377696990966797,40.5,9
527,276,0.5833333333333334,0.05434782608695652,932.2463999167085,9.585399553179741,8.6056515,0.0,6.377696990966797,38.0,9
147,276,0.6304347826086957,0.036231884057971016,932.7224997803569,9.430499643087387,8.372926499999998,0.0,6.377696990966797,40.0,9
368,276,0.6086956521739131,0.025362318840579712,932.8379002213478,9.57019990682602,9.019684999999999,0.0,6.377696990966797,42.5,9
335,275,0.5963636363636363,0.02909090909090909,932.564899712801,10.079537138342857,9.031991,0.0,6.377696990966797,41.0,9
551,274,0.5985401459854015,0.043795620437956206,932.5192003250122,9.512400433421135,8.8905995,0.0,6.377696990966797,41.0,9
613,274,0.6204379562043796,0.0364963503649635,932.4311004132032,9.566199496388435,8.5985555,0.0,6.377696990966797,41.0,9
503,274,0.5985401459854015,0.029197080291970802,932.4291002079844,9.508400022983551,9.01097575,0.0,6.377696990966797,39.0,9
663,273,0.5860805860805861,0.029304029304029304,932.158200353384,9.508400022983551,8.874283,0.0,6.377696990966797,37.0,9
251,273,0.6446886446886447,0.04395604395604396,932.3335997760296,9.585399553179741,9.147525,0.0,6.377696990966797,41.0,8
649,273,0.6263736263736264,0.029304029304029304,931.5276996344328,9.508400022983551,8.695425,0.0,6.377696990966797,40.0,9
469,273,0.5641025641025641,0.018315018315018316,932.7509004622698,9.571599811315536,8.335678,0.0,6.377696990966797,38.0,9
514,272,0.6691176470588235,0.029411764705882353,932.8778501152992,9.083715558052063,8.6527425,0.0,6.377696990966797,46.0,9
82,272,0.6654411764705882,0.03308823529411765,931.8205499276519,9.56949995458126,9.2383265,0.0,6.377696990966797,47.0,9
100,272,0.6029411764705882,0.022058823529411766,932.883299857378,9.514399841427803,8.801526500000001,0.0,6.377696990966797,39.0,9
739,272,0.5698529411764706,0.0661764705882353,932.6499000638723,9.524199172854424,8.1900345,0.0,6.377696990966797,37.0,8
461,272,0.5808823529411765,0.029411764705882353,932.4291002079844,9.524199172854424,8.6588845,0.0,6.377696990966797,39.0,9
281,271,0.6199261992619927,0.014760147601476014,932.2100000083447,9.073999136686325,9.191896,0.0,6.377696990966797,42.0,9
401,269,0.6282527881040892,0.05204460966542751,932.2507997304201,9.32650013267994,8.836793,0.0,6.377696990966797,39.0,9
244,268,0.5522388059701493,0.05223880597014925,932.614900059998,10.079537138342857,8.561116,0.0,6.377696990966797,39.5,8
533,268,0.6305970149253731,0.026119402985074626,932.1141998246312,9.32650013267994,8.688313,0.0,6.377696990966797,46.5,9
417,268,0.582089552238806,0.022388059701492536,932.1094500347972,10.0815190076828,8.413837000000001,0.0,6.377696990966797,39.5,9
96,268,0.5447761194029851,0.04477611940298507,931.5778498575091,9.194300040602684,8.3728265,0.0,6.377696990966797,35.0,9
625,268,0.6268656716417911,0.026119402985074626,932.4989997670054,9.528199583292007,8.7257765,0.0,6.377696990966797,40.0,9
704,267,0.6591760299625468,0.0299625468164794,932.3376001864672,9.552399754524231,9.047833,0.0,6.377696990966797,44.0,9
570,267,0.6479400749063671,0.052434456928838954,931.846499979496,9.528199583292007,9.106581,0.0,6.377696990966797,44.0,9
329,267,0.6217228464419475,0.026217228464419477,932.6128998547792,9.552399754524231,9.254226,0.0,6.377696990966797,44.0,8
140,267,0.5880149812734082,0.033707865168539325,932.4271000027657,9.581399142742157,9.109067,0.0,6.377696990966797,41.0,9
293,266,0.650375939849624,0.03759398496240601,932.3775500804186,9.508400022983551,8.890395,0.0,6.377696990966797,41.0,9
669,266,0.6240601503759399,0.04887218045112782,932.4532501548529,9.528199583292007,8.6774035,0.0,6.377696990966797,41.0,9
48,266,0.6578947368421053,0.011278195488721804,932.6549001783133,9.571599811315536,9.232457499999999,0.0,6.377696990966797,42.0,9
286,266,0.650375939849624,0.022556390977443608,932.3168001249433,9.506400614976883,8.91819,0.0,6.377696990966797,40.0,8
2,266,0.6127819548872181,0.04887218045112782,932.0859498158097,10.079519599676132,8.388613,0.0,6.377696990966797,40.0,9
448,265,0.6415094339622641,0.018867924528301886,931.8424995690584,9.572199314832687,8.917411,0.0,6.377696990966797,41.0,9
675,265,0.6377358490566037,0.052830188679245285,932.4271000027657,9.572199314832687,8.4892645,0.0,6.377696990966797,41.0,9
184,264,0.6742424242424242,0.015151515151515152,932.6119001507759,10.095318749547005,9.197766,0.0,6.377696990966797,43.5,9
89,264,0.6287878787878788,0.03787878787878788,932.1141998246312,9.568198904395103,8.7673615,0.0,6.377696990966797,41.0,9
607,264,0.6022727272727273,0.03409090909090909,932.1152003258467,9.55129960179329,8.568977499999999,0.0,6.377696990966797,40.5,9
134,264,0.6060606060606061,0.026515151515151516,932.2708001881838,9.512400433421135,8.792183999999999,0.0,6.377696990966797,41.0,8
322,264,0.6401515151515151,0.045454545454545456,932.2260000556707,8.922500133514404,8.853212500000001,0.0,6.377696990966797,42.0,9
65,263,0.6387832699619772,0.045627376425855515,932.0285003185272,9.508400022983551,8.838307,0.0,6.377696990966797,41.0,9
312,263,0.6159695817490495,0.022813688212927757,932.659500092268,9.512400433421135,8.589428,0.0,6.377696990966797,40.0,9
539,262,0.5343511450381679,0.05725190839694656,932.9240501523018,10.380200907588005,9.010844500000001,0.0,6.377696990966797,38.5,9
685,261,0.6436781609195402,0.038314176245210725,932.7469000518322,8.94229969382286,9.008133,0.0,6.377696990966797,41.0,9
35,261,0.6091954022988506,0.0421455938697318,932.564899712801,9.568198904395103,8.615253,0.0,6.377696990966797,38.0,9
166,261,0.5823754789272031,0.034482758620689655,931.5276996344328,9.528199583292007,8.404279,0.0,6.377696990966797,38.0,9
356,260,0.6423076923076924,0.026923076923076925,931.8444997742772,9.524199172854424,8.7889105,0.0,6.377696990966797,41.5,9
190,260,0.6230769230769231,0.019230769230769232,931.3046500459313,9.502299755811691,8.82372475,0.0,6.377696990966797,44.0,8
455,260,0.6269230769230769,0.015384615384615385,932.2015001326799,9.554400756955147,8.800555,0.0,6.377696990966797,41.0,9
340,260,0.5884615384615385,0.04230769230769231,932.249100074172,9.210099190473557,8.757704,0.0,6.377696990966797,39.0,9
172,259,0.5675675675675675,0.07335907335907337,932.8837000578642,9.528199583292007,8.789542,0.0,6.377696990966797,37.0,9
305,258,0.5581395348837209,0.027131782945736434,932.2973999679089,9.552399754524231,8.6971375,0.0,6.377696990966797,36.5,9
680,257,0.6264591439688716,0.03501945525291829,932.4753998965025,9.524199172854424,8.699734,0.0,6.377696990966797,40.0,9
478,256,0.59765625,0.01953125,932.4300999119878,9.571599811315536,8.85443175,0.0,6.377696990966797,39.5,9
730,256,0.60546875,0.05078125,932.4774001017213,9.51039943099022,8.508773999999999,0.0,6.377696990966797,39.0,9
697,255,0.5686274509803921,0.03529411764705882,932.0212998986244,9.528199583292007,8.886262,0.0,6.377696990966797,38.0,9
77,255,0.615686274509804,0.043137254901960784,932.0665002316236,10.095318749547005,9.052389,0.0,6.377696990966797,42.0,9
350,255,0.6,0.0196078431372549,932.4756996482611,9.528199583292007,8.782461,0.0,6.377696990966797,39.0,9
383,254,0.5905511811023622,0.047244094488188976,932.4321001172066,9.585399553179741,8.72317775,0.0,6.377696990966797,40.0,9
225,254,0.5984251968503937,0.05511811023622047,932.3376001864672,11.110176160931587,9.113738,0.0,6.377696990966797,42.0,9
54,253,0.6403162055335968,0.023715415019762844,932.5689001232386,9.528199583292007,8.814359,0.0,6.377696990966797,39.0,9
18,253,0.5731225296442688,0.023715415019762844,932.564899712801,9.571599811315536,8.71192,0.0,6.377696990966797,38.0,9
263,253,0.6086956521739131,0.04743083003952569,932.3436000049114,9.512400433421135,9.286689,0.0,6.377696990966797,39.0,9
213,252,0.6190476190476191,0.03968253968253968,932.2049998939037,9.528199583292007,8.492994,0.0,6.377696990966797,40.5,9
499,252,0.6071428571428571,0.03571428571428571,932.3853500038385,9.522199764847755,8.793878,0.0,6.377696990966797,41.0,9
346,252,0.5595238095238095,0.01984126984126984,931.8444997742772,9.537399411201477,8.4160825,0.0,6.377696990966797,37.0,9
42,252,0.5753968253968254,0.03968253968253968,932.3379501625896,9.342299282550812,8.730813000000001,0.0,6.377696990966797,41.0,9
522,251,0.5896414342629482,0.04780876494023904,932.158200353384,9.512400433421135,8.785352,0.0,6.377696990966797,40.0,9
196,251,0.5896414342629482,0.06772908366533864,932.3335997760296,11.110176160931587,9.479651,0.0,6.377696990966797,42.0,9
424,251,0.6613545816733067,0.0199203187250996,932.606900036335,9.506400614976883,9.235603,0.0,6.377696990966797,47.0,9
565,250,0.616,0.036,931.9142000302672,9.348299100995064,8.160917999999999,0.0,6.377696990966797,39.0,8
219,249,0.6184738955823293,0.020080321285140562,932.820100069046,9.342299282550812,8.728784,0.0,6.377696990966797,41.0,9
618,249,0.5903614457831325,0.024096385542168676,931.2006003111601,9.947616070508957,8.827884,0.0,6.377696990966797,40.0,9
411,248,0.5564516129032258,0.04435483870967742,932.2447999119759,9.506400614976883,8.6363265,0.0,6.377696990966797,39.0,8
655,247,0.5748987854251012,0.02834008097165992,931.895200073719,9.524199172854424,8.771438,0.0,6.377696990966797,39.0,9
107,245,0.5959183673469388,0.0326530612244898,931.7130004316568,9.522199764847755,7.92998,0.0,6.377696990966797,40.0,9
267,244,0.6352459016393442,0.02459016393442623,932.3213498145342,9.166799411177635,8.861886,0.0,6.377696990966797,41.5,9
62,243,0.5761316872427984,0.03292181069958848,932.1202004402876,10.095318749547005,8.601561,0.0,6.377696990966797,37.0,9
153,243,0.5390946502057613,0.04938271604938271,932.2507997304201,9.571599811315536,8.958462,0.0,6.377696990966797,34.0,9
232,242,0.5702479338842975,0.02066115702479339,932.2504999786615,10.079519599676132,8.4753045,0.0,6.377696990966797,39.0,9
559,241,0.6265560165975104,0.04979253112033195,931.8936997205019,9.554300308227539,8.893915,0.0,6.377696990966797,42.0,9
642,226,0.5619469026548672,0.03982300884955752,932.3127997145057,9.059000387787819,8.5531255,0.0,6.377696990966797,34.0,9
11,223,0.600896860986547,0.026905829596412557,932.1027000397444,9.528199583292007,8.751144,0.0,6.377696990966797,41.0,8
793,210,0.009523809523809525,0.08571428571428572,951.2167982310057,15.873781681060791,71.678102,0.05125380406827991,6.377696990966797,9.0,6
277,209,0.6028708133971292,0.03827751196172249,931.8424995690584,9.508400022983551,8.759218,0.0,6.377696990966797,41.0,9
754,209,0.8899521531100478,0.0,887.9667265415192,68.80347366631031,27.061821,0.07175532569559187,14.349818229675293,64.0,100
837,164,0.8963414634146342,0.0,934.6256547868252,4.689598724246025,28.1997005,0.0,9.566545486450195,64.0,8
896,160,0.0,0.0375,951.2168030142784,7.1883963495492935,92.041755,0.05125380406827991,6.377696990966797,10.0,2
764,151,0.9271523178807947,0.006622516556291391,934.6169859021902,10.104234769940376,27.663427,0.0,9.566545486450195,64.0,8
835,106,0.4528301886792453,0.0,935.5191159248352,1.034384325146675,164.839495,0.0,6.377696990966797,23.5,9
768,98,0.0,0.7653061224489796,950.9259090796113,103.11369293928146,13.712760750000001,0.4202811933598953,13.552606105804443,1.0,48
766,95,0.29473684210526313,0.05263157894736842,935.5191159248352,1.0350842773914337,175.21269,0.0,6.377696990966797,15.0,9
760,89,0.5842696629213483,0.02247191011235955,932.0729002505541,9.436499461531639,8.772216,0.0,6.377696990966797,37.0,9
838,78,0.0,0.8076923076923077,950.3369136154652,83.66831006109715,9.819970999999999,0.4202811933598953,5.580484867095947,1.0,44
893,72,0.4861111111111111,0.027777777777777776,899.5651488900185,39.111528143286705,2990.9672499999997,0.2357674987140876,38.26618194580078,17.0,1
832,70,0.35714285714285715,0.02857142857142857,870.2875479906797,79.8522963821888,1676.5781000000002,0.3587766284779594,20.72751522064209,20.5,1
808,64,0.96875,0.0,874.9909903034568,0.0039047449827194214,1118.67895,0.09225684732290385,19.13309097290039,64.0,4
855,64,0.0,0.796875,951.5610710978508,34.88227637112141,8.063658,0.2203913574936036,28.699636459350586,1.0,38
897,60,0.43333333333333335,0.0,870.2507534623146,39.14836412668228,2124.1608499999998,0.3587766284779594,22.32193946838379,18.5,1
870,53,0.9811320754716981,0.0,874.9877910912037,0.003906339406967163,989.1891,0.10250760813655982,19.13309097290039,64.0,4
880,52,0.6153846153846154,0.0,959.9958591759205,0.11125732958316803,29.5251845,0.07175532569559187,23.11915159225464,40.0,10
834,41,0.0,0.6585365853658537,934.806346103549,0.13349954783916473,11.273105,0.0,9.566545486450195,1.0,9
854,39,0.8717948717948718,0.0,959.9926113337278,10.002496153116226,101.48367,0.31777358522333543,36.67175769805908,63.0,3
763,38,0.0,0.6842105263157895,934.7985270470381,0.13172973692417145,13.7665145,0.0,9.566545486450195,1.0,9
797,37,0.972972972972973,0.0,959.9997926205397,0.015301689505577087,15.369931,0.16401217301849572,20.72751522064209,64.0,9
879,36,0.027777777777777776,0.3055555555555556,925.8965479508042,79.9578440785408,8.735589000000001,0.16913755342532372,23.91636371612549,6.0,8
794,35,0.45714285714285713,0.08571428571428572,959.9951719790697,0.11125732958316803,29.571941,0.08200608650924786,23.91636371612549,20.0,13
824,34,0.5294117647058824,0.11764705882352941,884.8987465649843,39.111528143286705,2914.4506,0.2357674987140876,38.26618194580078,39.0,2
775,32,1.0,0.0,959.9517558068037,0.0,20.2991325,0.0615045648819359,17.53866672515869,64.0,1
850,31,0.0,0.5161290322580645,867.8792785853148,67.1063669025898,12.801484,0.2460182595277436,31.888484954833984,2.0,5
332,30,0.0,0.8,950.353414312005,35.67106993496418,12.07406,0.4202811933598953,7.1749091148376465,1.0,25
825,28,0.8214285714285714,0.0,888.0010624676943,55.79306747019291,17.4773805,0.1230091297638718,19.13309097290039,34.0,1
868,28,0.9285714285714286,0.0,874.9918329566717,1.5944242477416992e-06,2460.7,0.32802434603699143,44.64387893676758,54.0,1
371,28,0.0,0.8571428571428571,950.4599792510271,25.138663694262505,16.631377999999998,0.4202811933598953,5.580484867095947,1.0,26
877,27,0.4074074074074074,0.0,879.9934334009886,1.5944242477416992e-06,31.008991,0.20501521627311964,33.482909202575684,28.0,1
852,27,1.0,0.0,958.2069964855909,1.5944242477416992e-06,87.590614,0.03075228244096795,9.566545486450195,43.0,1
800,27,0.5555555555555556,0.037037037037037035,935.7416991442442,0.5952001661062241,471.3235,0.010250760813655982,14.349818229675293,49.0,5
783,27,0.0,0.3333333333333333,867.878945350647,67.08212368190289,14.484286,0.2357674987140876,31.888484954833984,4.0,4
349,27,0.037037037037037035,0.8148148148148148,950.3438621163368,25.262883692979813,12.58311,0.4202811933598953,6.377696990966797,1.0,23
815,26,0.9615384615384616,0.0,911.9902658611536,56.029957458376884,11.577672,0.04100304325462393,9.566545486450195,64.0,2
81,26,0.0,0.8461538461538461,950.3776527494192,25.131694465875626,13.227974,0.4202811933598953,4.783272743225098,1.0,22
269,26,0.0,0.7307692307692307,950.3378296121955,50.63074906170368,14.401651999999999,0.4202811933598953,7.972121238708496,1.0,25
769,26,0.0,0.11538461538461539,909.2696455568075,53.90588301420212,100.507515,0.4202811933598953,12.755393981933594,16.0,2
862,26,0.5384615384615384,0.07692307692307693,959.9928361475468,0.000848233699798584,17.609018,0.1230091297638718,25.510787963867188,35.0,2
773,25,0.28,0.52,928.9357940107584,95.86746044456959,6.893934,0.4202811933598953,7.972121238708496,2.0,15
671,25,0.0,0.84,934.8427069485188,25.123060658574104,12.0750475,0.4202811933598953,7.972121238708496,1.0,20
867,24,1.0,0.0,874.9960605725646,0.004502654075622559,316.72526500000004,0.2255167379004316,33.482909202575684,64.0,9
102,24,0.0,0.5,950.4010764360428,83.58688281476498,16.0367515,0.4202811933598953,4.783272743225098,2.5,20
758,24,0.0,0.9583333333333334,955.0915313661098,25.136836484074593,14.735831999999998,0.4202811933598953,6.377696990966797,1.0,21
894,24,0.625,0.0,912.0910589843988,79.99494633078575,187.920615,0.14351065139118374,17.53866672515869,46.0,3
314,23,0.782608695652174,0.0,935.3821006715298,0.7501000761985779,631.1128,0.0,12.755393981933594,52.0,7
205,23,0.0,0.782608695652174,950.3230596631765,60.11072847247124,12.711934,0.4202811933598953,6.377696990966797,1.0,22
819,23,0.17391304347826086,0.17391304347826086,899.7741332650185,39.111528143286705,400.33914,0.1845136946458077,38.26618194580078,18.0,1
603,23,0.8260869565217391,0.0,935.49720056355,1.3634814620018005,568.14935,0.0,12.755393981933594,61.0,7
678,23,0.0,0.7391304347826086,950.4097644537687,25.133467465639114,16.751894,0.4202811933598953,4.783272743225098,1.0,19
285,23,0.0,0.782608695652174,950.3647012412548,34.73561963438988,15.191081,0.4202811933598953,7.972121238708496,1.0,18
234,23,0.0,0.6956521739130435,950.3230660408735,79.65860572457314,18.11135,0.4202811933598953,4.783272743225098,1.0,21
787,23,0.8260869565217391,0.043478260869565216,959.9995614290237,0.27658477425575256,6.5898333,0.15376141220483974,11.160969734191895,33.0,2
288,23,0.0,0.8260869565217391,950.383765771985,25.257658764719963,11.67627,0.4202811933598953,7.972121238708496,1.0,18
842,22,0.0,0.13636363636363635,909.3452443853021,58.70409870147705,104.5018275,0.4202811933598953,12.755393981933594,16.5,2
809,22,0.7727272727272727,0.0,959.9928855746984,0.00027424097061157227,152.730295,0.3075228244096795,35.07733345031738,45.0,2
632,22,0.045454545454545456,0.8636363636363636,950.4019398167729,25.262898042798042,19.122188,0.4202811933598953,5.580484867095947,1.0,18
712,22,0.0,0.7272727272727273,950.3837434500456,74.55900080502033,14.036008500000001,0.4202811933598953,6.377696990966797,2.0,19
687,22,0.045454545454545456,0.7727272727272727,942.6082569733262,25.26287731528282,11.784250499999999,0.4202811933598953,4.783272743225098,1.0,20
22,22,0.0,0.8181818181818182,950.3092112913728,39.845825880765915,11.61027625,0.4202811933598953,6.377696990966797,1.0,21
353,22,0.0,0.8181818181818182,950.3508018478751,25.140301167964935,18.647050999999998,0.4202811933598953,6.377696990966797,1.0,17
860,22,1.0,0.0,959.9998595863581,0.0015067309141159058,15.273505499999999,0.15376141220483974,20.72751522064209,64.0,9
438,22,0.0,0.7727272727272727,950.3369207903743,25.07621169090271,16.5199285,0.4202811933598953,6.377696990966797,1.0,20
788,22,0.5909090909090909,0.0,879.9934349954128,1.5944242477416992e-06,31.328053500000003,0.2255167379004316,36.67175769805908,36.0,1
536,22,0.0,0.7727272727272727,950.427059173584,25.155966386198997,15.75791325,0.4202811933598953,5.580484867095947,1.0,20
845,21,1.0,0.0,959.9517558068037,0.0,19.394749,0.0615045648819359,17.53866672515869,64.0,1
259,21,0.7142857142857143,0.0,935.7247998416424,0.5755999088287354,586.47076,0.0,12.755393981933594,53.0,9
887,21,1.0,0.0,863.9575513899326,0.0,63.931503,0.0615045648819359,12.755393981933594,64.0,1
846,21,0.23809523809523808,0.42857142857142855,880.2013925611973,95.81266486644745,7.739416,0.4202811933598953,7.972121238708496,23.0,11
831,21,1.0,0.0,887.9905217289925,0.0,31.08433,0.03075228244096795,9.566545486450195,64.0,1
724,21,0.0,0.8095238095238095,950.3646884858608,25.150722324848175,12.173524,0.4202811933598953,4.783272743225098,1.0,20
168,21,0.0,0.8095238095238095,934.8704563081264,83.6094263792038,13.483536,0.4202811933598953,6.377696990966797,1.0,18
828,21,1.0,0.0,863.9907775968313,0.0,64.84732,0.03075228244096795,11.160969734191895,64.0,1
803,21,0.7619047619047619,0.0,874.9918329566717,1.5944242477416992e-06,2230.1843,0.33827510685064743,44.64387893676758,54.0,1
395,20,0.95,0.0,935.6127006560564,1.3459156900644302,623.73871,0.0,12.755393981933594,53.5,7
399,20,0.0,0.75,950.4565847218037,25.216874986886978,15.339709,0.4202811933598953,6.377696990966797,1.5,18
379,20,0.0,0.05,951.2250390127301,0.20453114807605743,65.1238835,0.04100304325462393,4.783272743225098,9.0,1
746,20,0.75,0.0,935.4396506175399,0.964299812912941,588.3896649999999,0.0,12.755393981933594,40.0,8
652,20,0.0,0.7,950.3647076189518,79.68111261725426,17.9010875,0.4202811933598953,4.783272743225098,1.0,17
122,20,0.85,0.0,935.5533506050706,0.7142000198364258,608.1696,0.0,12.755393981933594,59.0,7
591,20,0.0,0.7,950.4331849515438,25.0813377648592,15.190064499999998,0.4202811933598953,6.377696990966797,2.0,17
686,20,0.9,0.0,935.726399846375,0.7052999436855316,598.40561,0.0,12.755393981933594,59.0,7
75,20,0.0,0.75,950.3612182214856,34.68327468633652,10.29812575,0.4202811933598953,4.783272743225098,1.5,19
479,20,0.85,0.0,935.6972497850657,1.3634814620018005,589.18847,0.0,12.755393981933594,56.0,8
520,20,0.15,0.0,899.5287984088063,58.704991579055786,220.35784999999998,0.2357674987140876,30.294060707092285,14.5,2
44,20,0.0,0.9,950.3854734003544,25.154233247041702,9.0335705,0.4202811933598953,4.783272743225098,1.0,18
457,20,0.0,0.7,950.4790661036968,25.05534864962101,21.7457425,0.4202811933598953,6.377696990966797,2.0,14
888,20,1.0,0.0,863.9907775968313,0.0,64.966195,0.03075228244096795,11.160969734191895,64.0,1
904,20,0.95,0.05,934.6143853962421,5.74579955637455,30.118979,0.0,11.160969734191895,64.0,7
427,20,0.0,0.8,950.4028326943517,25.126541286706924,20.079935,0.4202811933598953,6.377696990966797,1.0,13
869,20,1.0,0.0,874.9977060183883,11.008107498288155,575.119875,0.0563791844751079,14.349818229675293,64.0,11
568,20,0.0,0.85,950.3646470308304,25.10218645632267,14.458699,0.4202811933598953,2.391636371612549,1.0,15
165,20,0.9,0.0,935.5533506050706,0.7142000198364258,613.430565,0.0,12.755393981933594,59.5,7
216,20,0.0,0.65,950.3612086549401,50.71639037132263,16.994409,0.4202811933598953,5.580484867095947,1.0,19
571,20,0.8,0.0,935.3821006715298,1.3634814620018005,533.8009500000001,0.0,11.160969734191895,52.5,6
784,20,0.65,0.1,959.9928361475468,1.5944242477416992e-06,19.716079,0.1230091297638718,25.510787963867188,35.0,1
785,20,0.0,0.1,959.9934611618519,4.783272743225098e-06,16.2597715,0.2255167379004316,37.46896982192993,9.5,1
377,19,0.0,0.7894736842105263,950.3490296453238,55.62160627543926,20.844898,0.4202811933598953,4.783272743225098,1.0,16
747,19,0.05263157894736842,0.6842105263157895,950.3178905397654,95.86464628577232,10.669188,0.4202811933598953,4.783272743225098,2.0,15
227,19,0.0,0.7368421052631579,950.1556658446789,25.11773209273815,13.7472925,0.4202811933598953,4.783272743225098,2.0,16
741,19,0.05263157894736842,0.5789473684210527,950.3646900802851,95.85256214439869,14.4323845,0.4202811933598953,7.972121238708496,1.0,17
123,19,0.0,0.8421052631578947,950.4426287263632,25.128256887197495,15.276457,0.4202811933598953,6.377696990966797,1.0,18
198,19,0.0,0.8947368421052632,950.3317349255085,50.76913870871067,21.724184,0.4202811933598953,4.783272743225098,1.0,17
702,19,0.7894736842105263,0.0,935.6159006655216,0.6894003450870514,550.7744,0.0,12.755393981933594,53.0,8
683,19,0.0,0.6842105263157895,950.3803250044584,34.712717324495316,13.814371,0.4202811933598953,3.1888484954833984,1.0,18
197,19,0.8947368421052632,0.0,935.4315007179976,0.9662992209196091,606.33563,0.0,12.755393981933594,58.0,8
657,19,0.0,0.9473684210526315,934.8652122467756,25.081458941102028,12.133216,0.4202811933598953,7.972121238708496,2.0,18
414,19,0.0,0.7894736842105263,950.3369773924351,34.86297746002674,22.458088,0.4202811933598953,6.377696990966797,1.0,18
324,19,0.0,0.7894736842105263,950.3282606750727,25.0918577760458,14.953456,0.4202811933598953,6.377696990966797,1.0,16
423,19,0.8947368421052632,0.0,935.3920993059874,1.3545813858509064,612.493,0.0,12.755393981933594,53.0,6
16,19,0.0,0.10526315789473684,951.2063914239407,54.259393975138664,41.243286,0.04100304325462393,6.377696990966797,10.0,3
344,19,0.0,0.8421052631578947,950.4756811410189,25.039833307266235,14.3626175,0.4202811933598953,6.377696990966797,1.0,17
49,19,0.9473684210526315,0.0,935.3821006715298,1.5299154371023178,556.13007,0.0,11.160969734191895,63.0,8
6,19,0.0,0.7368421052631579,950.409753292799,25.070981979370117,13.076744,0.4202811933598953,6.377696990966797,1.0,17
856,18,0.0,0.16666666666666666,880.8792110085487,19.60235235095024,79.282052,0.3075228244096795,29.496848583221436,9.0,4
90,18,0.8888888888888888,0.0,935.3821006715298,1.500415399670601,555.6949500000001,0.0,12.755393981933594,63.0,7
759,18,0.0,0.7777777777777778,942.5984703972936,25.043277263641357,14.3615215,0.4202811933598953,4.783272743225098,1.0,16
416,18,0.8333333333333334,0.0,935.4396506175399,0.890399843454361,553.83475,0.0,12.755393981933594,56.5,6
392,18,0.05555555555555555,0.6111111111111112,950.3820174857974,34.852567464113235,13.7435445,0.4202811933598953,7.972121238708496,1.0,14
352,18,0.0,0.8333333333333334,950.2315429002047,25.110844179987907,13.885781,0.4202811933598953,6.377696990966797,1.0,13
83,18,1.0,0.0,935.4396506175399,0.7412000000476837,614.730895,0.0,12.755393981933594,58.5,7
435,18,0.7777777777777778,0.0,935.6159006655216,0.7892001420259476,530.8324250000001,0.0,12.755393981933594,54.0,6
97,18,0.0,0.5555555555555556,950.315230242908,83.63365365564823,13.618851,0.4202811933598953,5.580484867095947,2.0,15
698,18,0.05555555555555555,0.6111111111111112,950.3516979143023,25.214336663484573,14.925687,0.4202811933598953,6.377696990966797,2.0,17
139,18,0.0,1.0,950.7110548317432,25.064084500074387,17.229725000000002,0.4202811933598953,5.580484867095947,1.0,16
464,18,0.0,0.6666666666666666,950.3255995810032,24.98780246078968,16.373343,0.4202811933598953,6.377696990966797,1.5,15
717,18,0.0,0.5555555555555556,950.4279241487384,25.0900576710701,12.501606,0.4202811933598953,7.1749091148376465,2.0,16
143,18,0.0,0.8333333333333334,950.3949929103255,34.66184403002262,10.656089000000001,0.4202811933598953,6.377696990966797,1.0,18
627,18,0.0,0.7777777777777778,950.3239605128765,25.05366812646389,16.0543805,0.4202811933598953,6.377696990966797,1.0,14
541,18,0.0,0.8888888888888888,950.4079970344901,25.11266501247883,21.399955,0.4202811933598953,6.377696990966797,1.0,16
247,18,0.0,0.7777777777777778,950.3733222931623,25.13338615000248,15.243772,0.4202811933598953,4.783272743225098,1.0,16
228,18,0.0,0.8333333333333334,950.3118078112602,25.06230990588665,16.8665705,0.4202811933598953,3.1888484954833984,1.0,14
554,18,0.0,0.8333333333333334,950.3802699968219,55.515827387571335,23.076387500000003,0.4202811933598953,6.377696990966797,1.0,16
558,18,0.8333333333333334,0.0,935.5357505530119,0.7892001420259476,594.47585,0.0,12.755393981933594,56.0,7
516,18,0.0,0.7777777777777778,950.3647036328912,69.22050330042839,15.076255,0.4202811933598953,7.1749091148376465,1.0,16
180,18,0.0,0.7777777777777778,950.4738340005279,34.58296945691109,12.448196750000001,0.4202811933598953,4.783272743225098,1.0,16
672,18,0.0,0.7777777777777778,950.3482252582908,25.07794961333275,16.437466,0.4202811933598953,6.377696990966797,1.0,14
579,18,0.0,0.7222222222222222,950.4183791279793,25.11095578968525,17.453605500000002,0.4202811933598953,7.972121238708496,1.0,17
871,18,0.5555555555555556,0.0,874.9881944805384,1.5944242477416992e-06,1659.3572,0.20501521627311964,29.496848583221436,34.0,1
550,18,0.6666666666666666,0.0,935.5357505530119,0.7142000198364258,647.098785,0.0,12.755393981933594,40.0,7
245,18,0.8333333333333334,0.0,935.847599208355,0.9251997470855713,545.923,0.0,12.755393981933594,52.5,7
21,18,0.0,0.6666666666666666,942.5829869434237,79.63437366485596,15.713101,0.4202811933598953,3.1888484954833984,1.0,16
241,18,0.0,0.8333333333333334,950.3256386443973,25.01552949845791,19.8672015,0.4202811933598953,6.377696990966797,1.0,16
36,18,0.7222222222222222,0.0,935.3870999887586,1.3548157662153244,562.41278,0.0,12.755393981933594,53.5,7
302,18,0.0,0.0,951.2003278285265,0.18719975650310516,67.01921250000001,0.05125380406827991,7.972121238708496,11.0,1
513,18,0.0,0.1111111111111111,951.1680558845401,7.17150342464447,63.917660999999995,0.0563791844751079,6.377696990966797,9.5,2
93,17,0.0,0.7647058823529411,950.3803457319736,25.055331110954285,18.373413,0.4202811933598953,4.783272743225098,1.0,14
116,17,0.0,0.7058823529411765,959.7906137257814,34.73790763318539,18.910461,0.4202811933598953,4.783272743225098,2.0,13
736,17,0.0,0.8235294117647058,950.4878035485744,50.80209705233574,12.558157,0.4202811933598953,7.972121238708496,1.0,14
451,17,0.0,0.7647058823529411,950.4305685013533,25.057230070233345,15.630113,0.4202811933598953,7.972121238708496,1.0,14
851,17,0.0,0.7058823529411765,951.603503510356,8.269345834851265,73.622215,0.33827510685064743,41.45503044128418,2.0,8
67,17,0.0,0.7647058823529411,950.3907063007355,34.64022842049599,16.357445,0.4202811933598953,6.377696990966797,2.0,15
403,17,0.058823529411764705,0.7058823529411765,950.4548420161009,25.235175788402557,26.162731,0.4202811933598953,6.377696990966797,1.0,16
442,17,0.0,0.9411764705882353,950.409753292799,25.04678340256214,13.870461,0.4202811933598953,4.783272743225098,1.0,17
443,17,0.0,0.8235294117647058,959.7438412904739,55.6666934043169,10.884999,0.4202811933598953,3.1888484954833984,1.0,16
187,17,0.0,0.9411764705882353,950.380302682519,25.065800100564957,16.4461,0.4202811933598953,6.377696990966797,1.0,14
181,17,0.0,0.8823529411764706,950.4063013643026,25.01384897530079,13.32988,0.4202811933598953,6.377696990966797,1.0,15
529,17,0.0,0.7058823529411765,950.4097501039505,25.09871220588684,19.953724,0.4202811933598953,6.377696990966797,2.0,15
619,17,0.6470588235294118,0.0,935.3821006715298,0.7803000658750534,561.73267,0.0,12.755393981933594,52.0,5
626,17,0.0,0.7058823529411765,950.3646502196789,34.621887758374214,16.524035,0.4202811933598953,4.783272743225098,1.0,17
124,17,0.0,0.6470588235294118,950.3074502497911,59.86405988037586,11.72579,0.4202811933598953,4.783272743225098,1.0,14
705,17,0.0,0.7647058823529411,950.4236789941788,25.08835482597351,14.781428,0.4202811933598953,4.783272743225098,1.0,15
498,17,0.0,0.7647058823529411,934.8704451471567,25.019067525863647,15.083228,0.4202811933598953,4.783272743225098,1.0,14
303,17,0.6470588235294118,0.0,935.7246993929148,0.7052999436855316,478.74786,0.0,12.755393981933594,53.0,7
179,17,0.8235294117647058,0.0,935.6837992221117,0.9262998998165131,573.97723,0.0,12.755393981933594,48.0,6
681,17,0.8823529411764706,0.0,935.6159006655216,1.3545813858509064,575.72656,0.0,11.160969734191895,54.0,8
173,17,0.7647058823529411,0.058823529411764705,935.6095006465912,0.9493010640144348,549.02747,0.0,12.755393981933594,52.0,8
175,17,0.0,0.8823529411764706,950.3282558917999,25.155990302562714,9.05238,0.4202811933598953,4.783272743225098,1.0,15
658,17,0.0,0.7647058823529411,950.3646900802851,25.114406123757362,27.089674,0.4202811933598953,3.1888484954833984,1.0,17
388,17,0.8235294117647058,0.0,935.7417007386684,0.6794001162052155,636.6159,0.0,12.755393981933594,53.0,6
88,17,0.23529411764705882,0.0,899.5292408615351,41.894380420446396,267.919,0.33827510685064743,25.510787963867188,24.0,4
51,17,0.0,0.7647058823529411,950.3836892396212,34.686015501618385,17.00379,0.4202811933598953,4.783272743225098,1.0,13
372,17,0.0,0.7058823529411765,950.3803489208221,79.68639653921127,18.95941,0.4202811933598953,7.972121238708496,2.0,16
25,17,0.0,0.8235294117647058,950.3490105122328,25.086637631058693,10.464741,0.4202811933598953,6.377696990966797,1.0,15
771,17,1.0,0.0,959.9960808008909,0.0,36.340515,0.4202811933598953,43.04945468902588,44.0,1
823,17,0.8235294117647058,0.0,864.001034528017,47.97991989552975,12.273659,0.1230091297638718,17.53866672515869,61.0,1
261,17,0.0,0.6470588235294118,950.3490471839905,34.61750787496567,18.171368,0.4202811933598953,4.783272743225098,1.0,15
874,17,0.4117647058823529,0.058823529411764705,879.9982916116714,29.382427915930748,89.867805,0.2870213027823675,39.86060619354248,28.0,2
204,17,0.0,0.8823529411764706,950.4478903263807,25.10219442844391,17.039337,0.4202811933598953,4.783272743225098,1.0,15
884,17,0.8235294117647058,0.0,959.9896488934755,0.009423047304153442,8.141909,0.03075228244096795,11.160969734191895,58.0,2
849,16,0.9375,0.0,879.994002610445,0.8852099925279617,55.925519,0.26651978115505554,35.87454557418823,63.0,2
841,16,1.0,0.0,959.9946713298559,0.0,17.561768,0.4202811933598953,19.13309097290039,45.0,1
317,16,0.0,0.875,955.096687734127,25.06401912868023,13.256505,0.4202811933598953,7.972121238708496,1.0,14
433,16,0.0,0.8125,950.3776981905103,25.107379496097565,24.8906365,0.4202811933598953,7.1749091148376465,2.0,15
337,16,0.0,0.6875,950.4253332093358,25.131731137633324,11.3947195,0.4202811933598953,3.986060619354248,1.0,13
333,16,0.0,0.875,934.8626236990094,55.63372868299484,13.7590795,0.4202811933598953,7.1749091148376465,1.0,13
419,16,0.0,0.75,950.3837195336819,25.0763248950243,12.5330805,0.4202811933598953,4.783272743225098,1.0,13
848,16,0.6875,0.0,959.9995614290237,0.01901829242706299,6.36508575,0.15376141220483974,11.958181858062744,33.0,3
865,16,0.0625,0.0625,959.9934579730034,0.008938342332839966,16.513787,0.2460182595277436,36.67175769805908,16.0,2
7,16,0.0,0.8125,950.3273646086454,25.083212807774544,13.6396885,0.4202811933598953,4.783272743225098,2.0,14
111,16,0.0,0.6875,950.3620632663369,25.13862542808056,17.2551815,0.4202811933598953,7.972121238708496,2.0,15
863,16,0.875,0.0,924.9925867319107,50.011968955397606,30.785347,0.27677054196871154,34.28012132644653,64.0,7
152,16,0.6875,0.0,935.703449703753,0.8892996907234192,523.2356,0.0,11.958181858062744,44.0,6
453,16,0.0,0.0,951.1429158002138,0.09707014262676239,61.3011315,0.05125380406827991,6.377696990966797,9.5,1
476,16,0.0,0.6875,950.3534294590354,25.13342760503292,18.2900105,0.4202811933598953,6.377696990966797,1.0,13
696,16,0.8125,0.0,935.4220505654812,1.4273812025785446,630.102625,0.0,12.755393981933594,61.0,7
454,16,0.9375,0.0,935.4396506175399,0.7142000198364258,605.9429250000001,0.0,12.755393981933594,58.0,6
691,16,0.0,0.9375,950.3985126018524,25.133446738123894,18.893762000000002,0.4202811933598953,4.783272743225098,1.0,15
664,16,0.0,0.875,942.6149838492274,59.8241753578186,16.981562500000003,0.4202811933598953,3.986060619354248,1.0,15
150,16,0.0,0.875,950.3438732773066,25.012023359537125,18.5178985,0.4202811933598953,6.377696990966797,1.5,16
586,16,0.0,0.6875,950.4201489388943,25.093563809990883,13.011041500000001,0.4202811933598953,7.1749091148376465,1.5,14
546,16,0.0,0.6875,950.3178068324924,55.666704565286636,9.924299000000001,0.4202811933598953,5.580484867095947,1.0,14
600,16,0.0625,0.75,950.3906959369779,95.81956712901592,21.746816000000003,0.4202811933598953,5.580484867095947,1.5,14
256,16,0.0,0.625,950.3603237494826,83.65624186396599,14.663366499999999,0.4202811933598953,5.580484867095947,1.0,13
609,16,0.0,0.5625,942.5586624071002,83.6215695142746,12.54084925,0.4202811933598953,4.783272743225098,2.0,14
545,16,0.75,0.0,935.49720056355,1.3548157662153244,569.0068650000001,0.0,12.755393981933594,62.0,8
211,16,0.0,0.75,950.3820429965854,25.01206800341606,17.911383999999998,0.4202811933598953,8.769333362579346,1.0,14
614,16,0.9375,0.0,935.49720056355,0.8912990987300873,608.30845,0.0,12.755393981933594,62.0,6
471,16,0.0,0.875,950.235953874886,34.677295595407486,12.476446500000002,0.4202811933598953,4.783272743225098,1.0,15
718,16,0.0,0.875,950.4037175998092,25.02422070503235,26.173411,0.4202811933598953,6.377696990966797,1.5,12
573,15,0.0,0.7333333333333333,950.4599585235119,34.384245201945305,14.01424,0.4202811933598953,3.1888484954833984,1.0,14
564,15,0.8666666666666667,0.0,935.3821006715298,1.3978811651468277,541.05414,0.0,12.755393981933594,61.0,8
583,15,0.8666666666666667,0.0,935.742000490427,0.7345002293586731,614.25854,0.0,12.755393981933594,54.0,6
240,15,0.0,0.8,950.3109962493181,25.0814079195261,13.605593,0.4202811933598953,6.377696990966797,1.0,15
235,15,0.0,0.8666666666666667,950.4479014873505,25.08316019177437,12.67385,0.4202811933598953,4.783272743225098,1.0,13
534,15,0.9333333333333333,0.0,935.4315007179976,1.3545813858509064,571.6678,0.0,12.755393981933594,63.0,6
876,15,0.26666666666666666,0.0,899.6019338518381,39.11153292655945,261.04745,0.21526597708677564,35.07733345031738,17.0,1
12,15,1.0,0.0,934.6031191945076,0.5106813311576843,31.56004,0.0,9.566545486450195,64.0,4
400,15,0.8,0.06666666666666667,935.742000490427,0.7202986925840378,656.7023,0.0,12.755393981933594,57.0,6
64,15,0.6666666666666666,0.0,935.4620004594326,0.7423001527786255,552.75665,0.0,12.755393981933594,53.0,8
818,15,0.13333333333333333,0.0,912.0899476706982,32.09561342000961,83.711624,0.04100304325462393,20.72751522064209,10.0,2
738,15,0.7333333333333333,0.0,935.3821006715298,1.3409490585327148,548.8284,0.0,12.755393981933594,63.0,7
847,15,0.0,0.7333333333333333,959.6953086107969,25.057225286960602,16.38397,0.4202811933598953,4.783272743225098,1.0,13
363,15,1.0,0.0,935.7417007386684,0.7052999436855316,606.32544,0.0,12.755393981933594,59.0,7
358,15,0.0,0.9333333333333333,950.3959184736013,25.091832265257835,16.568344,0.4202811933598953,6.377696990966797,1.0,13
859,15,0.6666666666666666,0.0,959.9849660694599,0.11830627918243408,29.18144,0.05125380406827991,14.349818229675293,64.0,7
30,15,0.7333333333333333,0.06666666666666667,935.6095006465912,0.5755999088287354,646.7543,0.0,12.755393981933594,53.0,6
24,15,0.7333333333333333,0.0,935.847599208355,0.964299812912941,560.0429,0.0,12.755393981933594,52.0,7
53,15,0.8666666666666667,0.0,935.742000490427,0.8892996907234192,566.7469,0.0,12.755393981933594,53.0,6
864,15,0.5333333333333333,0.0,935.7416991442442,21.794199392199516,463.08005,0.010250760813655982,14.349818229675293,49.0,3
742,15,0.0,0.8666666666666667,950.4357376247644,25.08665357530117,20.705149,0.4202811933598953,3.1888484954833984,1.0,14
367,15,0.0,0.06666666666666667,951.2116099745035,0.16812247037887573,54.201576,0.0615045648819359,6.377696990966797,9.0,1
274,15,0.06666666666666667,0.8666666666666667,934.8288753181696,95.79527288675308,9.756656,0.4202811933598953,6.377696990966797,1.0,15
608,15,0.8,0.0,935.4620004594326,0.7345002293586731,559.26996,0.0,12.755393981933594,53.0,7
641,15,0.8666666666666667,0.0,935.49720056355,0.7412000000476837,583.8591,0.0,12.755393981933594,53.0,7
212,15,0.0,0.8666666666666667,950.2953166812658,25.122998476028442,11.772242,0.4202811933598953,7.972121238708496,1.0,13
597,15,0.9333333333333333,0.0,935.3821006715298,0.7501000761985779,598.89886,0.0,12.755393981933594,63.0,8
214,15,0.8,0.0,935.3821006715298,0.6701986938714981,594.3381,0.0,12.755393981933594,52.0,6
194,15,0.0,0.6,950.3958499133587,24.925348863005638,18.555946,0.4202811933598953,4.783272743225098,2.0,11
185,15,0.6,0.0,935.6837992221117,0.7412000000476837,498.20178,0.0,12.755393981933594,58.0,7
725,15,0.0,0.9333333333333333,934.8098123818636,24.97047585248947,16.023066,0.4202811933598953,3.1888484954833984,1.0,14
486,15,0.0,0.7333333333333333,950.4704546183348,25.098723366856575,12.671132,0.4202811933598953,6.377696990966797,1.0,13
294,15,0.0,0.8,934.865272834897,25.131702437996864,11.843743,0.4202811933598953,7.972121238708496,1.0,14
458,15,0.0,0.7333333333333333,950.3282798081636,25.07447536289692,13.444343,0.4202811933598953,6.377696990966797,1.0,13
296,15,0.06666666666666667,0.06666666666666667,870.2691483348608,39.221949994564056,287.89163,0.2972720635960235,28.699636459350586,19.0,3
300,15,0.0,0.9333333333333333,950.3282957524061,25.138619050383568,30.159342,0.4202811933598953,4.783272743225098,1.0,14
714,15,0.8,0.0,935.7672003656626,0.7052999436855316,604.1919,0.0,12.755393981933594,57.0,6
38,15,0.0,0.8666666666666667,950.3110935091972,25.077932074666023,17.899307,0.4202811933598953,4.783272743225098,1.0,15
814,15,0.7333333333333333,0.0,912.0910589843988,8.000800147652626,220.92914,0.14351065139118374,17.53866672515869,46.0,1
68,15,0.0,0.8,950.3958610743284,25.107406601309776,16.506693,0.4202811933598953,3.1888484954833984,2.0,12
160,15,0.7333333333333333,0.0,935.3821006715298,0.7803000658750534,631.6762,0.0,12.755393981933594,54.0,7
507,15,0.8,0.0,935.4315007179976,1.3684146106243134,528.0114,0.0,12.755393981933594,42.0,6
497,15,0.0,0.7333333333333333,950.460030272603,25.110879257321358,18.357473,0.4202811933598953,3.1888484954833984,1.0,15
174,15,0.0,0.8666666666666667,950.3837753385305,25.123094141483307,12.538369,0.4202811933598953,4.783272743225098,1.0,13
517,15,0.0,0.7333333333333333,950.4183886945248,25.0918211042881,10.752674,0.4202811933598953,4.783272743225098,1.0,13
130,15,0.0,0.7333333333333333,950.2953278422356,25.00690047442913,15.047876,0.4202811933598953,6.377696990966797,1.0,13
487,15,0.0,0.8,950.4062694758177,25.091880097985268,21.056782,0.4202811933598953,4.783272743225098,1.0,13
667,15,0.0,0.06666666666666667,951.1838717758656,0.20453274250030518,85.36008,0.04100304325462393,9.566545486450195,11.0,1
151,15,0.0,0.9333333333333333,934.8704738467932,25.090075209736824,15.864552,0.4202811933598953,6.377696990966797,1.0,14
528,15,0.6,0.0,935.5191159248352,0.7052999436855316,537.4753,0.0,12.755393981933594,54.0,6
255,15,0.0,0.8666666666666667,950.3074502497911,34.6858991086483,12.027441,0.4202811933598953,4.783272743225098,1.0,15
601,15,0.0,0.8666666666666667,950.3438668996096,24.97389429807663,21.707663,0.4202811933598953,6.377696990966797,2.0,15
530,15,0.0,0.9333333333333333,950.4010796248913,25.09533202648163,18.209545,0.4202811933598953,6.377696990966797,1.0,15
463,15,0.0,0.9333333333333333,950.4548531770706,25.081417486071587,14.265467,0.4202811933598953,6.377696990966797,1.0,15
644,15,0.06666666666666667,0.8,950.3317460864782,58.87113377451897,19.254824,0.4202811933598953,7.972121238708496,1.0,14
325,14,0.0,0.9285714285714286,950.235902056098,25.057159915566444,19.675338,0.4202811933598953,4.783272743225098,1.0,13
756,14,0.8571428571428571,0.0,935.6703000292182,0.7052999436855316,529.423235,0.0,12.755393981933594,48.5,9
441,14,0.8571428571428571,0.0,935.5389505624771,0.784598633646965,644.17007,0.0,12.755393981933594,56.0,6
117,14,0.2857142857142857,0.0,899.5447402596474,79.99494633078575,131.259582,0.21526597708677564,26.308000087738037,21.5,5
770,14,0.9285714285714286,0.0,959.9946713298559,0.0023087263107299805,17.838414,0.4202811933598953,19.93030309677124,45.0,3
430,14,0.7142857142857143,0.0,935.7946499735117,1.3634814620018005,595.3897999999999,0.0,12.755393981933594,57.5,6
748,14,0.0,0.8571428571428571,950.3984599858522,25.06415306031704,17.5460125,0.4202811933598953,6.377696990966797,1.0,14
345,14,0.0,0.7142857142857143,950.4062686786056,25.14389978349209,9.7533565,0.4202811933598953,7.1749091148376465,1.0,13
351,14,0.9285714285714286,0.0,935.7946499735117,1.3695801347494125,616.7811,0.0,12.755393981933594,61.5,7
364,14,0.0,0.7142857142857143,950.4574488997459,25.123019203543663,14.390402,0.4202811933598953,4.783272743225098,1.5,14
40,14,0.0,0.0,951.1652257815003,0.10226477682590485,93.788355,0.05125380406827991,7.1749091148376465,11.0,1
365,14,0.0,0.9285714285714286,959.763760432601,25.150701597332954,13.719676,0.4202811933598953,6.377696990966797,1.0,13
52,14,0.07142857142857142,0.7142857142857143,950.3274188190699,95.82481916248798,22.6839485,0.4202811933598953,4.783272743225098,2.0,14
9,14,0.0,0.0,951.1530993878841,0.14864817261695862,62.843848,0.04100304325462393,6.377696990966797,8.0,1
432,14,0.0,0.6428571428571429,934.8487625718117,25.09539420902729,17.3887445,0.4202811933598953,5.580484867095947,1.5,11
802,14,1.0,0.0,874.9962168261409,0.002305537462234497,554.43469,0.15376141220483974,25.510787963867188,64.0,10
780,14,0.14285714285714285,0.2857142857142857,889.3429115787148,63.74141106009483,7.3086321000000005,0.32802434603699143,11.160969734191895,8.0,10
790,14,0.0,0.7857142857142857,951.5766821056604,1.0260311365127563,7.62813485,0.26139440074822756,26.308000087738037,1.0,12
789,14,0.0,0.42857142857142855,951.6503166034818,25.108133658766747,16.4340695,0.1793883142389797,37.46896982192993,3.0,11
776,14,0.9285714285714286,0.07142857142857142,958.2069964855909,0.08059974014759064,87.79326,0.03075228244096795,9.566545486450195,43.0,1
829,14,1.0,0.0,863.9575513899326,0.0,62.692278,0.0615045648819359,15.944242477416992,64.0,1
820,14,1.0,0.0,944.0942468196154,0.0,98.32860550000001,0.05125380406827991,18.33587884902954,63.0,1
357,14,1.0,0.0,935.6466499343514,1.3719159662723541,608.793725,0.0,12.755393981933594,61.0,7
195,14,0.0,0.8571428571428571,959.7091769129038,25.135084211826324,9.294760499999999,0.4202811933598953,4.783272743225098,1.0,13
506,14,0.0,0.6428571428571429,950.3837641775608,25.039881139993668,21.267022500000003,0.4202811933598953,6.377696990966797,2.0,14
495,14,0.0,0.8571428571428571,942.6357902884483,24.994813144207,13.5991895,0.4202811933598953,9.566545486450195,1.0,12
287,14,0.9285714285714286,0.0,935.7417007386684,0.9251997470855713,536.19358,0.0,12.755393981933594,53.0,7
684,14,0.0,0.7142857142857143,942.601066917181,83.6683020889759,12.762775999999999,0.4202811933598953,7.972121238708496,1.0,13
161,14,0.0,0.8571428571428571,950.4470046237111,25.091923147439957,19.07254,0.4202811933598953,5.580484867095947,1.0,12
477,14,0.0,0.9285714285714286,959.7230627536774,79.68113812804222,13.566859000000001,0.4202811933598953,5.580484867095947,1.0,13
309,14,0.0,0.0,951.2202597260475,0.1547006070613861,54.349601,0.0563791844751079,7.1749091148376465,10.5,1
468,14,1.0,0.0,934.5953200682998,0.586515337228775,24.21342,0.0,11.160969734191895,64.0,4
133,14,0.7857142857142857,0.0,935.5389505624771,0.7142000198364258,609.7728,0.0,12.755393981933594,56.5,7
162,14,0.0,0.7857142857142857,950.3933179676533,25.11772730946541,18.340225,0.4202811933598953,7.1749091148376465,2.0,14
141,14,0.8571428571428571,0.0,935.4990006685257,0.7153001725673676,586.5481,0.0,12.755393981933594,58.0,6
472,14,0.0,0.7142857142857143,950.3768348097801,25.00858896970749,14.4956545,0.4202811933598953,3.1888484954833984,1.5,12
474,14,0.8571428571428571,0.0,935.6159006655216,0.8236986994743347,552.06642,0.0,12.755393981933594,54.5,6
621,14,0.0,0.7142857142857143,950.4149901792407,25.15599349141121,19.796547,0.4202811933598953,7.972121238708496,1.0,12
526,14,0.07142857142857142,0.14285714285714285,951.1934008523822,78.84768633544445,36.8217255,0.05125380406827991,7.972121238708496,10.5,3
540,14,0.0,0.7142857142857143,950.4418091922998,34.634821727871895,16.0080835,0.4202811933598953,5.580484867095947,1.0,13
252,14,1.0,0.0,935.6837992221117,1.3545813858509064,628.5355999999999,0.0,12.755393981933594,61.0,6
222,14,0.07142857142857142,0.7857142857142857,950.454868324101,95.81268399953842,21.588037,0.4202811933598953,5.580484867095947,1.5,12
605,14,0.0,0.7857142857142857,959.756011530757,25.12307660281658,14.21201975,0.4202811933598953,3.1888484954833984,1.0,13
272,14,0.9285714285714286,0.0,935.3821006715298,0.7052999436855316,597.35388,0.0,12.755393981933594,62.0,4
610,14,0.0,0.5714285714285714,950.3855076804757,58.70704998075962,30.1728965,0.4202811933598953,4.783272743225098,1.5,13
617,14,0.0,0.7142857142857143,950.3534406200051,25.10047882795334,12.955444,0.4202811933598953,7.1749091148376465,1.5,13
215,14,0.0,0.7142857142857143,950.3767893686891,25.062319472432137,15.914715000000001,0.4202811933598953,3.986060619354248,1.0,13
562,14,0.0,1.0,950.3985197767615,25.110978111624718,14.7765335,0.4202811933598953,3.986060619354248,1.0,11
590,14,0.8571428571428571,0.0,935.6498499438167,0.7064000964164734,542.30375,0.0,12.755393981933594,59.0,5
239,14,0.7142857142857143,0.0,935.6159006655216,0.7412000000476837,479.1151,0.0,12.755393981933594,51.5,7
237,14,0.0,0.07142857142857142,951.2090014964342,8.860854908823967,55.674527999999995,0.04100304325462393,7.972121238708496,9.5,2
883,14,0.8571428571428571,0.07142857142857142,863.9566792398691,55.837014585733414,68.07428999999999,0.07175532569559187,28.699636459350586,57.0,3
577,14,0.7857142857142857,0.0,935.4796005114913,0.7423001527786255,588.4975300000001,0.0,11.958181858062744,56.5,7
890,14,1.0,0.0,887.9905217289925,0.0,31.1662605,0.03075228244096795,9.566545486450195,64.0,1
31,14,0.0,0.7142857142857143,950.3429923579097,25.036375001072884,15.962992,0.4202811933598953,5.580484867095947,1.0,11
1,13,0.8461538461538461,0.0,935.4620004594326,0.7052999436855316,564.9738,0.0,12.755393981933594,58.0,6
885,13,1.0,0.0,863.9672566503286,0.0,19.228926,0.05125380406827991,11.160969734191895,64.0,1
836,13,1.0,0.0,935.847599208355,0.7501000761985779,565.2217,0.0,12.755393981933594,53.0,8
840,13,1.0,0.0,959.9960808008909,0.0,33.25398,0.4202811933598953,43.04945468902588,44.0,1
41,13,0.8461538461538461,0.0,935.6095006465912,0.7867000848054886,613.45825,0.0,12.755393981933594,52.0,7
56,13,0.0,0.8461538461538461,950.3647012412548,89.91999013721943,14.998426,0.4202811933598953,6.377696990966797,1.0,13
811,13,0.7692307692307693,0.07692307692307693,863.9566792398691,3.1888484954833984e-06,69.937065,0.07175532569559187,28.699636459350586,57.0,1
66,13,0.9230769230769231,0.0,934.6117880791426,0.5304139256477356,25.938969,0.0,9.566545486450195,64.0,5
830,13,1.0,0.0,887.9788298159838,1.5944242477416992e-06,22.510159,0.03075228244096795,12.755393981933594,64.0,1
253,13,0.8461538461538461,0.0,935.6159006655216,0.7052999436855316,670.37683,0.0,12.755393981933594,59.0,7
713,13,0.0,0.7692307692307693,934.8357743918896,25.095319271087646,14.15893,0.4202811933598953,4.783272743225098,1.0,12
737,13,0.0,0.7692307692307693,950.4305493682623,25.08314424753189,14.726251,0.4202811933598953,7.972121238708496,1.0,11
321,13,0.8461538461538461,0.0,935.7417007386684,0.7142000198364258,601.6886,0.0,12.755393981933594,57.0,7
275,13,0.0,0.8461538461538461,950.3646502196789,25.06583996117115,25.57106,0.4202811933598953,9.566545486450195,1.0,11
334,13,0.8461538461538461,0.0,935.6837992221117,0.7052999436855316,568.84924,0.0,12.755393981933594,58.0,6
94,13,0.7692307692307693,0.0,935.6095006465912,1.3409490585327148,648.1639,0.0,12.755393981933594,57.0,7
92,13,0.0,0.7692307692307693,934.8704419583082,25.079697102308273,13.117555,0.4202811933598953,3.1888484954833984,1.0,11
339,13,0.7692307692307693,0.0,935.4620004594326,0.7423001527786255,592.3943,0.0,12.755393981933594,59.0,8
786,13,0.0,0.0,959.9960999339819,0.0,49.044506,0.32802434603699143,19.13309097290039,19.0,1
71,13,0.6153846153846154,0.0,935.4620004594326,0.7052999436855316,533.9089,0.0,12.755393981933594,50.0,5
543,13,0.0,0.0,951.2341407835484,0.16509146988391876,70.002365,0.05125380406827991,7.972121238708496,11.0,1
511,13,0.0,0.8461538461538461,950.4235944896936,25.0970811098814,15.575877,0.4202811933598953,7.972121238708496,1.0,13
654,13,0.9230769230769231,0.0,935.742000490427,0.5755999088287354,587.7422,0.0,12.755393981933594,53.0,5
635,13,0.0,0.0,951.2480058968067,0.14948683977127075,34.370045,0.0615045648819359,4.783272743225098,12.0,1
648,13,0.9230769230769231,0.0,935.49720056355,0.7501000761985779,601.8278,0.0,12.755393981933594,61.0,6
873,13,1.0,0.0,863.9587918519974,0.0,51.60019,0.14351065139118374,19.13309097290039,57.0,1
892,13,0.9230769230769231,0.0,864.001034528017,47.979921489953995,12.828304,0.1230091297638718,17.53866672515869,61.0,1
369,13,0.7692307692307693,0.0,935.3821006715298,1.3545813858509064,533.51166,0.0,11.160969734191895,50.0,7
26,13,0.0,0.7692307692307693,950.3282686471939,25.112612396478653,16.328749,0.4202811933598953,6.377696990966797,1.0,11
679,13,0.0,0.9230769230769231,950.1504775881767,25.10221515595913,9.692904,0.4202811933598953,6.377696990966797,1.0,13
674,13,0.07692307692307693,0.07692307692307693,951.2116035968065,78.82514277100563,106.648544,0.05125380406827991,7.972121238708496,10.0,2
490,13,0.7692307692307693,0.0,935.4386006891727,1.3409490585327148,640.2389,0.0,12.755393981933594,52.0,6
494,13,0.0,0.6153846153846154,950.3646502196789,25.13517828285694,14.9526,0.4202811933598953,6.377696990966797,2.0,12
224,13,0.07692307692307693,0.15384615384615385,879.9969283789396,79.85221506655216,109.34444,0.2357674987140876,30.294060707092285,19.0,3
221,13,0.0,0.7692307692307693,950.4097501039505,25.103976994752884,22.25266,0.4202811933598953,4.783272743225098,2.0,11
201,13,0.0,0.0,951.2116035968065,0.1681400090456009,46.38478,0.05125380406827991,6.377696990966797,10.0,1
624,13,0.8461538461538461,0.0,935.6159006655216,0.7473002672195435,687.29266,0.0,12.755393981933594,64.0,7
620,13,0.0,0.8461538461538461,950.4547734558582,25.045016780495644,16.293242,0.4202811933598953,4.783272743225098,1.0,11
209,13,0.9230769230769231,0.0,935.3821006715298,0.7142000198364258,592.3565,0.0,12.755393981933594,63.0,7
631,13,0.9230769230769231,0.0,935.847599208355,0.7803000658750534,589.75574,0.0,12.755393981933594,59.0,7
415,12,0.0,0.5833333333333334,942.5940960943699,25.107457622885704,13.4407745,0.4202811933598953,5.580484867095947,2.0,11
816,12,0.08333333333333333,0.08333333333333333,864.0862676650286,0.0010586977005004883,20.9393265,0.1793883142389797,17.53866672515869,15.5,2
355,12,0.08333333333333333,0.0,951.2531973421574,78.8476879298687,30.918398,0.05125380406827991,6.377696990966797,11.0,2
328,12,0.9166666666666666,0.0,935.6498499438167,1.3909820914268494,560.5372500000001,0.0,12.755393981933594,57.0,4
10,12,1.0,0.0,935.4958006590605,0.7412000000476837,521.021835,0.0,12.755393981933594,63.5,5
569,12,0.0,0.5833333333333334,950.387228064239,25.04672759771347,27.760889,0.4202811933598953,6.377696990966797,1.0,11
13,12,0.0,0.8333333333333334,950.4331403076649,25.10229328274727,20.73783,0.4202811933598953,5.580484867095947,1.0,10
905,12,0.3333333333333333,0.08333333333333333,935.5191159248352,0.6226003468036652,163.760605,0.0,6.377696990966797,15.0,7
902,12,0.08333333333333333,0.0,912.0899476706982,4.783272743225098e-06,82.233228,0.07175532569559187,20.72751522064209,10.0,1
826,12,1.0,0.0,863.9672566503286,0.0,19.2676,0.05125380406827991,12.755393981933594,64.0,1
391,12,0.0,0.75,934.8626300767064,87.64677006006241,10.263541499999999,0.4202811933598953,4.783272743225098,2.0,10
882,12,0.5833333333333334,0.0,888.0010616704822,24.00002793967724,17.0259315,0.1127583689502158,20.72751522064209,34.0,1
801,12,0.0,0.4166666666666667,899.5999081358314,9.888263627886772,383.31158000000005,0.25626902034139953,27.105212211608887,3.5,1
142,12,0.0,0.5833333333333334,950.3404149711132,25.01901650428772,13.541953,0.4202811933598953,5.580484867095947,1.5,11
146,12,0.8333333333333334,0.0,935.3821006715298,0.7486985772848129,645.575835,0.0,12.755393981933594,63.5,5
720,12,0.0,0.0,951.1572161912918,0.11439993977546692,79.1992025,0.0615045648819359,7.1749091148376465,12.5,1
729,12,0.8333333333333334,0.0,935.3821006715298,0.9251997470855713,606.309,0.0,12.755393981933594,62.0,5
446,12,0.3333333333333333,0.08333333333333333,879.9969132319093,29.616216748952866,101.089085,0.21014059667994764,27.902424335479736,24.5,5
744,12,0.0,0.0,951.2157227918506,0.13953125476837158,142.043435,0.05125380406827991,7.1749091148376465,12.5,1
612,12,0.0,0.08333333333333333,951.1977193504572,0.17506937682628632,87.41166000000001,0.0615045648819359,9.566545486450195,9.5,1
246,12,0.0,0.75,955.0889181047678,25.09189923107624,13.0692315,0.4202811933598953,7.972121238708496,1.0,11
313,12,1.0,0.0,934.6169859021902,0.5329777598381042,31.455917999999997,0.0,11.160969734191895,64.0,4
101,12,0.9166666666666666,0.0,935.7346581667662,0.7052999436855316,574.1476749999999,0.0,12.755393981933594,57.5,5
84,12,0.0,0.8333333333333334,934.7854934260249,25.107441678643227,13.507223,0.4202811933598953,3.1888484954833984,1.0,10
218,12,0.0,0.0,951.2356515005231,0.17551103234291077,78.902185,0.0563791844751079,5.580484867095947,10.0,1
95,12,1.0,0.0,934.5823183357716,0.1629326194524765,26.6197005,0.0,7.972121238708496,64.0,3
762,12,0.0,0.8333333333333334,955.1157913282514,25.055431559681892,11.690445,0.4202811933598953,3.986060619354248,1.0,12
105,12,0.0,0.0,951.2375919148326,0.17508213222026825,59.5291195,0.0563791844751079,7.1749091148376465,9.0,1
103,12,0.0,0.8333333333333334,950.4548380300403,25.121233448386192,20.0339105,0.4202811933598953,4.783272743225098,1.5,11
665,12,0.0,0.75,950.3854574561119,25.09699022769928,14.1094335,0.4202811933598953,6.377696990966797,1.0,10
518,12,0.0,0.0,951.185592956841,0.1520889401435852,72.05545000000001,0.04612842366145192,7.1749091148376465,11.0,1
306,12,0.0,0.6666666666666666,950.2359347417951,15.664083003997803,21.180222999999998,0.4202811933598953,5.580484867095947,1.5,12
158,12,0.0,0.0,951.2269842103124,0.18719816207885742,60.36137000000001,0.04100304325462393,9.566545486450195,11.5,1
462,12,0.75,0.0,935.5237006917596,0.7501000761985779,506.03762500000005,0.0,12.755393981933594,58.0,6
483,12,1.0,0.0,935.6159006655216,0.7052999436855316,615.7023300000001,0.0,12.755393981933594,59.0,6
532,12,0.0,0.0,951.2055320292711,0.1794014275074005,37.526534999999996,0.05125380406827991,7.972121238708496,10.0,1
524,12,0.0,0.9166666666666666,950.4193286076188,25.105665490031242,16.6337695,0.4202811933598953,6.377696990966797,1.0,10
639,12,0.0,0.8333333333333334,950.4166595414281,25.117837324738503,29.033964,0.4202811933598953,5.580484867095947,1.0,11
183,12,0.08333333333333333,0.08333333333333333,879.99586250633,79.8890829384327,163.95681000000002,0.31777358522333543,26.308000087738037,21.5,4
515,12,0.6666666666666666,0.0,935.6194506511092,0.7142000198364258,595.7247,0.0,12.755393981933594,58.5,6
510,12,0.0,0.9166666666666666,950.385515652597,25.09353032708168,18.542969499999998,0.4202811933598953,7.972121238708496,1.0,10
875,12,0.25,0.08333333333333333,879.9942848235369,9.872309818863869,60.708254999999994,0.32802434603699143,18.33587884902954,17.0,2
384,12,1.0,0.0,935.4396506175399,1.4117813557386398,545.17885,0.0,12.755393981933594,59.0,6
891,12,0.9166666666666666,0.0,911.9902658611536,48.023009210824966,11.9019105,0.04100304325462393,9.566545486450195,64.0,1
889,12,1.0,0.0,887.9788298159838,1.5944242477416992e-06,22.4711825,0.03075228244096795,12.755393981933594,64.0,1
898,11,0.0,0.0,899.5292408615351,79.8522931933403,290.5867,0.37927815010527133,6.377696990966797,22.0,1
34,11,0.0,0.09090909090909091,951.2289286106825,0.1022631824016571,88.89255,0.04100304325462393,7.972121238708496,11.0,1
32,11,0.0,0.9090909090909091,950.487730205059,25.05880855023861,11.982162,0.4202811933598953,6.377696990966797,1.0,11
901,11,1.0,0.0,944.0931036174297,0.0,46.522854,0.04100304325462393,20.72751522064209,60.0,1
866,11,0.7272727272727273,0.0,959.993764102459,0.0009008496999740601,15.387731,0.33827510685064743,15.944242477416992,32.0,2
28,11,0.0,0.0,951.1942722052336,0.14039064943790436,59.886974,0.0615045648819359,6.377696990966797,8.0,1
375,11,0.9090909090909091,0.0,935.6159006655216,0.7412000000476837,613.0006,0.0,11.160969734191895,54.0,5
378,11,0.0,1.0,950.4097803980112,24.984296321868896,14.969946,0.4202811933598953,7.972121238708496,1.0,10
858,11,1.0,0.0,959.9891976714134,0.02125208079814911,10.398969,0.04100304325462393,7.972121238708496,64.0,9
266,11,0.18181818181818182,0.18181818181818182,899.5979190915823,39.11644375324249,166.08078,0.21526597708677564,31.888484954833984,22.0,3
177,11,0.0,0.0,951.1838638037443,0.13259391486644745,68.923904,0.04100304325462393,7.972121238708496,11.0,1
169,11,0.09090909090909091,0.8181818181818182,934.8132419884205,95.78666777908802,7.9123306,0.4202811933598953,4.783272743225098,1.0,10
653,11,0.0,0.7272727272727273,950.3109787106514,25.05547620356083,11.942186,0.4202811933598953,4.783272743225098,2.0,11
192,11,0.0,0.09090909090909091,951.1652377396822,0.09703347086906433,72.6307,0.05125380406827991,7.972121238708496,11.0,1
640,11,0.0,0.8181818181818182,950.3317556530237,25.135092183947563,17.652475,0.4202811933598953,6.377696990966797,1.0,11
637,11,0.7272727272727273,0.0,935.6159006655216,0.7412000000476837,528.1154,0.0,12.755393981933594,53.0,3
292,11,0.7272727272727273,0.09090909090909091,935.847599208355,0.7345002293586731,665.57544,0.0,12.755393981933594,59.0,5
323,11,0.9090909090909091,0.0,934.6031223833561,4.627699986100197,22.525448,0.0,9.566545486450195,64.0,4
482,11,0.0,0.7272727272727273,950.4756954908371,25.09872017800808,19.669546,0.4202811933598953,7.972121238708496,2.0,10
629,11,0.0,0.18181818181818182,951.1942626386881,0.15859100222587585,81.222786,0.04100304325462393,6.377696990966797,8.0,1
699,11,0.0,0.8181818181818182,950.1556658446789,34.58452561497688,10.372225,0.4202811933598953,6.377696990966797,1.0,10
523,11,0.0,0.8181818181818182,934.8704515248537,25.064122766256332,11.063438,0.4202811933598953,4.783272743225098,1.0,11
203,11,0.9090909090909091,0.0,935.6837992221117,0.5755999088287354,623.90485,0.0,12.755393981933594,61.0,7
689,11,0.0,0.09090909090909091,951.2029394954443,0.14732958376407623,76.0422,0.0615045648819359,6.377696990966797,11.0,1
298,11,0.8181818181818182,0.0,935.4009005278349,1.3545813858509064,584.667,0.0,12.755393981933594,57.0,5
732,11,0.9090909090909091,0.0,935.6159006655216,1.3634814620018005,572.9652,0.0,12.755393981933594,59.0,7
444,11,0.0,0.0,951.1769280582666,0.1386638879776001,58.398895,0.0615045648819359,7.972121238708496,10.0,1
723,11,1.0,0.0,934.5979181826115,0.17159990966320038,21.11042,0.0,11.160969734191895,63.0,3
557,11,0.18181818181818182,0.09090909090909091,899.5283559560776,39.22280141711235,118.465645,0.3075228244096795,28.699636459350586,16.0,2
17,11,0.6363636363636364,0.09090909090909091,935.7417007386684,0.7486985772848129,556.8404,0.0,12.755393981933594,58.0,5
402,11,0.9090909090909091,0.0,934.6031223833561,0.5048138499259949,28.477242,0.0,9.566545486450195,63.0,3
547,11,0.0,0.8181818181818182,950.3733637481928,60.375581473112106,9.004642,0.4202811933598953,6.377696990966797,1.0,10
563,11,0.0,0.9090909090909091,950.4357567578554,25.019013315439224,29.40693,0.4202811933598953,6.377696990966797,1.0,11
795,11,0.8181818181818182,0.0,959.9910583645105,0.02112133800983429,8.186176,0.04100304325462393,9.566545486450195,60.0,10
585,11,0.0,0.9090909090909091,950.2953932136297,25.07099314033985,13.115685,0.4202811933598953,6.377696990966797,1.0,11
584,11,0.0,0.0,951.2063962072134,0.18719975650310516,70.41204,0.0615045648819359,7.972121238708496,11.0,1
113,11,0.8181818181818182,0.0,935.6159006655216,1.3320489823818207,604.1027,0.0,12.755393981933594,61.0,7
115,11,0.0,0.6363636363636364,950.4184237718582,24.928894862532616,14.557414,0.4202811933598953,4.783272743225098,1.0,9
422,11,0.09090909090909091,0.0,951.2250366210938,78.82947801053524,66.029,0.0615045648819359,4.783272743225098,8.0,2
106,11,0.9090909090909091,0.0,935.7417007386684,0.8544997870922089,564.26306,0.0,11.160969734191895,53.0,6
798,11,0.8181818181818182,0.09090909090909091,879.994002610445,48.904768869280815,53.943,0.26651978115505554,35.07733345031738,63.0,2
572,11,0.0,0.9090909090909091,950.3074677884579,55.61241760849953,10.165037,0.4202811933598953,4.783272743225098,1.0,11
827,11,1.0,0.0,887.9663470685482,0.0,45.704636,0.05125380406827991,25.510787963867188,64.0,1
330,11,1.0,0.0,934.5667216777802,0.16466735303401947,24.340658,0.0,9.566545486450195,63.0,3
521,10,0.9,0.0,935.5081582441926,0.7052999436855316,547.231665,0.0,12.755393981933594,59.0,5
645,10,0.0,0.6,942.4679723531008,83.6562322974205,11.538304499999999,0.4202811933598953,3.986060619354248,2.0,9
616,10,0.0,0.8,950.4149566963315,25.06759701669216,18.4142015,0.4202811933598953,3.986060619354248,1.0,9
156,10,0.0,0.8,942.5794082581997,15.723040029406548,14.721120500000001,0.4202811933598953,7.1749091148376465,1.0,8
171,10,0.0,0.0,951.1405401080847,0.16118831932544708,46.1635065,0.04612842366145192,6.377696990966797,10.0,1
878,10,0.0,0.0,864.0862644761801,9.566545486450195e-06,20.4842685,0.1127583689502158,17.53866672515869,20.0,1
881,10,0.0,0.0,959.9960999339819,0.0032797306776046753,55.9393405,0.31777358522333543,17.53866672515869,19.5,2
155,10,0.0,0.8,950.3568742126226,34.577618569135666,19.8104485,0.4202811933598953,3.986060619354248,2.0,9
279,10,0.0,0.0,951.2157227918506,0.1585846245288849,97.39940999999999,0.05125380406827991,6.377696990966797,10.5,1
467,10,1.0,0.0,935.678800702095,0.7412000000476837,529.0811699999999,0.0,12.755393981933594,62.0,6
721,10,0.9,0.0,935.847599208355,0.7803000658750534,669.20175,0.0,12.755393981933594,61.0,6
132,10,0.0,0.0,951.2289333939552,0.12999819219112396,112.2999525,0.05125380406827991,7.972121238708496,12.0,1
199,10,0.0,0.6,950.4296740293503,25.079716235399246,17.6505065,0.4202811933598953,7.1749091148376465,2.0,9
268,10,1.0,0.0,935.4958006590605,0.7412000000476837,624.2585,0.0,12.755393981933594,58.5,6
226,10,0.8,0.0,935.7346581667662,0.7052999436855316,552.13588,0.0,12.755393981933594,56.0,6
449,10,1.0,0.0,934.578852057457,0.13519920408725739,27.32234,0.0,9.566545486450195,64.0,3
311,10,0.8,0.0,935.6159006655216,0.7052999436855316,526.1025999999999,0.0,12.755393981933594,53.5,5
428,10,0.0,0.5,950.4123298823833,25.09522520005703,19.752245000000002,0.4202811933598953,6.377696990966797,2.5,9
338,10,0.0,0.8,950.3725059479475,25.170533046126366,29.740457499999998,0.4202811933598953,3.1888484954833984,1.0,8
450,10,0.0,0.6,942.630543038249,25.07447536289692,11.8828815,0.4202811933598953,7.1749091148376465,1.5,9
560,10,1.0,0.0,934.6143869906664,0.3328966498374939,21.914668,0.0,11.160969734191895,64.0,5
588,10,0.2,0.0,889.7431806251407,39.22105871140957,234.467555,0.21526597708677564,32.685697078704834,18.0,3
220,10,0.9,0.0,935.3821006715298,1.3909820914268494,586.0672500000001,0.0,12.755393981933594,60.0,5
447,10,0.9,0.0,935.3821006715298,1.3320489823818207,563.82611,0.0,12.755393981933594,63.0,7
425,10,0.9,0.0,934.5615190714598,5.906099781394005,25.83887,0.0,7.1749091148376465,64.0,3
781,10,0.0,0.3,895.9880038797855,0.00012595951557159424,12.485119999999998,0.32802434603699143,41.45503044128418,17.0,2
70,10,0.0,0.0,951.1665332093835,0.1663893312215805,89.698425,0.05125380406827991,6.377696990966797,11.0,1
778,10,0.8,0.0,873.58258035779,4.783272743225098e-06,19.920825,0.33314972644381946,46.23830318450928,44.0,1
496,10,0.8,0.0,935.678800702095,0.7052999436855316,589.9056,0.0,12.755393981933594,55.0,6
284,10,0.0,0.6,950.3732999712229,25.01206959784031,12.73169575,0.4202811933598953,4.783272743225098,1.0,9
509,10,1.0,0.0,934.5667216777802,5.65479938685894,25.2522105,0.0,9.566545486450195,64.0,5
47,10,0.0,0.1,870.3039275109768,58.77772602438927,176.97719999999998,0.31777358522333543,26.308000087738037,15.5,2
231,10,0.9,0.0,935.3821006715298,0.7412000000476837,615.513305,0.0,12.755393981933594,58.5,6
14,10,0.0,0.8,950.4019629359245,25.079728990793228,13.1866645,0.4202811933598953,5.580484867095947,1.0,10
886,10,1.0,0.0,887.9663470685482,0.0,45.212381,0.05125380406827991,11.958181858062744,64.0,1
327,10,0.0,0.1,951.1890664100647,0.18633557856082916,67.264738,0.0563791844751079,4.783272743225098,11.0,1
59,10,0.0,0.0,951.1405337303877,8.874739155173302,31.661376,0.0615045648819359,6.377696990966797,8.0,2
45,10,0.1,0.0,951.1673941984773,78.83554320037365,40.107462,0.05125380406827991,6.377696990966797,14.0,2
404,10,0.0,0.8,950.3196029514074,36.174160212278366,10.4542035,0.4202811933598953,5.580484867095947,1.0,9
260,10,0.0,0.9,942.5603222027421,34.50670336186886,13.360752,0.4202811933598953,6.377696990966797,1.0,10
581,10,0.0,0.1,951.238469645381,0.15556956827640533,61.612508000000005,0.04100304325462393,7.972121238708496,9.0,1
57,10,0.0,1.0,934.815787486732,25.031193122267723,8.91794155,0.4202811933598953,3.1888484954833984,1.0,8
821,10,1.0,0.0,944.0931036174297,0.0,50.992031499999996,0.04100304325462393,20.72751522064209,60.0,1
55,10,1.0,0.0,934.5927171707153,4.180484712123871,21.4249935,0.0,7.972121238708496,64.0,4
670,10,1.0,0.0,934.5710513368249,0.20453433692455292,27.581269,0.0,9.566545486450195,64.0,3
676,10,0.9,0.0,935.7317499369383,0.7052999436855316,533.304065,0.0,12.755393981933594,57.5,7
492,10,1.0,0.0,934.5580535903573,4.443016231060028,27.6856655,0.0,9.566545486450195,64.0,3
900,10,1.0,0.0,944.0942468196154,0.0011432021856307983,88.595095,0.05125380406827991,19.13309097290039,63.0,2
633,9,0.0,0.7777777777777778,950.3802947103977,25.048524513840675,16.258638,0.4202811933598953,4.783272743225098,2.0,8
701,9,0.0,0.2222222222222222,951.1578587442636,0.18373507261276245,27.435472,0.05125380406827991,6.377696990966797,9.0,1
280,9,0.8888888888888888,0.0,935.7672003656626,0.7423001527786255,558.8633,0.0,11.160969734191895,63.0,4
405,9,0.0,0.0,951.1401032358408,0.18719975650310516,27.416412,0.05125380406827991,7.972121238708496,9.0,1
409,9,1.0,0.0,874.9969143867493,0.002884313464164734,652.7052,0.1127583689502158,20.72751522064209,64.0,8
806,9,0.3333333333333333,0.0,874.9881960749626,1.5944242477416992e-06,1595.833,0.2255167379004316,30.294060707092285,30.0,1
575,9,0.0,0.0,951.2376054674387,0.12133090198040009,69.10369,0.05125380406827991,7.972121238708496,13.0,1
410,9,1.0,0.0,935.6095006465912,0.7412000000476837,591.6425,0.0,12.755393981933594,63.0,6
593,9,0.0,0.0,951.2116020023823,8.879055261611938,93.30155,0.04100304325462393,7.972121238708496,13.0,2
566,9,0.0,0.0,951.2063946127892,0.1130877286195755,152.92741,0.04100304325462393,4.783272743225098,14.0,1
772,9,0.0,1.0,951.567141070962,9.365298852324486,18.485973,0.4202811933598953,33.482909202575684,1.0,7
782,9,0.0,0.8888888888888888,934.830557435751,25.05199557542801,9.459007,0.21526597708677564,4.783272743225098,1.0,9
553,9,0.0,0.6666666666666666,950.2953581362963,34.72307629883289,13.03185,0.4202811933598953,4.783272743225098,2.0,8
406,9,0.0,0.0,870.3427373915911,39.217927262187004,183.57108,0.33827510685064743,20.72751522064209,16.0,1
233,9,1.0,0.0,934.5927171707153,0.571114793419838,26.657957,0.0,9.566545486450195,64.0,4
693,9,0.0,0.0,951.170861274004,0.12481312453746796,62.4531,0.04100304325462393,6.377696990966797,13.0,1
599,9,0.0,0.2222222222222222,951.1769296526909,0.1339109092950821,99.804886,0.0615045648819359,6.377696990966797,10.0,1
767,9,0.0,0.0,872.1995624154806,32.216306552290916,29.746181,0.4202811933598953,44.64387893676758,6.0,1
99,9,0.0,0.0,951.2289286106825,0.1455996334552765,104.79367,0.05125380406827991,9.566545486450195,11.0,1
656,9,1.0,0.0,934.6447193175554,0.4931139647960663,24.958952,0.0,6.377696990966797,64.0,4
137,9,0.0,0.1111111111111111,951.2116147577763,6.992267817258835,62.037075,0.04100304325462393,7.972121238708496,12.0,2
708,9,0.0,0.0,951.1769376248121,0.1802576333284378,33.469887,0.05125380406827991,6.377696990966797,11.0,1
129,9,0.0,0.3333333333333333,950.3317460864782,34.50301067531109,20.531425,0.4202811933598953,6.377696990966797,3.0,9
387,9,0.0,0.8888888888888888,959.742194250226,25.10742573440075,12.77794,0.4202811933598953,4.783272743225098,1.0,9
668,9,0.7777777777777778,0.0,935.252400636673,1.3459156900644302,552.2931,0.0,12.755393981933594,63.0,5
167,9,1.0,0.0,934.5667216777802,2.218816727399826,24.546844,0.0,7.972121238708496,64.0,4
189,9,0.6666666666666666,0.0,935.7281002998352,0.5951985716819763,576.1731,0.0,12.755393981933594,58.0,6
661,9,0.8888888888888888,0.0,935.7417007386684,0.7423001527786255,479.89246,0.0,11.160969734191895,53.0,3
535,9,0.0,0.8888888888888888,950.1556833833456,25.145542040467262,8.944613,0.4202811933598953,9.566545486450195,1.0,9
908,8,0.75,0.0,934.5892508924007,2.8036993741989136,17.270446999999997,0.0,10.363757610321045,55.0,5
341,8,0.875,0.0,934.6291194707155,0.5139148235321045,25.534878499999998,0.0,9.566545486450195,64.0,4
108,8,1.0,0.0,934.6057181060314,0.3785960376262665,27.4298455,0.0,8.769333362579346,63.5,3
5,8,0.875,0.0,935.847599208355,0.5844999849796295,604.73002,0.0,12.755393981933594,60.5,5
549,8,0.0,0.0,951.1886263489723,0.11958500742912292,90.258325,0.0563791844751079,5.580484867095947,13.0,1
606,8,0.0,0.875,942.5915210992098,25.05893450975418,12.4203425,0.4202811933598953,3.1888484954833984,1.0,7
249,8,0.0,0.25,951.1804023087025,0.1586005687713623,50.378482500000004,0.04612842366145192,7.972121238708496,9.0,1
436,8,0.0,0.0,951.2157227918506,0.16163156926631927,73.743327,0.05125380406827991,7.1749091148376465,11.5,1
86,8,0.0,0.0,951.1986010670662,0.08840125799179077,108.588735,0.06150456488193589,4.783272743225098,9.5,1
63,8,1.0,0.0,934.5979197770357,0.5082801282405853,27.647015000000003,0.0,9.566545486450195,63.5,4
799,8,0.875,0.0,959.9948220029473,16.001452013850212,38.1791355,0.03075228244096795,10.363757610321045,59.0,6
844,8,0.0,0.75,950.23077917099,15.66145858168602,13.956938000000001,0.4202811933598953,3.1888484954833984,1.0,8
188,8,0.0,0.625,950.3690372779965,9.53866060078144,27.399831,0.4202811933598953,6.377696990966797,2.0,8
662,8,1.0,0.0,934.6100541427732,0.1352039873600006,26.32112,0.0,9.566545486450195,64.0,2
361,8,0.0,0.125,951.2115988135338,0.15555202960968018,51.445896,0.07175532569559187,12.755393981933594,6.5,1
502,8,0.0,0.0,951.1739002466202,0.17506618797779083,58.540071499999996,0.06150456488193589,4.783272743225098,8.5,1
660,8,0.0,0.0,951.2202724814415,0.10788831114768982,70.778325,0.04100304325462393,6.377696990966797,9.0,1
289,8,0.0,1.0,934.8539882972836,25.02422070503235,17.4155845,0.4202811933598953,3.986060619354248,1.0,8
148,8,1.0,0.0,934.6031183972955,0.10226956009864807,25.363371,0.0,7.972121238708496,64.0,3
466,8,0.0,0.0,951.242588840425,0.1724577099084854,35.6811985,0.04100304325462393,7.972121238708496,11.5,1
135,8,1.0,0.0,934.5892508924007,0.1144031286239624,26.369114,0.0,8.769333362579346,64.0,3
299,8,0.0,0.75,950.4444009289145,25.055401265621185,12.4395555,0.4202811933598953,6.377696990966797,2.0,6
731,8,1.0,0.0,934.573651842773,0.10053323209285736,25.209539499999998,0.0,8.769333362579346,64.0,3
857,8,0.25,0.0,909.1415606737137,55.1662977039814,8.726726,0.32802434603699143,11.160969734191895,20.0,5
37,8,0.0,0.875,950.4366002082825,25.02769336104393,27.929313,0.4202811933598953,3.986060619354248,1.0,8
382,8,0.875,0.0,944.0936752185225,64.10003533959389,84.338893,0.05125380406827991,19.13309097290039,61.5,3
291,8,0.0,0.0,951.1979465559125,0.11439834535121918,80.793788,0.04612842366145192,7.972121238708496,10.5,1
19,8,1.0,0.0,934.5762531459332,0.3681956082582474,25.170188,0.0,10.363757610321045,63.0,4
315,8,1.0,0.0,934.5979197770357,0.1560000628232956,21.3941865,0.0,8.769333362579346,63.0,3
78,8,1.0,0.0,934.8036834150553,0.5293153673410416,29.911261500000002,0.0,8.769333362579346,61.5,3
777,8,0.0,0.0,909.3432314246893,0.0,2593.77125,0.3485258676643034,14.349818229675293,14.0,1
191,8,1.0,0.0,934.6031223833561,0.06933353841304779,27.563388500000002,0.0,9.566545486450195,63.5,2
481,8,0.0,0.75,934.8184190839529,25.03633514046669,13.102402,0.4202811933598953,4.783272743225098,1.0,8
710,8,0.625,0.0,935.4643506407738,0.5951985716819763,640.1049,0.0,12.755393981933594,52.0,6
750,7,0.14285714285714285,0.14285714285714285,874.9936808943748,58.63050486147404,147.55377,0.21526597708677564,27.105212211608887,7.0,4
751,7,1.0,0.0,959.9897652864456,0.016848281025886536,26.199492,0.0615045648819359,11.160969734191895,64.0,6
320,7,0.0,0.0,951.2601251155138,0.15253378450870514,44.566772,0.0615045648819359,4.783272743225098,10.0,1
650,7,1.0,0.0,934.5979181826115,0.07106667757034302,34.06582,0.0,11.160969734191895,64.0,1
307,7,0.0,1.0,950.409721404314,24.999964728951454,18.864769,0.4202811933598953,3.1888484954833984,1.0,6
318,7,0.0,0.7142857142857143,959.717885658145,25.098787143826485,18.575525,0.4202811933598953,4.783272743225098,1.0,7
304,7,1.0,0.0,934.6169859021902,0.5381803661584854,29.550667,0.0,9.566545486450195,64.0,3
128,7,1.0,0.0,935.7417007386684,0.7412000000476837,562.242,0.0,12.755393981933594,58.0,4
504,7,0.42857142857142855,0.0,935.3821006715298,1.3634814620018005,552.45435,0.0,12.755393981933594,31.0,4
872,7,0.0,0.14285714285714285,870.4163232594728,39.299558594822884,23.157461,0.3587766284779594,17.53866672515869,13.0,1
398,7,0.0,0.8571428571428571,959.6953022330999,25.155996680259705,8.509482,0.4202811933598953,7.972121238708496,1.0,7
555,7,0.0,0.0,951.2064073681831,0.14214451611042023,74.285934,0.07175532569559187,4.783272743225098,10.0,1
394,7,0.0,0.14285714285714285,951.1578587442636,0.1261109858751297,88.16011,0.05125380406827991,6.377696990966797,14.0,1
796,7,0.8571428571428571,0.0,959.9518371224403,3.1888484954833984e-06,7.2273736,0.15376141220483974,22.32193946838379,44.0,1
805,7,1.0,0.0,874.9982186257839,0.0015864521265029907,607.42303,0.03075228244096795,11.160969734191895,64.0,3
538,7,0.0,0.0,951.228925421834,0.1590358465909958,42.052513,0.07175532569559187,6.377696990966797,9.0,1
76,7,0.0,1.0,950.2953453809023,25.02247002720833,25.32149,0.4202811933598953,4.783272743225098,1.0,7
420,7,0.0,1.0,950.3230532854795,34.7327416986227,18.521976,0.4202811933598953,4.783272743225098,1.0,7
822,7,0.0,0.0,879.9942848235369,58.76565623283386,63.704285,0.3587766284779594,15.944242477416992,15.0,2
895,6,0.0,0.5,944.1663698032498,7.419198825955391,8.2751355,0.0563791844751079,6.377696990966797,2.0,3
386,6,0.0,0.3333333333333333,950.4599824398756,24.97745305299759,21.0569565,0.4202811933598953,3.1888484954833984,3.5,6
489,6,0.0,0.0,951.1845143288374,0.18025125563144684,21.186432,0.07175532569559187,6.377696990966797,7.5,1
439,6,0.0,0.6666666666666666,955.0386777967215,24.92887891829014,21.6364795,0.4202811933598953,4.783272743225098,1.5,6
456,6,1.0,0.0,934.5606532990932,0.07280300557613373,27.286109,0.0,9.566545486450195,64.0,2
727,6,0.0,0.0,951.1817041561007,0.11527049541473389,96.45326499999999,0.04612842366145192,7.1749091148376465,7.0,1
500,6,1.0,0.0,934.5866519808769,0.1889328956604004,26.3688135,0.0,9.566545486450195,64.0,1
485,6,1.0,0.0,934.5762515515089,0.5412145555019379,26.209400000000002,0.0,8.769333362579346,64.0,2
692,6,0.0,0.5,950.4652049764991,24.8630690574646,9.0733925,0.4202811933598953,8.769333362579346,3.0,6
264,6,0.0,0.0,951.1578611359,0.13170263171195984,38.3828865,0.04612842366145192,7.972121238708496,6.0,1
412,6,1.0,0.0,934.5918521955609,0.3710958659648895,28.1053955,0.0,10.363757610321045,64.0,3
578,6,0.0,0.8333333333333334,950.3932964429259,25.136885911226273,14.812315000000002,0.4202811933598953,7.1749091148376465,1.0,6
804,6,0.8333333333333334,0.0,879.9982900172472,1.5944242477416992e-06,92.5810475,0.26651978115505554,39.06339406967163,36.0,1
817,6,0.0,0.0,919.9972165003419,3.1888484954833984e-06,7.7913041,0.08200608650924786,17.53866672515869,9.5,1
230,6,0.0,0.0,951.1998981311917,0.10226477682590485,89.0,0.0563791844751079,4.783272743225098,12.5,1
85,6,0.0,1.0,959.7941501587629,25.039777502417564,7.62500165,0.4202811933598953,7.972121238708496,1.0,6
595,6,0.16666666666666666,0.16666666666666666,899.5099539086223,39.1474664658308,413.63247,0.21526597708677564,32.685697078704834,12.5,2
623,6,0.0,0.0,951.222856245935,0.10226637125015259,76.362855,0.05125380406827991,7.1749091148376465,13.0,1
3,5,1.0,0.0,934.5979181826115,0.09186913073062897,24.603199,0.0,7.972121238708496,64.0,2
342,5,0.0,0.0,951.2376022785902,0.06413571536540985,61.957214,0.04100304325462393,6.377696990966797,7.0,1
853,5,0.2,0.0,895.9880038797855,23.8057202398777,14.220703,0.31777358522333543,38.26618194580078,18.0,2
43,5,1.0,0.0,934.6031176000834,0.0866665244102478,25.163746,0.0,11.160969734191895,62.0,3
61,5,0.2,0.0,935.3821006715298,0.36350002884864807,372.62384,0.0,11.160969734191895,31.0,3
839,5,0.0,0.8,951.6780412495136,8.31961165368557,28.301676,0.4202811933598953,43.04945468902588,2.0,4
779,5,1.0,0.0,959.9840349256992,0.0,27.799189,0.1230091297638718,20.72751522064209,64.0,1
207,5,0.0,0.0,951.1578603386879,0.1802767664194107,42.558994,0.05125380406827991,6.377696990966797,8.0,1
262,5,1.0,0.0,934.5667216777802,0.06759880483150482,27.341722,0.0,9.566545486450195,64.0,3
380,5,0.0,0.2,899.5283559560776,39.03794068098068,189.3937,0.1845136946458077,36.67175769805908,18.0,1
359,5,0.0,0.8,950.380283549428,15.669303148984909,15.532061,0.4202811933598953,4.783272743225098,1.0,5
899,5,1.0,0.0,879.9963671416044,1.5944242477416992e-06,142.16713,0.39977967173258333,15.944242477416992,33.0,1
126,5,0.0,0.4,951.256663620472,0.09014874696731567,54.93867,0.05125380406827991,11.160969734191895,7.0,1
740,5,0.8,0.0,934.5857846140862,0.5808152705430984,33.192284,0.0,6.377696990966797,62.0,3
118,5,1.0,0.0,959.9893666803837,0.00014668703079223633,26.740307,0.03075228244096795,9.566545486450195,64.0,4
774,5,0.0,0.8,950.343940243125,9.502224817872047,58.317986,0.4202811933598953,7.972121238708496,2.0,5
765,5,0.8,0.0,935.3199005872011,0.7052999436855316,691.51245,0.0,12.755393981933594,63.0,5
114,5,0.0,0.0,951.2289413660765,0.14386649429798126,55.574554,0.0615045648819359,9.566545486450195,6.0,1
273,5,0.8,0.0,934.6620523035526,0.1785324662923813,22.55121,0.0,9.566545486450195,64.0,2
138,5,0.0,0.8,934.8549074828625,25.07791294157505,14.823962,0.4202811933598953,4.783272743225098,2.0,5
716,5,1.0,0.0,934.5667216777802,0.5293153673410416,26.887392,0.0,11.160969734191895,64.0,3
154,5,1.0,0.0,934.5857846140862,0.4011300355195999,29.69457,0.0,9.566545486450195,60.0,3
695,5,0.2,0.0,870.4531145989895,39.07159897685051,113.76628,0.2357674987140876,23.91636371612549,28.0,2
792,5,1.0,0.0,959.9845260083675,1.5944242477416992e-06,44.61408,0.2357674987140876,33.482909202575684,64.0,1
906,5,1.0,0.0,935.252400636673,0.6701986938714981,616.4134,0.0,12.755393981933594,63.0,5
258,5,0.0,0.0,951.2064041793346,0.09662370383739471,86.71663,0.04100304325462393,4.783272743225098,13.0,1
833,5,0.2,0.0,899.7750133872032,39.18113113939762,199.37509,0.3587766284779594,15.944242477416992,5.0,1
749,5,0.0,0.0,951.2757281512022,0.06066305935382843,34.0566,0.04100304325462393,6.377696990966797,10.0,1
79,5,0.0,0.2,951.1652393341064,0.1421477049589157,45.783512,0.05125380406827991,6.377696990966797,7.0,1
807,5,1.0,0.0,874.9974150359631,0.0002232193946838379,715.5071,0.07175532569559187,17.53866672515869,64.0,3
812,5,0.0,0.0,879.996505856514,9.566545486450195e-06,56.521706,0.04100304325462393,25.510787963867188,12.0,1
390,5,1.0,0.0,934.5927219539881,0.4718778282403946,30.529308,0.0,7.972121238708496,64.0,4
647,4,0.0,0.0,951.2471329495311,0.15513110160827637,47.465008499999996,0.04612842366145192,7.1749091148376465,7.0,1
861,4,1.0,0.0,959.9845252111554,1.5944242477416992e-06,47.680755500000004,0.2408928791209156,31.091272830963135,64.0,1
643,4,1.0,0.0,934.8643098026514,0.5069822669029236,34.005721,0.0,9.566545486450195,63.5,4
145,4,0.0,0.0,951.2018441259861,0.22014693915843964,16.372666,0.0615045648819359,7.1749091148376465,7.5,1
282,4,1.0,0.0,934.574520803988,0.09360386431217194,19.214004,0.0,9.566545486450195,63.0,2
276,4,0.75,0.0,934.8020252138376,6.089799776673317,20.213451,0.0,4.783272743225098,61.0,4
164,4,0.0,0.0,951.2146258279681,0.1759287714958191,23.0683335,0.06150456488193589,6.377696990966797,6.0,1
703,4,1.0,0.0,934.5953200682998,0.045063212513923645,24.0400685,0.0,9.566545486450195,64.0,3
733,4,1.0,0.0,934.5710537284613,0.15253378450870514,29.615161,0.0,9.566545486450195,64.0,2
706,4,0.0,1.0,955.0534397736192,9.339298576116562,20.624244,0.4202811933598953,10.363757610321045,1.0,3
460,4,0.0,0.0,951.1574386134744,0.164664164185524,30.642807,0.04100304325462393,9.566545486450195,8.0,1
592,4,0.0,1.0,934.8080369904637,0.022498920559883118,14.7108835,0.4202811933598953,3.986060619354248,1.0,4
271,4,0.0,0.25,951.2072715461254,0.12003622949123383,42.731539999999995,0.04612842366145192,7.972121238708496,8.0,1
109,4,0.0,0.0,951.1890664100647,0.13780927658081055,74.15449749999999,0.05125380406827991,5.580484867095947,12.0,1
73,4,1.0,0.0,934.6213187500834,0.08320024609565735,39.401156,0.0,10.363757610321045,63.5,1
243,4,0.0,0.25,951.2471273690462,0.17246727645397186,34.3500395,0.0563791844751079,9.566545486450195,7.5,1
791,4,0.0,1.0,951.589673474431,0.14581966400146484,12.2292975,0.06662994528876388,41.45503044128418,1.5,4
810,4,1.0,0.0,959.9926113337278,0.0,84.8613925,0.31777358522333543,40.65781831741333,64.0,1
813,4,0.0,0.25,943.9297014400363,24.019151464104652,10.303486,0.27677054196871154,12.755393981933594,5.5,2
407,4,1.0,0.0,874.9971965998411,0.0022672712802886963,326.078125,0.16913755342532372,26.308000087738037,64.0,3
418,4,1.0,0.0,934.5849220305681,0.06413571536540985,22.4661915,0.0,9.566545486450195,64.0,2
552,4,1.0,0.0,934.5502520725131,0.0866665244102478,31.754081499999998,0.0,11.160969734191895,63.0,1
347,4,1.0,0.0,934.5944534987211,0.05893470346927643,40.140882000000005,0.0,10.363757610321045,59.0,2
843,4,0.0,0.0,874.9931180626154,0.0,181.841815,0.4202811933598953,16.741454601287842,24.0,1
