file,row,obsid,sourceName,frequency,driftRate,snr,n_beams,f12_bandwidth_hz
sband_short,15191,MeerKAT:array_1:20250720T173033Z,ex_LEDA_818535,2256.0023781843483,-0.04284347294499171,2026.7843,3,17.92795956134796
sband_short,18172,MeerKAT:array_1:20250720T131853Z,ex_ASASSN-V_J133758.89-124619.2,2320.192496990785,-0.2677717059061982,1088.9352,3,11.408701539039612
sband_short,5042,MeerKAT:array_1:20250724T191130Z,Gaia_6103298924490707584,2223.3660956844687,-0.04284347294499171,826.6623,3,14.668330550193787
sband_short,3719,MeerKAT:array_1:20250719T123812Z,Gaia_2992986241265966080,2223.365854471922,0.1927956282524627,791.8151,2,21.187588572502136
sband_short,5038,MeerKAT:array_1:20250724T191130Z,Gaia_6103242402721003776,2223.3660924248397,0.03213260470874378,724.24664,4,14.668330550193787
sband_short,3356,MeerKAT:array_1:20250720T180312Z,Gaia_3504685964847966336,2203.679450554773,0.09639781412623134,715.89685,3,14.668330550193787
sband_short,4761,MeerKAT:array_1:20250724T183832Z,ex_CRTS_J142709.1-415847,2223.3660924248397,0.04284347294499171,627.94727,2,14.668330550193787
sband_short,18147,MeerKAT:array_1:20250720T131853Z,Gaia_3607232981964257280,2320.192500250414,-0.32132604708743784,619.91046,4,14.668330550193787
sband_short,3695,MeerKAT:array_1:20250719T123812Z,Gaia_2993031870998156544,2223.365854471922,0.18208476001621476,594.20166,3,22.817403078079224
sband_short,5072,MeerKAT:array_1:20250724T191130Z,Gaia_6103252848081506304,2223.3660956844687,-0.04284347294499171,591.41235,3,14.668330550193787
sband_short,4756,MeerKAT:array_1:20250724T183832Z,Gaia_6103293456992946944,2223.3660924248397,0.04284347294499171,502.2569,2,14.668330550193787
sband_short,3729,MeerKAT:array_1:20250719T123812Z,Gaia_2992965556703511936,2223.3658528421074,0.21421736472495856,492.85056,1,21.187588572502136
sband_short,2893,MeerKAT:array_1:20250720T173033Z,Gaia_3504687407956986880,2203.679326688871,0.09639781412623134,488.2185,2,19.55777406692505
sband_short,1579,MeerKAT:array_1:20250720T131853Z,Gaia_3607205391094335744,2203.6794293671846,0.0749760776537355,208.37901,2,17.92795956134796
sband_short,15806,MeerKAT:array_1:20250720T183547Z,Gaia_3504466577918331776,2256.0019267257303,-0.17137389177996684,173.0418,1,22.817403078079224
sband_short,8357,MeerKAT:array_1:20250720T150453Z,Gaia_3504682631953342336,2237.5004224013537,-0.3748803882686775,104.950584,1,42.37517714500427
sband_short,8405,MeerKAT:array_1:20250720T150453Z,Gaia_3504660469922085888,2237.5004224013537,-0.4284347294499171,103.4222,3,40.745362639427185
sband_short,8365,MeerKAT:array_1:20250720T150453Z,Gaia_3504687407956986880,2237.5004224013537,-0.4284347294499171,79.021484,3,39.1155481338501
sband_short,15976,MeerKAT:array_1:20250720T183547Z,Gaia_3504491694887095168,2264.973465586081,0.10710868236247928,75.98315,2,26.0770320892334
sband_short,6495,MeerKAT:array_1:20250701T171131Z,ex_LEDA_945882,2237.498759990558,0.03213260470874378,75.867966,3,17.92795956134796
sband_short,21325,MeerKAT:array_1:20250724T191130Z,Gaia_6103253191678904960,2190.1175456587225,-0.021421736472495855,71.40345,1,6.51925802230835
sband_short,6473,MeerKAT:array_1:20250701T171131Z,Gaia_3607233119403211008,2237.498759990558,0.03213260470874378,71.10489,3,16.298145055770874
sband_short,1636,MeerKAT:array_1:20250720T131853Z,ex_LEDA_946721,2204.5288283843547,0.16066302354371892,69.65704,2,22.817403078079224
sband_short,3937,MeerKAT:array_1:20250719T123812Z,Gaia_2992971844535595008,2226.3957073446363,0.1178195505987272,67.81544,1,8.149072527885437
sband_short,6538,MeerKAT:array_1:20250701T171131Z,ex_LEDA_942766,2237.498766509816,-0.06426520941748756,64.1462,1,19.55777406692505
sband_short,15972,MeerKAT:array_1:20250720T183547Z,Gaia_3504660469922086656,2264.973472105339,-0.03213260470874378,63.46981,1,22.817403078079224
sband_short,3853,MeerKAT:array_1:20250719T123812Z,Gaia_2992964216673734016,2226.3957203831524,-0.17137389177996684,63.032784,2,8.149072527885437
sband_short,3948,MeerKAT:array_1:20250719T123812Z,Gaia_2992984110961850112,2226.3957138638943,-0.05355434118123964,62.615944,2,9.778887033462524
sband_short,1605,MeerKAT:array_1:20250720T131853Z,Gaia_3607225079224498304,2204.5288283843547,0.16066302354371892,60.55073,2,21.187588572502136
sband_short,7789,MeerKAT:array_1:20250712T112422Z,Gaia_4617453579687153664,2676.110381493345,-0.09639781412623134,59.47702,4,19.55777406692505
sband_short,29139,MeerKAT:array_1:20250701T174407Z,Gaia_3607234081475993472,2237.498763250187,-0.021421736472495855,55.678448,4,17.92795956134796
sband_short,12991,MeerKAT:array_1:20250724T191130Z,Gaia_6103242711958658048,2242.326176026836,-0.1178195505987272,54.567234,2,19.55777406692505
sband_short,3009,MeerKAT:array_1:20250720T173033Z,Gaia_3504660469922085888,2204.529019072652,-0.20350649648871064,51.95773,1,30.96647560596466
sband_short,7787,MeerKAT:array_1:20250712T112422Z,Gaia_4617449593957307136,2676.110378233716,-0.03213260470874378,50.193882,1,22.817403078079224
sband_short,26778,MeerKAT:array_1:20250720T183547Z,Gaia_3504698162555090816,2209.0875222347677,0.021421736472495855,50.0987,4,8.149072527885437
sband_short,7792,MeerKAT:array_1:20250712T112422Z,Gaia_4617450933987099776,2676.1134129483253,-0.08568694588998342,49.18971,1,24.44721758365631
sband_short,3806,MeerKAT:array_1:20250719T123812Z,Gaia_2993031870998151424,2226.3957171235234,-0.1178195505987272,46.416454,1,13.0385160446167
sband_short,26963,MeerKAT:array_1:20250719T123812Z,Gaia_2992968958317561728,2226.3957138638943,-0.021421736472495855,45.696774,4,11.408701539039612
sband_short,12966,MeerKAT:array_1:20250724T191130Z,J1427-4206,2242.326179286465,-0.17137389177996684,44.47341,4,24.44721758365631
sband_short,7786,MeerKAT:array_1:20250712T112422Z,Gaia_4617452445815590656,2676.110381493345,-0.09639781412623134,42.78718,4,17.92795956134796
sband_short,3811,MeerKAT:array_1:20250719T123812Z,Gaia_2992984007882639232,2226.3957236427814,-0.24634996943370233,42.237587,1,11.408701539039612
sband_short,26964,MeerKAT:array_1:20250719T123812Z,Gaia_2992963392040013952,2226.3957106042653,0.021421736472495855,42.119118,3,14.668330550193787
sband_short,3808,MeerKAT:array_1:20250719T123812Z,Gaia_2992960643260933248,2226.395695935935,0.36416952003242953,40.796047,1,14.668330550193787
sband_short,3924,MeerKAT:array_1:20250719T123812Z,Gaia_2992962395607574272,2226.395708974451,0.09639781412623134,40.48826,1,13.0385160446167
sband_short,12856,MeerKAT:array_1:20250724T183832Z,ex_CRTS_J142709.1-415847,2242.3259902279824,-0.18208476001621476,39.931583,1,17.92795956134796
sband_short,27218,MeerKAT:array_1:20250724T183832Z,Gaia_6103254428629501696,2215.396716725081,0.021421736472495855,39.70686,3,8.149072527885437
sband_short,3927,MeerKAT:array_1:20250719T123812Z,Gaia_2992984145321583488,2226.395715493709,-0.0749760776537355,39.191612,2,17.92795956134796
sband_short,3874,MeerKAT:array_1:20250719T123812Z,Gaia_2992987375137290752,2226.3957236427814,-0.2677717059061982,38.72624,1,11.408701539039612
sband_short,29288,MeerKAT:array_1:20250701T174407Z,ex_LEDA_946721,2237.498763250187,-0.021421736472495855,38.633247,4,14.668330550193787
sband_short,4027,MeerKAT:array_1:20250719T130249Z,Gaia_2992984454559597440,2215.396851999685,0.0749760776537355,38.600506,2,13.0385160446167
sband_short,27234,MeerKAT:array_1:20250724T183832Z,Gaia_6103254016312632448,2215.396716725081,0.021421736472495855,38.368282,3,9.778887033462524
sband_short,14465,MeerKAT:array_1:20250701T181645Z,Gaia_3607231263977338624,2257.4967469554394,-0.06426520941748756,37.815426,2,11.408701539039612
sband_short,27280,MeerKAT:array_1:20250724T183832Z,Gaia_6103253226038647552,2215.396716725081,0.021421736472495855,37.4701,3,8.149072527885437
sband_short,2456,MeerKAT:array_1:20250720T161105Z,Gaia_3504466577918331776,2203.7197868339717,0.28919344237869404,36.600636,3,29.336661100387573
sband_short,2885,MeerKAT:array_1:20250720T173033Z,Gaia_3504661603793456768,2203.7201926577836,-0.1178195505987272,36.26906,2,16.298145055770874
sband_short,5252,MeerKAT:array_1:20250724T191130Z,Gaia_6103253191678904960,2226.5691375359893,-0.18208476001621476,35.00954,4,16.298145055770874
sband_short,14475,MeerKAT:array_1:20250701T181645Z,Gaia_3607225010505021184,2257.4967469554394,-0.06426520941748756,34.78632,2,9.778887033462524
sband_short,5436,MeerKAT:array_1:20250724T191130Z,Gaia_6103296381870072192,2226.569148944691,-0.3427477835599337,34.3517,3,16.298145055770874
sband_short,7791,MeerKAT:array_1:20250712T112422Z,Gaia_4617454507399883904,2676.110381493345,-0.09639781412623134,34.21241,4,17.92795956134796
sband_short,3606,MeerKAT:array_1:20250719T123812Z,Gaia_2992987100259006720,2215.396645013243,-0.04284347294499171,33.53989,2,11.408701539039612
sband_short,3605,MeerKAT:array_1:20250719T123812Z,Gaia_2992984420199487232,2215.396645013243,-0.04284347294499171,33.30813,2,11.408701539039612
sband_short,7797,MeerKAT:array_1:20250712T112422Z,Gaia_4617436743415170304,2676.11341457814,-0.13924128707122305,33.28942,1,17.92795956134796
sband_short,3884,MeerKAT:array_1:20250719T123812Z,Gaia_2992988818245902848,2226.3957106042653,0.05355434118123964,33.259697,3,11.408701539039612
sband_short,6403,MeerKAT:array_1:20250701T171131Z,Gaia_3607215527217238528,2237.516497261822,-0.12853041883497512,32.736847,1,16.298145055770874
sband_short,3944,MeerKAT:array_1:20250719T123812Z,Gaia_2992978613404081280,2226.395731791854,-0.3963021247411733,31.917017,1,19.55777406692505
sband_short,8902,MeerKAT:array_1:20250720T161105Z,Gaia_3504684968415551104,2228.5118845757097,-0.17137389177996684,31.625933,4,22.817403078079224
sband_short,3399,MeerKAT:array_1:20250720T180312Z,Gaia_3504660573001303040,2204.5290761161596,-0.17137389177996684,30.656387,3,16.298145055770874
sband_short,8869,MeerKAT:array_1:20250720T161105Z,Gaia_3504466577918331776,2228.5118845757097,-0.17137389177996684,29.686117,4,21.187588572502136
sband_short,8871,MeerKAT:array_1:20250720T161105Z,Gaia_3504657583704061952,2228.5118845757097,-0.17137389177996684,29.077639,4,24.44721758365631
sband_short,8876,MeerKAT:array_1:20250720T161105Z,Gaia_3504467093314407424,2228.5118845757097,-0.17137389177996684,28.33457,4,26.0770320892334
sband_short,3387,MeerKAT:array_1:20250720T180312Z,Gaia_3504687407956986880,2204.5290761161596,-0.17137389177996684,27.321535,3,16.298145055770874
sband_short,7796,MeerKAT:array_1:20250712T112422Z,Gaia_4617437052652805760,2676.110381493345,-0.06426520941748756,26.72566,3,14.668330550193787
sband_short,3941,MeerKAT:array_1:20250719T123812Z,Gaia_2992990673672211584,2226.3956943061203,0.4070129929774213,26.529327,1,16.298145055770874
sband_short,7793,MeerKAT:array_1:20250712T112422Z,Gaia_4617528415197284736,2676.1134129483253,-0.03213260470874378,26.5021,1,32.59629011154175
sband_short,3841,MeerKAT:array_1:20250719T123812Z,Gaia_2993031870998156544,2226.3957008253783,0.2356391011974544,26.373617,1,16.298145055770874
sband_short,3407,MeerKAT:array_1:20250720T180312Z,Gaia_3504494993421983872,2204.5290761161596,-0.17137389177996684,26.084578,3,17.92795956134796
sband_short,5446,MeerKAT:array_1:20250724T191130Z,ex_ASASSN-V_J142835.11-415639.7,2226.3691609259695,-0.3963021247411733,26.074629,1,21.187588572502136
sband_short,23105,MeerKAT:array_1:20250701T171131Z,ex_LEDA_942766,2203.671744791791,0.0,25.608139,4,9.778887033462524
sband_short,5373,MeerKAT:array_1:20250724T191130Z,Gaia_6103297374003370496,2226.5376038849354,-0.41772386121366917,25.373392,1,16.298145055770874
sband_short,26856,MeerKAT:array_1:20250719T123812Z,Gaia_2992962395607574272,2215.396645013243,-0.021421736472495855,24.94898,1,9.778887033462524
sband_short,1272,MeerKAT:array_1:20250701T171131Z,ex_LEDA_946373,2212.745593627915,0.1178195505987272,24.695189,1,27.706846594810486
sband_short,7790,MeerKAT:array_1:20250712T112422Z,Gaia_4617532224832271616,2676.1103798635304,-0.0749760776537355,24.612879,3,16.298145055770874
sband_short,12766,MeerKAT:array_1:20250719T130249Z,Gaia_2992973596882226176,2254.807978402823,-0.16066302354371892,24.528875,1,19.55777406692505
sband_short,2973,MeerKAT:array_1:20250720T173033Z,Gaia_3504684968415551104,2203.7201926577836,-0.1178195505987272,24.22406,2,19.55777406692505
sband_short,16820,MeerKAT:array_1:20250724T191130Z,Gaia_6103247213084401920,2277.505681384355,-0.0749760776537355,24.108662,1,11.408701539039612
sband_short,7788,MeerKAT:array_1:20250712T112422Z,Gaia_4617544392475618176,2676.110381493345,-0.09639781412623134,23.629965,4,39.1155481338501
sband_short,5315,MeerKAT:array_1:20250724T191130Z,Gaia_6103254016312632448,2226.394093828276,-0.4070129929774213,23.304148,3,6.51925802230835
sband_short,8523,MeerKAT:array_1:20250720T150453Z,ex_LEDA_817554,2239.548417972401,-0.3748803882686775,23.225624,2,37.48573362827301
sband_short,3846,MeerKAT:array_1:20250719T123812Z,Gaia_2992988783886169088,2226.3957138638943,-0.03213260470874378,22.974228,3,11.408701539039612
sband_short,19712,MeerKAT:array_1:20250719T123812Z,Gaia_2992990673672211584,2190.0950835552067,0.0,22.8527,1,6.51925802230835
sband_short,3920,MeerKAT:array_1:20250719T123812Z,Gaia_2992965556703511936,2226.395702455193,0.21421736472495856,22.798592,1,8.149072527885437
sband_short,5037,MeerKAT:array_1:20250724T191130Z,ex_ASASSN-V_J142827.39-420007.0,2223.2350211124867,-0.04284347294499171,22.788424,2,17.92795956134796
sband_short,7198,MeerKAT:array_1:20250701T181645Z,ex_LEDA_105241,2237.4988186638802,0.09639781412623134,22.660444,4,24.44721758365631
sband_short,8597,MeerKAT:array_1:20250720T150453Z,Gaia_3504488087114561536,2239.548417972401,-0.41772386121366917,22.489346,4,39.1155481338501
sband_short,4730,MeerKAT:array_1:20250724T183832Z,Gaia_6103294320285743488,2215.205325977877,-0.03213260470874378,22.456701,4,11.408701539039612
sband_short,8500,MeerKAT:array_1:20250720T150453Z,Gaia_3504684968415551104,2237.4514953698963,-0.0749760776537355,22.240013,2,13.0385160446167
sband_short,7195,MeerKAT:array_1:20250701T181645Z,ex_LEDA_942401,2237.498815404251,0.10710868236247928,21.857445,1,26.0770320892334
sband_short,8356,MeerKAT:array_1:20250720T150453Z,Gaia_3504682631953342336,2237.4514953698963,-0.0749760776537355,21.555431,2,19.55777406692505
sband_short,3902,MeerKAT:array_1:20250719T123812Z,Gaia_2992964251033468416,2226.395715493709,-0.0749760776537355,21.375994,2,11.408701539039612
sband_short,1925,MeerKAT:array_1:20250720T150453Z,Gaia_3504495165220676480,2209.087352734059,0.04284347294499171,21.135986,3,8.149072527885437
sband_short,26965,MeerKAT:array_1:20250719T123812Z,Gaia_2992985141754339328,2226.3957106042653,0.021421736472495855,20.828398,3,13.0385160446167
sband_short,8704,MeerKAT:array_1:20250720T153748Z,Gaia_3504689194663378560,2231.7605612333864,0.03213260470874378,20.810694,2,8.149072527885437
sband_short,13398,MeerKAT:array_1:20250727T151713Z,Gaia_5922812372815440640,2024.004853097722,0.10710868236247928,20.44353,3,13.0385160446167
sband_short,3879,MeerKAT:array_1:20250719T123812Z,Gaia_2992977823129767424,2226.3957106042653,0.05355434118123964,20.29397,3,9.778887033462524
sband_short,5374,MeerKAT:array_1:20250724T191130Z,Gaia_6103297374003370496,2226.5691277571023,-0.0749760776537355,20.269974,1,16.298145055770874
sband_short,7152,MeerKAT:array_1:20250701T181645Z,ex_2MASX_J13373179-1248592,2237.516151741147,-0.08568694588998342,20.255554,1,13.0385160446167
sband_short,5393,MeerKAT:array_1:20250724T191130Z,Gaia_6103296171412624000,2226.5376006253064,-0.36416952003242953,20.01815,1,19.55777406692505
sband_short,7795,MeerKAT:array_1:20250712T112422Z,Gaia_4617448425726205056,2676.1101891752332,0.09639781412623134,19.862637,1,17.92795956134796
sband_short,7122,MeerKAT:array_1:20250701T181645Z,Gaia_3607225109289114368,2237.498815404251,0.12853041883497512,19.73671,2,22.817403078079224
sband_short,23740,MeerKAT:array_1:20250701T174407Z,ex_LEDA_942978,2212.8497583325952,0.0,19.671928,1,11.408701539039612
sband_short,4731,MeerKAT:array_1:20250724T183832Z,Gaia_6103247213084401920,2215.205325977877,-0.03213260470874378,19.595411,4,6.51925802230835
sband_short,29980,MeerKAT:array_1:20250701T181645Z,Gaia_3607225010505021184,2237.4988219235092,0.0,19.553974,3,24.44721758365631
sband_short,8703,MeerKAT:array_1:20250720T153748Z,Gaia_3504660469922085888,2231.7605612333864,0.03213260470874378,19.48191,2,11.408701539039612
sband_short,7075,MeerKAT:array_1:20250701T181645Z,Gaia_3607206524965703424,2237.498815404251,0.12853041883497512,19.476316,2,21.187588572502136
sband_short,8575,MeerKAT:array_1:20250720T150453Z,Gaia_3504488533791162880,2239.548417972401,-0.4284347294499171,19.3981,4,39.1155481338501
sband_short,6630,MeerKAT:array_1:20250701T171131Z,Gaia_3607229129378230784,2239.5467571914196,0.03213260470874378,19.383127,4,14.668330550193787
sband_short,4737,MeerKAT:array_1:20250724T183832Z,Gaia_6103296171412624000,2215.205325977877,-0.03213260470874378,19.271963,4,9.778887033462524
sband_short,7794,MeerKAT:array_1:20250712T112422Z,Gaia_4617532710164573696,2676.110381493345,-0.0749760776537355,18.973372,3,24.44721758365631
sband_short,3867,MeerKAT:array_1:20250719T123812Z,Gaia_2992972600449811840,2226.3957301620394,-0.3748803882686775,18.955112,1,9.778887033462524
sband_short,19713,MeerKAT:array_1:20250719T123812Z,Gaia_2992990673672211584,2190.117682563141,0.0,18.443422,1,8.149072527885437
sband_short,1235,MeerKAT:array_1:20250701T171131Z,Gaia_3607233119403211008,2208.69034784846,-0.3106151788511899,18.439188,1,6.51925802230835
sband_short,3836,MeerKAT:array_1:20250719T123812Z,Gaia_2992991425286664704,2226.39571223408,0.04284347294499171,18.429808,3,21.187588572502136
sband_short,8589,MeerKAT:array_1:20250720T150453Z,Gaia_3504491694887095168,2239.548417972401,-0.4284347294499171,18.262266,4,17.92795956134796
sband_short,22981,MeerKAT:array_1:20250701T171131Z,Gaia_3610235954378201728,2203.671744791791,0.0,18.221134,4,14.668330550193787
sband_short,9759,MeerKAT:array_1:20250720T180312Z,Gaia_3504488735654987264,2231.6298061050475,0.04284347294499171,18.064842,3,8.149072527885437
sband_short,3616,MeerKAT:array_1:20250719T123812Z,Gaia_2993031870998151424,2223.23477989994,0.21421736472495856,17.938433,2,13.0385160446167
sband_short,26966,MeerKAT:array_1:20250719T123812Z,Gaia_2992972909687488896,2226.3957138638943,-0.021421736472495855,17.644888,4,11.408701539039612
sband_short,3358,MeerKAT:array_1:20250720T180312Z,Gaia_3504685964847966336,2203.8105234969407,0.09639781412623134,17.404337,4,13.0385160446167
sband_short,6324,MeerKAT:array_1:20250701T171131Z,ex_LEDA_944191,2232.2049872018397,0.25706083766995025,17.362495,1,13.0385160446167
sband_short,20360,MeerKAT:array_1:20250719T130249Z,Gaia_2992980571909153792,2190.8381225075573,0.0,17.303648,4,4.889443516731262
sband_short,10015,MeerKAT:array_1:20250720T180312Z,Gaia_3504488087114561536,2237.5252314377576,0.3963021247411733,16.926453,1,14.668330550193787
sband_short,25773,MeerKAT:array_1:20250720T173033Z,Gaia_3504488735654987264,2203.6722435150295,0.0,16.77027,2,9.778887033462524
sband_short,12270,MeerKAT:array_1:20250719T123812Z,Gaia_2992990948549726336,2252.4965233169496,-0.03213260470874378,16.769136,3,13.0385160446167
sband_short,13144,MeerKAT:array_1:20250727T142952Z,Gaia_5922837214907621760,2024.00411805138,0.3748803882686775,16.647158,1,8.149072527885437
sband_short,7150,MeerKAT:array_1:20250701T181645Z,ex_2MASX_J13372927-1250134,2237.4988235533237,-0.04284347294499171,16.444756,1,22.817403078079224
sband_short,3635,MeerKAT:array_1:20250719T123812Z,Gaia_2992987821813883904,2223.234783159569,0.13924128707122305,16.273407,2,21.187588572502136
sband_short,4777,MeerKAT:array_1:20250724T183832Z,Gaia_6103242402721003776,2226.511145476252,-0.0749760776537355,16.257545,1,21.187588572502136
sband_short,13480,MeerKAT:array_1:20250727T151713Z,Gaia_5922825322133853312,2029.9602735321969,0.03213260470874378,15.995548,4,6.51925802230835
sband_short,14144,MeerKAT:array_1:20250727T162815Z,Gaia_5922440119411596032,2032.0112907793373,0.28919344237869404,15.9896555,2,3.259629011154175
sband_short,4903,MeerKAT:array_1:20250724T183832Z,Gaia_6103293907968878720,2226.511148735881,-0.1178195505987272,15.496306,1,9.778887033462524
sband_short,2672,MeerKAT:array_1:20250720T161105Z,Gaia_3504467917948130432,2212.997678667307,-0.35345865179618163,15.358378,4,32.59629011154175
sband_short,17437,MeerKAT:array_1:20250720T131853Z,ex_LEDA_105241,2285.9887077938765,0.03213260470874378,15.20913,3,4.889443516731262
sband_short,8520,MeerKAT:array_1:20250720T150453Z,J1311-2216,2239.548417972401,-0.3748803882686775,15.100246,2,35.85591912269592
sband_short,5251,MeerKAT:array_1:20250724T191130Z,Gaia_6103253191678904960,2226.53760551475,-0.439145597686165,14.613606,4,13.0385160446167
sband_short,20134,MeerKAT:array_1:20250719T130249Z,Gaia_2992973837400399744,2190.8381225075573,0.0,14.5987835,4,4.889443516731262
sband_short,20165,MeerKAT:array_1:20250719T130249Z,ex_ASASSN-V_J060925.19-153332.5,2190.831345738843,0.021421736472495855,14.54959,1,4.889443516731262
sband_short,20269,MeerKAT:array_1:20250719T130249Z,Gaia_2992986653582818048,2190.8381225075573,0.0,14.290096,4,9.778887033462524
sband_short,4745,MeerKAT:array_1:20250724T183832Z,Gaia_6103297374003370496,2223.2350178528577,0.04284347294499171,14.219674,2,21.187588572502136
sband_short,5370,MeerKAT:array_1:20250724T191130Z,Gaia_6103297374003370496,2226.394093828276,-0.4070129929774213,14.144048,3,8.149072527885437
sband_short,20242,MeerKAT:array_1:20250719T130249Z,Gaia_2992989642879671680,2190.8381225075573,0.0,14.140029,4,8.149072527885437
sband_short,1107,MeerKAT:array_1:20250701T171131Z,ex_2MASX_J13381185-1257006,2203.7194836884737,0.3106151788511899,14.113075,1,34.226104617118835
sband_short,21060,MeerKAT:array_1:20250724T183832Z,Gaia_6103245392018260992,2191.0421459469944,0.0,14.015631,1,17.92795956134796
sband_short,5268,MeerKAT:array_1:20250724T191130Z,Gaia_6103247213084401920,2226.531700696796,-0.4070129929774213,13.925447,3,16.298145055770874
sband_short,9869,MeerKAT:array_1:20250720T180312Z,Gaia_3504488052754822784,2237.525226548314,0.22492823296120648,13.881496,1,21.187588572502136
sband_short,7144,MeerKAT:array_1:20250701T181645Z,ex_QSO_B1334-127,2237.4988186638802,0.09639781412623134,13.794542,4,24.44721758365631
sband_short,17867,MeerKAT:array_1:20250720T183547Z,Gaia_3504656445537065088,2284.5263306517154,-0.17137389177996684,13.606071,2,17.92795956134796
sband_short,4744,MeerKAT:array_1:20250724T183832Z,Gaia_6103295454157117312,2223.2350178528577,0.04284347294499171,13.598156,2,13.0385160446167
sband_short,5366,MeerKAT:array_1:20250724T191130Z,Gaia_6103293736170172160,2226.5016257297248,-0.1927956282524627,13.5748415,1,8.149072527885437
sband_short,3889,MeerKAT:array_1:20250719T123812Z,Gaia_2992989986477040640,2226.395722012967,-0.22492823296120648,13.488496,3,13.0385160446167
sband_short,8245,MeerKAT:array_1:20250720T150453Z,J1311-2216,2233.00109943375,0.17137389177996684,13.483362,2,29.336661100387573
sband_short,15753,MeerKAT:array_1:20250720T180312Z,ex_LEDA_816754,2262.500205775723,-0.04284347294499171,13.425366,1,13.0385160446167
sband_short,18638,MeerKAT:array_1:20250727T160434Z,Gaia_5922809074280503808,2106.5261997282505,0.03213260470874378,13.342639,1,8.149072527885437
sband_short,20179,MeerKAT:array_1:20250719T130249Z,Gaia_2992989814678365568,2190.8301217481494,0.0,13.307154,3,8.149072527885437
sband_short,25965,MeerKAT:array_1:20250720T180312Z,Gaia_3504688301310186496,2203.5483808722347,0.010710868236247928,13.282339,3,11.408701539039612
sband_short,3940,MeerKAT:array_1:20250719T123812Z,Gaia_2992971844535595008,2226.5775522682816,0.05355434118123964,13.275383,1,6.51925802230835
sband_short,26042,MeerKAT:array_1:20250720T180312Z,Gaia_3504661462058935680,2203.6717431619763,0.0,13.258608,2,14.668330550193787
sband_short,3331,MeerKAT:array_1:20250720T180312Z,Gaia_3504492382081862400,2203.8105234969407,0.09639781412623134,13.174296,4,14.668330550193787
sband_short,9418,MeerKAT:array_1:20250720T173033Z,Gaia_3504683009910467968,2237.498598638922,-0.0749760776537355,13.007849,2,16.298145055770874
sband_short,28698,MeerKAT:array_1:20250701T171131Z,Gaia_3607225010505021184,2239.546755561605,0.021421736472495855,12.874953,4,16.298145055770874
sband_short,23910,MeerKAT:array_1:20250701T181645Z,Gaia_3607205562893028096,2204.2392739094794,0.0,12.804238,4,6.51925802230835
sband_short,29455,MeerKAT:array_1:20250701T174407Z,Gaia_3607229129378230784,2239.5467604510486,-0.021421736472495855,12.696691,3,17.92795956134796
sband_short,3905,MeerKAT:array_1:20250719T123812Z,Gaia_2992964251033468416,2226.5505690593272,-0.16066302354371892,12.6323395,2,14.668330550193787
sband_short,26961,MeerKAT:array_1:20250719T123812Z,J0609-1542,2226.39571223408,0.021421736472495855,12.493532,3,11.408701539039612
sband_short,3917,MeerKAT:array_1:20250719T123812Z,Gaia_2992966656215136512,2226.3957138638943,-0.05355434118123964,12.36927,2,11.408701539039612
sband_short,3665,MeerKAT:array_1:20250719T123812Z,Gaia_2992965556703511936,2223.234786419198,0.12853041883497512,12.367816,2,16.298145055770874
sband_short,4872,MeerKAT:array_1:20250724T183832Z,Gaia_6103293736170172160,2226.505336817354,-0.17137389177996684,12.330411,4,21.187588572502136
sband_short,3623,MeerKAT:array_1:20250719T123812Z,Gaia_2992990948549726336,2223.234783159569,0.13924128707122305,12.23631,2,19.55777406692505
sband_short,5240,MeerKAT:array_1:20250724T191130Z,Gaia_6103244189427396480,2226.5316990669817,-0.35345865179618163,12.192701,4,13.0385160446167
sband_short,26967,MeerKAT:array_1:20250719T123812Z,Gaia_2992989814678366464,2226.3957138638943,-0.010710868236247928,12.120018,3,14.668330550193787
sband_short,5290,MeerKAT:array_1:20250724T191130Z,Gaia_6103294320285741696,2226.419077254832,-0.3427477835599337,12.076112,3,39.1155481338501
sband_short,21223,MeerKAT:array_1:20250724T183832Z,ex_CRTS_J142845.8-420801,2191.047560190782,-0.021421736472495855,12.064059,3,13.0385160446167
sband_short,13030,MeerKAT:array_1:20250724T191130Z,Gaia_6103297343942727296,2250.0518765300512,0.33203691532368573,12.04776,1,11.408701539039612
sband_short,18283,MeerKAT:array_1:20250711T154253Z,Gaia_4617531885530854784,2774.9796574935317,0.20350649648871064,12.03405,2,14.668330550193787
sband_short,14103,MeerKAT:array_1:20250727T162815Z,Gaia_5922825390852030720,2032.0112907793373,0.28919344237869404,12.006904,2,24.44721758365631
sband_short,25964,MeerKAT:array_1:20250720T180312Z,Gaia_3504494993421983872,2203.5483808722347,0.010710868236247928,11.977003,3,14.668330550193787
sband_short,3872,MeerKAT:array_1:20250719T123812Z,Gaia_2992963254601054976,2226.5505690593272,-0.16066302354371892,11.939731,2,16.298145055770874
sband_short,4900,MeerKAT:array_1:20250724T183832Z,Gaia_6103253226038647552,2226.5053351875395,-0.149952155307471,11.864101,4,17.92795956134796
sband_short,13452,MeerKAT:array_1:20250727T151713Z,Gaia_5922802747784231296,2029.9602735321969,0.03213260470874378,11.818792,4,6.51925802230835
sband_short,15999,MeerKAT:array_1:20250719T123812Z,Gaia_2992961880211481088,2275.0031126197428,-0.41772386121366917,11.803577,1,13.0385160446167
sband_short,3295,MeerKAT:array_1:20250720T180312Z,Gaia_3504684556098689280,2203.8105234969407,0.09639781412623134,11.747165,4,13.0385160446167
sband_short,26029,MeerKAT:array_1:20250720T180312Z,Gaia_3504494993421983872,2203.8105283863842,0.010710868236247928,11.731407,2,14.668330550193787
sband_short,1106,MeerKAT:array_1:20250701T171131Z,ex_LEDA_942978,2203.719482058659,0.33203691532368573,11.711475,1,27.706846594810486
sband_short,18251,MeerKAT:array_1:20250711T154253Z,Gaia_4617548893601336576,2774.9796705320477,0.03213260470874378,11.628096,3,19.55777406692505
sband_short,5380,MeerKAT:array_1:20250724T191130Z,Gaia_6103245151500085120,2226.4190788846463,-0.41772386121366917,11.624862,4,35.85591912269592
sband_short,16099,MeerKAT:array_1:20250719T123812Z,Gaia_2992991425286664704,2278.365177102387,-0.16066302354371892,11.605592,3,13.0385160446167
sband_short,3134,MeerKAT:array_1:20250720T180312Z,Gaia_3504660469922085888,2202.1362085361034,-0.2784825741424461,11.544664,3,30.96647560596466
sband_short,4785,MeerKAT:array_1:20250724T183832Z,Gaia_6103298924490707584,2226.548872422427,-0.4284347294499171,11.532856,1,8.149072527885437
sband_short,20920,MeerKAT:array_1:20250724T183832Z,Gaia_6103252848081506304,2190.441397950053,-0.021421736472495855,11.526937,1,8.149072527885437
sband_short,17436,MeerKAT:array_1:20250720T131853Z,ex_LEDA_944191,2285.9887077938765,0.03213260470874378,11.468145,3,6.51925802230835
sband_short,38004,MeerKAT:array_1:20250724T191130Z,Gaia_6103243635371828992,2250.0491531100124,0.0,11.428881,1,21.187588572502136
sband_short,2650,MeerKAT:array_1:20250720T161105Z,Gaia_3504657583704061952,2212.9976802971214,-0.36416952003242953,11.234939,3,30.96647560596466
sband_short,20752,MeerKAT:array_1:20250724T183832Z,Gaia_6103242711958658048,2190.4418445192277,0.021421736472495855,11.148766,4,17.92795956134796
sband_short,4806,MeerKAT:array_1:20250724T183832Z,Gaia_6103296931625860096,2226.5111634042114,-0.4070129929774213,11.036657,2,13.0385160446167
sband_short,30088,MeerKAT:array_1:20250701T181645Z,ex_LEDA_943911,2237.5853748526424,0.0,11.002751,1,6.51925802230835
sband_short,2663,MeerKAT:array_1:20250720T161105Z,Gaia_3504467677429969920,2212.997675407678,-0.2677717059061982,10.990468,2,26.0770320892334
sband_short,74,MeerKAT:array_1:20250719T130249Z,Gaia_2992979850354299904,2200.5711041856557,0.0749760776537355,10.952714,1,17.92795956134796
sband_short,4898,MeerKAT:array_1:20250724T183832Z,Gaia_6103241131410679040,2226.548865903169,0.12853041883497512,10.949466,1,3.259629011154175
sband_short,12312,MeerKAT:array_1:20250719T123812Z,Gaia_2992964216673734016,2252.4965233169496,-0.03213260470874378,10.948268,3,14.668330550193787
sband_short,24251,MeerKAT:array_1:20250720T131853Z,ex_2MASX_J13381185-1257006,2202.63934857212,0.0,10.915142,1,11.408701539039612
sband_short,5340,MeerKAT:array_1:20250724T191130Z,Gaia_6103294354645483648,2226.4190788846463,-0.41772386121366917,10.893066,4,34.226104617118835
sband_short,18286,MeerKAT:array_1:20250711T154253Z,Gaia_4617438079149787264,2774.9796705320477,0.03213260470874378,10.861926,3,14.668330550193787
sband_short,2684,MeerKAT:array_1:20250720T161105Z,Gaia_3504656445537065088,2212.997685186565,-0.4070129929774213,10.806959,1,26.0770320892334
sband_short,4866,MeerKAT:array_1:20250724T183832Z,Gaia_6103246354090939264,2226.5111536253244,-0.21421736472495856,10.743266,1,19.55777406692505
sband_short,18208,MeerKAT:array_1:20250711T150350Z,Gaia_4617437052652805760,2774.979300564155,-0.09639781412623134,10.708781,2,17.92795956134796
sband_short,124,MeerKAT:array_1:20250719T130249Z,Gaia_2992977204654820480,2200.5711009260267,0.13924128707122305,10.699363,2,4.889443516731262
sband_short,5435,MeerKAT:array_1:20250724T191130Z,Gaia_6103296381870072192,2226.419077254832,-0.3427477835599337,10.694409,3,35.85591912269592
sband_short,17081,MeerKAT:array_1:20250727T151713Z,Gaia_5922813781564775296,2064.0049488283694,0.10710868236247928,10.666211,3,13.0385160446167
sband_short,4638,MeerKAT:array_1:20250719T130249Z,Gaia_2992989814678365568,2226.576905231923,-0.0749760776537355,10.6438055,1,13.0385160446167
sband_short,17435,MeerKAT:array_1:20250720T131853Z,Gaia_3607225109289114368,2285.9887077938765,0.03213260470874378,10.625401,3,6.51925802230835
sband_short,11230,MeerKAT:array_1:20250720T183547Z,Gaia_3504466577918331776,2240.089834202081,-0.22492823296120648,10.568789,2,35.85591912269592
sband_short,18229,MeerKAT:array_1:20250711T150350Z,Gaia_4617432551527095424,2774.9793021939695,-0.1178195505987272,10.568566,1,19.55777406692505
sband_short,18744,MeerKAT:array_1:20250727T160434Z,Gaia_5922439947612730240,2106.7853320855647,0.1178195505987272,10.523036,1,16.298145055770874
sband_short,2662,MeerKAT:array_1:20250720T161105Z,Gaia_3504698162555090816,2212.997665628791,-0.13924128707122305,10.492065,1,32.59629011154175
sband_short,4783,MeerKAT:array_1:20250724T183832Z,Gaia_6103298924490707584,2226.5053384471685,-0.149952155307471,10.473963,1,14.668330550193787
sband_short,9501,MeerKAT:array_1:20250720T173033Z,Gaia_3504491694887095168,2237.498601898551,-0.09639781412623134,10.435648,2,14.668330550193787
sband_short,20918,MeerKAT:array_1:20250724T183832Z,Gaia_6103252848081506304,2190.433447714895,-0.021421736472495855,10.406697,2,3.259629011154175
sband_short,6219,MeerKAT:array_1:20250727T162815Z,Gaia_5922814125162418560,2000.007767463103,0.299904310614942,10.401236,1,3.259629011154175
sband_short,2180,MeerKAT:array_1:20250720T153748Z,Gaia_3504660573001303040,2203.718085307628,0.3855912565049254,10.372269,2,6.51925802230835
sband_short,19219,MeerKAT:array_1:20250727T142952Z,Gaia_5922812437229630592,2172.357740579173,0.18208476001621476,10.288307,1,17.92795956134796
sband_short,4624,MeerKAT:array_1:20250719T130249Z,Gaia_2992984591998157568,2226.5769166406244,-0.21421736472495856,10.248017,3,8.149072527885437
sband_short,25963,MeerKAT:array_1:20250720T180312Z,Gaia_3504684556098689280,2203.5483808722347,0.010710868236247928,10.215051,3,11.408701539039612
sband_short,4859,MeerKAT:array_1:20250724T183832Z,Gaia_6103253874573853952,2226.4960582833737,0.35345865179618163,10.161634,1,11.408701539039612
sband_short,5818,MeerKAT:array_1:20250727T151713Z,Gaia_5922813575406325632,2000.0072834081948,0.21421736472495856,10.151217,3,24.44721758365631
sband_short,20277,MeerKAT:array_1:20250719T130249Z,Gaia_2992964560271113472,2191.04226003401,0.021421736472495855,10.14267,1,11.408701539039612
sband_short,18571,MeerKAT:array_1:20250727T160434Z,Gaia_5922812544614111488,2106.027166824788,-0.05355434118123964,10.125114,1,11.408701539039612
sband_short,2653,MeerKAT:array_1:20250720T161105Z,Gaia_3504657996020926848,2212.9976705182344,-0.22492823296120648,10.118296,3,29.336661100387573
sband_short,16098,MeerKAT:array_1:20250719T123812Z,Gaia_2992991773183399552,2278.365177102387,-0.16066302354371892,10.060735,3,11.408701539039612
sband_short,18287,MeerKAT:array_1:20250711T154253Z,Gaia_4617385856642648320,2774.9796705320477,0.03213260470874378,10.042214,3,14.668330550193787
sband_short,11203,MeerKAT:array_1:20250720T183547Z,Gaia_3504488052754822784,2240.2298336382955,-0.22492823296120648,10.009364,3,29.336661100387573
sband_short,20374,MeerKAT:array_1:20250719T130249Z,Gaia_2992967102891709952,2200.571927241981,0.010710868236247928,9.992673,1,14.668330550193787
sband_short,5236,MeerKAT:array_1:20250724T191130Z,Gaia_6103294973120768000,2226.419077254832,-0.36416952003242953,9.991394,4,30.96647560596466
sband_short,1232,MeerKAT:array_1:20250701T171131Z,Gaia_3607229129378230784,2208.6990298703313,0.17137389177996684,9.984559,1,8.149072527885437
sband_short,18684,MeerKAT:array_1:20250727T160434Z,Gaia_5922801716991134336,2106.294932309538,0.04284347294499171,9.92901,2,6.51925802230835
sband_short,18226,MeerKAT:array_1:20250711T150350Z,Gaia_4617433788477854464,2774.979320121929,-0.4070129929774213,9.92373,1,30.96647560596466
sband_short,2640,MeerKAT:array_1:20250720T161105Z,ex_LEDA_818535,2212.9976835567504,-0.3748803882686775,9.873075,1,19.55777406692505
sband_short,3612,MeerKAT:array_1:20250719T123812Z,J0609-1542,2223.2347782701254,0.20350649648871064,9.76914,2,21.187588572502136
sband_short,20877,MeerKAT:array_1:20250724T183832Z,Gaia_6103293598731216128,2190.438257297501,0.021421736472495855,9.729239,1,4.889443516731262
sband_short,117,MeerKAT:array_1:20250719T130249Z,Gaia_2992962773564686592,2200.5711009260267,0.13924128707122305,9.715656,2,17.92795956134796
sband_short,10831,MeerKAT:array_1:20250720T183547Z,Gaia_3504684556098688640,2237.829837249592,-0.2784825741424461,9.707111,3,30.96647560596466
sband_short,18227,MeerKAT:array_1:20250711T150350Z,Gaia_4617533019402217728,2774.979300564155,-0.09639781412623134,9.684677,2,17.92795956134796
sband_short,19223,MeerKAT:array_1:20250727T142952Z,Gaia_5922809211719443072,2172.3637513350695,-0.03213260470874378,9.675387,3,6.51925802230835
sband_short,37711,MeerKAT:array_1:20250724T191130Z,Gaia_6103293598731216128,2243.639741325751,0.021421736472495855,9.672405,4,3.259629011154175
sband_short,18505,MeerKAT:array_1:20250727T160434Z,Gaia_5922438534554292480,2106.198657536879,-0.05355434118123964,9.644473,3,13.0385160446167
sband_short,20878,MeerKAT:array_1:20250724T183832Z,Gaia_6103293598731216128,2190.4418445192277,0.021421736472495855,9.635949,4,19.55777406692505
sband_short,19167,MeerKAT:array_1:20250727T060648Z,ex_LEDA_626126,2825.013088528067,-0.17137389177996684,9.598596,3,17.92795956134796
sband_short,18606,MeerKAT:array_1:20250727T160434Z,Gaia_5922444345659307008,2106.0843309387565,-0.1178195505987272,9.561688,1,8.149072527885437
sband_short,4904,MeerKAT:array_1:20250724T183832Z,Gaia_6103293907968878720,2226.538933813572,-0.149952155307471,9.549749,2,13.0385160446167
sband_short,29017,MeerKAT:array_1:20250701T174407Z,Gaia_3610235954378201728,2232.773601775989,0.021421736472495855,9.529975,2,4.889443516731262
sband_short,13323,MeerKAT:array_1:20250727T145333Z,Gaia_5922822023597622016,2032.0105084683746,0.32132604708743784,9.526568,3,11.408701539039612
sband_short,20857,MeerKAT:array_1:20250724T183832Z,Gaia_6103296622388247168,2190.4418461490422,0.0,9.480547,2,21.187588572502136
sband_short,21052,MeerKAT:array_1:20250724T183832Z,Gaia_6103294973120768000,2191.0507089924067,0.0,9.465208,3,3.259629011154175
sband_short,5400,MeerKAT:array_1:20250724T191130Z,Gaia_6103252848081506304,2226.4190788846463,-0.3748803882686775,9.437938,4,44.00499165058136
sband_short,4646,MeerKAT:array_1:20250719T130249Z,Gaia_2992985657150401024,2226.395793724805,-0.12853041883497512,9.396084,3,19.55777406692505
sband_short,11406,MeerKAT:array_1:20250720T183547Z,Gaia_3504689194663378432,2240.08983746171,-0.28919344237869404,9.377393,1,34.226104617118835
sband_short,18649,MeerKAT:array_1:20250727T160434Z,Gaia_5922438534554292480,2106.2768804840744,0.06426520941748756,9.367179,1,6.51925802230835
sband_short,18545,MeerKAT:array_1:20250727T160434Z,ex_ASASSN-V_J172646.18-553727.1,2106.084329308942,0.0749760776537355,9.353596,3,9.778887033462524
sband_short,19222,MeerKAT:array_1:20250727T142952Z,Gaia_5922809211719443072,2172.357756877318,-0.1178195505987272,9.291109,1,3.259629011154175
sband_short,23911,MeerKAT:array_1:20250701T181645Z,Gaia_3607205562893028096,2204.2454248294234,-0.021421736472495855,9.287516,2,4.889443516731262
sband_short,3822,MeerKAT:array_1:20250719T123812Z,Gaia_2992960437102496256,2226.577570196241,-0.09639781412623134,9.268923,2,6.51925802230835
sband_short,8846,MeerKAT:array_1:20250720T153748Z,Gaia_3504661462058935680,2239.548080600798,-0.2356391011974544,9.223388,1,30.96647560596466
sband_short,20633,MeerKAT:array_1:20250724T183832Z,Gaia_6103294973120768000,2190.4418445192277,0.021421736472495855,9.212397,4,21.187588572502136
sband_short,9532,MeerKAT:array_1:20250720T173033Z,Gaia_3504689194663378432,2237.451901193708,-0.149952155307471,9.207497,2,14.668330550193787
sband_short,4818,MeerKAT:array_1:20250724T183832Z,Gaia_6103244185127647232,2226.54886264354,0.41772386121366917,9.196914,1,6.51925802230835
sband_short,19164,MeerKAT:array_1:20250727T060648Z,ex_LEDA_628170,2825.013088528067,-0.17137389177996684,9.184546,3,24.44721758365631
sband_short,20678,MeerKAT:array_1:20250724T183832Z,Gaia_6103292808457230080,2190.435484983027,-0.021421736472495855,9.094859,1,3.259629011154175
sband_short,18323,MeerKAT:array_1:20250711T160347Z,Gaia_5922811032785624448,2774.980074726045,0.35345865179618163,9.087913,2,14.668330550193787
sband_short,4917,MeerKAT:array_1:20250724T183832Z,ex_CRTS_J142848.8-420308,2226.470282766968,-0.09639781412623134,9.024935,2,17.92795956134796
sband_short,16181,MeerKAT:array_1:20250719T130249Z,Gaia_2992973596882226176,2275.002558482811,-0.28919344237869404,8.947693,1,16.298145055770874
sband_short,9817,MeerKAT:array_1:20250720T180312Z,Gaia_3504660469922085888,2236.48047959432,-0.06426520941748756,8.936412,1,9.778887033462524
sband_short,23933,MeerKAT:array_1:20250701T181645Z,Gaia_3607228721356778624,2204.2392739094794,0.0,8.936297,4,11.408701539039612
sband_short,3142,MeerKAT:array_1:20250720T180312Z,Gaia_3504698162555090816,2202.1362085361034,-0.2784825741424461,8.917361,3,32.59629011154175
sband_short,6607,MeerKAT:array_1:20250701T171131Z,ex_2MASX_J13372927-1250134,2239.205723395571,0.04284347294499171,8.873329,1,4.889443516731262
sband_short,20687,MeerKAT:array_1:20250724T183832Z,Gaia_6103247213084401920,2190.4418445192277,0.021421736472495855,8.863463,4,17.92795956134796
sband_short,18627,MeerKAT:array_1:20250727T160434Z,Gaia_5922807111470127232,2106.2768804840744,0.03213260470874378,8.837719,3,1.6298145055770874
sband_short,13459,MeerKAT:array_1:20250727T151713Z,Gaia_5922805049886743680,2029.9602735321969,-0.03213260470874378,8.813433,3,4.889443516731262
sband_short,2679,MeerKAT:array_1:20250720T161105Z,Gaia_3504689194663378432,2212.997672148049,-0.22492823296120648,8.801134,3,26.0770320892334
sband_short,10810,MeerKAT:array_1:20250720T183547Z,ex_LEDA_816754,2237.829837249592,-0.2784825741424461,8.798392,3,32.59629011154175
sband_short,20139,MeerKAT:array_1:20250719T130249Z,Gaia_2992985828949096064,2190.8299343194813,0.0,8.754117,1,6.51925802230835
sband_short,9139,MeerKAT:array_1:20250720T161105Z,Gaia_3504488087114561536,2240.9584373235703,0.25706083766995025,8.745361,3,3.259629011154175
sband_short,16153,MeerKAT:array_1:20250719T130249Z,Gaia_2992965762861927168,2275.0025633722544,-0.3748803882686775,8.725668,2,16.298145055770874
sband_short,2195,MeerKAT:array_1:20250720T153748Z,Gaia_3504684349940269440,2203.81047623232,-0.03213260470874378,8.72461,4,13.0385160446167
sband_short,13358,MeerKAT:array_1:20250727T145333Z,Gaia_5922439049950431872,2032.0105084683746,0.33203691532368573,8.7003765,4,6.51925802230835
sband_short,5286,MeerKAT:array_1:20250724T191130Z,Gaia_6103254428629501696,2226.417629979551,-0.25706083766995025,8.698604,1,17.92795956134796
sband_short,18958,MeerKAT:array_1:20250711T160347Z,Gaia_5922820649207892992,2825.003308011219,0.3748803882686775,8.697873,1,9.778887033462524
sband_short,4702,MeerKAT:array_1:20250719T130249Z,Gaia_2992974352796462080,2226.3950179331005,-0.12853041883497512,8.696508,4,3.259629011154175
sband_short,5392,MeerKAT:array_1:20250724T191130Z,Gaia_6103296171412624000,2226.531684398651,-0.13924128707122305,8.695524,1,8.149072527885437
sband_short,2642,MeerKAT:array_1:20250720T161105Z,Gaia_3504657686783279360,2212.9976737778634,-0.24634996943370233,8.687504,1,11.408701539039612
sband_short,5271,MeerKAT:array_1:20250724T191130Z,Gaia_6103246177992468480,2226.417623460293,-0.17137389177996684,8.673401,1,16.298145055770874
sband_short,20848,MeerKAT:array_1:20250724T183832Z,Gaia_6103298890130962944,2190.432696370408,0.0,8.593279,4,19.55777406692505
sband_short,16198,MeerKAT:array_1:20250719T130249Z,Gaia_2992990669374268800,2275.0025633722544,-0.3748803882686775,8.526279,2,24.44721758365631
sband_short,13346,MeerKAT:array_1:20250727T145333Z,Gaia_5922817316313402752,2032.0105084683746,0.32132604708743784,8.521819,3,3.259629011154175
sband_short,13333,MeerKAT:array_1:20250727T145333Z,Gaia_5922828109575788928,2032.0071575697511,0.3427477835599337,8.518778,2,4.889443516731262
sband_short,2652,MeerKAT:array_1:20250720T161105Z,Gaia_3504657996020926848,2212.244210531935,-0.35345865179618163,8.517657,1,14.668330550193787
sband_short,19047,MeerKAT:array_1:20250720T012702Z,Gaia_4225117010211080832,2824.985919520259,-0.08568694588998342,8.426055,1,13.0385160446167
sband_short,18601,MeerKAT:array_1:20250727T160434Z,Gaia_5922439947612730240,2106.084329308942,-0.03213260470874378,8.421325,4,3.259629011154175
sband_short,21021,MeerKAT:array_1:20250724T183832Z,ex_CRTS_J142845.8-420801,2190.4418477788568,-0.021421736472495855,8.409328,1,21.187588572502136
sband_short,4698,MeerKAT:array_1:20250719T130249Z,Gaia_2992991154708149504,2226.395793724805,-0.10710868236247928,8.387414,1,17.92795956134796
sband_short,6389,MeerKAT:array_1:20250701T171131Z,ex_LEDA_946721,2235.45076767914,-0.06426520941748756,8.369337,2,16.298145055770874
sband_short,23860,MeerKAT:array_1:20250701T181645Z,Gaia_3607226174441019392,2204.2380108032376,0.0,8.345319,2,4.889443516731262
sband_short,18631,MeerKAT:array_1:20250727T160434Z,Gaia_5922807111470127232,2106.9688589777797,-0.0749760776537355,8.331003,1,4.889443516731262
sband_short,13472,MeerKAT:array_1:20250727T151713Z,Gaia_5922836042369906816,2029.9602719023824,0.0749760776537355,8.324261,2,6.51925802230835
sband_short,4693,MeerKAT:array_1:20250719T130249Z,Gaia_2992978063647916672,2226.395019562915,-0.13924128707122305,8.322308,4,19.55777406692505
sband_short,20215,MeerKAT:array_1:20250719T130249Z,Gaia_2992980571908763264,2191.046634456143,-0.021421736472495855,8.320101,1,6.51925802230835
sband_short,9107,MeerKAT:array_1:20250720T161105Z,Gaia_3504682631953342336,2240.9584373235703,0.25706083766995025,8.317077,3,4.889443516731262
sband_short,19239,MeerKAT:array_1:20250727T162815Z,Gaia_5922813261864140032,2171.963788336143,0.06426520941748756,8.303728,1,8.149072527885437
sband_short,3903,MeerKAT:array_1:20250719T123812Z,Gaia_2992964251033468416,2226.4693651814014,-0.35345865179618163,8.286137,1,9.778887033462524
sband_short,1233,MeerKAT:array_1:20250701T171131Z,Gaia_3607212159962866048,2208.6990852840245,0.1927956282524627,8.283895,1,17.92795956134796
sband_short,20715,MeerKAT:array_1:20250724T183832Z,Gaia_6103254428629501696,2190.433444455266,0.021421736472495855,8.274637,3,8.149072527885437
sband_short,8314,MeerKAT:array_1:20250720T150453Z,Gaia_3504492382081862400,2235.4524268303066,-0.4284347294499171,8.251009,3,34.226104617118835
sband_short,21988,MeerKAT:array_1:20250727T142952Z,Gaia_5922809211719443072,1971.8672044109553,0.021421736472495855,8.234134,2,4.889443516731262
sband_short,4604,MeerKAT:array_1:20250719T130249Z,Gaia_2992966621855394432,2226.394716417417,-0.09639781412623134,8.228198,1,21.187588572502136
sband_short,18532,MeerKAT:array_1:20250727T160434Z,Gaia_5922801716991134336,2106.084329308942,0.0749760776537355,8.226307,3,4.889443516731262
sband_short,4711,MeerKAT:array_1:20250719T130249Z,Gaia_2992977204654820480,2226.3943220023066,-0.17137389177996684,8.212951,1,21.187588572502136
sband_short,19235,MeerKAT:array_1:20250727T151713Z,Gaia_5922800690504265600,2171.957766171545,-0.04284347294499171,8.209565,1,3.259629011154175
sband_short,3809,MeerKAT:array_1:20250719T123812Z,Gaia_2992960643260933248,2226.5383226331323,-0.09639781412623134,8.207419,1,13.0385160446167
sband_short,20651,MeerKAT:array_1:20250724T183832Z,Gaia_6103245392018260992,2190.432696370408,0.0,8.20659,4,4.889443516731262
sband_short,21924,MeerKAT:array_1:20250727T142952Z,Gaia_5922807287574065024,1971.8825556337833,0.0,8.203088,2,3.259629011154175
sband_short,4717,MeerKAT:array_1:20250719T130249Z,Gaia_2992982805291801728,2226.3950179331005,-0.12853041883497512,8.201139,4,19.55777406692505
sband_short,18510,MeerKAT:array_1:20250727T160434Z,Gaia_5922813747205028096,2106.198657536879,-0.05355434118123964,8.199288,3,8.149072527885437
sband_short,20638,MeerKAT:array_1:20250724T183832Z,Gaia_6103244189427396480,2190.43784821406,-0.021421736472495855,8.178161,1,6.51925802230835
sband_short,4633,MeerKAT:array_1:20250719T130249Z,ex_LEDA_906947,2226.3947017490864,-0.20350649648871064,8.161109,1,14.668330550193787
sband_short,18501,MeerKAT:array_1:20250727T160434Z,Gaia_5922807287574065024,2105.861693387851,-0.03213260470874378,8.130885,4,4.889443516731262
sband_short,20701,MeerKAT:array_1:20250724T183832Z,Gaia_6103244185127647232,2190.4356838203967,0.0,8.126718,2,6.51925802230835
sband_short,18516,MeerKAT:array_1:20250727T160434Z,Gaia_5922439432204226304,2105.8436415623873,-0.06426520941748756,8.119334,1,6.51925802230835
sband_short,5354,MeerKAT:array_1:20250724T191130Z,Gaia_6103246354090939264,2226.419077254832,-0.3748803882686775,8.104873,4,37.48573362827301
sband_short,4642,MeerKAT:array_1:20250719T130249Z,Gaia_2992963529478960768,2226.394323632121,-0.1927956282524627,8.07316,1,8.149072527885437
sband_short,13042,MeerKAT:array_1:20250724T191130Z,ex_ASASSN-V_J142744.54-415438.1,2252.5159001816064,-0.04284347294499171,8.072298,3,16.298145055770874
sband_short,14386,MeerKAT:array_1:20250701T181645Z,Gaia_3610235542061340032,2255.864678416401,-0.06426520941748756,8.043403,4,9.778887033462524
sband_short,4662,MeerKAT:array_1:20250719T130249Z,Gaia_2992988509008658304,2226.3949592597783,-0.09639781412623134,8.042947,3,6.51925802230835
sband_short,8761,MeerKAT:array_1:20250720T153748Z,Gaia_3504661603793456768,2237.516666762531,-0.149952155307471,8.042846,1,17.92795956134796
sband_short,12690,MeerKAT:array_1:20250719T130249Z,Gaia_2992990501873148032,2253.643925767392,0.04284347294499171,8.0314245,3,6.51925802230835
sband_short,18316,MeerKAT:array_1:20250711T160347Z,Gaia_5922821168908608256,2774.980074726045,0.35345865179618163,8.030386,2,21.187588572502136
sband_short,4593,MeerKAT:array_1:20250719T130249Z,Gaia_2992963769997121664,2226.3949625194073,-0.13924128707122305,8.014597,3,11.408701539039612
sband_short,4700,MeerKAT:array_1:20250719T130249Z,Gaia_2992990669374268800,2226.395790465176,-0.03213260470874378,7.991589,1,14.668330550193787
sband_short,1866,MeerKAT:array_1:20250720T150453Z,Gaia_3504660573001303040,2203.719913959503,-0.1927956282524627,7.979793,2,14.668330550193787
sband_short,8294,MeerKAT:array_1:20250720T150453Z,ex_LEDA_818682,2235.452425200492,-0.299904310614942,7.9628253,3,39.1155481338501
sband_short,19216,MeerKAT:array_1:20250727T142952Z,Gaia_5922826563387531520,2172.3637513350695,-0.03213260470874378,7.940283,3,6.51925802230835
sband_short,3932,MeerKAT:array_1:20250719T123812Z,Gaia_2992977475233425792,2226.5776060521603,-0.439145597686165,7.928484,3,8.149072527885437
sband_short,18537,MeerKAT:array_1:20250727T160434Z,ex_EQ_Ara,2106.084329308942,0.06426520941748756,7.9033294,3,11.408701539039612
sband_short,19231,MeerKAT:array_1:20250727T145333Z,Gaia_5922814189577100800,2170.7577533088624,0.04284347294499171,7.891251,1,9.778887033462524
sband_short,35124,MeerKAT:array_1:20250719T123812Z,Gaia_2992961880211481088,2243.3775172103196,0.021421736472495855,7.880418,2,8.149072527885437
sband_short,10094,MeerKAT:array_1:20250720T180312Z,Gaia_3504467917948130432,2239.546574652195,0.06426520941748756,7.8696866,3,9.778887033462524
sband_short,19227,MeerKAT:array_1:20250727T142952Z,ex_ASASSN-V_J172702.67-553119.7,2172.3644700832665,0.08568694588998342,7.863098,1,13.0385160446167
sband_short,19218,MeerKAT:array_1:20250727T142952Z,Gaia_5922812437229630592,2172.3526327405125,0.08568694588998342,7.8484497,1,13.0385160446167
sband_short,18718,MeerKAT:array_1:20250727T160434Z,ex_ASASSN-V_J172732.90-552549.1,2106.3280273228884,-0.04284347294499171,7.822615,3,16.298145055770874
sband_short,5467,MeerKAT:array_1:20250724T191130Z,Gaia_6103242402721003776,2227.4370414670557,0.10710868236247928,7.815103,1,16.298145055770874
sband_short,4801,MeerKAT:array_1:20250724T183832Z,Gaia_6103253191678904960,2226.496113697067,-0.2356391011974544,7.7848487,2,11.408701539039612
sband_short,5420,MeerKAT:array_1:20250724T191130Z,Gaia_6103253226038647552,2226.4190756250173,-0.24634996943370233,7.7835474,2,30.96647560596466
sband_short,19232,MeerKAT:array_1:20250727T145333Z,Gaia_5922439878893423744,2172.3577552475035,0.03213260470874378,7.7635884,1,9.778887033462524
sband_short,37419,MeerKAT:array_1:20250724T183832Z,Gaia_6103296897266119680,2255.4512498900294,0.0,7.7604213,2,11.408701539039612
sband_short,26962,MeerKAT:array_1:20250719T123812Z,Gaia_2992960643260933248,2226.577560417354,-0.010710868236247928,7.7563195,1,4.889443516731262
sband_short,18759,MeerKAT:array_1:20250727T160434Z,Gaia_5922819996372994048,2106.7281696014106,0.1178195505987272,7.752597,1,4.889443516731262
sband_short,24319,MeerKAT:array_1:20250720T131853Z,Gaia_3607225766418542080,2202.6355364359915,0.0,7.7326145,1,1.6298145055770874
sband_short,18331,MeerKAT:array_1:20250711T160347Z,Gaia_5922812372815440640,2774.9800828751177,0.24634996943370233,7.72139,1,17.92795956134796
sband_short,4659,MeerKAT:array_1:20250719T130249Z,Gaia_2992973596882226176,2226.3947213068604,-0.16066302354371892,7.705477,1,32.59629011154175
sband_short,22154,MeerKAT:array_1:20250727T142952Z,ex_ASASSN-V_J172605.95-552617.7,1971.8672060407698,0.0,7.681725,4,17.92795956134796
sband_short,67,MeerKAT:array_1:20250719T130249Z,Gaia_2992964560271113472,2191.0362590570003,0.1178195505987272,7.661067,1,4.889443516731262
sband_short,24083,MeerKAT:array_1:20250701T181645Z,ex_LEDA_945818,2204.2392739094794,0.0,7.637485,4,6.51925802230835
sband_short,4720,MeerKAT:array_1:20250719T130249Z,Gaia_2992962773564685696,2226.395283592865,-0.1927956282524627,7.631845,1,27.706846594810486
sband_short,30301,MeerKAT:array_1:20250701T181645Z,ex_LEDA_946373,2239.546819124371,0.010710868236247928,7.617158,4,19.55777406692505
sband_short,3923,MeerKAT:array_1:20250719T123812Z,Gaia_2992965556703511936,2226.577576715499,-0.17137389177996684,7.6127043,2,13.0385160446167
sband_short,4601,MeerKAT:array_1:20250719T130249Z,Gaia_2992979850354299904,2226.3946251478046,-0.0749760776537355,7.6075106,1,11.408701539039612
sband_short,20999,MeerKAT:array_1:20250724T183832Z,ex_CRTS_J142824.7-415706,2190.4285713098943,0.0,7.5915995,4,21.187588572502136
sband_short,10622,MeerKAT:array_1:20250720T183547Z,Gaia_3504686274085613952,2237.689832923934,-0.20350649648871064,7.5838895,2,26.0770320892334
sband_short,4725,MeerKAT:array_1:20250719T130249Z,Gaia_2992984076602478592,2226.3953471556306,-0.16066302354371892,7.5827837,1,4.889443516731262
sband_short,18782,MeerKAT:array_1:20250727T160434Z,Gaia_5922443310558130048,2107.224589912221,-0.05355434118123964,7.568756,1,6.51925802230835
sband_short,19224,MeerKAT:array_1:20250727T142952Z,Gaia_5922439432204226304,2172.3577356897295,0.2677717059061982,7.55426,1,4.889443516731262
sband_short,6383,MeerKAT:array_1:20250701T171131Z,ex_ASASSN-V_J133758.89-124619.2,2235.4507627896965,0.03213260470874378,7.5373287,1,13.0385160446167
sband_short,5317,MeerKAT:array_1:20250724T191130Z,Gaia_6103254016312632448,2226.419077254832,-0.33203691532368573,7.5059733,4,29.336661100387573
sband_short,4680,MeerKAT:array_1:20250719T130249Z,Gaia_2992984454559220864,2226.3949576299638,-0.0749760776537355,7.4955435,2,13.0385160446167
sband_short,12688,MeerKAT:array_1:20250719T130249Z,Gaia_2992990261354944640,2253.643925767392,0.04284347294499171,7.4819884,3,17.92795956134796
sband_short,18786,MeerKAT:array_1:20250727T160434Z,Gaia_5922801716991134336,2108.1753079779446,-0.03213260470874378,7.4690466,1,1.6298145055770874
sband_short,23906,MeerKAT:array_1:20250701T181645Z,Gaia_3607205562893028096,2203.687747940421,-0.010710868236247928,7.443522,2,13.0385160446167
sband_short,15788,MeerKAT:array_1:20250720T183547Z,Gaia_3504488052754822784,2255.8708505239338,-0.1178195505987272,7.4421887,4,16.298145055770874
sband_short,23903,MeerKAT:array_1:20250701T181645Z,Gaia_3607213770575181184,2204.247299116105,-0.021421736472495855,7.435402,4,6.51925802230835
sband_short,11180,MeerKAT:array_1:20250720T183547Z,ex_LEDA_817554,2239.699837518856,-0.2784825741424461,7.429131,1,16.298145055770874
sband_short,2659,MeerKAT:array_1:20250720T161105Z,Gaia_3504689259086875648,2212.997678667307,-0.35345865179618163,7.4216247,4,14.668330550193787
sband_short,4687,MeerKAT:array_1:20250719T130249Z,Gaia_2992976929777050496,2226.395019562915,-0.13924128707122305,7.39903,4,22.817403078079224
sband_short,4867,MeerKAT:array_1:20250724T183832Z,Gaia_6103298890130962944,2226.4702876564115,-0.17137389177996684,7.3955965,2,21.187588572502136
sband_short,35777,MeerKAT:array_1:20250719T123812Z,Gaia_2992984110961850112,2253.6438915412873,0.021421736472495855,7.38703,2,8.149072527885437
sband_short,3816,MeerKAT:array_1:20250719T123812Z,Gaia_2992975521027556864,2226.5775962732732,-0.35345865179618163,7.373578,2,9.778887033462524
sband_short,64,MeerKAT:array_1:20250719T130249Z,Gaia_2992963769997121664,2191.04226003401,0.10710868236247928,7.367709,1,8.149072527885437
sband_short,4684,MeerKAT:array_1:20250719T130249Z,Gaia_2992973248986529408,2226.3949592597783,-0.09639781412623134,7.362895,3,8.149072527885437
sband_short,4775,MeerKAT:array_1:20250724T183832Z,J1427-4206,2226.5488642733544,0.299904310614942,7.3264227,3,9.778887033462524
sband_short,18560,MeerKAT:array_1:20250727T160434Z,ex_ASASSN-V_J172732.90-552549.1,2105.6510920170695,-0.03213260470874378,7.325519,3,8.149072527885437
sband_short,4911,MeerKAT:array_1:20250724T183832Z,ex_QSO_B1424-41,2226.5488642733544,0.299904310614942,7.312891,3,9.778887033462524
sband_short,19240,MeerKAT:array_1:20250727T162815Z,Gaia_5922815533911720832,2172.357779694721,-0.04284347294499171,7.2932367,1,9.778887033462524
sband_short,18494,MeerKAT:array_1:20250727T160434Z,Gaia_5922806634739005184,2106.0843276791275,0.10710868236247928,7.275322,1,6.51925802230835
sband_short,14763,MeerKAT:array_1:20250720T150453Z,Gaia_3504488052754822784,2262.495903065428,0.20350649648871064,7.255446,3,1.6298145055770874
sband_short,10158,MeerKAT:array_1:20250720T183547Z,Gaia_3504467917948130432,2228.5111935343593,0.03213260470874378,7.2515273,4,8.149072527885437
sband_short,18489,MeerKAT:array_1:20250727T160434Z,Gaia_5922807111470127232,2105.5487983394414,0.0749760776537355,7.2483525,1,9.778887033462524
sband_short,18518,MeerKAT:array_1:20250727T160434Z,Gaia_5922439432204226304,2105.8797468431294,-0.09639781412623134,7.246234,1,4.889443516731262
sband_short,4913,MeerKAT:array_1:20250724T183832Z,ex_ASASSN-V_J142756.30-420619.5,2226.5488642733544,0.299904310614942,7.245271,3,8.149072527885437
sband_short,19226,MeerKAT:array_1:20250727T142952Z,ex_ASASSN-V_J172807.50-553100.4,2172.3581675905734,-0.08568694588998342,7.242411,1,8.149072527885437
sband_short,8308,MeerKAT:array_1:20250720T150453Z,Gaia_3504689259086875648,2235.4524268303066,-0.4284347294499171,7.237757,3,11.408701539039612
sband_short,2189,MeerKAT:array_1:20250720T153748Z,Gaia_3504467677429969920,2203.718085307628,0.36416952003242953,7.2364364,1,6.51925802230835
sband_short,421,MeerKAT:array_1:20250727T142952Z,ex_bet_Ara,1971.889772452414,0.0749760776537355,7.2358556,1,6.51925802230835
sband_short,30308,MeerKAT:array_1:20250701T181645Z,ex_LEDA_942978,2239.5468174945563,0.0,7.230344,3,21.187588572502136
sband_short,4695,MeerKAT:array_1:20250719T130249Z,Gaia_2992962773564686592,2226.3952884823084,-0.16066302354371892,7.2297587,1,19.55777406692505
sband_short,4670,MeerKAT:array_1:20250719T130249Z,Gaia_2992966896733290368,2226.3949592597783,-0.09639781412623134,7.2195387,3,11.408701539039612
sband_short,753,MeerKAT:array_1:20250727T154054Z,Gaia_5922821645640538240,1976.0048650205135,0.2356391011974544,7.2154236,4,1.6298145055770874
sband_short,10897,MeerKAT:array_1:20250720T183547Z,Gaia_3504467917948130432,2238.34983445704,-0.22492823296120648,7.2061195,3,14.668330550193787
sband_short,2145,MeerKAT:array_1:20250720T153748Z,Gaia_3504655796997660288,2203.81047623232,-0.03213260470874378,7.1604156,4,16.298145055770874
sband_short,18051,MeerKAT:array_1:20250727T160434Z,ex_ASASSN-V_J172726.52-551952.2,2088.005375582725,0.3427477835599337,7.155505,1,6.51925802230835
sband_short,1234,MeerKAT:array_1:20250701T171131Z,Gaia_3607225766418542080,2208.6989108938724,0.33203691532368573,7.150683,1,8.149072527885437
sband_short,26212,MeerKAT:array_1:20250720T180312Z,Gaia_3504688301310186496,2208.065983839333,0.0,7.142706,4,4.889443516731262
sband_short,34060,MeerKAT:array_1:20250720T180312Z,Gaia_3504687987777130880,2232.7552647329867,0.0,7.1384473,3,6.51925802230835
sband_short,20855,MeerKAT:array_1:20250724T183832Z,Gaia_6103296622388247168,2190.433444455266,0.021421736472495855,7.1383986,3,6.51925802230835
sband_short,20929,MeerKAT:array_1:20250724T183832Z,Gaia_6103293456992946944,2190.4444587416947,0.0,7.1252313,2,4.889443516731262
sband_short,24273,MeerKAT:array_1:20250720T131853Z,Gaia_3607235077908381824,2202.648961218074,0.0,7.114119,4,14.668330550193787
sband_short,20884,MeerKAT:array_1:20250724T183832Z,Gaia_6103245151500085120,2190.4418461490422,0.0,7.096258,2,17.92795956134796
sband_short,4678,MeerKAT:array_1:20250719T130249Z,Gaia_2992964560271113472,2226.3946284074336,-0.149952155307471,7.0911922,1,8.149072527885437
sband_short,21007,MeerKAT:array_1:20250724T183832Z,ex_CRTS_J142709.1-415847,2190.433447714895,-0.021421736472495855,7.0885677,2,9.778887033462524
sband_short,10093,MeerKAT:array_1:20250720T180312Z,Gaia_3504492382081862400,2239.546574652195,0.06426520941748756,7.0709763,3,14.668330550193787
sband_short,2649,MeerKAT:array_1:20250720T161105Z,Gaia_3504684556098688640,2212.9976705182344,-0.22492823296120648,7.066617,3,30.96647560596466
sband_short,4881,MeerKAT:array_1:20250724T183832Z,Gaia_6103295071900880128,2226.496110437438,-0.18208476001621476,7.0655923,2,16.298145055770874
sband_short,25677,MeerKAT:array_1:20250720T173033Z,Gaia_3504661603793456768,2203.242200659588,0.0,7.047334,4,4.889443516731262
sband_short,3231,MeerKAT:array_1:20250720T180312Z,Gaia_3504689194663378432,2203.205479308963,-0.16066302354371892,7.0422044,2,22.817403078079224
sband_short,3610,MeerKAT:array_1:20250719T123812Z,Gaia_2992985141754339328,2217.880032490939,-0.03213260470874378,7.042148,1,19.55777406692505
sband_short,35165,MeerKAT:array_1:20250719T123812Z,Gaia_2992977475233425792,2243.3775172103196,0.021421736472495855,7.0415864,2,8.149072527885437
sband_short,4706,MeerKAT:array_1:20250719T130249Z,Gaia_2992989505440725888,2226.394716417417,-0.1178195505987272,7.0396986,1,22.817403078079224
sband_short,7908,MeerKAT:array_1:20250720T131853Z,Gaia_3607206524965703424,2237.4984291382134,0.4284347294499171,7.0057225,2,1.6298145055770874
sband_short,26514,MeerKAT:array_1:20250720T180312Z,Gaia_3504661603793456768,2212.99717342481,0.0,6.9902844,3,14.668330550193787
sband_short,21789,MeerKAT:array_1:20250727T142952Z,Gaia_5922828350093961728,1971.888180123642,0.010710868236247928,6.988687,3,6.51925802230835
sband_short,29377,MeerKAT:array_1:20250701T174407Z,Gaia_3607235387146028928,2239.1008040867746,0.021421736472495855,6.95621,2,16.298145055770874
sband_short,19225,MeerKAT:array_1:20250727T142952Z,Gaia_5922819652775481344,2172.3637448158115,0.09639781412623134,6.9439826,2,8.149072527885437
sband_short,11581,MeerKAT:array_1:20250720T183547Z,J1311-2216,2241.551318205893,0.35345865179618163,6.918651,2,3.259629011154175
sband_short,4682,MeerKAT:array_1:20250719T130249Z,Gaia_2992980228311765888,2226.3949576299638,-0.0749760776537355,6.908724,2,11.408701539039612
sband_short,5415,MeerKAT:array_1:20250724T191130Z,Gaia_6103241131410679040,2226.4190756250173,-0.2356391011974544,6.9043627,2,19.55777406692505
sband_short,6807,MeerKAT:array_1:20250701T174407Z,Gaia_3607225766418542080,2237.4435532838106,0.03213260470874378,6.8997383,1,4.889443516731262
sband_short,20587,MeerKAT:array_1:20250724T183832Z,Gaia_6103240409856160768,2190.42856968008,0.021421736472495855,6.8933816,2,14.668330550193787
sband_short,24362,MeerKAT:array_1:20250720T131853Z,ex_QSO_B1334-127,2202.648961218074,0.0,6.8877616,4,6.51925802230835
sband_short,5228,MeerKAT:array_1:20250724T191130Z,Gaia_6103293255133832320,2226.4190788846463,-0.3748803882686775,6.883909,4,27.706846594810486
sband_short,20956,MeerKAT:array_1:20250724T183832Z,Gaia_6103293907968878720,2190.430846530944,0.0,6.865823,3,9.778887033462524
sband_short,19215,MeerKAT:array_1:20250727T142952Z,Gaia_5922439599706252416,2172.357743838802,0.1178195505987272,6.855841,3,9.778887033462524
sband_short,18700,MeerKAT:array_1:20250727T160434Z,ex_ASASSN-V_J172706.37-552053.3,2106.5356200560927,0.0749760776537355,6.8364577,2,1.6298145055770874
sband_short,16392,MeerKAT:array_1:20250724T183832Z,Gaia_6103293598731216128,2275.4641708452255,-0.17137389177996684,6.8345237,4,22.817403078079224
sband_short,25729,MeerKAT:array_1:20250720T173033Z,Gaia_3504689194663378432,2203.2436006702483,0.0,6.813943,3,4.889443516731262
sband_short,3221,MeerKAT:array_1:20250720T180312Z,Gaia_3504657240106675584,2203.205479308963,-0.17137389177996684,6.8000636,2,24.44721758365631
sband_short,21719,MeerKAT:array_1:20250727T142952Z,Gaia_5922809417877878016,1971.9234933145344,0.0,6.79715,3,13.0385160446167
sband_short,3857,MeerKAT:array_1:20250719T123812Z,Gaia_2992984317120276992,2226.557166548446,0.17137389177996684,6.793658,1,9.778887033462524
sband_short,18628,MeerKAT:array_1:20250727T160434Z,Gaia_5922807111470127232,2106.5356200560927,0.0749760776537355,6.7842646,2,6.51925802230835
sband_short,16729,MeerKAT:array_1:20250724T183832Z,ex_CRTS_J142824.7-415706,2279.5602581463754,-0.21421736472495856,6.7728667,2,27.706846594810486
sband_short,4640,MeerKAT:array_1:20250719T130249Z,Gaia_2992971810175862912,2226.395286852494,-0.13924128707122305,6.7722178,1,16.298145055770874
sband_short,22053,MeerKAT:array_1:20250727T142952Z,Gaia_5922819652775481344,1971.9494823366404,-0.021421736472495855,6.7721066,1,3.259629011154175
sband_short,18716,MeerKAT:array_1:20250727T160434Z,ex_ASASSN-V_J172732.90-552549.1,2106.282897759229,-0.05355434118123964,6.770327,1,3.259629011154175
sband_short,2128,MeerKAT:array_1:20250720T153748Z,ex_LEDA_817554,2203.718085307628,0.3855912565049254,6.7695975,2,4.889443516731262
sband_short,15255,MeerKAT:array_1:20250720T173033Z,Gaia_3504686274085613952,2255.8971899561584,-0.04284347294499171,6.7587748,4,13.0385160446167
sband_short,18619,MeerKAT:array_1:20250727T160434Z,Gaia_5922820309915445888,2105.870719300583,0.03213260470874378,6.7580643,3,8.149072527885437
sband_short,1064,MeerKAT:array_1:20250727T162815Z,Gaia_5922816457319813760,1979.9919405486435,0.33203691532368573,6.7440567,3,9.778887033462524
sband_short,3780,MeerKAT:array_1:20250719T123812Z,Gaia_2992972909687488896,2225.1145280897617,0.2677717059061982,6.743353,1,4.889443516731262
sband_short,21960,MeerKAT:array_1:20250727T142952Z,Gaia_5922825700089426176,1971.9075423199683,0.0,6.7283554,4,14.668330550193787
sband_short,16355,MeerKAT:array_1:20250724T183832Z,Gaia_6103297343942727296,2275.4641708452255,-0.18208476001621476,6.728329,4,8.149072527885437
sband_short,21105,MeerKAT:array_1:20250724T183832Z,Gaia_6103254394270030976,2190.8417227678,-0.021421736472495855,6.7273173,2,8.149072527885437
sband_short,4627,MeerKAT:array_1:20250719T130249Z,ex_QSO_B0607-157,2226.395283592865,-0.1178195505987272,6.724676,2,26.0770320892334
sband_short,18668,MeerKAT:array_1:20250727T160434Z,Gaia_5922439432204226304,2106.7458319012076,-0.03213260470874378,6.723793,3,4.889443516731262
sband_short,19228,MeerKAT:array_1:20250727T142952Z,Gaia_5922812544614111488,2172.357743838802,0.1178195505987272,6.721534,3,9.778887033462524
sband_short,4592,MeerKAT:array_1:20250719T130249Z,J0609-1542,2226.395283592865,-0.1178195505987272,6.721231,2,26.0770320892334
sband_short,18830,MeerKAT:array_1:20250729T152654Z,Gaia_5922811101505120640,2774.9816523864865,-0.20350649648871064,6.7174897,2,9.778887033462524
sband_short,19210,MeerKAT:array_1:20250727T142952Z,Gaia_5922812201016732928,2172.3526229616255,0.2677717059061982,6.717074,1,3.259629011154175
sband_short,21668,MeerKAT:array_1:20250727T142952Z,Gaia_5922821031469646336,1971.9524926040322,0.0,6.715391,3,6.51925802230835
sband_short,29104,MeerKAT:array_1:20250701T174407Z,Gaia_3607205562893028096,2235.4507660493255,0.0,6.711823,3,17.92795956134796
sband_short,24842,MeerKAT:array_1:20250720T131853Z,Gaia_3607225766418542080,2204.6415235381573,0.0,6.711704,2,8.149072527885437
sband_short,12198,MeerKAT:array_1:20250719T123812Z,Gaia_2992960677620669824,2247.562180040404,0.04284347294499171,6.7116075,1,14.668330550193787
sband_short,3943,MeerKAT:array_1:20250719T123812Z,Gaia_2992990673672211584,2226.577570196241,-0.09639781412623134,6.705601,2,6.51925802230835
sband_short,4637,MeerKAT:array_1:20250719T130249Z,Gaia_2992989814678365568,2226.394600700587,-0.09639781412623134,6.704677,1,6.51925802230835
sband_short,10164,MeerKAT:array_1:20250720T183547Z,Gaia_3504687407956986880,2229.549336479977,-0.05355434118123964,6.6990085,2,17.92795956134796
sband_short,6323,MeerKAT:array_1:20250701T171131Z,Gaia_3607228721356778624,2232.222421327606,-0.3855912565049254,6.691434,1,13.0385160446167
sband_short,4844,MeerKAT:array_1:20250724T183832Z,Gaia_6103297756259609472,2226.4702876564115,-0.17137389177996684,6.6900387,2,3.259629011154175
sband_short,20773,MeerKAT:array_1:20250724T183832Z,Gaia_6103254016312632448,2190.433444455266,0.021421736472495855,6.6886873,3,4.889443516731262
sband_short,18778,MeerKAT:array_1:20250727T160434Z,ex_ASASSN-V_J172732.90-552549.1,2107.2215812746435,0.05355434118123964,6.683022,1,6.51925802230835
sband_short,2244,MeerKAT:array_1:20250720T153748Z,Gaia_3504685238998003072,2203.7180869374424,0.3427477835599337,6.675769,1,1.6298145055770874
sband_short,21790,MeerKAT:array_1:20250727T142952Z,Gaia_5922828350093961728,1971.8922921456397,0.021421736472495855,6.674229,2,13.0385160446167
sband_short,34212,MeerKAT:array_1:20250720T180312Z,Gaia_3504656445537065088,2237.4435728415847,0.0,6.671998,2,9.778887033462524
sband_short,19209,MeerKAT:array_1:20250727T142952Z,Gaia_5922438603272662272,2171.763753052801,-0.03213260470874378,6.667234,1,13.0385160446167
sband_short,18577,MeerKAT:array_1:20250727T160434Z,Gaia_5922821993542361344,2106.198657536879,-0.0749760776537355,6.6653414,3,9.778887033462524
sband_short,9205,MeerKAT:array_1:20250720T173033Z,Gaia_3504467677429969920,2228.520859964192,-0.18208476001621476,6.660935,2,17.92795956134796
sband_short,10504,MeerKAT:array_1:20250720T183547Z,ex_LEDA_818535,2236.377547029406,-0.24634996943370233,6.6475997,1,6.51925802230835
sband_short,4127,MeerKAT:array_1:20250719T130249Z,Gaia_2992962773564685696,2217.1853142790496,-0.16066302354371892,6.646598,4,27.706846594810486
sband_short,18719,MeerKAT:array_1:20250727T160434Z,ex_ASASSN-V_J172732.90-552549.1,2106.7853337153792,0.0749760776537355,6.640948,1,19.55777406692505
sband_short,4610,MeerKAT:array_1:20250719T130249Z,Gaia_2992981362182802432,2226.394713157788,-0.32132604708743784,6.640612,1,1.6298145055770874
sband_short,25737,MeerKAT:array_1:20250720T173033Z,Gaia_3504685238998003072,2203.242200659588,0.0,6.634443,4,8.149072527885437
sband_short,21620,MeerKAT:array_1:20250727T142952Z,Gaia_5922812475894636928,1971.9189803581685,0.0,6.6194835,1,13.0385160446167
sband_short,35768,MeerKAT:array_1:20250719T123812Z,Gaia_2992989814678366464,2253.3817456569523,0.010710868236247928,6.619336,3,6.51925802230835
sband_short,6386,MeerKAT:array_1:20250701T171131Z,ex_2MASX_J13381185-1257006,2235.4507693089545,-0.06426520941748756,6.6165333,2,19.55777406692505
sband_short,10704,MeerKAT:array_1:20250720T183547Z,Gaia_3504660469922086656,2237.649956252426,-0.03213260470874378,6.6137123,1,6.51925802230835
sband_short,35391,MeerKAT:array_1:20250719T123812Z,Gaia_2992971844535595008,2247.3614781629294,0.0,6.6096563,2,8.149072527885437
sband_short,5345,MeerKAT:array_1:20250724T191130Z,Gaia_6103253874573853952,2226.4190788846463,-0.41772386121366917,6.606667,4,35.85591912269592
sband_short,25732,MeerKAT:array_1:20250720T173033Z,Gaia_3504661088397382400,2203.2436006702483,0.0,6.603217,3,6.51925802230835
sband_short,18825,MeerKAT:array_1:20250729T152654Z,Gaia_5922821615585205504,2774.98165727593,-0.25706083766995025,6.6025133,3,14.668330550193787
sband_short,30209,MeerKAT:array_1:20250701T181645Z,ex_LEDA_942978,2238.736415049061,-0.010710868236247928,6.599218,2,14.668330550193787
sband_short,4676,MeerKAT:array_1:20250719T130249Z,Gaia_2992986653582818048,2226.576911751181,-0.16066302354371892,6.585479,2,14.668330550193787
sband_short,1871,MeerKAT:array_1:20250720T150453Z,Gaia_3504698162555090816,2203.7199123296887,-0.17137389177996684,6.58103,1,16.298145055770874
sband_short,36748,MeerKAT:array_1:20250724T183832Z,Gaia_6102917256517605120,2243.5176633298397,0.0,6.5792837,1,4.889443516731262
sband_short,21793,MeerKAT:array_1:20250727T142952Z,Gaia_5922828350093961728,1971.9075423199683,0.0,6.5787525,4,19.55777406692505
sband_short,18550,MeerKAT:array_1:20250727T160434Z,ex_ASASSN-V_J172605.95-552617.7,2106.0843309387565,-0.08568694588998342,6.5787044,1,3.259629011154175
sband_short,65,MeerKAT:array_1:20250719T130249Z,Gaia_2992963769997121664,2191.045496845618,-0.0749760776537355,6.578163,1,6.51925802230835
sband_short,22234,MeerKAT:array_1:20250727T142952Z,Gaia_5922814017778679040,1971.9080426730216,0.0,6.5768304,4,3.259629011154175
sband_short,21731,MeerKAT:array_1:20250727T142952Z,Gaia_5922807351988308480,1971.8890814110637,-0.021421736472495855,6.5752835,1,3.259629011154175
sband_short,15398,MeerKAT:array_1:20250720T173033Z,Gaia_3504684968415551104,2255.897188326344,-0.03213260470874378,6.5700173,4,11.408701539039612
sband_short,6200,MeerKAT:array_1:20250727T162815Z,Gaia_5922818935525849984,1998.5967946704477,-0.0749760776537355,6.562338,1,9.778887033462524
sband_short,28358,MeerKAT:array_1:20250701T171131Z,Gaia_3607234081475993472,2239.2393252812326,0.021421736472495855,6.5622544,1,3.259629011154175
sband_short,11826,MeerKAT:array_1:20250720T183547Z,Gaia_3504687987777130880,2241.6998334228992,-0.22492823296120648,6.537533,3,8.149072527885437
sband_short,25674,MeerKAT:array_1:20250720T173033Z,Gaia_3504488052754822784,2203.242200659588,0.0,6.528367,4,14.668330550193787
sband_short,4594,MeerKAT:array_1:20250719T130249Z,Gaia_2992976757978228224,2226.3957953546196,-0.13924128707122305,6.5231814,3,19.55777406692505
sband_short,19211,MeerKAT:array_1:20250727T142952Z,Gaia_5922824433083731200,2172.3637415561825,0.13924128707122305,6.5206203,1,11.408701539039612
sband_short,19208,MeerKAT:array_1:20250727T142952Z,Gaia_5922824433083731200,2171.7741284519434,-0.03213260470874378,6.518816,1,14.668330550193787
sband_short,16372,MeerKAT:array_1:20250724T183832Z,Gaia_6103297756259609472,2275.4641708452255,-0.17137389177996684,6.51772,4,8.149072527885437
sband_short,25671,MeerKAT:array_1:20250720T173033Z,Gaia_3504657686783279360,2202.8422001749277,0.0,6.517498,1,17.92795956134796
sband_short,9924,MeerKAT:array_1:20250720T180312Z,Gaia_3504684556098689280,2237.581653986126,-0.17137389177996684,6.516474,1,6.51925802230835
sband_short,20579,MeerKAT:array_1:20250724T183832Z,Gaia_6103242402721003776,2190.432696370408,0.0,6.5160966,4,8.149072527885437
sband_short,22537,MeerKAT:array_1:20250727T154054Z,Gaia_5922815259033807104,1975.1498398836702,0.0,6.5142837,4,6.51925802230835
sband_short,4697,MeerKAT:array_1:20250719T130249Z,Gaia_2992991154708149504,2226.3448701705784,0.18208476001621476,6.5021105,1,8.149072527885437
sband_short,135,MeerKAT:array_1:20250724T183832Z,Gaia_6103293456992946944,2190.841726027429,-0.06426520941748756,6.4954777,1,6.51925802230835
sband_short,23837,MeerKAT:array_1:20250701T181645Z,Gaia_3610235954378201728,2203.6877463106066,0.021421736472495855,6.494407,3,14.668330550193787
sband_short,35128,MeerKAT:array_1:20250719T123812Z,Gaia_2992963254601054976,2243.515591835603,0.010710868236247928,6.489807,3,16.298145055770874
sband_short,23774,MeerKAT:array_1:20250701T181645Z,Gaia_3607215527217238528,2203.6877463106066,0.021421736472495855,6.4841466,3,9.778887033462524
sband_short,10838,MeerKAT:array_1:20250720T183547Z,Gaia_3504488735654987264,2238.149835029617,-0.24634996943370233,6.4833636,1,9.778887033462524
sband_short,29095,MeerKAT:array_1:20250701T174407Z,Gaia_3607234081475993472,2235.4507660493255,0.010710868236247928,6.482813,3,17.92795956134796
sband_short,17564,MeerKAT:array_1:20250720T161105Z,Gaia_3504685964847966336,2284.527735551819,-0.16066302354371892,6.4818554,1,9.778887033462524
sband_short,15311,MeerKAT:array_1:20250720T173033Z,Gaia_3504684349940269440,2255.897188326344,-0.03213260470874378,6.480453,4,13.0385160446167
sband_short,4733,MeerKAT:array_1:20250724T183832Z,Gaia_6103254428629501696,2215.391977224499,0.16066302354371892,6.4798636,1,9.778887033462524
sband_short,24241,MeerKAT:array_1:20250720T131853Z,ex_2MASX_J13382813-1257355,2202.6313494425267,-0.021421736472495855,6.475746,1,9.778887033462524
sband_short,10083,MeerKAT:array_1:20250720T180312Z,Gaia_3504685964847966336,2238.5284767951816,-0.06426520941748756,6.474626,1,14.668330550193787
sband_short,10149,MeerKAT:array_1:20250720T183547Z,ex_LEDA_818682,2228.5111935343593,0.03213260470874378,6.473802,4,13.0385160446167
sband_short,2647,MeerKAT:array_1:20250720T161105Z,Gaia_3504687407956986880,2212.997672148049,-0.2677717059061982,6.467121,2,21.187588572502136
sband_short,4645,MeerKAT:array_1:20250719T130249Z,Gaia_2992966587495662464,2226.3945501763374,-0.09639781412623134,6.459951,1,4.889443516731262
sband_short,13462,MeerKAT:array_1:20250727T151713Z,Gaia_5922811204584344576,2029.960276791826,-0.149952155307471,6.4558897,1,6.51925802230835
sband_short,8689,MeerKAT:array_1:20250720T153748Z,Gaia_3504657240106675584,2228.5124289337546,-0.41772386121366917,6.455272,2,8.149072527885437
sband_short,132,MeerKAT:array_1:20250724T183832Z,Gaia_6103294320285741696,2190.8417146187276,0.08568694588998342,6.450847,1,6.51925802230835
sband_short,10091,MeerKAT:array_1:20250720T180312Z,Gaia_3504467093314407424,2239.5465730223805,0.13924128707122305,6.4500117,1,13.0385160446167
sband_short,21920,MeerKAT:array_1:20250727T142952Z,Gaia_5922827972136827008,1971.9651301857084,0.0,6.4396024,3,14.668330550193787
sband_short,1835,MeerKAT:array_1:20250720T150453Z,Gaia_3504682631953342336,2203.719907440245,-0.1178195505987272,6.4267163,2,11.408701539039612
sband_short,4679,MeerKAT:array_1:20250719T130249Z,Gaia_2992984454559220864,2226.3453085906804,-0.10710868236247928,6.426243,3,9.778887033462524
sband_short,18552,MeerKAT:array_1:20250727T160434Z,ex_ASASSN-V_J172635.02-552000.5,2105.551420710981,-0.03213260470874378,6.4254045,1,14.668330550193787
sband_short,18582,MeerKAT:array_1:20250727T160434Z,Gaia_5922438603272662272,2105.5484120734036,-0.03213260470874378,6.418959,2,4.889443516731262
sband_short,28065,MeerKAT:array_1:20250701T171131Z,Gaia_3607233119403211008,2232.7121023554355,0.010710868236247928,6.4187593,4,8.149072527885437
sband_short,24787,MeerKAT:array_1:20250720T131853Z,ex_2MASX_J13381185-1257006,2204.641973366961,0.0,6.415415,1,13.0385160446167
sband_short,38009,MeerKAT:array_1:20250724T191130Z,Gaia_6103294354645483648,2250.5181974265724,0.021421736472495855,6.413311,1,8.149072527885437
sband_short,25694,MeerKAT:array_1:20250720T173033Z,Gaia_3504493309794800384,2203.247036319226,0.021421736472495855,6.4123263,2,4.889443516731262
sband_short,66,MeerKAT:array_1:20250719T130249Z,Gaia_2992989814678365568,2191.045496845618,0.0749760776537355,6.405235,1,9.778887033462524
sband_short,24998,MeerKAT:array_1:20250720T150453Z,Gaia_3504492382081862400,2204.5287534128875,-0.021421736472495855,6.402193,1,6.51925802230835
sband_short,7369,MeerKAT:array_1:20250701T181645Z,Gaia_3607225766418542080,2238.907571649179,-0.3855912565049254,6.399772,1,6.51925802230835
sband_short,16364,MeerKAT:array_1:20250724T183832Z,Gaia_6103242711958658048,2275.46417247504,-0.20350649648871064,6.3933854,2,13.0385160446167
sband_short,4602,MeerKAT:array_1:20250719T130249Z,Gaia_2992965762861927168,2226.3449223246425,-0.05355434118123964,6.3922205,2,17.92795956134796
sband_short,24501,MeerKAT:array_1:20250720T131853Z,Gaia_3610235782579441536,2203.23134935461,0.0,6.390561,2,14.668330550193787
sband_short,19230,MeerKAT:array_1:20250727T142952Z,Gaia_5922825704394026112,2172.3637545946985,-0.08568694588998342,6.38844,1,4.889443516731262
sband_short,32199,MeerKAT:array_1:20250720T153748Z,Gaia_3504466577918331776,2239.2057282850146,0.021421736472495855,6.387838,1,8.149072527885437
sband_short,4741,MeerKAT:array_1:20250724T183832Z,Gaia_6102918390389010304,2219.8877814225852,-0.4070129929774213,6.3770685,3,1.6298145055770874
sband_short,23743,MeerKAT:array_1:20250701T181645Z,ex_LEDA_943911,2203.5489252302796,0.0,6.376131,3,16.298145055770874
sband_short,14506,MeerKAT:array_1:20250716T173512Z,Gaia_3966671751219911424,2487.1761705726385,-0.12853041883497512,6.37239,1,3.259629011154175
sband_short,22327,MeerKAT:array_1:20250727T142952Z,Gaia_5922821645640544768,1975.7851317990571,0.0,6.3712916,1,4.889443516731262
sband_short,20917,MeerKAT:array_1:20250724T183832Z,Gaia_6103252848081506304,2190.42856968008,0.021421736472495855,6.3676896,2,11.408701539039612
sband_short,18626,MeerKAT:array_1:20250727T160434Z,Gaia_5922837214907621760,2106.3095810823143,0.03213260470874378,6.3635716,1,8.149072527885437
sband_short,14418,MeerKAT:array_1:20250701T181645Z,Gaia_3610236641572903552,2255.864678416401,-0.06426520941748756,6.359612,4,13.0385160446167
sband_short,23805,MeerKAT:array_1:20250701T181645Z,Gaia_3607205322374858624,2204.2454248294234,-0.021421736472495855,6.3593984,2,8.149072527885437
sband_short,18589,MeerKAT:array_1:20250727T160434Z,Gaia_5922822023597622016,2105.756008066237,-0.06426520941748756,6.3568325,1,14.668330550193787
sband_short,22755,MeerKAT:array_1:20250727T162815Z,Gaia_5922803989039198080,1972.6682207547128,-0.021421736472495855,6.354565,2,13.0385160446167
sband_short,4630,MeerKAT:array_1:20250719T130249Z,ex_ASASSN-V_J060925.19-153332.5,2226.5393445268273,-0.35345865179618163,6.350847,1,9.778887033462524
sband_short,19212,MeerKAT:array_1:20250727T142952Z,Gaia_5922821306347548160,2172.363743185997,0.1178195505987272,6.347503,1,4.889443516731262
sband_short,16959,MeerKAT:array_1:20250724T191130Z,ex_CRTS_J142850.4-420304,2279.5430733822286,-0.0749760776537355,6.347125,1,9.778887033462524
sband_short,25709,MeerKAT:array_1:20250720T173033Z,Gaia_3504488533791162880,2203.247036319226,0.021421736472495855,6.345674,2,4.889443516731262
sband_short,131,MeerKAT:array_1:20250724T183832Z,Gaia_6103244189427396480,2190.841729287058,-0.10710868236247928,6.345419,1,14.668330550193787
sband_short,871,MeerKAT:array_1:20250727T154054Z,Gaia_5922819554001136384,1979.991665109992,0.05355434118123964,6.334843,4,13.0385160446167
sband_short,19221,MeerKAT:array_1:20250727T142952Z,Gaia_5922809211719443072,2172.3526392597705,-0.03213260470874378,6.3319387,1,9.778887033462524
sband_short,19217,MeerKAT:array_1:20250727T142952Z,Gaia_5922806634739005184,2172.363759484142,-0.18208476001621476,6.3302298,1,8.149072527885437
sband_short,18885,MeerKAT:array_1:20250720T173033Z,Gaia_3504682631953342336,2374.995159683749,0.35345865179618163,6.3224435,3,6.51925802230835
sband_short,4724,MeerKAT:array_1:20250719T130249Z,Gaia_2992984076602478592,2226.3449223246425,-0.06426520941748756,6.3183637,2,14.668330550193787
sband_short,21475,MeerKAT:array_1:20250724T191130Z,Gaia_6103297343942727296,2190.840707393363,0.0,6.318094,1,9.778887033462524
sband_short,10864,MeerKAT:array_1:20250720T183547Z,Gaia_3504683009910467968,2238.2198355626315,-0.24634996943370233,6.3180304,1,21.187588572502136
sband_short,19238,MeerKAT:array_1:20250727T154054Z,Gaia_5922828350093961728,2172.1577753778547,-0.03213260470874378,6.3120813,1,4.889443516731262
sband_short,32333,MeerKAT:array_1:20250720T153748Z,Gaia_3504488087114561536,2239.349727286026,0.021421736472495855,6.310456,2,11.408701539039612
sband_short,25675,MeerKAT:array_1:20250720T173033Z,Gaia_3504661603793456768,2202.8422132134438,0.0,6.3081837,1,6.51925802230835
sband_short,13033,MeerKAT:array_1:20250724T191130Z,Gaia_6103294320285741696,2252.522165188566,-0.2356391011974544,6.301251,2,4.889443516731262
sband_short,1976,MeerKAT:array_1:20250720T150453Z,Gaia_3504467093314407424,2213.815689086914,-0.33203691532368573,6.2946644,1,3.259629011154175
sband_short,20898,MeerKAT:array_1:20250724T183832Z,Gaia_6102917015999426688,2190.4444587416947,0.0,6.29224,2,4.889443516731262
sband_short,8311,MeerKAT:array_1:20250720T150453Z,Gaia_3504494924702506752,2235.452421940863,-0.2784825741424461,6.290056,2,39.1155481338501
sband_short,5384,MeerKAT:array_1:20250724T191130Z,Gaia_6103295071900880128,2226.4990750700235,-0.3748803882686775,6.289071,1,8.149072527885437
sband_short,18050,MeerKAT:array_1:20250727T160434Z,ex_bet_Ara,2088.005372323096,0.4070129929774213,6.280411,4,1.6298145055770874
sband_short,25725,MeerKAT:array_1:20250720T173033Z,Gaia_3504468261545520128,2203.2444758806378,0.0,6.278208,1,4.889443516731262
sband_short,869,MeerKAT:array_1:20250727T154054Z,Gaia_5922815259033807104,1979.991665109992,0.05355434118123964,6.2698183,4,14.668330550193787
sband_short,19213,MeerKAT:array_1:20250727T142952Z,Gaia_5922821031469646336,2172.3637448158115,0.09639781412623134,6.263938,2,4.889443516731262
sband_short,17300,MeerKAT:array_1:20250701T171131Z,ex_2MASX_J13372927-1250134,2284.017688361928,0.32132604708743784,6.262381,4,6.51925802230835
sband_short,551,MeerKAT:array_1:20250727T145333Z,Gaia_5922819996372994048,1975.0248852651566,0.03213260470874378,6.259783,1,6.51925802230835
sband_short,7715,MeerKAT:array_1:20250701T181645Z,Gaia_3610236641572903552,2239.5468109752983,0.12853041883497512,6.259777,1,17.92795956134796
sband_short,37761,MeerKAT:array_1:20250724T191130Z,Gaia_6103243635371828992,2244.5482097100466,0.010710868236247928,6.2587457,2,8.149072527885437
sband_short,9577,MeerKAT:array_1:20250720T173033Z,ex_LEDA_818535,2239.568205550313,-0.03213260470874378,6.258325,2,14.668330550193787
sband_short,5767,MeerKAT:array_1:20250727T145333Z,Gaia_5922816354240599168,1999.9932816717774,0.12853041883497512,6.2560234,2,11.408701539039612
sband_short,22334,MeerKAT:array_1:20250727T142952Z,Gaia_5922814017778679040,1975.8266708813608,-0.021421736472495855,6.2560024,1,3.259629011154175
sband_short,21700,MeerKAT:array_1:20250727T142952Z,Gaia_5922814709277982720,1971.9390433747321,0.0,6.253195,1,6.51925802230835
sband_short,22245,MeerKAT:array_1:20250727T142952Z,Gaia_5922814017778679040,1971.9651301857084,0.0,6.251354,3,11.408701539039612
sband_short,7203,MeerKAT:array_1:20250701T181645Z,Gaia_3607234081475993472,2238.62369870767,-0.36416952003242953,6.2486124,2,1.6298145055770874
sband_short,38460,MeerKAT:array_1:20250724T191130Z,Gaia_6103243635371828992,2253.519585588947,0.0,6.2474055,3,16.298145055770874
sband_short,28798,MeerKAT:array_1:20250701T174407Z,Gaia_3607229129378230784,2231.7522345110774,0.0,6.2445354,1,8.149072527885437
sband_short,10845,MeerKAT:array_1:20250720T183547Z,Gaia_3504686274085613952,2237.9021227825433,-0.24634996943370233,6.2425833,3,6.51925802230835
sband_short,18726,MeerKAT:array_1:20250727T160434Z,Gaia_5922836390273866752,2106.950807152316,-0.06426520941748756,6.2412367,1,9.778887033462524
sband_short,19236,MeerKAT:array_1:20250727T151713Z,Gaia_5922836042369906816,2171.9577678013593,-0.06426520941748756,6.2379804,1,6.51925802230835
sband_short,18813,MeerKAT:array_1:20250729T152654Z,Gaia_5922812338455959808,2774.98165727593,-0.24634996943370233,6.235702,3,13.0385160446167
sband_short,38396,MeerKAT:array_1:20250724T191130Z,Gaia_6103295454157117312,2253.6436601076275,0.0,6.2337227,3,17.92795956134796
sband_short,28142,MeerKAT:array_1:20250701T171131Z,ex_LEDA_944191,2232.7121023554355,0.021421736472495855,6.233039,4,6.51925802230835
sband_short,22311,MeerKAT:array_1:20250727T142952Z,Gaia_5922821031469646336,1975.8074081037194,-0.021421736472495855,6.2290397,2,3.259629011154175
sband_short,18762,MeerKAT:array_1:20250727T160434Z,Gaia_5922836046676436480,2106.6138446331024,-0.0749760776537355,6.2282467,2,6.51925802230835
sband_short,21211,MeerKAT:array_1:20250724T183832Z,ex_ASASSN-V_J142756.30-420619.5,2191.0507106222212,-0.021421736472495855,6.2273655,3,6.51925802230835
sband_short,25669,MeerKAT:array_1:20250720T173033Z,ex_LEDA_816754,2203.233748441562,0.021421736472495855,6.2271204,1,4.889443516731262
sband_short,872,MeerKAT:array_1:20250727T154054Z,Gaia_5922812201016732928,1979.991665109992,0.05355434118123964,6.222352,4,8.149072527885437
sband_short,10953,MeerKAT:array_1:20250720T183547Z,ex_LEDA_816754,2239.049836527556,-0.2784825741424461,6.219693,3,16.298145055770874
sband_short,3934,MeerKAT:array_1:20250719T123812Z,Gaia_2992989814678366464,2226.5776060521603,-0.4284347294499171,6.219548,4,8.149072527885437
sband_short,4122,MeerKAT:array_1:20250719T130249Z,Gaia_2992976929777050496,2217.1853142790496,-0.16066302354371892,6.210536,4,14.668330550193787
sband_short,404,MeerKAT:array_1:20250724T191130Z,Gaia_6103296106992160000,2200.7029806263745,-0.09639781412623134,6.2088647,1,14.668330550193787
sband_short,21477,MeerKAT:array_1:20250724T191130Z,Gaia_6103253226038647552,2190.8383946865797,0.0,6.208845,1,6.51925802230835
sband_short,24070,MeerKAT:array_1:20250701T181645Z,ex_LEDA_944191,2204.247299116105,-0.021421736472495855,6.2082148,4,3.259629011154175
sband_short,18671,MeerKAT:array_1:20250727T160434Z,Gaia_5922819652775481344,2106.7458319012076,-0.03213260470874378,6.2045593,3,4.889443516731262
sband_short,38455,MeerKAT:array_1:20250724T191130Z,Gaia_6102918390389010304,2253.519585588947,0.0,6.197996,3,9.778887033462524
sband_short,18841,MeerKAT:array_1:20250727T145333Z,Gaia_5922443310558130048,2144.0128493122756,0.2784825741424461,6.194216,4,30.96647560596466
sband_short,4596,MeerKAT:array_1:20250719T130249Z,Gaia_2992981293463322240,2226.344923954457,-0.08568694588998342,6.193183,1,13.0385160446167
sband_short,1863,MeerKAT:array_1:20250720T150453Z,Gaia_3504689259086875648,2203.719913959503,-0.1927956282524627,6.1915646,2,14.668330550193787
sband_short,14447,MeerKAT:array_1:20250701T181645Z,ex_LEDA_942401,2255.864678416401,-0.06426520941748756,6.1875367,4,9.778887033462524
sband_short,35772,MeerKAT:array_1:20250719T123812Z,Gaia_2992971844535595008,2253.3817456569523,0.010710868236247928,6.1837144,3,8.149072527885437
sband_short,4338,MeerKAT:array_1:20250719T130249Z,Gaia_2992990669374268800,2217.909890692681,-0.149952155307471,6.1798296,4,8.149072527885437
sband_short,10088,MeerKAT:array_1:20250720T180312Z,ex_LEDA_816754,2239.5681207999587,-0.04284347294499171,6.1742706,1,9.778887033462524
sband_short,18581,MeerKAT:array_1:20250727T160434Z,Gaia_5922825704394026112,2105.6330401916057,0.03213260470874378,6.160102,3,9.778887033462524
sband_short,17906,MeerKAT:array_1:20250727T151713Z,Gaia_5922837421066079360,2080.0049894023687,0.08568694588998342,6.1594577,1,16.298145055770874
sband_short,24823,MeerKAT:array_1:20250720T131853Z,Gaia_3607205322374858624,2204.8836862668395,0.0,6.1576695,2,3.259629011154175
sband_short,10917,MeerKAT:array_1:20250720T183547Z,Gaia_3504689194663378432,2238.3498328272253,-0.20350649648871064,6.1571336,2,11.408701539039612
sband_short,26557,MeerKAT:array_1:20250720T180312Z,Gaia_3504656445537065088,2212.9971750546247,0.010710868236247928,6.156475,3,8.149072527885437
sband_short,18588,MeerKAT:array_1:20250727T160434Z,Gaia_5922822023597622016,2105.4705753922462,-0.0749760776537355,6.1550736,1,14.668330550193787
sband_short,37801,MeerKAT:array_1:20250724T191130Z,Gaia_6103246354090939264,2245.43176474981,-0.021421736472495855,6.1523924,1,6.51925802230835
sband_short,14238,MeerKAT:array_1:20250701T174407Z,Gaia_3607205562893028096,2256.126933498308,-0.03213260470874378,6.149502,2,8.149072527885437
sband_short,12707,MeerKAT:array_1:20250719T130249Z,Gaia_2992986653582818048,2253.643925767392,0.04284347294499171,6.148483,3,9.778887033462524
sband_short,7213,MeerKAT:array_1:20250701T181645Z,ex_LEDA_944191,2238.617521710694,-0.35345865179618163,6.148413,3,1.6298145055770874
sband_short,20692,MeerKAT:array_1:20250724T183832Z,Gaia_6103246177992468480,2190.4285713098943,0.0,6.147188,4,19.55777406692505
sband_short,35407,MeerKAT:array_1:20250719T123812Z,Gaia_2992968679140403456,2250.4660775884986,-0.010710868236247928,6.1470346,1,13.0385160446167
sband_short,18785,MeerKAT:array_1:20250727T160434Z,Gaia_5922820309915445888,2107.396080624312,0.03213260470874378,6.1464276,2,8.149072527885437
sband_short,36132,MeerKAT:array_1:20250719T130249Z,Gaia_2992966587495662464,2243.515611393377,0.021421736472495855,6.1443386,2,6.51925802230835
sband_short,21026,MeerKAT:array_1:20250724T183832Z,J1427-4206,2191.0507106222212,-0.021421736472495855,6.1418962,3,6.51925802230835
sband_short,420,MeerKAT:array_1:20250727T142952Z,ex_bet_Ara,1971.8667888082564,0.149952155307471,6.137769,1,6.51925802230835
sband_short,13031,MeerKAT:array_1:20250724T191130Z,Gaia_6103296381870072192,2250.0293802004308,0.2677717059061982,6.136817,1,4.889443516731262
sband_short,4738,MeerKAT:array_1:20250724T183832Z,ex_CRTS_J142848.8-420308,2215.3919918928295,0.03213260470874378,6.1366158,1,6.51925802230835
sband_short,18844,MeerKAT:array_1:20250727T145333Z,Gaia_5922810070712914432,2144.01285094209,0.25706083766995025,6.1312995,3,6.51925802230835
sband_short,21207,MeerKAT:array_1:20250724T183832Z,ex_QSO_B1424-41,2191.0507106222212,-0.021421736472495855,6.1309733,3,6.51925802230835
sband_short,10925,MeerKAT:array_1:20250720T183547Z,Gaia_3504684968415551104,2238.34983445704,-0.22492823296120648,6.1304417,3,29.336661100387573
sband_short,3607,MeerKAT:array_1:20250719T123812Z,Gaia_2992964216673734016,2218.120032455772,-0.03213260470874378,6.1291895,2,9.778887033462524
sband_short,13032,MeerKAT:array_1:20250724T191130Z,ex_ASASSN-V_J142827.39-420007.0,2250.027111498639,-0.2356391011974544,6.1249785,1,13.0385160446167
sband_short,18506,MeerKAT:array_1:20250727T160434Z,Gaia_5922819863238800384,2105.6330401916057,0.06426520941748756,6.1245985,2,6.51925802230835
sband_short,1878,MeerKAT:array_1:20250720T150453Z,Gaia_3504684349940269440,2203.7199090700597,-0.12853041883497512,6.1229663,2,11.408701539039612
sband_short,7912,MeerKAT:array_1:20250720T131853Z,Gaia_3607225109289114368,2238.6200185865164,-0.33203691532368573,6.1199355,2,14.668330550193787
sband_short,22182,MeerKAT:array_1:20250727T142952Z,ex_ASASSN-V_J172617.17-552626.8,1971.8950057867914,0.0,6.119621,4,14.668330550193787
sband_short,8053,MeerKAT:array_1:20250720T131853Z,Gaia_3607213770575181184,2239.2093644011766,-0.35345865179618163,6.118897,2,3.259629011154175
sband_short,10562,MeerKAT:array_1:20250720T183547Z,Gaia_3504657686783279360,2237.7798329107463,-0.20350649648871064,6.117163,2,30.96647560596466
sband_short,18543,MeerKAT:array_1:20250727T160434Z,ex_Gaia_DR3_5922804779313209472,2105.8767365757376,-0.03213260470874378,6.116685,1,9.778887033462524
sband_short,38451,MeerKAT:array_1:20250724T191130Z,Gaia_6103301123513950976,2253.505585482344,0.0,6.1139283,1,16.298145055770874
sband_short,18514,MeerKAT:array_1:20250727T160434Z,Gaia_5922439432204226304,2105.4705753922462,-0.03213260470874378,6.1108637,1,8.149072527885437
sband_short,18034,MeerKAT:array_1:20250727T160434Z,Gaia_5922822371499488896,2080.005351221189,0.4070129929774213,6.1104145,1,3.259629011154175
sband_short,11563,MeerKAT:array_1:20250720T183547Z,Gaia_3504685964847966336,2240.66454754211,0.2677717059061982,6.108372,1,4.889443516731262
sband_short,5047,MeerKAT:array_1:20250724T191130Z,Gaia_6103295896533875200,2224.105651723221,-0.33203691532368573,6.1074753,1,11.408701539039612
sband_short,19220,MeerKAT:array_1:20250727T142952Z,Gaia_5922827972136827008,2172.3637513350695,-0.03213260470874378,6.1067367,3,4.889443516731262
sband_short,11809,MeerKAT:array_1:20250720T183547Z,Gaia_3504685964847966336,2241.6998334228992,-0.22492823296120648,6.1054893,3,34.226104617118835
sband_short,10841,MeerKAT:array_1:20250720T183547Z,Gaia_3504657996020926848,2237.9021227825433,-0.24634996943370233,6.1032853,3,1.6298145055770874
sband_short,20137,MeerKAT:array_1:20250719T130249Z,Gaia_2992973837400399744,2191.4301216602325,0.0,6.1015205,2,4.889443516731262
sband_short,10511,MeerKAT:array_1:20250720T183547Z,Gaia_3504684556098689280,2236.4021230023354,-0.24634996943370233,6.097946,2,6.51925802230835
sband_short,18801,MeerKAT:array_1:20250729T152654Z,Gaia_5922814709277982720,2774.98165727593,-0.24634996943370233,6.095227,3,9.778887033462524
sband_short,19237,MeerKAT:array_1:20250727T151713Z,Gaia_5922823982102685184,2172.3577715456486,-0.08568694588998342,6.0947404,1,3.259629011154175
sband_short,17316,MeerKAT:array_1:20250701T171131Z,ex_LEDA_945818,2283.9856885839254,0.299904310614942,6.0945444,2,4.889443516731262
sband_short,10365,MeerKAT:array_1:20250720T183547Z,ex_LEDA_817554,2235.689835390076,-0.24634996943370233,6.091817,1,9.778887033462524
sband_short,34914,MeerKAT:array_1:20250720T183547Z,Gaia_3504468261545519872,2239.5466561429203,0.010710868236247928,6.089924,1,16.298145055770874
sband_short,24434,MeerKAT:array_1:20250720T131853Z,ex_2MASX_J13380508-1249596,2203.23134935461,0.0,6.0822144,2,8.149072527885437
sband_short,18033,MeerKAT:array_1:20250727T160434Z,Gaia_5922444276939952640,2080.0111810676754,0.3106151788511899,6.0821767,2,9.778887033462524
sband_short,18831,MeerKAT:array_1:20250712T112422Z,Gaia_4617531163976354816,2788.497774163261,0.4284347294499171,6.081094,1,17.92795956134796
sband_short,34090,MeerKAT:array_1:20250720T180312Z,ex_LEDA_818682,2237.4435728415847,0.010710868236247928,6.079423,2,4.889443516731262
sband_short,19229,MeerKAT:array_1:20250727T142952Z,Gaia_5922821993542361344,2172.357743838802,0.1178195505987272,6.0759177,3,6.51925802230835
sband_short,18496,MeerKAT:array_1:20250727T160434Z,Gaia_5922802335467346688,2105.633038561791,0.09639781412623134,6.0740952,1,11.408701539039612
sband_short,18515,MeerKAT:array_1:20250727T160434Z,Gaia_5922439432204226304,2105.4826099425554,0.06426520941748756,6.06969,1,6.51925802230835
sband_short,4089,MeerKAT:array_1:20250719T130249Z,Gaia_2992964560271113472,2216.1498866043985,-0.13924128707122305,6.067857,1,6.51925802230835
sband_short,870,MeerKAT:array_1:20250727T154054Z,Gaia_5922825326436901120,1979.991665109992,0.05355434118123964,6.066811,4,17.92795956134796
sband_short,21476,MeerKAT:array_1:20250724T191130Z,Gaia_6103297374003370496,2190.840707393363,-0.021421736472495855,6.062915,1,6.51925802230835
sband_short,18558,MeerKAT:array_1:20250727T160434Z,ex_ASASSN-V_J172732.90-552549.1,2105.4164215456694,-0.08568694588998342,6.0621386,1,4.889443516731262
sband_short,34548,MeerKAT:array_1:20250720T183547Z,Gaia_3504689194663378432,2232.8176687005907,0.0,6.0606203,1,6.51925802230835
sband_short,134,MeerKAT:array_1:20250724T183832Z,Gaia_6103243635371828992,2190.841709729284,0.149952155307471,6.0597606,1,4.889443516731262
sband_short,4739,MeerKAT:array_1:20250724T183832Z,Gaia_6103293255133832320,2219.912357395515,-0.4070129929774213,6.0543995,1,4.889443516731262
sband_short,34219,MeerKAT:array_1:20250720T180312Z,Gaia_3504656445537065088,2238.5284735355526,-0.010710868236247928,6.054225,2,9.778887033462524
sband_short,4712,MeerKAT:array_1:20250719T130249Z,Gaia_2992977204654820480,2226.576911751181,-0.16066302354371892,6.051165,2,14.668330550193787
sband_short,10779,MeerKAT:array_1:20250720T183547Z,Gaia_3504684968415551104,2237.7798329107463,-0.20350649648871064,6.04724,2,14.668330550193787
sband_short,18650,MeerKAT:array_1:20250727T160434Z,Gaia_5922438534554292480,2106.282897759229,-0.03213260470874378,6.046564,1,9.778887033462524
sband_short,11292,MeerKAT:array_1:20250720T183547Z,Gaia_3504660573001303040,2239.6521230693907,-0.24634996943370233,6.0429735,1,9.778887033462524
sband_short,15792,MeerKAT:array_1:20250720T183547Z,Gaia_3504661603793456768,2255.8708505239338,-0.1178195505987272,6.0372033,4,11.408701539039612
sband_short,4681,MeerKAT:array_1:20250719T130249Z,Gaia_2992980228311765888,2226.3453085906804,-0.10710868236247928,6.036964,3,4.889443516731262
sband_short,17291,MeerKAT:array_1:20250701T171131Z,Gaia_3607233119403211008,2284.017688361928,0.3106151788511899,6.03652,4,1.6298145055770874
sband_short,11310,MeerKAT:array_1:20250720T183547Z,Gaia_3504467677429969920,2239.5466479938477,0.18208476001621476,6.0329995,1,16.298145055770874
sband_short,2211,MeerKAT:array_1:20250720T153748Z,Gaia_3504467917948130432,2203.81047623232,-0.03213260470874378,6.030528,4,13.0385160446167
sband_short,22127,MeerKAT:array_1:20250727T142952Z,ex_ASASSN-V_J172706.37-552053.3,1971.9080426730216,0.0,6.027717,4,4.889443516731262
sband_short,21127,MeerKAT:array_1:20250724T183832Z,Gaia_6102917256517605120,2190.83819584921,0.0,6.025627,1,9.778887033462524
sband_short,10661,MeerKAT:array_1:20250720T183547Z,Gaia_3504698162555090816,2237.429835135117,-0.24634996943370233,6.02536,2,4.889443516731262
sband_short,12895,MeerKAT:array_1:20250724T183832Z,Gaia_6103245323298780928,2253.3815174829215,-0.04284347294499171,6.0229316,1,8.149072527885437
sband_short,35091,MeerKAT:array_1:20250719T123812Z,Gaia_2992960437102496256,2243.515591835603,0.0,6.0221405,3,3.259629011154175
sband_short,10150,MeerKAT:array_1:20250720T183547Z,ex_LEDA_816754,2228.5111935343593,0.03213260470874378,6.022021,4,11.408701539039612
sband_short,14389,MeerKAT:array_1:20250701T181645Z,Gaia_3607234940469426816,2255.8646800462157,-0.08568694588998342,6.019959,2,9.778887033462524
sband_short,35401,MeerKAT:array_1:20250719T123812Z,Gaia_2992991425286664704,2248.50169965066,0.0,6.0198946,2,9.778887033462524
sband_short,6116,MeerKAT:array_1:20250727T160434Z,Gaia_5922819691440101248,1999.9936532694846,0.04284347294499171,6.013776,1,6.51925802230835
sband_short,133,MeerKAT:array_1:20250724T183832Z,Gaia_6103243635371828992,2190.836316673085,0.06426520941748756,6.0105324,1,6.51925802230835
sband_short,18915,MeerKAT:array_1:20250720T173033Z,Gaia_3504656445537065088,2374.995159683749,0.35345865179618163,6.0094757,3,1.6298145055770874
sband_short,26521,MeerKAT:array_1:20250720T180312Z,Gaia_3504657583704061952,2212.99717342481,0.021421736472495855,6.0044513,2,21.187588572502136
sband_short,22336,MeerKAT:array_1:20250727T142952Z,Gaia_5922836390273866752,1975.8074081037194,-0.021421736472495855,6.001911,2,6.51925802230835
