cluster,n,frac_rfi_label,frac_confined,median_freq_mhz,freq_span_mhz,median_snr,median_abs_drift,median_bandwidth_hz,median_n_beams,n_obs
2001,81,0.7901234567901234,0.012345679012345678,2215.3967183548957,281.76641929894686,16.254414,0.0,8.149072527885437,49.0,16
207,79,0.9113924050632911,0.0,2255.9958605561405,45.00485840253532,58.178745,0.06426520941748756,14.668330550193787,49.0,12
387,52,0.28846153846153844,0.038461538461538464,2238.9646583469585,2.8476559091359377,6.64878,0.3427477835599337,5.704350769519806,21.0,3
562,51,0.27450980392156865,0.09803921568627451,2238.974866690114,2.638439880684018,6.5684476,0.35345865179618163,4.889443516731262,17.0,3
450,51,0.35294117647058826,0.0392156862745098,2238.990291254595,136.37763960286975,6.5510626,0.3427477835599337,6.51925802230835,24.0,4
267,51,0.9803921568627451,0.0,2257.496864302084,35.759634571149945,100.4887,0.05355434118123964,14.668330550193787,53.0,8
366,46,0.9782608695652174,0.0,2238.9758502831683,32.6423030346632,16.1386125,0.010710868236247928,9.778887033462524,50.5,12
133,46,0.2826086956521739,0.06521739130434782,2238.9785468112677,3.032517619431019,6.58226085,0.35345865179618163,6.51925802230835,21.0,3
854,45,0.9555555555555556,0.0,2238.7310252524912,20.741250831633806,62.02525,0.0,8.149072527885437,55.0,11
203,43,0.9302325581395349,0.0,2237.4514953698963,75.99489786662161,13.94808,0.08568694588998342,14.668330550193787,54.0,11
294,42,0.3333333333333333,0.0,2238.9939705608413,136.30666281096637,6.5348122,0.3427477835599337,8.149072527885437,20.0,4
1722,42,0.9285714285714286,0.0,2255.9956323821098,42.02319425530732,55.91724,0.05355434118123964,14.668330550193787,49.0,11
620,41,0.8780487804878049,0.0,2257.496745325625,35.759634571149945,63.333553,0.0749760776537355,14.668330550193787,49.0,10
1317,41,0.8048780487804879,0.0,2000.007770722732,225.86863697506487,10.184914,0.25706083766995025,13.0385160446167,63.0,7
728,40,1.0,0.0,2239.28253329359,21.012407960370183,43.680748,0.021421736472495855,9.778887033462524,55.0,10
1050,38,0.9210526315789473,0.0,2237.5735961832106,43.41373569332063,60.47114,0.021421736472495855,9.778887033462524,55.0,12
2214,38,0.8947368421052632,0.0,2231.7677340470254,47.900057630613446,13.935572,0.0,8.149072527885437,49.0,8
907,38,0.7894736842105263,0.0,2203.687744680792,47.08948894403875,11.444112,0.0,6.51925802230835,47.0,11
128,38,0.5,0.0,2231.7519835196435,42.40333382040262,7.062601,0.0,6.51925802230835,29.5,10
339,38,0.631578947368421,0.0,2250.453206943348,14.29393282160163,6.91038895,0.0,6.51925802230835,39.0,7
505,37,0.1891891891891892,0.08108108108108109,2238.990291254595,36.31774173118174,6.41367,0.35345865179618163,6.51925802230835,20.0,3
20,37,0.24324324324324326,0.05405405405405406,2238.9785468112677,36.3788646645844,6.7535057,0.3427477835599337,6.51925802230835,22.0,3
492,37,0.972972972972973,0.0,2232.5004073791206,35.05927883088589,63.539413,0.0,8.149072527885437,55.0,9
386,37,0.9459459459459459,0.0,2232.7649327926338,39.03015563264489,66.5813,0.0,8.149072527885437,55.0,10
84,36,0.7222222222222222,0.027777777777777776,2012.009145342745,228.52483368478715,8.5642965,0.28919344237869404,8.149072527885437,54.0,7
2052,35,0.9428571428571428,0.02857142857142857,2239.56803441979,54.13994751870632,99.7024,0.04284347294499171,13.0385160446167,49.0,9
389,35,0.7428571428571429,0.0,2250.453206943348,15.883572399616241,6.883709,0.0,8.149072527885437,33.0,6
349,35,0.17142857142857143,0.05714285714285714,2238.9939713757485,46.490136068314314,6.811107,0.35345865179618163,6.51925802230835,17.0,5
401,35,0.6571428571428571,0.08571428571428572,2239.2498343251646,4.009998869150877,7.102992,0.24634996943370233,22.817403078079224,34.0,1
169,34,0.9411764705882353,0.0,2243.5086113400757,20.747916772961617,146.476215,0.021421736472495855,9.778887033462524,55.0,9
181,34,0.7647058823529411,0.0,2248.776926426217,16.246075741946697,6.94450095,0.0,8.149072527885437,49.0,8
242,34,0.23529411764705882,0.08823529411764706,2238.9785468112677,536.5554366726428,6.6229825,0.3427477835599337,6.51925802230835,18.0,5
2424,33,1.0,0.0,2229.549898765981,52.28259786963463,34.593025,0.12853041883497512,22.817403078079224,53.0,9
191,33,0.21212121212121213,0.06060606060606061,2238.94709139131,0.6171227432787418,6.3523936,0.3427477835599337,6.51925802230835,21.0,2
410,33,0.5757575757575758,0.030303030303030304,2000.007635448128,168.00813097506762,9.306372,0.10710868236247928,14.668330550193787,45.0,4
809,32,0.84375,0.0,2244.5009149378166,48.72282058931887,102.77374,0.021421736472495855,9.778887033462524,56.5,9
533,31,0.967741935483871,0.0,2256.010962417349,35.7597665861249,89.39791,0.06426520941748756,16.298145055770874,49.0,7
836,31,0.9354838709677419,0.0,2255.9956323821098,39.98931939713657,45.225094,0.0749760776537355,14.668330550193787,49.0,10
48,31,0.9354838709677419,0.0,2255.9957513585687,35.75963294133544,92.3042,0.05355434118123964,16.298145055770874,48.0,6
375,31,0.9354838709677419,0.0,2256.133451126516,17.30332663282752,39.555576,0.05355434118123964,13.0385160446167,49.0,9
283,30,1.0,0.0,2238.73635311611,43.413844890892506,43.7705095,0.0,8.96397978067398,53.0,11
2004,30,0.9,0.0,2238.0245397798717,46.36123077943921,27.8395815,0.021421736472495855,11.408701539039612,49.0,12
2448,30,0.9333333333333333,0.0,2235.136540257372,43.47884515300393,15.0487205,0.0,9.778887033462524,49.0,11
75,30,0.26666666666666666,0.0,2238.976706750691,2.5658642407506704,6.7099777,0.3427477835599337,7.334165275096893,23.0,3
1055,29,0.9310344827586207,0.0,2242.5042788963765,22.788759088143706,55.170185,0.0,9.778887033462524,55.0,11
500,29,0.7241379310344828,0.0,2247.5541450548917,16.092473873868585,7.0670877,0.0,6.51925802230835,40.0,5
1477,29,0.7931034482758621,0.034482758620689655,2239.215326262638,20.931596867740154,9.074852,0.0,9.778887033462524,49.0,11
486,29,1.0,0.0,2237.5203762203455,10.743830120190978,175.74236,0.021421736472495855,9.778887033462524,55.0,7
1164,29,1.0,0.0,2231.7599842790514,39.16897834278643,33.740307,0.0,9.778887033462524,55.0,7
2334,29,0.896551724137931,0.034482758620689655,2229.549898765981,56.92511308006942,35.836117,0.10710868236247928,17.92795956134796,54.0,12
216,29,0.9655172413793104,0.0,2237.5203762203455,11.008200701326132,140.97937,0.021421736472495855,9.778887033462524,49.0,9
2210,29,0.5517241379310345,0.10344827586206896,2203.6722467746586,232.9986304976046,7.9212904,0.0,8.149072527885437,37.0,5
433,29,1.0,0.0,2232.5004073791206,35.05927883088589,62.58684,0.0,9.778887033462524,55.0,7
1025,28,0.7142857142857143,0.07142857142857142,2232.764901826158,50.40011485107243,8.244387,0.021421736472495855,8.149072527885437,42.0,11
1786,28,0.9285714285714286,0.0,2227.5021753739566,32.808912452310324,12.571878,0.0,6.51925802230835,49.0,10
190,28,0.8928571428571429,0.0,2000.0070438254625,112.00135317631066,8.9284265,0.35345865179618163,3.259629011154175,60.0,4
535,28,0.8571428571428571,0.0,2238.1548727862537,14.992301817983389,45.226845,0.021421736472495855,9.778887033462524,49.0,9
164,27,1.0,0.0,2255.995394429192,35.75963294133544,81.61121,0.0749760776537355,16.298145055770874,49.0,9
456,27,0.7037037037037037,0.07407407407407407,2239.0498348977417,4.009998869150877,7.11455,0.24634996943370233,16.298145055770874,37.0,1
1683,27,0.9259259259259259,0.0,2239.1000234056264,26.01066930219531,70.86182,0.021421736472495855,9.778887033462524,49.0,12
664,27,0.9259259259259259,0.037037037037037035,2235.5368805583566,35.78298818320036,8.70592,0.04284347294499171,11.408701539039612,46.0,8
575,27,0.7777777777777778,0.037037037037037035,2024.0106307901442,228.9956398308277,10.212246,0.0749760776537355,14.668330550193787,49.0,5
311,27,0.9629629629629629,0.0,2237.4554264824837,37.23061387427151,18.26833,0.010710868236247928,8.149072527885437,54.0,7
1043,27,0.8888888888888888,0.0,2232.6687183231115,35.61078361235559,64.6991,0.0,8.149072527885437,55.0,10
1605,27,1.0,0.0,2232.5004073791206,38.83253247477114,84.25058,0.0,9.778887033462524,55.0,8
88,26,0.6923076923076923,0.07692307692307693,2238.4548352565616,5.4800002835690975,6.9696567,0.24634996943370233,23.632310330867767,38.0,2
63,26,0.9230769230769231,0.0,2239.4579575629905,19.67977383174002,13.9259715,0.0,6.51925802230835,51.5,10
760,26,0.7307692307692307,0.038461538461538464,2232.501028338447,35.99848551675677,8.55511475,0.04284347294499171,10.593794286251068,45.0,9
239,26,0.8846153846153846,0.0,2203.687993227504,33.13408326357603,15.676624499999999,0.0,8.149072527885437,49.0,7
376,26,0.7692307692307693,0.0,2243.5086683835834,13.218698557466269,160.134435,0.010710868236247928,11.408701539039612,64.0,4
183,26,0.5,0.0,1975.792606943287,237.21340904012322,6.706272,0.0,6.51925802230835,25.0,6
301,26,0.6153846153846154,0.038461538461538464,2024.0112468600273,216.00415860302746,8.454446,0.24634996943370233,6.51925802230835,56.5,7
1424,26,0.9230769230769231,0.0,2239.282530033961,19.736158894374967,133.396357,0.021421736472495855,9.778887033462524,49.0,9
2566,26,0.7307692307692307,0.038461538461538464,2232.637282460928,36.72143863514066,11.0084615,0.03213260470874378,13.0385160446167,44.0,7
1905,26,0.8846153846153846,0.0,2232.5008963234723,34.4226798042655,25.971199,0.010710868236247928,9.778887033462524,49.0,10
911,25,0.76,0.0,2239.3598353955895,588.7721623294055,7.6458,0.24634996943370233,22.817403078079224,40.0,6
602,25,0.56,0.0,2250.453206943348,16.236472874879837,7.1829443,0.0,8.149072527885437,32.0,6
2565,25,0.56,0.0,2247.5541450548917,32.21622877754271,6.9104414,0.010710868236247928,14.668330550193787,38.0,9
1936,25,0.84,0.0,2242.3259869683534,19.98970750719309,28.391535,0.08568694588998342,16.298145055770874,44.0,7
621,25,0.96,0.0,2235.4720775038004,29.452938586473465,18.296677,0.010710868236247928,9.778887033462524,49.0,7
2067,25,0.24,0.0,2190.440146252513,231.36082012206316,8.608389,0.0,8.149072527885437,27.0,5
1312,25,0.84,0.0,2232.668865006417,35.53866106085479,11.836665,0.0,6.51925802230835,49.0,9
2261,25,1.0,0.0,2242.7179149817675,31.31423727609217,28.309282,0.010710868236247928,11.408701539039612,58.0,6
2467,25,0.92,0.0,2235.5368805583566,48.96566132083535,9.65381,0.04284347294499171,11.408701539039612,47.0,9
12,24,0.5416666666666666,0.041666666666666664,2250.2264035865664,16.21247548609972,6.6180108,0.0,6.51925802230835,33.0,5
165,24,1.0,0.0,2235.1905710529536,10.217475006356835,46.422543,0.010710868236247928,11.408701539039612,54.0,7
959,24,0.5833333333333334,0.0,2277.5117988931015,569.1256530117244,7.1200585499999995,0.13924128707122305,16.298145055770874,35.0,9
1785,24,0.75,0.0,2203.7496539996937,41.32808651775122,13.01916225,0.0,8.149072527885437,47.0,8
646,24,0.6666666666666666,0.041666666666666664,2232.7736034058034,31.164292711764574,6.83055265,0.0,11.408701539039612,36.5,8
90,24,0.0,0.20833333333333334,2106.2859063968062,97.69285307265818,7.5560814999999995,0.03213260470874378,6.51925802230835,8.0,2
622,24,0.9583333333333334,0.0,2231.8920074030757,38.97483320906758,12.358864,0.04284347294499171,9.778887033462524,47.5,9
898,24,0.9166666666666666,0.0,2232.5004073791206,39.030168671160936,64.719885,0.0,9.778887033462524,55.0,10
1192,24,0.25,0.125,2196.8391044065356,250.30427146703005,8.3579085,0.021421736472495855,7.334165275096893,10.5,6
193,24,0.7916666666666666,0.0,2239.0498348977417,4.009998869150877,7.8481755,0.2517054035518263,24.44721758365631,38.0,1
788,24,0.7083333333333334,0.0,2012.009200756438,227.54338546656072,9.26793525,0.16066302354371892,17.92795956134796,59.5,4
109,23,1.0,0.0,2237.585273804143,22.0477688126266,38.93188,0.010710868236247928,9.778887033462524,54.0,7
335,23,1.0,0.0,2231.7599842790514,9.406867204234004,164.28922,0.0,9.778887033462524,55.0,8
1594,23,0.7391304347826086,0.043478260869565216,2231.8918819073588,53.97733929567039,9.586472,0.03213260470874378,9.778887033462524,43.0,11
934,23,0.9565217391304348,0.0,2232.7648187056184,21.012407960370183,45.507256,0.021421736472495855,9.778887033462524,49.0,10
1232,23,0.8695652173913043,0.0,2229.5496575534344,261.5696357097477,11.324216,0.08568694588998342,14.668330550193787,47.0,10
334,23,1.0,0.0,2252.5012351106852,16.975678503513336,41.966595,0.0,9.778887033462524,55.0,6
167,23,0.8695652173913043,0.0,2252.5009401142597,14.230288565158844,228.34709,0.010710868236247928,9.778887033462524,64.0,4
1578,23,0.5652173913043478,0.043478260869565216,2203.8110678549856,265.49470657482743,8.151346,0.0,6.51925802230835,37.0,9
503,23,0.6956521739130435,0.0,2231.768232770264,31.72382269985974,6.8650084,0.0,8.149072527885437,36.0,7
396,23,0.9130434782608695,0.0,2209.0689847245812,19.677845761179924,14.278029,0.0,8.149072527885437,47.0,8
414,23,0.6956521739130435,0.0,2253.381779883057,15.398930758237839,6.910769,0.010710868236247928,8.149072527885437,40.0,6
1647,22,0.9545454545454546,0.0,2242.7179019432515,15.81823150627315,41.604898500000004,0.0,9.778887033462524,52.0,7
783,22,1.0,0.0,2225.3644707379863,47.4240523763001,16.7539385,0.0,8.149072527885437,54.0,8
590,22,0.9545454545454546,0.0,2237.579434993677,22.0477688126266,40.987755,0.010710868236247928,9.778887033462524,55.0,7
1030,22,0.9545454545454546,0.0,2235.406880034134,16.26823958940804,10.5005685,0.04284347294499171,10.593794286251068,47.0,7
1547,22,0.9545454545454546,0.0,2240.9577250946313,29.9958607647568,55.373907,0.10710868236247928,18.742866814136505,45.5,6
1739,22,0.9090909090909091,0.0,2239.354527089745,16.13508863374591,7.975573649999999,0.0,6.51925802230835,49.0,7
547,22,0.8636363636363636,0.0,2241.2543619284406,135.78211842104793,11.9412075,0.33203691532368573,13.0385160446167,46.5,6
1478,22,0.5,0.045454545454545456,2203.6183341406286,262.3218880034983,6.3117465,0.0,6.51925802230835,25.0,10
813,22,0.9545454545454546,0.0,2232.6064602239057,29.648861847817898,51.8161315,0.0,8.96397978067398,49.0,7
127,22,0.5909090909090909,0.0,2247.5540676387027,20.78279317356646,6.5380832,0.0,6.51925802230835,35.0,7
383,22,0.9545454545454546,0.0,2202.0072918385267,37.543839775025845,217.07338,0.30525974473306594,40.745362639427185,49.0,6
110,22,1.0,0.0,2232.764901826158,29.648718424141407,283.968185,0.021421736472495855,9.778887033462524,49.0,5
2237,22,0.9090909090909091,0.0,2234.1074908617884,48.199783777818084,10.212403,0.03213260470874378,9.778887033462524,43.0,6
526,22,0.5,0.13636363636363635,2240.012423717417,46.489487402141094,7.00158615,0.021421736472495855,8.96397978067398,35.0,7
612,22,0.5454545454545454,0.09090909090909091,2238.884834921919,587.2793435119092,6.69974135,0.24634996943370233,16.298145055770874,30.5,2
1813,22,0.9545454545454546,0.0,2232.5004106387496,28.498139465227723,29.482246500000002,0.021421736472495855,10.593794286251068,49.0,10
1809,21,0.7619047619047619,0.0,2232.774317264557,30.676955357193947,13.254763,0.010710868236247928,8.149072527885437,47.0,8
64,21,0.7619047619047619,0.0,2252.487842924893,13.707815669476986,7.008927,0.0,6.51925802230835,42.0,4
87,21,0.9047619047619048,0.0,2275.4472305532545,37.79746498912573,14.051575,0.08568694588998342,14.668330550193787,49.0,7
607,21,0.23809523809523808,0.19047619047619047,2238.974866690114,0.841763336211443,6.3735785,0.35345865179618163,8.149072527885437,9.0,2
670,21,1.0,0.0,2242.5001619849354,37.92377235367894,1232.4454,0.021421736472495855,9.778887033462524,64.0,4
600,21,0.9523809523809523,0.0,2239.3497256562114,19.818977918475866,11.239685,0.0,9.778887033462524,49.0,11
516,21,0.7142857142857143,0.047619047619047616,2239.2498343251646,5.479998653754592,7.1842384,0.24634996943370233,17.92795956134796,31.0,1
152,21,0.0,0.14285714285714285,2106.412267545238,85.63114027492702,8.149805,0.03213260470874378,6.51925802230835,8.0,2
395,21,1.0,0.0,2238.736317260191,12.054434046149254,13.105324,0.0,8.149072527885437,49.0,10
400,21,0.6666666666666666,0.14285714285714285,2275.4578113090247,519.1108002327383,6.8866496,0.13924128707122305,14.668330550193787,35.0,9
545,21,1.0,0.0,2223.3580003958195,9.14258137345314,225.93478,0.0,8.149072527885437,64.0,6
518,21,0.5714285714285714,0.0,2024.0112484898418,168.00836566835642,7.430626,0.2677717059061982,8.149072527885437,37.0,4
1903,21,0.9523809523809523,0.0,2247.4927043076605,16.70706062577665,34.445126,0.021421736472495855,13.0385160446167,64.0,7
1853,21,0.7619047619047619,0.0,2237.4551543034613,25.26683174073696,20.156404,0.021421736472495855,11.408701539039612,48.0,9
2102,21,0.7142857142857143,0.0,2238.73646883294,27.949098963290453,10.119031,0.010710868236247928,8.149072527885437,46.0,10
1630,20,0.9,0.0,2215.3968503698707,33.79729716107249,35.217279500000004,0.10710868236247928,16.298145055770874,62.0,8
1223,20,0.85,0.0,2203.8110645953566,255.6249329354614,9.99338,0.0,4.889443516731262,45.0,7
2275,20,0.9,0.0,2239.3545254599303,15.796359395608306,13.8869315,0.0,8.149072527885437,54.5,11
202,20,0.85,0.05,2824.9871793668717,572.4224711302668,7.802633,0.03213260470874378,9.778887033462524,60.0,4
1045,20,0.85,0.0,2203.6719949683174,267.6422414369881,15.415837,0.0,10.593794286251068,54.0,10
1634,20,0.85,0.05,2238.6324459221214,6.729466607794166,7.9011344999999995,0.03213260470874378,9.778887033462524,34.5,6
186,20,1.0,0.0,2202.0070041762665,0.1338338479399681,226.88849499999998,0.299904310614942,40.745362639427185,49.0,5
426,20,0.95,0.0,2245.4932054970413,8.75655491836369,37.283405,0.021421736472495855,11.408701539039612,58.0,6
446,20,0.85,0.0,2203.687744680792,17.63764233328402,7.7478975000000005,0.0,7.334165275096893,46.0,8
1946,20,0.55,0.0,2238.7365323957056,22.047974169254303,23.6213305,0.03748803882686774,13.0385160446167,43.5,8
104,20,0.95,0.0,2237.455375958234,37.23061387427151,23.0387165,0.010710868236247928,8.149072527885437,55.0,9
827,20,0.65,0.15,2064.005082473159,248.00891405902803,7.3480177,0.25706083766995025,7.334165275096893,41.0,5
923,20,0.6,0.05,2237.5468240352347,26.83566347695887,7.526695950000001,0.03213260470874378,9.778887033462524,34.0,7
157,20,0.75,0.0,2243.639664724469,22.729546297341585,7.129514,0.021421736472495855,6.51925802230835,45.5,7
340,20,0.8,0.0,2191.037996439263,231.7733766976744,13.2262195,0.0,8.149072527885437,57.0,4
644,19,1.0,0.0,2232.7649197541177,11.780366068705916,16.917295,0.0,8.149072527885437,55.0,8
766,19,0.9473684210526315,0.0,2237.508595921099,34.421097254380584,135.95644,0.021421736472495855,9.778887033462524,49.0,6
1579,19,0.8947368421052632,0.0,2248.5018495935947,17.0157621614635,14.297089,0.0,8.149072527885437,64.0,8
2582,19,0.9473684210526315,0.0,2825.003311270848,572.5102545693517,10.7621565,0.33203691532368573,13.0385160446167,56.0,4
1643,19,0.8947368421052632,0.0,2245.4932054970413,19.976616837084293,98.38438,0.021421736472495855,9.778887033462524,64.0,8
556,19,0.7368421052631579,0.0,2203.68824666366,237.16750694438815,7.104422,0.0,8.149072527885437,37.0,7
2474,19,1.0,0.0,2232.807917520404,62.47368291951716,40.62174,0.0,8.149072527885437,55.0,7
803,19,0.2631578947368421,0.10526315789473684,2225.4541211295873,29.311941703781486,6.7162957,0.021421736472495855,8.149072527885437,21.0,10
2117,19,0.631578947368421,0.05263157894736842,2191.0472456365824,12.810777174308896,10.974929,0.0,8.149072527885437,52.0,3
394,19,0.631578947368421,0.0,2232.8080674633384,3.7738322280347347,7.4666486,0.0,8.149072527885437,31.0,7
2095,19,0.8947368421052632,0.0,2237.451496999711,35.9545995015651,9.856217,0.08568694588998342,13.0385160446167,47.0,8
964,19,0.6842105263157895,0.10526315789473684,2032.0106730796397,262.33797264285386,7.54233,0.12853041883497512,17.92795956134796,56.0,7
521,19,0.05263157894736842,0.3157894736842105,2106.517568230629,228.62977418117225,7.64992,0.03213260470874378,8.149072527885437,5.0,3
796,19,1.0,0.0,2242.7137850318104,10.001066606491804,2256.0266,0.010710868236247928,9.778887033462524,64.0,2
355,19,0.631578947368421,0.05263157894736842,2064.011469716206,216.00331435911357,7.60505,0.2677717059061982,6.51925802230835,41.0,4
351,19,0.7894736842105263,0.05263157894736842,2032.0052311290056,79.99718934297562,9.482816,0.35345865179618163,8.149072527885437,61.0,3
319,19,0.9473684210526315,0.0,2257.4970175046474,22.70202524960041,67.47061,0.0749760776537355,14.668330550193787,55.0,6
244,19,0.9473684210526315,0.0,2024.0048547275364,203.71196884661913,22.687235,0.0749760776537355,14.668330550193787,61.0,3
281,19,0.0,0.10526315789473684,2226.5053417067975,13.57991760596633,15.294102,0.299904310614942,17.92795956134796,15.0,4
938,19,0.8421052631578947,0.0,2202.005580533296,33.44784863293171,589.9284,0.25706083766995025,39.1155481338501,49.0,7
1189,19,0.7368421052631579,0.0,2225.4540151916444,205.57373855262995,7.327931,0.0749760776537355,13.0385160446167,47.0,10
218,19,1.0,0.0,2239.1000234056264,14.727761736139655,41.59986,0.010710868236247928,9.778887033462524,54.0,6
34,19,1.0,0.0,2257.4979041237384,38.58560253866017,16.082222,0.08568694588998342,14.668330550193787,55.0,6
1010,19,0.7368421052631579,0.0,2190.447796601802,231.80628917180002,8.899293,0.0,6.51925802230835,46.0,5
2637,18,0.3333333333333333,0.0,2799.9916962580755,50.023996038362384,11.2607295,0.3106151788511899,17.92795956134796,26.0,2
739,18,0.9444444444444444,0.0,2237.5851531978697,7.055726135149598,14.123422999999999,0.0,8.149072527885437,49.0,9
236,18,0.6111111111111112,0.0,2243.6397396959364,15.883572399616241,6.64995285,0.0,8.149072527885437,43.5,7
943,18,0.4444444444444444,0.0,2239.2485312884673,2.5699599646031857,7.4970896499999995,0.34810321767805763,4.889443516731262,24.5,5
1211,18,1.0,0.0,2238.1255890941247,18.692701123654842,82.866315,0.0,8.96397978067398,55.0,8
1176,18,0.8333333333333334,0.0,2203.749654814601,19.677845761179924,20.211759,0.0,4.889443516731262,49.0,7
1174,18,0.7777777777777778,0.0,2239.2825259594247,20.66945587284863,9.8474555,0.0,6.51925802230835,50.0,10
1175,18,0.7222222222222222,0.05555555555555555,2203.548920340836,14.128739712759852,10.891826,0.0,8.149072527885437,48.5,7
278,18,1.0,0.0,2284.0016884729266,43.0414192378521,182.26702999999998,0.3106151788511899,39.1155481338501,55.0,5
1757,18,0.8333333333333334,0.05555555555555555,2231.6298004006967,131.96773803792894,11.231652,0.04284347294499171,10.593794286251068,47.0,9
271,18,0.7777777777777778,0.0,2247.4927043076605,8.019657107070088,53.220082500000004,0.021421736472495855,11.408701539039612,62.5,4
1438,18,0.8888888888888888,0.0,2196.8449098058045,12.805977370589972,12.19473025,0.0,5.704350769519806,52.0,3
2395,18,0.8333333333333334,0.0,2238.6325616389513,31.313948798924685,23.257472,0.010710868236247928,11.408701539039612,55.0,7
113,18,0.6666666666666666,0.16666666666666666,2224.9715379439294,298.9932424388826,8.49960115,0.439145597686165,5.704350769519806,36.0,3
101,18,0.8333333333333334,0.0,2824.98591626063,581.3487777486444,7.7359712,0.03213260470874378,8.96397978067398,57.0,4
544,18,1.0,0.0,2252.436228329316,10.822225827723742,44.878609,0.0,9.778887033462524,56.0,5
1490,18,0.6111111111111112,0.0,2146.266999305226,261.4394575357437,7.0983537000000005,0.23028366707933046,5.704350769519806,37.5,8
560,18,1.0,0.0,2008.0049445386976,193.86956305243075,35.074975,0.2356391011974544,29.336661100387573,64.0,2
445,18,0.9444444444444444,0.0,2203.6882450338453,23.830432211980224,16.520527,0.0,6.51925802230835,49.0,7
47,18,1.0,0.0,2237.552849459462,19.73617193289101,48.4855345,0.010710868236247928,9.778887033462524,49.0,6
1970,18,0.8333333333333334,0.0,2203.688244218938,20.87988774292171,18.121446499999998,0.0,8.149072527885437,49.0,7
399,18,0.7222222222222222,0.0,2204.529019072652,13.522654073312879,37.66715,0.24099453531557835,30.96647560596466,40.0,3
1624,18,0.8333333333333334,0.0,2201.874574413523,225.87280115112662,9.762381999999999,0.29454887649681805,9.778887033462524,49.0,6
1628,18,0.6666666666666666,0.0,2242.5043171970174,28.014653362333775,6.762232,0.010710868236247928,6.51925802230835,42.0,8
2616,18,0.8333333333333334,0.0,2277.5056797545403,585.6971277389675,14.360264,0.03213260470874378,11.408701539039612,56.5,5
520,18,0.2222222222222222,0.05555555555555555,2218.095315503888,18.55319063179195,6.6500193,0.16066302354371892,18.742866814136505,21.0,3
534,18,1.0,0.0,2232.8127588843927,24.933790555223823,38.1557275,0.010710868236247928,8.149072527885437,55.0,8
312,18,0.8888888888888888,0.0,2774.9861653428525,572.4725422915071,8.326040500000001,0.03213260470874378,11.408701539039612,56.0,4
2186,18,0.6111111111111112,0.0,2229.5494970167056,45.57405645027757,7.3871967000000005,0.08568694588998342,13.0385160446167,31.0,10
1773,17,1.0,0.0,2203.6877430509776,42.40818088874221,34.293873,0.0,9.778887033462524,55.0,7
198,17,0.7058823529411765,0.058823529411764705,2024.0106307901442,168.0081277154386,8.203209,0.09639781412623134,16.298145055770874,52.0,3
673,17,1.0,0.0,2237.5201284885406,30.19529627636075,53.68366,0.021421736472495855,9.778887033462524,49.0,7
1696,17,0.8823529411764706,0.0,2232.8080642037094,24.17151164263487,12.82537,0.0,6.51925802230835,49.0,7
2310,17,0.9411764705882353,0.0,2247.4925625137985,15.266728354617953,45.048782,0.0,9.778887033462524,48.0,6
2675,17,0.7058823529411765,0.0,2237.4987648800015,29.279076494276524,31.494484,0.04284347294499171,11.408701539039612,49.0,8
1228,17,0.8235294117647058,0.0,2239.0498348977417,5.479998653754592,8.003815,0.25706083766995025,26.0770320892334,40.0,1
343,17,0.7058823529411765,0.0,2232.7736034058034,3.7738322280347347,6.980325,0.0,6.51925802230835,33.0,6
591,17,1.0,0.0,2237.520275171846,34.421097254380584,239.6036,0.021421736472495855,9.778887033462524,49.0,6
2515,17,0.8235294117647058,0.0,2239.546762080863,45.745053328573704,21.555403,0.04284347294499171,11.408701539039612,49.0,10
893,17,1.0,0.0,2231.760879047215,33.946179086342454,392.9371,0.021421736472495855,9.778887033462524,49.0,3
175,17,0.0,0.058823529411764705,2226.531697437167,0.08147279731929302,14.411157,0.299904310614942,13.0385160446167,6.0,4
2421,17,0.7647058823529411,0.0,2064.0108422376215,234.9818425718695,8.215723,0.12853041883497512,14.668330550193787,56.0,5
142,17,1.0,0.0,2284.5263273920864,32.030384289100766,20.468285,0.12853041883497512,19.55777406692505,49.0,5
491,17,1.0,0.0,2252.566227223724,7.056694244965911,39.805458,0.0,9.778887033462524,56.0,2
2041,17,0.7058823529411765,0.0,2237.451149849221,48.948090290650725,7.4837036,0.0749760776537355,13.0385160446167,42.0,7
860,17,0.6470588235294118,0.058823529411764705,2203.68824666366,18.663017312064767,7.217011,0.0,6.51925802230835,36.0,5
428,17,1.0,0.0,2255.9957513585687,22.702023619785905,93.42725,0.05355434118123964,14.668330550193787,49.0,5
1436,17,0.8235294117647058,0.0,2064.0042007435113,112.00135317631066,8.993529,0.36416952003242953,6.51925802230835,58.0,3
1098,17,1.0,0.0,2239.568453282118,37.36061439849436,13.17978,0.010710868236247928,9.778887033462524,55.0,7
105,17,1.0,0.0,2259.5474789850414,21.494854241609573,48.044968,0.0749760776537355,16.298145055770874,49.0,5
2589,17,0.5294117647058824,0.11764705882352941,2224.013780709356,238.3563898038119,6.7936053,0.18208476001621476,11.408701539039612,34.0,9
2340,17,0.5882352941176471,0.058823529411764705,2106.089958688244,233.1262482330203,9.647868,0.03213260470874378,8.149072527885437,52.0,8
1803,17,0.5294117647058824,0.058823529411764705,2252.5158969219774,535.7804386876523,6.9260697,0.03213260470874378,13.0385160446167,42.0,8
2304,17,0.8823529411764706,0.0,2239.5467571914196,19.999303855001926,23.963398,0.0749760776537355,13.0385160446167,49.0,5
253,17,0.6470588235294118,0.0,2064.0050841029733,104.00057747028768,8.697877,0.2677717059061982,9.778887033462524,53.0,4
270,17,1.0,0.0,2237.5201284885406,13.399192364886403,66.21495,0.03213260470874378,11.408701539039612,49.0,4
276,17,0.8823529411764706,0.058823529411764705,2274.9996134079993,242.99296271055937,10.432703,0.439145597686165,6.51925802230835,36.0,4
625,17,1.0,0.0,2237.5735961832106,7.340223295614123,37.29002,0.010710868236247928,9.778887033462524,54.0,6
295,17,1.0,0.0,2024.0048547275364,63.9973150100559,22.010107,0.0749760776537355,14.668330550193787,61.0,2
624,17,0.8823529411764706,0.0,2237.520275171846,10.743887163698673,168.30205,0.021421736472495855,9.778887033462524,49.0,9
2519,17,0.8235294117647058,0.11764705882352941,2239.5467604510486,17.06510642543435,12.65496,0.010710868236247928,14.668330550193787,33.0,8
288,17,1.0,0.0,2239.5565898623317,10.993276489898562,13.795699,0.0,8.149072527885437,54.0,9
289,17,1.0,0.0,2203.688243404031,5.552064161747694,13.787218,0.0,8.149072527885437,49.0,4
758,17,1.0,0.0,2238.528475165367,8.00316990353167,10.006989,0.03213260470874378,9.778887033462524,47.0,6
1582,17,0.9411764705882353,0.0,2284.5263273920864,29.71869776956737,13.992948,0.13924128707122305,17.92795956134796,49.0,6
1969,17,0.5882352941176471,0.0,2204.8800860065967,260.9164745081216,6.7224464,0.0,8.149072527885437,31.0,8
2419,16,0.8125,0.0,1976.0050866752863,228.52483368478715,7.661766,0.33203691532368573,8.149072527885437,60.0,6
1326,16,1.0,0.0,2203.5484346561134,37.01420873403549,12.9404965,0.04819890706311568,11.408701539039612,49.0,8
1816,16,0.875,0.0,2024.0046648541465,56.00011511705816,17.770646,0.34810321767805763,21.187588572502136,63.0,2
610,16,0.6875,0.0,2000.007770722732,168.00813260488212,9.165704999999999,0.21421736472495856,12.223608791828156,61.0,5
951,16,1.0,0.0,1975.1498643308878,231.7447375971824,17.631491,0.0,8.149072527885437,64.0,5
924,16,0.875,0.0625,2238.975897547789,15.832995995879173,18.517931500000003,0.010710868236247928,10.593794286251068,36.0,8
303,16,0.875,0.0,2257.4979815399274,25.009153177961707,13.7579235,0.0749760776537355,13.0385160446167,49.0,6
293,16,1.0,0.0,2202.136206906289,191.39173161238432,21.647060500000002,0.22492823296120648,30.96647560596466,46.0,5
260,16,0.8125,0.0,2233.4974276600406,14.092636061832309,9.0372535,0.08568694588998342,14.668330550193787,50.0,8
1802,16,0.75,0.0,2205.00037772581,39.62189401499927,7.25689325,0.03213260470874378,12.223608791828156,48.0,8
1808,16,0.9375,0.0,2257.4970175046474,35.7597665861249,50.187679,0.0749760776537355,15.48323780298233,55.0,7
1761,16,0.8125,0.0,2254.80395113118,15.037667704746127,31.465937,0.10710868236247928,19.55777406692505,48.5,5
249,16,1.0,0.0,2204.528830014169,33.79729716107249,32.585998000000004,0.10710868236247928,18.742866814136505,51.0,7
1009,16,0.9375,0.0,2203.6717431619763,21.042833337560296,20.424647,0.0,8.149072527885437,49.0,6
1771,16,0.9375,0.0,2232.7648513019085,7.522030733525753,86.382885,0.021421736472495855,8.149072527885437,49.0,9
206,16,0.9375,0.0,2239.0126661630347,10.255120461806655,22.2885735,0.04284347294499171,9.778887033462524,55.0,7
92,16,0.875,0.0,2203.6795059684664,28.08153280057013,359.26715,0.03213260470874378,13.0385160446167,49.0,4
1162,16,1.0,0.0,2223.3580003958195,33.840159652754664,277.216675,0.0,8.149072527885437,64.0,6
213,16,0.625,0.0625,2232.7217019628733,16.34175074286759,7.8696635,0.021421736472495855,9.778887033462524,46.5,6
725,16,1.0,0.0,2237.4875004170462,4.096154123544693,63.050061,0.04284347294499171,13.0385160446167,49.0,3
408,16,0.4375,0.0625,2217.8798890672624,32.92269469238818,7.092859000000001,0.16066302354371892,19.55777406692505,24.5,3
412,16,1.0,0.0,2824.98591626063,547.4767291452736,7.8133026,0.03213260470874378,9.778887033462524,60.0,3
1388,16,0.75,0.0,2203.6877463106066,33.26185909099877,83.9434575,0.0,6.51925802230835,55.0,7
2068,16,0.75,0.0,2232.8128835652024,39.69059558585286,7.29380835,0.0,12.223608791828156,31.0,8
1650,16,0.9375,0.0,2206.3876350875944,41.66436777450144,90.542235,0.0,8.149072527885437,55.0,7
427,16,0.9375,0.0,2237.520325696096,6.51774718426168,169.76959,0.021421736472495855,9.778887033462524,49.0,5
2116,16,1.0,0.0,2237.5204414129257,22.048849379643798,41.955905,0.0,9.778887033462524,55.0,6
2106,16,1.0,0.0,2232.6328575145453,48.51246206089854,41.5083365,0.021421736472495855,10.593794286251068,49.0,9
2011,16,1.0,0.0,2223.3580003958195,39.836845360696316,258.58596,0.0,8.149072527885437,64.0,7
2431,16,0.6875,0.0625,2241.636348888278,595.4356752336025,8.3589025,0.03213260470874378,9.778887033462524,46.5,8
1754,16,0.875,0.0,2237.5123461242765,14.092634432017803,7.518803999999999,0.09639781412623134,15.48323780298233,49.0,7
734,16,1.0,0.0,2232.214607996866,15.924506820738316,96.539308,0.0,8.96397978067398,55.0,8
681,16,0.1875,0.0625,2239.02174748946,2.526758471503854,6.78840445,0.35345865179618163,6.51925802230835,19.5,2
1537,16,1.0,0.0,2254.2461862321943,40.80669581890106,24.4377955,0.04284347294499171,12.223608791828156,56.0,8
2606,16,1.0,0.0,2237.5849559903145,22.092383354902267,127.54542000000001,0.04284347294499171,13.0385160446167,49.0,4
1394,16,0.875,0.0,2239.556599641219,14.17578593827784,9.082665,0.0,8.149072527885437,52.0,9
341,16,0.9375,0.0,2241.2584584672004,27.37853187136352,9.156893,0.33203691532368573,13.0385160446167,46.5,3
102,16,1.0,0.0,2205.000390764326,37.07912424579263,36.937242499999996,0.03213260470874378,12.223608791828156,55.0,5
517,16,0.6875,0.0,2275.4578104941174,27.04670326784253,11.9131425,0.08568694588998342,13.853423297405243,51.5,6
1456,16,0.75,0.0,2227.5020433589816,32.51982410438359,49.430526,0.05355434118123964,13.0385160446167,49.0,6
353,16,0.5625,0.125,2239.2048351466656,588.5943805333227,7.2274175,0.25706083766995025,9.778887033462524,22.0,2
290,16,0.75,0.0,2252.5662353727967,16.236472874879837,7.1297779,0.0,8.149072527885437,41.0,6
785,16,0.625,0.0,2032.01050683856,103.99931925348938,10.2349395,0.3748803882686775,8.149072527885437,36.0,4
777,16,0.3125,0.0,1971.9143679831177,220.878629013896,7.268228049999999,0.0,6.51925802230835,19.0,3
883,16,0.9375,0.0,2237.455128226429,6.768093211576343,15.0373085,0.021421736472495855,9.778887033462524,40.0,6
774,16,1.0,0.0,2237.5470098340884,9.243118111044168,36.3065985,0.0,8.149072527885437,49.0,7
2212,16,0.6875,0.0625,1971.9075431348756,220.878629013896,8.387567,0.0,8.149072527885437,42.0,3
2213,16,0.875,0.0,2203.679743106477,48.6436344217509,25.5775055,0.0,6.51925802230835,50.0,8
1387,16,1.0,0.0,2232.7912184409797,23.339709732681513,40.999775,0.0,9.778887033462524,49.0,8
1117,16,0.75,0.0,2232.829590793699,26.773096527904272,9.893259749999999,0.0,8.96397978067398,49.0,7
1074,16,0.625,0.0,2239.529834827408,41.87041870318353,6.71552705,0.24634996943370233,12.223608791828156,35.0,3
170,16,1.0,0.0,2235.471880296245,24.23523413017392,39.259695,0.04284347294499171,11.408701539039612,49.0,5
1097,16,0.875,0.0,2223.2267530635,30.676956987008452,11.686434,0.021421736472495855,9.778887033462524,44.0,7
1941,16,0.75,0.0,2232.7648187056184,44.69128046184778,38.501512500000004,0.010710868236247928,12.223608791828156,49.0,8
2093,15,1.0,0.0,2254.8082114662975,15.75125427916646,27.67561,0.10710868236247928,16.298145055770874,59.0,7
834,15,0.8666666666666667,0.0,2205.000465735793,33.96014007739723,9.709571,0.04284347294499171,11.408701539039612,46.0,7
1350,15,0.4,0.0,1971.9111556187272,237.22574673593044,6.634134,0.0,6.51925802230835,19.0,3
2580,15,0.9333333333333333,0.0,2209.0873902197927,33.10668282210827,17.96582,0.0,6.51925802230835,49.0,9
1129,15,0.6666666666666666,0.06666666666666667,2238.8398349285126,15.092758694663644,7.0437737,0.24634996943370233,13.0385160446167,33.0,2
1415,15,0.8,0.13333333333333333,2238.528475165367,23.55936635285616,7.126114,0.021421736472495855,6.51925802230835,43.0,8
1324,15,0.6666666666666666,0.06666666666666667,2253.381779883057,572.5524716544896,7.4640913,0.03213260470874378,13.0385160446167,42.0,5
1427,15,0.8666666666666667,0.0,2239.282530033961,17.105679027736187,60.35633,0.0,8.149072527885437,32.0,5
868,15,0.4,0.0,2032.0101531688124,227.7066472452134,9.053407,0.3748803882686775,6.51925802230835,28.0,5
2510,15,0.8666666666666667,0.0,2227.5021492969245,28.690628707408905,36.439693,0.021421736472495855,9.778887033462524,49.0,9
415,15,1.0,0.0,2237.5199573580176,19.3479061126709,598.90045,0.04284347294499171,13.0385160446167,49.0,3
1622,15,0.6666666666666666,0.0,2203.6877430509776,24.955322034657,10.418842,0.0,8.149072527885437,46.0,7
2585,15,1.0,0.0,2284.0039001312107,519.1205530427396,29.045456,0.20350649648871064,26.0770320892334,48.0,5
2333,15,0.6,0.0,2204.5289603993297,33.732164883986115,11.636229,0.20350649648871064,22.817403078079224,34.0,5
13,15,0.5333333333333333,0.06666666666666667,2203.687744680792,17.654639668762684,6.7765117,0.0,6.51925802230835,28.0,6
2664,15,0.7333333333333333,0.0,2248.501851223409,17.093592323362827,23.030233,0.010710868236247928,9.778887033462524,55.0,5
192,15,0.6666666666666666,0.0,2278.364919591695,572.4696053657681,7.0204477,0.18208476001621476,13.0385160446167,35.0,7
1814,15,0.8666666666666667,0.0,2247.4925494752824,18.42226437292993,56.055584,0.021421736472495855,13.0385160446167,61.0,7
1824,15,0.6,0.06666666666666667,2191.4362595416605,231.72697913832963,8.076964,0.0,8.149072527885437,28.0,6
89,15,1.0,0.0,2256.001925095916,15.176004730165005,135.06253,0.13924128707122305,22.817403078079224,49.0,5
1277,15,0.9333333333333333,0.0,2227.43704309687,34.0335697401315,8.68767,0.08568694588998342,13.0385160446167,49.0,6
302,15,0.9333333333333333,0.0,2000.0070438254625,88.00129150040448,8.877692,0.3427477835599337,6.51925802230835,60.0,3
1260,15,0.7333333333333333,0.0,2204.5289212837815,21.395474672317505,25.914768,0.2784825741424461,29.336661100387573,51.0,7
245,15,0.8666666666666667,0.0,2032.0041358936578,112.00022860430181,8.778336,0.3427477835599337,3.259629011154175,58.0,3
1068,15,0.7333333333333333,0.0,1971.9143679831177,233.1642082426697,9.180029,0.0,8.149072527885437,45.0,5
2559,15,0.8666666666666667,0.0,2252.5009710807353,14.23029019497335,172.33495,0.021421736472495855,9.778887033462524,64.0,4
313,15,0.5333333333333333,0.0,2223.2267530635,35.601042211055756,7.1519895,0.021421736472495855,9.778887033462524,38.0,7
439,15,0.6666666666666666,0.0,2252.487842924893,15.830212272703648,6.7915316,0.0,6.51925802230835,40.0,5
326,15,0.9333333333333333,0.0,2255.8726090937853,15.173973981291056,42.618896,0.3748803882686775,45.63480615615845,49.0,3
1314,15,0.6,0.0,2032.0052311290056,112.00028890743852,9.347113,0.3748803882686775,4.889443516731262,42.0,4
2144,15,0.4666666666666667,0.0,2237.50819824636,32.04543562605977,26.460468,0.06426520941748756,16.298145055770874,21.0,7
1308,15,1.0,0.0,2190.1200832799077,233.93752588890493,21.673683,0.0,6.51925802230835,55.0,8
1290,15,0.8666666666666667,0.0,2232.5004399754107,9.9532266613096,28.634241,0.010710868236247928,9.778887033462524,55.0,6
1498,15,0.8,0.0,2223.2347880490124,37.14057640172541,15.711426,0.08568694588998342,16.298145055770874,43.0,7
913,15,0.8666666666666667,0.0,2024.0112468600273,225.8707769215107,8.645352,0.2677717059061982,11.408701539039612,53.0,6
337,15,0.9333333333333333,0.0,2008.0051694530994,24.001143872737885,30.3244,0.3427477835599337,19.55777406692505,64.0,2
2146,15,0.9333333333333333,0.0,2247.4925494752824,16.713312594220042,41.500835,0.03213260470874378,11.408701539039612,57.0,5
548,15,1.0,0.0,2239.5565898623317,14.902684837579727,14.104467,0.0,8.149072527885437,55.0,9
1768,15,0.9333333333333333,0.0,2257.496745325625,20.258540520444512,36.01504,0.04284347294499171,13.0385160446167,53.0,5
227,15,1.0,0.0,2202.0072918385267,0.003319932147860527,239.6062,0.299904310614942,40.745362639427185,49.0,5
231,15,0.9333333333333333,0.0,2201.874509220943,207.3917721863836,24.845287,0.22492823296120648,27.706846594810486,63.0,3
1770,15,1.0,0.0,2237.4551543034613,7.676401874050498,28.459908,0.021421736472495855,9.778887033462524,49.0,8
658,14,0.7857142857142857,0.0,2237.5085519161075,10.255252476781607,16.1252855,0.04284347294499171,8.96397978067398,55.0,7
79,14,1.0,0.0,2202.0072918385267,0.1338338479399681,224.932275,0.299904310614942,39.1155481338501,49.0,5
2240,14,0.8571428571428571,0.0,2242.3263357486576,39.924319135025144,53.9822135,0.06962064353561154,15.48323780298233,45.0,7
1812,14,0.9285714285714286,0.0,2252.4359398521483,12.304817559197545,25.214674000000002,0.010710868236247928,9.778887033462524,64.0,4
608,14,0.7142857142857143,0.07142857142857142,2284.0015434194356,28.00197503529489,101.878577,0.21421736472495856,29.336661100387573,48.0,7
764,14,1.0,0.0,2242.7179149817675,13.335916446521878,35.1355115,0.010710868236247928,11.408701539039612,60.0,5
282,14,1.0,0.0,2223.3580093597993,9.4070415943861,218.800105,0.0,8.149072527885437,64.0,5
1064,14,0.8571428571428571,0.0,2237.514446140267,44.69078010879457,13.258360499999998,0.0,7.334165275096893,49.0,7
1725,14,1.0,0.0,2239.1916597262025,14.992632670328021,125.56142,0.010710868236247928,9.778887033462524,55.0,7
1065,14,1.0,0.0,2237.5527361873537,28.28254271298647,16.911174,0.0,8.149072527885437,49.0,6
2365,14,0.8571428571428571,0.0,2235.156359616667,23.885801900178194,32.556642999999994,0.0,8.96397978067398,49.0,9
931,14,1.0,0.0,2251.6984479734674,24.07546015456319,33.492913,0.04284347294499171,9.778887033462524,51.0,4
1057,14,0.8571428571428571,0.0,2203.610335011035,42.615897487849,69.11971,0.0,7.334165275096893,55.0,4
1067,14,1.0,0.0,2203.6877430509776,19.00470140390098,22.185774000000002,0.0,6.51925802230835,49.0,7
264,14,1.0,0.0,2237.520400667563,35.24758596904576,21.734001,0.010710868236247928,9.778887033462524,55.0,5
1236,14,0.8571428571428571,0.0,2203.7198373582214,36.94459120742977,43.15926,0.09104238000810738,16.298145055770874,54.0,7
273,14,1.0,0.0,2238.1282839924097,1.7622499726712704,213.39329500000002,0.021421736472495855,9.778887033462524,49.0,5
640,14,0.8571428571428571,0.0,2203.6882450338453,19.677845761179924,19.04296,0.0,6.51925802230835,49.0,7
237,14,1.0,0.0,2239.191673579626,7.0437046233564615,12.592383,0.0,8.149072527885437,51.5,9
57,14,1.0,0.0,2223.3580003958195,8.402671664953232,284.58508,0.0,8.149072527885437,64.0,4
58,14,1.0,0.0,2235.1521473610774,4.904721397906542,51.5010585,0.0,9.778887033462524,49.0,4
2601,14,0.6428571428571429,0.0,2226.55056824442,34.024763852357864,11.154368999999999,0.08568694588998342,13.0385160446167,48.0,8
1022,14,0.6428571428571429,0.0,1988.0096337292343,87.99322554841638,11.6060755,0.10710868236247928,16.298145055770874,47.0,3
31,14,0.7142857142857143,0.0,2028.0077524948865,227.5436967611313,8.6548085,0.08568694588998342,14.668330550193787,52.0,5
56,14,1.0,0.0,2252.4687317200005,7.056694244965911,42.82543,0.0,8.96397978067398,56.0,3
729,14,1.0,0.0,2255.9958532219753,3.9864887949079275,136.509445,0.03213260470874378,11.408701539039612,55.0,4
241,14,0.5714285714285714,0.0,2212.745593627915,13.665968552231789,19.3035635,0.14459672118934702,28.52175384759903,37.0,2
2320,14,0.5714285714285714,0.0,2191.0472651943564,41.31083656102419,8.39712675,0.0,8.149072527885437,32.0,6
320,14,0.9285714285714286,0.0,2243.5086683835834,13.40120518580079,177.35348,0.010710868236247928,9.778887033462524,64.0,4
1841,14,0.5714285714285714,0.0,2215.6108662020415,26.930138934403658,67.209602,0.0749760776537355,14.668330550193787,50.0,3
1836,14,0.9285714285714286,0.0,2202.125698677264,22.793875075876713,634.7545250000001,0.04284347294499171,12.223608791828156,64.0,4
2188,14,1.0,0.0,2254.80395113118,21.965983090922236,31.0139245,0.09104238000810738,16.298145055770874,49.0,6
563,14,0.5714285714285714,0.0,2238.944834913127,4.000878427177668,7.876905150000001,0.25706083766995025,26.891939342021942,30.0,2
1890,14,0.7142857142857143,0.0,2223.2268492225558,29.485440347343683,7.003131,0.01606630235437189,11.408701539039612,43.0,6
816,14,0.7142857142857143,0.0,2203.6103325663134,237.15250939130783,8.7800115,0.0,7.334165275096893,44.5,8
1952,14,0.8571428571428571,0.0,2202.005581348203,0.0027152709662914276,236.26792,0.2784825741424461,40.745362639427185,49.0,5
519,14,1.0,0.0,2028.0077524948865,227.54351259209216,10.779823,0.09639781412623134,17.113052308559418,58.0,4
2175,14,0.9285714285714286,0.0,2084.0083508519456,228.5170138347894,8.273379,0.27312714002432215,9.778887033462524,49.0,7
2169,14,0.9285714285714286,0.0,2230.0855161156505,31.80033271200955,16.579664,0.0,13.0385160446167,49.0,7
2140,14,0.9285714285714286,0.0,2237.5123461242765,12.127482332289219,7.55657685,0.09639781412623134,13.853423297405243,45.0,7
552,14,0.6428571428571429,0.0,2252.527039148845,14.428563648834825,6.95613065,0.0,6.51925802230835,35.0,5
2409,14,0.8571428571428571,0.0,2244.096010341309,14.437935082241893,7.70170905,0.0,7.334165275096893,49.5,6
2398,14,0.7857142857142857,0.0,2239.282530033961,5.999994231387973,195.353895,0.0,9.778887033462524,49.0,7
171,14,0.7857142857142857,0.0,2225.695308414288,242.99296271055937,9.751891,0.439145597686165,5.704350769519806,36.0,3
188,14,0.8571428571428571,0.0,2204.405539436266,11.847798014059663,14.6314945,0.0,8.96397978067398,49.0,8
1284,14,0.8571428571428571,0.0,2231.7609360907227,32.51990885473788,49.817054999999996,0.04284347294499171,12.223608791828156,49.0,8
896,14,0.6428571428571429,0.0,2256.0036812210456,1.6298145055770874e-06,937.6495,0.3802358223868014,48.89443516731262,25.5,1
484,14,1.0,0.0,2252.5009401142597,8.99256020784378,231.541505,0.010710868236247928,11.408701539039612,64.0,2
377,14,1.0,0.0,2238.3426486048847,14.992122538387775,41.317076,0.010710868236247928,9.778887033462524,51.5,6
490,14,0.7857142857142857,0.0,2202.0061493385583,0.002762535586953163,407.003395,0.26777170590619814,39.1155481338501,49.0,4
463,14,0.8571428571428571,0.07142857142857142,2824.98591626063,572.474411688745,7.3975195,0.03213260470874378,9.778887033462524,57.0,4
153,14,0.8571428571428571,0.0,2203.6794032901525,22.793873446062207,436.619825,0.04819890706311568,14.668330550193787,49.0,5
2440,14,0.5,0.0,2237.512174178846,29.2810860555619,19.7611655,0.06426520941748756,14.668330550193787,25.5,9
136,14,0.7857142857142857,0.0,2000.0070438254625,112.00028890743852,8.862943999999999,0.34810321767805763,7.334165275096893,55.0,3
483,14,1.0,0.0,2237.5204251147807,9.953114204108715,71.351535,0.010710868236247928,9.778887033462524,54.5,6
451,14,1.0,0.0,2241.2584584672004,11.82441832497716,9.39779475,0.33203691532368573,9.778887033462524,33.0,2
1431,14,1.0,0.0,2252.4935114197433,43.04082761518657,40.23501,0.299904310614942,34.226104617118835,45.0,4
829,14,0.7857142857142857,0.0,2203.67942773737,22.794191259890795,420.46988,0.0749760776537355,16.298145055770874,39.5,6
402,14,0.7142857142857143,0.0,2024.0041196811944,112.00022860430181,8.445035,0.3427477835599337,5.704350769519806,55.0,4
409,14,0.8571428571428571,0.07142857142857142,2227.5020433589816,33.861591713503,9.926728749999999,0.08568694588998342,14.668330550193787,55.0,5
431,14,0.9285714285714286,0.0,2248.972954810597,7.073023356497288,33.525645,0.0,8.96397978067398,49.5,3
420,14,0.8571428571428571,0.07142857142857142,2223.2267530635,28.980618342757225,10.3849345,0.021421736472495855,9.778887033462524,48.5,3
735,14,0.5,0.07142857142857142,2024.0101125091314,250.39974437095225,6.753048,0.4230792953317931,4.889443516731262,33.5,5
693,14,0.7857142857142857,0.0,2207.034499500878,19.677845761179924,13.5533345,0.0,7.334165275096893,49.0,6
1621,14,1.0,0.0,2232.7383912634104,29.17502587661147,16.363757,0.0,7.334165275096893,49.0,8
1042,14,0.9285714285714286,0.0,2240.928466664627,22.0477688126266,35.440967,0.010710868236247928,9.778887033462524,55.0,6
1023,13,0.7692307692307693,0.0,2232.501028338447,34.63265532627702,7.8058014,0.03213260470874378,11.408701539039612,46.0,7
41,13,0.9230769230769231,0.0,2237.585425376892,12.922483030706644,14.926811,0.010710868236247928,9.778887033462524,48.0,6
25,13,0.3076923076923077,0.15384615384615385,2239.0498348977417,14.820468844845891,6.65292,0.24634996943370233,16.298145055770874,15.0,2
917,13,0.9230769230769231,0.0,2229.5496836304665,33.771096263080835,11.811454,0.08568694588998342,16.298145055770874,47.0,6
2315,13,0.15384615384615385,0.3076923076923077,2203.2359486911446,18.653403036296368,6.452535,0.0,6.51925802230835,8.0,5
238,13,0.8461538461538461,0.0,2232.7736034058034,5.703208269551396,7.4426956,0.0,9.778887033462524,39.0,5
1679,13,1.0,0.0,2248.501709429547,12.30481592938304,26.133926,0.021421736472495855,8.149072527885437,64.0,2
1375,13,0.38461538461538464,0.07692307692307693,2245.554644614458,15.812890604138374,6.675869,0.010710868236247928,8.149072527885437,26.0,7
1718,13,0.9230769230769231,0.0,2237.585376482457,25.266689946874976,20.689045,0.021421736472495855,11.408701539039612,54.0,8
667,13,0.8461538461538461,0.0,2236.4806556142867,12.791727902367711,14.785362,0.010710868236247928,9.778887033462524,47.0,8
661,13,1.0,0.0,2257.4970175046474,17.801715759560466,34.896767,0.08568694588998342,14.668330550193787,55.0,6
1706,13,0.6923076923076923,0.07692307692307693,2032.0109240710735,112.00022860430181,8.015381,0.33203691532368573,4.889443516731262,55.0,4
748,13,0.3076923076923077,0.07692307692307693,2277.511835563928,572.470030747354,6.826004,0.21421736472495856,13.0385160446167,24.0,7
1529,13,0.8461538461538461,0.0,2024.0052100270987,8.000021101906896,17.944746,0.36416952003242953,13.0385160446167,63.0,1
1755,13,0.8461538461538461,0.0,2000.007635448128,227.80573833733797,9.339787,0.0749760776537355,14.668330550193787,45.0,6
653,13,0.6923076923076923,0.0,2080.010925186798,234.9844453856349,7.921365,0.17137389177996684,17.92795956134796,45.0,4
2551,13,0.38461538461538464,0.15384615384615385,1975.1498496625572,232.35059343278408,6.4195027,0.021421736472495855,6.51925802230835,10.0,5
1005,13,1.0,0.0,2204.5291494578123,13.522654073312879,40.188984,0.24634996943370233,29.336661100387573,49.0,5
200,13,0.0,0.15384615384615385,2106.412267545238,1.7630404327064753,7.5995374,0.03213260470874378,8.149072527885437,6.0,1
2285,13,0.6923076923076923,0.0,2255.871129222214,42.82790212891996,8.357884,0.13924128707122305,14.668330550193787,39.0,5
1122,13,0.6923076923076923,0.0,2190.447796601802,237.19374695792794,8.053348,0.0,6.51925802230835,43.0,6
2016,13,0.9230769230769231,0.0,2008.0051694530994,193.87213326990604,31.522516,0.3427477835599337,30.96647560596466,64.0,3
452,13,0.9230769230769231,0.0,2284.001864492893,21.50530624203384,103.93146,0.21421736472495856,30.96647560596466,49.0,5
1241,13,1.0,0.0,2239.215326262638,20.99956013262272,13.491439,0.010710868236247928,9.778887033462524,55.0,6
2259,13,0.9230769230769231,0.0,2242.713773623109,20.000764168798923,130.80634,0.04284347294499171,11.408701539039612,49.0,5
1769,13,0.8461538461538461,0.0,2237.5735961832106,45.462978072464466,57.47393,0.010710868236247928,8.149072527885437,55.0,8
1510,13,0.7692307692307693,0.0,2237.504656659439,44.265522388741374,13.902193,0.021421736472495855,11.408701539039612,25.0,6
761,13,1.0,0.0,2237.5199573580176,19.3479061126709,916.03845,0.04284347294499171,13.0385160446167,55.0,3
1505,13,1.0,0.0,2237.455128226429,15.301722101867199,9.244774,0.03213260470874378,9.778887033462524,47.0,5
1820,13,0.8461538461538461,0.0,2190.0961592327803,13.595202006399632,64.6829,0.0,6.51925802230835,63.0,4
97,13,0.38461538461538464,0.0,2217.909890692681,1.5800041146576405,6.45388,0.16066302354371892,17.92795956134796,24.0,1
1852,13,0.5384615384615384,0.0,2208.059513475746,260.0178208667785,9.773433,0.021421736472495855,9.778887033462524,40.0,5
585,13,0.9230769230769231,0.0,2231.6298647783697,5.8256888296455145,13.402553,0.03213260470874378,9.778887033462524,47.0,5
2185,13,0.9230769230769231,0.0,2242.7137719932944,21.751973778009415,746.4616,0.021421736472495855,11.408701539039612,55.0,7
1289,13,1.0,0.0,2231.760879047215,34.421097254380584,372.6709,0.021421736472495855,9.778887033462524,49.0,4
1503,13,0.6923076923076923,0.0,2255.995394429192,22.691123420372605,29.557276,0.08568694588998342,16.298145055770874,49.0,4
1885,13,0.46153846153846156,0.07692307692307693,2217.879890697077,26.588195702061057,7.4794827,0.13924128707122305,16.298145055770874,19.0,5
820,13,0.6923076923076923,0.0,2203.6882450338453,5.537069868296385,18.639608,0.0,9.778887033462524,49.0,5
819,13,0.7692307692307693,0.07692307692307693,1971.9143679831177,231.9406494498253,7.6739817,0.0,4.889443516731262,55.0,3
818,13,0.9230769230769231,0.0,2243.377595441416,15.045916195958853,9.125262,0.0,8.149072527885437,54.0,6
1107,13,0.07692307692307693,0.07692307692307693,2226.569148944691,13.57925427146256,17.545332,0.3427477835599337,16.298145055770874,5.0,5
2458,13,0.9230769230769231,0.0,2256.132996408269,572.4694048985839,11.974932,0.13924128707122305,17.92795956134796,49.0,7
1418,13,0.6153846153846154,0.0,2236.480657244101,49.24977710470557,8.560125,0.021421736472495855,8.149072527885437,38.0,9
154,13,1.0,0.0,2229.5516573358327,12.127480702474713,12.893743,0.08568694588998342,14.668330550193787,55.0,5
1311,13,0.6153846153846154,0.15384615384615385,2231.751734158024,29.614994302392006,7.169329,0.0,4.889443516731262,33.0,6
2196,13,1.0,0.0,2255.99584588781,17.931308830156922,90.74777,0.03213260470874378,11.408701539039612,55.0,8
324,13,1.0,0.0,2237.5203762203455,6.5177439246326685,159.10457,0.021421736472495855,9.778887033462524,49.0,6
564,13,1.0,0.0,2024.0048547275364,195.71478688158095,33.11784,0.0749760776537355,14.668330550193787,61.0,2
1895,13,0.6923076923076923,0.0,2226.3830681331456,237.44403920136392,12.304158,0.08568694588998342,14.668330550193787,47.0,6
1481,13,1.0,0.0,2243.6397429555655,13.387835817411542,17.075481,0.0,6.51925802230835,54.0,7
1146,13,0.9230769230769231,0.0,2250.4529119469225,15.260168351233006,21.143373,0.021421736472495855,8.149072527885437,55.0,6
1143,13,0.5384615384615384,0.07692307692307693,2204.231274779886,260.9339721966535,7.13611,0.021421736472495855,9.778887033462524,42.0,7
2153,13,0.9230769230769231,0.0,2237.4551543034613,36.40580712817609,22.97146,0.021421736472495855,9.778887033462524,49.0,8
2485,13,1.0,0.0,2190.1200832799077,243.4696378186345,16.930908,0.0,6.51925802230835,61.0,7
1464,13,0.8461538461538461,0.0,2242.7179149817675,29.33092089369893,29.589783,0.010710868236247928,9.778887033462524,55.0,8
881,13,1.0,0.0,2242.500205989927,0.21366705186665058,16049.112,0.021421736472495855,11.408701539039612,64.0,2
354,13,0.5384615384615384,0.0,2277.511835563928,28.65660795941949,7.146635,0.17137389177996684,16.298145055770874,32.0,6
475,13,0.6923076923076923,0.07692307692307693,2207.0395136252046,21.222846349701285,9.860297,0.021421736472495855,6.51925802230835,44.0,4
468,13,0.6153846153846154,0.0,2024.0106307901442,168.00825973041356,7.956439,0.1178195505987272,14.668330550193787,45.0,3
1434,13,1.0,0.0,2239.282520255074,6.846565520390868,10.776018,0.0,11.408701539039612,49.0,5
1931,13,0.6923076923076923,0.07692307692307693,2000.007635448128,112.00026934966445,10.750008,0.0749760776537355,14.668330550193787,35.0,3
369,13,1.0,0.0,2824.98591626063,50.002277130261064,7.827855,0.03213260470874378,9.778887033462524,57.0,2
362,13,1.0,0.0,2200.5719940643758,3.1075135339051485,701.9032,0.04284347294499171,13.0385160446167,64.0,3
358,13,0.9230769230769231,0.0,2024.0048547275364,195.71537524461746,21.788315,0.0749760776537355,16.298145055770874,61.0,2
356,13,1.0,0.0,2252.4965265765786,39.98952964320779,20.075296,0.0749760776537355,16.298145055770874,54.0,8
542,13,1.0,0.0,2203.6877463106066,5.415777442976832,72.96712,0.0,8.149072527885437,55.0,4
1917,13,0.8461538461538461,0.0,2252.487842924893,10.004207259044051,7.132249,0.0,8.149072527885437,51.0,4
528,13,1.0,0.0,2205.000390764326,37.07912424579263,32.750652,0.03213260470874378,11.408701539039612,55.0,6
523,13,1.0,0.0,2824.98591626063,547.4767291452736,8.0645275,0.03213260470874378,11.408701539039612,57.0,3
512,13,0.9230769230769231,0.0,2008.0048157833517,224.5599937159568,23.025158,0.0749760776537355,14.668330550193787,64.0,3
1077,13,0.8461538461538461,0.0,2000.0072850380093,112.00027586892247,9.545054,0.22492823296120648,6.51925802230835,61.0,4
2466,13,0.6153846153846154,0.0,2223.235019482672,34.263005247339606,16.237549,0.021421736472495855,11.408701539039612,47.0,7
1948,13,1.0,0.0,2237.520275171846,47.711215913295746,318.62195,0.021421736472495855,9.778887033462524,49.0,6
1447,13,0.9230769230769231,0.0,2278.3651787322015,29.719757148995996,10.539346,0.18208476001621476,17.92795956134796,60.0,6
815,13,0.6923076923076923,0.0,2232.77445579879,7.453992497175932,8.232959,0.0,11.408701539039612,49.0,7
485,13,0.8461538461538461,0.0,2245.4931614920497,14.992301817983389,34.00076,0.021421736472495855,9.778887033462524,55.0,6
388,13,0.8461538461538461,0.0,2241.5513198357075,11.82441832497716,9.516981,0.33203691532368573,9.778887033462524,48.0,2
1024,13,0.9230769230769231,0.0,2203.719835728407,26.930138934403658,67.08372,0.0749760776537355,16.298145055770874,47.0,5
2602,13,0.8461538461538461,0.0,2203.810582170263,232.49357054010034,8.913888,0.04284347294499171,13.0385160446167,48.0,7
941,13,1.0,0.0,2231.7604976706207,17.31541333720088,52.66025,0.0,11.408701539039612,55.0,6
1026,13,1.0,0.0,2205.000390764326,32.06007624976337,37.478264,0.03213260470874378,14.668330550193787,55.0,5
2667,13,1.0,0.0,2237.5203762203455,48.72285481542349,230.80745,0.021421736472495855,11.408701539039612,49.0,7
1640,13,1.0,0.0,2232.5004399754107,4.9548642709851265,31.78237,0.010710868236247928,8.149072527885437,55.0,3
2,13,0.0,0.23076923076923078,2226.505343336612,0.23205135948956013,9.806751,0.2784825741424461,9.778887033462524,15.0,3
1595,13,1.0,0.0,2250.4529119469225,16.963591799139977,25.227785,0.010710868236247928,8.149072527885437,55.0,5
2608,12,0.9166666666666666,0.0,2203.7197191966698,26.93018945865333,56.4232045,0.0749760776537355,16.298145055770874,55.0,4
5,12,1.0,0.0,2237.481865333393,15.373024856671691,144.70925,0.0,8.96397978067398,49.0,4
1655,12,0.9166666666666666,0.0,2239.2296637408435,21.613778546452522,8.894563999999999,0.0,8.149072527885437,51.0,8
940,12,0.9166666666666666,0.0,2206.386866630055,25.300484150648117,57.636247999999995,0.0,8.96397978067398,55.0,7
704,12,1.0,0.0,2203.6794032901525,3.1075135339051485,551.63519,0.05355434118123964,13.853423297405243,49.0,4
692,12,0.75,0.08333333333333333,2203.6877430509776,29.700953979045153,20.4928915,0.0,6.51925802230835,49.0,5
731,12,1.0,0.0,2249.964469578117,9.848325280472636,41.8683515,0.0,9.778887033462524,64.0,4
2346,12,0.5833333333333334,0.0,2223.230886273086,27.412564028054476,15.681856,0.021421736472495855,8.149072527885437,41.0,8
217,12,0.9166666666666666,0.0,2243.5086683835834,9.996648179367185,158.566195,0.010710868236247928,9.778887033462524,64.0,3
215,12,0.9166666666666666,0.0,2232.632821658626,30.19529627636075,48.72648,0.021421736472495855,8.96397978067398,55.0,7
2332,12,0.5833333333333334,0.0,2145.5036064144224,218.1122568435967,7.6788635,0.13924128707122305,17.113052308559418,42.0,4
527,12,0.9166666666666666,0.0,2237.481781397946,6.9113310892134905,8.2583807,0.03213260470874378,10.593794286251068,47.5,5
978,12,1.0,0.0,2234.6079465933144,14.154089847579598,393.71349,0.04284347294499171,13.0385160446167,49.0,2
98,12,0.8333333333333334,0.08333333333333333,2237.4471739167348,12.119181687012315,7.3622358000000006,0.08568694588998342,11.408701539039612,40.0,5
506,12,1.0,0.0,2008.0049445386976,193.86956468224525,33.256739,0.2356391011974544,29.336661100387573,64.0,2
2470,12,1.0,0.0,2257.499478524551,35.759634571149945,121.053635,0.0749760776537355,13.853423297405243,49.5,6
2479,12,0.75,0.0,2239.1532661858946,6.690460257232189,8.777702000000001,0.0,8.149072527885437,49.0,7
2478,12,0.5,0.16666666666666666,2203.0331924324855,41.44325898960233,7.6866129999999995,0.0,5.704350769519806,24.0,7
810,12,1.0,0.0,2232.5006681494415,5.3587062284350395,37.2024155,0.01606630235437189,9.778887033462524,49.0,7
1445,12,0.8333333333333334,0.0,2032.0109240710735,225.86498130112886,9.677783,0.28919344237869404,8.149072527885437,56.0,6
393,12,0.5833333333333334,0.0,2203.6877430509776,5.872865440323949,6.68260025,0.0,7.334165275096893,36.0,5
1031,12,0.9166666666666666,0.0,2237.4473189702258,12.127480702474713,9.7326475,0.08568694588998342,14.668330550193787,50.0,5
2147,12,0.9166666666666666,0.0,2209.087237017229,23.677581688389182,47.341094999999996,0.021421736472495855,9.778887033462524,55.0,5
2145,12,1.0,0.0,2255.9956323821098,35.7597665861249,61.254937,0.0589097752993636,16.298145055770874,49.0,4
2168,12,1.0,0.0,2204.124354873784,26.63933439180255,28.0375005,0.2677717059061982,30.96647560596466,47.5,6
536,12,1.0,0.0,2238.7362325098366,6.517623318359256,244.56861500000002,0.021421736472495855,9.778887033462524,49.0,5
869,12,0.75,0.0,2032.0046826964244,87.99911406822503,9.53859,0.3588140859143056,5.704350769519806,58.0,3
2508,12,1.0,0.0,2237.512174178846,14.244006713852286,54.395179,0.0589097752993636,13.0385160446167,49.0,7
2206,12,0.5,0.16666666666666666,2228.51242730394,140.50705498084426,6.726886,0.3963021247411733,3.259629011154175,28.0,4
117,12,1.0,0.0,2252.436228329316,7.05670565366745,46.329667,0.0,8.149072527885437,44.5,4
2482,12,0.9166666666666666,0.0,2238.3101688465104,19.7327199857682,12.001009,0.0,6.51925802230835,49.0,8
2491,12,0.75,0.0,2056.008207728155,225.8643782697618,12.154578,0.28919344237869404,16.298145055770874,55.5,6
2413,12,0.6666666666666666,0.08333333333333333,2232.26149531547,30.1363377366215,7.63651965,0.0,6.51925802230835,42.0,6
1913,12,0.16666666666666666,0.08333333333333333,2076.00534230005,264.9452602490783,8.4099102,0.3909466906230493,5.704350769519806,25.0,8
525,12,0.8333333333333334,0.0,2238.122511189431,10.864141397178173,16.501941000000002,0.03213260470874378,11.408701539039612,52.0,5
1966,12,0.9166666666666666,0.0,2202.6473737787455,12.400001985952258,8.9541655,0.0,8.149072527885437,43.0,2
1956,12,1.0,0.0,2247.4926309660077,17.10565946996212,38.7317585,0.0,9.778887033462524,46.5,6
987,12,1.0,0.0,2244.5008864160627,21.883010864257812,48.107881500000005,0.021421736472495855,10.593794286251068,61.0,7
381,12,0.75,0.08333333333333333,2225.7545717293397,130.98945817910135,7.10178715,0.439145597686165,4.889443516731262,36.0,4
111,12,0.5833333333333334,0.0,2245.4932054970413,8.210184052586555,25.611764,0.021421736472495855,11.408701539039612,58.0,4
1925,12,1.0,0.0,2273.250416619703,28.131339931860566,105.99100999999999,0.2517054035518263,35.04101186990738,49.0,6
1149,12,0.9166666666666666,0.0,2248.870578012429,22.03103876672685,33.890442,0.09104238000810738,14.668330550193787,49.0,8
32,12,1.0,0.0,2227.43704309687,11.997480178251863,10.248018,0.08568694588998342,14.668330550193787,62.0,4
0,12,0.4166666666666667,0.08333333333333333,2224.9715379439294,298.9897415973246,7.8958265,0.439145597686165,8.96397978067398,26.0,4
21,12,0.9166666666666666,0.0,2024.0048547275364,195.54356182925403,23.050399,0.0749760776537355,15.48323780298233,61.0,2
1215,12,0.75,0.08333333333333333,2243.6397429555655,14.17578593827784,7.79504335,0.0,6.51925802230835,51.0,6
2062,12,0.9166666666666666,0.0,2223.3579132007435,33.83685112930834,242.0675,0.0,8.149072527885437,59.5,5
2044,12,0.5833333333333334,0.25,1975.1498496625572,251.3678167015314,7.7811405,0.021421736472495855,8.96397978067398,52.0,4
1680,12,0.8333333333333334,0.0,2238.632563268766,19.0767718013376,14.390835,0.021421736472495855,9.778887033462524,47.5,6
2096,12,1.0,0.0,2204.360205330886,36.93634271621704,26.5296135,0.0749760776537355,13.853423297405243,55.0,5
1753,12,0.25,0.25,2257.837349665351,538.5056873783469,6.5901425,0.03748803882686774,9.778887033462524,15.0,8
1756,12,0.8333333333333334,0.0,2208.067514235154,19.677831092849374,9.170437,0.021421736472495855,8.149072527885437,46.0,4
1370,12,0.8333333333333334,0.0,2204.7900126781315,28.080815682187676,1547.0632500000002,0.021421736472495855,11.408701539039612,49.0,4
1358,12,0.75,0.0,2191.0397900501266,12.788339518010616,12.416675,0.0,8.149072527885437,51.0,3
457,12,0.6666666666666666,0.0,2028.0073010362685,111.99916433542967,8.7940005,0.36952495415055353,6.51925802230835,47.0,3
460,12,1.0,0.0,2237.4431979842484,8.023718604817986,9.16948,0.08033151177185946,13.0385160446167,40.0,3
2104,12,1.0,0.0,2231.760879047215,27.974768541753292,882.186165,0.021421736472495855,9.778887033462524,49.0,2
2277,12,1.0,0.0,2209.086688584648,42.57617401890457,26.451041,0.0,8.149072527885437,49.0,6
69,12,0.75,0.08333333333333333,2203.8110694848,5.552069051191211,7.422178,0.0,7.334165275096893,41.0,5
1060,12,1.0,0.0,2202.8635401511565,2.6548586320132017,37.478155,0.2677717059061982,32.59629011154175,49.0,5
656,12,0.75,0.0,2229.5495157595724,34.03364634141326,8.857865499999999,0.09639781412623134,14.668330550193787,39.5,6
72,12,0.8333333333333334,0.0,2203.687743865885,33.10668282210827,15.1400475,0.0,8.149072527885437,49.0,5
665,12,0.8333333333333334,0.08333333333333333,2239.5963589660823,44.44838431663811,7.76676035,0.010710868236247928,8.149072527885437,46.0,3
1356,12,0.75,0.0,2239.724834798835,3.8699994329363108,7.850273400000001,0.24634996943370233,30.151568353176117,43.5,1
1355,12,1.0,0.0,2243.5086659388617,14.166186330839992,8.9889495,0.0,8.149072527885437,54.0,6
1399,12,0.6666666666666666,0.0,2190.7447528792545,18.668400589376688,9.505310000000001,0.0,8.149072527885437,45.0,5
2269,12,0.75,0.0,2234.166470589116,7.514794357120991,11.346954499999999,0.0,9.778887033462524,47.0,6
454,12,1.0,0.0,2256.001925095916,13.807552168145776,132.77653,0.14459672118934702,23.632310330867767,48.5,4
230,12,0.9166666666666666,0.0,2284.0016884729266,31.509407563135028,148.26655499999998,0.299904310614942,39.1155481338501,55.0,4
1807,12,0.8333333333333334,0.0,2238.0184972425923,18.83621606975794,11.9862305,0.03213260470874378,10.593794286251068,46.5,6
1152,12,1.0,0.0,2218.3805085951462,39.12711492739618,30.749612499999998,0.04284347294499171,11.408701539039612,55.0,6
946,12,0.9166666666666666,0.0,2024.0049851126969,227.70780930295587,19.937089,0.21421736472495856,22.817403078079224,64.0,3
185,12,0.9166666666666666,0.0,2203.3328362740576,13.52220750413835,19.2135505,0.21421736472495856,28.52175384759903,36.0,3
755,12,0.9166666666666666,0.0,2232.773947296664,7.938544498756528,21.570322,0.021421736472495855,8.149072527885437,49.0,6
618,12,0.8333333333333334,0.0,2200.5719940643758,3.1074597500264645,701.3529699999999,0.04284347294499171,13.0385160446167,64.0,3
2270,12,0.75,0.0,2220.9296248620376,29.188656015321612,8.4332715,0.0,9.778887033462524,36.5,6
83,12,0.4166666666666667,0.0,2032.01050683856,112.00028890743852,8.5972635,0.3802358223868014,6.51925802230835,28.0,4
592,12,0.9166666666666666,0.0,2232.632821658626,28.486359165981412,45.719241999999994,0.021421736472495855,9.778887033462524,52.0,6
589,12,1.0,0.0,2255.9957513585687,21.634508157148957,97.247575,0.05355434118123964,16.298145055770874,55.0,3
1263,12,0.9166666666666666,0.08333333333333333,2239.320924389176,16.714932629838586,11.17367825,0.0,10.593794286251068,49.0,8
775,12,1.0,0.0,2112.9397463519126,196.5242049191147,21.311970000000002,0.2195727988430825,30.151568353176117,55.5,4
1880,12,0.0,0.08333333333333333,2223.3658626209944,4.889443516731262e-06,550.00945,0.08568694588998342,21.187588572502136,30.0,1
572,12,0.16666666666666666,0.25,2106.631895643659,99.58404419012368,6.6951982999999995,0.03213260470874378,8.149072527885437,5.0,4
1313,12,1.0,0.0,2239.5565898623317,9.401847375556827,16.390715,0.0,8.149072527885437,55.0,6
140,12,0.8333333333333334,0.0,2012.0095087913796,168.0079826619476,8.653911,0.27312714002432215,8.149072527885437,62.0,4
2463,12,0.5,0.08333333333333333,2228.493204456754,261.446702061221,6.98389915,0.08568694588998342,11.408701539039612,33.0,7
1522,12,0.5833333333333334,0.0,2243.5776747297496,20.15019371174276,7.251673,0.0,6.51925802230835,26.5,6
1217,12,0.6666666666666666,0.0,2202.639261377044,231.3740428071469,8.58842,0.0,8.149072527885437,29.5,3
423,12,1.0,0.0,2237.5525422394276,4.096154123544693,88.635295,0.03213260470874378,11.408701539039612,49.0,2
2316,12,0.9166666666666666,0.0,2251.4447135617957,10.755836963653564,26.919655499999998,0.0,9.778887033462524,64.0,3
15,12,1.0,0.0,2241.5513198357075,11.828514048829675,10.827441,0.33203691532368573,10.593794286251068,48.0,3
568,11,0.8181818181818182,0.0,2024.0112468600273,168.00139169208705,9.337573,0.2677717059061982,8.149072527885437,62.0,3
567,11,0.9090909090909091,0.0,2203.6794032901525,22.793873446062207,378.0634,0.05355434118123964,14.668330550193787,49.0,5
1904,11,1.0,0.0,2237.5200437381864,24.998345877975225,61.28359,0.04284347294499171,13.0385160446167,49.0,4
2415,11,0.8181818181818182,0.0,2232.8080642037094,4.916288191452622,15.164498,0.0,8.149072527885437,49.0,5
2127,11,0.7272727272727273,0.0,2000.0070438254625,88.00017996691167,9.680215,0.3427477835599337,6.51925802230835,61.0,3
1334,11,0.9090909090909091,0.0,2232.8607169911265,10.0831245072186,37.8684,0.010710868236247928,8.149072527885437,55.0,6
1330,11,0.7272727272727273,0.0,2232.7217019628733,14.114110497757792,8.959511,0.021421736472495855,9.778887033462524,36.0,5
1479,11,1.0,0.0,2256.0030561871827,0.13107294216752052,1437.0659,0.24634996943370233,39.1155481338501,49.0,1
1484,11,1.0,0.0,2190.0962830986828,13.595560565590858,23.942513,0.0,8.149072527885437,51.0,5
1145,11,1.0,0.0,2237.4551543034613,5.825618747621775,25.296213,0.021421736472495855,9.778887033462524,49.0,4
2492,11,0.45454545454545453,0.0,2774.980081245303,549.9666228424758,8.895228,0.2784825741424461,16.298145055770874,29.0,4
1295,11,0.9090909090909091,0.0,2257.4968659318984,22.702023619785905,94.81382,0.06426520941748756,14.668330550193787,49.0,5
1988,11,0.5454545454545454,0.0,2237.4987616203725,14.263743767514825,44.765823,0.010710868236247928,16.298145055770874,34.0,4
1999,11,0.6363636363636364,0.0,2204.236187040806,34.213476814329624,8.212477,0.021421736472495855,6.51925802230835,40.0,4
1993,11,0.8181818181818182,0.0,2239.28253329359,20.871163345873356,30.460684,0.03213260470874378,9.778887033462524,49.0,8
1328,11,1.0,0.0,2209.087514085695,23.677267134189606,369.78238,0.021421736472495855,9.778887033462524,49.0,3
18,11,1.0,0.0,2204.5291494578123,26.63782029412687,28.106255,0.22492823296120648,30.96647560596466,47.0,5
1444,11,0.9090909090909091,0.0,2237.500078510493,0.016576843336224556,41.280083,0.16066302354371892,29.336661100387573,38.0,2
499,11,0.9090909090909091,0.0,2239.556609420106,12.414709432050586,11.469422,0.0,6.51925802230835,54.0,5
510,11,1.0,0.0,2204.529019072652,13.522654073312879,27.632973,0.22492823296120648,30.96647560596466,40.0,4
118,11,1.0,0.0,2231.7599842790514,8.402479346841574,202.6599,0.0,8.149072527885437,55.0,3
1933,11,1.0,0.0,2203.7198373582214,14.824945945292711,80.19552,0.0749760776537355,16.298145055770874,55.0,5
984,11,1.0,0.0,2205.000390764326,31.797928735613823,33.582634,0.03213260470874378,11.408701539039612,55.0,4
367,11,0.8181818181818182,0.09090909090909091,2237.455128226429,6.72946497797966,13.266207,0.04284347294499171,8.149072527885437,47.0,5
361,11,0.9090909090909091,0.0,2024.0106307901442,88.00021093338728,9.365611,0.0749760776537355,14.668330550193787,51.0,3
368,11,1.0,0.0,2231.7609360907227,19.3479061126709,447.85388,0.03213260470874378,11.408701539039612,49.0,3
372,11,1.0,0.0,2235.471880296245,5.08399773389101,54.529633,0.04284347294499171,13.0385160446167,49.0,3
806,11,0.7272727272727273,0.09090909090909091,2237.585128750652,9.98256984166801,17.546122,0.04284347294499171,9.778887033462524,55.0,6
1206,11,0.0,0.18181818181818182,2226.5691505745053,0.04590046592056751,13.319149,0.36416952003242953,9.778887033462524,5.0,4
694,11,0.8181818181818182,0.0,2232.77445579879,6.887744413688779,13.836218,0.0,9.778887033462524,49.0,7
698,11,0.5454545454545454,0.09090909090909091,2277.511835563928,585.9423594083637,7.4074273,0.22492823296120648,13.0385160446167,20.0,5
684,11,0.9090909090909091,0.0,2202.005580533296,1.8457258120179176,602.06647,0.24634996943370233,35.85591912269592,37.0,4
1048,11,0.5454545454545454,0.0,2239.5030341576785,54.284767946228385,6.731553,0.021421736472495855,6.51925802230835,34.0,7
1589,11,0.0,0.2727272727272727,2106.664989842102,97.82523149624467,6.472742,0.03213260470874378,9.778887033462524,4.0,3
1633,11,0.7272727272727273,0.0,2231.891950359568,47.022844199091196,12.8360615,0.021421736472495855,8.149072527885437,44.0,5
1574,11,0.8181818181818182,0.0,2191.037996439263,0.5937870591878891,14.471064,0.0,8.149072527885437,54.0,2
1698,11,0.9090909090909091,0.0,2203.548920340836,239.07296545803547,11.323144,0.0,6.51925802230835,51.0,7
723,11,0.9090909090909091,0.0,2239.5683522336185,17.093541799113154,21.837399,0.021421736472495855,9.778887033462524,49.0,9
2581,11,0.7272727272727273,0.0,2252.493513049558,43.04082761518657,51.62832,0.299904310614942,34.226104617118835,45.0,3
1339,11,0.7272727272727273,0.0,2243.5086683835834,20.74803737923503,138.10335,0.021421736472495855,9.778887033462524,64.0,5
786,11,0.8181818181818182,0.0,2000.0070438254625,168.0092099122703,8.207537,0.3427477835599337,4.889443516731262,55.0,4
2530,11,0.9090909090909091,0.0,2190.8473717048764,231.3271937891841,10.226841,0.0,6.51925802230835,53.0,3
107,11,1.0,0.0,2242.7137850318104,0.21366705186665058,1878.9089,0.021421736472495855,9.778887033462524,64.0,2
474,11,0.9090909090909091,0.0,2237.585376482457,7.938544498756528,13.126572,0.021421736472495855,8.149072527885437,49.0,5
1280,11,0.45454545454545453,0.09090909090909091,2205.0007509533316,255.4701070766896,6.5586557,0.021421736472495855,6.51925802230835,21.0,8
86,11,1.0,0.0,2008.0048157833517,16.00003894418478,31.956781,0.0749760776537355,14.668330550193787,64.0,1
2575,11,0.8181818181818182,0.0,2241.74398672767,16.246075741946697,6.4489565,0.0,6.51925802230835,45.0,7
903,11,0.7272727272727273,0.0,2232.755256583914,7.453493773937225,6.812604,0.0,6.51925802230835,36.0,6
314,11,0.5454545454545454,0.09090909090909091,2252.5659713428468,17.99580710940063,6.867216,0.021421736472495855,8.149072527885437,38.0,6
1423,11,0.8181818181818182,0.0,2227.5020433589816,38.0334653891623,29.511106,0.04284347294499171,13.0385160446167,55.0,5
1114,11,0.8181818181818182,0.0,2232.8080674633384,3.643831703811884,6.9542723,0.0,13.0385160446167,33.0,7
773,11,1.0,0.0,2242.5042788963765,20.15059138648212,124.982185,0.0,8.149072527885437,55.0,4
574,11,0.7272727272727273,0.0,2229.5496836304665,19.93658533319831,7.1757865,0.08568694588998342,13.0385160446167,47.0,6
2432,11,0.9090909090909091,0.0,2239.282530033961,20.00002912245691,151.42561,0.010710868236247928,11.408701539039612,55.0,6
2438,11,0.9090909090909091,0.0,2256.002379814163,40.040272288024426,162.50989,0.0749760776537355,16.298145055770874,49.0,4
1112,11,1.0,0.0,2209.087491268292,5.415777442976832,75.94971,0.0,9.778887033462524,42.0,4
132,11,0.8181818181818182,0.0,2203.6877430509776,7.4637730140239,20.493053,0.0,8.149072527885437,49.0,6
1299,11,1.0,0.0,2209.0873902197927,29.07717344351113,31.505854,0.0,11.408701539039612,55.0,6
149,11,0.6363636363636364,0.0,2024.0106307901442,227.8056617360562,8.746568,0.09639781412623134,14.668330550193787,35.0,5
1392,11,0.6363636363636364,0.18181818181818182,2374.9951613135636,584.3046403024346,7.2697988,0.32132604708743784,13.0385160446167,34.0,6
848,11,0.9090909090909091,0.0,2232.5011994689703,1.1000889353454113,41.822464,0.010710868236247928,9.778887033462524,55.0,4
2252,11,0.9090909090909091,0.0,2237.520319176838,43.429911602288485,14.983166,0.0,6.51925802230835,55.0,8
1246,11,0.9090909090909091,0.0,2240.456343628466,18.171579344198108,7.909855,0.010710868236247928,9.778887033462524,46.0,5
633,11,1.0,0.0,2238.7310252524912,10.957917664200068,46.303158,0.0,8.149072527885437,55.0,6
254,11,0.2727272727272727,0.0,2217.879890697077,2.640004502609372,6.490394,0.149952155307471,17.92795956134796,11.0,1
2263,11,1.0,0.0,2203.6799965426326,5.405992036685348,175.08307,0.0,11.408701539039612,33.0,3
2267,11,0.9090909090909091,0.0,2239.2825284041464,17.635543132200837,20.492144,0.0,11.408701539039612,45.0,3
1801,11,0.9090909090909091,0.0,2237.5164956320077,32.988069811835885,40.04235,0.12853041883497512,19.55777406692505,49.0,6
1760,11,0.8181818181818182,0.0,2223.2347880490124,25.82946652546525,16.937275,0.09639781412623134,19.55777406692505,34.0,4
277,11,0.0,0.2727272727272727,2226.538956630975,0.10755308903753757,12.981742,0.4070129929774213,13.0385160446167,4.0,4
2253,11,0.8181818181818182,0.0,2232.755256583914,50.90227699838579,10.794236,0.0,8.149072527885437,45.0,8
284,11,1.0,0.0,2209.087491268292,11.708897072821856,79.55459,0.0,9.778887033462524,45.0,5
258,11,0.6363636363636364,0.0,2252.5158969219774,16.714873956516385,7.156114,0.021421736472495855,8.149072527885437,45.0,6
259,11,1.0,0.0,2824.98591626063,50.002277130261064,7.8767285,0.03213260470874378,11.408701539039612,57.0,2
300,11,0.0,0.2727272727272727,2106.664989842102,117.62397363781929,7.7646775,0.03213260470874378,6.51925802230835,9.0,3
187,11,1.0,0.0,2239.5682299975306,15.693785389885306,12.252091,0.0,8.149072527885437,54.0,6
1828,11,1.0,0.0,2238.736317260191,11.847553541883826,10.903455,0.0,11.408701539039612,49.0,7
179,11,1.0,0.0,2232.6687183231115,29.643501387909055,40.658592,0.0,9.778887033462524,55.0,5
759,11,0.5454545454545454,0.09090909090909091,2243.6396842822433,16.188531881198287,6.9756336,0.021421736472495855,9.778887033462524,32.0,5
617,11,0.8181818181818182,0.0,2000.007635448128,227.54359245300293,9.868527,0.0749760776537355,14.668330550193787,49.0,4
782,11,0.9090909090909091,0.0,2208.0595151055604,248.07690177112818,13.660698,0.0,8.149072527885437,48.0,5
307,11,1.0,0.0,2229.5496836304665,14.110510237514973,9.968876,0.08568694588998342,16.298145055770874,54.0,5
1835,11,0.9090909090909091,0.0,2284.001864492893,29.19647260569036,96.099754,0.21421736472495856,29.336661100387573,49.0,6
580,11,0.7272727272727273,0.09090909090909091,2232.7217019628733,16.2648381665349,8.291486,0.021421736472495855,9.778887033462524,50.0,4
2225,11,0.9090909090909091,0.0,2237.4518995638937,11.186107993125916,11.9701605,0.12853041883497512,17.92795956134796,47.0,4
318,11,1.0,0.0,2255.9958605561405,11.59919099882245,75.47171,0.03213260470874378,11.408701539039612,55.0,5
2564,11,1.0,0.0,2257.496745325625,32.01251826249063,19.434082,0.04284347294499171,13.0385160446167,63.0,4
1179,11,0.8181818181818182,0.0,1976.0050866752863,88.00129150040448,9.257977,0.3427477835599337,8.149072527885437,55.0,4
1004,11,1.0,0.0,2209.0873902197927,29.11993325687945,30.47687,0.0,9.778887033462524,55.0,5
2027,11,0.8181818181818182,0.0,2190.8313473686576,219.52189155854285,11.429705,0.0,9.778887033462524,54.0,3
465,11,0.9090909090909091,0.0,2237.5164956320077,10.014602215960622,37.142067,0.09639781412623134,17.92795956134796,54.0,5
1656,11,0.7272727272727273,0.0,1976.012587081641,87.9938758444041,10.131914,0.3855912565049254,6.51925802230835,42.0,4
1354,11,0.5454545454545454,0.09090909090909091,2237.4554248526692,9.075177134945989,12.53211,0.0,8.149072527885437,49.0,6
1566,11,1.0,0.0,2237.443577731028,7.522545754909515,72.02878,0.0,9.778887033462524,55.0,5
1721,11,0.9090909090909091,0.0,2200.7030670065433,32.32386172749102,33.369698,0.03213260470874378,9.778887033462524,63.0,5
1559,11,0.9090909090909091,0.0,2239.2825284041464,14.727885602042079,45.817303,0.021421736472495855,9.778887033462524,49.0,8
1743,11,0.7272727272727273,0.0,2204.8800860065967,28.202813817188144,8.414059,0.0,9.778887033462524,44.0,6
647,11,0.45454545454545453,0.0,1971.9201799016446,233.06095623411238,6.7584305,0.0,6.51925802230835,31.0,4
1530,11,1.0,0.0,2284.002327360213,31.509407563135028,181.85263,0.299904310614942,37.48573362827301,55.0,4
1126,11,0.36363636363636365,0.09090909090909091,2080.0053528510034,167.99982218071818,7.171606,0.3855912565049254,8.149072527885437,25.0,4
974,11,0.9090909090909091,0.0,2242.756148800254,14.980562264099717,24.759657,0.03213260470874378,11.408701539039612,57.0,2
970,11,1.0,0.0,2203.7196026649326,28.97775312885642,36.862156,0.0749760776537355,16.298145055770874,55.0,5
1135,11,1.0,0.0,2064.004950458184,227.80584264546633,11.374517,0.0749760776537355,14.668330550193787,52.0,2
197,11,0.9090909090909091,0.0,2024.0048547275364,24.00005841627717,22.008917,0.0749760776537355,14.668330550193787,61.0,1
1258,11,1.0,0.0,2209.087491268292,29.04977137222886,65.840454,0.0,11.408701539039612,47.0,6
2107,11,1.0,0.0,2242.500150576234,10.952837532386184,976.996,0.04284347294499171,11.408701539039612,54.0,2
2030,11,0.7272727272727273,0.0,2000.0070438254625,87.9927643109113,10.66907,0.3855912565049254,6.51925802230835,42.0,4
676,11,1.0,0.0,2247.492551105097,10.757236974313855,48.78717,0.0,11.408701539039612,55.0,4
1681,11,0.9090909090909091,0.0,2240.456343628466,27.949098963290453,8.072878,0.010710868236247928,9.778887033462524,46.0,6
1662,11,1.0,0.0,2232.8080642037094,12.066054623574018,15.196571,0.0,8.149072527885437,49.0,6
2110,11,1.0,0.0,2203.6799965426326,19.67850257642567,1522.5948,0.0,9.778887033462524,53.0,4
416,11,0.6363636363636364,0.0,2232.7217019628733,33.21894118562341,8.834243,0.021421736472495855,8.149072527885437,40.0,7
435,11,0.0,0.09090909090909091,2226.505343336612,13.57991760596633,14.25292,0.28919344237869404,14.668330550193787,7.0,4
436,11,1.0,0.0,2239.359325263649,13.282116269692779,11.327963,0.0,8.149072527885437,54.0,3
1214,11,1.0,0.0,2209.0859869495034,29.11993325687945,35.42468,0.0,11.408701539039612,55.0,4
921,11,1.0,0.0,2237.516899826005,25.56087472476065,37.35704,0.1178195505987272,17.92795956134796,49.0,5
2319,11,1.0,0.0,2232.8080642037094,6.599138490855694,14.378466,0.0,9.778887033462524,49.0,6
2331,11,0.6363636363636364,0.0,2000.0072866678238,87.99324184656143,10.710078,0.1927956282524627,21.187588572502136,47.0,3
2630,11,0.2727272727272727,0.18181818181818182,1971.927005564794,219.56212841905653,6.715677,0.0,4.889443516731262,10.0,2
2614,11,0.8181818181818182,0.0,2237.585273804143,25.063791079446673,30.1142,0.010710868236247928,9.778887033462524,55.0,6
2655,11,1.0,0.0,2256.0022005345672,13.807552168145776,125.64527,0.13924128707122305,24.44721758365631,49.0,4
2657,11,0.9090909090909091,0.0,2237.5814975239336,51.12261162139475,21.253016,0.08568694588998342,17.92795956134796,49.0,6
1018,11,0.5454545454545454,0.0,2217.879890697077,12.395549332723022,6.9420075,0.16066302354371892,17.92795956134796,42.0,2
1027,10,1.0,0.0,2219.793636817485,17.568991286680102,22.923655,0.010710868236247928,10.593794286251068,38.0,2
1052,10,0.8,0.1,2227.5143631268293,12.034056475386024,100.077775,0.4123684270955452,39.1155481338501,45.0,2
996,10,1.0,0.0,2223.3580003958195,18.567987717688084,248.719805,0.0,8.149072527885437,64.0,4
2552,10,0.8,0.0,2241.746182087809,62.0983790140599,117.16420500000001,0.0749760776537355,17.113052308559418,50.0,6
73,10,1.0,0.0,2203.679994097911,33.10668282210827,13.327664,0.0,8.149072527885437,53.0,6
112,10,1.0,0.0,2243.5086113400757,10.004207259044051,141.98895,0.021421736472495855,8.96397978067398,64.0,2
120,10,1.0,0.0,2235.125747625716,6.971040973439813,58.398885,0.0,8.149072527885437,52.0,5
1673,10,0.1,0.5,2106.1414934229106,97.70468878559768,6.8581848,0.06426520941748756,6.51925802230835,2.5,2
675,10,0.4,0.0,2235.452425200492,12.042759684845805,27.9401315,0.32132604708743784,39.93045538663864,22.0,3
1569,10,0.5,0.1,1971.9075431348756,3.890326479449868,7.200336,0.0,6.51925802230835,31.5,1
733,10,1.0,0.0,2209.086739923805,5.276920506730676,77.93113,0.0,11.408701539039612,42.0,3
1576,10,0.5,0.0,2232.86090278998,7.739855442196131,7.08453845,0.0,8.149072527885437,29.5,4
696,10,0.8,0.0,2048.007354605943,112.00135154649615,9.445351,0.3748803882686775,5.704350769519806,47.0,3
702,10,0.7,0.0,2076.005113311112,168.00813097506762,7.31066785,0.21421736472495856,12.223608791828156,41.0,2
1653,10,0.8,0.0,2212.745593627915,13.665970182046294,22.6145735,0.13924128707122305,27.706846594810486,40.0,2
1592,10,0.4,0.2,2236.160075175576,29.480849159881473,6.610871749999999,0.0589097752993636,13.853423297405243,20.0,7
121,10,1.0,0.0,2202.0067165140063,0.0027152709662914276,299.303545,0.28919344237869404,39.93045538663864,49.0,4
2468,10,0.8,0.0,2232.5008197221905,5.7598622515797615,31.8122895,0.010710868236247928,11.408701539039612,52.0,6
2469,10,0.8,0.0,2244.5009084185585,16.963982954621315,46.575886999999994,0.021421736472495855,10.593794286251068,53.5,6
100,10,0.7,0.1,2239.5963589660823,20.922225434333086,6.79419775,0.010710868236247928,9.778887033462524,44.0,5
1079,10,0.0,0.0,2223.3658626209944,19.686412066221237,603.68708,0.08568694588998342,21.187588572502136,30.0,2
1087,10,1.0,0.0,2205.0003060139716,36.936665419489145,12.704958999999999,0.04284347294499171,13.853423297405243,29.5,5
988,10,0.9,0.0,2237.4552749097347,6.51774718426168,67.7948715,0.021421736472495855,9.778887033462524,49.0,5
2437,10,0.5,0.1,2252.4965257616714,16.448633978143334,17.6935045,0.05355434118123964,14.668330550193787,39.5,4
2449,10,0.8,0.0,2203.618331695907,237.1929418295622,10.910585000000001,0.0,6.51925802230835,49.0,6
1748,10,0.6,0.0,2284.0015434194356,21.505304612219334,86.94721,0.21421736472495856,29.336661100387573,44.0,5
1520,10,0.9,0.0,1976.0114364326,112.00022860430181,9.443152999999999,0.34810321767805763,8.96397978067398,57.5,2
1536,10,0.7,0.0,2217.9998906794935,32.922828337177634,6.66183935,0.15530758942559497,16.298145055770874,43.5,6
751,10,1.0,0.0,2228.4932606853545,33.641040325164795,7.714014499999999,0.08568694588998342,15.48323780298233,51.0,4
1560,10,0.5,0.0,2209.086613613181,28.951987391337752,71.201481,0.021421736472495855,12.223608791828156,33.5,6
1702,10,0.9,0.0,2203.6717431619763,237.18205629847944,14.6603765,0.0,7.334165275096893,47.0,7
1708,10,0.4,0.0,2016.0062548238784,168.00101031549275,11.362939749999999,0.09639781412623134,14.668330550193787,29.0,2
1712,10,0.8,0.1,2203.548407764174,3.238656558096409,9.96461425,0.05355434118123964,13.0385160446167,48.5,3
1715,10,0.9,0.0,2242.500205989927,0.2136800903826952,20435.1515,0.010710868236247928,9.778887033462524,64.0,3
1659,10,0.8,0.0,2191.0445711109787,12.800864642485976,12.894386,0.0,5.704350769519806,52.0,3
1508,10,1.0,0.0,2237.5200437381864,7.80740799382329,60.565602999999996,0.04284347294499171,11.408701539039612,49.0,5
1516,10,0.6,0.0,2227.5056566577405,12.042759684845805,59.614850000000004,0.33203691532368573,40.745362639427185,61.0,2
1519,10,0.8,0.1,2202.639261377044,12.8056644462049,11.917484,0.0,7.334165275096893,52.0,3
1767,10,0.9,0.0,2277.4952293839306,35.759634571149945,131.736195,0.08568694588998342,17.113052308559418,56.5,4
1782,10,0.7,0.0,2191.4362595416605,234.24190026707947,7.1474972,0.0,7.334165275096893,43.0,5
135,10,1.0,0.0,2204.529084265232,13.522654073312879,40.062933,0.23028366707933046,30.96647560596466,44.5,4
144,10,0.6,0.3,2239.07483543735,3.8277138955891132,8.3045703,0.24634996943370233,22.817403078079224,28.5,1
2462,10,0.4,0.2,1975.580073427409,218.54676865041256,7.69539215,0.021421736472495855,8.149072527885437,9.5,5
1110,10,1.0,0.0,2236.0716186231,43.35024137981236,39.39154,0.0,8.96397978067398,53.0,5
1116,10,0.7,0.0,2243.4466294944286,13.813282595947385,7.71395275,0.0,7.334165275096893,42.0,5
963,10,0.9,0.0,2275.4472305532545,39.996576961129904,12.996172999999999,0.08568694588998342,12.223608791828156,64.0,4
1123,10,1.0,0.0,2206.3868650002405,7.328237639740109,25.082428999999998,0.0,8.149072527885437,49.0,5
2416,10,0.9,0.0,2203.67199415341,257.5718034058809,16.321011499999997,0.0,9.778887033462524,52.0,6
2423,10,0.4,0.0,2256.0020628152415,23.68940436281264,6.4349489,0.13388585295309907,17.113052308559418,18.5,4
2435,10,1.0,0.0,2231.8262883927673,5.744030233472586,29.648222,0.03748803882686774,10.593794286251068,35.5,5
571,10,0.9,0.0,2226.993804448284,26.003405218943954,11.384304,0.09104238000810738,13.0385160446167,46.5,4
576,10,1.0,0.0,2242.5001619849354,3.431259887292981,15474.4925,0.021421736472495855,9.778887033462524,64.0,3
1878,10,0.7,0.1,2374.9951613135636,583.7489485275,8.391995,0.32132604708743784,8.96397978067398,39.0,6
772,10,0.9,0.0,2203.6717464216053,18.989827716723084,79.289767,0.0,8.149072527885437,55.0,3
1493,10,1.0,0.0,2257.4980589561164,25.009153177961707,19.6144755,0.0749760776537355,15.48323780298233,49.0,6
578,10,1.0,0.0,2250.4529119469225,14.980514999479055,18.429671,0.010710868236247928,9.778887033462524,56.5,3
584,10,1.0,0.0,2237.5794863328338,7.938544498756528,18.9912215,0.021421736472495855,8.96397978067398,54.0,4
1851,10,1.0,0.0,2228.511882945895,32.988069811835885,35.147540000000006,0.13924128707122305,21.187588572502136,50.5,4
2402,10,0.7,0.0,2240.9578457009047,0.00151083804666996,9.101492,0.3909466906230493,10.593794286251068,35.0,2
2390,10,0.5,0.1,2203.6105843726546,260.9199215658009,7.3089175,0.021421736472495855,8.149072527885437,30.5,6
2361,10,0.6,0.0,2191.044352715835,13.250400079414248,8.736992,0.0,8.149072527885437,39.0,4
196,10,0.4,0.0,2217.870313907042,14.236460672691464,6.6534473,0.149952155307471,14.668330550193787,20.0,3
2371,10,0.8,0.0,2277.5117988931015,547.5012888200581,9.025326,0.10710868236247928,17.113052308559418,32.0,2
2373,10,0.7,0.1,2024.0106307901442,227.71530644968152,7.08172925,0.13924128707122305,13.0385160446167,49.0,3
1177,10,0.9,0.0,2024.0046648541465,24.00006167590618,17.8705005,0.35345865179618163,5.704350769519806,63.0,2
1200,10,1.0,0.0,2234.64044672437,29.13536108098924,344.338745,0.03213260470874378,13.0385160446167,54.0,4
2335,10,1.0,0.0,2256.0022005345672,0.26214425452053547,87.46615,0.13388585295309907,25.262124836444855,49.0,2
219,10,0.8,0.0,2225.7545717293397,50.03157467581332,10.743896,0.439145597686165,8.96397978067398,40.0,2
221,10,1.0,0.0,2203.6799965426326,0.0004987232387065887,1710.9263,0.0,9.778887033462524,53.0,3
1926,10,0.9,0.0,2225.1145248301327,145.10296727530658,7.9166257,0.28919344237869404,8.96397978067398,54.0,4
1469,10,1.0,0.0,2242.6090124063194,3.986876690760255,146.633545,0.0,8.96397978067398,59.5,4
798,10,1.0,0.0,2242.500150576234,0.213623046875,3945.6237499999997,0.04284347294499171,11.408701539039612,55.0,1
1476,10,0.9,0.0,2202.6473737787455,13.805589871481061,7.658742,0.0,8.149072527885437,47.0,3
551,10,0.7,0.0,2232.856060611084,3.773333504796028,6.24174675,0.0,8.149072527885437,34.5,7
561,10,1.0,0.0,2008.0051694530994,16.000032424926758,31.89015,0.3427477835599337,30.96647560596466,64.0,2
1911,10,0.7,0.0,2204.242186388001,13.808826683089137,8.854659,0.0,4.889443516731262,32.0,3
1858,10,0.8,0.0,2228.0107255792245,12.042759684845805,51.541508,0.33203691532368573,40.745362639427185,55.0,3
570,10,1.0,0.0,2275.4472305532545,24.991583777591586,14.778157,0.0749760776537355,12.223608791828156,63.0,4
229,10,1.0,0.0,2203.679746366106,28.088237857446074,67.0318025,0.0,8.149072527885437,55.0,3
269,10,1.0,0.0,2242.5001619849354,0.213623046875,15050.88,0.021421736472495855,9.778887033462524,64.0,1
272,10,1.0,0.0,2237.5735961832106,6.239167880266905,45.0803485,0.021421736472495855,10.593794286251068,49.0,5
263,10,0.7,0.0,2128.0063970480114,247.23005504347384,8.5058875,0.06962064353561154,12.223608791828156,44.5,6
296,10,1.0,0.0,2269.667269429192,29.718929203227162,20.365946,0.13924128707122305,19.55777406692505,56.0,5
1977,10,1.0,0.0,2256.002656882629,0.0007317867130041122,1072.5250999999998,0.13388585295309907,27.706846594810486,49.0,3
1978,10,0.4,0.1,2217.867602710612,1.9454280845820904,7.34297965,0.16066302354371892,21.187588572502136,27.0,1
1439,10,0.7,0.0,1971.9242992578074,0.08828705176711082,9.6303145,0.0,5.704350769519806,45.0,1
530,10,1.0,0.0,2236.4637862192467,12.066303985193372,18.95732,0.010710868236247928,10.593794286251068,49.0,5
299,10,0.8,0.0,2229.5496836304665,11.068427236750722,10.7236625,0.08568694588998342,16.298145055770874,50.5,5
2229,10,0.2,0.0,2237.49876243528,0.0001825392246246338,62.534814999999995,0.021421736472495855,17.92795956134796,19.0,3
2239,10,0.8,0.0,2250.4529119469225,16.92259544506669,19.178593,0.01606630235437189,8.96397978067398,56.5,5
2242,10,0.6,0.0,2235.965710831806,14.263577526435256,13.9583185,0.010710868236247928,14.668330550193787,29.5,6
1274,10,0.3,0.3,2148.22987455409,236.22370907105505,8.916440999999999,0.021421736472495855,9.778887033462524,9.0,4
904,10,0.7,0.0,2252.4935114197433,43.0414192378521,158.37142,0.299904310614942,39.1155481338501,45.0,3
329,10,0.0,0.1,2226.5053425217047,0.04283152520656586,12.975288500000001,0.299904310614942,15.48323780298233,23.0,2
2197,10,1.0,0.0,2255.99584588781,7.04636937007308,31.707639999999998,0.03213260470874378,11.408701539039612,49.5,6
894,10,1.0,0.0,2249.477381585166,13.465154217556119,28.7391145,0.010710868236247928,11.408701539039612,60.0,4
1320,10,0.8,0.0,2204.5288919471204,7.185521302744746,12.879238999999998,0.20350649648871064,18.742866814136505,36.0,4
342,10,0.6,0.0,2203.741405508481,17.639642115682364,6.69083185,0.0,9.778887033462524,32.5,6
344,10,1.0,0.0,2232.7551873167977,30.48562491312623,12.298838499999999,0.0,8.149072527885437,51.0,8
359,10,0.4,0.0,2217.4276016885415,7.101613562554121,6.7625074,0.15530758942559497,14.668330550193787,25.5,3
380,10,1.0,0.0,2237.5203762203455,1.7622499726712704,205.77148,0.021421736472495855,9.778887033462524,45.5,4
822,10,0.7,0.1,2226.4115589205176,21.882543107494712,17.231831,0.16601845766184287,30.96647560596466,40.0,2
826,10,0.4,0.0,2527.2709544515237,585.9466718975455,6.7798485500000005,0.22492823296120648,5.704350769519806,12.0,4
472,10,0.8,0.0,2232.808101689443,10.917962761595845,6.97082565,0.021421736472495855,9.778887033462524,43.5,5
1994,10,1.0,0.0,2237.5085193198174,4.096152493730187,10.141678500000001,0.03213260470874378,8.149072527885437,46.5,4
2000,10,1.0,0.0,2252.565940376371,14.980464475229383,23.2039445,0.010710868236247928,8.149072527885437,61.0,3
489,10,1.0,0.0,2256.072650081478,0.26214588433504105,41.495039000000006,0.3748803882686775,44.819898903369904,49.0,2
494,10,0.0,0.2,2226.5053417067975,0.08146953769028187,10.5347765,0.29454887649681805,15.48323780298233,22.0,4
496,10,1.0,0.0,2241.1071970127523,11.828514048829675,13.071843000000001,0.33203691532368573,15.48323780298233,55.0,4
385,10,1.0,0.0,2215.3966433834285,29.11993325687945,29.247334,0.0,8.149072527885437,52.0,4
1327,10,0.9,0.0,2237.5161501113325,7.658936781808734,18.941927,0.04819890706311568,11.408701539039612,54.0,4
1332,10,0.9,0.0,2234.6079465933144,14.219088479876518,295.8042,0.03213260470874378,13.0385160446167,49.0,4
390,10,0.6,0.0,1971.9206867739558,0.12069917283952236,8.645482999999999,0.0,7.334165275096893,42.0,1
421,10,1.0,0.0,2231.8920074030757,5.955265602096915,14.939004,0.03213260470874378,9.778887033462524,49.0,3
438,10,0.9,0.0,1971.932624350302,218.2089276611805,10.5691375,0.0,8.149072527885437,63.5,2
2055,10,0.6,0.0,2230.070465593599,31.858445378020406,10.1588195,0.03748803882686774,14.668330550193787,41.0,7
1380,10,1.0,0.0,2252.4359398521483,14.054178958758712,27.759573,0.021421736472495855,10.593794286251068,64.0,3
1393,10,1.0,0.0,2238.334835274145,4.009998869150877,8.4471255,0.25706083766995025,22.817403078079224,42.0,1
835,10,0.9,0.0,2256.0023789992556,35.75963294133544,87.48716999999999,0.06426520941748756,15.48323780298233,46.5,5
841,10,1.0,0.0,2236.9680157862604,5.96289150416851,16.129769500000002,0.010710868236247928,9.778887033462524,41.0,4
1396,10,0.5,0.1,2197.0598326297477,259.8840147256851,6.900493000000001,0.0,4.889443516731262,27.0,6
455,10,1.0,0.0,2016.004835255444,16.00003894418478,26.814675,0.0749760776537355,15.48323780298233,62.5,1
2009,10,0.0,0.3,2226.5346457716078,13.579914346337318,16.481278000000003,0.29454887649681805,14.668330550193787,7.5,4
2013,10,1.0,0.0,2250.453055370599,13.20531778037548,32.083894,0.0,9.778887033462524,51.0,5
2024,10,1.0,0.0,2235.104248742573,32.6579948887229,36.859477999999996,0.0,8.96397978067398,55.0,5
2073,10,0.9,0.0,2210.999975912273,27.755103772506118,17.710355,0.0,7.334165275096893,49.0,7
1363,10,1.0,0.0,2203.6794521845877,0.0001043081283569336,598.33293,0.0749760776537355,16.298145055770874,34.0,3
1368,10,1.0,0.0,2000.0074577983469,203.5409768577665,9.994016,0.04284347294499171,13.0385160446167,63.0,3
2653,10,0.8,0.0,2205.000420915894,231.88424645923078,8.536714,0.03213260470874378,13.853423297405243,45.5,7
1028,10,1.0,0.0,2239.391889772378,11.716594686731696,11.946521,0.010710868236247928,8.149072527885437,54.5,6
1037,10,0.7,0.0,2238.4280647384003,20.609286380931735,38.078291,0.021421736472495855,10.593794286251068,37.0,6
2624,10,0.6,0.0,2247.078971005976,16.236472874879837,6.1430018,0.0,4.889443516731262,27.0,5
4,10,1.0,0.0,2202.0067165140063,0.003319932147860527,242.40205500000002,0.28383800826057004,40.745362639427185,49.0,4
2660,10,0.8,0.0,2235.114348703064,33.73631276190281,25.756769,0.04284347294499171,14.668330550193787,47.0,6
2672,10,0.7,0.0,2196.548378909938,237.18982888385653,9.364051,0.0,8.149072527885437,41.5,6
29,10,0.3,0.0,2218.0953146889806,1.5554248820990324,6.56360265,0.15530758942559497,12.223608791828156,25.5,1
2643,10,0.8,0.0,2204.5288251247257,8.859634166583419,11.905952,0.19815106237058666,23.632310330867767,37.0,5
2649,9,1.0,0.0,2205.0002196338028,32.06007624976337,33.927975,0.03213260470874378,11.408701539039612,55.0,4
2644,9,0.8888888888888888,0.0,2032.0050045847893,88.0002158228308,11.412245,0.22492823296120648,4.889443516731262,62.0,4
17,9,0.8888888888888888,0.0,2225.1149632502347,193.1040391791612,19.440693,0.28919344237869404,13.0385160446167,51.0,4
14,9,0.5555555555555556,0.1111111111111111,1971.9201799016446,10.122800711542368,6.625336,0.0,6.51925802230835,36.0,1
11,9,0.7777777777777778,0.0,2232.8511173836887,4.681837745010853,6.6341095,0.0,8.149072527885437,39.0,5
9,9,0.7777777777777778,0.0,2232.712064869702,9.953249478712678,10.114021,0.0,8.149072527885437,49.0,5
3,9,1.0,0.0,2203.679497819394,0.0004987232387065887,2973.9966,0.0,11.408701539039612,49.0,2
1631,9,1.0,0.0,2203.8105251267552,1.451975665986538,12.275265,0.06426520941748756,13.0385160446167,48.0,4
717,9,0.8888888888888888,0.0,2203.548423247412,5.539068020880222,61.27152,0.010710868236247928,11.408701539039612,43.0,2
716,9,0.5555555555555556,0.0,2203.720045974478,36.50334826670587,6.3638315,0.06426520941748756,11.408701539039612,42.0,4
708,9,0.6666666666666666,0.0,2223.3660940546542,1.6298145055770874e-06,797.8647,0.010710868236247928,14.668330550193787,38.0,2
51,9,1.0,0.0,2232.7648187056184,4.690493689849973,61.7616,0.021421736472495855,11.408701539039612,49.0,2
2633,9,1.0,0.0,2256.0030561871827,0.0,1440.2653,0.24634996943370233,39.1155481338501,49.0,1
2622,9,1.0,0.0,2240.9578457009047,50.02807546406984,7.0983233,0.4284347294499171,9.778887033462524,35.0,3
2620,9,1.0,0.0,2232.5008963234723,28.620954137295485,17.939886,0.010710868236247928,14.668330550193787,49.0,7
2613,9,0.5555555555555556,0.3333333333333333,2235.4068784043193,35.73551005683839,7.8062463,0.010710868236247928,9.778887033462524,43.0,5
45,9,1.0,0.0,2235.471880296245,6.235574139282107,60.732845,0.04284347294499171,11.408701539039612,49.0,3
44,9,0.3333333333333333,0.1111111111111111,2208.059513475746,27.98077929764986,7.776729,0.021421736472495855,9.778887033462524,21.0,4
40,9,0.7777777777777778,0.0,2237.4551543034613,7.106662727892399,18.847313,0.021421736472495855,9.778887033462524,49.0,6
35,9,0.8888888888888888,0.0,2223.365867510438,28.08153280057013,325.4764,0.03213260470874378,14.668330550193787,49.0,5
1044,9,0.8888888888888888,0.0,2239.2825414426625,16.75011869519949,9.449861,0.0,6.51925802230835,49.0,7
1015,9,0.8888888888888888,0.0,2284.0039001312107,41.67819349095225,27.758324,0.20350649648871064,26.0770320892334,48.0,5
1036,9,1.0,0.0,2277.4952293839306,22.69143797457218,256.09784,0.08568694588998342,17.92795956134796,64.0,2
2038,9,0.6666666666666666,0.0,2032.0106730796397,234.9915497470647,10.009319,0.12853041883497512,16.298145055770874,52.0,5
2033,9,0.8888888888888888,0.1111111111111111,2032.0109240710735,228.5170138347894,8.085883,0.25706083766995025,8.149072527885437,55.0,5
2028,9,1.0,0.0,2209.0709845069796,6.435772404074669,15.753395,0.0,8.149072527885437,49.0,4
1378,9,0.8888888888888888,0.0,2238.7365323957056,9.98256984166801,18.29398,0.04284347294499171,11.408701539039612,55.0,5
859,9,0.4444444444444444,0.0,1971.9524926040322,231.81050061248243,7.305774,0.0,6.51925802230835,26.0,3
855,9,1.0,0.0,2008.0051694530994,0.001082196831703186,32.513435,0.3427477835599337,39.1155481338501,64.0,2
850,9,0.7777777777777778,0.1111111111111111,2320.1924986205995,24.545880034565926,662.0589,0.28919344237869404,14.668330550193787,47.0,2
1347,9,1.0,0.0,2239.282520255074,9.243118111044168,31.045061,0.0,8.149072527885437,55.0,4
2080,9,0.8888888888888888,0.0,2284.001864492893,0.00210409052670002,100.80815,0.21421736472495856,29.336661100387573,49.0,3
2074,9,0.8888888888888888,0.0,2209.1009893920273,29.04991968534887,10.886884,0.0,11.408701539039612,49.0,6
430,9,0.5555555555555556,0.0,2224.9715379439294,242.99296108074486,7.86869,0.439145597686165,8.149072527885437,36.0,3
425,9,1.0,0.0,2243.5086683835834,0.7907534018158913,146.30238,0.010710868236247928,11.408701539039612,64.0,3
422,9,1.0,0.0,2242.713829036802,0.21366705186665058,2187.5247,0.010710868236247928,9.778887033462524,64.0,2
2006,9,0.0,0.1111111111111111,2226.5389615204185,0.1832351554185152,12.068184,0.4070129929774213,8.149072527885437,7.0,3
1404,9,0.8888888888888888,0.0,2237.516899826005,12.776088202372193,34.364056,0.10710868236247928,17.92795956134796,49.0,5
1402,9,1.0,0.0,2000.007770722732,103.99971692822874,10.58568,0.2677717059061982,14.668330550193787,62.0,4
1401,9,1.0,0.0,2210.9999808017164,29.086574213579297,21.132622,0.0,6.51925802230835,49.0,7
437,9,1.0,0.0,2239.5565898623317,15.045916195958853,14.810521,0.0,8.149072527885437,49.0,7
2092,9,0.7777777777777778,0.0,2210.993702756241,14.547062572091818,10.18768,0.16066302354371892,19.55777406692505,44.0,6
2088,9,0.6666666666666666,0.0,2237.581495894119,13.022881234064698,7.665429,0.06426520941748756,13.0385160446167,34.0,5
2085,9,0.8888888888888888,0.0,2277.5117997080088,27.02826843596995,12.497797,0.08568694588998342,13.0385160446167,64.0,4
411,9,1.0,0.0,2203.8104778621346,19.686464220285416,7.5056834,0.05355434118123964,13.0385160446167,44.0,5
1341,9,0.8888888888888888,0.0,2320.1924986205995,1.6298145055770874e-06,779.0985,0.28919344237869404,14.668330550193787,47.0,1
1337,9,1.0,0.0,2257.499478524551,35.74902447871864,66.09147,0.0749760776537355,16.298145055770874,49.0,3
1331,9,0.8888888888888888,0.0,2210.1155146956444,33.349189441651106,11.554086,0.021421736472495855,8.149072527885437,48.0,5
879,9,1.0,0.0,2203.8104778621346,19.686464220285416,8.783946,0.05355434118123964,13.0385160446167,48.0,5
1321,9,1.0,0.0,2256.001925095916,0.26214425452053547,133.97429,0.149952155307471,24.44721758365631,48.0,3
2118,9,0.8888888888888888,0.0,2210.9954189509153,20.586041966453195,23.513166,0.299904310614942,29.336661100387573,47.0,3
382,9,0.0,0.1111111111111111,2226.531690917909,0.08147116750478745,16.308401,0.2784825741424461,13.0385160446167,7.0,4
1971,9,0.5555555555555556,0.0,1971.927005564794,3.952538128942251,9.372354,0.0,4.889443516731262,39.0,1
487,9,0.7777777777777778,0.0,2224.9715379439294,194.9927220121026,7.895094,0.439145597686165,6.51925802230835,36.0,3
1998,9,1.0,0.0,2239.2825251445174,19.73632676526904,252.92955,0.021421736472495855,9.778887033462524,55.0,5
1997,9,0.8888888888888888,0.0,2239.1000234056264,45.461475383490324,50.187046,0.010710868236247928,11.408701539039612,49.0,7
1989,9,0.7777777777777778,0.1111111111111111,2205.0002196338028,37.0752289891243,28.419668,0.06426520941748756,16.298145055770874,64.0,4
477,9,1.0,0.0,2237.5200437381864,24.07546015456319,47.426334,0.04284347294499171,11.408701539039612,49.0,4
1428,9,1.0,0.0,2215.3966433834285,28.858286095783114,41.591526,0.0,11.408701539039612,47.0,5
1416,9,0.7777777777777778,0.0,2237.4554411508143,7.323444355279207,7.9947796,0.010710868236247928,8.149072527885437,43.0,5
379,9,1.0,0.0,2253.51281859912,10.004207259044051,110.60404,0.021421736472495855,8.149072527885437,64.0,2
378,9,1.0,0.0,2232.7648187056184,5.0081852823495865,68.59399,0.021421736472495855,9.778887033462524,49.0,4
2137,9,1.0,0.0,2242.500150576234,3.9775411132723093,379.65152,0.04284347294499171,11.408701539039612,54.0,2
2178,9,0.8888888888888888,0.0,2284.526609349996,44.97883515432477,13.146738,0.16066302354371892,19.55777406692505,44.0,6
2172,9,0.7777777777777778,0.0,2252.4935114197433,31.51093958877027,47.673485,0.299904310614942,34.226104617118835,45.0,3
2152,9,1.0,0.0,2215.205325977877,9.686121251434088,21.672775,0.010710868236247928,11.408701539039612,36.0,2
1318,9,0.6666666666666666,0.0,2255.8708521537483,583.2966701127589,7.3611193,0.22492823296120648,8.149072527885437,40.0,6
895,9,1.0,0.0,2232.764800777659,20.67537698894739,32.489925,0.010710868236247928,8.149072527885437,49.0,5
882,9,1.0,0.0,2277.4952293839306,19.99575085937977,247.96147,0.08568694588998342,17.92795956134796,64.0,2
306,9,0.3333333333333333,0.1111111111111111,2218.0953146889806,6.828908110037446,6.2760243,0.16066302354371892,19.55777406692505,12.0,2
2202,9,0.8888888888888888,0.0,2250.4529119469225,15.266726724803448,39.227314,0.010710868236247928,9.778887033462524,50.0,4
328,9,0.0,0.2222222222222222,2226.5383258927613,0.18350733444094658,14.540104,0.3855912565049254,11.408701539039612,4.0,3
2192,9,0.8888888888888888,0.0,2232.8608653042465,16.341507900506258,8.871545,0.010710868236247928,9.778887033462524,46.0,7
2222,9,0.7777777777777778,0.0,2237.500078510493,0.01657521352171898,38.111984,0.16066302354371892,29.336661100387573,38.0,2
2218,9,0.7777777777777778,0.0,2824.99199709855,547.4801615346223,12.440068,0.20350649648871064,24.44721758365631,42.0,4
1276,9,0.8888888888888888,0.0,2237.451439956203,12.127482332289219,7.5492506,0.10710868236247928,17.92795956134796,49.0,6
1267,9,0.8888888888888888,0.0,2209.0859869495034,21.015432896092534,16.742504,0.0,8.149072527885437,49.0,6
297,9,0.8888888888888888,0.0,2239.0498348977417,3.8699994329363108,6.62628,0.24634996943370233,17.92795956134796,37.0,1
539,9,0.0,0.0,2226.5383258927613,0.18257182091474533,12.949152,0.41772386121366917,11.408701539039612,6.0,4
538,9,0.6666666666666666,0.0,2226.576937828213,194.9927220121026,7.5106087,0.439145597686165,8.149072527885437,35.0,4
532,9,0.8888888888888888,0.0,2242.713829036802,10.001066606491804,1778.9476,0.010710868236247928,9.778887033462524,64.0,3
1947,9,0.8888888888888888,0.0,2239.282530033961,4.772476619109511,148.45642,0.010710868236247928,11.408701539039612,49.0,4
1963,9,1.0,0.0,2232.7216644771397,9.941421914845705,19.70018,0.0,13.0385160446167,49.0,5
1962,9,1.0,0.0,2239.282523514703,14.967518858611584,24.589727,0.0,11.408701539039612,49.0,6
1958,9,1.0,0.0,2256.134753348306,0.26214425452053547,45.322155,0.3748803882686775,45.63480615615845,49.0,1
1955,9,1.0,0.0,2209.087523864582,35.28893436305225,36.663296,0.0,9.778887033462524,55.0,5
1949,9,1.0,0.0,2239.28253329359,9.91910812444985,45.175606,0.021421736472495855,9.778887033462524,55.0,7
1455,9,1.0,0.0,2203.720191027969,3.957217326387763,22.850832,0.0749760776537355,16.298145055770874,47.0,4
807,9,0.7777777777777778,0.0,2232.7217019628733,31.229275045916438,10.717889,0.021421736472495855,11.408701539039612,40.0,4
804,9,1.0,0.0,2237.455043476075,14.35033418238163,8.8189335,0.04284347294499171,9.778887033462524,46.0,5
291,9,0.8888888888888888,0.0,2203.6877430509776,17.66472985036671,7.168034,0.0,8.149072527885437,41.0,6
2245,9,0.8888888888888888,0.0,2242.5042919348925,14.727761736139655,47.165005,0.010710868236247928,9.778887033462524,55.0,4
2272,9,1.0,0.0,2190.8473717048764,12.856395682319999,15.509748,0.0,9.778887033462524,59.0,3
2265,9,0.8888888888888888,0.0,2209.0859902091324,29.09317659214139,23.333736,0.0,8.149072527885437,55.0,8
251,9,0.0,0.4444444444444444,2106.3095859717578,85.01616236753762,7.6002936,0.03213260470874378,9.778887033462524,3.0,2
246,9,1.0,0.0,2255.871585570276,13.807552168145776,46.488567,0.149952155307471,24.44721758365631,47.0,3
2292,9,1.0,0.0,2237.5164402183145,26.929138228297234,41.23259,0.10710868236247928,17.92795956134796,54.0,4
918,9,1.0,0.0,2259.5473404508084,35.261527402326465,21.418262,0.04284347294499171,13.0385160446167,57.0,4
2326,9,1.0,0.0,2284.004452638328,29.19647260569036,53.241226,0.21421736472495856,27.706846594810486,38.0,4
2317,9,0.4444444444444444,0.0,2252.5662353727967,12.805278180167079,7.215198,0.0,9.778887033462524,28.0,4
2311,9,0.7777777777777778,0.0,2237.520335474983,19.62831080891192,65.09916,0.0,11.408701539039612,55.0,6
1864,9,0.5555555555555556,0.0,2024.0101125091314,167.99982218071818,6.3376603,0.4070129929774213,6.51925802230835,39.0,3
1912,9,1.0,0.0,2232.7120567206293,30.211543897166848,23.515366,0.0,13.0385160446167,47.0,5
1899,9,1.0,0.0,2239.215326262638,21.775390952825546,17.590921,0.010710868236247928,11.408701539039612,48.0,7
555,9,0.6666666666666666,0.0,2191.0475585609674,13.239946449175477,10.343766,0.0,8.149072527885437,51.0,5
1467,9,1.0,0.0,2223.3578260056674,19.678520504385233,489.5027,0.0,9.778887033462524,64.0,6
1463,9,0.7777777777777778,0.0,2247.4925494752824,14.23029019497335,56.107155,0.021421736472495855,11.408701539039612,61.0,5
1460,9,0.8888888888888888,0.0,2237.5085519161075,41.97483439929783,11.280478,0.03213260470874378,6.51925802230835,48.0,4
235,9,1.0,0.0,2255.8719848748296,6.627159891650081,62.360817,0.25706083766995025,34.226104617118835,49.0,2
234,9,0.5555555555555556,0.1111111111111111,2203.671744791791,8.297729538753629,7.052991,0.0,9.778887033462524,28.0,4
2347,9,0.8888888888888888,0.0,2232.7648187056184,30.012786388397217,42.932056,0.021421736472495855,9.778887033462524,49.0,7
2344,9,0.7777777777777778,0.0,2252.5140976067632,36.54805407859385,16.59933,0.0749760776537355,14.668330550193787,55.0,6
211,9,0.8888888888888888,0.0,2237.4551543034613,7.807890418916941,16.843895,0.010710868236247928,9.778887033462524,49.0,5
1198,9,0.7777777777777778,0.0,2238.7364704627544,10.916332947090268,16.187206,0.021421736472495855,13.0385160446167,49.0,6
944,9,1.0,0.0,2024.0052100270987,87.9938742145896,17.387148,0.36416952003242953,11.408701539039612,63.0,2
939,9,1.0,0.0,2247.492551105097,13.835201971232891,50.99824,0.0,9.778887033462524,55.0,5
1183,9,0.6666666666666666,0.1111111111111111,2024.0112452302128,104.00057910010219,10.194958,0.2677717059061982,11.408701539039612,62.0,3
2374,9,0.3333333333333333,0.1111111111111111,2218.0953146889806,21.866841474547982,6.8865623,0.16066302354371892,21.187588572502136,25.0,2
2372,9,0.7777777777777778,0.0,2279.560256516561,547.4803620018065,6.4076285,0.18208476001621476,1.6298145055770874,27.0,5
201,9,1.0,0.0,2237.5199573580176,10.952837532386184,498.04688,0.04284347294499171,13.0385160446167,49.0,2
2368,9,0.4444444444444444,0.0,2239.6998358890414,14.742756029590964,6.8786674,0.24634996943370233,8.149072527885437,27.0,2
2391,9,0.7777777777777778,0.0,2235.406880034134,7.916713133454323,9.327328,0.04284347294499171,13.0385160446167,43.0,4
2389,9,1.0,0.0,2204.789998009801,32.730275532230735,1507.8777,0.010710868236247928,11.408701539039612,49.0,4
2386,9,1.0,0.0,2229.549898765981,9.005016880109906,31.870289,0.13924128707122305,21.187588572502136,49.0,4
180,9,0.8888888888888888,0.0,2250.4531987942755,9.848325280472636,39.32591,0.0,8.149072527885437,51.0,3
947,9,0.5555555555555556,0.0,2202.8362611308694,13.373095775023103,7.5628304,0.0,6.51925802230835,37.0,4
1165,9,0.8888888888888888,0.0,2250.4531987942755,15.266726724803448,42.046227,0.0,9.778887033462524,41.0,4
1156,9,0.8888888888888888,0.0,2232.860857155174,6.5995866898447275,31.463373,0.010710868236247928,9.778887033462524,49.0,6
177,9,0.0,0.0,2030.1738949492574,0.21362467668950558,79.99598,0.05355434118123964,6.51925802230835,10.0,1
1822,9,0.8888888888888888,0.0,2237.5085975509137,9.996384149417281,61.907215,0.0,8.149072527885437,55.0,7
1818,9,0.4444444444444444,0.0,2032.01050683856,111.99393752031028,10.224485,0.3855912565049254,4.889443516731262,28.0,4
1855,9,1.0,0.0,2245.4932054970413,16.713327262550592,41.048946,0.021421736472495855,13.0385160446167,61.0,5
588,9,0.8888888888888888,0.0,2277.4950745515525,21.510182647034526,71.11874,0.0749760776537355,16.298145055770874,64.0,5
1495,9,0.1111111111111111,0.0,2217.8798890672624,6.368909263983369,6.628949,0.149952155307471,22.817403078079224,10.0,2
784,9,1.0,0.0,2284.002327360213,0.001230509951710701,166.59741,0.3106151788511899,39.1155481338501,55.0,3
779,9,0.8888888888888888,0.0,2239.5565898623317,10.916557861492038,14.056405,0.0,8.149072527885437,55.0,5
1487,9,0.7777777777777778,0.0,1971.9342305324972,218.54386595077813,10.023552,0.0,6.51925802230835,45.0,2
172,9,0.8888888888888888,0.0,2320.1924986205995,1.6298145055770874e-06,649.71643,0.28919344237869404,14.668330550193787,47.0,1
2397,9,1.0,0.0,2238.7365323957056,10.255190543830395,23.315777,0.04284347294499171,11.408701539039612,55.0,6
2434,9,0.8888888888888888,0.0,2231.891950359568,35.33226624131203,14.143534,0.021421736472495855,8.149072527885437,49.0,5
2433,9,0.8888888888888888,0.0,2227.5021492969245,12.237176997587085,16.14331,0.021421736472495855,11.408701539039612,49.0,6
150,9,1.0,0.0,2203.8105251267552,26.86511748470366,10.984265,0.06426520941748756,13.0385160446167,48.0,6
968,9,0.8888888888888888,0.0,2237.451496999711,11.198427760973573,15.0075655,0.09639781412623134,16.298145055770874,47.0,5
1734,9,0.4444444444444444,0.0,2253.0013110954314,11.899673379957676,6.3860536,0.0,4.889443516731262,18.0,3
1764,9,1.0,0.0,2235.4721964802593,10.083276079967618,14.894378,0.010710868236247928,8.149072527885437,49.0,5
1762,9,0.5555555555555556,0.0,2243.6396842822433,15.882744453847408,7.078975,0.021421736472495855,6.51925802230835,45.0,5
627,9,0.7777777777777778,0.0,2320.1924986205995,3.259629011154175e-06,760.9092,0.28919344237869404,14.668330550193787,47.0,1
1798,9,0.1111111111111111,0.1111111111111111,2106.027166824788,131.2624178826809,8.121937,0.03213260470874378,6.51925802230835,9.0,1
1514,9,0.8888888888888888,0.0,2239.2825251445174,15.045785810798407,40.358063,0.0,6.51925802230835,55.0,7
1513,9,1.0,0.0,2204.790011048317,19.67783272266388,535.2844,0.0,8.149072527885437,53.0,6
768,9,1.0,0.0,2245.90015062131,11.59919099882245,42.500145,0.03213260470874378,11.408701539039612,64.0,4
1504,9,0.8888888888888888,0.0,2237.516899826005,4.874489968642592,41.537388,0.10710868236247928,19.55777406692505,48.0,5
1830,9,0.8888888888888888,0.0,2203.6882450338453,20.907297963276505,20.82577,0.0,9.778887033462524,49.0,7
1829,9,0.8888888888888888,0.1111111111111111,2239.5565898623317,16.899103298783302,14.056319,0.0,6.51925802230835,55.0,7
1700,9,0.5555555555555556,0.0,2203.548923600465,18.632393097504973,6.426469,0.0,4.889443516731262,28.0,7
741,9,0.8888888888888888,0.0,2203.6877430509776,18.96590366959572,20.144686,0.0,8.149072527885437,49.0,6
1542,9,0.7777777777777778,0.0,2225.4540151916444,26.001226156949997,10.17683,0.08568694588998342,13.0385160446167,35.0,4
1538,9,0.8888888888888888,0.0,2242.713829036802,0.2136800903826952,1981.461,0.010710868236247928,9.778887033462524,64.0,2
645,9,0.8888888888888888,0.0,2238.736317260191,6.834941683337092,11.87514,0.0,9.778887033462524,49.0,6
1741,9,0.7777777777777778,0.0,1971.9111556187272,3.877089126035571,9.1436405,0.0,6.51925802230835,39.0,2
134,9,1.0,0.0,2240.668638376519,11.828514048829675,7.650047,0.33203691532368573,8.149072527885437,39.0,2
1106,9,1.0,0.0,2255.9958605561405,1.500899437814951,36.48788,0.03213260470874378,11.408701539039612,53.0,3
1093,9,0.8888888888888888,0.0,2239.288799930364,19.74051701836288,22.51414,0.04284347294499171,11.408701539039612,55.0,3
986,9,1.0,0.0,2242.713829036802,10.001022601500154,1858.363,0.010710868236247928,9.778887033462524,64.0,1
982,9,0.5555555555555556,0.1111111111111111,2223.2267530635,31.155814416706562,10.423704,0.021421736472495855,9.778887033462524,36.0,5
1088,9,1.0,0.0,2203.7198373582214,3.1482866033911705,97.12301,0.08568694588998342,16.298145055770874,55.0,4
1073,9,1.0,0.0,2256.13412912935,28.131339931860566,63.946136,0.24634996943370233,32.59629011154175,49.0,3
1612,9,0.6666666666666666,0.0,2243.377595441416,20.78279317356646,7.0639577,0.0,4.889443516731262,40.0,6
1644,9,1.0,0.0,2255.9957513585687,1.329659717157483,95.58533,0.05355434118123964,16.298145055770874,48.0,3
1635,9,0.8888888888888888,0.0,2205.00037772581,29.22513452358544,10.6677065,0.03213260470874378,13.0385160446167,48.0,6
1583,9,1.0,0.0,2262.4991447664797,27.869594981893897,98.747154,0.24634996943370233,30.96647560596466,39.0,3
1577,9,0.7777777777777778,0.0,2253.381512593478,11.899675009772182,7.2063923,0.0,9.778887033462524,49.0,4
689,9,1.0,0.0,2239.3497256562114,0.258519547060132,11.959686,0.0,6.51925802230835,54.0,3
1670,9,0.8888888888888888,0.0,2237.581495894119,587.5616453122348,7.3801455,0.10710868236247928,16.298145055770874,47.0,6
2484,9,1.0,0.0,2215.3967183548957,33.632509876042604,40.76379,0.0,8.149072527885437,61.0,4
2546,9,0.8888888888888888,0.1111111111111111,2000.007770722732,112.00027586892247,9.723074,0.2677717059061982,11.408701539039612,62.0,4
2539,9,0.0,0.1111111111111111,2774.979662382975,6.51925802230835e-06,11.368879,0.13924128707122305,16.298145055770874,12.0,1
2514,9,0.5555555555555556,0.0,2205.00037772581,29.571840073913336,7.2591023,0.021421736472495855,8.149072527885437,42.0,7
2573,9,0.8888888888888888,0.0,2239.282530033961,9.972280822694302,74.71019,0.0,11.408701539039612,36.0,6
2563,9,1.0,0.0,2252.5009710807353,14.980514999479055,23.250767,0.010710868236247928,11.408701539039612,58.0,5
77,9,1.0,0.0,2008.0051694530994,16.00112277083099,30.64093,0.3427477835599337,14.668330550193787,64.0,2
2557,9,0.6666666666666666,0.0,2203.5482521168888,24.882911005988717,9.358716,0.10710868236247928,14.668330550193787,44.0,4
1008,9,1.0,0.0,2203.8110645953566,19.55502131022513,12.445811,0.0,8.149072527885437,49.0,5
2594,9,0.1111111111111111,0.0,2774.979662382975,517.4817615188658,11.902467,0.09639781412623134,14.668330550193787,12.0,3
2619,8,1.0,0.0,2238.6325616389513,14.980563893914223,16.566577,0.021421736472495855,11.408701539039612,52.5,5
8,8,1.0,0.0,2239.2252656864002,5.815960466861725,13.0919505,0.0,9.778887033462524,49.0,5
2656,8,0.625,0.0,2203.810553648509,23.00223708152771,13.1670935,0.08033151177185946,14.668330550193787,32.0,4
2611,8,0.875,0.0,2246.49288400542,8.391926297917962,33.9658935,0.021421736472495855,13.0385160446167,59.5,6
2641,8,1.0,0.0,2024.0049851126969,8.00001947209239,18.376289,0.22492823296120648,12.223608791828156,64.0,1
2607,8,0.875,0.0,2254.2548649944365,35.75962968170643,28.0861655,0.05355434118123964,14.668330550193787,49.0,3
30,8,1.0,0.0,2256.1337298247963,28.131739236414433,54.9309175,0.14459672118934702,24.44721758365631,49.0,3
23,8,0.5,0.0,1976.012587081641,104.00673490948975,9.4992055,0.3802358223868014,5.704350769519806,35.0,4
16,8,1.0,0.0,2024.0049851126969,195.71484392508864,26.913303,0.23028366707933046,29.336661100387573,64.0,2
10,8,0.875,0.0,2196.895913220942,237.13675397448242,20.9071815,0.0,7.334165275096893,56.0,6
1040,8,1.0,0.0,2253.5128528252244,17.931307200342417,90.214675,0.03213260470874378,12.223608791828156,59.5,5
726,8,1.0,0.0,2243.5085917823017,13.764748349785805,178.278215,0.010710868236247928,8.149072527885437,64.0,3
2533,8,0.625,0.0,2239.457968971692,19.713525660336018,8.17673715,0.0,13.853423297405243,46.5,7
82,8,1.0,0.0,2284.00332480669,21.505307871848345,93.5997175,0.2088619306068346,29.336661100387573,49.0,5
1075,8,0.875,0.0,2238.5948355076835,4.009998869150877,8.071704,0.2517054035518263,17.113052308559418,39.5,1
1069,8,0.75,0.0,2203.8110678549856,6.234728265553713,7.7651147,0.0,8.96397978067398,40.5,4
1066,8,0.5,0.0,2232.8080837614834,37.09606290794909,6.344904,0.0,7.334165275096893,22.0,7
1007,8,0.75,0.0,2232.8511173836887,4.746001912280917,8.4006225,0.0,7.334165275096893,49.0,4
2516,8,0.875,0.0,2238.12039650511,15.693607740104198,8.7013635,0.021421736472495855,6.51925802230835,48.5,5
1546,8,1.0,0.0,2257.496745325625,18.589853309094906,32.9931715,0.06426520941748756,15.48323780298233,51.0,6
1562,8,0.0,0.25,2212.9976778523996,13.421403476968408,9.7087835,0.30525974473306594,34.226104617118835,11.5,2
1561,8,0.875,0.125,2024.0041196811944,24.000048637390137,18.027095,0.3427477835599337,12.223608791828156,63.0,2
752,8,0.5,0.0,2223.3660940546542,0.0,837.2489499999999,0.010710868236247928,14.668330550193787,35.5,2
1461,8,1.0,0.0,2256.7463029408827,3.9864887949079275,106.7162625,0.04284347294499171,12.223608791828156,54.0,5
746,8,0.75,0.0,1988.0095636472106,87.99410075880587,10.937697499999999,0.24099453531557835,21.187588572502136,54.5,4
742,8,1.0,0.0,2203.671993338503,232.92368021793664,8.9657395,0.0,9.778887033462524,43.5,7
1552,8,0.75,0.125,2238.3599010063335,16.87190169468522,10.280513,0.021421736472495855,9.778887033462524,49.5,5
720,8,1.0,0.0,2242.3263357486576,0.5802856758236885,52.544025500000004,0.06426520941748756,15.48323780298233,63.0,2
709,8,1.0,0.0,2237.516467925161,3.441284876316786,38.253264,0.10710868236247928,19.55777406692505,54.0,4
1609,8,0.875,0.125,2212.2441094834358,0.7530639413744211,28.7907045,0.021421736472495855,18.742866814136505,42.0,1
2483,8,1.0,0.0,1971.9342305324972,3.22285876609385,13.646178,0.0,11.408701539039612,64.0,2
106,8,1.0,0.0,2237.5525422394276,0.12999889440834522,109.764658,0.03213260470874378,11.408701539039612,49.0,2
983,8,1.0,0.0,2232.2628904366866,33.94621983170509,313.19775500000003,0.021421736472495855,9.778887033462524,49.0,3
1086,8,1.0,0.0,2204.7900126781315,4.297516075894237,1489.3479,0.021421736472495855,12.223608791828156,49.0,2
1082,8,1.0,0.0,2028.010651934892,55.9988128952682,12.580239,0.12853041883497512,18.742866814136505,61.0,2
2476,8,1.0,0.0,2202.0045765675604,25.50108009018004,244.504975,0.33203691532368573,42.37517714500427,49.0,4
129,8,0.25,0.0,1971.8978115124628,3.952538128942251,7.5155525,0.0,4.889443516731262,11.0,2
116,8,1.0,0.0,2008.0046283546835,16.000032424926758,31.455975,0.3427477835599337,23.632310330867767,64.0,2
2562,8,0.875,0.0,2225.3685843897983,14.220356475561857,24.235983,0.010710868236247928,13.0385160446167,47.0,5
78,8,1.0,0.0,2208.7666851002723,207.3917721863836,30.847075500000003,0.2356391011974544,30.96647560596466,63.0,4
2556,8,0.875,0.0,2237.581697991118,2.1130854729563,8.247125149999999,0.1178195505987272,19.55777406692505,44.0,6
2554,8,0.75,0.0,2242.3261776566505,7.660128176212311e-05,58.436396,0.149952155307471,26.0770320892334,59.0,2
141,8,0.75,0.125,2265.7954038586468,23.672374431043863,7.0042069,0.13924128707122305,15.48323780298233,35.0,4
2443,8,0.75,0.0,2252.515898551792,9.741772897541523,7.2844715,0.0,12.223608791828156,39.0,2
2441,8,0.625,0.0,2238.5286536300555,17.050206661224365,19.787218,0.010710868236247928,14.668330550193787,27.0,6
1105,8,1.0,0.0,2239.1522834077477,2.047990681603551,60.077566,0.04284347294499171,11.408701539039612,49.0,4
1100,8,1.0,0.0,2252.5010843528435,10.79903356730938,373.087295,0.021421736472495855,11.408701539039612,64.0,3
1096,8,0.75,0.0,2209.087237017229,23.678830126300454,55.235771,0.021421736472495855,9.778887033462524,52.0,3
2428,8,0.5,0.0,2203.679994912818,5.539069650694728,74.47115,0.021421736472495855,13.0385160446167,33.5,5
1599,8,1.0,0.0,2240.9093505702913,5.144318798556924,31.6615315,0.010710868236247928,13.0385160446167,57.5,4
1598,8,1.0,0.0,2237.5200861133635,2.047990681603551,62.819531,0.04284347294499171,12.223608791828156,49.0,3
817,8,0.875,0.0,2203.7197884637862,196.52397674508393,33.815595,0.2677717059061982,30.96647560596466,37.0,3
1581,8,0.625,0.0,2259.605836123228,585.2966692764312,7.9694316999999995,0.2517054035518263,26.0770320892334,22.0,4
1573,8,1.0,0.0,2190.1200832799077,13.595060212537646,25.980605500000003,0.0,7.334165275096893,63.0,2
1571,8,0.875,0.0,2232.6904649380594,9.547689696773887,11.950322,0.0,6.51925802230835,49.0,5
727,8,1.0,0.0,2231.760879047215,32.73026249371469,756.0946,0.021421736472495855,9.778887033462524,49.0,3
1413,8,0.875,0.0,2203.614209895022,0.2621475141495466,67.45035250000001,0.010710868236247928,11.408701539039612,43.0,2
683,8,0.875,0.0,2244.09600708168,13.759922469034791,8.4955845,0.0,8.149072527885437,61.0,4
682,8,0.875,0.0,2284.0026223566383,21.50377258658409,182.18365,0.29454887649681805,39.1155481338501,55.0,3
2405,8,0.75,0.0,2202.005580533296,1.6298145055770874e-06,545.38375,0.20350649648871064,34.226104617118835,29.0,1
1109,8,0.625,0.0,2240.998136345297,5.988438846543431,234.725345,0.0,9.778887033462524,53.5,5
2451,8,0.25,0.125,1971.9638809328899,231.33413190953434,6.57211985,0.0,7.334165275096893,17.0,4
1676,8,0.5,0.0,2203.6799957277253,5.405995296314359,186.114525,0.01606630235437189,13.0385160446167,27.5,3
1674,8,0.875,0.0,2242.500205989927,0.2136800903826952,16793.0555,0.010710868236247928,9.778887033462524,64.0,3
1437,8,0.875,0.0,2238.1224451819435,15.727393794804811,10.845099999999999,0.0,4.889443516731262,49.0,6
1619,8,1.0,0.0,2082.621273584664,231.76831286400557,16.533584,0.0,6.51925802230835,55.0,5
666,8,1.0,0.0,2205.0003051990643,32.06007624976337,30.688789999999997,0.03213260470874378,10.593794286251068,55.0,4
1687,8,0.875,0.0,2203.6717464216053,41.663825046271086,76.1331775,0.0,6.51925802230835,55.0,3
1684,8,1.0,0.0,2250.94799825456,19.979297881945968,50.5136945,0.03748803882686774,11.408701539039612,49.0,5
1682,8,0.625,0.0,2242.3259877832606,36.54805407859385,32.969530000000006,0.08033151177185946,16.298145055770874,46.0,5
830,8,0.625,0.0,2221.0670565254986,26.455365819856524,6.9144707499999996,0.16066302354371892,12.223608791828156,43.5,4
825,8,0.625,0.0,2239.1498354263604,3.7722871638834476,8.3997655,0.24634996943370233,26.0770320892334,38.5,1
821,8,0.75,0.0,2236.4637503633276,30.196554493159056,14.945888,0.0,12.223608791828156,52.0,6
1425,8,1.0,0.0,2237.5201284885406,2.113077323883772,88.716925,0.03213260470874378,10.593794286251068,49.0,2
1421,8,1.0,0.0,2242.713773623109,0.213623046875,498.76487,0.04284347294499171,11.408701539039612,54.0,1
635,8,0.875,0.0,2024.0101125091314,120.00229675322771,6.66964015,0.4284347294499171,7.334165275096893,39.0,1
205,8,0.875,0.0,2255.871585570276,13.80755053833127,52.303301000000005,0.149952155307471,26.0770320892334,47.0,3
195,8,0.875,0.0,2203.6795067833737,3.1075135339051485,490.32725500000004,0.04819890706311568,16.298145055770874,32.0,2
2367,8,0.875,0.0,2284.001222345978,0.0032319221645593643,79.17368300000001,0.21421736472495856,29.336661100387573,44.0,3
2362,8,1.0,0.0,1975.1498643308878,219.10735312849283,18.154826,0.0,9.778887033462524,64.0,4
1133,8,0.625,0.0,2217.7503147395328,237.4446145258844,8.23860175,0.16601845766184287,17.92795956134796,36.5,5
2418,8,1.0,0.0,2256.13412912935,28.130934108048677,68.33144999999999,0.25706083766995025,35.85591912269592,49.0,3
160,8,1.0,0.0,2236.9677607202902,2.9915946070104837,9.285030500000001,0.03213260470874378,9.778887033462524,47.0,3
1731,8,0.875,0.0,2240.959354909137,0.2913929056376219,17.688095,0.36416952003242953,10.593794286251068,55.0,4
672,8,1.0,0.0,2235.042856889777,7.521970430389047,37.2531635,0.010710868236247928,11.408701539039612,55.0,4
1395,8,1.0,0.0,2203.8110645953566,5.399246234446764,11.173998000000001,0.0,8.96397978067398,48.0,4
1365,8,0.875,0.0,2270.268610678613,46.94500914774835,17.644515,0.14995215530747097,20.372681319713593,48.0,3
1810,8,1.0,0.0,2243.111198185943,13.764996081590652,343.7193,0.021421736472495855,9.778887033462524,64.0,5
1806,8,0.875,0.0,2237.485639168881,5.084219388663769,16.0457365,0.04284347294499171,13.0385160446167,49.0,3
1805,8,0.75,0.0,2223.3660940546542,1.6298145055770874e-06,785.8647000000001,0.010710868236247928,14.668330550193787,39.5,2
2339,8,0.625,0.125,2232.764901826158,268.48981506191194,6.719781149999999,0.021421736472495855,6.51925802230835,38.5,6
1159,8,0.875,0.0,2256.0030561871827,6.496090209111571,1547.6891,0.24634996943370233,39.1155481338501,49.0,2
1157,8,0.5,0.0,2242.5042919348925,13.40120518580079,147.33397300000001,0.010710868236247928,9.778887033462524,37.5,4
1151,8,1.0,0.0,2203.8105707615614,5.538813769817352,57.516735,0.010710868236247928,10.593794286251068,49.0,2
1139,8,1.0,0.0,2242.713773623109,15.992895467206836,380.05089999999996,0.04284347294499171,11.408701539039612,54.0,3
2394,8,0.625,0.0,2241.028383257799,22.657118970528245,7.022346499999999,0.010710868236247928,7.334165275096893,41.5,5
1795,8,1.0,0.0,2000.0113057903945,112.00027586892247,7.8455238000000005,0.16066302354371892,18.742866814136505,56.0,2
611,8,0.625,0.0,2016.0055898595601,88.00129150040448,9.1244945,0.3427477835599337,7.334165275096893,58.5,3
1791,8,1.0,0.0,2278.3651787322015,29.719525715336204,15.8846595,0.17137389177996684,19.55777406692505,54.5,3
1778,8,1.0,0.0,2253.381512593478,14.428332215175033,6.74698675,0.0,11.408701539039612,47.0,4
1774,8,0.75,0.0,2245.50060974434,17.040659207850695,67.40686099999999,0.0,9.778887033462524,36.0,5
1763,8,1.0,0.0,2252.5140959769487,29.00382853113115,17.307662,0.03213260470874378,16.298145055770874,52.0,3
582,8,1.0,0.0,2824.98591626063,547.4767291452736,7.9926018,0.03213260470874378,10.593794286251068,57.0,3
579,8,1.0,0.0,2237.454957095906,6.97590596973896,71.645573,0.04284347294499171,13.0385160446167,49.0,4
233,8,1.0,0.0,2239.3497256562114,2.5382600724697113,10.379901,0.0,9.778887033462524,52.0,4
226,8,1.0,0.0,2238.73635311611,1.8389229662716389,40.917649999999995,0.0,8.149072527885437,52.0,3
956,8,1.0,0.0,2239.2825414426625,6.570476572960615,14.044170000000001,0.0,8.96397978067398,55.0,3
955,8,1.0,0.0,2227.5021753739566,28.43292895704508,14.3032705,0.0,8.96397978067398,56.5,4
1167,8,0.75,0.125,2202.944817370735,13.3980514947325,8.791821500000001,0.0,4.889443516731262,35.5,3
247,8,0.75,0.0,2255.8708521537483,585.4276705067605,6.9313605,0.16066302354371892,17.92795956134796,35.0,5
2353,8,0.5,0.0,2238.5244177421555,12.042759684845805,24.499302,0.299904310614942,40.745362639427185,23.5,2
2350,8,1.0,0.0,2248.5018495935947,13.466225005686283,28.8582635,0.0,8.149072527885437,60.0,5
1826,8,0.625,0.0,2190.9398587886244,12.794865295290947,9.296434999999999,0.0,8.149072527885437,38.0,3
604,8,0.625,0.0,2204.021171317436,18.053430831059813,7.5915327,0.0,6.51925802230835,36.0,4
1825,8,0.875,0.0,2241.603957954794,19.75816790945828,7.11266975,0.0,8.149072527885437,31.5,5
1819,8,1.0,0.0,2202.005358063616,0.00044656917452812195,758.8250499999999,0.22492823296120648,36.67082637548447,38.5,2
1815,8,1.0,0.0,2256.0036812210456,0.26214588433504105,42.6712865,0.3748803882686775,45.63480615615845,49.0,1
1369,8,0.875,0.0,2232.5009093619883,30.471660662442446,27.6364085,0.04284347294499171,10.593794286251068,43.5,5
1872,8,1.0,0.0,2215.3967183548957,15.9825689624995,39.4445965,0.0,9.778887033462524,61.0,2
1185,8,0.75,0.0,2207.7613315777853,137.84438790753484,8.6759935,0.13388585295309907,16.298145055770874,52.0,6
1173,8,0.125,0.25,2083.119995193556,230.97356967628002,7.09318685,0.0,5.704350769519806,15.0,4
214,8,0.875,0.0,2237.455043476075,6.72946497797966,8.6085685,0.04284347294499171,10.593794286251068,41.0,3
2328,8,0.25,0.0,2240.3836905723438,39.68200157396495,7.45290325,0.23028366707933046,24.44721758365631,25.5,3
1860,8,1.0,0.0,2241.7439981363714,19.935820950195193,90.073635,0.0,10.593794286251068,55.0,4
1856,8,0.875,0.0,2253.039523726329,3.494920441880822,126.517592,0.021421736472495855,10.593794286251068,64.0,4
1845,8,0.625,0.0,2231.913133058697,35.736232064664364,9.2009265,0.08568694588998342,17.92795956134796,48.5,5
587,8,0.75,0.0,2243.5086683835834,9.996648179367185,165.711025,0.010710868236247928,9.778887033462524,64.0,3
586,8,0.625,0.0,2247.4925494752824,8.019613102078438,43.928616500000004,0.021421736472495855,9.778887033462524,58.0,3
1325,8,0.875,0.125,2229.549898765981,7.967001060023904,33.4153645,0.12853041883497512,17.92795956134796,55.0,4
897,8,0.875,0.0,2240.9600312821567,0.2954902593046427,22.598979,0.36416952003242953,29.336661100387573,49.0,3
546,8,1.0,0.0,2235.0777479587123,6.067634792998433,35.11437,0.0,7.334165275096893,55.0,4
1342,8,1.0,0.0,2228.5157945007086,1.0101378429681063,30.9714605,0.33203691532368573,40.745362639427185,49.0,2
878,8,0.875,0.0,2256.002379814163,1.6298145055770874e-06,1953.3348999999998,0.06426520941748756,17.92795956134796,46.0,1
1940,8,1.0,0.0,2239.288799930364,5.247596884146333,19.2664585,0.03213260470874378,10.593794286251068,55.0,4
1930,8,0.875,0.0,2256.002379814163,1.6298145055770874e-06,2128.0895499999997,0.06426520941748756,17.92795956134796,46.0,1
537,8,1.0,0.0,2237.4875427922234,0.12999889440834522,131.5107125,0.03748803882686774,13.0385160446167,49.0,2
1910,8,1.0,0.0,2203.6838714266196,5.537064978852868,68.70008250000001,0.0,10.593794286251068,55.0,3
1982,8,0.875,0.0,2237.4514961848035,13.163746101781726,14.7567085,0.09639781412623134,18.742866814136505,50.5,5
2255,8,0.875,0.0,2217.879890697077,28.554371325299144,8.00196115,0.16066302354371892,20.372681319713593,49.0,5
2254,8,0.25,0.25,2240.620979340747,587.539347819984,6.420109999999999,0.24634996943370233,7.334165275096893,15.5,3
1187,8,0.375,0.0,2237.4988186638802,0.00024284236133098602,21.214688000000002,0.06426520941748756,22.817403078079224,21.0,3
936,8,1.0,0.0,2203.679747181013,0.0004987232387065887,2248.9976,0.0,10.593794286251068,51.0,2
2305,8,0.625,0.125,2244.034970528446,16.020493116229773,9.654558,0.021421736472495855,10.593794286251068,36.5,7
2302,8,1.0,0.0,2231.7608105950058,26.97081258520484,308.97217,0.010710868236247928,11.408701539039612,49.0,2
1967,8,0.75,0.0,2252.9738739831373,15.33393538556993,7.42121835,0.0,11.408701539039612,41.0,4
1965,8,1.0,0.0,2024.0046648541465,88.00022560171783,10.5159085,0.35345865179618163,4.889443516731262,63.0,2
1961,8,0.125,0.0,2190.744184073992,12.813927605748177,8.616628,0.0,8.96397978067398,20.5,3
889,8,1.0,0.0,2238.736191764474,1.7623966559767723,183.321035,0.021421736472495855,9.778887033462524,49.0,4
888,8,1.0,0.0,2242.3263357486576,0.5802856758236885,50.9723775,0.06426520941748756,14.668330550193787,63.0,3
1951,8,0.875,0.0,2214.0739258611575,33.82860426791012,599.622275,0.0,8.96397978067398,53.0,7
1945,8,0.875,0.0,2238.527655368671,45.010803965851665,11.0377505,0.03748803882686774,14.668330550193787,49.0,4
441,8,1.0,0.0,2202.0062137162313,0.003319932147860527,328.98842,0.299904310614942,40.745362639427185,49.0,4
2207,8,0.625,0.0,2257.978729554452,34.041769336909056,7.66369375,0.4230792953317931,7.334165275096893,35.0,2
2205,8,1.0,0.0,2223.3578260056674,28.08053372427821,402.358075,0.0,8.96397978067398,56.5,5
2195,8,0.625,0.0,2239.417689736001,12.880950467661023,7.1105297499999995,0.03213260470874378,11.408701539039612,30.0,5
331,8,1.0,0.0,2202.0072918385267,0.0011799857020378113,300.01769,0.299904310614942,39.93045538663864,49.0,3
1221,8,1.0,0.0,2232.77445579879,6.801491370424628,12.305396,0.0,8.149072527885437,51.5,5
1213,8,0.875,0.0,2191.0397900501266,0.21129893139004707,15.032729,0.0,9.778887033462524,59.0,2
1208,8,0.0,0.0,2030.1738949492574,3.259629011154175e-06,86.772785,0.06426520941748756,6.51925802230835,11.5,1
266,8,0.875,0.0,2237.4818408861756,10.864141397178173,15.013724,0.03213260470874378,9.778887033462524,49.0,4
286,8,0.625,0.0,2190.7428965205327,12.80926470644772,8.690109,0.0,9.778887033462524,48.5,3
280,8,1.0,0.0,2227.5056566577405,1.0101378429681063,56.5363525,0.33203691532368573,39.93045538663864,61.0,2
2029,8,0.875,0.0,2203.4567958908156,232.96893038786948,7.864501649999999,0.0,5.704350769519806,41.5,5
2007,8,0.375,0.0,2223.3660940546542,19.686596235260367,594.9741750000001,0.0,14.668330550193787,24.0,3
2002,8,0.625,0.0,2774.9796982388943,586.1293447669595,8.8004425,0.27312714002432215,8.96397978067398,39.5,6
464,8,1.0,0.0,2203.7196026649326,23.782440694049,33.3967365,0.0749760776537355,15.48323780298233,55.0,2
458,8,1.0,0.0,2228.4933633636683,26.003326987847686,9.390601,0.08568694588998342,13.0385160446167,48.0,5
1283,8,0.625,0.125,2241.6040940443054,17.946772510185838,6.6517394,0.021421736472495855,7.334165275096893,45.0,5
912,8,1.0,0.0,2284.5263273920864,29.71869776956737,16.803380999999998,0.13388585295309907,19.55777406692505,47.0,3
467,8,0.875,0.0,2237.455043476075,4.734950140118599,10.9541125,0.04284347294499171,9.778887033462524,49.0,4
404,8,0.625,0.0,2226.55056824442,26.003403589129448,13.420569,0.10710868236247928,16.298145055770874,31.0,3
432,8,1.0,0.0,2008.0046283546835,16.000032424926758,30.508691,0.3427477835599337,17.92795956134796,64.0,2
2177,8,0.625,0.0,2000.0072866678238,168.00813097506762,10.323473,0.14995215530747097,19.55777406692505,58.0,2
2163,8,1.0,0.0,1971.9306180486456,3.2684088218957186,14.277517499999998,0.0,5.704350769519806,64.0,2
347,8,1.0,0.0,2202.136206906289,35.64214613288641,31.2956645,0.22492823296120648,30.96647560596466,48.0,3
1233,8,1.0,0.0,2237.451439956203,26.321373879909515,7.821786749999999,0.09104238000810738,13.853423297405243,43.5,5
346,8,1.0,0.0,2190.1200832799077,13.567659771069884,20.910513,0.0,6.51925802230835,63.0,4
305,8,0.625,0.0,2056.010799133219,234.98896649107337,7.900367699999999,0.11246411648060324,17.92795956134796,55.0,3
2064,8,0.0,0.0,2226.505343336612,0.009224750101566315,12.785714500000001,0.3266814812055618,17.92795956134796,15.0,1
2050,8,1.0,0.0,2242.500205989927,0.21366705186665058,17401.135499999997,0.010710868236247928,9.778887033462524,64.0,2
448,8,1.0,0.0,2209.9628678988665,26.63737372495234,35.67217599999999,0.22492823296120648,30.96647560596466,47.0,3
909,8,0.875,0.0,2008.0051694530994,24.001143872737885,28.61811,0.3427477835599337,12.223608791828156,64.0,2
899,8,1.0,0.0,2252.436228329316,12.805274920538068,43.042713,0.0,8.96397978067398,60.0,2
443,8,0.375,0.0,1971.9075431348756,6.2575016636401415,6.513316,0.0,5.704350769519806,31.0,2
1239,8,0.875,0.0,2242.3261776566505,1.368452562019229,55.4342,0.13924128707122305,21.187588572502136,59.0,3
1234,8,0.875,0.125,2000.0074577983469,203.5409768577665,10.2470295,0.04284347294499171,10.593794286251068,63.0,4
2148,8,0.375,0.125,2106.5758438780904,94.39348103478551,8.962698499999998,0.03213260470874378,8.96397978067398,9.0,3
2138,8,1.0,0.0,2237.4431979842484,26.57949412241578,10.892948,0.08033151177185946,14.668330550193787,49.0,3
2122,8,0.875,0.0,2235.147387487814,9.991753846406937,9.518735,0.0,8.149072527885437,43.5,7
2121,8,1.0,0.0,2239.2825414426625,19.67977383174002,14.490154,0.0,10.593794286251068,55.0,7
2119,8,1.0,0.0,2197.251545265317,238.23027312755585,7.12984395,0.0,12.223608791828156,40.0,5
384,8,1.0,0.0,2252.5012351106852,7.056694244965911,41.8287985,0.0,9.778887033462524,44.5,3
371,8,0.875,0.0,2237.5085193198174,6.990562891587615,7.0478787,0.03213260470874378,9.778887033462524,44.5,5
1248,8,0.875,0.0,2256.0032982146367,39.975030813366175,49.3035425,0.0749760776537355,14.668330550193787,49.0,5
330,8,1.0,0.0,2203.6799965426326,0.0004987232387065887,1809.5425500000001,0.0,9.778887033462524,53.0,2
325,8,0.25,0.125,2226.5238286927342,242.99296108074486,10.948381,0.439145597686165,7.334165275096893,15.0,4
2193,8,0.875,0.0,2244.5522907655686,15.883450163528323,8.0891918,0.010710868236247928,6.51925802230835,55.0,3
2184,8,1.0,0.0,2233.986438019201,33.84053613990545,103.58952,0.04284347294499171,14.668330550193787,49.0,4
2113,8,0.75,0.0,2244.6489884750918,14.428332215175033,6.7775719500000005,0.0,10.593794286251068,42.0,5
2109,8,1.0,0.0,2241.7439883574843,0.0,17.855005499999997,0.0,8.96397978067398,48.0,1
392,8,0.25,0.125,1971.927911741659,218.55974197387695,6.467232,0.0,6.51925802230835,16.0,2
1264,8,0.625,0.0,2245.465792831965,15.11079422198236,7.9265311999999994,0.0,9.778887033462524,38.5,5
1254,8,1.0,0.0,2239.152091089636,20.523980259895325,58.408429999999996,0.03213260470874378,11.408701539039612,49.0,5
2084,8,0.875,0.0,2032.007772824727,87.99309027381241,12.080509500000002,0.1017532482443553,17.92795956134796,59.5,3
406,8,0.875,0.0,2024.0048547275364,56.000134674832225,22.401189000000002,0.0749760776537355,14.668330550193787,61.0,1
2160,8,0.375,0.0,2083.2905935822055,234.1190790757537,6.9990652,0.0,8.149072527885437,31.0,5
2159,8,0.625,0.0,2245.5968380672857,16.236472874879837,7.26900325,0.0,6.51925802230835,30.0,5
2157,8,0.5,0.0,2238.943058415316,2.226147335022688,6.7676685,0.35345865179618163,6.51925802230835,28.5,4
2605,8,0.625,0.0,2232.8127588843927,35.60253349132836,83.172285,0.01606630235437189,9.778887033462524,45.5,6
55,8,1.0,0.0,2212.2441094834358,0.0,36.766386,0.021421736472495855,17.92795956134796,42.0,1
53,8,0.625,0.0,2224.9715379439294,242.99296108074486,7.775455000000001,0.439145597686165,3.259629011154175,35.5,3
1049,8,1.0,0.0,2241.3516944507137,40.043577551841736,28.011879,0.0749760776537355,16.298145055770874,51.5,7
1046,8,0.625,0.0,1971.936386777088,233.1227718386799,9.148107,0.0,8.149072527885437,37.5,3
1497,8,0.25,0.0,2064.004950458184,87.99737342633307,10.3554915,0.1017532482443553,15.48323780298233,17.0,3
1491,8,0.0,0.25,2106.299445265904,1.182379899546504,7.7742487,0.03213260470874378,9.778887033462524,6.0,1
780,8,0.75,0.125,2206.4410294406116,28.202810557559133,6.355693,0.0,9.778887033462524,39.0,6
1535,8,0.75,0.125,2277.512213680893,29.195921728387475,31.53635,0.17672932589809082,26.0770320892334,47.5,4
1524,8,1.0,0.0,2215.3967183548957,4.396737553179264,39.411317,0.0,10.593794286251068,61.0,3
1517,8,1.0,0.0,2190.1081831892952,231.73751262947917,21.398398999999998,0.0,6.51925802230835,63.0,3
1013,8,0.75,0.0,2032.0073221810162,112.00028727762401,8.418732,0.35345865179618163,7.334165275096893,44.0,3
2625,8,0.0,0.25,2264.9734664009884,1.1408701539039612e-05,63.769079,0.06426520941748756,25.262124836444855,7.5,1
1019,7,0.8571428571428571,0.0,2032.0050045847893,112.00027586892247,6.5680017,0.25706083766995025,6.51925802230835,53.0,2
1041,7,0.8571428571428571,0.14285714285714285,2237.5735961832106,6.431168178096414,44.820484,0.021421736472495855,9.778887033462524,49.0,5
765,7,1.0,0.0,2232.5004399754107,5.084833828732371,39.69479,0.010710868236247928,11.408701539039612,55.0,2
800,7,1.0,0.0,2237.451496999711,11.407726909965277,29.415047,0.09639781412623134,17.92795956134796,55.0,3
1482,7,0.2857142857142857,0.0,2212.7455919981003,13.665970182046294,25.570263,0.16066302354371892,30.96647560596466,16.0,2
1532,7,0.5714285714285714,0.0,2217.2098886221647,252.51599494367838,7.687603,0.17137389177996684,19.55777406692505,42.0,5
1534,7,0.7142857142857143,0.0,2277.5118339341134,569.1422347445041,8.8628025,0.17137389177996684,22.817403078079224,35.0,5
1539,7,1.0,0.0,2277.51171332784,24.12993344478309,8.989367,0.03213260470874378,9.778887033462524,63.0,2
1543,7,0.8571428571428571,0.0,2252.4359398521483,16.020315466448665,26.775408,0.010710868236247928,9.778887033462524,64.0,2
1544,7,0.8571428571428571,0.14285714285714285,2232.7217019628733,34.63256894610822,6.9990005,0.03213260470874378,11.408701539039612,43.0,7
1545,7,1.0,0.0,2235.406880034134,8.023513248190284,8.5387,0.08568694588998342,9.778887033462524,47.0,4
1499,7,0.5714285714285714,0.0,2239.633033052087,19.934942480176687,7.0759745,0.03213260470874378,9.778887033462524,43.0,5
2567,7,0.7142857142857143,0.0,2235.406880034134,13.163588009774685,10.103162,0.05355434118123964,14.668330550193787,33.0,4
2572,7,0.2857142857142857,0.0,2190.8362596295774,0.40902476757764816,8.37956,0.0,14.668330550193787,10.0,2
1021,7,1.0,0.0,2228.513397043571,0.0015140976756811142,29.236124,0.13924128707122305,24.44721758365631,55.0,2
995,7,1.0,0.0,2223.358018323779,14.162326930090785,286.38437,0.0,8.149072527885437,64.0,5
1001,7,0.5714285714285714,0.0,1971.927005564794,0.06882543675601482,6.7943873,0.0,6.51925802230835,39.0,1
2579,7,0.7142857142857143,0.0,2232.668865006417,23.671466624364257,10.470208,0.0,9.778887033462524,49.0,4
52,7,1.0,0.0,2237.5203762203455,1.2159165926277637,153.82727,0.021421736472495855,9.778887033462524,49.0,3
2161,7,0.14285714285714285,0.0,2190.4334460850805,230.71094299666584,8.277877,0.0,4.889443516731262,20.0,4
2091,7,0.42857142857142855,0.0,2200.5719256121665,32.18754567205906,10.034501,0.021421736472495855,9.778887033462524,19.0,4
1262,7,0.7142857142857143,0.0,2190.8473717048764,12.80087768100202,11.9256115,0.0,6.51925802230835,61.0,3
1266,7,0.8571428571428571,0.0,2203.8110694848,6.435770774260163,8.028608,0.0,9.778887033462524,44.0,5
2101,7,0.5714285714285714,0.0,2241.746182087809,4.8276816960424185,42.31038,0.0749760776537355,17.92795956134796,35.0,5
929,7,1.0,0.0,2250.4529119469225,11.831053299829364,25.033796,0.010710868236247928,9.778887033462524,60.0,2
1247,7,1.0,0.0,2223.365867510438,31.188942026346922,474.22144,0.03213260470874378,13.0385160446167,64.0,4
2115,7,0.2857142857142857,0.14285714285714285,1971.927005564794,231.36082012206316,6.935603,0.0,6.51925802230835,21.0,2
2123,7,1.0,0.0,2215.3967183548957,29.039673041552305,33.122253,0.0,9.778887033462524,61.0,4
2155,7,1.0,0.0,2239.282530033961,5.132748745381832,69.21597,0.0,8.149072527885437,55.0,5
1243,7,1.0,0.0,2231.8920074030757,33.26828870922327,9.67177,0.021421736472495855,8.149072527885437,48.0,6
1244,7,0.2857142857142857,0.0,2190.4325822833925,233.12662146054208,8.027098,0.021421736472495855,6.51925802230835,19.0,6
1272,7,0.5714285714285714,0.0,2064.0050841029733,228.52398944087327,8.489665,0.21421736472495856,6.51925802230835,39.0,3
901,7,0.5714285714285714,0.0,2240.668638376519,13.295438373461366,7.3124375,0.3427477835599337,11.408701539039612,29.0,4
902,7,0.5714285714285714,0.14285714285714285,1971.916367765516,230.93785718083382,6.5932097,0.0,4.889443516731262,45.0,3
906,7,0.8571428571428571,0.0,1971.927005564794,0.04213722422719002,10.211763,0.0,6.51925802230835,64.0,1
449,7,1.0,0.0,2255.8719848748296,28.12923747114837,73.16717,0.25706083766995025,34.226104617118835,49.0,1
424,7,0.7142857142857143,0.0,2232.860857155174,10.95728692598641,37.445686,0.010710868236247928,11.408701539039612,54.0,5
315,7,0.8571428571428571,0.0,2237.455043476075,8.0032953992486,8.94806,0.03213260470874378,8.149072527885437,47.0,4
2223,7,0.8571428571428571,0.0,2254.8082114662975,13.68463970720768,22.527365,0.12853041883497512,19.55777406692505,59.0,3
2232,7,0.8571428571428571,0.0,2227.43704309687,28.55294686742127,9.0068245,0.08568694588998342,11.408701539039612,62.0,4
1229,7,1.0,0.0,2254.8079800326377,42.200351832434535,22.494614,0.18208476001621476,26.0770320892334,54.0,4
1231,7,1.0,0.0,2256.1337298247963,1.3257497921586037,50.82645,0.13924128707122305,26.0770320892334,49.0,3
916,7,0.8571428571428571,0.14285714285714285,2237.4514383263886,12.119181687012315,8.352749,0.08568694588998342,16.298145055770874,51.0,4
920,7,0.8571428571428571,0.14285714285714285,2064.004950458184,204.9928482156247,10.355064,0.04284347294499171,9.778887033462524,52.0,4
348,7,0.7142857142857143,0.0,2212.745593627915,13.665966922417283,18.254559,0.149952155307471,27.706846594810486,40.0,2
352,7,1.0,0.0,2284.001864492893,21.504180040210485,93.88486,0.21421736472495856,27.706846594810486,49.0,3
2181,7,0.5714285714285714,0.0,2203.5482521168888,227.8056601062417,10.412622,0.09639781412623134,14.668330550193787,35.0,3
2069,7,1.0,0.0,2239.5565898623317,14.967518858611584,15.993724,0.0,8.149072527885437,49.0,5
2077,7,0.7142857142857143,0.0,1976.0050866752863,112.00022860430181,7.8723807,0.3427477835599337,3.259629011154175,60.0,2
476,7,1.0,0.0,2242.500150576234,5.1938162650913,1282.4227,0.04284347294499171,11.408701539039612,54.0,3
1990,7,0.8571428571428571,0.0,2232.817663811147,32.388829393312335,9.27064,0.021421736472495855,11.408701539039612,48.0,4
1992,7,0.7142857142857143,0.0,2240.957723464817,18.478494603186846,34.975143,0.12853041883497512,19.55777406692505,39.0,4
1288,7,1.0,0.0,2245.4931614920497,16.963591799139977,13.99046,0.021421736472495855,11.408701539039612,64.0,3
274,7,0.8571428571428571,0.0,2252.5009401142597,9.996648179367185,228.75853,0.010710868236247928,9.778887033462524,64.0,3
1205,7,0.7142857142857143,0.0,2250.45320042409,14.230285305529833,36.700703,0.021421736472495855,11.408701539039612,55.0,5
1210,7,0.0,0.8571428571428571,2226.569139165804,0.181856332346797,23.24997,0.21421736472495856,14.668330550193787,1.0,2
332,7,1.0,0.0,2242.7179019432515,5.988438846543431,123.83508,0.0,8.149072527885437,64.0,2
2204,7,0.8571428571428571,0.0,2227.5143631268293,13.446417870000005,89.72476,0.4070129929774213,37.48573362827301,45.0,2
310,7,0.8571428571428571,0.0,2235.536878928542,30.668956227600574,12.260469,0.03213260470874378,13.0385160446167,44.0,4
2035,7,0.5714285714285714,0.0,2204.528958769515,14.914738945662975,9.710159,0.17137389177996684,21.187588572502136,34.0,4
2049,7,1.0,0.0,2248.501851223409,13.699471019208431,18.997404,0.010710868236247928,13.0385160446167,55.0,4
440,7,1.0,0.0,2202.0078964997083,0.003319932147860527,130.37137,0.3106151788511899,40.745362639427185,49.0,3
1307,7,0.8571428571428571,0.0,1971.927005564794,218.2604770641774,10.987133,0.0,6.51925802230835,55.0,2
887,7,1.0,0.0,2227.5020433589816,14.244006713852286,51.58664,0.0749760776537355,14.668330550193787,64.0,3
507,7,1.0,0.0,2284.0039001312107,29.19647260569036,33.089825,0.20350649648871064,29.336661100387573,48.0,5
508,7,0.14285714285714285,0.0,2080.0107556860894,111.99393752031028,6.791993,0.3855912565049254,8.149072527885437,25.0,3
511,7,0.8571428571428571,0.0,2284.5263273920864,9.079678682610393,15.606935,0.13924128707122305,21.187588572502136,47.0,4
2291,7,0.8571428571428571,0.0,2277.4950745515525,36.53750428929925,193.00053,0.08568694588998342,16.298145055770874,64.0,4
2296,7,1.0,0.0,2203.8105251267552,26.00327809341252,11.179086,0.0749760776537355,16.298145055770874,39.0,4
2234,7,1.0,0.0,2824.98591626063,585.3554094210267,8.92572,0.03213260470874378,16.298145055770874,57.0,3
2235,7,0.8571428571428571,0.0,2223.3660924248397,19.13405815139413,646.87,0.03213260470874378,13.0385160446167,38.0,4
945,7,0.7142857142857143,0.0,2239.215329522267,6.647263653576374,6.896693,0.0,8.149072527885437,26.0,4
1196,7,0.42857142857142855,0.0,2253.6436633672565,11.811506934463978,8.112044,0.021421736472495855,6.51925802230835,10.0,4
2244,7,0.7142857142857143,0.0,2253.5128528252244,10.006792144849896,137.6789,0.03213260470874378,11.408701539039612,64.0,4
2249,7,0.5714285714285714,0.0,2064.0042007435113,248.96010314114392,9.112442,0.3748803882686775,9.778887033462524,36.0,4
2250,7,0.7142857142857143,0.0,2204.637973802164,19.670306239277124,8.88375,0.0,9.778887033462524,48.0,4
2251,7,0.7142857142857143,0.0,2190.8362596295774,232.9599061049521,10.632053,0.0,11.408701539039612,53.0,4
482,7,1.0,0.0,2242.713829036802,0.213623046875,2053.7117,0.010710868236247928,9.778887033462524,64.0,1
495,7,0.5714285714285714,0.14285714285714285,1971.9414555002004,3.9180268067866564,8.717353,0.0,6.51925802230835,39.0,1
1979,7,0.5714285714285714,0.0,2000.0072866678238,103.99894439615309,9.275227,0.18208476001621476,24.44721758365631,45.0,2
873,7,0.7142857142857143,0.0,2064.0114680863917,111.99294659309089,7.1403723,0.25706083766995025,3.259629011154175,40.0,3
1902,7,0.8571428571428571,0.0,2255.9956340119243,15.751854050904512,27.660513,0.0749760776537355,16.298145055770874,49.0,4
1906,7,1.0,0.0,2238.736191764474,6.517623318359256,243.50175,0.021421736472495855,9.778887033462524,49.0,4
1907,7,1.0,0.0,2242.5001228693873,0.0,2897.7327,0.0,11.408701539039612,64.0,1
1908,7,1.0,0.0,2242.5042788963765,5.193592980504036,141.47614,0.0,9.778887033462524,52.0,4
1916,7,0.0,0.0,2191.0475585609674,12.803677702322602,7.3285184,0.0,6.51925802230835,25.0,4
1919,7,0.7142857142857143,0.0,2248.5017110593617,9.741772897541523,10.65298,0.0,8.149072527885437,51.0,4
1922,7,0.42857142857142855,0.0,2203.6882450338453,19.669543486088514,8.4389715,0.0,9.778887033462524,29.0,4
1934,7,0.2857142857142857,0.2857142857142857,2191.047247266397,41.18965985253453,11.593929,0.021421736472495855,8.149072527885437,3.0,2
1937,7,0.42857142857142855,0.14285714285714285,2205.0007509533316,29.120355378836393,6.951248,0.021421736472495855,9.778887033462524,21.0,4
514,7,1.0,0.0,2203.6794521845877,3.1075135339051485,493.90298,0.05355434118123964,14.668330550193787,34.0,4
1944,7,1.0,0.0,2232.500995742157,5.759502062574029,35.76886,0.04284347294499171,11.408701539039612,47.0,5
569,7,0.8571428571428571,0.0,2000.0070438254625,56.0012087225914,10.080974,0.35345865179618163,6.51925802230835,64.0,3
875,7,0.5714285714285714,0.0,2218.11989066191,16.44334034062922,6.796891,0.149952155307471,16.298145055770874,37.0,3
880,7,0.8571428571428571,0.0,2223.3660940546542,8.395068580284715,604.1068,0.021421736472495855,14.668330550193787,41.0,4
1338,7,1.0,0.0,2252.565940376371,11.831341776996851,27.620974,0.010710868236247928,8.149072527885437,58.0,3
1345,7,1.0,0.0,2203.6799965426326,5.405995296314359,195.56427,0.0,11.408701539039612,40.0,3
573,7,0.7142857142857143,0.0,2217.8553147241473,7.7716123778373,7.1493874,0.13924128707122305,21.187588572502136,52.0,2
1874,7,1.0,0.0,2227.5021753739566,29.102574102580547,17.158258,0.0,9.778887033462524,55.0,5
558,7,1.0,0.0,2223.226766102016,23.66926963441074,14.984596,0.0,8.149072527885437,55.0,5
559,7,1.0,0.0,2204.529019072652,13.522654073312879,36.311787,0.24634996943370233,30.96647560596466,49.0,3
1894,7,1.0,0.0,2200.5719256121665,4.559386521577835,12.50081,0.03213260470874378,9.778887033462524,52.0,4
892,7,1.0,0.0,2232.5004106387496,29.64891237206757,43.51039,0.021421736472495855,9.778887033462524,55.0,5
1857,7,0.8571428571428571,0.0,2227.5143614970148,13.446417870000005,87.358215,0.4070129929774213,39.1155481338501,45.0,2
1348,7,0.8571428571428571,0.0,2232.5004073791206,10.957917664200068,65.32422,0.0,9.778887033462524,55.0,5
1349,7,0.8571428571428571,0.0,2231.7604976706207,20.15084237791598,161.54303,0.0,8.149072527885437,64.0,6
851,7,1.0,0.0,2255.8726090937853,15.17397235147655,41.36076,0.3748803882686775,47.264620661735535,49.0,2
1861,7,1.0,0.0,2209.087491268292,11.716646840795875,77.35576,0.0,9.778887033462524,42.0,5
1862,7,0.7142857142857143,0.0,2232.8080674633384,18.766464898362756,6.7334356,0.0,4.889443516731262,31.0,6
1868,7,0.8571428571428571,0.0,1971.945267636329,218.54386595077813,11.441038,0.0,6.51925802230835,60.0,3
2321,7,1.0,0.0,2190.8362596295774,25.27656010352075,21.243149,0.0,9.778887033462524,59.0,4
222,7,0.8571428571428571,0.0,2240.959354909137,0.2913929056376219,25.00775,0.36416952003242953,19.55777406692505,49.0,4
2260,7,0.8571428571428571,0.0,2223.235019482672,36.88352205790579,23.43545,0.021421736472495855,11.408701539039612,54.0,6
2262,7,0.42857142857142855,0.0,2203.7180836778134,21.253457525745034,7.427628,0.41772386121366917,8.149072527885437,21.0,2
2266,7,1.0,0.0,2231.7604976706207,19.360075937584043,168.72871,0.0,8.149072527885437,55.0,3
961,7,1.0,0.0,2284.526609349996,6.162817589938641,8.705411,0.16066302354371892,16.298145055770874,44.0,3
1181,7,0.7142857142857143,0.14285714285714285,2824.99199709855,547.4801615346223,10.56315,0.20350649648871064,17.92795956134796,42.0,3
1182,7,0.7142857142857143,0.0,2239.249835954979,14.832756016403437,8.352483,0.24634996943370233,29.336661100387573,40.0,2
2274,7,0.7142857142857143,0.0,2210.107515566051,23.829930229112506,16.473112,0.0,8.149072527885437,51.0,5
2283,7,0.5714285714285714,0.0,2224.013780709356,34.31098046712577,6.9600625,0.22492823296120648,9.778887033462524,34.0,4
2286,7,0.14285714285714285,0.5714285714285714,2106.941781239584,97.94548084028065,6.765045,0.03213260470874378,8.149072527885437,1.0,4
2288,7,0.7142857142857143,0.0,2216.1253122612834,13.56648956425488,7.1873393,0.16066302354371892,17.92795956134796,52.0,4
1870,7,0.42857142857142855,0.14285714285714285,1971.9184800051153,3.9227386005222797,7.608556,0.0,6.51925802230835,15.0,1
1873,7,1.0,0.0,2239.100002218038,6.801471812650561,18.356981,0.0,8.149072527885437,49.0,4
565,7,1.0,0.0,2256.0022005345672,0.26214425452053547,53.895653,0.13924128707122305,24.44721758365631,49.0,2
1367,7,0.5714285714285714,0.2857142857142857,2252.001146087423,16.101524233818054,8.740215,0.021421736472495855,6.51925802230835,50.0,5
1374,7,1.0,0.0,2239.5685038063675,4.226153017953038,8.460756,0.03213260470874378,14.668330550193787,49.0,3
1823,7,0.0,0.0,2190.4379720799625,219.51286727562547,6.5647473,0.0,6.51925802230835,26.0,2
596,7,1.0,0.0,2209.087523864582,11.724896961823106,61.62578,0.0,9.778887033462524,55.0,4
597,7,1.0,0.0,2232.808056054637,31.717921141535044,39.01907,0.0,8.149072527885437,49.0,5
606,7,0.8571428571428571,0.0,2203.688243404031,7.451050681993365,12.987123,0.0,6.51925802230835,46.0,5
2351,7,1.0,0.0,2190.8422720152885,0.010924646630883217,18.537174,0.0,17.92795956134796,45.0,1
2352,7,1.0,0.0,2211.1355161760002,29.215996153652668,20.110044,0.0,11.408701539039612,49.0,5
949,7,0.42857142857142855,0.0,2190.432583913207,231.80066468194127,8.341482,0.0,4.889443516731262,27.0,4
257,7,0.8571428571428571,0.0,2223.3660940546542,1.6298145055770874e-06,813.7835,0.010710868236247928,14.668330550193787,41.0,2
240,7,0.5714285714285714,0.0,2190.841709729284,12.794052017852664,15.218741,0.0,6.51925802230835,54.0,3
2306,7,0.5714285714285714,0.0,2245.4931614920497,12.96911365352571,17.003607,0.021421736472495855,11.408701539039612,44.0,5
2307,7,1.0,0.0,2239.28253329359,9.918966330587864,34.418324,0.010710868236247928,9.778887033462524,55.0,5
2318,7,1.0,0.0,2203.6877430509776,19.555022940039635,19.75627,0.0,6.51925802230835,49.0,5
1838,7,0.42857142857142855,0.0,2253.6439273972064,15.904670348390937,6.972481,0.021421736472495855,11.408701539039612,26.0,5
581,7,0.42857142857142855,0.0,2254.614257020876,2.935351338237524,7.953809,0.021421736472495855,9.778887033462524,22.0,3
636,7,0.7142857142857143,0.0,2250.453206943348,13.707815669476986,6.694404,0.0,9.778887033462524,33.0,4
1381,7,1.0,0.0,2253.51281859912,10.004241485148668,141.37068,0.021421736472495855,8.149072527885437,64.0,2
837,7,1.0,0.0,2238.5286544449627,2.1129257511347532,16.645908,0.021421736472495855,8.149072527885437,49.0,4
838,7,1.0,0.0,2235.406880034134,7.10655190050602,11.959839,0.04284347294499171,9.778887033462524,49.0,3
840,7,0.8571428571428571,0.0,2242.500205989927,0.21366705186665058,17991.209,0.010710868236247928,9.778887033462524,64.0,3
1804,7,0.8571428571428571,0.0,2203.8105267565697,37.0676324237138,26.03252,0.03213260470874378,11.408701539039612,55.0,5
2381,7,0.7142857142857143,0.0,2203.5483776126057,4.428365733474493,14.452122,0.06426520941748756,16.298145055770874,39.0,3
2388,7,1.0,0.0,2237.5161501113325,14.244008343666792,25.895557,0.0749760776537355,16.298145055770874,49.0,6
2396,7,0.5714285714285714,0.0,2239.288799930364,20.013100234791636,19.369608,0.03213260470874378,11.408701539039612,38.0,5
1141,7,0.7142857142857143,0.2857142857142857,2203.8105039391667,1.4520881231874228,10.257342,0.05355434118123964,13.0385160446167,29.0,5
1144,7,0.8571428571428571,0.0,2238.7363743036985,8.564461721107364,8.24648,0.010710868236247928,11.408701539039612,45.0,5
1158,7,0.0,0.42857142857142855,2226.5383258927613,0.07852609269320965,14.567846,0.41772386121366917,9.778887033462524,5.0,3
1160,7,1.0,0.0,2242.7137459162623,0.20946701988577843,212.13373,0.0,9.778887033462524,64.0,2
223,7,0.0,0.0,2226.5053417067975,0.035575591027736664,14.672451,0.2784825741424461,14.668330550193787,15.0,2
225,7,1.0,0.0,2242.5042788963765,5.988438846543431,159.28276,0.0,8.149072527885437,52.0,2
2345,7,0.8571428571428571,0.0,2237.455128226429,7.658936781808734,18.552889,0.03213260470874378,9.778887033462524,47.0,5
849,7,1.0,0.0,2237.585273804143,14.727761736139655,33.123203,0.010710868236247928,13.0385160446167,49.0,5
1398,7,1.0,0.0,2232.8511173836887,6.560873705893755,13.32437,0.0,9.778887033462524,49.0,5
669,7,1.0,0.0,2255.99584588781,13.64718982949853,38.090824,0.03213260470874378,13.0385160446167,53.0,4
1719,7,1.0,0.0,2210.1155146956444,15.16750524751842,14.164518,0.021421736472495855,13.0385160446167,48.0,3
1720,7,0.42857142857142855,0.14285714285714285,2239.2887885216624,23.143147584050894,6.717891,0.021421736472495855,8.149072527885437,5.0,3
1729,7,1.0,0.0,2203.8105707615614,5.539068020880222,63.21429,0.0,11.408701539039612,40.0,3
648,7,0.8571428571428571,0.0,2284.001864492893,21.50417841039598,89.812294,0.21421736472495856,30.96647560596466,49.0,4
650,7,0.8571428571428571,0.14285714285714285,2238.3498360868543,4.248181590810418,8.056094,0.24634996943370233,22.817403078079224,39.0,2
651,7,0.8571428571428571,0.0,2032.0109240710735,103.99971692822874,8.680246,0.2784825741424461,6.51925802230835,63.0,3
156,7,0.42857142857142855,0.14285714285714285,2204.236187040806,251.31921074353158,8.130406,0.021421736472495855,6.51925802230835,21.0,6
161,7,0.8571428571428571,0.0,2210.1155146956444,29.525863006711006,13.426735,0.021421736472495855,9.778887033462524,48.0,3
2354,7,0.8571428571428571,0.0,2243.377595441416,14.437935082241893,6.4208403,0.0,8.149072527885437,38.0,4
1125,7,0.5714285714285714,0.14285714285714285,1971.927005564794,3.9494268130511045,7.7837176,0.0,6.51925802230835,36.0,1
1132,7,0.5714285714285714,0.0,2237.581898458302,2.112625865265727,8.347962,0.1178195505987272,16.298145055770874,40.0,3
2364,7,0.8571428571428571,0.0,2232.774317264557,28.434348525479436,14.223267,0.0,8.149072527885437,49.0,6
194,7,0.5714285714285714,0.0,2223.3660940546542,1.6298145055770874e-06,872.3286,0.010710868236247928,14.668330550193787,38.0,2
209,7,0.42857142857142855,0.0,2252.4359724484384,15.812890604138374,6.8912272,0.010710868236247928,8.149072527885437,26.0,3
2377,7,0.7142857142857143,0.0,2256.01089396514,35.18595942296088,22.115833,0.13924128707122305,24.44721758365631,49.0,4
657,7,1.0,0.0,2205.0002196338028,4.559471271932125,27.943972,0.03213260470874378,13.0385160446167,55.0,4
629,7,1.0,0.0,2202.005580533296,0.1338338479399681,231.93227,0.25706083766995025,37.48573362827301,49.0,4
632,7,0.5714285714285714,0.0,2238.9785468112677,0.520865898579359,6.370281,0.36416952003242953,3.259629011154175,31.0,2
1417,7,1.0,0.0,2237.455375958234,4.681058693677187,22.576515,0.010710868236247928,6.51925802230835,55.0,2
687,7,0.7142857142857143,0.0,2210.9954189509153,21.395474672317505,18.637508,0.28919344237869404,32.59629011154175,45.0,5
1693,7,0.0,0.2857142857142857,2226.5316860284656,0.10729720816016197,9.047857,0.1927956282524627,11.408701539039612,5.0,4
1701,7,0.7142857142857143,0.0,2232.8608653042465,7.453493773937225,6.3999734,0.0,6.51925802230835,29.0,4
1704,7,0.7142857142857143,0.0,2032.0041358936578,56.00014445371926,13.212505,0.3427477835599337,8.149072527885437,63.0,2
663,7,0.7142857142857143,0.0,2205.000465735793,24.791145930066705,6.4834523,0.06426520941748756,9.778887033462524,41.0,5
844,7,1.0,0.0,2243.5086683835834,13.218410080298781,166.39255,0.010710868236247928,9.778887033462524,64.0,3
1627,7,0.8571428571428571,0.0,2237.581898458302,2.1130854729563,8.717889,0.10710868236247928,17.92795956134796,40.0,4
1642,7,1.0,0.0,2254.80395113118,18.589753890410066,29.954731,0.10710868236247928,16.298145055770874,59.0,4
700,7,1.0,0.0,2256.001925095916,0.13107131235301495,174.43295,0.149952155307471,24.44721758365631,48.0,3
1669,7,0.8571428571428571,0.0,2240.9576256759465,37.86573465913534,8.599768,0.08568694588998342,14.668330550193787,55.0,6
1433,7,0.8571428571428571,0.0,2232.7216677367687,3.7043418269604445,8.767782,0.0,8.149072527885437,49.0,5
1440,7,0.8571428571428571,0.0,2190.1200832799077,237.1515037957579,15.179341,0.0,9.778887033462524,47.0,5
1671,7,1.0,0.0,2237.581495894119,0.1300005242228508,16.713545,0.09639781412623134,16.298145055770874,38.0,1
1675,7,1.0,0.0,2215.3968503698707,11.67665934190154,33.716423,0.10710868236247928,16.298145055770874,62.0,3
2456,7,0.7142857142857143,0.0,2032.0112924091518,215.995985083282,10.693953,0.28919344237869404,16.298145055770874,62.0,4
2457,7,0.0,0.14285714285714285,2256.1268259305507,29.08774116076529,6.3556733,0.05355434118123964,9.778887033462524,15.0,3
2465,7,0.5714285714285714,0.14285714285714285,2239.2887885216624,17.96682574786246,8.62587,0.03213260470874378,11.408701539039612,35.0,7
2400,7,1.0,0.0,2232.721656328067,5.76016865670681,46.385914,0.0,9.778887033462524,55.0,5
1108,7,1.0,0.0,2256.13412912935,28.131339931860566,74.02081,0.24634996943370233,34.226104617118835,49.0,2
1120,7,0.5714285714285714,0.0,2191.0507089924067,13.223948189988732,8.854455,0.0,4.889443516731262,39.0,3
1121,7,0.2857142857142857,0.0,2202.6301238220185,20.686068572103977,6.6475277,0.0,8.149072527885437,26.0,5
967,7,1.0,0.0,2203.5484346561134,3.2387282699346542,12.522232,0.06426520941748756,13.0385160446167,49.0,4
971,7,0.8571428571428571,0.0,2228.513397043571,23.984325816854835,31.479671,0.13924128707122305,22.817403078079224,55.0,3
972,7,0.8571428571428571,0.0,2203.8105707615614,0.2621475141495466,64.50354,0.010710868236247928,11.408701539039612,49.0,1
2410,7,0.2857142857142857,0.0,1971.927005564794,237.21776879392564,7.3039584,0.0,4.889443516731262,21.0,3
2411,7,0.8571428571428571,0.0,2203.2473736908287,1.59804942086339,7.275506,0.0,4.889443516731262,39.0,2
2414,7,0.42857142857142855,0.0,1971.8950057867914,237.19374695792794,6.126117,0.0,9.778887033462524,21.0,4
1677,7,0.8571428571428571,0.0,2238.7364166788757,22.729546297341585,6.846184,0.021421736472495855,8.149072527885437,46.0,7
1575,7,0.7142857142857143,0.0,2190.8313473686576,13.380221324041486,9.201891,0.0,8.149072527885437,53.0,4
1451,7,0.7142857142857143,0.0,2210.996287642047,19.485366297885776,6.65125,0.21421736472495856,6.51925802230835,39.0,5
1596,7,1.0,0.0,2277.4952293839306,20.006338134407997,238.81044,0.08568694588998342,16.298145055770874,64.0,2
1601,7,0.8571428571428571,0.0,2232.7647812198848,30.19529627636075,51.87776,0.021421736472495855,11.408701539039612,49.0,7
1602,7,0.42857142857142855,0.0,2223.3660940546542,0.0,567.7349,0.0,14.668330550193787,24.0,2
2495,7,1.0,0.0,2032.0106730796397,55.9988128952682,13.0372505,0.12853041883497512,16.298145055770874,64.0,2
2498,7,1.0,0.0,2256.002656882629,18.50257837213576,971.11176,0.13924128707122305,27.706846594810486,49.0,4
2506,7,1.0,0.0,2203.7198373582214,14.824945945292711,78.843994,0.08568694588998342,17.92795956134796,55.0,4
2509,7,1.0,0.0,2252.4359398521483,9.84802539460361,27.092464,0.010710868236247928,8.149072527885437,58.0,3
991,7,0.42857142857142855,0.0,2237.500420771539,9.994764113798738,82.039116,0.32132604708743784,42.37517714500427,22.0,2
993,7,0.42857142857142855,0.0,2250.518199056387,14.02219058945775,7.1366615,0.0,4.889443516731262,28.0,3
1099,7,1.0,0.0,2237.4551543034613,6.7074967082589865,22.768532,0.021421736472495855,8.149072527885437,54.0,5
2447,7,0.8571428571428571,0.0,2008.0051694530994,56.00122665055096,28.402935,0.3427477835599337,14.668330550193787,64.0,2
138,7,1.0,0.0,2024.0048547275364,56.000134674832225,22.439596,0.0749760776537355,14.668330550193787,61.0,1
2473,7,0.42857142857142855,0.14285714285714285,2064.0103125479072,200.961425434798,6.8883686,0.4284347294499171,4.889443516731262,14.0,3
990,7,1.0,0.0,2202.0067165140063,0.003319932147860527,221.87125,0.3106151788511899,39.1155481338501,49.0,4
103,7,1.0,0.0,2239.288799930364,10.255190543830395,21.097301,0.03213260470874378,11.408701539039612,55.0,4
2494,7,0.5714285714285714,0.14285714285714285,2217.8553147241473,2.4054269306361675,7.068196,0.16066302354371892,26.0770320892334,55.0,1
1603,7,0.8571428571428571,0.14285714285714285,2227.5056566577405,25.631594005972147,51.556747,0.3106151788511899,40.745362639427185,49.0,3
740,7,0.8571428571428571,0.0,1971.927005564794,218.54386595077813,10.469281,0.0,6.51925802230835,60.0,2
791,7,0.7142857142857143,0.0,2204.5289603993297,15.217064647004008,10.059372,0.16066302354371892,19.55777406692505,44.0,3
1556,7,0.5714285714285714,0.14285714285714285,2223.235019482672,9.265937143936753,23.00307,0.010710868236247928,11.408701539039612,47.0,3
1557,7,1.0,0.0,2252.5009710807353,2.0482856780290604,36.57954,0.021421736472495855,9.778887033462524,60.0,3
1558,7,1.0,0.0,2237.5735961832106,1.2811922933906317,68.311584,0.03213260470874378,9.778887033462524,49.0,3
1548,7,0.8571428571428571,0.0,2227.5020433589816,10.006303200498223,46.594444,0.0749760776537355,14.668330550193787,64.0,3
1550,7,1.0,0.0,2257.499478524551,21.499323192983866,114.69314,0.0749760776537355,16.298145055770874,49.0,4
1551,7,0.8571428571428571,0.0,2200.5719256121665,94.61310831829906,24.133038,0.03213260470874378,11.408701539039612,63.0,3
2511,7,0.7142857142857143,0.0,2242.7137719932944,13.765036826953292,143.37036,0.010710868236247928,13.0385160446167,49.0,5
2517,7,1.0,0.0,2203.5483776126057,8.515500463545322,24.07393,0.06426520941748756,13.0385160446167,55.0,5
1059,7,1.0,0.0,2008.0049445386976,196.52407453395426,33.625454,0.2356391011974544,29.336661100387573,64.0,2
2529,7,1.0,0.0,2209.087491268292,28.954296838492155,66.8635,0.0,13.0385160446167,47.0,5
2537,7,0.5714285714285714,0.14285714285714285,2203.6877430509776,5.4232534021139145,7.5349708,0.0,9.778887033462524,28.0,4
1563,7,0.0,0.14285714285714285,2264.973465586081,3.259629011154175e-06,64.5502,0.08568694588998342,24.44721758365631,5.0,1
1567,7,1.0,0.0,2231.7604976706207,23.582731373608112,47.9537,0.0,8.149072527885437,55.0,5
722,7,0.8571428571428571,0.0,2237.585425376892,6.235557841137052,14.373643,0.010710868236247928,8.149072527885437,46.0,3
2670,7,1.0,0.0,2232.8175171278417,38.40656252577901,36.002243,0.0,11.408701539039612,49.0,5
27,7,0.7142857142857143,0.14285714285714285,2024.0112468600273,104.00669416412711,8.304658,0.2784825741424461,11.408701539039612,37.0,3
33,7,0.14285714285714285,0.14285714285714285,2106.400232994929,102.46456041932106,8.013902,0.03213260470874378,8.149072527885437,9.0,3
2642,7,0.0,0.14285714285714285,2203.6793250590563,0.00018416903913021088,427.17548,0.1178195505987272,19.55777406692505,20.0,2
2645,7,0.14285714285714285,0.0,2239.5468142349273,39.938601199537516,6.711146,0.08568694588998342,16.298145055770874,21.0,6
2646,7,0.2857142857142857,0.0,2217.6453131251037,261.56121608801186,6.8765907,0.13924128707122305,8.149072527885437,10.0,4
2648,7,0.7142857142857143,0.0,2203.5482521168888,227.79853781685233,10.095309,0.12853041883497512,16.298145055770874,44.0,3
2627,7,0.5714285714285714,0.0,2232.712064869702,3.643831703811884,7.3276706,0.0,11.408701539039612,29.0,5
2610,7,1.0,0.0,2255.9958605561405,4.995774244889617,73.3806,0.03213260470874378,14.668330550193787,53.0,4
2635,7,0.42857142857142855,0.14285714285714285,2239.4598913379014,36.02401493117213,7.132605,0.35345865179618163,6.51925802230835,20.0,2
19,7,1.0,0.0,2284.002327360213,0.001230509951710701,180.03174,0.3106151788511899,39.1155481338501,55.0,3
1407,6,1.0,0.0,2229.549778159708,29.053521575406194,13.701417500000002,0.08568694588998342,13.0385160446167,52.0,5
1194,6,1.0,0.0,2204.1246311273426,1.280616968870163,29.7856715,0.08568694588998342,17.113052308559418,51.0,3
1199,6,0.6666666666666666,0.0,2236.99247604236,14.358374057337642,7.1897723,0.021421736472495855,10.593794286251068,45.5,3
1201,6,1.0,0.0,2232.5004399754107,5.26266940869391,34.249421999999996,0.010710868236247928,10.593794286251068,55.0,4
275,6,1.0,0.0,2238.310605636798,9.953114204108715,49.6247805,0.010710868236247928,9.778887033462524,54.5,5
2464,6,1.0,0.0,2255.9334696270525,1.6255590599030256,84.2676355,0.05355434118123964,17.113052308559418,48.0,2
2455,6,1.0,0.0,2278.364919591695,28.3947407733649,9.14097975,0.17137389177996684,13.0385160446167,45.5,5
2452,6,0.6666666666666666,0.0,2231.7519827047363,23.70261400938034,6.4021642,0.0,4.889443516731262,35.0,3
321,6,1.0,0.0,2232.7648097416386,5.084074335172772,52.770877,0.010710868236247928,8.96397978067398,49.0,3
327,6,0.8333333333333334,0.0,2227.5143631268293,9.986060904338956,89.6729375,0.41772386121366917,39.1155481338501,45.0,2
1736,6,0.6666666666666666,0.0,2201.8742851214483,1.8457274418324232,39.6320025,0.2517054035518263,31.781382858753204,48.0,3
1699,6,0.8333333333333334,0.0,2237.4819989781827,4.745863378047943,12.9787925,0.0,7.334165275096893,49.0,4
979,6,1.0,0.0,2236.008679261431,3.8819084875285625,8.4189135,0.03213260470874378,8.149072527885437,46.5,4
2224,6,0.6666666666666666,0.0,2204.2392869479954,4.518590634688735,6.871062,0.010710868236247928,8.149072527885437,41.0,3
1078,6,0.8333333333333334,0.0,2239.6636295598,27.94816019013524,26.288928,0.09639781412623136,17.113052308559418,48.5,6
2480,6,0.16666666666666666,0.0,1971.8915929552168,2.391550689935684,6.7847690499999995,0.0,6.51925802230835,12.5,2
2472,6,1.0,0.0,2223.3578260056674,27.97469194047153,487.35482,0.0,8.149072527885437,59.5,4
1298,6,1.0,0.0,2247.492551105097,8.210032479837537,62.172485,0.0,11.408701539039612,36.0,3
1727,6,0.8333333333333334,0.0,2242.6090124063194,5.193472374230623,294.472125,0.0,9.778887033462524,64.0,3
1740,6,0.5,0.16666666666666666,2196.8332664109766,233.0118678510189,8.4965935,0.0,8.149072527885437,28.0,4
1286,6,0.8333333333333334,0.0,2247.607506811619,13.218698557466269,328.81478500000003,0.010710868236247928,11.408701539039612,64.0,4
1974,6,0.6666666666666666,0.0,2518.7379921553656,583.2921620458364,8.204023750000001,0.2195727988430825,12.223608791828156,42.0,5
1751,6,0.5,0.0,2278.959370800294,568.8632349483669,7.002858399999999,0.16601845766184287,13.853423297405243,19.0,4
1750,6,0.8333333333333334,0.16666666666666666,2203.679439960979,4.889443516731262e-05,490.88715,0.0749760776537355,15.48323780298233,34.0,3
1984,6,0.8333333333333334,0.0,2277.51171332784,574.5223632548004,8.652459,0.03213260470874378,12.223608791828156,63.0,2
2422,6,0.5,0.0,2218.11989066191,0.4500015638768673,6.94356345,0.15530758942559497,19.55777406692505,32.0,1
159,6,1.0,0.0,2205.000420915894,30.40650230832398,7.925262350000001,0.03213260470874378,9.778887033462524,48.0,4
151,6,0.8333333333333334,0.0,2277.51171332784,574.5223616249859,8.125965,0.03213260470874378,10.593794286251068,63.0,3
1733,6,1.0,0.0,2206.37886505574,11.847719782963395,31.0106545,0.0,8.96397978067398,55.0,5
626,6,1.0,0.0,2238.1548727862537,7.1063416544348,54.71648,0.021421736472495855,9.778887033462524,49.0,4
139,6,1.0,0.0,2284.00332480669,0.0032302923500537872,86.786483,0.20350649648871064,27.706846594810486,48.5,5
137,6,0.3333333333333333,0.0,2052.0106109324843,111.99278687126935,6.6566575,0.3855912565049254,4.889443516731262,18.5,3
2227,6,1.0,0.0,2204.528830014169,10.868020355701447,55.846284499999996,0.13924128707122305,21.187588572502136,53.0,2
2442,6,1.0,0.0,2209.0874570421875,27.94941351749003,46.67366,0.0,9.778887033462524,52.0,5
2238,6,1.0,0.0,2233.61637967173,6.97590596973896,18.168422,0.010710868236247928,10.593794286251068,47.0,3
937,6,1.0,0.0,2223.358018323779,1.792795956134796e-05,219.28989,0.0,8.96397978067398,64.0,2
1103,6,1.0,0.0,2252.5009401142597,9.055806789547205,24.502941999999997,0.010710868236247928,12.223608791828156,64.0,2
942,6,1.0,0.0,2242.5042788963765,5.988438846543431,159.847535,0.0,8.149072527885437,52.0,3
1186,6,0.5,0.16666666666666666,2237.4516697600484,14.347110409289598,11.60122225,0.11246411648060324,16.298145055770874,38.5,3
1730,6,1.0,0.0,2241.7439883574843,0.0,20.501571499999997,0.0,7.334165275096893,48.0,1
2500,6,0.6666666666666666,0.0,2256.746648461558,35.185956163331866,24.8118875,0.14995215530747097,22.00249582529068,51.5,4
1430,6,1.0,0.0,2223.358018323779,9.407106786966324,256.811125,0.0,9.778887033462524,64.0,4
1426,6,1.0,0.0,2203.679497819394,0.0004987232387065887,2836.8999000000003,0.0,11.408701539039612,49.0,2
832,6,0.8333333333333334,0.0,2229.550671298057,11.190128745511174,9.837988500000002,0.09104238000810738,13.853423297405243,50.0,5
1665,6,1.0,0.0,2256.001925095916,0.26214425452053547,91.734627,0.149952155307471,25.262124836444855,48.0,3
1218,6,0.8333333333333334,0.16666666666666666,2212.2441094834358,14.267031103372574,29.220878,0.021421736472495855,16.298145055770874,42.0,2
1419,6,1.0,0.0,2250.4529119469225,12.997487094253302,19.789518,0.010710868236247928,10.593794286251068,55.0,3
1414,6,0.0,0.6666666666666666,2106.4709359779954,97.00087457895279,6.5051092,0.03213260470874378,6.51925802230835,2.0,2
1412,6,1.0,0.0,2277.4952293839306,19.99575085937977,229.41326,0.08568694588998342,17.113052308559418,64.0,2
462,6,1.0,0.0,2200.7030670065433,4.559471271932125,31.5797035,0.03213260470874378,9.778887033462524,63.5,2
680,6,1.0,0.0,2203.6877463106066,11.724896961823106,65.85072299999999,0.0,7.334165275096893,55.0,2
2199,6,1.0,0.0,2245.4931614920497,12.87931576371193,19.2601655,0.021421736472495855,12.223608791828156,55.0,3
2203,6,1.0,0.0,2237.5204251147807,10.743791004642844,88.566243,0.010710868236247928,9.778887033462524,55.0,4
2208,6,1.0,0.0,2209.086739923805,42.66863502562046,76.24685,0.0,9.778887033462524,55.0,5
697,6,0.6666666666666666,0.0,2032.0101531688124,8.000394329428673,9.8391435,0.4284347294499171,7.334165275096893,39.0,2
2209,6,1.0,0.0,2239.2825218848884,1.7621912993490696,29.058265,0.0,8.149072527885437,49.0,5
2042,6,0.5,0.16666666666666666,2252.9487072024494,2.1130284294486046,6.310820100000001,0.010710868236247928,9.778887033462524,24.5,3
2190,6,1.0,0.0,2237.498654052615,14.823945239186287,40.0906365,0.09104238000810738,17.92795956134796,36.0,4
2191,6,1.0,0.0,2200.506386696361,4.559471271932125,29.71785,0.03213260470874378,13.853423297405243,63.0,3
333,6,1.0,0.0,2213.1983120925725,11.847719782963395,29.8542845,0.0,9.778887033462524,58.0,3
2005,6,0.8333333333333334,0.0,2214.6322465268895,123.46170353703201,11.897906500000001,0.08033151177185946,13.0385160446167,49.5,5
2490,6,1.0,0.0,2016.0049648256972,16.000040573999286,26.7614275,0.22492823296120648,30.96647560596466,64.0,1
434,6,1.0,0.0,2223.358018323779,8.402671664953232,228.263135,0.0,8.149072527885437,64.0,4
444,6,0.5,0.0,2231.768232770264,5.703706992790103,6.77171915,0.0,7.334165275096893,28.5,4
1279,6,1.0,0.0,2227.9664834495634,25.020827539265156,28.440284,0.11246411648060323,18.742866814136505,55.0,3
847,6,1.0,0.0,2237.5144355464727,10.743709513917565,244.31207,0.021421736472495855,9.778887033462524,48.5,4
1713,6,0.8333333333333334,0.16666666666666666,2234.972113161348,33.76271901652217,8.126286,0.06426520941748756,11.408701539039612,43.5,4
1709,6,0.0,0.0,2237.49876243528,3.259629011154175e-06,63.224168,0.02677717059061982,17.113052308559418,17.0,2
1705,6,1.0,0.0,2239.249835954979,2.2600002121180296,8.910254,0.2517054035518263,31.781382858753204,39.5,1
1422,6,0.8333333333333334,0.16666666666666666,2255.0063097150996,35.261527402326465,26.353344999999997,0.04284347294499171,11.408701539039612,55.0,5
1006,6,1.0,0.0,2256.00305700209,0.26214425452053547,62.8892035,0.25706083766995025,34.226104617118835,49.0,1
1002,6,0.6666666666666666,0.0,2204.021171317436,28.0959892552346,6.83115485,0.0,9.778887033462524,32.0,3
2037,6,1.0,0.0,2255.4095527157187,29.71834735944867,21.46394,0.13924128707122305,21.187588572502136,58.5,5
2507,6,0.8333333333333334,0.0,2239.6636303747073,12.776331044733524,22.319674,0.1017532482443553,16.298145055770874,49.0,5
2039,6,1.0,0.0,2278.3650491619483,28.656885027885437,7.2821272,0.17137389177996684,12.223608791828156,46.0,4
2504,6,0.8333333333333334,0.0,2016.0061651840806,56.000134674832225,10.283426500000001,0.0749760776537355,13.0385160446167,48.5,2
2054,6,1.0,0.0,2232.5004399754107,0.7403334602713585,30.1216585,0.010710868236247928,9.778887033462524,49.0,3
2063,6,0.5,0.0,2024.0101125091314,55.99756771698594,10.200656500000001,0.4230792953317931,4.0745362639427185,33.0,2
823,6,0.5,0.0,1976.012587081641,112.00028890743852,9.0475595,0.3855912565049254,4.889443516731262,33.5,3
2031,6,0.8333333333333334,0.0,2204.5291494578123,13.260509818792343,20.825069499999998,0.2356391011974544,29.336661100387573,38.0,3
1163,6,1.0,0.0,2248.972954810597,5.008672596886754,38.2746635,0.0,11.408701539039612,49.5,3
2342,6,1.0,0.0,2231.7608105950058,0.0,256.67862,0.010710868236247928,11.408701539039612,49.0,1
2338,6,0.8333333333333334,0.0,2240.0446883402765,535.417661536485,6.48208785,0.02677717059061982,6.51925802230835,47.5,5
1166,6,0.0,0.16666666666666666,2226.504609105177,0.1072955783456564,8.872378,0.14459672118934702,9.778887033462524,5.5,3
1154,6,1.0,0.0,2245.4932054970413,8.019613102078438,22.2840275,0.021421736472495855,9.778887033462524,58.0,2
1153,6,1.0,0.0,2255.99584588781,17.303188098594546,29.242994,0.03213260470874378,8.149072527885437,49.0,3
1884,6,0.8333333333333334,0.0,2277.5122144958004,21.505307871848345,37.925844,0.2035064964887106,27.706846594810486,44.0,4
950,6,0.8333333333333334,0.0,2191.0397900501266,219.20577762648463,14.56697,0.0,6.51925802230835,61.0,3
1850,6,0.8333333333333334,0.0,2242.325988598168,0.5802840460091829,43.942068,0.08568694588998342,17.113052308559418,46.5,3
174,6,1.0,0.0,2256.134753348306,0.26214425452053547,48.504814999999994,0.3748803882686775,46.44971340894699,49.0,1
1136,6,1.0,0.0,2204.790005343966,28.08138122782111,1672.6498000000001,0.010710868236247928,12.223608791828156,49.0,2
1302,6,0.3333333333333333,0.0,2238.8612987706438,0.2622713800519705,6.2667072,0.36416952003242953,5.704350769519806,19.0,1
566,6,0.8333333333333334,0.0,2284.0025946497917,0.00322866253554821,81.316805,0.21421736472495856,28.52175384759903,49.0,4
1869,6,0.8333333333333334,0.0,2203.6717439768836,231.7838140297681,8.181066,0.0,7.334165275096893,45.5,4
1843,6,1.0,0.0,2200.7030670065433,4.559471271932125,33.260046,0.03213260470874378,13.0385160446167,63.0,2
1842,6,1.0,0.0,2242.3261776566505,0.0,59.8882915,0.13924128707122305,22.817403078079224,59.0,1
1834,6,0.16666666666666666,0.0,2799.97542174533,549.9939450528473,7.229058500000001,0.29990431061494194,5.704350769519806,21.0,3
540,6,1.0,0.0,2248.4166942304,15.051930211484432,35.3269325,0.36416952003242953,43.190084397792816,40.0,4
1831,6,0.8333333333333334,0.0,2204.405539436266,5.429241340607405,13.477759500000001,0.0,8.96397978067398,49.0,3
498,6,0.8333333333333334,0.0,2215.3967183548957,6.310731405392289,33.849185,0.0,9.778887033462524,61.0,3
866,6,1.0,0.0,2190.1081831892952,18.99330411106348,24.063826499999998,0.0,6.51925802230835,52.5,3
1914,6,0.8333333333333334,0.0,2232.829610351473,8.93591926433146,7.09179535,0.0,9.778887033462524,36.5,4
2324,6,1.0,0.0,2201.876823557541,177.86557669751346,7.180329,0.3106151788511899,3.259629011154175,26.0,2
1883,6,0.5,0.0,2000.0072850380093,87.99886144697666,10.728021,0.17137389177996684,23.632310330867767,38.0,2
2330,6,0.6666666666666666,0.0,2231.923845829442,35.7541274279356,7.66709205,0.1178195505987272,17.92795956134796,40.0,5
1140,6,0.8333333333333334,0.0,2266.4726447546855,35.90058092959225,12.083518000000002,0.08568694588998342,13.853423297405243,59.5,4
1343,6,1.0,0.0,2232.500863727182,21.712075918912888,27.095913,0.0,11.408701539039612,41.5,3
1896,6,0.6666666666666666,0.0,2229.549778159708,6.3168692868202925,18.967378,0.10710868236247928,20.372681319713593,52.0,4
1892,6,0.6666666666666666,0.16666666666666666,2203.8105544634163,19.686464220285416,8.47713125,0.05355434118123964,12.223608791828156,41.5,5
2349,6,0.8333333333333334,0.0,2242.5001839874312,5.704350769519806e-05,16082.3875,0.010710868236247928,10.593794286251068,64.0,3
524,6,0.8333333333333334,0.0,2239.835834945552,11.731479782611132,7.351195499999999,0.010710868236247928,8.96397978067398,50.5,4
1938,6,0.16666666666666666,0.16666666666666666,2251.452048541978,10.14199503697455,6.454874,0.010710868236247928,16.298145055770874,16.0,2
549,6,0.8333333333333334,0.0,2239.316133549437,2.101184567436576,12.4885785,0.0,8.149072527885437,54.0,4
1889,6,0.8333333333333334,0.0,2254.2459605028853,25.009153177961707,13.60892025,0.08568694588998342,15.48323780298233,55.0,4
2297,6,0.8333333333333334,0.0,2245.90015062131,5.248551955446601,38.05193,0.02677717059061982,13.0385160446167,62.5,2
1865,6,1.0,0.0,2239.2825414426625,2.048036316409707,12.899775,0.0,12.223608791828156,54.5,4
1863,6,0.0,0.0,2030.1738949492574,0.21362630650401115,46.343513,0.06426520941748756,6.51925802230835,11.5,1
2303,6,0.6666666666666666,0.0,2253.191413474269,9.9969741422683,6.94487065,0.010710868236247928,8.149072527885437,40.0,3
973,6,0.8333333333333334,0.0,2277.51171332784,24.99581640586257,9.511531999999999,0.03213260470874378,11.408701539039612,63.0,2
1891,6,0.5,0.16666666666666666,2040.3987725730985,228.5223954822868,7.25803495,0.021421736472495855,6.51925802230835,33.5,2
1950,6,1.0,0.0,2190.8422720152885,11.799989035353065,18.172050499999997,0.0,18.742866814136505,45.0,2
473,6,0.5,0.0,2244.5522907655686,10.90960018336773,6.9602465,0.010710868236247928,7.334165275096893,35.0,3
189,6,1.0,0.0,2232.733660726808,14.281807001680136,13.7394155,0.0,7.334165275096893,49.0,4
601,6,0.6666666666666666,0.0,2024.0041196811944,24.00006167590618,16.531015500000002,0.3427477835599337,8.149072527885437,63.0,2
478,6,1.0,0.0,2257.4968659318984,21.484112134203315,60.749342,0.0749760776537355,16.298145055770874,49.0,4
1790,6,1.0,0.0,2032.0105084683746,56.00011348724365,10.09726,0.36416952003242953,5.704350769519806,45.0,3
1780,6,1.0,0.0,2239.3286977894604,10.916696395725012,14.928924499999999,0.0,7.334165275096893,49.0,5
839,6,1.0,0.0,2209.091514465399,18.998832441866398,11.5296225,0.021421736472495855,13.0385160446167,48.0,4
862,6,1.0,0.0,2238.3425777079538,2.048036316409707,13.579615,0.0,8.149072527885437,49.0,6
856,6,0.6666666666666666,0.0,2190.841815667227,0.6013999227434397,11.3891025,0.0,8.96397978067398,54.0,2
1794,6,0.8333333333333334,0.0,2204.5288251247257,210.98863589577377,11.870212,0.2088619306068346,23.632310330867767,54.0,4
623,6,0.8333333333333334,0.0,2242.500205989927,0.2136800903826952,9813.896,0.010710868236247928,9.778887033462524,64.0,2
1384,6,0.6666666666666666,0.0,2232.5008197221905,7.521970430389047,35.837756999999996,0.010710868236247928,8.96397978067398,51.0,6
1775,6,1.0,0.0,2232.8175171278417,6.062306929379702,41.5486365,0.0,13.853423297405243,55.0,1
890,6,1.0,0.0,2255.99584588781,11.596594704315066,40.062631999999994,0.03213260470874378,14.668330550193787,54.0,4
2417,6,1.0,0.0,2190.1081831892952,228.52238081395626,19.263202,0.0,8.149072527885437,57.0,4
285,6,1.0,0.0,2008.0051694530994,15.998950228095055,32.954204000000004,0.3427477835599337,31.781382858753204,64.0,2
2406,6,0.8333333333333334,0.16666666666666666,2202.0078964997083,25.498940143734217,117.116755,0.30525974473306594,39.1155481338501,49.0,4
1991,6,0.8333333333333334,0.0,2242.3259877832606,18.49674037657678,37.592483,0.08568694588998342,16.298145055770874,35.5,4
930,6,1.0,0.0,2204.7900126781315,26.970866369083524,1257.36485,0.021421736472495855,12.223608791828156,49.0,1
852,6,1.0,0.0,2203.6717464216053,13.595202006399632,67.3170985,0.0,7.334165275096893,55.0,2
1360,6,1.0,0.0,1975.1498643308878,218.16927753388882,20.5452225,0.0,4.889443516731262,64.0,3
1359,6,0.8333333333333334,0.16666666666666666,2203.6877430509776,7.451050681993365,13.2412675,0.0,9.778887033462524,49.0,5
1357,6,0.8333333333333334,0.0,1971.903930651024,0.01454935409128666,6.80982285,0.0,5.704350769519806,45.0,1
1351,6,0.5,0.0,2203.039267566055,13.110951520502567,7.23290335,0.0,6.51925802230835,35.0,3
1928,6,0.8333333333333334,0.16666666666666666,2266.5638581383973,27.02826843596995,12.90802,0.08568694588998342,14.668330550193787,48.0,4
1935,6,1.0,0.0,2200.4409194923937,4.5593001414090395,27.51227,0.03213260470874378,11.408701539039612,63.0,2
178,6,1.0,0.0,2223.3579221647233,9.4070415943861,253.57423,0.0,8.149072527885437,64.0,3
2385,6,0.8333333333333334,0.0,2206.317206728272,32.061714213341475,58.587435,0.021421736472495855,13.0385160446167,45.5,5
2393,6,0.6666666666666666,0.0,2237.504475750029,7.6763497199863195,8.1365285,0.01606630235437189,6.51925802230835,44.5,5
2375,6,0.6666666666666666,0.0,2237.5125490361825,28.568237787112594,7.61143365,0.09639781412623136,11.408701539039612,41.0,3
1964,6,0.8333333333333334,0.0,2236.083696363494,17.22554536536336,9.2357715,0.0,8.149072527885437,52.0,5
208,6,1.0,0.0,2210.1155146956444,27.339639607816935,13.946453,0.021421736472495855,9.778887033462524,48.0,2
1968,6,0.6666666666666666,0.0,2232.7168663032353,1.0931361466646194,6.611203,0.0,10.593794286251068,44.0,4
488,6,0.0,0.16666666666666666,2226.5537390485406,0.18283911049365997,16.3017075,0.3963021247411733,10.593794286251068,7.0,3
616,6,0.8333333333333334,0.0,2237.4514953698963,2.113083843141794,8.85098775,0.09639781412623134,17.92795956134796,51.0,3
615,6,0.5,0.3333333333333333,2525.2179390517995,571.4825897011906,7.446260499999999,0.03213260470874378,10.593794286251068,36.0,3
2280,6,0.16666666666666666,0.0,2774.981660535559,585.2966709062457,6.4795408000000005,0.2784825741424461,17.113052308559418,15.0,3
2294,6,1.0,0.0,2239.080754108727,4.096154123544693,7.1257152999999995,0.03213260470874378,9.778887033462524,48.5,2
1943,6,1.0,0.0,2238.400375819765,1.9830279052257538,9.290561,0.010710868236247928,5.704350769519806,50.0,3
2382,6,0.6666666666666666,0.0,2226.3700793264434,18.555980874225497,8.255212,0.09639781412623134,9.778887033462524,40.0,4
1471,6,1.0,0.0,2252.5012351106852,4.096057964488864,41.325208,0.0,8.96397978067398,46.0,2
2151,6,0.8333333333333334,0.0,2232.764901826158,29.289143858477473,7.4895404,0.021421736472495855,13.0385160446167,46.0,2
1465,6,0.6666666666666666,0.0,2231.629807734862,21.86087635345757,18.4172345,0.021421736472495855,8.96397978067398,36.5,4
2156,6,1.0,0.0,2209.087491268292,11.716646840795875,72.74238,0.0,12.223608791828156,42.0,4
745,6,0.8333333333333334,0.0,2238.334835274145,2.830000128597021,8.770066,0.2517054035518263,30.151568353176117,40.5,1
1225,6,0.8333333333333334,0.0,2048.0041683185846,103.99931925348938,9.505540499999999,0.36952495415055353,4.889443516731262,58.0,3
1230,6,0.5,0.0,2217.879890697077,0.9100004099309444,7.1073664999999995,0.16066302354371892,19.55777406692505,23.5,1
914,6,0.8333333333333334,0.0,2028.0046754051,88.00017833709717,9.730266,0.35345865179618163,13.853423297405243,59.0,3
719,6,0.6666666666666666,0.0,2239.5685038063675,15.26047638617456,7.0737016,0.021421736472495855,10.593794286251068,41.5,5
2629,6,1.0,0.0,2203.67199415341,18.223612802103162,13.074260500000001,0.0,4.889443516731262,47.0,5
1564,6,1.0,0.0,2240.9600312821567,0.0014146789908409119,22.0727575,0.36416952003242953,26.891939342021942,49.0,2
2665,6,0.8333333333333334,0.0,2232.196406228468,28.367917286232114,28.2090815,0.021421736472495855,8.96397978067398,49.0,5
2668,6,0.8333333333333334,0.0,2252.533454913646,10.095709934830666,39.968951000000004,0.03213260470874378,9.778887033462524,52.5,3
61,6,0.8333333333333334,0.0,2246.727506397292,43.0414192378521,138.69764,0.32132604708743784,39.93045538663864,42.0,4
1553,6,1.0,0.0,2254.2484084842727,13.239711755886674,38.5602225,0.03213260470874378,11.408701539039612,55.0,4
1549,6,0.5,0.0,2223.2267530635,20.453370176255703,8.7908468,0.021421736472495855,6.51925802230835,35.0,4
1540,6,1.0,0.0,2202.1457282826304,3.238671226426959,26.206412,0.06962064353561154,16.298145055770874,59.5,3
2673,6,1.0,0.0,2216.2268032552674,28.080815682187676,442.42140000000006,0.010710868236247928,10.593794286251068,49.0,5
732,6,1.0,0.0,2203.6877463106066,5.53856766782701,79.73095,0.0,9.778887033462524,55.0,2
812,6,0.8333333333333334,0.0,2227.5056566577405,12.04276131466031,53.841601,0.33203691532368573,40.745362639427185,61.0,3
919,6,1.0,0.0,2203.67940410506,0.26225182227790356,10.311162,0.05355434118123964,12.223608791828156,48.5,2
926,6,0.8333333333333334,0.0,2210.1155146956444,23.832436883822083,15.276685500000001,0.021421736472495855,11.408701539039612,48.0,2
994,6,0.6666666666666666,0.0,2226.4115581056103,13.665966922417283,15.9577425,0.15530758942559497,30.96647560596466,37.0,2
2162,6,0.6666666666666666,0.0,2191.133803455159,12.803876539692283,8.682757500000001,0.0,13.853423297405243,36.0,3
1051,6,0.0,0.16666666666666666,2226.5590123133734,0.030829571187496185,19.8126005,0.4177238612136692,12.223608791828156,7.0,3
2165,6,1.0,0.0,2243.6397364363074,14.29393282160163,8.823962,0.0,6.51925802230835,57.0,3
2577,6,1.0,0.0,2232.812818372622,6.9704982452094555,45.421435,0.0,9.778887033462524,52.0,5
2166,6,1.0,0.0,2210.0436855107546,11.708900332450867,22.106246,0.0,8.149072527885437,49.0,4
1448,6,0.5,0.0,2278.532827971503,28.65660795941949,6.7141592,0.13388585295309907,12.223608791828156,24.5,5
2571,6,0.0,0.16666666666666666,2226.482429774478,0.17342041246592999,36.79972,0.19815106237058666,10.593794286251068,3.5,2
2569,6,1.0,0.0,2255.8726090937853,15.042901039123535,52.7358205,0.3748803882686775,47.264620661735535,44.5,2
794,6,0.8333333333333334,0.0,2554.74845925346,568.8635087572038,6.7916495,0.2035064964887106,9.778887033462524,32.0,5
54,6,0.8333333333333334,0.0,2227.5143631268293,7.938065333291888,95.50888,0.41772386121366917,38.300640881061554,40.0,2
50,6,1.0,0.0,2245.4931834945455,8.21017101407051,30.1867655,0.021421736472495855,13.0385160446167,61.0,4
2587,6,0.8333333333333334,0.16666666666666666,2255.3398977033794,1.2026824988424778,26.7673525,0.12853041883497512,22.00249582529068,56.5,3
998,6,1.0,0.0,2237.482009571977,4.904859932139516,58.279511,0.0,8.149072527885437,49.0,3
1452,6,1.0,0.0,2237.4514676630497,12.119181687012315,8.711747,0.09639781412623134,14.668330550193787,51.0,5
2658,6,0.8333333333333334,0.0,2239.9123205104843,4.827334545552731,33.514467,0.08568694588998342,18.742866814136505,34.0,2
2170,6,1.0,0.0,2239.04782126192,14.967518858611584,13.473225500000002,0.0,9.778887033462524,52.0,5
927,6,1.0,0.0,2257.4981722282246,21.623922511935234,131.81841,0.0749760776537355,16.298145055770874,48.5,3
2139,6,0.8333333333333334,0.0,2223.365867510438,28.080941177904606,313.42553499999997,0.03213260470874378,12.223608791828156,56.5,4
797,6,1.0,0.0,2249.477381585166,7.963607786223292,12.569121500000001,0.010710868236247928,9.778887033462524,62.5,3
2133,6,0.3333333333333333,0.0,2799.97424420435,540.4853497166187,8.3148635,0.1874401941343387,12.223608791828156,8.5,4
364,6,1.0,0.0,2203.810582170263,28.952650725841522,11.770970250000001,0.0589097752993636,12.223608791828156,43.5,4
357,6,0.0,0.5,2106.4062502700835,66.94424129091203,8.7862995,0.03213260470874378,5.704350769519806,3.5,2
781,6,0.5,0.0,2232.834410155192,3.6345107946544886,6.3891362,0.0,8.149072527885437,25.5,4
1496,6,1.0,0.0,2000.0074577983469,203.8030200637877,11.0120675,0.04284347294499171,8.149072527885437,63.0,2
1,6,1.0,0.0,2256.0036812210456,15.17397235147655,44.4144975,0.3748803882686775,46.44971340894699,49.0,2
24,6,0.8333333333333334,0.0,2237.498763250187,2.048163441941142,31.1274935,0.010710868236247928,16.298145055770874,31.0,3
767,6,1.0,0.0,2232.680875924416,5.812969757243991,30.223592,0.021421736472495855,10.593794286251068,49.0,4
769,6,1.0,0.0,2253.5128528252244,3.986487165093422,127.882365,0.03213260470874378,10.593794286251068,64.0,2
42,6,1.0,0.0,2236.9678039103746,2.1016718819737434,11.707115,0.04284347294499171,9.778887033462524,46.5,4
757,6,1.0,0.0,2209.9629607982934,33.7880072183907,34.8008685,0.09639781412623134,16.298145055770874,48.0,5
1029,6,0.6666666666666666,0.0,2231.891950359568,28.417302295565605,20.7389,0.021421736472495855,8.149072527885437,39.0,2
1035,6,1.0,0.0,2242.3263357486576,0.0,53.701225,0.06426520941748756,15.48323780298233,63.0,1
22,6,1.0,0.0,2284.5266183139756,29.71869776956737,21.320904,0.14995215530747097,20.372681319713593,49.0,3
6,6,1.0,0.0,2235.1521473610774,6.067634792998433,47.3838865,0.0,9.778887033462524,52.0,3
870,6,0.8333333333333334,0.0,2258.5964968893677,39.99657859094441,15.925111,0.08568694588998342,17.113052308559418,56.5,2
1240,6,0.5,0.0,2237.4988186638802,4.827758297324181,21.5222275,0.0589097752993636,17.92795956134796,24.0,5
1528,6,0.5,0.0,2191.037996439263,12.192914495244622,9.6007155,0.0,6.51925802230835,42.5,2
26,6,0.8333333333333334,0.0,2239.3048356752843,4.009998869150877,8.0770758,0.24634996943370233,28.52175384759903,39.5,1
771,6,1.0,0.0,2202.005926053971,0.0021578744053840637,534.193235,0.26777170590619814,39.1155481338501,49.0,3
770,6,1.0,0.0,2190.8422720152885,0.010924646630883217,18.0962075,0.0,18.742866814136505,45.0,1
1489,6,1.0,0.0,2277.512213680893,27.9930061660707,23.9002915,0.17137389177996684,25.262124836444855,54.0,3
1488,6,1.0,0.0,2256.002656882629,0.0007317867130041122,1035.3562000000002,0.13924128707122305,27.706846594810486,49.0,2
1485,6,0.8333333333333334,0.0,2217.113373451866,23.814432322978973,17.146104,0.0,11.408701539039612,56.5,5
1518,6,1.0,0.0,2203.6877430509776,18.994707381352782,22.390226,0.0,6.51925802230835,49.0,4
1515,6,1.0,0.0,2209.0859877644107,5.538600264117122,60.9709475,0.0,8.96397978067398,46.0,4
1237,6,0.8333333333333334,0.0,2252.5140959769487,12.30481592938304,23.8778,0.03213260470874378,9.778887033462524,54.5,1
1511,6,1.0,0.0,2239.282526774332,5.132641177624464,25.150452,0.010710868236247928,10.593794286251068,49.0,4
1509,6,1.0,0.0,2229.6313560800627,9.9532266613096,31.9526625,0.010710868236247928,11.408701539039612,59.5,4
38,6,1.0,0.0,2219.793636817485,4.588310839608312,23.1504455,0.010710868236247928,8.149072527885437,44.0,1
2654,6,1.0,0.0,2267.4972765380517,21.492849569767714,207.16591499999998,0.0749760776537355,17.92795956134796,56.5,3
2600,6,0.8333333333333334,0.0,2227.5020433589816,33.771096263080835,9.68760635,0.09104238000810738,14.668330550193787,42.0,4
2598,6,0.5,0.0,2204.529147827998,15.718662878498435,18.509932499999998,0.20350649648871064,26.891939342021942,24.5,3
1011,6,0.6666666666666666,0.0,2824.9691813252866,562.500603729859,6.83932185,0.2677717059061982,8.96397978067398,25.0,3
2631,6,1.0,0.0,2218.2947827968746,23.626069771125913,24.320096,0.0,11.408701539039612,55.0,5
795,6,0.0,0.16666666666666666,2106.5988006303087,97.60502399876714,6.7993058,0.03213260470874378,8.96397978067398,6.5,3
1512,6,1.0,0.0,2242.6070175133646,10.001066606491804,7943.98825,0.010710868236247928,10.593794286251068,64.0,2
1639,6,1.0,0.0,2237.5735961832106,7.208835799247026,36.0023555,0.021421736472495855,8.96397978067398,51.5,5
2099,6,1.0,0.0,2237.4799054814503,5.084177013486624,23.942836,0.021421736472495855,8.149072527885437,55.0,3
711,6,0.8333333333333334,0.0,2203.5482521168888,0.2621475141495466,10.007498,0.11246411648060324,14.668330550193787,39.5,1
712,6,1.0,0.0,2237.451697466895,11.198427760973573,10.079930000000001,0.1017532482443553,17.92795956134796,51.5,3
76,6,1.0,0.0,2240.9615005599335,0.8867771830409765,7.55163095,0.33203691532368573,4.0745362639427185,33.0,1
398,6,0.6666666666666666,0.0,2237.5083677470684,17.307901522144675,36.665919,0.16066302354371892,27.706846594810486,38.0,4
721,6,0.8333333333333334,0.0,2238.1609234726056,5.170772317796946,15.5578075,0.03213260470874378,8.96397978067398,54.0,3
2547,6,1.0,0.0,2277.512213680893,29.718397883698344,25.033096999999998,0.15530758942559494,22.00249582529068,54.0,3
1641,6,0.8333333333333334,0.0,2239.282526774332,13.765036826953292,165.034565,0.021421736472495855,9.778887033462524,49.0,5
900,6,0.3333333333333333,0.0,2239.548414712772,2.0479955710470676,23.249382,0.299904310614942,39.1155481338501,22.0,1
2051,6,1.0,0.0,2231.7608105950058,5.759462947025895,260.83478,0.010710868236247928,9.778887033462524,49.0,2
413,6,1.0,0.0,2250.4529119469225,6.047117058187723,21.640939,0.010710868236247928,10.593794286251068,64.0,2
2536,6,1.0,0.0,2203.679743921384,0.016500242054462433,15.9086815,0.0,4.0745362639427185,49.0,3
95,6,1.0,0.0,2237.516467925161,8.031597128137946,31.978888499999996,0.10710868236247928,15.48323780298233,51.5,4
2534,6,1.0,0.0,2232.6903875218704,5.305888829752803,21.6199675,0.0,12.223608791828156,49.0,4
2087,6,0.3333333333333333,0.0,2252.501869108528,6.949538830667734,7.7529763,0.021421736472495855,8.149072527885437,24.0,4
1588,6,1.0,0.0,2241.641951375641,13.84622766636312,43.137398000000005,0.12317498471685116,22.00249582529068,54.0,2
1652,6,0.6666666666666666,0.0,2252.515898551792,12.074206955730915,6.4900231,0.0,10.593794286251068,35.5,3
1207,6,1.0,0.0,2008.0046283546835,0.001082196831703186,31.229612,0.3427477835599337,34.226104617118835,64.0,2
2149,6,0.5,0.0,2239.546758821234,15.005545690655708,13.934429999999999,0.03748803882686774,14.668330550193787,37.5,2
1614,6,0.6666666666666666,0.0,2204.529019887559,11.676928261294961,42.6567745,0.23028366707933046,30.151568353176117,38.5,4
1615,6,0.8333333333333334,0.16666666666666666,2221.3537506759167,23.68696127086878,20.709484,0.0,8.149072527885437,51.5,5
1257,6,1.0,0.0,2212.2420836240053,28.95148377865553,43.754568,0.0,8.149072527885437,55.0,4
2553,6,0.6666666666666666,0.0,2213.522686739452,22.793873446062207,334.81034999999997,0.03213260470874378,13.853423297405243,64.0,4
1616,6,1.0,0.0,2232.244700891897,27.875170577317476,8.8625155,0.0,12.223608791828156,49.0,4
1255,6,0.5,0.0,2240.9578448859975,1.6298145055770874e-06,7.78733665,0.4070129929774212,7.334165275096893,27.5,1
2548,6,1.0,0.0,2200.4409194923937,0.2621475141495466,28.285386,0.03213260470874378,15.48323780298233,63.0,1
710,6,1.0,0.0,2229.5496705919504,11.198429390788078,14.4414865,0.09639781412623136,16.298145055770874,49.0,5
2560,6,0.6666666666666666,0.0,2237.498654052615,4.827334545552731,29.7980715,0.1017532482443553,17.92795956134796,35.0,3
1593,6,0.5,0.0,2253.5127216251567,585.419938666746,7.79860465,0.021421736472495855,7.334165275096893,30.0,5
1256,6,0.0,0.0,2029.9602751620114,0.21362630650401115,13.520339499999999,0.06962064353561154,7.334165275096893,11.0,1
763,5,0.8,0.0,2247.4927043076605,13.218703446909785,41.602467,0.021421736472495855,9.778887033462524,58.0,3
2663,5,0.6,0.2,2232.808101689443,37.36619488336146,10.128836,0.021421736472495855,6.51925802230835,42.0,4
1303,5,0.4,0.0,2190.447922097519,0.6054125260561705,10.884277,0.0,8.149072527885437,27.0,2
1216,5,0.2,0.0,2232.8081033192575,3.5045102704316378,7.0599666,0.0,8.149072527885437,16.0,4
1016,5,0.0,0.0,2239.546758821234,1.6298145055770874e-06,14.233877,0.021421736472495855,14.668330550193787,20.0,2
2089,5,1.0,0.0,2277.51171332784,522.4720677360892,9.290699,0.03213260470874378,9.778887033462524,63.0,2
1309,5,0.4,0.0,2237.4554411508143,8.988721994683146,6.8925242,0.0,13.0385160446167,26.0,3
2647,5,1.0,0.0,2256.01089396514,29.718929203227162,19.67454,0.13924128707122305,19.55777406692505,49.0,3
531,5,0.4,0.0,2232.860863674432,14.269637176766992,14.814551,0.021421736472495855,9.778887033462524,21.0,3
504,5,0.4,0.0,1971.95640578866,231.7887246608734,6.32135,0.0,4.889443516731262,29.0,3
776,5,0.6,0.0,2253.381512593478,9.091370971873403,7.0129147,0.0,6.51925802230835,49.0,3
2097,5,0.8,0.0,2208.067514235154,21.905197529122233,8.835196,0.021421736472495855,8.149072527885437,44.0,3
1923,5,0.8,0.0,2232.7216644771397,4.916288191452622,14.585771,0.0,11.408701539039612,49.0,2
2652,5,0.0,0.2,2106.400232994929,134.79086034931242,6.6243715,0.03213260470874378,4.889443516731262,7.0,2
2040,5,1.0,0.0,2229.549898765981,9.068098850548267,23.619947,0.12853041883497512,21.187588572502136,55.0,4
1927,5,0.8,0.0,2256.1332718469203,568.880088860169,7.6778483,0.12853041883497512,17.92795956134796,35.0,4
2650,5,1.0,0.0,2231.7609360907227,15.916662523522973,266.3057,0.03213260470874378,11.408701539039612,55.0,4
1212,5,0.8,0.0,2210.9999710228294,24.395594839006662,12.074933,0.0,6.51925802230835,55.0,3
1960,5,1.0,0.0,2240.9614997450262,0.0,172.36658,0.3427477835599337,42.37517714500427,48.0,1
418,5,0.0,0.6,2105.8767365757376,1.5580635517835617,7.509915,0.03213260470874378,8.149072527885437,2.0,1
2056,5,0.8,0.0,2232.500995742157,4.720030818134546,33.02498,0.03213260470874378,11.408701539039612,35.0,3
1251,5,1.0,0.0,2209.087237017229,23.4131736215204,54.08735,0.021421736472495855,8.149072527885437,55.0,2
1929,5,0.4,0.0,2226.5505690593272,14.281712472438812,17.809092,0.12853041883497512,17.92795956134796,11.0,2
515,5,0.6,0.0,2256.132996408269,25.842586532235146,7.3568687,0.1927956282524627,9.778887033462524,35.0,3
513,5,1.0,0.0,2256.0022005345672,13.807552168145776,62.691875,0.13924128707122305,22.817403078079224,49.0,3
541,5,0.0,0.4,2226.5375908464193,0.1073020976036787,13.314774,0.21421736472495856,13.0385160446167,6.0,3
1209,5,1.0,0.0,2239.100805716589,14.967518858611584,15.918318,0.0,8.149072527885437,55.0,4
2043,5,0.4,0.0,2232.8608653042465,4.743338795378804,6.4705906,0.010710868236247928,13.0385160446167,26.0,3
417,5,0.8,0.0,2248.501709429547,13.199052773416042,7.887349,0.021421736472495855,9.778887033462524,38.0,3
2180,5,1.0,0.0,2219.793636817485,17.66151748597622,24.609808,0.010710868236247928,8.149072527885437,44.0,2
1502,5,1.0,0.0,2232.817663811147,6.0146723408252,6.830666,0.010710868236247928,8.149072527885437,47.0,4
754,5,0.8,0.0,2203.54837924242,4.5594582334160805,12.500954,0.03213260470874378,9.778887033462524,48.0,5
756,5,0.6,0.0,2239.568231627345,14.931464102119207,10.527546,0.021421736472495855,8.149072527885437,48.0,4
522,5,1.0,0.0,2237.50819824636,10.014452273026109,30.6042,0.0749760776537355,14.668330550193787,49.0,3
1150,5,0.8,0.0,2252.5140976067632,13.669415609911084,52.55691,0.06426520941748756,16.298145055770874,63.0,4
28,5,1.0,0.0,1976.0050866752863,48.00722445361316,8.720134,0.3427477835599337,4.889443516731262,55.0,4
2182,5,0.6,0.0,2277.5117997080088,549.5552739594132,8.582802,0.08568694588998342,13.0385160446167,25.0,3
7,5,0.2,0.0,2202.8362611308694,12.840897776186466,8.482409,0.0,6.51925802230835,23.0,2
220,5,1.0,0.0,2255.8726090937853,15.17397235147655,44.407593,0.3748803882686775,45.63480615615845,49.0,3
212,5,1.0,0.0,2232.774317264557,10.08309843018651,17.568495,0.010710868236247928,8.149072527885437,49.0,5
2183,5,1.0,0.0,2204.528830014169,10.868020355701447,59.935608,0.13924128707122305,21.187588572502136,53.0,2
1204,5,1.0,0.0,2245.90015062131,10.256818728521466,31.224443,0.03213260470874378,13.0385160446167,59.0,2
1915,5,0.8,0.0,1971.9143679831177,0.053775729611516,8.322028,0.0,4.889443516731262,45.0,1
323,5,1.0,0.0,2232.7647812198848,4.9548642709851265,52.22603,0.021421736472495855,11.408701539039612,49.0,3
872,5,0.6,0.0,2277.5117980781943,23.68912729434669,7.5145035,0.10710868236247928,16.298145055770874,43.0,3
1142,5,0.8,0.0,2243.639664724469,37.87868027575314,8.2122965,0.03213260470874378,13.0385160446167,49.0,2
502,5,0.8,0.0,2232.774317264557,4.851454170420766,13.06107,0.0,8.149072527885437,49.0,3
501,5,0.8,0.0,2211.133987409994,28.944053454324603,16.042988,0.0,6.51925802230835,49.0,4
228,5,1.0,0.0,2231.760527007282,0.7404231000691652,57.45279,0.0,9.778887033462524,55.0,3
958,5,1.0,0.0,1976.0050866752863,0.001064268872141838,8.501534,0.3427477835599337,6.51925802230835,55.0,2
957,5,1.0,0.0,2277.512213680893,29.71869776956737,23.914328,0.16066302354371892,26.0770320892334,54.0,3
953,5,1.0,0.0,2237.508573103696,5.981199210509658,15.817056,0.0,6.51925802230835,49.0,3
952,5,1.0,0.0,2239.359325263649,13.138117268681526,10.405746,0.0,8.149072527885437,54.0,2
2174,5,0.8,0.0,2239.359833765775,4.010000498965383,7.968245,0.24634996943370233,9.778887033462524,42.0,1
336,5,1.0,0.0,2232.807917520404,4.851617151871324,38.8826,0.0,8.149072527885437,55.0,4
1500,5,1.0,0.0,2231.7609360907227,14.154089847579598,564.0264,0.03213260470874378,13.0385160446167,49.0,3
1169,5,1.0,0.0,2203.8110678549856,5.429246230050921,7.3450937,0.0,8.149072527885437,44.0,5
1475,5,0.4,0.4,2239.1976199578494,10.743817081674933,6.7724857,0.3855912565049254,8.149072527885437,4.0,2
1480,5,0.8,0.0,2239.359325263649,12.066054623574018,9.580614,0.0,11.408701539039612,49.0,5
905,5,0.8,0.2,2252.487842924893,9.881848935037851,8.754183,0.0,8.149072527885437,51.0,3
1483,5,0.2,0.0,2191.0475585609674,231.2904936261475,7.320927,0.0,6.51925802230835,27.0,3
778,5,0.8,0.0,2190.841709729284,0.2017368096858263,16.459156,0.0,9.778887033462524,54.0,2
1161,5,0.8,0.0,2240.9578457009047,0.3006111364811659,8.507652,0.3855912565049254,11.408701539039612,35.0,2
252,5,1.0,0.0,2240.9577250946313,17.2875109128654,37.801723,0.10710868236247928,17.92795956134796,54.0,4
1281,5,1.0,0.0,2205.0004641059786,28.690550476312637,8.185272,0.04284347294499171,9.778887033462524,44.0,3
2198,5,0.6,0.0,2237.4551543034613,8.167587220668793,8.391806,0.021421736472495855,6.51925802230835,38.0,3
459,5,1.0,0.0,2252.4965265765786,36.54805407859385,19.21462,0.0749760776537355,14.668330550193787,55.0,4
2173,5,0.4,0.0,2262.4959014356136,583.4746491163969,6.6321306,0.22492823296120648,6.51925802230835,15.0,4
1245,5,1.0,0.0,2239.5683522336185,11.046282947063446,10.648204,0.021421736472495855,6.51925802230835,49.0,3
373,5,1.0,0.0,2238.7365323957056,13.399192364886403,35.48414,0.04284347294499171,11.408701539039612,55.0,3
2010,5,1.0,0.0,2203.6717431619763,18.96590366959572,24.225973,0.0,8.149072527885437,55.0,4
2008,5,1.0,0.0,2202.0072918385267,0.002762535586953163,244.26988,0.299904310614942,39.1155481338501,49.0,4
374,5,0.6,0.0,2252.5009710807353,7.073023356497288,33.54752,0.021421736472495855,9.778887033462524,58.0,3
471,5,0.8,0.0,2205.00037772581,0.0004677567631006241,7.5285215,0.03213260470874378,13.0385160446167,48.0,4
2120,5,1.0,0.0,2239.359325263649,0.3529004752635956,7.101214,0.0,8.149072527885437,42.0,3
1202,5,1.0,0.0,2252.4359398521483,15.26643498800695,28.473757,0.010710868236247928,8.149072527885437,64.0,3
466,5,1.0,0.0,2215.205325977877,22.25004998035729,26.627234,0.010710868236247928,9.778887033462524,36.0,2
1985,5,0.8,0.0,2203.8105251267552,0.26214588433504105,14.228682,0.0749760776537355,16.298145055770874,39.0,1
2125,5,0.0,0.0,2238.9353453181684,0.5640641320496798,6.809601,0.3427477835599337,4.889443516731262,9.0,2
1983,5,0.6,0.2,2239.54807408154,1.9665781874209642,7.911563,0.149952155307471,24.44721758365631,35.0,3
1980,5,1.0,0.0,2255.871585570276,22.704233648255467,45.596237,0.149952155307471,27.706846594810486,49.0,3
2126,5,1.0,0.0,2212.745593627915,0.0,30.772865,0.13924128707122305,27.706846594810486,40.0,1
2142,5,1.0,0.0,2257.4970175046474,4.743527853861451,30.950987,0.08568694588998342,14.668330550193787,55.0,3
1294,5,1.0,0.0,2257.4993416201323,3.9864887949079275,134.98506,0.04284347294499171,9.778887033462524,49.0,3
1292,5,1.0,0.0,2243.5086683835834,8.992348331958055,187.23766,0.010710868236247928,9.778887033462524,64.0,2
2047,5,0.4,0.0,2231.8918819073588,10.018226923421025,6.835771,0.010710868236247928,8.149072527885437,22.0,3
2003,5,0.8,0.0,2237.4431979842484,32.57289249449968,10.06722,0.06426520941748756,11.408701539039612,49.0,3
2215,5,1.0,0.0,2774.9921386130154,0.0,17.053026,0.20350649648871064,24.44721758365631,42.0,1
915,5,0.6,0.0,2210.995920933783,13.35093192756176,11.260527,0.18208476001621476,24.44721758365631,34.0,3
317,5,1.0,0.0,2200.7030670065433,4.559471271932125,30.016825,0.03213260470874378,13.0385160446167,63.0,3
316,5,0.8,0.2,2205.000465735793,19.51474859379232,7.137764,0.04284347294499171,11.408701539039612,42.0,4
308,5,1.0,0.0,2229.549898765981,9.005016880109906,34.654316,0.12853041883497512,21.187588572502136,55.0,3
2216,5,0.6,0.0,2201.876218896359,0.0027152709662914276,13.19628,0.299904310614942,14.668330550193787,42.0,2
2111,5,1.0,0.0,2202.0051339641213,0.1326538622379303,262.5615,0.25706083766995025,40.745362639427185,49.0,3
350,5,1.0,0.0,2284.002327360213,0.0006388872861862183,183.43741,0.3106151788511899,39.1155481338501,55.0,2
2219,5,0.6,0.0,2200.571904424578,3.1479818280786276,57.577946,0.06426520941748756,16.298145055770874,45.0,3
2233,5,0.6,0.0,2227.43704309687,11.42962509766221,7.1492476,0.08568694588998342,16.298145055770874,62.0,3
2164,5,0.8,0.0,2252.5662353727967,10.127993300557137,7.0796256,0.0,6.51925802230835,40.0,3
2103,5,1.0,0.0,2203.679507598281,3.1075135339051485,432.95746,0.05355434118123964,14.668330550193787,32.0,3
1193,5,1.0,0.0,2200.571904424578,3.1479329336434603,79.62809,0.0749760776537355,16.298145055770874,45.0,2
1191,5,1.0,0.0,2204.789998009801,4.297516075894237,1587.0496,0.010710868236247928,11.408701539039612,49.0,2
1190,5,1.0,0.0,2240.9576256759465,39.92418386042118,20.7142,0.0749760776537355,13.0385160446167,55.0,4
298,5,1.0,0.0,2239.249835954979,4.009998869150877,7.6129146,0.25706083766995025,29.336661100387573,43.0,1
2100,5,1.0,0.0,2232.764800777659,23.774726781994104,41.44531,0.010710868236247928,13.0385160446167,55.0,3
1996,5,0.6,0.0,2232.773578958586,9.743194095790386,19.659742,0.04284347294499171,9.778887033462524,47.0,3
2171,5,1.0,0.0,2241.7439818382263,12.931248173117638,20.575792,0.0,9.778887033462524,55.0,4
2236,5,0.6,0.2,2231.6298647783697,33.68807351216674,16.613573,0.05355434118123964,14.668330550193787,39.0,5
292,5,0.8,0.0,2232.8511173836887,5.687707103788853,7.42196,0.0,9.778887033462524,39.0,3
960,5,1.0,0.0,2284.001864492893,27.87032350897789,77.530106,0.21421736472495856,29.336661100387573,49.0,3
1268,5,1.0,0.0,2223.226766102016,33.83632958866656,15.188872,0.0,6.51925802230835,49.0,4
2273,5,0.2,0.0,1971.9342305324972,0.06190035492181778,7.28384,0.0,4.889443516731262,22.0,1
2271,5,0.6,0.0,2249.9998626299202,13.205301482230425,7.9929986,0.0,6.51925802230835,45.0,5
2268,5,0.8,0.0,2240.958616603166,0.2913929056376219,19.54296,0.36416952003242953,19.55777406692505,39.0,3
2081,5,0.8,0.0,2080.0115591846406,159.99725693836808,7.225496,0.2677717059061982,3.259629011154175,53.0,4
262,5,1.0,0.0,2235.5368805583566,6.027446826919913,8.091864,0.04284347294499171,8.149072527885437,43.0,3
2072,5,0.8,0.0,2232.755118049681,27.966014808043838,13.774342,0.0,6.51925802230835,54.0,4
2070,5,0.8,0.0,2239.2057266552,10.86613954976201,8.066181,0.0,8.149072527885437,39.0,4
910,5,0.2,0.2,2239.040241809562,0.29372680000960827,7.13466,0.3427477835599337,4.889443516731262,16.0,2
2032,5,1.0,0.0,2239.6998358890414,4.010000498965383,7.24356,0.24634996943370233,27.706846594810486,43.0,1
2671,5,0.8,0.0,2190.8362596295774,260.9044595155865,11.208189,0.0,11.408701539039612,39.0,4
2295,5,1.0,0.0,2200.7030670065433,0.2621475141495466,29.807959,0.03213260470874378,11.408701539039612,64.0,2
2066,5,1.0,0.0,2237.520335474983,4.755521658807993,32.044178,0.0,6.51925802230835,55.0,3
2289,5,0.8,0.0,2203.720045974478,23.71699712239206,6.560598,0.06426520941748756,11.408701539039612,42.0,3
2282,5,0.8,0.0,2774.9921386130154,582.6657428406179,16.199797,0.20350649648871064,26.0770320892334,42.0,2
2276,5,1.0,0.0,2190.0962830986828,214.9702189490199,23.924343,0.0,4.889443516731262,63.0,2
935,5,0.8,0.0,2232.5004399754107,1.0041727218776941,41.358925,0.010710868236247928,9.778887033462524,55.0,4
497,5,0.8,0.0,2284.002917353064,31.509405933320522,168.25894,0.28919344237869404,35.85591912269592,55.0,3
493,5,1.0,0.0,2209.0859869495034,11.847719782963395,32.426853,0.0,9.778887033462524,55.0,4
2026,5,0.8,0.0,2191.037996439263,18.63840059377253,10.654655,0.0,6.51925802230835,46.0,3
1995,5,0.2,0.2,2239.5465762820095,0.0437817070633173,6.812391,0.04284347294499171,16.298145055770874,25.0,3
2048,5,0.8,0.0,2239.5683522336185,11.046282947063446,14.815824,0.021421736472495855,6.51925802230835,49.0,4
407,5,1.0,0.0,2240.9576256759465,16.540278447791934,22.687113,0.0749760776537355,14.668330550193787,55.0,3
479,5,1.0,0.0,2255.9957513585687,21.634508157148957,89.43033,0.05355434118123964,14.668330550193787,55.0,3
2150,5,1.0,0.0,2239.215326262638,0.8319844491779804,12.479681,0.010710868236247928,8.149072527885437,54.0,3
279,5,1.0,0.0,2202.0072918385267,0.0027152709662914276,294.3721,0.299904310614942,42.37517714500427,49.0,2
1271,5,0.6,0.0,2279.560256516561,519.1084565594792,7.4755864,0.17137389177996684,11.408701539039612,35.0,4
885,5,1.0,0.0,2205.0003060139716,28.69044616818428,12.044369,0.04284347294499171,11.408701539039612,48.0,3
884,5,1.0,0.0,2238.528475165367,4.096152493730187,9.249827,0.03213260470874378,9.778887033462524,47.0,2
1171,5,0.8,0.0,2243.377595441416,3.9474335499107838,7.765951,0.0,4.889443516731262,38.0,3
1310,5,1.0,0.0,2215.3967183548957,21.712075918912888,25.680984,0.0,11.408701539039612,61.0,3
403,5,0.6,0.0,2064.0042007435113,111.99393752031028,10.258698,0.3748803882686775,8.149072527885437,36.0,2
338,5,1.0,0.0,2202.0078964997083,25.50108009018004,125.94946,0.3106151788511899,39.1155481338501,49.0,4
2017,5,0.6,0.0,2209.1009893920273,42.38507989794016,6.6850686,0.0,11.408701539039612,27.0,4
2019,5,0.8,0.0,2243.377595441416,14.098971150815487,7.3830347,0.0,9.778887033462524,54.0,3
1180,5,0.6,0.0,2374.9951613135636,490.9623928833753,6.6376324,0.32132604708743784,14.668330550193787,34.0,3
1178,5,1.0,0.0,1976.0114364326,88.00128987058997,8.972926,0.3748803882686775,11.408701539039612,62.0,2
2023,5,1.0,0.0,2210.9999808017164,29.083513421937823,17.192766,0.0,9.778887033462524,49.0,4
2025,5,1.0,0.0,2232.7736034058034,5.348942009732127,8.935422,0.0,9.778887033462524,49.0,4
1172,5,0.4,0.0,1971.95640578866,231.78015020675957,6.7567744,0.0,9.778887033462524,24.0,2
405,5,1.0,0.0,2256.1337298247963,13.807552168145776,50.95453,0.149952155307471,24.44721758365631,49.0,2
2524,5,1.0,0.0,2226.4115589205176,2.101839752867818,14.869951,0.149952155307471,27.706846594810486,40.0,2
2523,5,1.0,0.0,2237.5164956320077,9.068098850548267,26.809956,0.09639781412623134,14.668330550193787,49.0,4
1072,5,0.0,0.2,2238.974866690114,0.30547287315130234,6.6069903,0.33203691532368573,4.889443516731262,23.0,2
1071,5,1.0,0.0,2252.4935114197433,31.508815940469503,51.264397,0.299904310614942,32.59629011154175,45.0,2
802,5,0.6,0.0,2239.546577911824,7.096849614754319,6.7744255,0.010710868236247928,8.149072527885437,46.0,4
1441,5,1.0,0.0,2210.9999808017164,18.414785154163837,22.888464,0.0,9.778887033462524,49.0,3
1435,5,0.4,0.0,2191.4313472807407,231.32510599680245,7.0658083,0.0,4.889443516731262,21.0,4
1432,5,0.0,0.0,2190.4413963202387,13.79112689755857,7.9205995,0.0,11.408701539039612,25.0,3
1629,5,0.8,0.0,2237.451439956203,12.127632275223732,7.19681,0.09639781412623134,14.668330550193787,51.0,5
1625,5,0.0,0.0,2277.5117997080088,23.426997708156705,6.617856,0.0749760776537355,11.408701539039612,12.0,3
2544,5,0.6,0.0,2279.560256516561,568.8590006902814,6.5813437,0.18208476001621476,14.668330550193787,35.0,5
2541,5,0.8,0.0,2203.719488577917,2.392942551523447,13.418741,0.24634996943370233,32.59629011154175,32.0,4
2540,5,1.0,0.0,2032.0112924091518,0.006287824362516403,12.833999,0.2677717059061982,26.0770320892334,62.0,2
2538,5,1.0,0.0,2201.8740626517683,193.86911811307073,41.589436,0.25706083766995025,32.59629011154175,49.0,2
762,5,0.8,0.0,2242.713829036802,10.000791167840362,1838.3741,0.010710868236247928,9.778887033462524,64.0,2
2532,5,1.0,0.0,2252.4878380354494,13.813282595947385,9.437638,0.0,6.51925802230835,61.0,2
1658,5,0.8,0.0,2203.2380625605583,0.9126618970185518,7.7189226,0.0,6.51925802230835,39.0,3
1657,5,1.0,0.0,2203.687744680792,13.363271253183484,10.371269,0.0,9.778887033462524,49.0,4
715,5,0.8,0.0,2227.5020433589816,4.998950753360987,53.150513,0.0749760776537355,14.668330550193787,64.0,2
706,5,0.2,0.0,2218.1198922917247,6.368907634168863,6.2976093,0.16066302354371892,17.92795956134796,26.0,2
1617,5,0.4,0.0,2202.6362617034465,14.44750209338963,7.99333,0.0,9.778887033462524,27.0,3
1611,5,1.0,0.0,2241.5513198357075,11.82441832497716,8.707141,0.33203691532368573,6.51925802230835,48.0,2
1646,5,1.0,0.0,2203.6799965426326,3.259629011154175e-06,1418.4757,0.0,9.778887033462524,53.0,2
1637,5,0.8,0.0,2237.5200437381864,34.56781478598714,54.13435,0.04284347294499171,11.408701539039612,49.0,3
1636,5,1.0,0.0,2237.455043476075,4.734984366223216,10.567289,0.04284347294499171,11.408701539039612,47.0,5
1632,5,0.6,0.0,2231.629807734862,22.8045959956944,21.378273,0.021421736472495855,13.0385160446167,48.0,2
81,5,1.0,0.0,2277.5118339341134,28.3947407733649,8.458755,0.18208476001621476,14.668330550193787,35.0,4
1610,5,0.4,0.0,2238.94709139131,2.8350460343062878,6.412533,0.33203691532368573,4.889443516731262,23.0,3
1459,5,0.8,0.0,2232.7647812198848,1.0041906498372555,81.69016,0.010710868236247928,9.778887033462524,49.0,4
1454,5,0.0,0.2,2190.4365981463343,0.6106523796916008,8.666232,0.021421736472495855,6.51925802230835,5.0,1
2535,5,0.8,0.0,2239.3497256562114,7.047622697427869,12.398698,0.0,8.149072527885437,44.0,5
108,5,1.0,0.0,2255.9957513585687,1.329659717157483,92.28119,0.05355434118123964,16.298145055770874,55.0,3
99,5,0.2,0.0,2203.672245144844,4.387268330901861,8.432202,0.021421736472495855,9.778887033462524,12.0,2
985,5,1.0,0.0,2255.9958605561405,3.5517080686986446,36.359444,0.04284347294499171,9.778887033462524,49.0,5
846,5,0.8,0.0,2252.5009401142597,9.996936656534672,270.83984,0.010710868236247928,9.778887033462524,64.0,3
668,5,1.0,0.0,2215.205325977877,4.588310839608312,22.722466,0.010710868236247928,9.778887033462524,32.0,1
660,5,1.0,0.0,2237.5164956320077,4.229609854519367,33.395054,0.09639781412623134,17.92795956134796,54.0,4
659,5,0.6,0.2,2190.4477982316166,229.08633737824857,9.166554,0.021421736472495855,6.51925802230835,48.0,3
1062,5,1.0,0.0,2203.6722435150295,0.13932469300925732,17.136063,0.0,8.149072527885437,49.0,3
1061,5,0.8,0.0,2190.8362596295774,0.20664907060563564,17.376074,0.0,9.778887033462524,54.0,2
1003,5,0.4,0.0,2232.8512559179217,6.845318712294102,6.834012,0.0,13.0385160446167,26.0,5
2512,5,1.0,0.0,2239.282530033961,14.980955049395561,270.67334,0.021421736472495855,11.408701539039612,49.0,5
2505,5,0.8,0.0,2253.6439273972064,33.872048603370786,7.894856,0.021421736472495855,13.0385160446167,42.0,3
2501,5,1.0,0.0,2210.996287642047,21.90576307475567,10.8326235,0.1178195505987272,14.668330550193787,52.0,4
1690,5,1.0,0.0,2232.808056054637,29.648962896317244,42.79957,0.0,11.408701539039612,49.0,4
2526,5,0.6,0.0,2024.0101125091314,55.99756771698594,10.200998,0.4284347294499171,1.6298145055770874,39.0,2
824,5,0.6,0.0,2000.0070438254625,24.003023048862815,8.688302,0.35345865179618163,4.889443516731262,64.0,2
1429,5,1.0,0.0,2232.807917520404,0.08639972656965256,64.09754,0.0,16.298145055770874,55.0,2
833,5,0.8,0.2,2237.4518995638937,8.031782926991582,10.704784,0.10710868236247928,16.298145055770874,47.0,3
1666,5,1.0,0.0,2277.5056797545403,20.007775630801916,20.801523,0.05355434118123964,13.0385160446167,63.0,2
1663,5,0.2,0.0,2252.5225921999663,586.4093468990177,6.6632104,0.25706083766995025,9.778887033462524,27.0,3
1411,5,1.0,0.0,2237.455128226429,6.63670408539474,17.177782,0.021421736472495855,8.149072527885437,40.0,3
685,5,0.8,0.0,2201.8740626517683,196.5242032893002,30.632769,0.22492823296120648,29.336661100387573,49.0,4
1678,5,1.0,0.0,2227.5020433589816,36.93629219196737,63.52559,0.0749760776537355,14.668330550193787,45.0,3
805,5,1.0,0.0,2205.00037772581,27.5006506126374,7.7485437,0.03213260470874378,9.778887033462524,48.0,3
1651,5,1.0,0.0,2203.548923600465,7.451057201251388,34.74059,0.0,11.408701539039612,55.0,1
705,5,0.8,0.0,2203.7198373582214,3.1479329336434603,109.51602,0.08568694588998342,16.298145055770874,55.0,3
695,5,1.0,0.0,2240.0898358318955,4.009998869150877,9.599587,0.25706083766995025,30.96647560596466,45.0,1
691,5,0.8,0.0,2232.712068129331,1.093168742954731,7.792813,0.0,8.149072527885437,49.0,4
1649,5,1.0,0.0,2232.721656328067,28.356207069009542,34.639492,0.0,8.149072527885437,49.0,4
2528,5,1.0,0.0,2203.6717431619763,13.595700729638338,24.359707,0.0,6.51925802230835,49.0,4
828,5,0.0,0.2,2275.45780967921,24.618956027552485,6.704554,0.05355434118123964,9.778887033462524,15.0,2
1555,5,1.0,0.0,2237.5204251147807,6.335985381156206,76.95389,0.010710868236247928,9.778887033462524,54.0,4
753,5,0.8,0.0,2204.236187040806,3.6642614286392927,10.431622,0.021421736472495855,6.51925802230835,48.0,3
1541,5,1.0,0.0,2232.5009582564235,3.907017409801483,14.798318,0.04284347294499171,9.778887033462524,47.0,3
1533,5,1.0,0.0,2000.007770722732,103.99971692822874,8.611759,0.2677717059061982,6.51925802230835,62.0,3
1531,5,1.0,0.0,2241.5513198357075,34.3380190897733,7.688692,0.33203691532368573,9.778887033462524,46.0,3
1527,5,0.6,0.0,2190.8313473686576,13.239159248769283,8.283562,0.0,8.149072527885437,28.0,4
1526,5,0.2,0.0,2191.4313472807407,13.79330107010901,7.197909,0.0,9.778887033462524,29.0,3
1525,5,0.8,0.0,2223.226766102016,29.04992294497788,9.778094,0.0,6.51925802230835,49.0,5
37,5,1.0,0.0,2237.5164402183145,7.966596866026521,34.18289,0.10710868236247928,16.298145055770874,54.0,3
36,5,1.0,0.0,2242.713773623109,10.799079202115536,364.8707,0.04284347294499171,11.408701539039612,54.0,2
2609,5,0.8,0.0,2252.4965233169496,14.853304717689753,8.206512,0.03213260470874378,6.51925802230835,35.0,4
2603,5,0.2,0.6,2106.613843003288,94.92083359509706,6.7845974,0.03213260470874378,11.408701539039612,2.0,2
2597,5,0.6,0.0,2239.548077341169,2.507935743778944,8.692789,0.1927956282524627,26.0770320892334,27.0,3
2596,5,1.0,0.0,2242.500205989927,10.001022601500154,17819.78,0.010710868236247928,9.778887033462524,64.0,1
80,5,0.4,0.0,2204.5289603993297,7.276797434315085,11.5509405,0.18208476001621476,22.817403078079224,18.0,3
62,5,0.8,0.2,2227.5056566577405,1.0101378429681063,53.567963,0.33203691532368573,42.37517714500427,61.0,2
1238,5,1.0,0.0,2235.5368805583566,6.636467762291431,10.036379,0.03213260470874378,8.149072527885437,47.0,4
2135,5,0.8,0.0,2240.0898358318955,3.349998965859413,8.092088,0.25706083766995025,29.336661100387573,44.0,1
2131,5,1.0,0.0,2032.0050045847893,55.99945015273988,13.570677,0.22492823296120648,24.44721758365631,64.0,3
365,5,1.0,0.0,2241.745763225481,16.540179029107094,26.102236,0.08568694588998342,17.92795956134796,49.0,4
360,5,0.8,0.0,2237.5164956320077,0.0004041939973831177,42.47816,0.10710868236247928,17.92795956134796,54.0,3
2639,5,0.6,0.0,2225.1145248301327,193.10929533094168,7.8611383,0.299904310614942,3.259629011154175,54.0,3
2638,5,1.0,0.0,2238.8398349285126,4.636421333998442,10.281855,0.25706083766995025,30.96647560596466,40.0,2
2634,5,0.6,0.0,2239.2130428925157,2.5764531455934048,6.319238,0.33203691532368573,3.259629011154175,31.0,3
1523,5,0.8,0.0,2232.712064869702,1.0833833366632462,8.058796,0.0,9.778887033462524,49.0,4
43,5,1.0,0.0,2236.4804779645056,1.971638761460781,8.082061,0.03213260470874378,8.149072527885437,43.0,3
46,5,1.0,0.0,2243.5086683835834,13.218410080298781,157.39249,0.010710868236247928,13.0385160446167,64.0,3
49,5,1.0,0.0,2257.4970175046474,21.484112134203315,41.54224,0.0749760776537355,14.668330550193787,55.0,3
2615,5,0.8,0.0,2237.498763250187,0.0001825392246246338,48.51202,0.010710868236247928,16.298145055770874,35.0,2
2621,5,1.0,0.0,2242.7137459162623,5.748552968725562,122.738014,0.0,9.778887033462524,64.0,4
2595,5,0.6,0.0,2279.5432282146066,517.4905902240425,7.895843,0.0749760776537355,11.408701539039612,48.0,3
74,5,0.4,0.0,2202.005135593936,0.00044819898903369904,701.32404,0.24634996943370233,39.1155481338501,21.0,2
70,5,0.6,0.0,2232.8511173836887,1.1091686319559813,7.226833,0.0,6.51925802230835,36.0,5
2558,5,0.8,0.0,2237.5200437381864,29.997298261150718,53.40143,0.05355434118123964,11.408701539039612,49.0,3
2549,5,0.8,0.0,2228.513397043571,11.1050964333117,29.493788,0.149952155307471,24.44721758365631,55.0,3
1586,5,0.8,0.0,2032.0048725698143,103.9990650024265,12.445202,0.13924128707122305,11.408701539039612,58.0,2
1585,5,1.0,0.0,2226.411560550332,2.1018381230533123,19.273987,0.16066302354371892,29.336661100387573,40.0,2
1580,5,0.8,0.0,1976.0114364326,56.00542342290282,9.141467,0.36416952003242953,4.889443516731262,33.0,3
1572,5,0.0,0.0,2029.9602751620114,0.213623046875,34.526413,0.06426520941748756,6.51925802230835,11.0,1
1053,5,1.0,0.0,2203.6799932830036,0.0004987232387065887,1650.1135,0.0,11.408701539039612,49.0,3
1047,5,1.0,0.0,2247.4927043076605,14.850563369691372,27.790615,0.021421736472495855,9.778887033462524,61.0,4
2578,5,0.2,0.2,1971.956505207345,218.56376598589122,7.476216,0.0,4.889443516731262,16.0,2
2576,5,0.8,0.0,2203.6882450338453,234.24190189689398,7.93307,0.0,8.149072527885437,37.0,3
2574,5,1.0,0.0,2239.556609420106,7.0437046233564615,15.411291,0.0,6.51925802230835,54.0,5
2568,5,0.0,0.0,2226.3943660072982,1.6298145055770874e-06,15.176613,0.4070129929774213,9.778887033462524,16.0,1
2593,5,1.0,0.0,2201.8756435718387,137.87113642320037,10.978005,0.28919344237869404,29.336661100387573,42.0,4
1568,5,1.0,0.0,2237.5851531978697,1.5914291143417358,11.196399,0.0,8.149072527885437,49.0,3
2591,5,0.8,0.0,2237.500081770122,0.01657521352171898,34.201473,0.16066302354371892,29.336661100387573,38.0,2
2590,5,0.4,0.0,2242.326255887747,35.18603602424264,22.307959,0.17137389177996684,24.44721758365631,30.0,3
2588,5,1.0,0.0,2200.5719940643758,3.1075135339051485,824.7015,0.04284347294499171,13.0385160446167,64.0,2
2584,5,1.0,0.0,2284.526909235865,546.6268183663487,12.271351,0.1927956282524627,17.92795956134796,49.0,3
2583,5,0.8,0.0,2203.7197884637862,2.654958050698042,48.896534,0.25706083766995025,29.336661100387573,37.0,3
1453,5,0.8,0.0,2203.5483776126057,232.49357054010034,12.075327,0.06426520941748756,14.668330550193787,43.0,5
1449,5,1.0,0.0,2217.855316353962,32.922828337177634,8.194806,0.17137389177996684,21.187588572502136,45.0,4
787,5,0.8,0.0,2238.8398349285126,1.3599987141788006,8.067015,0.24634996943370233,26.0770320892334,42.0,1
1468,5,1.0,0.0,2256.0105468146503,15.051930211484432,34.784378,0.35345865179618163,34.226104617118835,49.0,3
747,5,0.8,0.0,2032.0106730796397,103.9990650024265,11.175812,0.12853041883497512,17.92795956134796,63.0,2
744,5,0.8,0.0,2284.001864492893,21.50417841039598,94.22885,0.21421736472495856,30.96647560596466,49.0,4
743,5,0.6,0.0,2231.751734158024,27.98078255727887,7.1561465,0.0,4.889443516731262,44.0,4
737,5,1.0,0.0,2000.0070438254625,87.9938774742186,10.340178,0.36416952003242953,6.51925802230835,62.0,3
736,5,0.2,0.0,2190.440146252513,0.6097119767218828,10.561743,0.0,8.149072527885437,25.0,2
724,5,0.8,0.0,2210.1155146956444,28.624676633626223,10.942742,0.021421736472495855,8.149072527885437,48.0,3
2592,5,0.6,0.0,2032.0112924091518,63.99780069477856,11.961748,0.22492823296120648,26.0770320892334,62.0,3
1871,5,0.4,0.0,2203.672245144844,16.623255563899875,8.882126,0.0,9.778887033462524,21.0,5
583,5,1.0,0.0,2203.810582170263,19.686464220285416,9.271515,0.05355434118123964,11.408701539039612,48.0,3
1840,5,0.8,0.0,2237.581898458302,0.0004041939973831177,7.3988533,0.1178195505987272,17.92795956134796,27.0,2
1832,5,1.0,0.0,2232.7216677367687,1.0993832256644964,7.568656,0.0,6.51925802230835,49.0,4
1827,5,0.6,0.0,2202.63794856146,13.248097151517868,8.291985,0.0,11.408701539039612,36.0,4
609,5,1.0,0.0,2215.396716725081,10.867697652429342,34.1262,0.2356391011974544,30.96647560596466,63.0,2
853,5,1.0,0.0,2232.6688568573445,0.16799313016235828,21.19755,0.0,13.0385160446167,47.0,1
1372,5,1.0,0.0,2229.5496575534344,11.068428866565228,21.846552,0.10710868236247928,16.298145055770874,49.0,4
1371,5,1.0,0.0,2237.5731968786567,8.029840188100934,8.571751,0.08568694588998342,14.668330550193787,49.0,3
1364,5,0.8,0.0,2203.720191027969,0.8094701915979385,28.120762,0.09639781412623134,14.668330550193787,47.0,3
1362,5,0.6,0.0,2277.5118339341134,572.4694065283984,6.9473343,0.18208476001621476,13.0385160446167,35.0,5
182,5,0.4,0.0,2191.037996439263,0.6074123084545135,13.796181,0.0,8.149072527885437,31.0,1
2378,5,1.0,0.0,2064.004950458184,203.5407992079854,11.391368,0.0749760776537355,14.668330550193787,61.0,3
2370,5,0.6,0.0,2237.8298356197774,2.4000012781471014,9.281146,0.24634996943370233,30.96647560596466,39.0,2
2486,5,0.8,0.0,2275.0025601126254,136.02029462344944,6.6395044,0.33203691532368573,3.259629011154175,34.0,3
199,5,0.6,0.0,2032.0050045847893,168.0079826619476,9.659057,0.21421736472495856,11.408701539039612,47.0,2
1846,5,1.0,0.0,2032.0048741996288,203.5407992079854,11.419765,0.0749760776537355,13.0385160446167,45.0,4
1844,5,0.8,0.0,2237.4431979842484,6.859463872388005,9.614184,0.03213260470874378,11.408701539039612,47.0,4
1118,5,1.0,0.0,2238.736317260191,17.05010235309601,15.452955,0.0,6.51925802230835,49.0,4
1115,5,1.0,0.0,2203.7197884637862,2.654509851709008,30.89006,0.22492823296120648,30.96647560596466,37.0,2
1113,5,1.0,0.0,2231.7599842790514,9.14258137345314,180.9919,0.0,9.778887033462524,55.0,4
168,5,1.0,0.0,2232.5004106387496,28.486359165981412,57.523754,0.021421736472495855,8.149072527885437,55.0,4
166,5,1.0,0.0,2242.7137850318104,0.213623046875,1685.3589,0.021421736472495855,9.778887033462524,64.0,1
163,5,1.0,0.0,2227.5021492969245,17.56825135089457,21.75476,0.010710868236247928,8.149072527885437,36.0,3
162,5,1.0,0.0,2237.585425376892,2.1132288966327906,11.969433,0.010710868236247928,8.149072527885437,46.0,3
2399,5,0.4,0.0,2080.0107556860894,248.9589541219175,7.2085586,0.41772386121366917,6.51925802230835,14.0,5
2392,5,0.4,0.2,2253.6436633672565,15.959657030180097,7.823025,0.021421736472495855,6.51925802230835,10.0,3
2387,5,1.0,0.0,2241.745763225481,17.2875109128654,28.93055,0.10710868236247928,17.92795956134796,49.0,5
594,5,0.0,0.0,2226.5316958073527,13.579907827079296,9.536316,0.3106151788511899,9.778887033462524,8.0,5
1792,5,0.4,0.2,2226.394964149222,8.531669853255153,9.4323,0.16066302354371892,22.817403078079224,27.0,2
204,5,1.0,0.0,2229.549898765981,9.005016880109906,30.495657,0.13924128707122305,21.187588572502136,47.0,4
1322,5,1.0,0.0,2200.571904424578,3.1479329336434603,78.181755,0.0749760776537355,16.298145055770874,45.0,2
1319,5,0.8,0.0,2217.8553147241473,14.460312435403466,7.6467123,0.12853041883497512,17.92795956134796,54.0,3
2312,5,1.0,0.0,2209.085988579318,22.673995699733496,73.14952,0.0,14.668330550193787,40.0,2
2308,5,1.0,0.0,2203.679497819394,0.0004987232387065887,2362.857,0.0,11.408701539039612,49.0,2
1881,5,0.8,0.0,1976.004866650328,24.00242001749575,8.958199,0.21421736472495856,8.149072527885437,61.0,2
1879,5,0.8,0.0,2279.5602581463754,546.6272763442248,7.4351673,0.1927956282524627,14.668330550193787,42.0,4
1876,5,1.0,0.0,2237.520335474983,6.748545216396451,14.293098,0.0,13.0385160446167,49.0,4
577,5,1.0,0.0,2238.528475165367,3.9661552291363478,6.708283,0.04284347294499171,11.408701539039612,35.0,3
1340,5,1.0,0.0,2253.51281859912,14.77670343592763,93.38635,0.021421736472495855,9.778887033462524,64.0,4
1900,5,1.0,0.0,2231.8920074030757,5.878688767552376,14.552231,0.04284347294499171,13.0385160446167,49.0,3
1897,5,0.6,0.0,2203.6795059684664,22.794098360463977,480.08817,0.03213260470874378,14.668330550193787,38.0,3
553,5,1.0,0.0,2284.0016884729266,0.001230509951710701,291.32553,0.3106151788511899,40.745362639427185,55.0,3
550,5,0.8,0.0,2227.5056566577405,9.994764113798738,60.98479,0.33203691532368573,42.37517714500427,61.0,2
1866,5,0.4,0.0,2191.4362595416605,12.400877196341753,6.6068435,0.0,6.51925802230835,21.0,3
874,5,1.0,0.0,2204.528830014169,10.868020355701447,58.4021,0.13924128707122305,19.55777406692505,53.0,2
977,5,0.6,0.0,2238.7363743036985,9.079942712560296,10.080226,0.010710868236247928,8.149072527885437,47.0,4
976,5,0.8,0.0,2257.4970175046474,21.51042385958135,39.835968,0.0749760776537355,14.668330550193787,49.0,4
2348,5,1.0,0.0,2243.5085917823017,5.988186225295067,163.93417,0.010710868236247928,8.149072527885437,64.0,4
224,5,1.0,0.0,2250.4531987942755,2.1130284294486046,34.86964,0.0,8.149072527885437,51.0,1
1155,5,1.0,0.0,2237.504656659439,2.047998830676079,20.524982,0.021421736472495855,11.408701539039612,29.0,2
1854,5,1.0,0.0,2237.5204251147807,10.647874791175127,51.738667,0.010710868236247928,9.778887033462524,55.0,4
1847,5,1.0,0.0,2237.498654052615,0.009542563930153847,27.968987,0.08568694588998342,21.187588572502136,34.0,2
2366,5,0.8,0.0,2032.005229499191,87.9927643109113,9.378466,0.36416952003242953,3.259629011154175,58.0,2
2360,5,1.0,0.0,2203.6722467746586,0.13881945051252842,6.9308333,0.0,9.778887033462524,41.0,3
2358,5,1.0,0.0,2239.282523514703,0.3625033423304558,10.556924,0.0,8.149072527885437,50.0,4
2357,5,1.0,0.0,2204.5289212837815,7.275630487129092,28.120077,0.2677717059061982,34.226104617118835,55.0,3
2356,5,1.0,0.0,2202.6422610506415,11.80000207386911,14.263508,0.0,6.51925802230835,52.0,2
2355,5,0.8,0.2,2244.5522907655686,14.29393282160163,8.129321,0.0,13.0385160446167,42.0,5
1131,5,0.6,0.0,2210.996287642047,13.590930262580514,9.766636,0.17137389177996684,16.298145055770874,37.0,3
877,5,0.6,0.2,1975.1498496625572,218.465656042099,7.036806,0.021421736472495855,8.149072527885437,55.0,3
861,5,1.0,0.0,2008.0049445386976,24.005728540942073,31.493235,0.2356391011974544,29.336661100387573,64.0,1
2436,5,1.0,0.0,2252.50097271055,15.812818892300129,38.480724,0.021421736472495855,11.408701539039612,49.0,4
2430,5,0.8,0.0,2237.5731968786567,0.13829953968524933,10.343751,0.09639781412623134,17.92795956134796,49.0,4
1104,5,0.6,0.0,2227.5020433589816,10.006303200498223,36.749645,0.0749760776537355,14.668330550193787,49.0,4
1102,5,0.8,0.0,2250.45320042409,6.020148517563939,48.606476,0.021421736472495855,11.408701539039612,61.0,3
637,5,1.0,0.0,2191.04158366099,13.363271253183484,11.538072,0.0,8.149072527885437,55.0,3
631,5,1.0,0.0,2203.6877463106066,0.13932143338024616,79.50853,0.0,8.149072527885437,55.0,1
630,5,1.0,0.0,2237.5201529357582,6.970527581870556,151.0553,0.0,9.778887033462524,55.0,2
1410,5,0.8,0.0,2254.80395113118,2.6930663734674454,33.12473,0.10710868236247928,16.298145055770874,59.0,3
1405,5,1.0,0.0,2204.7900126781315,26.970881037414074,1372.6243,0.010710868236247928,11.408701539039612,49.0,2
123,5,0.6,0.0,2191.037996439263,0.1998739317059517,13.28455,0.0,8.149072527885437,54.0,2
122,5,0.2,0.0,1971.956505207345,3.9452137425541878,9.114633,0.0,6.51925802230835,16.0,1
115,5,1.0,0.0,2203.6799965426326,3.259629011154175e-06,404.39975,0.0,11.408701539039612,49.0,3
145,5,0.4,0.0,2252.5225921999663,585.6323605403304,6.5631104,0.22492823296120648,6.51925802230835,27.0,3
652,5,1.0,0.0,2279.5432282146066,22.045169258490205,14.254393,0.08568694588998342,13.0385160446167,64.0,3
1788,5,1.0,0.0,2256.13412912935,28.131339931860566,69.3066,0.24634996943370233,34.226104617118835,49.0,2
1742,5,1.0,0.0,2209.0859869495034,7.312227971851826,16.638561,0.0,8.149072527885437,49.0,4
1735,5,1.0,0.0,2239.5565898623317,13.387835817411542,20.369339,0.0,8.149072527885437,55.0,5
980,5,0.4,0.0,2239.5685038063675,10.83158259280026,6.6781173,0.021421736472495855,8.149072527885437,30.0,4
1085,5,1.0,0.0,2237.5164956320077,5.704350769519806e-05,44.79707,0.10710868236247928,16.298145055770874,54.0,3
1081,5,0.8,0.0,2223.3660924248397,14.219088479876518,277.13107,0.03213260470874378,14.668330550193787,49.0,3
1080,5,0.8,0.0,2255.871585570276,13.80755053833127,49.55298,0.149952155307471,24.44721758365631,47.0,2
2475,5,0.0,0.2,2237.500420771539,2.047998830676079,74.99231,0.299904310614942,40.745362639427185,22.0,1
2471,5,0.0,0.0,2226.3943660072982,0.0,16.557907,0.4070129929774213,6.51925802230835,16.0,1
126,5,0.0,0.0,2223.365857731551,6.51925802230835e-06,577.8901,0.13924128707122305,21.187588572502136,21.0,1
1724,5,1.0,0.0,2237.5203762203455,7.521714549511671,250.694,0.021421736472495855,9.778887033462524,49.0,3
1723,5,1.0,0.0,2231.7609360907227,14.219088479876518,334.1256,0.03213260470874378,13.0385160446167,49.0,2
1716,5,0.4,0.0,2232.817663811147,35.319679183885455,7.0820103,0.021421736472495855,11.408701539039612,21.0,4
2497,5,0.0,0.2,2223.3658626209944,8.149072527885437e-06,609.3728,0.08568694588998342,21.187588572502136,30.0,1
2496,5,0.8,0.0,2254.8079800326377,44.97883189469576,20.521433,0.18208476001621476,24.44721758365631,35.0,5
2493,5,1.0,0.0,2239.5480757113546,3.8699994329363108,8.02762,0.24634996943370233,32.59629011154175,40.0,2
642,5,1.0,0.0,2243.377595441416,14.29393282160163,7.5369143,0.0,11.408701539039612,42.0,4
1787,5,1.0,0.0,2202.1366534754634,13.522654073312879,30.460548,0.24634996943370233,34.226104617118835,49.0,3
1784,5,0.2,0.0,2191.4362595416605,17.633399926126003,7.013849,0.0,8.149072527885437,27.0,4
1779,5,1.0,0.0,2228.5157945007086,1.0101378429681063,28.453047,0.33203691532368573,39.1155481338501,49.0,2
843,5,1.0,0.0,2232.764901826158,5.971289938315749,260.78928,0.021421736472495855,8.149072527885437,55.0,3
842,5,1.0,0.0,2244.5522907655686,9.765382390469313,11.989763,0.010710868236247928,8.149072527885437,61.0,4
1811,5,1.0,0.0,2237.5201284885406,2.1130756940692663,98.00018,0.03213260470874378,13.0385160446167,49.0,2
1799,5,1.0,0.0,2226.3830681331456,22.572668502107263,13.703457,0.08568694588998342,16.298145055770874,64.0,2
1796,5,0.8,0.0,2064.0114680863917,111.99294659309089,7.7713428,0.28919344237869404,6.51925802230835,53.0,3
1776,5,1.0,0.0,2240.958616603166,15.051930211484432,24.76665,0.36416952003242953,26.0770320892334,39.0,3
641,5,1.0,0.0,2239.3497256562114,5.336951464414597,11.396205,0.0,6.51925802230835,54.0,3
147,5,1.0,0.0,2228.511882945895,32.98736899159849,29.744764,0.10710868236247928,22.817403078079224,45.0,4
146,5,0.8,0.0,2237.516899826005,4.809737438336015,37.703884,0.12853041883497512,19.55777406692505,54.0,5
2412,5,1.0,0.0,2215.3967183548957,33.82083005271852,19.682823,0.0,6.51925802230835,49.0,3
2408,5,0.8,0.0,2240.9584356937557,27.37809345126152,9.6615715,0.32132604708743784,16.298145055770874,48.0,4
2404,5,1.0,0.0,2215.3966433834285,23.582869907841086,26.084042,0.0,11.408701539039612,55.0,5
2439,5,1.0,0.0,2256.002379814163,0.0,1924.5135,0.06426520941748756,17.92795956134796,46.0,1
173,5,1.0,0.0,2227.5143631268293,1.6298145055770874e-06,104.056465,0.41772386121366917,39.1155481338501,45.0,1
969,5,1.0,0.0,2226.3830681331456,1.0965506080538034,12.698313,0.08568694588998342,11.408701539039612,64.0,2
966,5,0.8,0.0,2203.6794032901525,3.107515163719654,392.14407,0.05355434118123964,14.668330550193787,49.0,3
1759,5,1.0,0.0,2229.549898765981,8.031838340684772,19.327215,0.10710868236247928,14.668330550193787,49.0,3
1758,5,1.0,0.0,2242.5001619849354,0.213623046875,15409.776,0.021421736472495855,9.778887033462524,64.0,2
1752,5,0.6,0.0,2237.498595379293,16.311739338561893,12.09562,0.021421736472495855,14.668330550193787,29.0,4
1747,5,1.0,0.0,2284.002327360213,21.503774216398597,156.0145,0.28919344237869404,39.1155481338501,55.0,3
1095,5,0.6,0.2,2239.5685038063675,4.350895760580897,7.1329093,0.021421736472495855,9.778887033462524,38.0,4
1091,5,0.8,0.0,2000.0074577983469,204.95153567753732,8.85822,0.04284347294499171,11.408701539039612,63.0,3
992,5,0.8,0.0,2241.2543611135334,11.828514048829675,11.841897,0.33203691532368573,14.668330550193787,49.0,3
2427,5,0.6,0.2,2203.810502309352,25.829637655988336,6.1543126,0.0749760776537355,11.408701539039612,41.0,5
158,5,1.0,0.0,2242.500150576234,0.213623046875,4195.98,0.04284347294499171,11.408701539039612,55.0,1
1390,5,0.6,0.0,2024.0104661788791,87.9938742145896,9.002823,0.3748803882686775,11.408701539039612,36.0,4
1386,5,1.0,0.0,2242.7179019432515,14.916075393557549,54.188705,0.0,9.778887033462524,64.0,3
131,5,1.0,0.0,2223.226766102016,29.102574102580547,17.175373,0.0,8.149072527885437,55.0,4
176,5,1.0,0.0,2240.668638376519,11.828514048829675,8.894174,0.33203691532368573,13.0385160446167,39.0,3
2659,4,1.0,0.0,2237.5164402183145,4.809548379853368,43.002255000000005,0.10710868236247928,17.113052308559418,54.0,2
2666,4,0.75,0.0,2216.161186923273,24.440897163003683,15.952137500000001,0.021421736472495855,7.334165275096893,47.0,4
2669,4,1.0,0.0,2242.756148800254,0.0,28.63904,0.04284347294499171,11.408701539039612,59.0,1
2651,4,1.0,0.0,2253.5128528252244,1.0116242337971926,164.532605,0.03213260470874378,11.408701539039612,64.0,2
1038,4,1.0,0.0,2232.7648415230215,4.755595000460744,106.79425749999999,0.021421736472495855,9.778887033462524,52.0,3
1039,4,1.0,0.0,2232.2628904366866,23.67738774046302,336.85636999999997,0.021421736472495855,9.778887033462524,52.0,2
1012,4,1.0,0.0,2574.9876212794334,399.98491993173957,7.83503015,0.29990431061494194,18.742866814136505,45.0,2
1014,4,1.0,0.0,2284.001222345978,0.0021024607121944427,78.22888499999999,0.21421736472495856,28.52175384759903,44.0,2
1017,4,1.0,0.0,2203.6794032901525,4.889443516731262e-05,390.394135,0.05355434118123964,14.668330550193787,49.0,2
2626,4,1.0,0.0,2202.942261006683,12.394889257848263,12.2090595,0.0,10.593794286251068,42.0,2
2628,4,1.0,0.0,2203.74965807423,1.208342844620347,7.0195694,0.0,6.51925802230835,39.0,3
1492,4,0.25,0.0,2278.5328092286363,24.61895765736699,7.113202599999999,0.07497607765373548,13.853423297405243,13.5,2
1474,4,1.0,0.0,2232.5004073791206,1.1007327120751143,54.228485000000006,0.0,9.778887033462524,55.0,3
801,4,0.75,0.0,2203.548423247412,0.2621475141495466,52.40557200000001,0.01606630235437189,12.223608791828156,42.5,1
799,4,0.25,0.25,2147.9514688253403,228.5223954822868,8.9699255,0.021421736472495855,8.96397978067398,7.5,4
1521,4,0.75,0.0,2081.204257439822,219.11099087446928,9.5280585,0.0,7.334165275096893,57.0,2
1507,4,1.0,0.0,2249.375997344032,18.760212929919362,33.337858,0.04284347294499171,9.778887033462524,54.0,4
2604,4,0.0,0.0,2236.474683159031,4.095992771908641,9.12065935,0.03213260470874378,15.48323780298233,10.5,3
2599,4,0.5,0.0,2215.0516295805573,23.002191446721554,15.3712615,0.09639781412623134,14.668330550193787,31.5,4
65,4,1.0,0.0,2209.086688584648,7.312237750738859,25.214350500000002,0.0,11.408701539039612,49.0,4
60,4,0.0,0.0,2226.5053425217047,13.579247752204537,13.054651,0.30525974473306594,18.742866814136505,23.0,3
1486,4,0.5,0.0,1971.9263055594638,3.854613984003663,7.684269,0.0,9.778887033462524,27.5,1
1473,4,1.0,0.0,2213.1983120925725,29.11993325687945,25.736688,0.0,9.778887033462524,52.0,3
1472,4,0.25,0.0,2212.9976770374924,22.45474816299975,12.593692,0.31597061296931384,32.59629011154175,18.0,2
1470,4,1.0,0.0,2247.997281840071,1.0092903394252062,23.444711,0.0,12.223608791828156,50.0,2
1466,4,1.0,0.0,2235.158065217547,6.234949920326471,44.787956,0.021421736472495855,10.593794286251068,49.0,4
1462,4,0.75,0.0,2237.455375958234,5.667935824021697,27.164790500000002,0.010710868236247928,8.96397978067398,55.0,3
370,4,0.0,0.0,2243.6396842822433,13.272510142996907,6.7964043499999995,0.021421736472495855,6.51925802230835,9.5,3
2112,4,1.0,0.0,2240.9607809968293,15.050515532493591,46.550335,0.36416952003242953,31.781382858753204,44.5,3
2108,4,0.0,0.0,2256.0036804061383,0.0,1005.2507499999999,0.36416952003242953,48.89443516731262,23.0,1
2105,4,1.0,0.0,2257.4993416201323,0.0,131.458705,0.04284347294499171,10.593794286251068,49.0,1
2098,4,1.0,0.0,2219.793636817485,0.0,32.8873945,0.010710868236247928,9.778887033462524,41.0,1
397,4,0.75,0.25,2284.5263282069936,29.718397883698344,16.19429,0.13388585295309907,20.372681319713593,45.5,3
391,4,1.0,0.0,2284.002327360213,0.001230509951710701,199.159795,0.3106151788511899,39.1155481338501,55.0,3
1269,4,1.0,0.0,2016.0055898595601,63.99715691804886,9.442702,0.35345865179618163,6.51925802230835,64.0,2
1265,4,0.75,0.0,2206.4410294406116,41.3198119495064,7.196287,0.0,7.334165275096893,39.0,4
1261,4,1.0,0.0,2248.5200668452308,8.848106488585472,7.6864231,0.0,8.149072527885437,54.5,3
1227,4,0.5,0.0,2527.2762953536585,584.7500718664378,6.22937215,0.22492823296120648,8.96397978067398,17.0,3
1226,4,0.75,0.0,2032.0109240710735,144.0054615959525,8.94315,0.28919344237869404,12.223608791828156,62.5,2
1224,4,0.75,0.0,1971.9078430207446,3.314058296382427,9.58837065,0.0,11.408701539039612,51.5,2
345,4,1.0,0.0,2203.749403823167,5.413241451606154,16.2796415,0.0,7.334165275096893,49.0,3
2158,4,1.0,0.0,2210.9999710228294,29.0673749987036,16.9854695,0.0,8.149072527885437,55.0,3
2154,4,0.0,0.0,2240.95784407109,0.0007709022611379623,9.7132775,0.41772386121366917,20.372681319713593,20.0,2
2071,4,0.5,0.0,2203.1628458062187,13.373092515394092,8.897767,0.0,5.704350769519806,32.5,4
429,4,1.0,0.0,2267.501417081803,20.008950727060437,77.31353,0.08033151177185946,16.298145055770874,35.0,3
419,4,1.0,0.0,2237.504656659439,0.13024825602769852,15.48611,0.021421736472495855,8.149072527885437,34.5,3
1259,4,0.5,0.25,2202.9447872191668,12.806577142328024,7.32213375,0.0,6.51925802230835,18.0,3
1253,4,1.0,0.0,2238.1548727862537,1.7089371103793383,36.85102,0.021421736472495855,9.778887033462524,55.0,3
1252,4,1.0,0.0,2253.557454328984,7.056405767798424,27.605462000000003,0.010710868236247928,9.778887033462524,64.0,2
1250,4,0.75,0.25,2232.5004399754107,0.0005166511982679367,34.956569,0.010710868236247928,8.149072527885437,55.0,2
2094,4,0.5,0.0,2200.637496309355,97.23879490047693,14.0754735,0.03748803882686774,13.853423297405243,30.5,4
2090,4,0.25,0.0,2204.624787787907,28.47950253635645,6.78523135,0.021421736472495855,8.149072527885437,19.0,3
2086,4,0.75,0.0,2247.8808381129056,18.355089938268065,44.585711,0.11246411648060324,20.372681319713593,47.5,3
2083,4,0.75,0.0,2000.0113057903945,47.99865162931383,9.874468,0.14995215530747097,14.668330550193787,51.5,1
2082,4,0.75,0.0,2228.512639994733,32.987579237669706,29.470646000000002,0.14459672118934702,23.632310330867767,47.0,3
2176,4,0.5,0.0,2207.7624414814636,7.185889640823007,10.227054500000001,0.16601845766184287,18.742866814136505,29.5,3
2167,4,0.75,0.0,2232.764856191352,4.7337571159005165,9.874244749999999,0.0,5.704350769519806,49.0,3
925,4,1.0,0.0,2232.808101689443,4.733724519610405,8.391902,0.021421736472495855,8.149072527885437,42.0,2
922,4,1.0,0.0,2237.516497261822,0.0,93.92146,0.10710868236247928,19.55777406692505,43.0,1
2061,4,0.5,0.0,2240.893402835354,9.983953554183245,119.720965,0.0,8.149072527885437,28.0,3
2060,4,0.75,0.0,2227.5143631268293,13.446417870000005,83.15186,0.4123684270955452,39.1155481338501,54.5,2
2059,4,0.75,0.0,2241.35183787439,15.005900990217924,25.168082,0.0749760776537355,15.48323780298233,46.5,4
2058,4,0.75,0.0,2242.3263357486576,14.249870786443353,42.687259499999996,0.07497607765373548,15.48323780298233,56.0,3
2057,4,1.0,0.0,2236.4636753918603,5.962739931419492,17.7760665,0.010710868236247928,9.778887033462524,49.0,3
2053,4,1.0,0.0,2233.986318227835,10.0831245072186,25.333118,0.010710868236247928,8.149072527885437,52.0,3
908,4,0.75,0.0,2191.037996439263,0.601437408477068,13.6345195,0.0,8.149072527885437,54.0,1
1203,4,1.0,0.0,2255.468621267937,4.982649348676205,61.511528,0.04284347294499171,14.668330550193787,52.5,4
322,4,1.0,0.0,2237.585273804143,0.0,29.3504875,0.010710868236247928,9.778887033462524,49.0,1
2189,4,1.0,0.0,2232.5051199877635,33.78859558142722,31.770962499999996,0.0749760776537355,17.113052308559418,52.0,3
2187,4,1.0,0.0,2203.548423247412,5.538813769817352,63.24661,0.021421736472495855,9.778887033462524,42.0,2
2179,4,0.0,0.25,2106.9658503402025,96.83783119544387,6.69244955,0.03213260470874378,8.96397978067398,7.0,2
2079,4,0.5,0.25,2238.9598357258365,3.1400006264448166,6.4107406000000005,0.25706083766995025,19.55777406692505,23.0,1
2078,4,0.75,0.0,2524.9913214938715,584.0448755770922,9.31004325,0.294548876496818,17.113052308559418,45.5,3
2076,4,0.75,0.0,2235.1377186132595,28.434345265850425,21.186904,0.0,13.0385160446167,49.0,3
2075,4,0.75,0.0,2212.241354282014,14.14077915251255,26.2411005,0.0,9.778887033462524,58.0,3
2018,4,0.5,0.0,2184.4919744180515,252.50099087134004,6.7101772,0.4016575588592973,4.889443516731262,22.5,3
1278,4,0.75,0.0,2238.5403369553387,3.5061303060501814,15.00345675,0.0749760776537355,17.92795956134796,54.0,4
1275,4,1.0,0.0,2204.790005343966,1.4668330550193787e-05,1471.1170499999998,0.01606630235437189,13.0385160446167,49.0,2
1273,4,0.5,0.0,2237.498763250187,1.6298145055770874e-06,57.239674,0.01606630235437189,17.113052308559418,26.5,2
1270,4,1.0,0.0,2256.002656882629,0.0,1106.85285,0.12853041883497512,26.891939342021942,49.0,1
447,4,1.0,0.0,2284.002917353064,0.001228880137205124,183.33010000000002,0.299904310614942,39.1155481338501,55.0,2
442,4,0.5,0.0,2231.767983408645,0.016498612239956856,6.78082765,0.0,9.778887033462524,34.0,2
2046,4,1.0,0.0,2203.6794554442167,22.793873446062207,373.98825,0.04819890706311568,15.48323780298233,56.5,4
2045,4,0.75,0.0,2242.326083127409,13.807742856442928,35.657168,0.13388585295309907,19.55777406692505,43.0,3
2201,4,0.75,0.0,2240.252219955437,4.229613114148378,20.2249375,0.0749760776537355,18.742866814136505,51.5,3
2200,4,0.75,0.0,2232.6372686075047,6.235623033717275,24.9545345,0.04284347294499171,9.778887033462524,43.5,4
2194,4,1.0,0.0,2252.514096791856,24.991583777591586,19.726398500000002,0.03748803882686774,13.853423297405243,55.5,2
1222,4,0.25,0.0,2203.037161845714,0.9748083539307117,7.26511,0.0,6.51925802230835,23.0,3
1220,4,1.0,0.0,1971.9342305324972,0.0,13.3194695,0.0,4.889443516731262,64.0,1
1219,4,0.0,0.0,2223.365857731551,19.686537561938167,491.776925,0.13388585295309907,21.187588572502136,19.0,2
2065,4,1.0,0.0,2284.0023037279025,0.001230509951710701,260.058205,0.29990431061494194,39.1155481338501,55.0,2
461,4,0.75,0.0,2267.248957999982,39.995732717216015,7.8351005,0.14995215530747097,14.668330550193787,38.5,4
453,4,0.25,0.0,2237.498618196696,4.997765878215432,31.1466865,0.04284347294499171,17.92795956134796,11.5,3
1300,4,1.0,0.0,2238.1549656856805,6.517600500956178,36.2489245,0.0,7.334165275096893,52.0,4
1297,4,1.0,0.0,2232.130467193201,5.759655265137553,119.998415,0.0,8.149072527885437,52.0,3
1296,4,1.0,0.0,2243.111168849282,1.0043128859251738,194.59087,0.0,8.149072527885437,64.0,2
304,4,0.75,0.0,2284.001864492893,21.50417841039598,99.426383,0.21421736472495856,30.96647560596466,49.0,3
2221,4,1.0,0.0,2032.0050045847893,88.0002174526453,11.826788,0.22492823296120648,7.334165275096893,62.5,1
2220,4,0.75,0.0,2217.975315521471,19.596338737756014,6.39115135,0.15530758942559497,13.853423297405243,46.0,2
2217,4,1.0,0.0,2284.0036124689505,28.1323145609349,44.4487015,0.20350649648871064,25.262124836444855,48.0,3
2211,4,1.0,0.0,2273.2507360633463,43.0414192378521,152.5996,0.29990431061494194,38.300640881061554,47.0,3
309,4,1.0,0.0,2242.713773623109,0.213623046875,413.44746499999997,0.04284347294499171,11.408701539039612,54.0,1
2036,4,0.75,0.0,2000.0075278803706,55.99945015273988,10.635011500000001,0.26241627178807425,24.44721758365631,62.0,3
2034,4,0.75,0.0,2284.0025946497917,21.50417841039598,109.970474,0.2088619306068346,30.151568353176117,49.0,3
2022,4,0.0,0.0,2196.6364288236946,12.813078472390771,6.905202,0.0,11.408701539039612,12.5,3
2021,4,0.75,0.0,2232.716884231195,23.75012799166143,8.067337,0.0,5.704350769519806,37.0,4
2020,4,0.75,0.0,2241.955801495351,10.650136973708868,11.520779000000001,0.0,9.778887033462524,54.5,3
2256,4,1.0,0.0,2241.022474365309,9.973053354769945,21.1805745,0.02677717059061982,7.334165275096893,53.0,4
2248,4,1.0,0.0,2232.7335873851553,29.643501387909055,38.7166175,0.0,9.778887033462524,52.0,3
2247,4,1.0,0.0,2238.4044642094523,2.0479043014347553,65.00299050000001,0.03213260470874378,11.408701539039612,49.0,3
2246,4,1.0,0.0,2238.12823346816,5.971330683678389,255.685465,0.021421736472495855,9.778887033462524,49.0,4
2243,4,1.0,0.0,2235.0105197401717,5.083960248157382,54.487626500000005,0.03213260470874378,13.0385160446167,43.5,2
1197,4,1.0,0.0,2233.986318227835,3.7116336170583963,19.2645415,0.010710868236247928,10.593794286251068,49.0,3
1195,4,0.5,0.0,2232.175719807856,12.054398190230131,7.3295478,0.02677717059061982,8.149072527885437,34.0,3
1188,4,1.0,0.0,2279.5432282146066,4.095997661352158,13.6387075,0.08568694588998342,14.668330550193787,64.0,1
2241,4,0.75,0.0,2235.0027593784034,30.4811152163893,23.243398999999997,0.021421736472495855,9.778887033462524,39.0,4
2231,4,1.0,0.0,2237.548823002726,3.4414755646139383,16.28287,0.06962064353561154,17.92795956134796,54.0,3
2230,4,0.75,0.25,2238.7363743036985,8.935886668041348,7.7572915,0.01606630235437189,6.51925802230835,44.5,2
2228,4,1.0,0.0,2204.1246311273426,0.8088801987469196,30.697393499999997,0.09639781412623134,17.92795956134796,40.5,2
2226,4,0.75,0.0,2215.205325977877,0.0,18.930695,0.010710868236247928,9.778887033462524,34.0,1
2015,4,0.25,0.0,2239.5484171574935,17.04108784906566,22.9448345,0.31061517885118994,39.1155481338501,19.5,2
2014,4,1.0,0.0,2240.9611403709278,0.0007187481969594955,94.824203,0.35345865179618163,44.00499165058136,44.0,2
2012,4,1.0,0.0,2232.214691932313,23.720426252111793,64.51706,0.0,9.778887033462524,48.0,3
1976,4,0.5,0.25,2238.735979888588,4.009998869150877,7.216919799999999,0.25706083766995025,17.113052308559418,24.0,1
1975,4,1.0,0.0,2270.007673301734,29.19647260569036,38.6505575,0.19279562825246271,25.262124836444855,43.5,3
1973,4,0.5,0.0,2256.9964264985174,586.1917878501117,6.470789249999999,0.33739234944180974,3.259629011154175,25.5,3
1972,4,1.0,0.0,2256.00305700209,0.26214425452053547,58.5606375,0.25706083766995025,33.41119736433029,49.0,1
1293,4,0.5,0.0,2247.4926268914714,6.020269123837352,56.402283999999995,0.021421736472495855,9.778887033462524,44.5,2
1291,4,1.0,0.0,2235.4721964802593,5.694813095033169,19.275053,0.010710868236247928,10.593794286251068,49.0,3
1287,4,0.75,0.0,2237.5144355464727,1.1047192383557558,26.4501905,0.021421736472495855,9.778887033462524,51.5,3
1285,4,0.75,0.0,2232.1965178707615,3.777142381295562,10.12207735,0.03748803882686774,11.408701539039612,45.0,3
1282,4,0.25,0.0,2247.0537594053894,13.779522618278861,6.8999436,0.010710868236247928,13.853423297405243,26.0,4
1987,4,0.75,0.0,2223.2347945682704,20.45340114273131,6.54183615,0.04819890706311568,12.223608791828156,37.0,3
1986,4,1.0,0.0,2257.4979041237384,3.5363780334591866,27.893490999999997,0.08033151177185946,14.668330550193787,49.0,2
481,4,1.0,0.0,2242.7137850318104,0.213623046875,1468.3604,0.021421736472495855,10.593794286251068,64.0,1
480,4,1.0,0.0,2255.933529115282,22.702023619785905,97.214583,0.0589097752993636,17.92795956134796,51.5,3
261,4,0.75,0.0,2223.230886273086,33.76688319258392,12.3043365,0.021421736472495855,9.778887033462524,47.0,4
287,4,0.5,0.0,1971.8586307717487,2.3452003952115774,7.59745715,0.0,4.889443516731262,35.0,2
2257,4,1.0,0.0,2237.581495894119,8.031597128137946,13.669932,0.08568694588998342,17.113052308559418,38.0,2
933,4,1.0,0.0,2241.395599208772,13.218410080298781,156.09473000000003,0.010710868236247928,9.778887033462524,56.5,3
932,4,1.0,0.0,2242.7137850318104,0.213623046875,1399.33655,0.021421736472495855,11.408701539039612,64.0,1
1959,4,0.25,0.0,1971.885568345897,2.3543257266283035,7.4368815,0.0,8.149072527885437,17.5,2
1957,4,1.0,0.0,2246.7262058053166,11.82441832497716,12.2918865,0.33739234944180974,10.593794286251068,59.5,3
1954,4,0.0,0.0,2030.1738973939791,0.21362467668950558,69.693485,0.03748803882686774,7.334165275096893,8.0,1
509,4,0.5,0.0,2277.9385071480647,23.689405992627144,8.35134115,0.1927956282524627,10.593794286251068,32.0,4
886,4,1.0,0.0,2234.0551705565304,32.50824590213597,12.13412475,0.04284347294499171,8.149072527885437,45.0,3
1184,4,0.25,0.0,2276.4795151306316,37.96498547308147,8.1238264,0.08033151177185946,17.92795956134796,21.0,3
1170,4,0.75,0.0,2253.381515853107,11.950138956308365,6.2675905,0.0,6.51925802230835,36.5,2
2264,4,1.0,0.0,2241.7439883574843,0.0,18.919870500000002,0.0,8.96397978067398,48.0,1
2258,4,0.75,0.25,2242.3261613585055,4.818139132112265,39.2920785,0.08568694588998342,14.668330550193787,40.5,3
268,4,0.75,0.0,2242.6070175133646,0.2136800903826952,2974.62,0.010710868236247928,9.778887033462524,64.0,2
265,4,1.0,0.0,2239.5683522336185,10.916332947090268,13.489072,0.021421736472495855,11.408701539039612,50.0,3
470,4,0.0,0.0,2106.24829842709,0.7792273536324501,7.0331708,0.03213260470874378,8.149072527885437,6.5,1
469,4,0.5,0.25,2214.436797541566,75.60244994238019,7.144006149999999,0.12853041883497512,18.742866814136505,27.0,3
1981,4,1.0,0.0,2203.720191027969,0.8088801987469196,30.2661045,0.09639781412623134,19.55777406692505,47.0,2
1924,4,1.0,0.0,2206.45602454897,7.3117276187986135,15.005987000000001,0.0,8.96397978067398,49.0,3
543,4,1.0,0.0,2242.5042788963765,1.0043128859251738,148.69387,0.0,8.149072527885437,52.0,1
1306,4,0.5,0.0,2196.5388290118426,13.378485571593046,8.4104929,0.0,7.334165275096893,27.5,3
1305,4,0.75,0.0,2081.202101195231,219.0927288029343,8.94679635,0.0,6.51925802230835,46.5,2
1304,4,0.0,0.5,1971.90443018917,2.3701756726950407,6.278181249999999,0.0,4.889443516731262,9.5,2
1301,4,1.0,0.0,2240.959354909137,0.0006763730198144913,18.4849735,0.36416952003242953,10.593794286251068,55.0,2
1953,4,1.0,0.0,2220.424025435932,23.412883514538407,62.529247999999995,0.0,8.96397978067398,47.0,3
1942,4,0.25,0.0,2237.4985815258697,15.29363333247602,21.530695,0.010710868236247928,13.0385160446167,22.0,3
1939,4,1.0,0.0,2248.808744479902,14.125124784186482,101.67654999999999,0.06426520941748756,17.92795956134796,46.5,2
2293,4,1.0,0.0,2237.5034253345802,0.009544193744659424,24.748126,0.08033151177185946,16.298145055770874,39.0,2
2290,4,1.0,0.0,2263.9718785649166,34.48960487730801,11.8920955,0.08033151177185946,13.0385160446167,59.5,3
2287,4,0.25,0.25,2040.842734859325,134.8289295565337,8.2443505,0.02677717059061982,6.51925802230835,6.5,2
2284,4,1.0,0.0,2256.002656882629,0.13180472888052464,614.191375,0.13924128707122305,25.262124836444855,49.0,2
2281,4,0.75,0.0,2203.6794032901525,0.00010593794286251068,374.16861,0.05355434118123964,13.853423297405243,49.0,2
2279,4,1.0,0.0,2255.471054580994,46.48456862196326,46.383755,0.19815106237058666,29.336661100387573,49.0,3
2278,4,0.75,0.0,2048.007354605943,63.99827008135617,9.7164425,0.3588140859143056,13.853423297405243,45.0,3
2309,4,0.0,0.0,2226.5053417067975,13.507664669305086,11.607899,0.30525974473306594,18.742866814136505,24.0,2
232,4,0.75,0.0,1971.9143679831177,0.052574556320905685,8.484472,0.0,4.0745362639427185,50.0,1
256,4,1.0,0.0,2203.5484346561134,4.42854012362659,13.352366,0.05355434118123964,11.408701539039612,49.0,3
255,4,0.5,0.0,2244.09601604566,13.69986217468977,7.1392617000000005,0.010710868236247928,8.149072527885437,33.0,4
954,4,0.5,0.0,2209.0859902091324,1.913993852213025,23.2606575,0.0,6.51925802230835,36.0,2
948,4,0.25,0.0,1971.9404490897432,220.878629013896,7.20415635,0.0,8.149072527885437,24.5,3
1168,4,1.0,0.0,2231.7677340470254,0.9598319884389639,8.389707999999999,0.0,5.704350769519806,51.0,3
250,4,1.0,0.0,2240.957724279724,1.3684541918337345,45.339225,0.12853041883497512,20.372681319713593,49.0,2
248,4,0.75,0.0,2226.910055615008,25.73928562924266,10.505216,0.09639781412623136,17.113052308559418,48.5,3
243,4,0.75,0.0,2238.564986269921,2.0961761474609375,10.358422000000001,0.13924128707122305,23.632310330867767,31.5,2
2301,4,1.0,0.0,2237.5849559903145,0.12999889440834522,98.39647,0.03213260470874378,13.0385160446167,49.0,1
2300,4,1.0,0.0,2240.9981770906597,13.764748349785805,230.177565,0.01606630235437189,9.778887033462524,56.5,4
2299,4,1.0,0.0,2238.1608998402953,11.77797350101173,10.159664,0.010710868236247928,10.593794286251068,51.0,4
2298,4,1.0,0.0,2240.012423717417,14.07542359083891,7.3758995,0.010710868236247928,7.334165275096893,45.0,3
529,4,1.0,0.0,2209.087514085695,18.99056602269411,10.537137000000001,0.021421736472495855,8.149072527885437,48.0,3
1932,4,0.75,0.25,2203.548330347985,31.767390901222825,8.53982725,0.0589097752993636,8.96397978067398,45.5,3
2329,4,1.0,0.0,2284.526909235865,0.0002998858690261841,14.133376499999999,0.16066302354371892,18.742866814136505,49.0,2
2327,4,0.75,0.0,2774.980081245303,49.98909845016897,8.6910425,0.2677717059061982,17.92795956134796,56.0,2
2325,4,0.75,0.0,2374.9951613135636,499.9791020527482,6.94459385,0.33203691532368573,7.334165275096893,34.0,3
2323,4,1.0,0.0,2247.022188268602,11.234598234295845,11.887203,0.33203691532368573,13.853423297405243,56.0,2
1921,4,1.0,0.0,2203.8110645953566,5.552064161747694,13.055033,0.0,7.334165275096893,49.0,2
1920,4,1.0,0.0,2213.198349578306,23.678932804614305,30.9071185,0.0,10.593794286251068,55.0,2
1918,4,1.0,0.0,2008.0049445386976,193.86956305243075,35.212824,0.2356391011974544,29.336661100387573,64.0,2
1909,4,1.0,0.0,2249.990274431184,5.073676118627191,34.575044,0.0,11.408701539039612,52.0,2
871,4,0.5,0.0,2238.8048346620053,3.8700010627508163,6.8246517,0.24634996943370233,5.704350769519806,24.5,1
867,4,0.75,0.0,2225.1145248301327,0.0004367902874946594,9.205727,0.299904310614942,5.704350769519806,55.0,2
1329,4,1.0,0.0,2237.4552651308477,3.2641207799315453,17.4494525,0.010710868236247928,8.96397978067398,52.0,3
1323,4,1.0,0.0,2204.528830014169,0.0,64.27561,0.13924128707122305,22.00249582529068,53.0,1
1316,4,1.0,0.0,2240.0898358318955,0.9799993131309748,10.139092,0.25706083766995025,32.59629011154175,45.5,1
2322,4,1.0,0.0,2203.618332510814,0.13932306319475174,11.2279865,0.0,8.149072527885437,47.5,3
2314,4,0.75,0.0,2232.856079353951,6.498611532151699,7.0480032999999995,0.0,13.0385160446167,31.0,4
2313,4,1.0,0.0,2024.0052100270987,40.001194225624204,16.8514235,0.36416952003242953,7.334165275096893,63.0,2
1877,4,0.75,0.0,2238.4548344416544,2.4000012781471014,7.154598999999999,0.24634996943370233,29.336661100387573,36.0,1
1875,4,1.0,0.0,2238.40143030975,6.782272597774863,14.786009750000002,0.0,8.96397978067398,52.0,4
1346,4,1.0,0.0,2028.004994848743,194.1317089367658,15.2766075,0.2195727988430825,26.0770320892334,64.0,2
1344,4,0.75,0.0,2240.1243748608977,36.06721479445696,8.14543265,0.33739234944180974,10.593794286251068,31.0,4
1315,4,0.75,0.0,2284.0025612385944,27.870321879163384,57.480187,0.22492823296120648,29.336661100387573,46.0,3
891,4,1.0,0.0,2235.471880296245,2.9708845540881157,53.9377765,0.04284347294499171,13.853423297405243,49.0,1
1901,4,1.0,0.0,2237.5199573580176,0.0650002621114254,986.0603699999999,0.04284347294499171,13.0385160446167,49.0,1
1898,4,0.75,0.0,2243.3875397546217,20.74012951925397,220.42224499999998,0.010710868236247928,11.408701539039612,49.0,3
1893,4,0.75,0.0,2223.647893057205,23.323326837271452,22.9836865,0.010710868236247928,8.96397978067398,38.0,3
557,4,1.0,0.0,2203.679994097911,0.01650187186896801,21.5424045,0.0,8.96397978067398,49.0,2
554,4,1.0,0.0,1971.9206867739558,3.2459336798638105,11.956147,0.0,4.0745362639427185,59.5,2
1148,4,1.0,0.0,2231.8920074030757,5.563120823353529,15.022338999999999,0.03213260470874378,8.96397978067398,49.0,2
1147,4,0.75,0.0,2232.1965178707615,4.850740311667323,8.711223,0.03213260470874378,7.334165275096893,43.0,4
210,4,0.75,0.0,2246.492877486162,8.21017101407051,39.130317500000004,0.021421736472495855,13.0385160446167,56.5,4
2337,4,0.5,0.25,2224.8926769243553,33.64097187295556,17.339033,0.09639781412623136,14.668330550193787,31.0,3
2336,4,1.0,0.0,2256.68402609881,16.791191650554538,28.5493795,0.04284347294499171,17.113052308559418,51.0,4
1336,4,1.0,0.0,2255.407376913354,2.6930745225399733,79.117861,0.06962064353561154,13.853423297405243,56.5,3
1335,4,1.0,0.0,2237.5144355464727,1.2276365887373686,199.856965,0.021421736472495855,9.778887033462524,38.5,3
1333,4,1.0,0.0,2237.5144355464727,6.600375520065427,40.244405,0.021421736472495855,12.223608791828156,54.5,3
876,4,1.0,0.0,2203.5482521168888,227.79853944666684,10.4524355,0.10710868236247928,14.668330550193787,45.5,2
1867,4,1.0,0.0,2196.834501810372,13.551659882068634,17.312932,0.0,8.96397978067398,56.0,2
858,4,0.75,0.0,1971.9206867739558,0.030899653211236,8.186482250000001,0.0,3.259629011154175,55.0,1
857,4,0.75,0.0,2204.124354873784,7.275930372998118,28.826423,0.27312714002432215,32.59629011154175,41.0,4
1127,4,0.75,0.0,1988.0060652503744,56.0012087225914,9.790045500000002,0.3427477835599337,12.223608791828156,58.5,3
1124,4,1.0,0.0,1971.9306180486456,0.0072249677032232285,14.539361,0.0,7.334165275096893,64.0,1
975,4,1.0,0.0,2232.196458382532,3.907017409801483,13.259947,0.04284347294499171,7.334165275096893,47.0,2
2343,4,1.0,0.0,2205.0003051990643,31.929104356095195,28.662777,0.04284347294499171,9.778887033462524,55.0,4
2341,4,1.0,0.0,2204.405495431274,27.819338021799922,13.322296999999999,0.0589097752993636,15.48323780298233,43.0,3
1888,4,0.75,0.0,2249.1640521911904,13.675747439265251,114.00201,0.149952155307471,21.187588572502136,48.0,2
1887,4,0.75,0.0,2203.6793258739635,10.42259857058525,9.618050499999999,0.10710868236247928,16.298145055770874,41.0,3
1886,4,0.5,0.0,2226.4453808311373,25.829432299360633,6.261116299999999,0.06426520941748756,11.408701539039612,21.5,2
1882,4,0.75,0.0,2203.867151401937,2.65464186668396,20.4034785,0.21421736472495856,22.817403078079224,30.0,2
1833,4,1.0,0.0,2239.464835380204,2.399999648332596,8.7238665,0.25706083766995025,31.781382858753204,44.5,1
605,4,1.0,0.0,2203.672245144844,13.567659771069884,22.400778000000003,0.0,6.51925802230835,51.0,3
1361,4,0.75,0.25,2774.980081245303,399.98491830192506,10.183767,0.2677717059061982,21.187588572502136,56.0,2
1353,4,1.0,0.0,2248.5592630691826,15.883572399616241,8.080615250000001,0.0,7.334165275096893,42.0,4
1352,4,0.5,0.25,2204.5288723893464,0.8094327058643103,22.401823,0.2677717059061982,32.59629011154175,38.5,2
1859,4,1.0,0.0,2008.0046283546835,16.00112277083099,30.1209775,0.3427477835599337,22.817403078079224,64.0,2
1849,4,1.0,0.0,2236.522715422325,6.729466607794166,9.63523825,0.04284347294499171,10.593794286251068,41.0,3
1848,4,1.0,0.0,2257.4979041237384,15.752295730635524,21.981667,0.08568694588998342,13.0385160446167,49.0,3
2369,4,0.75,0.0,2774.980081245303,3.259629011154175e-06,8.7311965,0.2677717059061982,24.44721758365631,56.0,1
2363,4,1.0,0.0,2190.936465514824,13.24044680222869,12.926841,0.0,5.704350769519806,56.5,3
2359,4,0.75,0.0,2206.3871159916744,5.397746805101633,23.19149,0.0,9.778887033462524,44.0,4
1138,4,1.0,0.0,2276.4795143157244,22.703586611896753,10.332431,0.10710868236247928,15.48323780298233,53.5,3
1137,4,0.75,0.0,2229.549778159708,6.315105827525258,22.7233315,0.12853041883497512,17.92795956134796,52.0,3
1134,4,1.0,0.0,2237.4987616203725,14.263743767514825,44.833577500000004,0.010710868236247928,16.298145055770874,34.5,2
1130,4,1.0,0.0,2024.0106307901442,234.98172359541059,8.125196,0.13388585295309907,13.0385160446167,55.0,2
1128,4,0.5,0.0,2524.992109509185,549.9666212126613,7.568997250000001,0.29990431061494194,11.408701539039612,36.5,2
595,4,1.0,0.0,2223.3580093597993,8.402497274801135,233.21844499999997,0.0,8.149072527885437,64.0,3
1821,4,1.0,0.0,2239.282530848868,13.699875213205814,39.125532,0.0,8.96397978067398,55.0,4
1817,4,0.75,0.0,2228.51242730394,3.5408877301961184,7.40493285,0.3963021247411733,8.149072527885437,31.0,2
1377,4,0.75,0.0,2216.6752670891583,24.748555617406964,12.95563475,0.021421736472495855,10.593794286251068,44.0,3
1376,4,1.0,0.0,2209.087514085695,5.879327654838562,13.233691,0.021421736472495855,9.778887033462524,48.0,2
1373,4,0.75,0.0,2205.0004641059786,27.773191453889012,8.1990243,0.03213260470874378,9.778887033462524,48.0,3
1366,4,1.0,0.0,2032.006292953156,88.00021093338728,10.468869,0.0749760776537355,17.92795956134796,56.5,2
184,4,0.75,0.0,2232.262918143533,1.1091344058513641,6.854844999999999,0.0,8.149072527885437,36.0,3
2384,4,0.75,0.0,2242.0362597331405,14.249450294300914,83.6411685,0.0589097752993636,16.298145055770874,37.0,3
2383,4,1.0,0.0,2233.565589762293,10.14445279724896,6.5955842,0.09639781412623136,13.0385160446167,49.0,3
2380,4,0.75,0.25,2000.0074577983469,192.0003874693066,10.510664,0.04284347294499171,11.408701539039612,63.0,2
2379,4,1.0,0.0,2203.548330347985,0.2621475141495466,8.659199000000001,0.05355434118123964,13.853423297405243,49.0,1
2376,4,1.0,0.0,2223.366093239747,8.395068580284715,532.39148,0.02677717059061982,13.853423297405243,45.0,4
593,4,0.75,0.0,2255.938144749962,0.26214588433504105,42.7486995,0.36952495415055353,47.264620661735535,41.5,1
1839,4,1.0,0.0,2203.719896846451,0.0005883630365133286,34.2850585,0.08568694588998342,15.48323780298233,51.0,2
1837,4,0.25,0.25,2217.1103142900392,17.52715720795095,6.5130327999999995,0.16601845766184287,9.778887033462524,17.0,3
1391,4,0.25,0.0,2032.01050683856,87.99272682517767,9.89668,0.3855912565049254,6.51925802230835,28.0,3
865,4,1.0,0.0,2217.1133685624227,23.691107518970966,14.5331785,0.0,8.96397978067398,59.5,3
864,4,1.0,0.0,2232.77445579879,6.014649523422122,11.911260500000001,0.0,6.51925802230835,49.0,3
863,4,1.0,0.0,2240.9615005599335,11.828514048829675,7.8424914999999995,0.33203691532368573,10.593794286251068,39.0,2
1800,4,0.5,0.25,2204.558135708794,234.95766427367926,7.766858750000001,0.021421736472495855,5.704350769519806,30.0,4
1797,4,1.0,0.0,2256.0022005345672,13.676022877916694,127.376832,0.12853041883497512,24.44721758365631,49.0,2
619,4,0.5,0.0,2240.240180515684,15.926304506137967,7.25342875,0.010710868236247928,7.334165275096893,35.5,3
614,4,1.0,0.0,2225.4540151916444,4.095668438822031,9.591789,0.08568694588998342,11.408701539039612,64.0,2
613,4,0.5,0.0,2281.4463283866644,518.8483789097518,6.6225313,0.17672932589809082,13.853423297405243,28.5,4
962,4,0.5,0.0,2064.005083288066,160.00317805446684,9.959775,0.22492823296120648,7.334165275096893,31.5,2
1119,4,1.0,0.0,2196.747372741811,12.394889257848263,10.629403,0.0,5.704350769519806,54.0,2
1111,4,1.0,0.0,2240.1457400992513,9.909845888614655,44.450319,0.0,8.96397978067398,56.5,3
2401,4,1.0,0.0,2008.0051694530994,0.001082196831703186,32.434734999999996,0.3427477835599337,7.334165275096893,64.0,2
603,4,0.5,0.0,2231.7677340470254,22.665243595838547,7.1413417500000005,0.0,8.96397978067398,38.0,3
599,4,1.0,0.0,2253.5577419912443,4.096057964488864,43.2046115,0.0,8.149072527885437,46.0,1
598,4,1.0,0.0,2248.972880654037,2.960636280477047,39.1384755,0.0,8.96397978067398,57.5,2
1382,4,1.0,0.0,2242.7138070343062,9.787443559616804,1101.7105,0.01606630235437189,10.593794286251068,64.0,2
1379,4,1.0,0.0,2237.5123469391838,7.966596866026521,32.504518499999996,0.10710868236247928,16.298145055770874,54.0,2
1772,4,0.75,0.0,2256.0036804061383,0.13107294216752052,932.15363,0.3748803882686775,47.264620661735535,25.0,1
1766,4,1.0,0.0,2205.0003051990643,4.428536863997579,38.977264500000004,0.03748803882686774,11.408701539039612,55.0,3
1765,4,1.0,0.0,2248.9670353243127,13.187583768740296,8.376573,0.010710868236247928,6.51925802230835,43.0,2
639,4,0.0,0.0,1971.9221430132166,0.06481283344328403,7.686522,0.0,4.889443516731262,18.5,1
638,4,0.5,0.0,2190.836528548971,0.6036115810275078,12.430134500000001,0.0,4.889443516731262,41.0,2
148,4,0.0,0.0,2237.4986719805747,0.00023958273231983185,25.2033215,0.021421736472495855,16.298145055770874,11.5,3
2407,4,1.0,0.0,2249.477524193935,5.0736647099256516,27.249129500000002,0.0,8.149072527885437,60.0,3
2403,4,0.25,0.0,2238.9507715124637,10.743815451860428,6.3644663,0.3748803882686775,6.51925802230835,14.5,2
965,4,0.5,0.0,2004.0084918728098,87.99310331232846,11.77566925,0.20886193060683458,24.44721758365631,31.0,1
1793,4,0.0,0.0,2203.679479076527,19.68653267249465,472.41369499999996,0.11246411648060323,19.55777406692505,13.0,4
1789,4,1.0,0.0,2202.005358063616,2.654511481523514,27.4788715,0.2195727988430825,29.336661100387573,46.5,2
1783,4,0.25,0.0,2221.4508623583242,21.578077459707856,6.4280181,0.0,10.593794286251068,15.0,3
1781,4,0.75,0.0,2238.401484908536,4.239326808601618,35.494045,0.0,8.149072527885437,50.0,4
1777,4,0.0,0.5,2226.496113697067,13.54126981459558,10.933655000000002,0.25706083766995025,13.853423297405243,4.0,2
628,4,1.0,0.0,2204.7900257166475,1.110032433643937,3620.4871,0.0,8.149072527885437,49.0,2
1749,4,1.0,0.0,2207.762571866624,13.566458597779274,7.1335294000000005,0.19279562825246271,17.92795956134796,39.0,3
1746,4,0.75,0.0,2246.740513946861,535.9302463475615,7.9574697,0.25706083766995025,8.96397978067398,43.5,4
655,4,0.75,0.0,2284.526610164903,29.718929203227162,16.825817,0.16066302354371892,19.55777406692505,46.5,3
654,4,1.0,0.0,2237.5166977290064,2.096174517646432,11.924047,0.12853041883497512,18.742866814136505,47.0,3
1094,4,1.0,0.0,2237.585128750652,2.2559387143701315,7.2893194999999995,0.03213260470874378,10.593794286251068,30.0,3
1092,4,0.75,0.25,2205.000464920886,17.52353087067604,8.383612150000001,0.03213260470874378,11.408701539039612,48.0,3
1090,4,0.75,0.0,2237.5408589141443,6.027446826919913,6.896803500000001,0.04284347294499171,9.778887033462524,39.0,4
2429,4,0.75,0.0,2214.0779400942847,28.081482276320457,597.1491249999999,0.03213260470874378,14.668330550193787,49.0,3
2426,4,0.5,0.0,2227.947279345244,3.2067839056253433,9.8724995,0.08568694588998342,13.0385160446167,38.5,3
2425,4,1.0,0.0,2234.490693663247,5.69312134757638,12.007348499999999,0.03213260470874378,8.149072527885437,41.5,3
2420,4,0.5,0.0,2240.8135370351374,0.5898200906813145,6.8366861,0.3427477835599337,10.593794286251068,26.0,2
155,4,1.0,0.0,2233.4963381290436,7.901961682364345,6.81405025,0.08568694588998342,13.853423297405243,40.0,3
1389,4,1.0,0.0,2204.790037125349,18.567814957350492,1045.11297,0.0,7.334165275096893,55.0,4
1385,4,1.0,0.0,2234.9780856166035,6.235738750547171,45.4183905,0.021421736472495855,10.593794286251068,49.0,3
1383,4,0.5,0.0,2242.715843487531,1.0043764486908913,143.20782300000002,0.010710868236247928,11.408701539039612,43.0,3
2450,4,0.75,0.0,2206.4400262897834,7.451050681993365,11.334254999999999,0.0,9.778887033462524,52.0,3
649,4,0.75,0.0,1976.0045545408502,56.0012087225914,8.3218755,0.3427477835599337,11.408701539039612,57.5,2
643,4,1.0,0.0,2203.6879940424114,33.10668282210827,20.9303125,0.0,7.334165275096893,56.0,4
1745,4,1.0,0.0,2266.7615538230166,519.1205530427396,22.6362865,0.16066302354371892,24.44721758365631,48.0,4
1744,4,0.75,0.0,2060.012714122422,225.86841695010662,9.69444275,0.31597061296931384,9.778887033462524,41.0,2
1738,4,1.0,0.0,2202.005581348203,2.654413692653179,26.298116,0.21421736472495856,30.96647560596466,48.0,2
1737,4,0.5,0.25,2190.638202941045,0.6016753613948822,9.542950000000001,0.0,10.593794286251068,39.5,2
1732,4,1.0,0.0,2232.7864879043773,5.813593976199627,39.794703999999996,0.0,10.593794286251068,52.0,4
1728,4,1.0,0.0,2232.235951232724,23.720564786344767,43.6271225,0.0,10.593794286251068,52.0,3
143,4,0.75,0.0,2202.145871706307,26.930138934403658,66.364615,0.08033151177185946,16.298145055770874,50.0,2
130,4,1.0,0.0,2008.0049445386976,16.000040573999286,34.067319999999995,0.2356391011974544,29.336661100387573,64.0,1
2446,4,0.25,0.0,2236.4764229860157,9.994764113798738,65.526184,0.32132604708743784,40.745362639427185,22.0,2
2445,4,1.0,0.0,2284.0016884729266,28.130934108048677,233.55169999999998,0.29990431061494194,39.1155481338501,55.0,3
2444,4,1.0,0.0,2241.7439883574843,10.771884117275476,17.001068,0.0,9.778887033462524,48.0,2
1101,4,1.0,0.0,2257.496941718273,1.4860567171126604,37.627044999999995,0.0749760776537355,17.113052308559418,52.0,3
634,4,1.0,0.0,2250.4531987942755,7.056545931845903,34.737607,0.0,8.96397978067398,49.5,1
1717,4,1.0,0.0,2205.8778796344995,19.554507918655872,8.7594215,0.010710868236247928,8.96397978067398,49.0,3
1714,4,0.0,0.0,2239.546815864742,3.259629011154175e-06,6.698097000000001,0.04819890706311568,17.92795956134796,24.5,1
671,4,1.0,0.0,2204.789998009801,0.0,1762.0555,0.010710868236247928,13.0385160446167,49.0,1
1409,4,0.0,0.5,2082.73844094947,231.36393469758332,6.268413349999999,0.021421736472495855,7.334165275096893,5.5,4
1408,4,0.25,0.0,2238.5226697660983,4.095994401723146,15.6215705,0.021421736472495855,16.298145055770874,17.0,2
1406,4,1.0,0.0,2237.577346386388,0.1300005242228508,9.137331,0.1017532482443553,14.668330550193787,49.0,2
1403,4,1.0,0.0,2241.3516944507137,0.7884243968874216,19.792337500000002,0.0749760776537355,13.853423297405243,52.0,3
1400,4,0.75,0.0,2206.440024659969,7.312227971851826,15.1046475,0.0,6.51925802230835,49.0,3
124,4,1.0,0.0,2243.6397396959364,12.919612927362323,8.28991225,0.0,7.334165275096893,52.0,4
119,4,1.0,0.0,2238.089975202456,1.292755827307701,37.675467999999995,0.0,6.51925802230835,52.0,2
114,4,1.0,0.0,2256.134753348306,0.26214425452053547,46.4067185,0.3748803882686775,45.63480615615845,49.0,1
2461,4,0.0,0.25,2000.0072858529165,32.000117003917694,9.694195749999999,0.18208476001621476,21.187588572502136,30.5,1
2460,4,0.75,0.0,2254.8079800326377,35.18595942296088,24.921204000000003,0.17672932589809082,24.44721758365631,58.5,3
2459,4,1.0,0.0,2256.067827460356,13.807552168145776,57.7801825,0.149952155307471,22.817403078079224,49.0,3
2454,4,0.75,0.0,2574.987620464526,449.97402001172304,7.9383155,0.31597061296931384,4.889443516731262,34.0,3
2453,4,0.75,0.0,2240.1598355500028,38.26199960894883,8.8685305,0.2517054035518263,23.632310330867767,42.5,2
2481,4,1.0,0.0,2190.9389216452837,0.5937870591878891,16.0153225,0.0,5.704350769519806,61.5,2
989,4,1.0,0.0,2238.3426486048847,6.335967453196645,49.504575,0.010710868236247928,9.778887033462524,49.0,3
981,4,1.0,0.0,2248.501709429547,9.212920907884836,9.1945205,0.021421736472495855,8.96397978067398,51.0,2
1397,4,0.75,0.0,2210.035482654348,22.502161096781492,14.2970795,0.0,8.96397978067398,40.5,3
845,4,1.0,0.0,2235.158065217547,4.594419384375215,30.8402665,0.021421736472495855,9.778887033462524,37.0,2
662,4,1.0,0.0,2240.9577250946313,17.28745549917221,33.3253095,0.1178195505987272,17.92795956134796,51.0,3
1711,4,0.75,0.25,2256.002657697536,0.26214588433504105,47.9200095,0.13924128707122305,24.44721758365631,48.0,1
1710,4,0.75,0.0,2217.867602710612,0.24000159464776516,8.1329077,0.16066302354371892,20.372681319713593,50.5,1
1707,4,0.25,0.0,2532.334508607164,586.6193452384323,6.65701055,0.2677717059061982,8.96397978067398,29.0,2
1703,4,1.0,0.0,2232.755118049681,10.006397729739547,16.2455475,0.0,7.334165275096893,55.0,3
1089,4,0.75,0.0,2277.5005230214447,21.510182647034526,95.414545,0.08568694588998342,14.668330550193787,32.0,2
1084,4,1.0,0.0,2227.966375881806,11.997480178251863,12.7477305,0.08568694588998342,15.48323780298233,59.0,3
1083,4,1.0,0.0,2064.004950458184,32.000076258555055,11.491199,0.0749760776537355,14.668330550193787,61.0,1
2477,4,0.75,0.0,2241.4995308499783,14.142185682430863,8.7788575,0.0,7.334165275096893,58.0,3
125,4,0.5,0.25,2212.745593627915,0.2520752605050802,20.0622625,0.14995215530747097,26.891939342021942,28.0,2
1726,4,1.0,0.0,2249.964469578117,13.218714855611324,38.47912,0.0,10.593794286251068,51.5,3
2502,4,1.0,0.0,2257.498248014599,19.99821187928319,94.73161999999999,0.0749760776537355,17.92795956134796,55.0,3
1697,4,1.0,0.0,2028.004994848743,8.00001947209239,15.844151499999999,0.2195727988430825,11.408701539039612,64.0,1
1695,4,0.75,0.0,2197.0362606225535,230.68154277279973,9.213545,0.0,8.149072527885437,33.5,3
1694,4,0.75,0.0,2190.9346719039604,0.6001873407512903,13.3235055,0.0,8.96397978067398,53.5,2
1692,4,0.5,0.0,2238.986259093508,0.3208974376320839,6.5776593000000005,0.36952495415055353,6.51925802230835,24.0,1
1691,4,0.75,0.0,2028.010132838972,179.70797116868198,6.65136015,0.4230792953317931,6.51925802230835,33.0,2
1689,4,1.0,0.0,2235.1426805835217,6.517600500956178,33.805937,0.0,6.51925802230835,55.0,3
1688,4,1.0,0.0,2233.0366994719952,15.843472443521023,14.065998,0.28383800826057004,11.408701539039612,48.0,2
1686,4,1.0,0.0,2240.9607809968293,0.0007187481969594955,54.1127585,0.36416952003242953,43.190084397792816,40.0,2
1685,4,1.0,0.0,2256.0105468146503,15.051930211484432,35.454875,0.35345865179618163,31.781382858753204,49.0,2
688,4,0.25,0.25,1971.9418556196615,233.06076880544424,8.3842385,0.0,10.593794286251068,26.5,3
1420,4,0.75,0.0,2254.7543566906825,2.62059667147696,114.641995,0.03213260470874378,12.223608791828156,59.5,3
2499,4,0.75,0.25,2215.578544535674,23.717138916254044,7.60390285,0.08033151177185946,13.853423297405243,52.0,3
2489,4,1.0,0.0,2012.0095087913796,103.99936325848103,9.239116,0.27312714002432215,4.889443516731262,57.5,2
2488,4,1.0,0.0,2241.4028412895277,11.82441832497716,8.2837285,0.33203691532368573,8.96397978067398,40.5,2
2487,4,1.0,0.0,2204.5289212837815,6.466593826189637,29.0598765,0.2677717059061982,22.817403078079224,54.5,3
1668,4,0.0,0.5,2218.44760235399,5.918907700106502,6.42220735,0.13924128707122305,5.704350769519806,6.0,2
1667,4,0.75,0.0,2207.762623205781,6.467330502346158,9.13808,0.17672932589809082,22.00249582529068,34.0,1
1664,4,1.0,0.0,2233.006737777032,9.003256680443883,33.7373425,0.15530758942559497,29.336661100387573,52.0,3
686,4,0.5,0.0,1971.9127618009225,2.3493124172091484,7.0105465,0.0,6.51925802230835,38.0,2
679,4,1.0,0.0,2232.5004073791206,0.9513911791145802,71.257365,0.0,10.593794286251068,55.0,3
678,4,1.0,0.0,2232.2360204998404,28.432811610400677,35.408801999999994,0.0,13.853423297405243,49.0,4
677,4,0.75,0.0,2250.4531987942755,10.756990872323513,40.6903955,0.0,8.96397978067398,51.0,3
674,4,1.0,0.0,2240.9607809968293,0.0007187481969594955,69.893015,0.36416952003242953,45.63480615615845,40.0,2
1672,4,0.25,0.75,2148.1537907384336,215.68641159683466,9.0867795,0.021421736472495855,8.149072527885437,1.5,3
811,4,1.0,0.0,2233.9864192763343,7.067076163366437,40.8758705,0.04284347294499171,13.0385160446167,48.0,2
808,4,1.0,0.0,2255.337549140677,2.6929539162665606,75.67593,0.0589097752993636,15.48323780298233,58.5,3
1070,4,1.0,0.0,2203.68824666366,0.13882271014153957,8.0133132,0.0,12.223608791828156,39.0,1
1063,4,0.25,0.0,1971.886574756354,2.357837976887822,7.0169312999999995,0.0,5.704350769519806,20.5,2
1058,4,1.0,0.0,2232.8176556620747,4.820233443751931,22.8174925,0.0,10.593794286251068,52.0,3
2513,4,0.5,0.0,2232.8172164270654,35.26684711687267,7.7690982,0.02677717059061982,16.298145055770874,28.0,4
2503,4,0.5,0.0,2252.973875612952,15.959657030180097,6.7432501,0.021421736472495855,6.51925802230835,25.5,3
1654,4,0.75,0.0,2231.7602328257635,1.0654309298843145,6.7560780000000005,0.0,12.223608791828156,31.0,2
703,4,0.25,0.0,1988.0096337292343,23.995307506993413,11.180271,0.16066302354371892,23.632310330867767,30.0,2
701,4,0.75,0.0,2215.1805454632267,25.847498793154955,18.394354,0.06962064353561154,15.48323780298233,38.5,3
699,4,1.0,0.0,2266.1602125735953,29.71834735944867,23.3369005,0.15530758942559494,20.372681319713593,58.5,4
690,4,0.25,0.0,2221.443111775443,22.681745467707515,6.506012,0.0,7.334165275096893,12.5,3
93,4,1.0,0.0,2223.3660924248397,0.0,581.35715,0.021421736472495855,13.853423297405243,38.0,1
91,4,1.0,0.0,2202.1458700764924,3.1479329336434603,83.7417025,0.0749760776537355,17.113052308559418,49.5,2
85,4,0.75,0.0,2064.005083288066,87.99785748124123,9.437597,0.22492823296120648,6.51925802230835,42.5,2
2527,4,0.75,0.0,2242.124138516374,0.7602937985211611,115.0431555,0.0,9.778887033462524,53.5,3
2525,4,1.0,0.0,2256.003682035953,0.26214425452053547,560.7673679999999,0.3909466906230493,47.264620661735535,33.5,1
2522,4,1.0,0.0,2231.02634283714,3.2219102140516043,11.460122,0.07497607765373548,9.778887033462524,49.0,3
2521,4,1.0,0.0,2231.629863148555,0.13076327741146088,11.704016500000002,0.04284347294499171,8.96397978067398,47.0,2
2520,4,1.0,0.0,2232.267440063879,6.975754396989942,18.499782500000002,0.010710868236247928,10.593794286251068,48.0,3
2518,4,0.75,0.0,2213.729013921693,28.65562029182911,9.361806,0.01606630235437189,11.408701539039612,45.5,4
1076,4,0.75,0.0,2267.248957999982,28.656609589233994,6.6321543,0.14995215530747097,10.593794286251068,37.0,4
831,4,0.75,0.0,2255.870989873074,0.26214425452053547,7.643564,0.13388585295309907,20.372681319713593,37.5,2
1613,4,1.0,0.0,2284.0026231715456,0.001230509951710701,188.038255,0.29454887649681805,37.48573362827301,55.0,3
1648,4,1.0,0.0,2232.632663566619,1.047933241352439,50.292986,0.0,9.778887033462524,55.0,3
1645,4,0.75,0.0,2256.072650081478,0.13107294216752052,45.156669,0.36952495415055353,46.44971340894699,49.0,2
1638,4,1.0,0.0,2234.4909275416285,5.084074335172772,31.7980885,0.010710868236247928,11.408701539039612,52.0,3
1626,4,0.0,0.5,2105.676664621569,135.2575479540974,6.1692353,0.03213260470874378,8.149072527885437,2.0,2
1623,4,1.0,0.0,2238.594834692776,2.399999648332596,9.8359195,0.2517054035518263,15.48323780298233,41.0,1
1620,4,1.0,0.0,2239.419558318332,9.219326078891754,19.962118500000003,0.0,6.51925802230835,49.0,4
1618,4,0.75,0.0,1971.8941990286112,218.5553414747119,7.8795825,0.0,6.51925802230835,36.0,2
2545,4,0.75,0.0,2238.9048360055313,5.479998653754592,7.295684100000001,0.25706083766995025,8.96397978067398,38.5,1
2543,4,0.0,0.0,2774.981660535559,49.9898677226156,6.936185,0.28383800826057004,20.372681319713593,17.5,2
2542,4,0.75,0.0,2526.672500418499,569.0983291715384,7.3295825,0.2195727988430825,6.51925802230835,46.0,4
2531,4,1.0,0.0,2202.6422610506415,0.6051126401871443,12.3172605,0.0,5.704350769519806,52.0,1
96,4,1.0,0.0,2203.720045974478,0.0905361957848072,7.64337445,0.06426520941748756,13.0385160446167,42.0,2
94,4,1.0,0.0,2032.0048741996288,32.000076258555055,11.840225499999999,0.0749760776537355,14.668330550193787,45.0,1
1661,4,1.0,0.0,2203.6797447362915,7.328227860853076,11.7715405,0.0,13.0385160446167,50.0,3
1660,4,1.0,0.0,2082.6349738053977,218.18585274741054,21.6231385,0.0,5.704350769519806,63.5,3
1591,4,1.0,0.0,2200.5719256121665,0.2621475141495466,17.7726305,0.03213260470874378,13.0385160446167,57.5,2
1590,4,1.0,0.0,2230.001279967837,9.953005006536841,29.088646,0.01606630235437189,8.96397978067398,59.5,3
1587,4,1.0,0.0,2207.761330762878,7.445452269166708,9.614151499999998,0.12317498471685116,13.0385160446167,49.5,3
1458,4,0.75,0.0,2220.868627424352,28.628858737647533,9.6648875,0.010710868236247928,7.334165275096893,48.0,3
1457,4,1.0,0.0,2242.7137850318104,10.001078015193343,1114.08465,0.021421736472495855,10.593794286251068,64.0,3
71,4,0.75,0.0,2024.0049851126969,55.9930254239589,15.45620275,0.21421736472495856,10.593794286251068,64.0,1
68,4,0.75,0.0,1971.9306180486456,0.07504969835281372,9.0353525,0.0,6.51925802230835,51.5,1
67,4,0.75,0.0,2237.4819989781827,4.798670997843146,16.4057205,0.0,8.96397978067398,49.0,3
66,4,0.75,0.0,1971.9075431348756,0.04555005580186844,6.889484749999999,0.0,8.149072527885437,45.0,1
2561,4,0.75,0.0,2203.7652619183064,261.4464103244245,6.966978,0.06426520941748756,15.48323780298233,43.0,4
2555,4,1.0,0.0,2242.325988598168,4.809682024642825,39.34346,0.10710868236247928,17.92795956134796,45.5,3
2550,4,1.0,0.0,2219.793636817485,13.067080173641443,27.9999865,0.010710868236247928,6.51925802230835,41.0,2
718,4,1.0,0.0,2238.0184972425923,1.994514837861061,7.54472,0.03213260470874378,13.853423297405243,40.5,3
714,4,0.25,0.0,2218.8612264581025,31.276741763576865,6.3760875,0.021421736472495855,10.593794286251068,14.5,4
713,4,1.0,0.0,2239.568453282118,0.0,13.460622,0.010710868236247928,8.96397978067398,55.0,1
707,4,0.5,0.25,2217.882601893507,1.9945800304412842,6.59846475,0.14459672118934702,19.55777406692505,23.5,1
1446,4,0.5,0.0,2204.529147827998,13.59093189239502,15.8364005,0.19815106237058666,27.706846594810486,26.5,3
1443,4,0.5,0.0,2241.4028412895277,43.05925266817212,7.564856,0.32132604708743784,8.149072527885437,34.5,3
1442,4,0.5,0.0,2209.0774858370423,5.398247158154845,21.1209755,0.0,6.51925802230835,36.0,4
814,4,1.0,0.0,2243.1132468627766,9.718326386064291,44.0251325,0.0,8.149072527885437,64.0,2
1584,4,1.0,0.0,2032.0050045847893,228.52399107068777,7.7990847500000005,0.21421736472495856,8.96397978067398,50.5,2
1570,4,1.0,0.0,2209.086688584648,0.0014032702893018723,28.744749,0.0,8.149072527885437,52.0,2
1056,4,1.0,0.0,2008.0046283546835,0.001082196831703186,31.546407000000002,0.3427477835599337,23.632310330867767,64.0,2
1054,4,0.75,0.0,2240.9588953014463,0.5939141847193241,8.352575,0.3427477835599337,9.778887033462524,42.0,3
1020,4,1.0,0.0,2284.5263273920864,0.0005818437784910202,16.589264,0.13924128707122305,18.742866814136505,47.0,2
2570,4,0.5,0.25,2256.2490212731063,50.02807546406984,7.14908285,0.4284347294499171,6.51925802230835,24.5,2
1608,4,1.0,0.0,2256.00305700209,28.12923747114837,65.6495125,0.25706083766995025,34.226104617118835,49.0,1
1607,4,1.0,0.0,2203.679746366106,0.13882271014153957,71.508117,0.0,8.149072527885437,55.0,1
1606,4,1.0,0.0,2232.6592596946284,22.123692091554403,26.427356500000002,0.0,10.593794286251068,49.0,3
1604,4,1.0,0.0,2202.6422610506415,11.816026410087943,10.6562035,0.0,11.408701539039612,52.0,2
1600,4,1.0,0.0,2251.509426161647,7.056263973936439,26.802459499999998,0.010710868236247928,12.223608791828156,61.0,2
1597,4,1.0,0.0,2258.522112155333,20.00893442891538,33.1075325,0.04819890706311568,12.223608791828156,53.0,3
750,4,0.25,0.0,2237.4986157519743,0.00024121254682540894,23.8377325,0.08568694588998342,17.92795956134796,11.5,3
749,4,1.0,0.0,2218.2754043024033,26.97081258520484,849.62535,0.010710868236247928,10.593794286251068,49.0,2
738,4,0.5,0.0,2243.6396859120578,2.8082909993827343,7.40059,0.0,11.408701539039612,36.0,3
730,4,1.0,0.0,2240.959693095647,0.0014146789908409119,19.2992105,0.36416952003242953,17.113052308559418,49.0,3
1565,4,1.0,0.0,2242.6090124063194,4.777566529810429,161.29325,0.0,11.408701539039612,59.5,3
1554,4,1.0,0.0,2244.0191686619073,15.110564418137074,22.860441,0.010710868236247928,8.96397978067398,55.0,3
793,4,0.75,0.0,2266.691343043931,587.4311868101358,7.10389685,0.14459672118934702,21.187588572502136,31.0,4
792,4,0.75,0.0,2203.6794521845877,0.00010593794286251068,539.09696,0.0749760776537355,17.113052308559418,34.0,3
790,4,1.0,0.0,2256.001925095916,0.00027543865144252777,171.718215,0.149952155307471,24.44721758365631,48.0,2
789,4,1.0,0.0,2284.001864492893,28.00139971077442,100.276107,0.2088619306068346,30.151568353176117,49.0,3
59,4,1.0,0.0,2232.690318254754,5.683050723746419,55.836605,0.0,9.778887033462524,52.0,3
2586,4,0.5,0.0,2251.727169379592,534.0216455515474,7.69739675,0.26241627178807425,6.51925802230835,30.0,3
1000,4,0.25,0.0,2240.893402835354,3.221765160560608,157.216287,0.0,10.593794286251068,20.5,3
999,4,1.0,0.0,2243.1132533820346,9.783320128917694,39.291771,0.0,9.778887033462524,60.0,3
997,4,0.75,0.0,2242.7179019432515,9.781916858628392,37.765375000000006,0.0,8.149072527885437,64.0,2
1450,4,0.75,0.0,2266.1600968567654,35.18595779314637,22.9778425,0.17672932589809082,26.0770320892334,54.0,3
2632,4,1.0,0.0,2232.7168605988845,6.4311453606933355,21.625114500000002,0.0,9.778887033462524,49.0,3
2674,4,0.5,0.0,2226.8911758437753,29.568414203822613,8.54115,0.08568694588998342,13.853423297405243,25.5,4
2661,4,1.0,0.0,2235.2013954659924,4.76775667630136,32.91082,0.010710868236247928,13.853423297405243,52.0,2
2662,4,0.75,0.25,2209.087514085695,37.06945455633104,13.402172,0.021421736472495855,13.0385160446167,44.0,3
2640,4,0.75,0.0,2201.8756435718387,2.655416028574109,13.5016715,0.2784825741424461,20.372681319713593,49.0,3
1034,4,0.75,0.0,2256.0032982146367,17.801715759560466,35.409307,0.08033151177185946,13.853423297405243,49.0,3
1033,4,1.0,0.0,2255.995691870339,2.6929539162665606,64.650342,0.05355434118123964,16.298145055770874,54.0,3
1032,4,1.0,0.0,2242.713829036802,10.000734124332666,1995.48065,0.010710868236247928,9.778887033462524,64.0,2
2623,4,1.0,0.0,2024.0101125091314,0.0,6.7695539,0.4284347294499171,4.0745362639427185,39.0,1
2618,4,1.0,0.0,2232.5009093619883,5.878688767552376,16.5458865,0.04284347294499171,9.778887033462524,43.5,3
2617,4,0.75,0.0,2251.4444258995354,13.90728703700006,22.137884999999997,0.010710868236247928,8.149072527885437,59.5,2
2612,4,0.5,0.0,2206.3836159650236,28.820415725931525,121.22532000000001,0.021421736472495855,9.778887033462524,40.0,3
39,4,1.0,0.0,2242.5001839874312,0.213623046875,17207.550000000003,0.021421736472495855,9.778887033462524,64.0,2
1506,4,1.0,0.0,2255.3997713839635,14.249569270759821,90.098533,0.0589097752993636,14.668330550193787,55.0,3
1501,4,0.75,0.0,2248.510590288788,14.07542359083891,7.26598285,0.010710868236247928,5.704350769519806,40.0,4
1494,4,0.0,0.0,2210.9948134748265,6.466962164267898,9.933048,0.17137389177996684,21.187588572502136,17.5,3
2143,4,1.0,0.0,2203.67940410506,0.2621475141495466,8.641121,0.05355434118123964,13.0385160446167,46.5,1
2124,4,0.75,0.0,2232.7384621603414,0.10559079237282276,9.034146,0.0,8.96397978067398,49.0,3
2114,4,1.0,0.0,2242.5042788963765,5.193592980504036,153.67095,0.0,8.96397978067398,52.0,3
1249,4,1.0,0.0,2237.5204251147807,0.0,106.228517,0.010710868236247928,9.778887033462524,55.0,1
1242,4,0.75,0.0,2234.6271172864363,5.563425598666072,24.336732,0.021421736472495855,8.96397978067398,41.5,3
1235,4,0.0,0.0,2257.8372950665653,29.087739530950785,6.245279050000001,0.05355434118123964,11.408701539039612,6.5,4
928,4,0.75,0.0,2216.251057339832,27.50077610835433,30.507244999999998,0.04284347294499171,11.408701539039612,46.5,3
2141,4,0.5,0.25,2230.732937110588,19.356338772922754,6.79985015,0.16066302354371892,8.96397978067398,34.5,3
2136,4,0.75,0.0,2016.0062540089712,87.99309027381241,12.193182,0.08568694588998342,14.668330550193787,46.5,2
2134,4,0.75,0.0,2255.4095527157187,35.18595942296088,22.7956255,0.14995215530747097,25.262124836444855,51.5,3
2132,4,1.0,0.0,2032.0081484969705,0.006287824362516403,12.6030255,0.24634996943370235,4.889443516731262,63.0,2
2130,4,1.0,0.0,2241.108447080478,0.8867771830409765,6.9525410999999995,0.33203691532368573,4.889443516731262,42.0,2
363,4,0.25,0.25,2106.4118755748495,98.81976712495089,7.72404225,0.03213260470874378,6.51925802230835,5.5,2
2129,4,1.0,0.0,2004.004611284472,55.99904921837151,10.8127025,0.3427477835599337,4.0745362639427185,57.5,2
2128,4,1.0,0.0,2284.002918167971,0.001230509951710701,180.56085000000002,0.29454887649681805,39.1155481338501,55.0,2
2636,4,0.5,0.0,2238.9598357258365,4.010000498965383,9.5044555,0.2517054035518263,31.781382858753204,32.5,1
