file,row,id,obsid,sourceName,beam,frequency,driftRate,snr,n_beams,beam_frac,weak_label,rfi_score,verdict
lband_short,4515,241143,MeerKAT:array_1:20250712T065251Z,Gaia_2323480588768172800,31,867.7644640952349,0.1845136946458077,14.211741,1,0.015625,0,0.00024213358124826592,shortlist
lband_short,5496,243361,MeerKAT:array_1:20250712T080758Z,J0025-2602,0,867.7633177042007,0.2460182595277436,10.490249,2,0.03125,0,0.00025010646231390715,shortlist
lband_short,5497,243365,MeerKAT:array_1:20250712T080758Z,ex_QSO_B0023-263,1,867.7633177042007,0.2460182595277436,10.494255,2,0.03125,0,0.00025010646231390715,shortlist
lband_short,5533,243457,MeerKAT:array_1:20250712T080758Z,Gaia_2323496325528339456,15,867.763312920928,-0.1742629338321517,10.7108555,4,0.0625,-1,0.000252177896990084,shortlist
lband_short,5545,243498,MeerKAT:array_1:20250712T080758Z,Gaia_2323541817821914880,22,867.7633177042007,-0.21526597708677564,18.076515,3,0.046875,-1,0.0002733463520870411,shortlist
uhf_long,117681,34830559,MeerKAT:array_1:20250715T135202Z,Gaia_6016066180205058176,59,648.5687381625175,0.0162973690979896,40.93689,1,0.015625,0,0.00030349977442709227,shortlist
lband_short,4507,241001,MeerKAT:array_1:20250712T065251Z,ex_2MASX_J00253041-2600396,2,867.7644625008106,0.27677054196871154,15.570601,1,0.015625,0,0.0003494712016681237,shortlist
lband_short,5539,243475,MeerKAT:array_1:20250712T080758Z,Gaia_2323521236338609792,18,867.878945350647,-0.3485258676643034,10.121596,4,0.0625,-1,0.0003776969212437404,shortlist
uhf_long,80195,28005702,MeerKAT:array_1:20250715T135202Z,ex_ASASSN-V_J153642.66-332458.7,36,611.7051621675491,-0.0264832247842331,13.728823,2,0.03125,0,0.00038753449717329443,shortlist
lband_short,5530,243449,MeerKAT:array_1:20250712T080758Z,Gaia_2323477530751457920,14,867.7633177042007,-0.21526597708677564,21.81579,3,0.046875,-1,0.00039035346399528563,shortlist
uhf_long,116786,34828563,MeerKAT:array_1:20250715T124827Z,ex_LBQS_1313-0138,11,648.5687087774277,-0.0631523052547097,47.438465,2,0.03125,0,0.0003909442486902699,shortlist
uhf_long,134117,35418874,MeerKAT:array_1:20250715T135202Z,Gaia_6206674457978041088,54,677.9615107178688,0.05092927843121751,12.031115,1,0.015625,0,0.0004197123815234926,shortlist
uhf_long,117654,34830504,MeerKAT:array_1:20250715T135202Z,ex_CRTS_J153537.6-331607,4,648.5687381625175,0.0651894763919584,28.812935,1,0.015625,0,0.0004365188576001306,shortlist
lband_short,5578,243632,MeerKAT:array_1:20250712T080758Z,Gaia_2323541680382961536,47,867.8982075899839,-0.1742629338321517,11.489588,1,0.015625,0,0.00047468691958487,shortlist
uhf_short,37670,1768770,MeerKAT:array_1:20250704T025554Z,Gaia_2682486459680121344,4,588.0017858147621,0.23957132574044712,15.66435,1,0.015625,0,0.00048760709630841104,shortlist
uhf_long,134105,35418862,MeerKAT:array_1:20250715T135202Z,ex_2MASX_J15360155-3334208,50,677.9615147709846,-0.006111513411746101,11.452079,2,0.03125,0,0.0004953264468664477,shortlist
uhf_long,242224,35418755,MeerKAT:array_1:20250715T135202Z,ex_CRTS_J153330.1-324437,8,677.9615198373795,-0.0040743422744974,11.294472,1,0.015625,0,0.0004982095056870278,shortlist
uhf_long,134038,35418787,MeerKAT:array_1:20250715T135202Z,ex_ASASSN-V_J153641.93-331910.4,20,677.9615188241005,-0.0162973690979896,10.982489,2,0.03125,0,0.0005001793127563227,shortlist
uhf_long,134070,35418821,MeerKAT:array_1:20250715T135202Z,ex_ASASSN-V_J153532.40-334016.8,33,677.961504638195,0.07741250321545061,12.410714,1,0.015625,0,0.0005344314912816847,shortlist
lband_short,5516,243416,MeerKAT:array_1:20250712T080758Z,Gaia_2323476564383214720,9,867.8789501339197,-0.38952891091892733,10.303086,3,0.046875,-1,0.0005359590431409945,shortlist
uhf_long,134010,35418758,MeerKAT:array_1:20250715T135202Z,ex_CRTS_J153458.5-331931,9,677.9615542888641,-0.05704079184296361,13.685819,1,0.015625,0,0.0005746662931631943,shortlist
uhf_long,134019,35418768,MeerKAT:array_1:20250715T135202Z,ex_Gaia_DR3_6014448656864285696,13,677.9615107178688,0.0468549361567201,11.60627,2,0.03125,0,0.0006020301922807363,shortlist
lband_short,5583,243646,MeerKAT:array_1:20250712T080758Z,Gaia_2323484123525547136,50,867.878951728344,-0.39977967173258333,12.31388,2,0.03125,0,0.0006202677714073301,shortlist
lband_short,5577,243628,MeerKAT:array_1:20250712T080758Z,Gaia_2323541680382961536,47,867.763319298625,-0.2870213027823675,28.604263,1,0.015625,0,0.0006337563765355425,shortlist
uhf_long,105522,33877540,MeerKAT:array_1:20250715T135202Z,ex_ASASSN-V_J153339.10-330721.1,27,636.2808957099915,-0.059077962980212305,15.0891905,1,0.015625,0,0.0006544014217397579,shortlist
lband_short,5523,243432,MeerKAT:array_1:20250712T080758Z,Gaia_2323475950203470848,11,867.8789421617985,-0.38952891091892733,11.885397,1,0.015625,0,0.000657356427678187,shortlist
uhf_long,134012,35418760,MeerKAT:array_1:20250715T135202Z,ex_CRTS_J153521.2-324825,10,677.961505651474,0.040743422744974,12.30156,1,0.015625,0,0.000663923041239574,shortlist
uhf_long,134111,35418868,MeerKAT:array_1:20250715T135202Z,ex_LEDA_682319,52,677.9615522623062,-0.044817765019471406,12.527533,2,0.03125,0,0.000663972747548738,shortlist
uhf_long,105084,33876775,MeerKAT:array_1:20250715T124827Z,ex_[VV2006]_J131716.7-014247,23,636.2808460593224,-0.05092927843121751,15.556725,2,0.03125,0,0.0006879285558507144,shortlist
uhf_long,71262,11382344,MeerKAT:array_1:20250715T124827Z,ex_[VV2006]_J131618.7-022454,13,599.4172649979591,-0.0733381609409532,42.94135,2,0.03125,0,0.0007257015969572084,shortlist
uhf_long,31872,986413,MeerKAT:array_1:20250715T124827Z,ex_ASASSN-V_J131645.18-014824.8,49,562.5536788702011,-0.0651894763919584,12.084739,1,0.015625,0,0.0007381381663755074,shortlist
uhf_long,71283,11382392,MeerKAT:array_1:20250715T124827Z,ex_[VV2006]_J131905.8-015208,37,599.4172649979591,-0.0733381609409532,43.980972,2,0.03125,0,0.0007714972444830196,shortlist
uhf_long,72333,11384222,MeerKAT:array_1:20250715T135202Z,ex_ASASSN-V_J153354.39-333109.3,29,599.417295396328,-0.0162973690979896,20.679102,1,0.015625,0,0.0007815327121270139,shortlist
uhf_long,80153,28005632,MeerKAT:array_1:20250715T135202Z,ex_4FGL_J1534.3-3312,1,611.7051621675491,-0.0264832247842331,22.762962,2,0.03125,0,0.00079437404139583,shortlist
uhf_long,134123,35418880,MeerKAT:array_1:20250715T135202Z,Gaia_6016055253808084480,56,677.9615178108215,-0.0101858556862435,11.410186,2,0.03125,0,0.0008243319425639698,shortlist
uhf_long,134024,35418773,MeerKAT:array_1:20250715T135202Z,ex_CRTS_J153340.5-333253,15,677.9615147709846,0.006111513411746101,11.512414,2,0.03125,0,0.0008376606353165495,shortlist
lband_short,5541,243483,MeerKAT:array_1:20250712T080758Z,Gaia_2323475263008703872,19,867.8789421617985,-0.31777358522333543,12.486363,2,0.03125,0,0.0008385090469856391,shortlist
uhf_long,133993,35418739,MeerKAT:array_1:20250715T135202Z,ex_HD_138923,2,677.9615137577057,0.030557567058730504,12.180067,1,0.015625,0,0.0008456119229429728,shortlist
uhf_long,79830,28005122,MeerKAT:array_1:20250715T124827Z,ex_[VV2006]_J131904.7-021321,36,611.7051226496696,-0.05092927843121751,22.012701,1,0.015625,0,0.0008502518689891121,shortlist
uhf_long,72332,11384220,MeerKAT:array_1:20250715T135202Z,ex_ASASSN-V_J153339.64-330209.6,28,599.4173014760017,-0.048892107293968805,11.657709,1,0.015625,0,0.0008521275098083004,shortlist
uhf_long,80187,28005690,MeerKAT:array_1:20250715T135202Z,ex_ASASSN-V_J153431.87-331118.1,30,611.7051631808281,-0.030557567058730504,21.703276,1,0.015625,0,0.0008566745791767834,shortlist
lband_short,5553,243520,MeerKAT:array_1:20250712T080758Z,Gaia_2323501238970926848,26,867.763319298625,-0.25626902034139953,16.468122,4,0.0625,-1,0.0008861548121730839,shortlist
uhf_long,134082,35418834,MeerKAT:array_1:20250715T135202Z,ex_NSV_07123,38,677.9615107178688,0.040743422744974,12.05939,4,0.0625,-1,0.0009054400293917997,shortlist
uhf_long,133996,35418742,MeerKAT:array_1:20250715T135202Z,ex_CRTS_J153258.9-332343,3,677.9615482091904,-0.006111513411746101,12.279134,2,0.03125,0,0.0009212680679593716,shortlist
uhf_long,133991,35418737,MeerKAT:array_1:20250715T135202Z,ex_4FGL_J1534.3-3312,1,677.9615178108215,-0.0101858556862435,11.918417,2,0.03125,0,0.0009275292462176628,shortlist
uhf_long,134128,35418886,MeerKAT:array_1:20250715T135202Z,Gaia_6014499066895969792,58,677.9615107178688,0.0081486845489948,10.542841,1,0.015625,0,0.000934076113383812,shortlist
lband_short,5502,243382,MeerKAT:array_1:20250712T080758Z,ex_2dFGRS_TGS138Z236,4,867.7633113265038,-0.2357674987140876,19.332792,1,0.015625,0,0.0009400405134550939,shortlist
uhf_long,8980,278742,MeerKAT:array_1:20250715T124827Z,ex_2dFGRS_TGN195Z268,46,550.2658060193062,0.081486845489948,14.42606,1,0.015625,0,0.0009451364802395425,shortlist
uhf_long,8944,278662,MeerKAT:array_1:20250715T124827Z,ex_[VV2006]_J131539.5-014850,6,550.2658171653748,-0.0651894763919584,14.399105,2,0.03125,0,0.0009581775967583131,shortlist
uhf_long,8982,278746,MeerKAT:array_1:20250715T124827Z,ex_[VV2010c]_J131954.3-015649,48,550.2658070325851,0.07741250321545061,20.714031,1,0.015625,0,0.0009684871061761131,shortlist
uhf_long,105111,33876836,MeerKAT:array_1:20250715T124827Z,ex_2dFGRS_TGN194Z171,55,636.2808470726013,-0.06926381866645581,13.5026,1,0.015625,0,0.0009707123787306075,shortlist
uhf_short,23766,1111395,MeerKAT:array_1:20250713T004830Z,Gaia_2682740962262211200,34,575.9989138841629,-0.19679073185822443,22.566025,4,0.0625,-1,0.0009909504349012686,shortlist
uhf_long,134062,35418811,MeerKAT:array_1:20250715T135202Z,ex_ASASSN-V_J153354.39-333109.3,29,677.9615188241005,-0.030557567058730504,11.025592,1,0.015625,0,0.000991630966336235,shortlist
uhf_long,134710,35419954,MeerKAT:array_1:20250715T143518Z,Gaia_6272829456981774464,57,677.9615401029587,0.0631523052547097,13.232656,2,0.03125,0,0.0010244727319843132,shortlist
uhf_long,134030,35418779,MeerKAT:array_1:20250715T135202Z,ex_CRTS_J153625.3-325556,17,677.9615188241005,-0.014260197960740902,12.235705,2,0.03125,0,0.0010301501615699116,shortlist
uhf_long,133362,35417845,MeerKAT:array_1:20250715T130947Z,ex_ASASSN-V_J161227.51-602016.9,18,677.9615917801857,0.0101858556862435,13.174887,1,0.015625,0,0.0010303937022167152,shortlist
uhf_long,134120,35418877,MeerKAT:array_1:20250715T135202Z,Gaia_6014542188367932928,55,677.9615482091904,-0.006111513411746101,12.315031,2,0.03125,0,0.001065720925465188,shortlist
uhf_long,125268,35005378,MeerKAT:array_1:20250715T124827Z,ex_[VV2006]_J131735.5-021504,26,660.8565694689751,-0.055003620705714906,37.935207,2,0.03125,0,0.00107708267689702,shortlist
uhf_long,133061,35417345,MeerKAT:array_1:20250715T124827Z,ex_[VV2006]_J131714.2-022516,21,677.9615218639374,0.0183345402352383,10.064021,1,0.015625,0,0.0010820456670203908,shortlist
lband_short,5506,243390,MeerKAT:array_1:20250712T080758Z,ex_2dFGRS_TGS138Z230,5,867.8789437562227,-0.3587766284779594,11.808932,4,0.0625,-1,0.0010891176893094493,shortlist
lband_short,5933,244388,MeerKAT:array_1:20250712T084022Z,ex_2dFGRS_TGS138Z236,4,867.7710538506508,-0.07175532569559187,12.020543,1,0.015625,0,0.0011181636014455185,shortlist
uhf_long,133989,35418735,MeerKAT:array_1:20250715T135202Z,J1534_3-3312,0,677.9615137577057,-0.014260197960740902,11.856463,1,0.015625,0,0.0011210223610065334,shortlist
uhf_short,75345,33714857,MeerKAT:array_1:20250706T001134Z,Gaia_2698997374823754112,11,634.91274112463,-0.23957132574044712,22.347128,1,0.015625,0,0.0011247074005474292,shortlist
uhf_long,134660,35419894,MeerKAT:array_1:20250715T143518Z,Gaia_6272619763794900608,27,677.9615411162376,0.055003620705714906,13.740989,2,0.03125,0,0.0011285896958092307,shortlist
uhf_long,125277,35005390,MeerKAT:array_1:20250715T124827Z,ex_[VV2006]_J131908.3-014326,38,660.8565654158592,0.081486845489948,20.44033,2,0.03125,0,0.0011366061975281439,shortlist
uhf_long,72327,11384188,MeerKAT:array_1:20250715T135202Z,ex_Gaia_DR2_6014515417835108352,12,599.4173075556755,-0.055003620705714906,15.831636,1,0.015625,0,0.001146949476771209,shortlist
uhf_long,134694,35419934,MeerKAT:array_1:20250715T143518Z,Gaia_6272835680390688000,47,677.9615411162376,0.05092927843121751,14.481078,1,0.015625,0,0.0011503459264197125,shortlist
uhf_long,133416,35417923,MeerKAT:array_1:20250715T130947Z,ex_ASASSN-V_J160944.16-601343.2,57,677.9615998864174,-0.05092927843121751,13.001021,1,0.015625,0,0.0011530291797343729,shortlist
uhf_long,134126,35418883,MeerKAT:array_1:20250715T135202Z,Gaia_6014445465704029440,57,677.96155834198,-0.0325947381959792,12.879745,1,0.015625,0,0.0011598812280850716,shortlist
uhf_long,133345,35417823,MeerKAT:array_1:20250715T130947Z,ex_BW_Nor,7,677.9616008996964,-0.05704079184296361,12.647943,1,0.015625,0,0.001191189739045949,shortlist
lband_short,5551,243516,MeerKAT:array_1:20250712T080758Z,Gaia_2323484368339403648,25,867.8789405673742,-0.3075228244096795,13.080204,2,0.03125,0,0.0011925592342849343,shortlist
lband_short,5607,243720,MeerKAT:array_1:20250712T080758Z,Gaia_2323496840924417792,63,867.7633113265038,-0.1742629338321517,16.033821,4,0.0625,-1,0.0011986784850172493,shortlist
uhf_long,134077,35418829,MeerKAT:array_1:20250715T135202Z,ex_ASASSN-V_J153642.66-332458.7,36,677.9615502357483,-0.0101858556862435,11.582514,2,0.03125,0,0.0012100386585502233,shortlist
uhf_long,134620,35419844,MeerKAT:array_1:20250715T143518Z,ex_CRTS_J142316.1-244011,2,677.9615532755852,-0.0183345402352383,10.818037,2,0.03125,0,0.0012105766796337387,shortlist
uhf_long,108280,34498701,MeerKAT:array_1:20250715T124827Z,ex_[VV2006]_J131739.1-021013,27,640.963461458683,0.030557567058730504,11.003702,1,0.015625,0,0.0012109093913651935,shortlist
uhf_long,133420,35417929,MeerKAT:array_1:20250715T130947Z,ex_ASASSN-V_J161016.48-601227.6,60,677.9615988731384,-0.0325947381959792,11.981484,1,0.015625,0,0.0012369051344434199,shortlist
uhf_long,117653,34830502,MeerKAT:array_1:20250715T135202Z,ex_HD_138923,2,648.5687503218651,-0.030557567058730504,31.10977,1,0.015625,0,0.001243887484244837,shortlist
uhf_long,134027,35418776,MeerKAT:array_1:20250715T135202Z,ex_CRTS_J153507.0-324508,16,677.9615147709846,0.006111513411746101,10.435884,2,0.03125,0,0.0012502153415928164,shortlist
uhf_long,134052,35418801,MeerKAT:array_1:20250715T135202Z,ex_ASASSN-V_J153302.82-333213.3,25,677.9615127444267,0.006111513411746101,11.088879,1,0.015625,0,0.0012622595333448684,shortlist
uhf_long,242226,35418814,MeerKAT:array_1:20250715T135202Z,ex_ASASSN-V_J153431.87-331118.1,30,677.9615137577057,-0.0040743422744974,12.030754,2,0.03125,0,0.0012676545570987083,shortlist
uhf_long,58209,4543187,MeerKAT:array_1:20250715T124827Z,ex_[VV2006]_J131904.7-021321,36,587.1293749213219,0.0835240166271967,45.92912,1,0.015625,0,0.001300825707829259,shortlist
uhf_long,125258,35005364,MeerKAT:array_1:20250715T124827Z,ex_[VV2006]_J131617.9-021856,12,660.8565654158592,0.081486845489948,33.034203,2,0.03125,0,0.0013081793647523713,shortlist
uhf_long,133418,35417927,MeerKAT:array_1:20250715T130947Z,ex_ASASSN-V_J161014.90-601619.7,59,677.9615634083748,-0.0733381609409532,16.709202,2,0.03125,0,0.001391323165220533,shortlist
uhf_long,10258,281228,MeerKAT:array_1:20250715T135202Z,ex_ASASSN-V_J153642.66-332458.7,36,550.2658668160439,-0.0631523052547097,10.098943,2,0.03125,0,0.0013943183365006185,shortlist
uhf_short,23819,1111509,MeerKAT:array_1:20250713T004830Z,Gaia_2682576482194684800,46,575.9988915920258,0.09411730654088994,22.734386,4,0.0625,-1,0.0014067172419448275,shortlist
uhf_long,31823,986337,MeerKAT:array_1:20250715T124827Z,ex_LBQS_1313-0138,11,562.5536535382271,0.055003620705714906,12.05946,1,0.015625,0,0.001423150765876705,shortlist
uhf_long,133999,35418745,MeerKAT:array_1:20250715T135202Z,ex_CRTS_J153537.6-331607,4,677.9615411162376,0.0651894763919584,14.423955,1,0.015625,0,0.0014268904611723827,shortlist
uhf_long,105074,33876755,MeerKAT:array_1:20250715T124827Z,ex_[VV2006]_J131618.7-022454,13,636.2808460593224,-0.05092927843121751,14.661668,2,0.03125,0,0.0014682384439751335,shortlist
uhf_long,134092,35418845,MeerKAT:array_1:20250715T135202Z,ex_2MASX_J15342271-3325592,43,677.9615127444267,0.038706251607725305,11.561525,4,0.0625,-1,0.0015326418421912765,shortlist
lband_short,5569,243597,MeerKAT:array_1:20250712T080758Z,Gaia_2323442827415662336,40,867.8885549455881,-0.08200608650924786,10.52817,1,0.015625,0,0.0015698996244245646,shortlist
uhf_long,10257,281226,MeerKAT:array_1:20250715T135202Z,ex_ASASSN-V_J153631.88-332216.1,35,550.2658394575119,0.012223026823492201,13.138332,1,0.015625,0,0.0015984428723262768,shortlist
uhf_long,133359,35417841,MeerKAT:array_1:20250715T130947Z,ex_V459_Nor,16,677.9615553021431,-0.081486845489948,12.376429,1,0.015625,0,0.0016144681789515075,shortlist
uhf_long,134665,35419900,MeerKAT:array_1:20250715T143518Z,Gaia_6272786923922098816,30,677.9615421295166,0.0468549361567201,11.427531,2,0.03125,0,0.0016168598306306777,shortlist
lband_long,112675,16147455,MeerKAT:array_1:20250702T203437Z,Gaia_6441016394860061184,9,960.1776139736176,-0.04539622646047649,11.112422,1,0.015625,0,0.0016414935760441756,shortlist
uhf_long,71268,11382358,MeerKAT:array_1:20250715T124827Z,ex_[VV2006]_J131712.9-014118,20,599.4172660112381,0.0366690804704766,35.887203,1,0.015625,0,0.0016456093530305878,shortlist
uhf_long,133333,35417809,MeerKAT:array_1:20250715T130947Z,J1611_6-6013,0,677.9615553021431,-0.06722664752920711,14.801055,3,0.046875,-1,0.001661148506703458,shortlist
lband_long,112661,16147437,MeerKAT:array_1:20250702T203437Z,Gaia_6440697635271979264,6,960.0050542205572,-0.10088050324550331,15.88754,1,0.015625,0,0.001666635893284065,shortlist
uhf_short,23702,1111255,MeerKAT:array_1:20250713T004830Z,Gaia_2682526072163015168,19,575.9988946318626,0.0427805938822227,24.03023,2,0.03125,0,0.0016749309036731056,shortlist
lband_long,112697,16147480,MeerKAT:array_1:20250702T203437Z,Gaia_6441063158463999232,14,960.1776044070721,0.0857484277586778,10.570798,2,0.03125,0,0.001685117412888601,shortlist
uhf_long,134672,35419908,MeerKAT:array_1:20250715T143518Z,Gaia_6272881516281594496,34,677.9615542888641,-0.0101858556862435,14.728408,1,0.015625,0,0.0016908509750623612,shortlist
uhf_long,133357,35417839,MeerKAT:array_1:20250715T130947Z,ex_CF_Nor,15,677.9615553021431,-0.06722664752920711,12.585793,3,0.046875,-1,0.0017247890618640263,shortlist
uhf_long,105476,33877465,MeerKAT:array_1:20250715T135202Z,ex_HD_138923,2,636.2808896303177,-0.0366690804704766,10.263888,1,0.015625,0,0.0017278969088598724,shortlist
uhf_long,133417,35417925,MeerKAT:array_1:20250715T130947Z,ex_ASASSN-V_J160945.20-601435.4,58,677.9615998864174,-0.0468549361567201,14.665599,1,0.015625,0,0.0017314388908651211,shortlist
uhf_long,105073,33876753,MeerKAT:array_1:20250715T124827Z,ex_[VV2006]_J131617.9-021856,12,636.2808511257172,-0.07741250321545061,17.416563,1,0.015625,0,0.0017600853428545837,shortlist
uhf_long,31815,986327,MeerKAT:array_1:20250715T124827Z,ex_[VV2006]_J131539.5-014850,6,562.5536687374115,0.07944967435269931,15.459525,1,0.015625,0,0.0018059697841672842,shortlist
uhf_long,134017,35418766,MeerKAT:array_1:20250715T135202Z,ex_Gaia_DR2_6014515417835108352,12,677.961557328701,-0.024446053646984402,10.966048,1,0.015625,0,0.001823745369640321,shortlist
lband_long,278245,35876480,MeerKAT:array_1:20240319T020710Z,Gaia_2531000901566280448,61,1626.0765139609575,-0.13618867938142945,29.644733,1,0.015625,0,0.0018309022906924863,shortlist
uhf_long,80211,28005728,MeerKAT:array_1:20250715T135202Z,ex_LEDA_674574,49,611.7051702737808,-0.055003620705714906,11.7351885,1,0.015625,0,0.0018501032550460276,shortlist
uhf_short,23770,1111404,MeerKAT:array_1:20250713T004830Z,Gaia_2682487005140593920,35,575.9988895654678,0.19679073185822443,23.88863,4,0.0625,-1,0.0018569692933586904,shortlist
uhf_long,133383,35417879,MeerKAT:array_1:20250715T130947Z,ex_ASASSN-V_J161325.20-594516.2,35,677.9615634083748,-0.0733381609409532,18.71952,2,0.03125,0,0.0018893335904770798,shortlist
uhf_long,134089,35418841,MeerKAT:array_1:20250715T135202Z,ex_LEDA_680986,41,677.9615532755852,0.0081486845489948,13.647515,2,0.03125,0,0.001892506423772211,shortlist
uhf_long,134401,35419431,MeerKAT:array_1:20250715T141354Z,Gaia_6210900808876843648,48,677.9614661335945,-0.0325947381959792,10.002097,1,0.015625,0,0.0018961642144057292,shortlist
uhf_long,134408,35419438,MeerKAT:array_1:20250715T141354Z,Gaia_6210727086038327424,55,677.9614630937576,0.022408882509735703,10.2025385,2,0.03125,0,0.001921108517677874,shortlist
lband_short,5601,243704,MeerKAT:array_1:20250712T080758Z,Gaia_2323470246486896512,59,867.8982139676809,-0.2870213027823675,19.74497,3,0.046875,-1,0.0019547448629533867,shortlist
uhf_long,133422,35417933,MeerKAT:array_1:20250715T130947Z,ex_ASASSN-V_J161102.00-601501.6,62,677.9615563154221,-0.0753753320782019,14.510848,2,0.03125,0,0.0019606162388765024,shortlist
uhf_long,134696,35419936,MeerKAT:array_1:20250715T143518Z,Gaia_6272812625006192256,48,677.9615502357483,0.0101858556862435,13.106496,2,0.03125,0,0.002021159955338796,shortlist
uhf_long,134639,35419870,MeerKAT:array_1:20250715T143518Z,ex_LEDA_789637,15,677.9615441560745,0.006111513411746101,12.482449,2,0.03125,0,0.002045229883704647,shortlist
uhf_long,134059,35418808,MeerKAT:array_1:20250715T135202Z,ex_ASASSN-V_J153339.64-330209.6,28,677.9615107178688,0.040743422744974,13.479808,4,0.0625,-1,0.0020606402582295817,shortlist
uhf_long,134032,35418781,MeerKAT:array_1:20250715T135202Z,ex_ASASSN-V_J153341.31-332716.6,18,677.9615107178688,0.044817765019471406,11.49446,3,0.046875,-1,0.0020635979716145192,shortlist
uhf_short,23785,1111434,MeerKAT:array_1:20250713T004830Z,Gaia_2682558129799800704,38,575.9988895654678,0.19679073185822443,23.804949,4,0.0625,-1,0.0020795270849773445,shortlist
uhf_long,8978,278738,MeerKAT:array_1:20250715T124827Z,ex_2dFGRS_TGN195Z209,44,550.2658171653748,0.0366690804704766,13.170244,2,0.03125,0,0.0020859171036431805,shortlist
lband_long,112704,16147490,MeerKAT:array_1:20250702T203437Z,Gaia_6440682761800997888,16,960.1776044070721,0.0857484277586778,10.538304,2,0.03125,0,0.0021095941046721622,shortlist
uhf_long,133392,35417891,MeerKAT:array_1:20250715T130947Z,ex_ASASSN-V_J160718.58-601229.2,41,677.9615553021431,-0.06722664752920711,14.74992,3,0.046875,-1,0.0021292758725144625,shortlist
lband_short,10130,391612,MeerKAT:array_1:20250731T041226Z,Gaia_2546822083616734592,40,868.0943568497896,-0.2255167379004316,10.647998,1,0.015625,0,0.0021329656232364595,shortlist
uhf_long,133408,35417911,MeerKAT:array_1:20250715T130947Z,ex_IRAS_16046-6024,51,677.9615634083748,-0.07944967435269931,12.790036,2,0.03125,0,0.0021669244046904775,shortlist
uhf_long,8991,278772,MeerKAT:array_1:20250715T124827Z,ex_2dFGRS_TGN261Z260,61,550.265810072422,0.0651894763919584,14.158922,2,0.03125,0,0.0021975621699138067,shortlist
uhf_short,75355,33715125,MeerKAT:array_1:20250706T001134Z,Gaia_2699254454384905472,44,634.9198046922684,0.24812744451689167,20.424986,1,0.015625,0,0.002200545975817239,shortlist
uhf_long,134645,35419878,MeerKAT:array_1:20250715T143518Z,ex_LEDA_786162,19,677.9615421295166,0.034631909333227906,14.426833,1,0.015625,0,0.002214623987535263,shortlist
uhf_long,133414,35417921,MeerKAT:array_1:20250715T130947Z,ex_AG_TrA,56,677.961557328701,-0.040743422744974,16.064745,1,0.015625,0,0.0022149366859604037,shortlist
uhf_long,134627,35419852,MeerKAT:array_1:20250715T143518Z,ex_EC_14190-2417,6,677.9615441560745,0.0325947381959792,13.317973,1,0.015625,0,0.002216660520581975,shortlist
uhf_short,23832,1111537,MeerKAT:array_1:20250713T004830Z,Gaia_2682594482402655616,49,575.9988915920258,0.09411730654088994,24.324787,4,0.0625,-1,0.0022277165016940377,shortlist
lband_long,112853,16147665,MeerKAT:array_1:20250702T203437Z,Gaia_6440705954624377600,51,960.1776060014963,0.04539622646047649,10.037077,3,0.046875,-1,0.002246595055896279,shortlist
uhf_long,134700,35419942,MeerKAT:array_1:20250715T143518Z,Gaia_6272523139914195584,51,677.9615461826324,0.0325947381959792,14.799118,1,0.015625,0,0.0022720089334407156,shortlist
lband_long,278238,35876180,MeerKAT:array_1:20240319T020710Z,Gaia_2543034678375189632,9,1626.0765075832605,0.16645283035508046,43.85093,1,0.015625,0,0.002295397932258801,shortlist
uhf_short,23631,1111104,MeerKAT:array_1:20250713T004830Z,ex_LEDA_1225072,3,575.998884499073,0.26523968206978077,23.201372,1,0.015625,0,0.0023251365111956785,shortlist
uhf_long,133399,35417899,MeerKAT:array_1:20250715T130947Z,ex_ASASSN-V_J160755.47-601702.5,45,677.9615532755852,-0.059077962980212305,12.3386755,1,0.015625,0,0.0023306069395124473,shortlist
uhf_long,133411,35417917,MeerKAT:array_1:20250715T130947Z,ex_ASASSN-V_J160919.52-603038.9,54,677.9615563154221,-0.0753753320782019,14.704887,2,0.03125,0,0.0023458364561157997,shortlist
uhf_long,134054,35418803,MeerKAT:array_1:20250715T135202Z,ex_ASASSN-V_J153331.85-331131.8,26,677.9615532755852,-0.05092927843121751,13.61229,4,0.0625,-1,0.002397948448698917,shortlist
uhf_long,134708,35419952,MeerKAT:array_1:20250715T143518Z,Gaia_6272706831371846144,56,677.9615482091904,0.024446053646984402,11.015501,1,0.015625,0,0.002398088768206873,shortlist
uhf_long,133349,35417829,MeerKAT:array_1:20250715T130947Z,ex_LX_Nor,10,677.9615532755852,-0.0713009898037045,19.666977,1,0.015625,0,0.002418561810058866,shortlist
uhf_long,125616,35006244,MeerKAT:array_1:20250715T135202Z,ex_ASASSN-V_J153302.82-333213.3,25,660.8566322922707,-0.0529664495684662,20.809977,1,0.015625,0,0.0024199459712095418,shortlist
uhf_long,134692,35419932,MeerKAT:array_1:20250715T143518Z,Gaia_6272819668752560768,46,677.9615421295166,0.044817765019471406,14.975431,3,0.046875,-1,0.0024204345097550563,shortlist
uhf_long,134662,35419896,MeerKAT:array_1:20250715T143518Z,Gaia_6272850661236613376,28,677.9615522623062,-0.0183345402352383,12.70483,2,0.03125,0,0.002464132389425101,shortlist
uhf_long,134656,35419890,MeerKAT:array_1:20250715T143518Z,ex_LEDA_787218,25,677.96155834198,-0.034631909333227906,13.751677,1,0.015625,0,0.002472473229172888,shortlist
uhf_long,242249,35419902,MeerKAT:array_1:20250715T143518Z,Gaia_6272845266757724032,31,677.9615502357483,-0.0040743422744974,13.5388565,4,0.0625,-1,0.002482502033970571,shortlist
uhf_long,133604,35418227,MeerKAT:array_1:20250715T133052Z,ex_CRTS_J151522.8-265306,20,677.9615157842636,0.0651894763919584,18.642527,1,0.015625,0,0.002482752223954039,shortlist
uhf_long,134683,35419922,MeerKAT:array_1:20250715T143518Z,Gaia_6272513725346571648,41,677.9615471959114,0.0162973690979896,14.011619,2,0.03125,0,0.002487407627727067,shortlist
uhf_long,134616,35419840,MeerKAT:array_1:20250715T143518Z,J1420_9-2431,0,677.9615532755852,-0.006111513411746101,13.352702,4,0.0625,-1,0.002498347590054071,shortlist
uhf_long,8993,278776,MeerKAT:array_1:20250715T124827Z,ex_2MASX_J13171155-0212040,63,550.2658171653748,-0.0651894763919584,22.810713,2,0.03125,0,0.002514281731188449,shortlist
uhf_short,75353,33714994,MeerKAT:array_1:20250706T001134Z,Gaia_2699626643366686336,28,634.9160748124123,-0.2994641571755589,23.38226,1,0.015625,0,0.0025587604553755313,shortlist
uhf_long,31863,986399,MeerKAT:array_1:20250715T124827Z,ex_LEDA_1109753,42,562.5536758303642,0.040743422744974,15.73986,1,0.015625,0,0.0025613338442324962,shortlist
uhf_long,133627,35418255,MeerKAT:array_1:20250715T133052Z,Gaia_6214291152980534656,34,677.961531996727,-0.0427805938822227,14.518182,1,0.015625,0,0.0025896460211763685,shortlist
uhf_short,15121,1035039,MeerKAT:array_1:20250730T204925Z,Gaia_2699058225919261568,19,563.9998883605003,-0.22245908818755805,17.18869,1,0.015625,0,0.002621618417518356,shortlist
uhf_long,134705,35419948,MeerKAT:array_1:20250715T143518Z,Gaia_6272732017060242432,54,677.9615431427956,0.05092927843121751,14.671235,1,0.015625,0,0.002780905597715058,shortlist
lband_short,4518,241227,MeerKAT:array_1:20250712T065251Z,Gaia_2322720139038568576,47,867.8792753964663,-0.3485258676643034,13.440581,2,0.03125,0,0.002795050805379989,shortlist
uhf_long,134713,35419958,MeerKAT:array_1:20250715T143518Z,Gaia_6272552453067390720,59,677.9615532755852,-0.006111513411746101,13.36661,4,0.0625,-1,0.0027967875080725495,shortlist
lband_short,28833,687637,MeerKAT:array_1:20250711T120252Z,Gaia_4814651230646919936,28,874.5501088798046,0.3690273892916154,10.27699,2,0.03125,0,0.002809281051615587,shortlist
uhf_long,8986,278762,MeerKAT:array_1:20250715T124827Z,ex_PGC1089638,56,550.265810072422,0.0651894763919584,14.39814,2,0.03125,0,0.002872856072231905,shortlist
uhf_long,134678,35419914,MeerKAT:array_1:20250715T143518Z,Gaia_6272555064407513984,37,677.9615441560745,0.05704079184296361,13.6054945,1,0.015625,0,0.002890648728413051,shortlist
lband_short,5565,243584,MeerKAT:array_1:20250712T080758Z,Gaia_2323546078429470080,38,867.7633240818977,-0.3075228244096795,10.650893,1,0.015625,0,0.002937607498324788,shortlist
lband_long,112654,16147427,MeerKAT:array_1:20250702T203437Z,Gaia_6440679531985571968,4,960.0050191432238,0.09079245292095298,16.578917,1,0.015625,0,0.0029528371375887453,shortlist
lband_long,112780,16147585,MeerKAT:array_1:20250702T203437Z,Gaia_6440690698900526336,35,960.1776283234358,-0.09583647808322814,10.511588,1,0.015625,0,0.0029937345679833176,shortlist
uhf_long,80189,28005692,MeerKAT:array_1:20250715T135202Z,ex_ASASSN-V_J153511.70-332719.0,31,611.7051814198494,-0.06722664752920711,15.400954,1,0.015625,0,0.0030131050127225278,shortlist
uhf_long,133019,35417211,MeerKAT:array_1:20250715T124827Z,ex_[VV2006]_J131709.6-020414,19,673.1444372534752,0.044817765019471406,11.249559,1,0.015625,0,0.003017751146356514,shortlist
lband_long,112831,16147642,MeerKAT:array_1:20250702T203437Z,Gaia_6440689869971379584,47,960.0050239264965,0.06557232710957715,17.39366,2,0.03125,0,0.0030204491989910564,shortlist
uhf_long,134643,35419876,MeerKAT:array_1:20250715T143518Z,ex_LEDA_794543,18,677.9615390896797,0.0713009898037045,13.142907,1,0.015625,0,0.003031511938814155,shortlist
lband_long,112889,16147705,MeerKAT:array_1:20250702T203437Z,Gaia_6441451973263491712,59,960.1775948405266,0.09583647808322814,10.548315,1,0.015625,0,0.003033771155340132,shortlist
lband_long,112765,16147562,MeerKAT:array_1:20250702T203437Z,Gaia_6440683689513934464,31,960.005020737648,0.06557232710957715,17.803371,4,0.0625,-1,0.0030433818717759114,shortlist
uhf_long,133600,35418221,MeerKAT:array_1:20250715T133052Z,ex_ASASSN-V_J151705.74-262026.7,17,677.9615188241005,0.038706251607725305,14.969549,3,0.046875,-1,0.0032156235463273643,shortlist
uhf_long,134654,35419888,MeerKAT:array_1:20250715T143518Z,ex_LEDA_787957,24,677.9615492224693,0.014260197960740902,14.749986,2,0.03125,0,0.0032290137649922264,shortlist
uhf_long,134670,35419906,MeerKAT:array_1:20250715T143518Z,Gaia_6272655704081277824,33,677.9615380764008,0.0631523052547097,12.486617,2,0.03125,0,0.0032378621103496797,shortlist
lband_short,5602,243705,MeerKAT:array_1:20250712T080758Z,Gaia_2323490003336459136,60,867.7536937594414,-0.38952891091892733,16.752918,1,0.015625,0,0.0032804752818100975,shortlist
lband_long,112904,16147725,MeerKAT:array_1:20250702T203437Z,Gaia_6441451114270038528,63,960.1775948405266,0.07566037743412748,10.379403,4,0.0625,-1,0.0033109219505085036,shortlist
uhf_long,134624,35419848,MeerKAT:array_1:20250715T143518Z,ex_CRTS_J142137.5-241524,4,677.9615522623062,-0.0081486845489948,12.686271,3,0.046875,-1,0.003374906297464555,shortlist
uhf_long,133582,35418197,MeerKAT:array_1:20250715T133052Z,ex_CRTS_J151640.6-261626,5,677.9615188241005,0.038706251607725305,16.702673,3,0.046875,-1,0.0033940817300153084,shortlist
lband_long,112807,16147613,MeerKAT:array_1:20250702T203437Z,Gaia_6441070855045397376,41,960.0206301510334,-0.03026415097365099,10.744458,3,0.046875,-1,0.003405945569726518,shortlist
lband_long,112662,16147440,MeerKAT:array_1:20250702T203437Z,Gaia_6440697635271979264,6,960.1776123791933,-0.035308176135926156,10.4190855,4,0.0625,-1,0.0034512775042591453,shortlist
uhf_long,8945,278664,MeerKAT:array_1:20250715T124827Z,ex_[VV2006]_J131540.1-020548,7,550.2658171653748,0.0366690804704766,14.045962,2,0.03125,0,0.003511272777606282,shortlist
uhf_long,125262,35005370,MeerKAT:array_1:20250715T124827Z,ex_[VV2006]_J131704.3-020048,18,660.8565735220909,-0.0733381609409532,16.507597,1,0.015625,0,0.003571808457401578,shortlist
uhf_short,23858,1111593,MeerKAT:array_1:20250713T004830Z,Gaia_2682583143688997632,55,575.9989138841629,-0.19679073185822443,24.481825,4,0.0625,-1,0.003587733448893725,shortlist
lband_short,5554,243527,MeerKAT:array_1:20250712T080758Z,Gaia_2323488182270328704,27,867.7633113265038,-0.16401217301849572,28.201414,3,0.046875,-1,0.0036157124176623857,shortlist
uhf_long,134703,35419946,MeerKAT:array_1:20250715T143518Z,Gaia_6272723358406036608,53,677.9615411162376,0.059077962980212305,13.272429,1,0.015625,0,0.003658906473126116,shortlist
uhf_long,134687,35419926,MeerKAT:array_1:20250715T143518Z,Gaia_6272820115429161728,43,677.9615411162376,0.0733381609409532,13.389831,1,0.015625,0,0.0036600690160268506,shortlist
uhf_long,134718,35419964,MeerKAT:array_1:20250715T143518Z,Gaia_6272863649217730304,62,677.9615431427956,0.040743422744974,15.64157,2,0.03125,0,0.003706826432606695,shortlist
uhf_long,133343,35417821,MeerKAT:array_1:20250715T130947Z,ex_1RXS_J161408.3-600823,6,677.9615512490273,-0.06722664752920711,16.133348,1,0.015625,0,0.003745811020425843,shortlist
lband_short,5598,243694,MeerKAT:array_1:20250712T080758Z,Gaia_2323473785539976320,58,867.8789437562227,-0.3690273892916154,13.926275,3,0.046875,-1,0.0038226636131655,shortlist
uhf_long,242250,35419918,MeerKAT:array_1:20250715T143518Z,Gaia_6272712913045569664,39,677.9615532755852,-0.0040743422744974,13.554218,3,0.046875,-1,0.003903217824816524,shortlist
uhf_long,10253,281210,MeerKAT:array_1:20250715T135202Z,ex_ASASSN-V_J153339.10-330721.1,27,550.2658678293228,-0.0651894763919584,16.022913,2,0.03125,0,0.003923399796907616,shortlist
uhf_short,23738,1111331,MeerKAT:array_1:20250713T004830Z,Gaia_2682576516554504320,27,575.9988895654678,0.19679073185822443,21.673702,4,0.0625,-1,0.003927834028369816,shortlist
uhf_short,75350,33714938,MeerKAT:array_1:20250706T001134Z,Gaia_2698949236829342336,21,635.0428805947304,0.1283417816466681,15.276958,1,0.015625,0,0.003938164684420227,shortlist
uhf_short,23866,1111611,MeerKAT:array_1:20250713T004830Z,Gaia_2682553804767393792,57,575.9988946318626,0.0427805938822227,22.971582,2,0.03125,0,0.003983785607738945,shortlist
uhf_long,134386,35419414,MeerKAT:array_1:20250715T141354Z,ex_ESO_448-15,31,677.9614651203156,-0.022408882509735703,10.083081,3,0.046875,-1,0.003997401206758083,shortlist
lband_long,278244,35876376,MeerKAT:array_1:20240319T020710Z,Gaia_2530994098337321088,42,1626.076510772109,0.17654088067963078,30.324888,1,0.015625,0,0.00399899975147639,shortlist
uhf_long,134622,35419846,MeerKAT:array_1:20250715T143518Z,ex_CRTS_J141833.3-243238,3,677.9615401029587,0.055003620705714906,15.191136,2,0.03125,0,0.0040158064737040615,shortlist
uhf_long,125263,35005371,MeerKAT:array_1:20250715T124827Z,ex_[VV2006]_J131709.6-020414,19,660.856570482254,-0.0631523052547097,18.35377,2,0.03125,0,0.004094312307252715,shortlist
uhf_long,133401,35417901,MeerKAT:array_1:20250715T130947Z,ex_ASASSN-V_J160806.97-600801.7,46,677.9615623950958,-0.06722664752920711,19.613476,1,0.015625,0,0.004115331439716182,shortlist
lband_long,112840,16147652,MeerKAT:array_1:20250702T203437Z,Gaia_6441010686848756096,49,960.005020737648,0.06557232710957715,16.702694,4,0.0625,-1,0.004165899634428326,shortlist
lband_long,560,1539,MeerKAT:array_1:20250701T083536Z,ex_SDSS_J010022.98+001122.0,39,867.8746228665113,-0.12105660389460396,13.495848,1,0.015625,0,0.004187826757623854,shortlist
uhf_long,134085,35418837,MeerKAT:array_1:20250715T135202Z,ex_CRTS_J153336.8-332037,39,677.9615502357483,-0.014260197960740902,12.247083,3,0.046875,-1,0.00428012750030787,shortlist
uhf_long,133380,35417871,MeerKAT:array_1:20250715T130947Z,ex_ASASSN-V_J160943.92-602617.9,31,677.9615512490273,0.034631909333227906,16.591383,1,0.015625,0,0.004312137565309754,shortlist
lband_short,5605,243710,MeerKAT:array_1:20250712T080758Z,Gaia_2323490003336459136,60,867.8982107788324,-0.1845136946458077,18.06889,2,0.03125,0,0.004338970284989467,shortlist
lband_short,4516,241194,MeerKAT:array_1:20250712T065251Z,Gaia_2323491343366278656,41,867.7601192891598,0.3587766284779594,24.862267,1,0.015625,0,0.004543428941945417,shortlist
lband_long,112834,16147645,MeerKAT:array_1:20250702T203437Z,Gaia_6440689869971379584,47,960.177623540163,-0.10088050324550331,11.545731,2,0.03125,0,0.004553240584593195,shortlist
lband_short,4520,241232,MeerKAT:array_1:20250712T065251Z,Gaia_2323498661990558848,48,867.8792769908905,-0.3485258676643034,10.126882,2,0.03125,0,0.004702302295430127,shortlist
uhf_long,133402,35417903,MeerKAT:array_1:20250715T130947Z,ex_ASASSN-V_J160824.98-603558.0,47,677.9615623950958,-0.07944967435269931,14.166418,2,0.03125,0,0.004724405031341967,shortlist
lband_long,112741,16147532,MeerKAT:array_1:20250702T203437Z,Gaia_6440697124171653632,25,960.0050239264965,0.06052830194730198,17.441107,2,0.03125,0,0.004760484877746205,shortlist
uhf_short,23889,1111659,MeerKAT:array_1:20250713T004830Z,Gaia_2682528653438876928,62,575.9988915920258,0.09411730654088994,24.84427,4,0.0625,-1,0.004812237896978285,shortlist
lband_short,5524,243434,MeerKAT:array_1:20250712T080758Z,Gaia_2323475950203470848,11,867.8982075899839,-0.26651978115505554,24.688671,2,0.03125,0,0.004876866569423748,shortlist
lband_long,112668,16147447,MeerKAT:array_1:20250702T203437Z,Gaia_6441460975514926080,8,960.0050287097692,-0.035308176135926156,13.849078,3,0.046875,-1,0.004950102148797321,shortlist
lband_long,112673,16147452,MeerKAT:array_1:20250702T203437Z,Gaia_6441016394860061184,9,960.0050303041935,-0.06557232710957715,16.689934,1,0.015625,0,0.004959530358601618,shortlist
lband_long,112864,16147677,MeerKAT:array_1:20250702T203437Z,Gaia_6441460288320161408,54,960.005020737648,0.06052830194730198,17.423449,4,0.0625,-1,0.005017756365501954,shortlist
lband_short,5555,243531,MeerKAT:array_1:20250712T080758Z,Gaia_2323488182270328704,27,867.8982107788324,-0.19476445545946366,15.6593275,4,0.0625,-1,0.005035419690257187,shortlist
uhf_short,15101,1035004,MeerKAT:array_1:20250730T204925Z,Gaia_2698995141440766848,11,563.9998924136162,-0.32513251350489253,17.13323,2,0.03125,0,0.005073812389378886,shortlist
uhf_long,134137,35418896,MeerKAT:array_1:20250715T135202Z,Gaia_6014524493102627456,62,677.9615532755852,-0.040743422744974,14.592342,2,0.03125,0,0.00507651171466512,shortlist
uhf_short,23880,1111640,MeerKAT:array_1:20250713T004830Z,Gaia_2682619530651384576,60,575.9989138841629,-0.19679073185822443,24.766207,4,0.0625,-1,0.005094009465982387,shortlist
lband_long,278243,35876356,MeerKAT:array_1:20240319T020710Z,Gaia_2531010586717352576,38,1626.0765139609575,0.05548427678502682,28.895329,1,0.015625,0,0.005123927887046538,shortlist
uhf_long,134649,35419882,MeerKAT:array_1:20250715T143518Z,ex_LEDA_786316,21,677.9615461826324,0.0264832247842331,12.861091,1,0.015625,0,0.005200233459627259,shortlist
lband_long,112773,16147575,MeerKAT:array_1:20250702T203437Z,Gaia_6440685849881991040,33,960.1776139736176,-0.05548427678502682,10.245356,3,0.046875,-1,0.005221807446504376,shortlist
uhf_long,134658,35419892,MeerKAT:array_1:20250715T143518Z,Gaia_6272611002061605120,26,677.9615512490273,0.006111513411746101,15.87905,3,0.046875,-1,0.0053493166821560086,shortlist
lband_short,5514,243411,MeerKAT:array_1:20250712T080758Z,Gaia_2323514879787014528,8,867.8789421617985,-0.3587766284779594,16.005486,3,0.046875,-1,0.005430496167409213,shortlist
lband_long,112873,16147687,MeerKAT:array_1:20250702T203437Z,Gaia_6441067419071562240,56,960.005027115345,0.04035220129820132,18.673485,4,0.0625,-1,0.005456802016578362,shortlist
lband_short,5544,243493,MeerKAT:array_1:20250712T080758Z,Gaia_2323445610554475648,21,867.7536108493805,0.3690273892916154,10.871438,1,0.015625,0,0.005552622446473831,shortlist
uhf_long,134685,35419924,MeerKAT:array_1:20250715T143518Z,Gaia_6272829044664842496,42,677.9615492224693,0.012223026823492201,12.147857,4,0.0625,-1,0.005564380831738069,shortlist
uhf_long,134689,35419928,MeerKAT:array_1:20250715T143518Z,Gaia_6272609421513627776,44,677.9615482091904,0.020371711372487,15.80787,2,0.03125,0,0.005629646436218162,shortlist
lband_long,112776,16147578,MeerKAT:array_1:20250702T203437Z,Gaia_6440705714106201344,34,960.0206173956394,0.1160125787323288,11.1513195,1,0.015625,0,0.00564744916403796,shortlist
uhf_long,134080,35418832,MeerKAT:array_1:20250715T135202Z,ex_CRTS_J153145.8-330555,37,677.9615532755852,0.0081486845489948,11.313799,2,0.03125,0,0.0056994055887988684,shortlist
uhf_long,133404,35417907,MeerKAT:array_1:20250715T130947Z,ex_ASASSN-V_J160833.42-603822.4,49,677.9615461826324,0.05704079184296361,14.128158,1,0.015625,0,0.005766803283061943,shortlist
uhf_long,134049,35418798,MeerKAT:array_1:20250715T135202Z,ex_ASASSN-V_J153249.85-325503.6,24,677.9615471959114,0.0264832247842331,12.671268,1,0.015625,0,0.005888990638218926,shortlist
lband_long,112640,16147412,MeerKAT:array_1:20250702T203437Z,Gaia_6441014711232887936,1,960.0050478428602,-0.1160125787323288,15.768514,1,0.015625,0,0.00591643143350844,shortlist
uhf_short,23619,1111076,MeerKAT:array_1:20250713T004830Z,J2212+0152,0,575.9988915920258,0.09411730654088994,16.134684,4,0.0625,-1,0.005946667384873683,shortlist
uhf_long,242242,35419850,MeerKAT:array_1:20250715T143518Z,ex_CRTS_J142054.6-244720,5,677.9615502357483,-0.0040743422744974,15.148528,4,0.0625,-1,0.00597197822525097,shortlist
uhf_long,31852,986381,MeerKAT:array_1:20250715T124827Z,ex_[VV2006]_J131831.2-020908,33,562.553680896759,0.0325947381959792,13.391806,1,0.015625,0,0.005999026873085885,shortlist
uhf_long,133396,35417895,MeerKAT:array_1:20250715T130947Z,ex_ASASSN-V_J160742.23-602449.4,43,677.9615532755852,-0.0468549361567201,14.0783,1,0.015625,0,0.006096381367608254,shortlist
lband_long,112865,16147678,MeerKAT:array_1:20250702T203437Z,Gaia_6441460288320161408,54,960.0206189900637,0.14123270454370462,10.763877,1,0.015625,0,0.006149519686216578,shortlist
lband_long,112692,16147475,MeerKAT:array_1:20250702T203437Z,Gaia_6440696196458731264,13,960.1776107847691,0.05548427678502682,10.672976,2,0.03125,0,0.006192968296375474,shortlist
lband_long,112785,16147590,MeerKAT:array_1:20250702T203437Z,Gaia_6440687808385485568,36,960.1776123791933,-0.035308176135926156,11.016711,4,0.0625,-1,0.006240002085066355,shortlist
lband_short,4509,241092,MeerKAT:array_1:20250712T065251Z,Gaia_2323522988685265664,21,867.8792769908905,0.07175532569559187,10.87976,1,0.015625,0,0.006409209357677077,shortlist
lband_long,9867,259404,MeerKAT:array_1:20250714T053348Z,Gaia_4669703849707801344,11,868.1633762866259,-0.1160125787323288,33.832973,1,0.015625,0,0.0065387239224943714,shortlist
lband_long,112677,16147457,MeerKAT:array_1:20250702T203437Z,Gaia_6441449739880510080,10,960.005039870739,-0.04539622646047649,16.691551,1,0.015625,0,0.006562010212743945,shortlist
lband_long,112821,16147628,MeerKAT:array_1:20250702T203437Z,Gaia_6440688980913616256,44,960.0206285566092,0.07061635227185231,10.484156,2,0.03125,0,0.006712606574296717,shortlist
uhf_long,133353,35417835,MeerKAT:array_1:20250715T130947Z,ex_BY_Nor,13,677.9615401029587,0.038706251607725305,13.621644,1,0.015625,0,0.006726069079073457,shortlist
lband_long,112664,16147442,MeerKAT:array_1:20250702T203437Z,Gaia_6441457333382702848,7,960.005020737648,0.02017610064910066,15.659098,1,0.015625,0,0.006830331500300816,shortlist
lband_long,112874,16147690,MeerKAT:array_1:20250702T203437Z,Gaia_6441067419071562240,56,960.1775948405266,0.07061635227185231,10.177582,4,0.0625,-1,0.006903495618020933,shortlist
lband_long,112826,16147635,MeerKAT:array_1:20250702T203437Z,Gaia_6440709493677449344,45,960.1775932461023,0.04035220129820132,10.279261,2,0.03125,0,0.006949562610951965,shortlist
uhf_long,242244,35419856,MeerKAT:array_1:20250715T143518Z,ex_CRTS_J142054.4-242330,8,677.9615512490273,0.0040743422744974,12.629081,3,0.046875,-1,0.006998321903277257,shortlist
uhf_long,133644,35418277,MeerKAT:array_1:20250715T133052Z,Gaia_6214260091777145984,45,677.9615188241005,0.0366690804704766,16.47831,3,0.046875,-1,0.007064486029646192,shortlist
uhf_long,105856,33877964,MeerKAT:array_1:20250715T141354Z,ex_ASASSN-V_J151310.06-311615.3,19,636.2808460593224,0.0713009898037045,10.89347,2,0.03125,0,0.007209293781621923,shortlist
lband_long,112683,16147463,MeerKAT:array_1:20250702T203437Z,Gaia_6441475887641404672,11,960.0206397175789,-0.015132075486825495,10.672802,4,0.0625,-1,0.007229442626490108,shortlist
uhf_long,133369,35417855,MeerKAT:array_1:20250715T130947Z,ex_UCAC4_149-179913,23,677.9615927934647,0.0162973690979896,12.117579,1,0.015625,0,0.007275020094558747,shortlist
lband_long,112686,16147467,MeerKAT:array_1:20250702T203437Z,Gaia_6440631084754464768,12,960.0050446540117,-0.10592452840777847,15.370531,1,0.015625,0,0.007282303768995403,shortlist
uhf_long,72336,11384234,MeerKAT:array_1:20250715T135202Z,ex_ASASSN-V_J153631.88-332216.1,35,599.4172862768173,0.022408882509735703,23.118706,1,0.015625,0,0.0074396766237889225,shortlist
uhf_long,71272,11382368,MeerKAT:array_1:20250715T124827Z,ex_LBQS_1314-0216,25,599.4172579050064,0.06926381866645581,53.445015,3,0.046875,-1,0.0074926074606801365,shortlist
lband_short,5608,243724,MeerKAT:array_1:20250712T080758Z,Gaia_2323496840924417792,63,867.8982075899839,-0.2357674987140876,12.41215,4,0.0625,-1,0.007527277113967572,shortlist
lband_long,112687,16147468,MeerKAT:array_1:20250702T203437Z,Gaia_6440631084754464768,12,960.0206397175789,-0.07566037743412748,10.565159,1,0.015625,0,0.007765180728240958,shortlist
lband_short,5508,243395,MeerKAT:array_1:20250712T080758Z,ex_2dFGRS_TGS138Z224,6,867.7729639708996,-0.2460182595277436,21.336035,1,0.015625,0,0.007773086917758448,shortlist
uhf_long,134618,35419842,MeerKAT:array_1:20250715T143518Z,ex_3FGL_J1421.0-2431,1,677.9615553021431,-0.0529664495684662,16.060358,1,0.015625,0,0.007827990782849894,shortlist
lband_long,112882,16147698,MeerKAT:array_1:20250702T203437Z,Gaia_6441459601125402880,58,960.0206269621849,0.05548427678502682,10.083517,4,0.0625,-1,0.00789424010063773,shortlist
lband_short,5518,243421,MeerKAT:array_1:20250712T080758Z,Gaia_2323477839989102720,10,867.7536650598049,-0.16401217301849572,17.374111,2,0.03125,0,0.00793813575107616,shortlist
lband_long,112702,16147488,MeerKAT:array_1:20250702T203437Z,Gaia_6440682761800997888,16,960.0206317454576,0.03026415097365099,12.439684,4,0.0625,-1,0.007966202335337177,shortlist
lband_long,112793,16147598,MeerKAT:array_1:20250702T203437Z,Gaia_6440677401681817856,38,960.0206285566092,0.035308176135926156,11.263083,4,0.0625,-1,0.007994733978638638,shortlist
lband_long,112871,16147685,MeerKAT:array_1:20250702T203437Z,Gaia_6441455782899016448,55,960.1775948405266,0.07061635227185231,10.007351,4,0.0625,-1,0.00801944831826275,shortlist
lband_long,112758,16147552,MeerKAT:array_1:20250702T203437Z,Gaia_6441067865748168064,29,960.0050303041935,-0.03026415097365099,16.778702,3,0.046875,-1,0.008035558357677832,shortlist
uhf_long,10260,281234,MeerKAT:array_1:20250715T135202Z,ex_CRTS_J153336.8-332037,39,550.2658668160439,-0.059077962980212305,11.595922,2,0.03125,0,0.008036426399362192,shortlist
lband_short,5567,243593,MeerKAT:array_1:20250712T080758Z,Gaia_2323474988130797312,39,867.8982107788324,-0.16401217301849572,25.171968,1,0.015625,0,0.008113284507658513,shortlist
uhf_long,80163,28005648,MeerKAT:array_1:20250715T135202Z,ex_CRTS_J153458.5-331931,9,611.7051804065704,-0.030557567058730504,18.790855,1,0.015625,0,0.008116564271480253,shortlist
lband_long,112646,16147418,MeerKAT:array_1:20250702T203437Z,Gaia_6440679085308975744,2,960.0206142067909,0.1311446542191543,10.969724,1,0.015625,0,0.008188670743339496,shortlist
lband_long,112701,16147487,MeerKAT:array_1:20250702T203437Z,Gaia_6440682761800997888,16,960.0050239264965,0.02017610064910066,16.37334,1,0.015625,0,0.008228174089201281,shortlist
lband_long,112828,16147637,MeerKAT:array_1:20250702T203437Z,Gaia_6440697021092449152,46,960.0050430595875,-0.03026415097365099,14.782004,3,0.046875,-1,0.008310071564522332,shortlist
uhf_long,59510,4545356,MeerKAT:array_1:20250715T141354Z,Gaia_6210673003810108544,62,587.1294002532959,0.0264832247842331,10.871469,1,0.015625,0,0.00833509952481367,shortlist
uhf_long,134046,35418795,MeerKAT:array_1:20250715T135202Z,ex_ASASSN-V_J153224.56-325629.5,23,677.9615107178688,0.040743422744974,12.673316,4,0.0625,-1,0.008400640992774894,shortlist
lband_long,559,1459,MeerKAT:array_1:20250701T083536Z,ex_LBQS_0056-0009,17,867.8925984054804,-0.20680503165328176,11.21247,2,0.03125,0,0.008538704518956197,shortlist
lband_long,558,1396,MeerKAT:array_1:20250701T083536Z,J0059+0006,0,867.8925984054804,-0.20680503165328176,11.207839,2,0.03125,0,0.008538704518956197,shortlist
lband_long,112851,16147663,MeerKAT:array_1:20250702T203437Z,Gaia_6440705954624377600,51,960.0206269621849,0.04035220129820132,11.163462,3,0.046875,-1,0.008603364493483878,shortlist
uhf_long,133607,35418231,MeerKAT:array_1:20250715T133052Z,ex_LEDA_761943,22,677.9615238904953,0.0264832247842331,15.2937355,1,0.015625,0,0.00871805149292921,shortlist
uhf_long,10247,281174,MeerKAT:array_1:20250715T135202Z,ex_CRTS_J153458.5-331931,9,550.2658546566963,-0.0427805938822227,11.509768,1,0.015625,0,0.008720840331114433,shortlist
uhf_long,242252,35419930,MeerKAT:array_1:20250715T143518Z,Gaia_6272623917026891648,45,677.9615441560745,0.0040743422744974,16.746185,2,0.03125,0,0.008931491059747235,shortlist
lband_long,112750,16147543,MeerKAT:array_1:20250702T203437Z,Gaia_6441069167122610304,27,960.0206285566092,0.04539622646047649,11.1463,4,0.0625,-1,0.008952367086778634,shortlist
lband_short,5536,243464,MeerKAT:array_1:20250712T080758Z,Gaia_2323478900845422208,16,867.7633161097765,-0.19476445545946366,10.406801,4,0.0625,-1,0.009087752707294894,shortlist
lband_short,440143,244405,MeerKAT:array_1:20250712T084022Z,Gaia_2323448428053016448,9,867.8867755681276,0.010250760813655982,13.172204,1,0.015625,0,0.009180016271901162,shortlist
uhf_long,134637,35419868,MeerKAT:array_1:20250715T143518Z,ex_LEDA_784619,14,677.9615482091904,0.0101858556862435,16.078812,4,0.0625,-1,0.009242718258746419,shortlist
lband_long,112901,16147722,MeerKAT:array_1:20250702T203437Z,Gaia_6441451114270038528,63,960.005027115345,0.04539622646047649,15.63994,4,0.0625,-1,0.009363908008091398,shortlist
uhf_short,15095,1034990,MeerKAT:array_1:20250730T204925Z,Gaia_2698990747688857856,8,563.9998843073845,-0.13689790042311265,16.357567,2,0.03125,0,0.009415773887357733,shortlist
lband_long,9866,259399,MeerKAT:array_1:20250714T053348Z,Gaia_4669722541405576448,9,868.1513304114342,0.19671698132873144,54.080048,1,0.015625,0,0.009473293712413615,shortlist
uhf_short,27948,1119564,MeerKAT:array_1:20250713T183111Z,Gaia_1315924863635757568,24,576.0000680088997,-0.30802027595200343,20.639568,2,0.03125,0,0.009513232226489905,shortlist
lband_short,10391,392708,MeerKAT:array_1:20250731T051744Z,ex_2XMMi_J002209.9+001629,8,868.1809835135937,-0.32802434603699143,68.55558,1,0.015625,0,0.009520375211116395,shortlist
uhf_long,133364,35417847,MeerKAT:array_1:20250715T130947Z,ex_LZ_Nor,19,677.9615542888641,-0.0183345402352383,19.484945,4,0.0625,-1,0.009559603285798813,shortlist
lband_long,112706,16147492,MeerKAT:array_1:20250702T203437Z,Gaia_6440696608775590528,17,960.005027115345,0.04035220129820132,16.296204,4,0.0625,-1,0.009600706723530548,shortlist
uhf_long,134068,35418819,MeerKAT:array_1:20250715T135202Z,ex_ASASSN-V_J153513.42-332316.8,32,677.9615512490273,-0.0162973690979896,14.795295,4,0.0625,-1,0.00971709399243336,shortlist
lband_long,112742,16147533,MeerKAT:array_1:20250702T203437Z,Gaia_6440697124171653632,25,960.0206301510334,0.02017610064910066,11.473481,2,0.03125,0,0.00983206377816123,shortlist
lband_long,112887,16147703,MeerKAT:array_1:20250702T203437Z,Gaia_6441451973263491712,59,960.0206476897001,-0.05548427678502682,11.3858185,1,0.015625,0,0.00990499006764011,shortlist
lband_long,112832,16147643,MeerKAT:array_1:20250702T203437Z,Gaia_6440689869971379584,47,960.0206189900637,0.09079245292095298,11.697196,1,0.015625,0,0.009963395577314136,shortlist
uhf_short,23635,1111113,MeerKAT:array_1:20250713T004830Z,ex_2MASX_J22115125+0119578,4,575.9988784193993,0.30802027595200343,23.61666,2,0.03125,0,0.009967156966458939,shortlist
uhf_short,12869,755826,MeerKAT:array_1:20250721T223354Z,Gaia_2682471616273135488,31,559.2501776814461,0.13689790042311265,19.409294,1,0.015625,0,0.010094479096177746,shortlist
lband_short,10390,392690,MeerKAT:array_1:20250731T051744Z,ex_SN_2006pe,3,868.1749565899372,-0.0615045648819359,135.38292,1,0.015625,0,0.010155961516595995,shortlist
lband_long,112716,16147503,MeerKAT:array_1:20250702T203437Z,Gaia_6441453794329653376,19,960.0206301510334,0.02017610064910066,11.651716,2,0.03125,0,0.010169971357157182,shortlist
lband_long,112759,16147553,MeerKAT:array_1:20250702T203437Z,Gaia_6441067865748168064,29,960.0206381231546,-0.03026415097365099,10.857331,2,0.03125,0,0.01017665811565876,shortlist
uhf_long,133375,35417865,MeerKAT:array_1:20250715T130947Z,ex_Gaia_DR2_5831450996752094208,28,677.9615542888641,-0.0183345402352383,20.111334,4,0.0625,-1,0.01024285742300767,shortlist
uhf_long,133590,35418205,MeerKAT:array_1:20250715T133052Z,ex_ASASSN-V_J151621.88-264940.6,9,677.9615340232849,-0.0713009898037045,15.062831,1,0.015625,0,0.010245624673475583,shortlist
uhf_long,134022,35418771,MeerKAT:array_1:20250715T135202Z,ex_Gaia_DR2_6014481607850620928,14,677.9615553021431,-0.0651894763919584,14.537041,3,0.046875,-1,0.010365281006398847,shortlist
lband_long,112825,16147633,MeerKAT:array_1:20250702T203437Z,Gaia_6440709493677449344,45,960.0206413120031,-0.025220125811375827,10.357649,3,0.046875,-1,0.010555501506155545,shortlist
lband_long,112651,16147423,MeerKAT:array_1:20250702T203437Z,Gaia_6441084392782329344,3,960.0206381231546,-0.035308176135926156,11.277979,2,0.03125,0,0.010569666735976957,shortlist
uhf_long,133339,35417817,MeerKAT:array_1:20250715T130947Z,ex_ASASSN-V_J161357.92-603200.9,4,677.9615482091904,0.05092927843121751,13.194085,1,0.015625,0,0.010604382938586355,shortlist
uhf_short,15152,1035100,MeerKAT:array_1:20250730T204925Z,Gaia_2698951680666304000,32,563.9998924136162,-0.2139029694111135,15.436911,1,0.015625,0,0.010841751356225575,shortlist
uhf_long,134377,35419403,MeerKAT:array_1:20250715T141354Z,ex_ASASSN-V_J151044.76-310750.3,20,677.9614772796631,-0.081486845489948,10.621978,1,0.015625,0,0.010893101301070842,shortlist
lband_long,112650,16147422,MeerKAT:array_1:20250702T203437Z,Gaia_6441084392782329344,3,960.005027115345,0.05548427678502682,16.048788,3,0.046875,-1,0.010975333421185677,shortlist
lband_long,112841,16147653,MeerKAT:array_1:20250702T203437Z,Gaia_6441010686848756096,49,960.0206317454576,0.03026415097365099,11.843744,4,0.0625,-1,0.011010594034347947,shortlist
lband_long,112856,16147668,MeerKAT:array_1:20250702T203437Z,Gaia_6440636341794408448,52,960.0206205844879,0.07566037743412748,10.625671,2,0.03125,0,0.011372834945191762,shortlist
lband_long,112796,16147602,MeerKAT:array_1:20250702T203437Z,Gaia_6440702690449243520,39,960.005020737648,0.06052830194730198,16.451645,4,0.0625,-1,0.011406159084446116,shortlist
uhf_long,133574,35418187,MeerKAT:array_1:20250715T133052Z,J1516_4-2640,0,677.9615299701691,-0.0264832247842331,14.992801,4,0.0625,-1,0.01141767954470307,shortlist
lband_long,112694,16147477,MeerKAT:array_1:20250702T203437Z,Gaia_6441063158463999232,14,960.0050382763147,-0.035308176135926156,16.259283,1,0.015625,0,0.011522416528237022,shortlist
lband_long,112802,16147608,MeerKAT:array_1:20250702T203437Z,Gaia_6441084495861544320,40,960.0206205844879,0.07566037743412748,10.565583,2,0.03125,0,0.011623589688611534,shortlist
uhf_long,133576,35418189,MeerKAT:array_1:20250715T133052Z,ex_4FGL_J1516.4-2640,1,677.9615299701691,-0.024446053646984402,15.906765,3,0.046875,-1,0.011688869354602583,shortlist
lband_long,112733,16147522,MeerKAT:array_1:20250702T203437Z,Gaia_6440693413319921408,23,960.0015624314547,0.02017610064910066,14.2016535,1,0.015625,0,0.011737192678869466,shortlist
lband_long,112715,16147502,MeerKAT:array_1:20250702T203437Z,Gaia_6441453794329653376,19,960.0050414651632,-0.025220125811375827,16.136333,4,0.0625,-1,0.011796150543802657,shortlist
lband_long,112886,16147702,MeerKAT:array_1:20250702T203437Z,Gaia_6441451973263491712,59,960.005027115345,0.05548427678502682,16.389685,3,0.046875,-1,0.012023753856138476,shortlist
uhf_long,31841,986367,MeerKAT:array_1:20250715T124827Z,ex_[VV2006]_J131735.5-021504,26,562.5536738038063,-0.0427805938822227,11.895785,3,0.046875,-1,0.012131402767257628,shortlist
lband_long,112729,16147517,MeerKAT:array_1:20250702T203437Z,Gaia_6441083495132551936,22,960.0050287097692,0.06052830194730198,16.189053,3,0.046875,-1,0.012205616862134313,shortlist
uhf_short,23823,1111518,MeerKAT:array_1:20250713T004830Z,Gaia_2682522743563950720,47,575.9988895654678,0.19679073185822443,22.772905,4,0.0625,-1,0.012377480057551364,shortlist
lband_short,5499,243373,MeerKAT:array_1:20250712T080758Z,ex_2MASX_J00253041-2600396,2,867.878945350647,-0.33827510685064743,21.335241,3,0.046875,-1,0.012507338993316698,shortlist
uhf_long,134102,35418859,MeerKAT:array_1:20250715T135202Z,ex_LEDA_674574,49,677.9615127444267,0.0366690804704766,11.635444,4,0.0625,-1,0.012512288017380281,shortlist
uhf_long,134006,35418753,MeerKAT:array_1:20250715T135202Z,ex_CRTS_J153300.0-332545,7,677.9615127444267,0.038706251607725305,11.280026,4,0.0625,-1,0.012590824922176497,shortlist
uhf_long,31826,986345,MeerKAT:array_1:20250715T124827Z,ex_[VV2006]_J131627.2-021904,15,562.5536515116692,0.0835240166271967,16.473846,4,0.0625,-1,0.012798637128730344,shortlist
uhf_long,133366,35417851,MeerKAT:array_1:20250715T130947Z,ex_Gaia_DR3_5832981929253923840,21,677.9615512490273,-0.0101858556862435,15.755137,3,0.046875,-1,0.012973959610786385,shortlist
lband_long,112820,16147627,MeerKAT:array_1:20250702T203437Z,Gaia_6440688980913616256,44,960.0050303041935,0.035308176135926156,16.965706,2,0.03125,0,0.013097397273127328,shortlist
lband_short,5936,244488,MeerKAT:array_1:20250712T084022Z,Gaia_2323463580697634048,31,867.8963963240385,-0.04100304325462393,15.427666,1,0.015625,0,0.013263531775593003,shortlist
uhf_long,133610,35418235,MeerKAT:array_1:20250715T133052Z,ex_LEDA_766727,24,677.9615238904953,0.0101858556862435,14.80932,1,0.015625,0,0.013339287075912901,shortlist
lband_long,112846,16147658,MeerKAT:array_1:20250702T203437Z,Gaia_6441464853868863488,50,960.0206253677607,0.05548427678502682,10.610879,4,0.0625,-1,0.013345913446779403,shortlist
lband_short,5570,243599,MeerKAT:array_1:20250712T080758Z,Gaia_2323542779894588160,41,867.7536666542292,-0.15376141220483974,16.394133,2,0.03125,0,0.013417420966792958,shortlist
lband_long,2690,19251,MeerKAT:array_1:20250703T155221Z,Gaia_6440634967404865024,57,868.066543713212,-0.04539622646047649,17.545343,1,0.015625,0,0.013526791111026476,shortlist
uhf_long,134108,35418865,MeerKAT:array_1:20250715T135202Z,ex_LEDA_682725,51,677.9615127444267,0.0366690804704766,11.716733,4,0.0625,-1,0.01354228812175926,shortlist
uhf_long,133616,35418243,MeerKAT:array_1:20250715T133052Z,Gaia_6214189379435398016,28,677.9615178108215,0.044817765019471406,16.512508,1,0.015625,0,0.013589178697311516,shortlist
lband_long,112770,16147568,MeerKAT:array_1:20250702T203437Z,Gaia_6440691725395639040,32,960.0206524729729,-0.09079245292095298,11.005365,1,0.015625,0,0.013640616369475661,shortlist
lband_long,112730,16147518,MeerKAT:array_1:20250702T203437Z,Gaia_6441083495132551936,22,960.0206253677607,0.09583647808322814,10.591251,1,0.015625,0,0.013644579686018182,shortlist
uhf_long,125276,35005388,MeerKAT:array_1:20250715T124827Z,ex_[VV2006]_J131904.7-021321,36,660.856570482254,0.07741250321545061,32.593845,4,0.0625,-1,0.013705772730575633,shortlist
lband_long,112690,16147473,MeerKAT:array_1:20250702T203437Z,Gaia_6440696196458731264,13,960.0206333398819,0.02017610064910066,11.621999,2,0.03125,0,0.014413900025769644,shortlist
lband_long,112749,16147542,MeerKAT:array_1:20250702T203437Z,Gaia_6441069167122610304,27,960.005027115345,0.07566037743412748,15.89957,1,0.015625,0,0.014435650745641732,shortlist
lband_long,112711,16147498,MeerKAT:array_1:20250702T203437Z,Gaia_6441460288320161792,18,960.0206333398819,-0.0857484277586778,11.212894,1,0.015625,0,0.014596317392182145,shortlist
lband_short,5935,244414,MeerKAT:array_1:20250712T084022Z,Gaia_2323445026438942592,12,867.8868186175823,-0.4202811933598953,13.199166,1,0.015625,0,0.01473301598743239,shortlist
lband_long,112788,16147593,MeerKAT:array_1:20250702T203437Z,Gaia_6440699013957288960,37,960.0206237733364,0.0857484277586778,10.12831,1,0.015625,0,0.01477332567432002,shortlist
uhf_short,91169,35052249,MeerKAT:array_1:20250721T223354Z,Gaia_2682520677684092928,59,655.2761514186859,0.16256625675244626,18.476263,1,0.015625,0,0.01491044866350777,shortlist
lband_long,112658,16147432,MeerKAT:array_1:20250702T203437Z,Gaia_6441451973263764352,5,960.0050318986177,0.03026415097365099,17.215181,2,0.03125,0,0.014945082540455124,shortlist
lband_short,5547,243506,MeerKAT:array_1:20250712T080758Z,Gaia_2323543054772496512,23,867.8885932117701,-0.39977967173258333,18.567379,1,0.015625,0,0.01504070055453452,shortlist
uhf_long,242228,35418855,MeerKAT:array_1:20250715T135202Z,ex_LEDA_679077,47,677.9615532755852,0.0040743422744974,14.757319,4,0.0625,-1,0.015096238160763614,shortlist
uhf_long,242255,35419944,MeerKAT:array_1:20250715T143518Z,Gaia_6272832068321816064,52,677.9615512490273,0.0040743422744974,15.59769,3,0.046875,-1,0.015984526348547117,shortlist
uhf_long,134035,35418784,MeerKAT:array_1:20250715T135202Z,ex_CRTS_J153443.6-330420,19,677.9615553021431,-0.06722664752920711,12.737743,3,0.046875,-1,0.015987546060267793,shortlist
lband_long,112678,16147458,MeerKAT:array_1:20250702T203437Z,Gaia_6441449739880510080,10,960.0206445008516,-0.07566037743412748,11.056213,1,0.015625,0,0.0160034527986084,shortlist
lband_long,112782,16147587,MeerKAT:array_1:20250702T203437Z,Gaia_6440687808385485568,36,960.0050303041935,-0.03026415097365099,17.441679,3,0.046875,-1,0.016224836067513175,shortlist
uhf_long,79480,23567530,MeerKAT:array_1:20250710T060816Z,J0737-3039A,0,605.2497361898422,-0.07944967435269931,107.01006,1,0.015625,0,0.016436066981031793,shortlist
uhf_long,133406,35417909,MeerKAT:array_1:20250715T130947Z,ex_ASASSN-V_J160851.42-600531.8,50,677.9615512490273,-0.0081486845489948,15.274002,3,0.046875,-1,0.01666174620044013,shortlist
uhf_long,134041,35418790,MeerKAT:array_1:20250715T135202Z,ex_ASASSN-V_J153200.27-331814.3,21,677.9615502357483,-0.012223026823492201,12.90388,3,0.046875,-1,0.016733178047295117,shortlist
uhf_short,23670,1111188,MeerKAT:array_1:20250713T004830Z,Gaia_2682543874802993152,12,575.9989138841629,-0.19679073185822443,23.84018,4,0.0625,-1,0.01701675503130311,shortlist
lband_long,112891,16147707,MeerKAT:array_1:20250702T203437Z,Gaia_6441465236122768128,60,960.0050414651632,-0.025220125811375827,17.041534,4,0.0625,-1,0.017208849270644318,shortlist
lband_long,112682,16147462,MeerKAT:array_1:20250702T203437Z,Gaia_6441475887641404672,11,960.005027115345,0.04035220129820132,14.95844,4,0.0625,-1,0.017898257760751504,shortlist
uhf_long,133650,35418283,MeerKAT:array_1:20250715T133052Z,Gaia_6214377842600673024,48,677.9615299701691,-0.024446053646984402,15.03799,3,0.046875,-1,0.017999715818402807,shortlist
uhf_long,133337,35417813,MeerKAT:array_1:20250715T130947Z,ex_4FGL_J1611.6-6013,2,677.9615512490273,-0.0081486845489948,15.919116,3,0.046875,-1,0.018026219293182728,shortlist
uhf_long,105510,33877516,MeerKAT:array_1:20250715T135202Z,ex_CRTS_J153443.6-330420,19,636.280882537365,-0.012223026823492201,10.497,1,0.015625,0,0.018279722316788097,shortlist
lband_long,112877,16147693,MeerKAT:array_1:20250702T203437Z,Gaia_6440630672437607680,57,960.0206397175789,-0.015132075486825495,11.993298,4,0.0625,-1,0.018378575787466746,shortlist
uhf_short,23862,1111602,MeerKAT:array_1:20250713T004830Z,Gaia_2682575348323311360,56,575.9988784193993,0.30802027595200343,26.222897,2,0.03125,0,0.019199198389922425,shortlist
lband_short,18245,437685,MeerKAT:array_1:20250708T092055Z,Gaia_2973618962415819648,36,873.3251956403255,0.14351065139118374,10.062535,1,0.015625,0,0.01966682136981225,shortlist
uhf_long,105585,33877645,MeerKAT:array_1:20250715T135202Z,Gaia_6014524493102627456,62,636.2809058427811,-0.0366690804704766,23.175753,1,0.015625,0,0.01988526196700652,shortlist
lband_short,5526,243437,MeerKAT:array_1:20250712T080758Z,Gaia_2323514707988323200,12,867.7729671597481,-0.2357674987140876,22.801292,1,0.015625,0,0.02005232911036933,shortlist
lband_long,112792,16147597,MeerKAT:array_1:20250702T203437Z,Gaia_6440677401681817856,38,960.0050430595875,-0.06052830194730198,16.627735,1,0.015625,0,0.020056385684470802,shortlist
uhf_long,59438,4545244,MeerKAT:array_1:20250715T141354Z,ex_ATO_J228.3894-30.8299,6,587.1293678283691,0.0427805938822227,15.035565,3,0.046875,-1,0.020057321653141665,shortlist
uhf_long,32733,988030,MeerKAT:array_1:20250715T141354Z,ex_i_Lup,1,562.5536748170853,0.06722664752920711,19.055208,1,0.015625,0,0.02059707437717094,shortlist
uhf_long,8948,278672,MeerKAT:array_1:20250715T124827Z,ex_LBQS_1313-0138,11,550.2658131122589,-0.0468549361567201,18.392288,3,0.046875,-1,0.02066320704797957,shortlist
uhf_long,134043,35418792,MeerKAT:array_1:20250715T135202Z,ex_ASASSN-V_J153218.02-325446.8,22,677.9615512490273,-0.0183345402352383,12.2030115,3,0.046875,-1,0.021390397607747653,shortlist
lband_long,278240,35876245,MeerKAT:array_1:20240319T020710Z,Gaia_2530963312012456192,20,1626.0765139609575,-0.035308176135926156,31.96875,1,0.015625,0,0.02142841618217238,shortlist
uhf_long,111585,34609126,MeerKAT:array_1:20250704T054305Z,Gaia_6440680459698547200,55,647.2235252261162,-0.0651894763919584,10.55049,1,0.015625,0,0.022802105452411722,shortlist
uhf_long,133666,35418301,MeerKAT:array_1:20250715T133052Z,Gaia_6214375231260536320,57,677.9615299701691,-0.038706251607725305,16.692924,2,0.03125,0,0.02356861651983405,shortlist
uhf_long,59479,4545306,MeerKAT:array_1:20250715T141354Z,ex_LEDA_706196,37,587.1293678283691,0.040743422744974,10.591521,3,0.046875,-1,0.02361572762714149,shortlist
uhf_long,125272,35005383,MeerKAT:array_1:20250715T124827Z,ex_[VV2006]_J131802.0-021617,31,660.856570482254,0.07741250321545061,26.29493,4,0.0625,-1,0.023628140776406646,shortlist
uhf_long,31868,986405,MeerKAT:array_1:20250715T124827Z,ex_2dFGRS_TGN261Z273,45,562.5536738038063,-0.0427805938822227,14.109547,3,0.046875,-1,0.023925562683131223,shortlist
uhf_long,125939,35006758,MeerKAT:array_1:20250715T141354Z,Gaia_6210702415745896192,54,660.8565755486488,0.059077962980212305,15.357118,1,0.015625,0,0.02424599540122674,shortlist
uhf_long,133388,35417887,MeerKAT:array_1:20250715T130947Z,ex_ASASSN-V_J160714.74-600731.2,39,677.9615542888641,-0.014260197960740902,14.812064,4,0.0625,-1,0.024312755279135154,shortlist
uhf_long,133390,35417889,MeerKAT:array_1:20250715T130947Z,ex_V0498_Nor,40,677.9615542888641,-0.014260197960740902,14.82174,4,0.0625,-1,0.02439341588267154,shortlist
uhf_long,8952,278680,MeerKAT:array_1:20250715T124827Z,ex_[VV2006]_J131627.2-021904,15,550.2658151388168,-0.05704079184296361,13.093255,4,0.0625,-1,0.02460654363309254,shortlist
lband_long,112753,16147547,MeerKAT:array_1:20250702T203437Z,Gaia_6440636238715194368,28,960.0050287097692,-0.02017610064910066,15.838798,2,0.03125,0,0.02507814354296238,shortlist
lband_short,4514,241132,MeerKAT:array_1:20250712T065251Z,Gaia_2323497596838660992,28,867.8792753964663,-0.09225684732290385,12.801484,1,0.015625,0,0.02511519712495694,shortlist
uhf_long,133674,35418311,MeerKAT:array_1:20250715T133052Z,Gaia_6226370181568148864,62,677.9615249037743,0.0162973690979896,18.712753,1,0.015625,0,0.025132574779888478,shortlist
uhf_long,58998,4544735,MeerKAT:array_1:20250715T135202Z,ex_Gaia_DR2_6014481607850620928,14,587.1294448375702,-0.05704079184296361,10.484992,1,0.015625,0,0.025973826993493616,shortlist
lband_long,6741,95062,MeerKAT:array_1:20250710T123913Z,Gaia_2894218039455660416,51,864.5479826331139,0.1462767297059798,10.555257,1,0.015625,0,0.02614049349302511,shortlist
uhf_long,71301,11382436,MeerKAT:array_1:20250715T124827Z,ex_2MASX_J13164575-0154497,59,599.4172579050064,0.06926381866645581,49.15412,3,0.046875,-1,0.02631801304015322,shortlist
lband_long,112751,16147545,MeerKAT:array_1:20250702T203437Z,Gaia_6441069167122610304,27,960.177617162466,0.015132075486825495,10.079546,1,0.015625,0,0.02693318513648874,shortlist
uhf_long,68129,9251150,MeerKAT:array_1:20250710T060816Z,Gaia_5599216342594110336,17,599.1876316666603,-0.030557567058730504,38.92199,3,0.046875,-1,0.028835699488095713,shortlist
lband_long,112836,16147648,MeerKAT:array_1:20250702T203437Z,Gaia_6441456886706080896,48,960.0206205844879,0.025220125811375827,10.648495,1,0.015625,0,0.02920520528084511,shortlist
uhf_long,133618,35418245,MeerKAT:array_1:20250715T133052Z,Gaia_6214397255852916736,29,677.9615269303322,-0.0183345402352383,16.591898,2,0.03125,0,0.02946720990043608,shortlist
uhf_long,134057,35418806,MeerKAT:array_1:20250715T135202Z,ex_ASASSN-V_J153339.10-330721.1,27,677.9615532755852,-0.048892107293968805,12.378252,4,0.0625,-1,0.02952593725045431,shortlist
uhf_short,28029,1119664,MeerKAT:array_1:20250713T183111Z,Gaia_1315486433374322176,34,576.000059902668,-0.22245908818755805,19.872396,2,0.03125,0,0.02958326138051966,shortlist
uhf_short,91168,35052227,MeerKAT:array_1:20250721T223354Z,Gaia_2682776868188808448,37,655.2760663032532,0.2909080383991144,18.30032,1,0.015625,0,0.030154737732608475,shortlist
uhf_long,117817,34830762,MeerKAT:array_1:20250715T135202Z,ex_LEDA_682471,53,649.9927416443825,0.081486845489948,11.800042,2,0.03125,0,0.030160511688082908,shortlist
lband_long,7497,237987,MeerKAT:array_1:20250711T100558Z,Gaia_3394107599407181824,14,867.8890444338322,0.050440251622751654,13.270295,1,0.015625,0,0.030906855541631,shortlist
uhf_long,133040,35417248,MeerKAT:array_1:20250715T124827Z,ex_PGC1089638,56,673.1444281339645,0.07944967435269931,10.650593,3,0.046875,-1,0.03194734144803344,shortlist
uhf_long,118207,34831396,MeerKAT:array_1:20250715T141354Z,Gaia_6210717740189629568,45,648.5687067508698,0.040743422744974,41.54001,2,0.03125,0,0.03222368546857821,shortlist
lband_short,5937,244495,MeerKAT:array_1:20250712T084022Z,Gaia_2323545631752871680,34,867.77108733356,-0.38952891091892733,21.459227,1,0.015625,0,0.032436481606249186,shortlist
lband_long,112707,16147493,MeerKAT:array_1:20250702T203437Z,Gaia_6440696608775590528,17,960.0206333398819,0.015132075486825495,12.114527,2,0.03125,0,0.03278643138765481,shortlist
lband_long,275828,35841493,MeerKAT:array_1:20240319T020710Z,Gaia_2531000901566280448,61,1525.0857682079077,0.10088050324550331,26.76602,4,0.0625,-1,0.032829507210103706,shortlist
uhf_long,104908,33871235,MeerKAT:array_1:20250715T053823Z,Gaia_4669058127144890240,24,633.7494786381721,-0.07741250321545061,10.471972,4,0.0625,-1,0.032928479372631915,shortlist
uhf_long,72322,11384168,MeerKAT:array_1:20250715T135202Z,ex_HD_138923,2,599.4173004627228,-0.030557567058730504,17.605831,4,0.0625,-1,0.03307631323091263,shortlist
lband_long,112845,16147657,MeerKAT:array_1:20250702T203437Z,Gaia_6441464853868863488,50,960.005039870739,-0.015132075486825495,16.281115,3,0.046875,-1,0.033269999694901145,shortlist
lband_short,4522,241237,MeerKAT:array_1:20250712T065251Z,Gaia_2323515189024659968,49,867.8792706131935,0.14351065139118374,13.368617,1,0.015625,0,0.03335445654560978,shortlist
uhf_long,117308,34829777,MeerKAT:array_1:20250715T133052Z,ex_CRTS_J151416.5-262637,4,648.5687442421913,0.0183345402352383,72.04053,1,0.015625,0,0.03338012726105851,shortlist
uhf_long,117322,34829821,MeerKAT:array_1:20250715T133052Z,Gaia_6214377842600673024,48,648.5687361359596,0.0529664495684662,51.212776,1,0.015625,0,0.034541057395260824,shortlist
uhf_long,41893,1122822,MeerKAT:array_1:20250713T211114Z,Gaia_4189243450494793088,32,575.999328315258,0.0733381609409532,11.517303,3,0.046875,-1,0.035383161539701016,shortlist
uhf_long,134651,35419884,MeerKAT:array_1:20250715T143518Z,ex_LEDA_795136,22,677.9615390896797,0.0651894763919584,14.455855,3,0.046875,-1,0.03558471120102494,shortlist
lband_long,112754,16147548,MeerKAT:array_1:20250702T203437Z,Gaia_6440636238715194368,28,960.0206301510334,-0.025220125811375827,10.867027,3,0.046875,-1,0.03582035407123583,shortlist
lband_long,6381,89386,MeerKAT:array_1:20250709T163303Z,Gaia_6440692588686135424,21,865.9557922780514,-0.15132075486825497,11.951451,1,0.015625,0,0.036330403622326195,shortlist
lband_long,7498,238094,MeerKAT:array_1:20250711T100558Z,Gaia_3394244419885535616,49,867.8890811055899,-0.1714968555173556,15.470161,1,0.015625,0,0.036641899794732175,shortlist
uhf_long,11167,282374,MeerKAT:array_1:20250715T141354Z,Gaia_6210926819198797440,39,550.2658161520958,0.055003620705714906,20.98324,1,0.015625,0,0.03683416477289913,shortlist
uhf_long,134097,35418851,MeerKAT:array_1:20250715T135202Z,ex_2MFGC_12556,45,677.9615553021431,-0.0651894763919584,15.370931,3,0.046875,-1,0.03750159967696715,shortlist
uhf_long,133638,35418269,MeerKAT:array_1:20250715T133052Z,Gaia_6214255728090340992,41,677.9615269303322,-0.006111513411746101,15.268636,1,0.015625,0,0.037826508681095695,shortlist
lband_long,112817,16147623,MeerKAT:array_1:20250702T203437Z,Gaia_6441081162966921088,43,960.0206221789122,0.015132075486825495,11.065802,1,0.015625,0,0.03805444650869968,shortlist
uhf_long,134647,35419880,MeerKAT:array_1:20250715T143518Z,ex_LEDA_788752,20,677.9615471959114,0.0183345402352383,17.927425,3,0.046875,-1,0.0381263390685075,shortlist
lband_short,10393,392738,MeerKAT:array_1:20250731T051744Z,ex_[VV2006]_J002342.4+002041,16,868.1869657933712,0.03075228244096795,152.40086,1,0.015625,0,0.03813557098753891,shortlist
uhf_long,68188,9251940,MeerKAT:array_1:20250710T060816Z,Gaia_5599281660455475200,56,599.1876347064972,-0.05704079184296361,41.229717,1,0.015625,0,0.038397016115022206,shortlist
uhf_long,242212,35418271,MeerKAT:array_1:20250715T133052Z,Gaia_6214343207984246400,42,677.9615249037743,-0.0020371711372487,15.928353,1,0.015625,0,0.03841532513934247,shortlist
lband_long,112816,16147622,MeerKAT:array_1:20250702T203437Z,Gaia_6441081162966921088,43,960.005027115345,-0.025220125811375827,16.817945,2,0.03125,0,0.038478242403086234,shortlist
uhf_long,134668,35419904,MeerKAT:array_1:20250715T143518Z,Gaia_6272636015951231232,32,677.9615421295166,0.0427805938822227,14.054854,3,0.046875,-1,0.03880309211477572,shortlist
uhf_long,117816,34830761,MeerKAT:array_1:20250715T135202Z,ex_LEDA_682319,52,649.9927416443825,0.0835240166271967,11.974942,2,0.03125,0,0.04008716209159607,shortlist
uhf_long,134114,35418871,MeerKAT:array_1:20250715T135202Z,ex_LEDA_682471,53,677.9615512490273,-0.0366690804704766,12.392818,3,0.046875,-1,0.04016816120803481,shortlist
uhf_long,125619,35006251,MeerKAT:array_1:20250715T135202Z,ex_ASASSN-V_J153513.42-332316.8,32,660.8566333055496,-0.06111513411746101,12.610775,4,0.0625,-1,0.04076604518326151,shortlist
uhf_long,242229,35418857,MeerKAT:array_1:20250715T135202Z,ex_2MASX_J15353845-3314022,48,677.9615532755852,0.0040743422744974,13.816256,4,0.0625,-1,0.04106217952774094,shortlist
lband_short,5512,243408,MeerKAT:array_1:20250712T080758Z,Gaia_2323514879787014528,8,867.7536251991987,0.21526597708677564,27.819614,1,0.015625,0,0.041456937977725594,shortlist
uhf_long,242227,35418848,MeerKAT:array_1:20250715T135202Z,ex_LEDA_684427,44,677.9615532755852,0.0040743422744974,12.963358,4,0.0625,-1,0.04149654056370623,shortlist
uhf_long,118210,34831406,MeerKAT:array_1:20250715T141354Z,Gaia_6210727086038327424,55,648.5687138438225,0.055003620705714906,46.540913,1,0.015625,0,0.04196661747574665,shortlist
uhf_short,27768,1119341,MeerKAT:array_1:20250713T183111Z,Gaia_1315970802605869696,2,576.000059902668,-0.22245908818755805,20.365053,2,0.03125,0,0.042102866252571515,shortlist
lband_short,10392,392731,MeerKAT:array_1:20250731T051744Z,ex_[VV2006]_J002336.0+001228,14,868.1869083940983,0.3075228244096795,183.32047,1,0.015625,0,0.04210680467462196,shortlist
lband_long,2688,19116,MeerKAT:array_1:20250703T155221Z,Gaia_6440682761800995072,12,868.066530957818,0.17654088067963078,15.62346,1,0.015625,0,0.04246062994006645,shortlist
uhf_long,125257,35005362,MeerKAT:array_1:20250715T124827Z,ex_[VV2006]_J131604.1-013605,10,660.856570482254,0.07741250321545061,30.951769,4,0.0625,-1,0.04246348162103187,shortlist
uhf_long,68125,9251017,MeerKAT:array_1:20250710T060816Z,Gaia_5598375731594665088,10,599.2970039844513,-0.022408882509735703,73.833466,4,0.0625,-1,0.04306722857293423,shortlist
uhf_long,80716,28185298,MeerKAT:array_1:20250717T054309Z,Gaia_4669818439435145216,44,611.7047376036644,-0.081486845489948,24.235994,1,0.015625,0,0.04402889526171328,shortlist
uhf_long,68174,9251809,MeerKAT:array_1:20250710T060816Z,Gaia_5599212769181485184,49,599.2970039844513,-0.022408882509735703,85.10668,4,0.0625,-1,0.044744526027362896,shortlist
uhf_long,32736,988049,MeerKAT:array_1:20250715T141354Z,ex_ASASSN-V_J151044.76-310750.3,20,562.5536748170853,0.028520395921481805,26.996212,3,0.046875,-1,0.04535268354186349,shortlist
lband_long,6384,89392,MeerKAT:array_1:20250709T163303Z,Gaia_6440682521282895360,28,865.9557795226574,0.15132075486825497,10.453931,1,0.015625,0,0.0457075577928631,shortlist
uhf_long,113975,34654990,MeerKAT:array_1:20250710T060816Z,Gaia_5599216342594110336,17,647.2236306071281,0.06722664752920711,163.18143,1,0.015625,0,0.045768660927829434,shortlist
uhf_long,125285,35005399,MeerKAT:array_1:20250715T124827Z,ex_2QZ_J131652.4-014400,47,660.856570482254,0.07741250321545061,24.375324,4,0.0625,-1,0.04585057202894995,shortlist
uhf_long,72995,11385097,MeerKAT:array_1:20250715T141354Z,ex_ATO_J228.3894-30.8299,6,599.4172609448433,0.028520395921481805,18.27588,3,0.046875,-1,0.046232037114147535,shortlist
lband_long,8568,246076,MeerKAT:array_1:20250712T092209Z,Gaia_4669699486020994816,21,868.5151094645262,-0.11096855357005364,14.307124,1,0.015625,0,0.04642939733633051,shortlist
uhf_long,58679,4544358,MeerKAT:array_1:20250715T133052Z,ex_GALEX_J151638.4-271247,10,587.1294174790382,0.014260197960740902,11.27551,1,0.015625,0,0.04661832714516253,shortlist
lband_long,9868,259507,MeerKAT:array_1:20250714T053348Z,Gaia_4669719758266718592,58,868.1514053493738,-0.10592452840777847,71.76711,1,0.015625,0,0.04675087040243139,shortlist
uhf_long,68173,9251803,MeerKAT:array_1:20250710T060816Z,Gaia_5599212769181485184,49,599.2032564282417,-0.030557567058730504,91.44701,3,0.046875,-1,0.047845162596330426,shortlist
uhf_long,134134,35418893,MeerKAT:array_1:20250715T135202Z,Gaia_6014539645747431680,61,677.9615512490273,-0.0183345402352383,12.117218,3,0.046875,-1,0.04819596825143028,shortlist
uhf_long,11162,282352,MeerKAT:array_1:20250715T141354Z,ex_ASASSN-V_J151356.05-305606.0,28,550.2658060193062,-0.05704079184296361,14.781875,2,0.03125,0,0.04858328863688021,shortlist
lband_long,275721,35841265,MeerKAT:array_1:20240319T020710Z,Gaia_2543029352615742080,36,1525.033093214035,0.10088050324550331,45.502922,3,0.046875,-1,0.04864880030769425,shortlist
uhf_short,15148,1035091,MeerKAT:array_1:20250730T204925Z,Gaia_2699050804215546240,30,563.9998924136162,-0.32513251350489253,17.704388,2,0.03125,0,0.04905908550826937,shortlist
uhf_long,10261,281236,MeerKAT:array_1:20250715T135202Z,ex_LEDA_675496,40,550.2658495903015,-0.028520395921481805,11.842679,4,0.0625,-1,0.049348741422053595,shortlist
lband_long,6387,89420,MeerKAT:array_1:20250709T163303Z,Gaia_6441070270929848192,58,865.9557906836271,-0.10088050324550331,10.861295,2,0.03125,0,0.04993870771501252,shortlist
lband_long,112641,16147413,MeerKAT:array_1:20250702T203437Z,Gaia_6441014711232887936,1,960.0206540673971,-0.10088050324550331,10.378668,1,0.015625,0,0.050812341562818,shortlist
uhf_long,71566,11382894,MeerKAT:array_1:20250715T124827Z,ex_[VV2006]_J131801.0-022404,30,602.1161862015724,0.0713009898037045,10.356708,1,0.015625,0,0.05149312800919074,shortlist
uhf_long,68165,9251703,MeerKAT:array_1:20250710T060816Z,Gaia_5598366213947478784,44,599.2032554149628,-0.020371711372487,81.84391,3,0.046875,-1,0.0517051392275338,shortlist
lband_long,112724,16147512,MeerKAT:array_1:20250702T203437Z,Gaia_6441462590422644864,21,960.005039870739,-0.015132075486825495,14.727456,3,0.046875,-1,0.05206608921449223,shortlist
uhf_long,79481,23567566,MeerKAT:array_1:20250710T060816Z,Gaia_5599271902288558336,36,605.2497331500053,-0.044817765019471406,164.01402,1,0.015625,0,0.05297741875666595,shortlist
uhf_long,105782,33877857,MeerKAT:array_1:20250715T141354Z,Gaia_6210724234180034944,40,633.7495019435883,0.006111513411746101,17.644014,2,0.03125,0,0.053197294287932795,shortlist
uhf_long,71867,11383553,MeerKAT:array_1:20250715T133052Z,ex_CRTS_J151752.7-262646,13,599.4172862768173,0.048892107293968805,43.747166,1,0.015625,0,0.05339164772086058,shortlist
lband_long,112797,16147603,MeerKAT:array_1:20250702T203437Z,Gaia_6440702690449243520,39,960.0206158012152,0.10592452840777847,10.671961,1,0.015625,0,0.053454219257854874,shortlist
uhf_long,68178,9251863,MeerKAT:array_1:20250710T060816Z,Gaia_5598470873711479040,52,599.1876336932182,-0.0162973690979896,56.576015,1,0.015625,0,0.05405320654440226,shortlist
uhf_long,68140,9251364,MeerKAT:array_1:20250710T060816Z,Gaia_5599209676804969600,27,599.3126317858696,-0.0183345402352383,56.817436,2,0.03125,0,0.0541545933106995,shortlist
uhf_long,105832,33877916,MeerKAT:array_1:20250715T141354Z,ex_CD-30_12033,3,636.2808490991592,0.0651894763919584,12.896401,2,0.03125,0,0.0543918969983404,shortlist
uhf_long,242223,35418750,MeerKAT:array_1:20250715T135202Z,ex_ASASSN-V_J153251.02-331648.0,6,677.9615532755852,0.0040743422744974,12.051968,4,0.0625,-1,0.05484638194619791,shortlist
uhf_long,133759,35418430,MeerKAT:array_1:20250715T135202Z,ex_2MASX_J15352824-3307053,46,673.1444960236549,-0.0529664495684662,13.146717,1,0.015625,0,0.05512683415142022,shortlist
uhf_long,133752,35418397,MeerKAT:array_1:20250715T135202Z,ex_CRTS_J153330.1-324437,8,673.1444990634918,-0.0835240166271967,15.000575,1,0.015625,0,0.055138964059798366,shortlist
uhf_long,134015,35418763,MeerKAT:array_1:20250715T135202Z,ex_CRTS_J153613.6-333113,11,677.9615522623062,-0.0427805938822227,13.341866,3,0.046875,-1,0.05578103176763701,shortlist
uhf_long,31861,986397,MeerKAT:array_1:20250715T124827Z,ex_LBQS_1313-0153,41,562.5536738038063,-0.0427805938822227,14.600052,3,0.046875,-1,0.05618316279558345,shortlist
uhf_long,8946,278666,MeerKAT:array_1:20250715T124827Z,ex_[VV2006]_J131553.3-014051,8,550.2658151388168,-0.05704079184296361,20.084076,4,0.0625,-1,0.05622456142692213,shortlist
uhf_long,105912,33878080,MeerKAT:array_1:20250715T141354Z,Gaia_6210702308369949952,58,636.2808490991592,0.0651894763919584,12.903435,2,0.03125,0,0.056363214434890514,shortlist
uhf_long,68144,9251424,MeerKAT:array_1:20250710T060816Z,Gaia_5598470976790672000,30,599.3126358389854,-0.07741250321545061,46.22643,1,0.015625,0,0.05712832776641467,shortlist
lband_long,275698,35841207,MeerKAT:array_1:20240319T020710Z,Gaia_2543026054080860416,29,1525.085816040635,-0.1160125787323288,24.58943,4,0.0625,-1,0.05786589170211995,shortlist
uhf_long,125942,35006761,MeerKAT:array_1:20250715T141354Z,Gaia_6210681043988568320,57,660.8565350174904,0.0468549361567201,19.122334,4,0.0625,-1,0.0590843545160854,shortlist
lband_long,6388,89422,MeerKAT:array_1:20250709T163303Z,Gaia_6440705984687030656,60,865.9557811170816,0.1160125787323288,11.877024,1,0.015625,0,0.06161763323473333,shortlist
uhf_long,125943,35006762,MeerKAT:array_1:20250715T141354Z,Gaia_6210702308369949952,58,660.8565796017647,-0.0183345402352383,13.407693,2,0.03125,0,0.06185083696913848,shortlist
uhf_long,123122,34894182,MeerKAT:array_1:20250728T151003Z,ex_Cl*_NGC_5139_SAW_V245,53,653.2495215535164,0.0162973690979896,10.372055,1,0.015625,0,0.061950224741131064,shortlist
uhf_long,125920,35006707,MeerKAT:array_1:20250715T141354Z,ex_CD-30_12033,3,660.8565796017647,-0.0183345402352383,13.390031,2,0.03125,0,0.06276384133104675,shortlist
uhf_long,68116,9250914,MeerKAT:array_1:20250710T060816Z,Gaia_5598501969274501504,5,599.2970039844513,-0.020371711372487,101.94122,4,0.0625,-1,0.06473326132093833,shortlist
uhf_long,59476,4545302,MeerKAT:array_1:20250715T141354Z,ex_LEDA_2816945,35,587.1293931603432,-0.07741250321545061,11.765487,3,0.046875,-1,0.06513332600330224,shortlist
uhf_long,125946,35006767,MeerKAT:array_1:20250715T141354Z,Gaia_6210668090367510656,63,660.8565350174904,0.0468549361567201,19.795887,4,0.0625,-1,0.06615770322680614,shortlist
uhf_short,28112,1119766,MeerKAT:array_1:20250713T183111Z,Gaia_1315508320527707904,44,576.0000680088997,-0.30802027595200343,19.257324,2,0.03125,0,0.06618253278139019,shortlist
uhf_long,133355,35417837,MeerKAT:array_1:20250715T130947Z,ex_AI_TrA,14,677.9615542888641,0.030557567058730504,13.876088,1,0.015625,0,0.06719911908624622,shortlist
uhf_long,11164,282360,MeerKAT:array_1:20250715T141354Z,ex_LEDA_705243,32,550.265785753727,0.030557567058730504,14.009384,3,0.046875,-1,0.06733581337920297,shortlist
uhf_long,105092,33876793,MeerKAT:array_1:20250715T124827Z,ex_[VV2006]_J131810.9-021500,32,636.2808501124382,-0.0733381609409532,14.738843,4,0.0625,-1,0.06985449000685755,shortlist
uhf_long,79482,23567585,MeerKAT:array_1:20250710T060816Z,Gaia_5599277331128504064,55,605.2497250437737,-0.0264832247842331,164.8043,1,0.015625,0,0.07018294596809195,shortlist
uhf_long,133378,35417869,MeerKAT:array_1:20250715T130947Z,ex_ASASSN-V_J161432.56-602652.2,30,677.9615563154221,-0.0264832247842331,17.972992,1,0.015625,0,0.0704549945617516,shortlist
uhf_short,23344,1109822,MeerKAT:array_1:20250713T002413Z,Gaia_2682559469829704960,8,575.9987983703613,0.1454540191995572,44.596542,2,0.03125,0,0.07092477722212996,shortlist
uhf_long,125368,35005826,MeerKAT:array_1:20250715T133052Z,Gaia_6214397255852916736,29,660.8565887212753,0.05092927843121751,19.035393,1,0.015625,0,0.07152338485990643,shortlist
lband_long,6386,89404,MeerKAT:array_1:20250709T163303Z,Gaia_6441458776491674368,41,865.9557906836271,-0.1160125787323288,10.042836,1,0.015625,0,0.07184666864828888,shortlist
uhf_long,71302,11382438,MeerKAT:array_1:20250715T124827Z,ex_2dFGRS_TGN261Z265,60,599.4172579050064,0.06926381866645581,36.223392,3,0.046875,-1,0.0718844791710651,shortlist
uhf_long,96827,33538215,MeerKAT:array_1:20250715T124827Z,ex_[VV2006]_J131618.7-022454,13,626.6923270821571,0.028520395921481805,13.203609,2,0.03125,0,0.07239395915792497,shortlist
lband_long,2689,19233,MeerKAT:array_1:20250703T155221Z,Gaia_6441465270482505984,51,868.0665325522423,0.08070440259640264,14.940215,1,0.015625,0,0.07364630774641491,shortlist
lband_long,6385,89397,MeerKAT:array_1:20250709T163303Z,Gaia_6441460352743041920,34,865.9557890892029,-0.07061635227185231,10.450657,1,0.015625,0,0.07419671659945666,shortlist
lband_short,10396,392889,MeerKAT:array_1:20250731T051744Z,Gaia_2546799818506262144,62,868.1869594156742,-0.05125380406827991,155.00874,1,0.015625,0,0.07486219512349437,shortlist
sband_short,17379,16093297,MeerKAT:array_1:20250701T174407Z,ex_LEDA_942766,44,2295.646620215848,-0.2356391011974544,28.774841,1,0.01818181818181818,0,0.07500920159325071,shortlist
uhf_long,134001,35418747,MeerKAT:array_1:20250715T135202Z,ex_RX_J1534.3-3300,5,677.9615522623062,-0.034631909333227906,11.951055,3,0.046875,-1,0.0754655763895245,shortlist
uhf_long,80548,28006110,MeerKAT:array_1:20250715T141354Z,ex_2MFGC_12293,33,611.7051226496696,0.028520395921481805,25.220818,3,0.046875,-1,0.07550241266331133,shortlist
uhf_long,134140,35418899,MeerKAT:array_1:20250715T135202Z,Gaia_6014539542668216832,63,677.9615522623062,-0.034631909333227906,11.886907,3,0.046875,-1,0.07562380595939115,shortlist
uhf_long,118197,34831368,MeerKAT:array_1:20250715T141354Z,ex_CRTS_J151447.9-313806,17,648.5687138438225,0.05092927843121751,26.865683,1,0.015625,0,0.0757780315750243,shortlist
lband_long,275764,35841357,MeerKAT:array_1:20240319T020710Z,Gaia_2543031173681877120,46,1525.0857682079077,0.10088050324550331,26.503277,4,0.0625,-1,0.07599669485420622,shortlist
uhf_short,15084,1034968,MeerKAT:array_1:20250730T204925Z,Gaia_2699040260071861120,3,563.9998843073845,-0.13689790042311265,15.502011,2,0.03125,0,0.07610302513895212,shortlist
uhf_long,59461,4545280,MeerKAT:array_1:20250715T141354Z,ex_ASASSN-V_J151250.05-311941.7,24,587.1293941736221,-0.07944967435269931,13.37459,3,0.046875,-1,0.07620769036737836,shortlist
uhf_long,68123,9250957,MeerKAT:array_1:20250710T060816Z,Gaia_5599274200085746816,7,599.312620639801,0.07944967435269931,69.6583,1,0.015625,0,0.0778493739475808,shortlist
uhf_long,83916,33198771,MeerKAT:array_1:20250710T060816Z,Gaia_5598384218450144896,32,615.223913192749,0.034631909333227906,167.48999,3,0.046875,-1,0.07796306089644804,shortlist
uhf_long,10264,281268,MeerKAT:array_1:20250715T135202Z,Gaia_6016055253808084480,56,550.2658495903015,-0.028520395921481805,11.359448,4,0.0625,-1,0.07921998726009058,shortlist
lband_long,6662,94974,MeerKAT:array_1:20250710T123913Z,Gaia_2894223914970915968,7,864.5479778498411,0.18662893100418113,10.068299,2,0.03125,0,0.07945049186001195,shortlist
uhf_long,68168,9251722,MeerKAT:array_1:20250710T060816Z,Gaia_5598525471336985728,45,599.1876316666603,-0.030557567058730504,84.724815,3,0.046875,-1,0.07960616804277167,shortlist
uhf_long,113976,34654994,MeerKAT:array_1:20250710T060816Z,Gaia_5598524474904569856,19,647.223634660244,0.0325947381959792,228.2265,2,0.03125,0,0.08105992602680269,shortlist
uhf_long,8955,278688,MeerKAT:array_1:20250715T124827Z,ex_[VV2006]_J131709.6-020414,19,550.2658090591431,0.06926381866645581,20.154697,3,0.046875,-1,0.08121199828414652,shortlist
uhf_long,68156,9251604,MeerKAT:array_1:20250710T060816Z,Gaia_5599276472135039104,39,599.2970039844513,-0.022408882509735703,124.49499,4,0.0625,-1,0.08165809529058135,shortlist
uhf_long,147421,35887743,MeerKAT:array_1:20240925T231814Z,Gaia_2776203676871338880,30,663.2499516010284,0.014260197960740902,13.997623,1,0.015625,0,0.08219309678675281,shortlist
uhf_long,32739,988071,MeerKAT:array_1:20250715T141354Z,Gaia_6210736672405383936,42,562.5536748170853,0.028520395921481805,26.735073,3,0.046875,-1,0.08309059944362125,shortlist
uhf_long,83920,33198817,MeerKAT:array_1:20250710T060816Z,Gaia_5599277331128504064,55,615.223913192749,0.034631909333227906,194.67522,3,0.046875,-1,0.08325341685457793,shortlist
uhf_long,180455,11385127,MeerKAT:array_1:20250715T141354Z,ex_ASASSN-V_J151128.63-310122.7,21,599.417268037796,-0.0040743422744974,49.430202,1,0.015625,0,0.08814759806557926,shortlist
lband_long,275672,35841153,MeerKAT:array_1:20240319T020710Z,Gaia_2531002310315546624,23,1525.0857729911804,0.08070440259640264,35.911835,3,0.046875,-1,0.08911586666244665,shortlist
lband_short,10389,392688,MeerKAT:array_1:20250731T051744Z,ex_SN_2006ng,2,868.1809388697147,0.09225684732290385,119.34286,1,0.015625,0,0.08951045762543826,shortlist
uhf_long,68160,9251648,MeerKAT:array_1:20250710T060816Z,Gaia_5598381675829459328,41,599.3282433748245,0.0733381609409532,17.328993,1,0.015625,0,0.09007192684496183,shortlist
uhf_long,68111,9250867,MeerKAT:array_1:20250710T060816Z,Gaia_5598525505696721024,3,599.1876316666603,-0.028520395921481805,99.96463,3,0.046875,-1,0.09027767721497798,shortlist
uhf_long,117314,34829800,MeerKAT:array_1:20250715T133052Z,Gaia_6214393648080384896,27,648.5687280297279,0.012223026823492201,36.262074,2,0.03125,0,0.09048192686472677,shortlist
uhf_long,117313,34829799,MeerKAT:array_1:20250715T133052Z,Gaia_6214393648080385024,26,648.5687280297279,0.012223026823492201,35.9644,2,0.03125,0,0.09048192686472677,shortlist
uhf_long,68195,9252020,MeerKAT:array_1:20250710T060816Z,Gaia_5598480734956276992,60,599.2032554149628,-0.020371711372487,97.592445,3,0.046875,-1,0.09114272098114773,shortlist
uhf_long,68163,9251661,MeerKAT:array_1:20250710T060816Z,Gaia_5599157724878925056,42,599.2032625079155,-0.07944967435269931,89.43993,1,0.015625,0,0.09175917256053989,shortlist
uhf_long,79483,23567589,MeerKAT:array_1:20250710T060816Z,Gaia_5599182635689616896,59,605.2497351765633,-0.0529664495684662,108.67199,1,0.015625,0,0.09347421110488767,shortlist
uhf_long,68155,9251598,MeerKAT:array_1:20250710T060816Z,Gaia_5599276472135039104,39,599.2032554149628,-0.020371711372487,135.08887,3,0.046875,-1,0.09443212743345522,shortlist
uhf_long,113970,34654962,MeerKAT:array_1:20250710T060816Z,Gaia_5598525505696721024,3,647.223633646965,0.040743422744974,276.57474,2,0.03125,0,0.09573359469442559,shortlist
uhf_long,68143,9251416,MeerKAT:array_1:20250710T060816Z,Gaia_5598470976790672000,30,599.1876255869865,0.05092927843121751,49.52836,1,0.015625,0,0.09782291872990462,shortlist
uhf_long,70532,11370502,MeerKAT:array_1:20250714T160406Z,Gaia_6144618532803068672,44,599.2500466108322,-0.038706251607725305,385.32654,1,0.015625,0,0.09846638862938188,shortlist
uhf_long,134130,35418888,MeerKAT:array_1:20250715T135202Z,Gaia_6016066180205058176,59,677.9615532755852,-0.048892107293968805,12.77051,4,0.0625,-1,0.09869286559972228,shortlist
uhf_long,96833,33538239,MeerKAT:array_1:20250715T124827Z,ex_LBQS_1314-0216,25,626.6923280954361,0.024446053646984402,13.20453,2,0.03125,0,0.0991441087125322,shortlist
uhf_long,117813,34830750,MeerKAT:array_1:20250715T135202Z,ex_LEDA_185107,42,649.9927426576614,0.06111513411746101,12.044688,4,0.0625,-1,0.09971810365804434,shortlist
uhf_long,96829,33538221,MeerKAT:array_1:20250715T124827Z,ex_[VV2006]_J131657.2-021631,16,626.6923402547836,-0.024446053646984402,11.940764,2,0.03125,0,0.10095000570030059,uncertain
uhf_long,68184,9251921,MeerKAT:array_1:20250710T060816Z,Gaia_5599277331128504064,55,599.1876306533813,-0.0183345402352383,72.20743,3,0.046875,-1,0.10223347533631585,uncertain
uhf_long,96841,33538305,MeerKAT:array_1:20250715T124827Z,ex_2dFGRS_TGN262Z292,58,626.6923382282257,-0.0162973690979896,10.134724,1,0.015625,0,0.10426604237568222,uncertain
uhf_long,105914,33878083,MeerKAT:array_1:20250715T141354Z,Gaia_6210677809876566784,59,636.2808470726013,0.028520395921481805,11.070082,1,0.015625,0,0.10451770722688614,uncertain
uhf_long,60743,4681295,MeerKAT:array_1:20250717T054309Z,Gaia_4668956010002303360,5,587.1290283799171,-0.06926381866645581,25.197922,1,0.015625,0,0.10573836717625258,uncertain
uhf_long,125366,35005812,MeerKAT:array_1:20250715T133052Z,ex_ASASSN-V_J151603.09-271408.4,15,660.8565927743912,0.07944967435269931,19.378105,1,0.015625,0,0.10591645972857143,uncertain
uhf_long,70531,11370495,MeerKAT:array_1:20250714T160406Z,Gaia_6144686706821925504,37,599.2500455975533,-0.0427805938822227,382.28192,1,0.015625,0,0.10663904808985557,uncertain
uhf_long,41974,1122933,MeerKAT:array_1:20250713T211114Z,Gaia_4189291034434105984,63,575.9993273019791,0.06722664752920711,12.802319,4,0.0625,-1,0.10904361776526433,uncertain
lband_long,275748,35841324,MeerKAT:array_1:20240319T020710Z,Gaia_2530994098337321088,42,1525.0858096629381,-0.0857484277586778,33.846634,2,0.03125,0,0.10999022149420996,uncertain
uhf_long,32735,988041,MeerKAT:array_1:20250715T141354Z,ex_CRTS_J151324.5-312620,12,562.5536748170853,0.028520395921481805,16.029009,3,0.046875,-1,0.11083651366479658,uncertain
uhf_long,41881,1122805,MeerKAT:array_1:20250713T211114Z,Gaia_4189227576295425024,27,575.999328315258,0.044817765019471406,11.688058,2,0.03125,0,0.11172097393154917,uncertain
uhf_long,117341,34829858,MeerKAT:array_1:20250715T133052Z,ex_CRTS_J151512.8-265930,19,648.8109260201454,0.0427805938822227,10.082171,2,0.03125,0,0.11267476562580352,uncertain
uhf_long,71568,11382923,MeerKAT:array_1:20250715T124827Z,ex_2MASX_J13164575-0154497,59,602.1161862015724,0.06722664752920711,14.745261,1,0.015625,0,0.11363562283058475,uncertain
uhf_long,236564,35005859,MeerKAT:array_1:20250715T133052Z,Gaia_6226370181568148864,62,660.8565917611122,0.0040743422744974,18.753147,2,0.03125,0,0.11415195158382896,uncertain
uhf_short,23357,1109872,MeerKAT:array_1:20250713T002413Z,Gaia_2682516898113056512,13,575.9987953305244,0.22245908818755805,44.6654,1,0.015625,0,0.11468091722029089,uncertain
uhf_long,71874,11383573,MeerKAT:array_1:20250715T133052Z,ex_LEDA_767498,23,599.4172923564911,-0.0468549361567201,27.023457,1,0.015625,0,0.11522849298661182,uncertain
uhf_long,116544,34814509,MeerKAT:array_1:20250715T053823Z,Gaia_4668950065767514752,59,651.6913234591484,-0.020371711372487,15.850649,4,0.0625,-1,0.12054043551777179,uncertain
uhf_long,83921,33198821,MeerKAT:array_1:20250710T060816Z,Gaia_5598498597711023232,57,615.2239071130753,0.0835240166271967,122.74842,2,0.03125,0,0.12076005266691459,uncertain
uhf_long,68127,9251052,MeerKAT:array_1:20250710T060816Z,Gaia_5599207305983174784,12,599.1876377463341,-0.07741250321545061,66.032005,1,0.015625,0,0.12171726331061317,uncertain
uhf_long,115993,34810041,MeerKAT:array_1:20250714T160406Z,Gaia_6144297892023344000,8,647.2235900759697,0.05704079184296361,1365.7196,1,0.015625,0,0.1223295284238608,uncertain
lband_long,275772,35841366,MeerKAT:array_1:20240319T020710Z,Gaia_2531019833782091904,47,1525.0810710340738,0.025220125811375827,53.83987,4,0.0625,-1,0.12417184388816496,uncertain
uhf_long,117339,34829855,MeerKAT:array_1:20250715T133052Z,ex_AI_Lib,16,648.8109239935875,0.059077962980212305,13.759617,1,0.015625,0,0.12607056781682027,uncertain
uhf_long,60770,4681323,MeerKAT:array_1:20250717T054309Z,Gaia_4668958827500877440,19,587.1290293931961,-0.0733381609409532,18.749489,1,0.015625,0,0.12657316185186604,uncertain
uhf_long,96826,33538207,MeerKAT:array_1:20250715T124827Z,ex_[VV2006]_J131600.8-021819,9,626.692330121994,0.0162973690979896,11.687518,2,0.03125,0,0.12901722606425522,uncertain
sband_short,19219,35373232,MeerKAT:array_1:20250727T142952Z,Gaia_5922812437229630592,27,2172.357740579173,0.18208476001621476,10.288307,1,0.015625,0,0.12979078731592839,uncertain
uhf_long,180282,11382887,MeerKAT:array_1:20250715T124827Z,ex_[VV2006]_J131716.7-014247,23,602.1161628961563,0.0040743422744974,10.154954,1,0.015625,0,0.13044310194307351,uncertain
lband_long,275638,35841098,MeerKAT:array_1:20240319T020710Z,Gaia_2530991280839514240,17,1525.0857873409986,0.015132075486825495,37.625885,4,0.0625,-1,0.13160971202338237,uncertain
uhf_long,68133,9251212,MeerKAT:array_1:20250710T060816Z,Gaia_5599135386746000640,20,599.1876225471497,0.0753753320782019,67.50941,2,0.03125,0,0.13165152234580915,uncertain
sband_short,13480,1467453,MeerKAT:array_1:20250727T151713Z,Gaia_5922825322133853312,60,2029.9602735321969,0.03213260470874378,15.995548,4,0.0625,-1,0.13225479625911793,uncertain
uhf_long,96837,33538249,MeerKAT:array_1:20250715T124827Z,ex_[VV2006]_J131801.0-022404,30,626.6923270821571,0.028520395921481805,14.420923,2,0.03125,0,0.13229305663752297,uncertain
uhf_long,105091,33876791,MeerKAT:array_1:20250715T124827Z,ex_[VV2006]_J131802.0-021617,31,636.2808501124382,-0.0733381609409532,13.190867,4,0.0625,-1,0.13526557987259316,uncertain
uhf_long,105732,33877795,MeerKAT:array_1:20250715T141354Z,ex_CRTS_J151405.7-314503,9,633.7495130896568,-0.05092927843121751,16.234562,1,0.015625,0,0.13546892464696203,uncertain
lband_long,275656,35841122,MeerKAT:array_1:20240319T020710Z,Gaia_2530963312012456192,20,1525.043629169464,0.10592452840777847,35.96284,2,0.03125,0,0.13744725367444602,uncertain
uhf_long,134634,35419864,MeerKAT:array_1:20250715T143518Z,ex_LEDA_788944,12,677.9615380764008,0.044817765019471406,13.545272,1,0.015625,0,0.13751504820356286,uncertain
uhf_long,72323,11384172,MeerKAT:array_1:20250715T135202Z,ex_CRTS_J153537.6-331607,4,599.4173004627228,-0.030557567058730504,22.38885,4,0.0625,-1,0.13752171079413172,uncertain
uhf_long,115992,34810025,MeerKAT:array_1:20250714T160406Z,J1213-4415,0,647.2235900759697,-0.0733381609409532,1650.3494,1,0.015625,0,0.13780607208748444,uncertain
uhf_long,242169,35417815,MeerKAT:array_1:20250715T130947Z,ex_2MASX_J16135028-6037225,3,677.9615542888641,-0.0020371711372487,17.930887,1,0.015625,0,0.1384621077007911,uncertain
uhf_long,105480,33877471,MeerKAT:array_1:20250715T135202Z,ex_CRTS_J153537.6-331607,4,636.2809048295021,-0.022408882509735703,20.660173,1,0.015625,0,0.13855734833602604,uncertain
sband_short,20277,317604,MeerKAT:array_1:20250719T130249Z,Gaia_2992964560271113472,43,2191.04226003401,0.021421736472495855,10.14267,1,0.015625,0,0.13887967393810394,uncertain
uhf_long,117812,34830732,MeerKAT:array_1:20250715T135202Z,ex_ASASSN-V_J153331.85-331131.8,26,649.9927426576614,0.05704079184296361,11.889335,4,0.0625,-1,0.1390626073326274,uncertain
uhf_short,15143,1035081,MeerKAT:array_1:20250730T204925Z,Gaia_2699047303818326912,28,563.9998924136162,-0.26523968206978077,16.202559,3,0.046875,-1,0.1391716888939437,uncertain
uhf_long,44530,1133790,MeerKAT:array_1:20250715T141354Z,Gaia_6210727086038327424,55,574.8415324687958,-0.07741250321545061,11.520832,1,0.015625,0,0.1392243616610408,uncertain
uhf_long,65359,8175677,MeerKAT:array_1:20250705T060310Z,Gaia_6441454756402320000,23,599.2500537037849,-0.0835240166271967,71.09235,1,0.015625,0,0.14150049307592777,uncertain
uhf_long,68134,9251220,MeerKAT:array_1:20250710T060816Z,Gaia_5599135386746000640,20,599.3126327991486,-0.059077962980212305,63.369278,1,0.015625,0,0.14353222939393742,uncertain
uhf_long,117682,34830561,MeerKAT:array_1:20250715T135202Z,Gaia_6014539645747431680,61,648.5687584280968,-0.059077962980212305,30.217514,4,0.0625,-1,0.1444008033086114,uncertain
lband_long,275687,35841189,MeerKAT:array_1:20240319T020710Z,Gaia_2531005849368549376,27,1525.0810710340738,0.025220125811375827,22.445572,4,0.0625,-1,0.14510940560516003,uncertain
uhf_long,83915,33198757,MeerKAT:array_1:20250710T060816Z,Gaia_5598498430221553408,25,615.223913192749,0.0325947381959792,188.11127,3,0.046875,-1,0.14516601787584016,uncertain
uhf_long,133756,35418417,MeerKAT:array_1:20250715T135202Z,ex_ASASSN-V_J153513.42-332316.8,32,673.1444879174232,0.06926381866645581,10.861612,3,0.046875,-1,0.14798183664191997,uncertain
uhf_long,68194,9252019,MeerKAT:array_1:20250710T060816Z,Gaia_5598480734956276992,60,599.1876306533813,-0.020371711372487,68.553215,2,0.03125,0,0.14893021437112283,uncertain
uhf_long,117367,34829891,MeerKAT:array_1:20250715T133052Z,Gaia_6226381107964569856,49,648.8109351396561,0.07944967435269931,10.962833,1,0.015625,0,0.149680073449423,uncertain
uhf_long,83918,33198785,MeerKAT:array_1:20250710T060816Z,Gaia_5599276472135039104,39,615.2239202857018,-0.024446053646984402,203.99205,1,0.015625,0,0.15061792519214864,uncertain
uhf_long,68180,9251902,MeerKAT:array_1:20250710T060816Z,Gaia_5599216411313573888,54,599.2032584547997,-0.044817765019471406,66.45256,1,0.015625,0,0.15105418873555534,uncertain
uhf_long,73061,11385203,MeerKAT:array_1:20250715T141354Z,Gaia_6210677809876566784,59,599.4172609448433,0.028520395921481805,41.362007,3,0.046875,-1,0.15131565073879288,uncertain
uhf_short,84548,34900148,MeerKAT:array_1:20250729T173047Z,Gaia_6734188354254152320,42,647.2235870361328,-0.0855611877644454,126.572784,1,0.015625,0,0.1521372737795468,uncertain
lband_long,275744,35841315,MeerKAT:array_1:20240319T020710Z,Gaia_2530968122375825792,41,1525.0857729911804,0.08070440259640264,22.237803,3,0.046875,-1,0.15263725732014913,uncertain
uhf_long,105862,33877976,MeerKAT:array_1:20250715T141354Z,ex_V359_Lup,23,636.2808176875114,0.059077962980212305,17.706318,1,0.015625,0,0.15289922215496968,uncertain
uhf_long,133755,35418415,MeerKAT:array_1:20250715T135202Z,ex_ASASSN-V_J153354.39-333109.3,29,673.1444879174232,0.0713009898037045,12.770263,3,0.046875,-1,0.1550496160015563,uncertain
lband_long,275636,35841093,MeerKAT:array_1:20240319T020710Z,Gaia_2530991280839514240,17,1525.0330964028835,0.0857484277586778,30.430233,3,0.046875,-1,0.15557599155836582,uncertain
uhf_long,10249,281180,MeerKAT:array_1:20250715T135202Z,ex_Gaia_DR2_6014515417835108352,12,550.2658495903015,-0.028520395921481805,14.139944,4,0.0625,-1,0.15609571601154854,uncertain
uhf_long,80553,28006120,MeerKAT:array_1:20250715T141354Z,Gaia_6210926819198797440,39,611.7051226496696,0.028520395921481805,15.875491,3,0.046875,-1,0.15739379405010295,uncertain
uhf_long,113973,34654982,MeerKAT:array_1:20250710T060816Z,Gaia_5599317085346709632,13,647.223634660244,0.0325947381959792,169.77519,2,0.03125,0,0.1579873538106287,uncertain
uhf_long,125935,35006751,MeerKAT:array_1:20250715T141354Z,Gaia_6210694135048923008,47,660.8565350174904,0.0468549361567201,21.869934,4,0.0625,-1,0.15891387399589174,uncertain
uhf_long,58988,4544723,MeerKAT:array_1:20250715T135202Z,ex_CRTS_J153330.1-324437,8,587.1294539570808,-0.038706251607725305,13.98042,3,0.046875,-1,0.15995713349275328,uncertain
uhf_long,68162,9251660,MeerKAT:array_1:20250710T060816Z,Gaia_5599157724878925056,42,599.1876367330551,-0.06926381866645581,74.23233,1,0.015625,0,0.1613619838950536,uncertain
uhf_long,32131,987347,MeerKAT:array_1:20250715T133052Z,ex_GALEX_J151820.4-263254,11,562.5537112951279,-0.0081486845489948,25.153618,1,0.015625,0,0.16236114160251602,uncertain
lband_long,275621,35841062,MeerKAT:array_1:20240319T020710Z,Gaia_2531005054800403072,13,1525.0810710340738,0.025220125811375827,21.911068,4,0.0625,-1,0.1623928481594425,uncertain
uhf_long,111583,34609038,MeerKAT:array_1:20250704T054305Z,Gaia_6441467778743186048,11,647.2235252261162,-0.012223026823492201,14.866508,1,0.015625,0,0.16262684514361012,uncertain
lband_long,6382,89389,MeerKAT:array_1:20250709T163303Z,Gaia_6441011412697998976,25,865.9557874947786,-0.025220125811375827,11.295654,2,0.03125,0,0.1627769138483757,uncertain
lband_long,275602,35841022,MeerKAT:array_1:20240319T020710Z,Gaia_2543034678375189632,9,1525.0330979973078,0.08070440259640264,28.685675,3,0.046875,-1,0.16292950318574945,uncertain
lband_long,275741,35841307,MeerKAT:array_1:20240319T020710Z,Gaia_2531009732019003776,40,1525.096235603094,-0.035308176135926156,21.023859,1,0.015625,0,0.16311287433858537,uncertain
uhf_long,68147,9251496,MeerKAT:array_1:20250710T060816Z,Gaia_5598358929681818496,34,599.1876205205917,0.06722664752920711,60.75013,2,0.03125,0,0.1642204441140471,uncertain
uhf_long,68181,9251909,MeerKAT:array_1:20250710T060816Z,Gaia_5599216411313573888,54,599.3126317858696,-0.0468549361567201,45.482887,1,0.015625,0,0.16436774010350433,uncertain
uhf_long,68121,9250935,MeerKAT:array_1:20250710T060816Z,Gaia_5599312721659940480,6,599.2969938516617,0.06722664752920711,82.21435,1,0.015625,0,0.1663266765005722,uncertain
uhf_long,10256,281222,MeerKAT:array_1:20250715T135202Z,ex_ASASSN-V_J153532.40-334016.8,33,550.2658658027649,-0.048892107293968805,20.925426,4,0.0625,-1,0.1678388056279817,uncertain
uhf_long,117324,34829832,MeerKAT:array_1:20250715T133052Z,Gaia_6214174398589950080,59,648.5687412023544,0.028520395921481805,27.226313,1,0.015625,0,0.1696798147151398,uncertain
uhf_long,68152,9251592,MeerKAT:array_1:20250710T060816Z,Gaia_5599276472135039104,39,599.1095078587532,-0.028520395921481805,11.258764,1,0.015625,0,0.16969598922275383,uncertain
uhf_long,68139,9251356,MeerKAT:array_1:20250710T060816Z,Gaia_5599209676804969600,27,599.1876347064972,-0.0631523052547097,62.761658,1,0.015625,0,0.17105112604159958,uncertain
uhf_long,68172,9251761,MeerKAT:array_1:20250710T060816Z,Gaia_5599131783275272192,47,599.1876205205917,0.06926381866645581,58.7203,2,0.03125,0,0.1716064711092505,uncertain
lband_short,18914,440170,MeerKAT:array_1:20250708T094824Z,Gaia_2973930089846241536,56,873.5825771689415,-0.3075228244096795,20.590563,4,0.0625,-1,0.17207775154058194,uncertain
uhf_long,8962,278702,MeerKAT:array_1:20250715T124827Z,ex_[VV2006]_J131735.5-021504,26,550.2658090591431,0.06926381866645581,12.916639,3,0.046875,-1,0.1734333610633515,uncertain
uhf_long,125945,35006765,MeerKAT:array_1:20250715T141354Z,Gaia_6210627958192734976,61,660.8565755486488,0.055003620705714906,29.361042,1,0.015625,0,0.17445083709933287,uncertain
uhf_long,8941,278656,MeerKAT:array_1:20250715T124827Z,ex_IC_4218,3,550.2658090591431,0.06926381866645581,16.61109,3,0.046875,-1,0.17488680986416374,uncertain
uhf_long,125613,35006231,MeerKAT:array_1:20250715T135202Z,ex_Gaia_DR2_6014515417835108352,12,660.8566333055496,-0.06111513411746101,15.378973,4,0.0625,-1,0.1752816064256888,uncertain
uhf_long,133499,35418028,MeerKAT:array_1:20250715T133052Z,ex_CRTS_J151512.8-265930,19,673.1444666385651,0.028520395921481805,10.169271,4,0.0625,-1,0.17735063188268776,uncertain
uhf_long,113971,34654978,MeerKAT:array_1:20250710T060816Z,Gaia_5598500526165506560,11,647.2236397266388,-0.020371711372487,258.87598,1,0.015625,0,0.1779543065447826,uncertain
uhf_long,134074,35418826,MeerKAT:array_1:20250715T135202Z,ex_ASASSN-V_J153631.88-332216.1,35,677.9615532755852,-0.048892107293968805,14.706148,4,0.0625,-1,0.17795535963144618,uncertain
uhf_long,133754,35418403,MeerKAT:array_1:20250715T135202Z,ex_CRTS_J153340.5-333253,15,673.1444869041443,0.07741250321545061,24.532833,1,0.015625,0,0.17817060894263945,uncertain
uhf_long,68146,9251493,MeerKAT:array_1:20250710T060816Z,Gaia_5598358929681818496,34,599.1407604217529,-0.06111513411746101,20.737028,2,0.03125,0,0.17843951853003368,uncertain
uhf_long,41899,1122830,MeerKAT:array_1:20250713T211114Z,Gaia_4190177932297031424,34,575.999328315258,0.06722664752920711,11.87885,4,0.0625,-1,0.17939758335836448,uncertain
uhf_long,68154,9251597,MeerKAT:array_1:20250710T060816Z,Gaia_5599276472135039104,39,599.1876306533813,-0.0162973690979896,87.76843,2,0.03125,0,0.17967236695821678,uncertain
uhf_long,135333,35427260,MeerKAT:array_1:20250717T054309Z,Gaia_4669818439435145216,44,673.1439934372902,0.06722664752920711,15.192792,1,0.015625,0,0.17993090009779897,uncertain
uhf_short,879,91959,MeerKAT:array_1:20250710T030814Z,Gaia_2699010672041142528,30,551.9994280338287,-0.11978566287022356,57.96199,1,0.015625,0,0.17996781318055133,uncertain
uhf_long,68166,9251709,MeerKAT:array_1:20250710T060816Z,Gaia_5598366213947478784,44,599.2970049977303,-0.0264832247842331,78.95829,2,0.03125,0,0.18200226282360377,uncertain
uhf_long,179344,9251681,MeerKAT:array_1:20250710T060816Z,Gaia_5599116974227915648,43,599.1876296401024,0.0020371711372487,69.27547,1,0.015625,0,0.18208777557084035,uncertain
uhf_long,68164,9251702,MeerKAT:array_1:20250710T060816Z,Gaia_5598366213947478784,44,599.1876225471497,0.0753753320782019,65.75599,2,0.03125,0,0.18254714901500146,uncertain
uhf_long,68161,9251650,MeerKAT:array_1:20250710T060816Z,Gaia_5598381675829459328,41,599.3595040440559,-0.028520395921481805,19.117281,1,0.015625,0,0.18343194207202465,uncertain
uhf_long,32130,987338,MeerKAT:array_1:20250715T133052Z,ex_CRTS_J151533.5-261942,2,562.553707242012,0.0081486845489948,22.587616,1,0.015625,0,0.1853803898742675,uncertain
uhf_long,68179,9251901,MeerKAT:array_1:20250710T060816Z,Gaia_5599216411313573888,54,599.1876326799393,-0.0366690804704766,46.72886,1,0.015625,0,0.1856004025448421,uncertain
uhf_long,113972,34654980,MeerKAT:array_1:20250710T060816Z,Gaia_5599207305983174784,12,647.2236397266388,0.022408882509735703,248.03842,1,0.015625,0,0.18608708693706685,uncertain
uhf_long,117655,34830505,MeerKAT:array_1:20250715T135202Z,ex_RX_J1534.3-3300,5,648.5687584280968,-0.059077962980212305,28.934746,4,0.0625,-1,0.1865483868279818,uncertain
uhf_long,183108,28005332,MeerKAT:array_1:20250715T133052Z,ex_LEDA_761943,22,611.7051591277122,0.0040743422744974,25.995743,1,0.015625,0,0.18716843693434512,uncertain
uhf_long,122924,34893831,MeerKAT:array_1:20250728T151003Z,J1326-4728A,0,647.2235941290855,-0.059077962980212305,166.5093,1,0.015625,0,0.18718958788455176,uncertain
uhf_long,113979,34655070,MeerKAT:array_1:20250710T060816Z,Gaia_5598498597711023232,57,647.2236326336861,0.05092927843121751,212.27702,2,0.03125,0,0.18752071401628997,uncertain
uhf_long,105253,33877157,MeerKAT:array_1:20250715T133052Z,ex_CRTS_J151522.8-265306,20,636.280881524086,0.0162973690979896,12.817503,1,0.015625,0,0.18799288404366976,uncertain
uhf_long,80221,28005744,MeerKAT:array_1:20250715T135202Z,Gaia_6014445465704029440,57,611.7051733136177,0.06722664752920711,14.920841,2,0.03125,0,0.1891069900239701,uncertain
uhf_long,116508,34814469,MeerKAT:array_1:20250715T053823Z,Gaia_4669692098677144704,20,651.6913204193115,-0.006111513411746101,16.296513,2,0.03125,0,0.1899265158582529,uncertain
uhf_long,58395,4543539,MeerKAT:array_1:20250715T124827Z,ex_[VV2006]_J131704.3-020048,18,589.8280995488167,0.0713009898037045,23.422323,1,0.015625,0,0.19030107216068273,uncertain
uhf_long,71565,11382893,MeerKAT:array_1:20250715T124827Z,ex_[VV2006]_J131758.7-014439,29,602.1161841750145,0.0753753320782019,10.9212055,3,0.046875,-1,0.19041414191474357,uncertain
uhf_long,125936,35006753,MeerKAT:array_1:20250715T141354Z,Gaia_6210947675560012160,49,660.8565623760223,-0.07944967435269931,25.92989,2,0.03125,0,0.1911505551319195,uncertain
uhf_long,68118,9250919,MeerKAT:array_1:20250710T060816Z,Gaia_5598501969274501504,5,599.3751288056374,-0.0264832247842331,17.003809,1,0.015625,0,0.1913495725656518,uncertain
uhf_long,68104,9250813,MeerKAT:array_1:20250710T060816Z,J0737-3039A,0,599.3126378655434,-0.0651894763919584,71.589806,1,0.015625,0,0.19305576015395734,uncertain
uhf_long,125369,35005828,MeerKAT:array_1:20250715T133052Z,Gaia_6214341043321072256,31,660.8566049337387,0.0264832247842331,12.35255,2,0.03125,0,0.19353122366327416,uncertain
sband_short,13452,1467407,MeerKAT:array_1:20250727T151713Z,Gaia_5922802747784231296,1,2029.9602735321969,0.03213260470874378,11.818792,4,0.0625,-1,0.1945509738151283,uncertain
uhf_long,58152,4543129,MeerKAT:array_1:20250715T124827Z,ex_[VV2006]_J131540.1-020548,7,587.1293992400169,-0.05092927843121751,17.502247,3,0.046875,-1,0.1972949811943181,uncertain
uhf_long,68198,9252047,MeerKAT:array_1:20250710T060816Z,Gaia_5599210398359631232,61,599.3126236796379,0.0468549361567201,61.46617,1,0.015625,0,0.1974485405809384,uncertain
uhf_long,67314,8756854,MeerKAT:array_1:20250707T173400Z,Gaia_6144523257546777472,52,599.250027358532,0.07944967435269931,161.76884,2,0.03125,0,0.19791810455326794,uncertain
lband_long,275649,35841113,MeerKAT:array_1:20240319T020710Z,Gaia_2531016427872523392,19,1525.0436594635248,-0.03026415097365099,45.016922,4,0.0625,-1,0.19980299804200435,uncertain
uhf_long,133498,35418023,MeerKAT:array_1:20250715T133052Z,ex_CRTS_J151752.7-262646,13,673.1444666385651,0.030557567058730504,12.721552,4,0.0625,-1,0.2001734006115771,uncertain
uhf_long,68186,9251929,MeerKAT:array_1:20250710T060816Z,Gaia_5599277331128504064,55,599.3126307725906,-0.0366690804704766,71.36223,1,0.015625,0,0.20096017790204432,uncertain
uhf_long,10259,281232,MeerKAT:array_1:20250715T135202Z,ex_NSV_07123,38,550.2658658027649,-0.048892107293968805,13.061942,4,0.0625,-1,0.2010222953994971,uncertain
uhf_long,68170,9251729,MeerKAT:array_1:20250710T060816Z,Gaia_5598525471336985728,45,599.2970049977303,-0.028520395921481805,139.98999,2,0.03125,0,0.20146306980469766,uncertain
uhf_long,8988,278766,MeerKAT:array_1:20250715T124827Z,ex_2dFGRS_TGN262Z292,58,550.2658131122589,-0.0468549361567201,17.71758,3,0.046875,-1,0.20223409438965495,uncertain
uhf_long,68142,9251397,MeerKAT:array_1:20250710T060816Z,Gaia_5599256990161970816,29,599.1876276135445,0.0264832247842331,57.854874,1,0.015625,0,0.20377648276881588,uncertain
uhf_long,113978,34655068,MeerKAT:array_1:20250710T060816Z,Gaia_5599281660455475200,56,647.2236427664757,-0.0529664495684662,196.24397,1,0.015625,0,0.20384691197507246,uncertain
uhf_long,9622,280338,MeerKAT:array_1:20250715T133052Z,Gaia_6226402651520520704,39,550.2658435106277,0.014260197960740902,10.180494,1,0.015625,0,0.20387881032314245,uncertain
uhf_long,125620,35006260,MeerKAT:array_1:20250715T135202Z,ex_LEDA_680986,41,660.8566333055496,-0.06111513411746101,18.525677,4,0.0625,-1,0.20436999108634085,uncertain
uhf_long,10246,281168,MeerKAT:array_1:20250715T135202Z,ex_ASASSN-V_J153251.02-331648.0,6,550.2658658027649,-0.048892107293968805,13.116689,4,0.0625,-1,0.20456389624755586,uncertain
uhf_long,71569,11382925,MeerKAT:array_1:20250715T124827Z,ex_2dFGRS_TGN261Z260,61,602.1161841750145,0.0753753320782019,10.380984,3,0.046875,-1,0.20598632306703601,uncertain
uhf_long,80542,28006096,MeerKAT:array_1:20250715T141354Z,ex_V359_Lup,23,611.7051226496696,0.028520395921481805,18.273865,3,0.046875,-1,0.206638514532385,uncertain
uhf_long,10267,281280,MeerKAT:array_1:20250715T135202Z,Gaia_6014524493102627456,62,550.2658658027649,-0.05092927843121751,14.085668,4,0.0625,-1,0.20756695952570905,uncertain
uhf_long,41840,1122745,MeerKAT:array_1:20250713T211114Z,Gaia_4189322134295572096,9,575.999328315258,0.0733381609409532,12.04203,3,0.046875,-1,0.21018283057065948,uncertain
uhf_long,68185,9251928,MeerKAT:array_1:20250710T060816Z,Gaia_5599277331128504064,55,599.2970060110092,-0.038706251607725305,108.85724,2,0.03125,0,0.2136246984020166,uncertain
uhf_long,85223,33349305,MeerKAT:array_1:20250714T160406Z,Gaia_6143880146324043008,40,615.2238686084747,0.055003620705714906,1073.5933,1,0.015625,0,0.2149350287044788,uncertain
uhf_long,90143,33393553,MeerKAT:array_1:20250728T151003Z,ex_V1697_Cen,17,615.2238787412643,-0.044817765019471406,109.01462,1,0.015625,0,0.2157384766344147,uncertain
uhf_long,85227,33349351,MeerKAT:array_1:20250714T160406Z,Gaia_6144722097352828672,59,615.2238675951958,0.059077962980212305,1305.8105,4,0.0625,-1,0.21639212756948095,uncertain
uhf_long,68171,9251730,MeerKAT:array_1:20250710T060816Z,Gaia_5598525471336985728,45,599.3126317858696,-0.0427805938822227,100.57851,2,0.03125,0,0.21670512572423503,uncertain
uhf_short,13811,1018437,MeerKAT:array_1:20250723T211918Z,Gaia_2698997241679605504,40,564.0002723932266,0.2909080383991144,15.910932,3,0.046875,-1,0.2192975165350443,uncertain
uhf_long,31886,986439,MeerKAT:array_1:20250715T124827Z,ex_2MASX_J13170753-0134111,62,562.5536515116692,0.0835240166271967,11.765927,4,0.0625,-1,0.21957031372750707,uncertain
uhf_long,68169,9251723,MeerKAT:array_1:20250710T060816Z,Gaia_5598525471336985728,45,599.2032564282417,-0.024446053646984402,123.522545,1,0.015625,0,0.2215631796675037,uncertain
uhf_long,68149,9251504,MeerKAT:array_1:20250710T060816Z,Gaia_5598358929681818496,34,599.3126186132431,0.0651894763919584,63.14601,1,0.015625,0,0.22174632508548694,uncertain
lband_long,275646,35841108,MeerKAT:array_1:20240319T020710Z,Gaia_2531002722632387456,18,1525.0857713967562,0.09079245292095298,20.699135,4,0.0625,-1,0.22271897561104068,uncertain
uhf_long,85217,33349214,MeerKAT:array_1:20250714T160406Z,Gaia_6144617952985480448,3,615.2238686084747,-0.06926381866645581,1469.4583,3,0.046875,-1,0.22274712294760576,uncertain
uhf_long,68183,9251918,MeerKAT:array_1:20250710T060816Z,Gaia_5599277331128504064,55,599.1407624483109,-0.07741250321545061,28.510654,1,0.015625,0,0.22409603675266654,uncertain
uhf_long,111363,34605929,MeerKAT:array_1:20250702T181451Z,ex_ESO_68-9,59,653.249530673027,0.030557567058730504,17.128382,4,0.0625,-1,0.2241683671336262,uncertain
uhf_long,68130,9251199,MeerKAT:array_1:20250710T060816Z,Gaia_5598524474904569856,19,599.3126165866852,0.0835240166271967,79.74969,1,0.015625,0,0.2247819618960966,uncertain
uhf_short,171722,33197739,MeerKAT:array_1:20250710T050136Z,Gaia_2700570848976880128,37,613.2232719063759,0.01711223755288908,48.650764,2,0.03125,0,0.22550070361746846,uncertain
uhf_long,105254,33877160,MeerKAT:array_1:20250715T133052Z,ex_LEDA_767498,23,636.280880510807,0.020371711372487,17.817604,1,0.015625,0,0.22792960417189936,uncertain
uhf_long,68114,9250875,MeerKAT:array_1:20250710T060816Z,Gaia_5598525505696721024,3,599.3126317858696,-0.040743422744974,106.30565,2,0.03125,0,0.22852965241207493,uncertain
uhf_long,68117,9250915,MeerKAT:array_1:20250710T060816Z,Gaia_5598501969274501504,5,599.3126287460327,-0.022408882509735703,71.74779,1,0.015625,0,0.22864794288908316,uncertain
uhf_long,68148,9251503,MeerKAT:array_1:20250710T060816Z,Gaia_5598358929681818496,34,599.2969918251038,0.081486845489948,78.48357,1,0.015625,0,0.2319265812197215,uncertain
uhf_long,117683,34830563,MeerKAT:array_1:20250715T135202Z,Gaia_6014539542668216832,63,648.5687584280968,-0.059077962980212305,28.924633,4,0.0625,-1,0.23242767187665786,uncertain
uhf_long,125623,35006270,MeerKAT:array_1:20250715T135202Z,ex_LEDA_682725,51,660.8566333055496,-0.0631523052547097,29.314173,4,0.0625,-1,0.2346321024914365,uncertain
uhf_long,96830,33538223,MeerKAT:array_1:20250715T124827Z,ex_[VV2006]_J131702.2-012952,17,626.6923412680626,-0.028520395921481805,11.088106,4,0.0625,-1,0.23467608392455733,uncertain
uhf_long,68158,9251606,MeerKAT:array_1:20250710T060816Z,Gaia_5599276472135039104,39,599.3282545208931,-0.030557567058730504,30.03958,1,0.015625,0,0.23736493281097668,uncertain
uhf_long,68138,9251315,MeerKAT:array_1:20250710T060816Z,Gaia_5598498430221553408,25,599.2032584547997,-0.048892107293968805,113.31529,1,0.015625,0,0.23920699051786978,uncertain
uhf_long,68159,9251608,MeerKAT:array_1:20250710T060816Z,Gaia_5599276472135039104,39,599.359503030777,-0.0162973690979896,29.405663,1,0.015625,0,0.2398395623749177,uncertain
lband_long,275643,35841103,MeerKAT:array_1:20240319T020710Z,Gaia_2531002722632387456,18,1525.0330979973078,0.08070440259640264,22.880243,3,0.046875,-1,0.2402661704257526,uncertain
lband_long,275793,35841412,MeerKAT:array_1:20240319T020710Z,Gaia_2530943280285016320,52,1525.0857713967562,0.09079245292095298,28.95591,4,0.0625,-1,0.24303022674790706,uncertain
uhf_long,83922,33198831,MeerKAT:array_1:20250710T060816Z,Gaia_5599267607321610240,62,615.2239071130753,0.081486845489948,154.76768,2,0.03125,0,0.2453427502131403,uncertain
uhf_long,85221,33349266,MeerKAT:array_1:20250714T160406Z,Gaia_6144627264474732928,25,615.2238686084747,-0.06926381866645581,1490.9379,3,0.046875,-1,0.24661353526489907,uncertain
uhf_short,56523,33396652,MeerKAT:array_1:20250729T173047Z,Gaia_6734055382070317952,59,615.2238797545433,-0.19679073185822443,191.4146,1,0.015625,0,0.24749757810760628,uncertain
uhf_long,83913,33198745,MeerKAT:array_1:20250710T060816Z,Gaia_5598524474904569856,19,615.2239081263542,0.0733381609409532,206.14972,1,0.015625,0,0.24828912075520504,uncertain
uhf_long,68124,9251011,MeerKAT:array_1:20250710T060816Z,Gaia_5598375731594665088,10,599.2032574415207,-0.0325947381959792,83.1367,2,0.03125,0,0.25167000131515005,uncertain
uhf_long,73008,11385117,MeerKAT:array_1:20250715T141354Z,ex_CRTS_J151431.7-304813,16,599.4172619581223,0.024446053646984402,26.157198,1,0.015625,0,0.25169312422161166,uncertain
lband_long,275605,35841027,MeerKAT:array_1:20240319T020710Z,Gaia_2543034678375189632,9,1525.0858144462109,-0.11096855357005364,26.919683,4,0.0625,-1,0.2517009591656753,uncertain
uhf_long,68137,9251311,MeerKAT:array_1:20250710T060816Z,Gaia_5598498430221553408,25,599.1407604217529,-0.059077962980212305,29.136534,2,0.03125,0,0.2517229070638998,uncertain
uhf_long,68126,9251031,MeerKAT:array_1:20250710T060816Z,Gaia_5598500526165506560,11,599.1876184940338,0.081486845489948,112.03267,1,0.015625,0,0.252489559874889,uncertain
uhf_long,125372,35005856,MeerKAT:array_1:20250715T133052Z,Gaia_6214174398589950080,59,660.856597840786,0.055003620705714906,20.444523,3,0.046875,-1,0.252498297492462,uncertain
uhf_long,68112,9250868,MeerKAT:array_1:20250710T060816Z,Gaia_5598525505696721024,3,599.2032564282417,-0.028520395921481805,145.57497,2,0.03125,0,0.25340477673228273,uncertain
uhf_long,105056,33876716,MeerKAT:array_1:20250715T124827Z,ex_UGC_8340,57,633.7495009303093,0.0468549361567201,12.476578,1,0.015625,0,0.2553075496309382,uncertain
lband_long,275662,35841131,MeerKAT:array_1:20240319T020710Z,Gaia_2531018012715958656,21,1525.043661057949,-0.035308176135926156,28.60772,2,0.03125,0,0.25562279856386466,uncertain
uhf_long,85218,33349220,MeerKAT:array_1:20250714T160406Z,Gaia_6143878187818930176,5,615.2238696217537,-0.0651894763919584,1517.9991,2,0.03125,0,0.2566859161755591,uncertain
uhf_long,71868,11383555,MeerKAT:array_1:20250715T133052Z,ex_CRTS_J151722.0-265132,14,599.4173004627228,-0.012223026823492201,60.128242,1,0.015625,0,0.25690289518146825,uncertain
uhf_long,68106,9250826,MeerKAT:array_1:20250710T060816Z,Gaia_5598368344251216896,1,599.1876235604286,0.06722664752920711,72.051765,2,0.03125,0,0.25743412623667256,uncertain
uhf_long,68196,9252027,MeerKAT:array_1:20250710T060816Z,Gaia_5598480734956276992,60,599.31262165308,0.06722664752920711,64.364655,1,0.015625,0,0.2605255998028078,uncertain
uhf_long,67313,8756840,MeerKAT:array_1:20250707T173400Z,Gaia_6144680414692219648,38,599.250026345253,0.07944967435269931,139.25745,2,0.03125,0,0.2634747686327545,uncertain
uhf_long,79855,28005149,MeerKAT:array_1:20250715T124827Z,ex_2MASX_J13171155-0212040,63,611.7051267027855,-0.0733381609409532,44.598366,3,0.046875,-1,0.26547575023936554,uncertain
uhf_long,111360,34605924,MeerKAT:array_1:20250702T181451Z,ex_ASASSN-V_J154013.40-690722.8,54,653.2495347261429,0.0183345402352383,13.2353735,4,0.0625,-1,0.26581797097571125,uncertain
uhf_long,85224,33349318,MeerKAT:array_1:20250714T160406Z,Gaia_6144710552480752768,46,615.2238696217537,-0.081486845489948,2163.9866,1,0.015625,0,0.2670374582844633,uncertain
uhf_long,111361,34605925,MeerKAT:array_1:20250702T181451Z,ex_ASASSN-V_J154125.84-691615.0,55,653.2495256066322,0.0529664495684662,10.602214,1,0.015625,0,0.26779901542922985,uncertain
uhf_long,125371,35005845,MeerKAT:array_1:20250715T133052Z,Gaia_6214377842600673024,48,660.8566059470177,0.020371711372487,32.513977,3,0.046875,-1,0.26787894630525527,uncertain
uhf_long,111364,34605933,MeerKAT:array_1:20250702T181451Z,Gaia_5820166056060793856,63,653.2495478987694,-0.030557567058730504,15.442182,1,0.015625,0,0.2710190034898428,uncertain
uhf_long,133394,35417893,MeerKAT:array_1:20250715T130947Z,ex_ASASSN-V_J160737.22-595206.7,42,677.9615542888641,0.012223026823492201,19.35237,1,0.015625,0,0.27167409526611314,uncertain
uhf_long,113974,34654984,MeerKAT:array_1:20250710T060816Z,Gaia_5599130924282145664,14,647.2236326336861,0.048892107293968805,315.11893,2,0.03125,0,0.27180232940901033,uncertain
uhf_long,68110,9250864,MeerKAT:array_1:20250710T060816Z,Gaia_5598525505696721024,3,599.140757381916,-0.030557567058730504,35.45448,2,0.03125,0,0.2736081679402054,uncertain
uhf_long,96656,33537644,MeerKAT:array_1:20250715T124827Z,ex_[VV2006]_J131600.8-021819,9,623.9975714683533,-0.06111513411746101,214.52612,1,0.015625,0,0.2739728952711307,uncertain
uhf_long,126139,35010832,MeerKAT:array_1:20250717T054309Z,Gaia_4669681996914101120,2,660.8561519980431,-0.0713009898037045,11.305173,3,0.046875,-1,0.27400138906509547,uncertain
uhf_long,9621,280300,MeerKAT:array_1:20250715T133052Z,ex_CRTS_J151522.8-265306,20,550.2658303380013,0.0101858556862435,23.342686,1,0.015625,0,0.2795029308815898,uncertain
uhf_long,125363,35005800,MeerKAT:array_1:20250715T133052Z,ex_CRTS_J151615.6-261959,3,660.856597840786,0.055003620705714906,30.370358,3,0.046875,-1,0.2808124655941894,uncertain
sband_short,20920,348003,MeerKAT:array_1:20250724T183832Z,Gaia_6103252848081506304,49,2190.441397950053,-0.021421736472495855,11.526937,1,0.015625,0,0.2821098364779064,uncertain
uhf_long,133014,35417199,MeerKAT:array_1:20250715T124827Z,ex_[VV2006]_J131540.1-020548,7,673.1444271206856,0.081486845489948,14.400661,3,0.046875,-1,0.28300100227069497,uncertain
uhf_long,115994,34810050,MeerKAT:array_1:20250714T160406Z,Gaia_6144622557190430464,12,647.2235900759697,-0.0651894763919584,1787.6299,1,0.015625,0,0.28459332157824324,uncertain
uhf_long,66568,8287541,MeerKAT:array_1:20250705T192701Z,ex_Gaia_DR3_6757681752318316672,22,599.2500547170639,-0.07944967435269931,38.053253,1,0.015625,0,0.2852579009471797,uncertain
uhf_long,133348,35417827,MeerKAT:array_1:20250715T130947Z,ex_ASASSN-V_J161318.56-602241.8,9,677.9615522623062,-0.030557567058730504,21.684906,1,0.015625,0,0.2858947976235971,uncertain
uhf_long,125919,35006706,MeerKAT:array_1:20250715T141354Z,ex_4FGL_J1513.0-3118,2,660.8565481901169,0.012223026823492201,21.616573,1,0.015625,0,0.28768330302373707,uncertain
uhf_long,133500,35418032,MeerKAT:array_1:20250715T133052Z,ex_LEDA_766727,24,673.144468665123,0.022408882509735703,11.86319,2,0.03125,0,0.2878065603331594,uncertain
uhf_short,24184,1114723,MeerKAT:array_1:20250713T150856Z,Gaia_1468252166620883456,57,576.0005422234535,-0.2823519196226698,19.73746,4,0.0625,-1,0.2898391626592404,uncertain
sband_long,17894,35376470,MeerKAT:array_1:20250727T163815Z,ex_ASASSN-V_J193742.65-634909.7,21,2171.9577971380204,0.015811281682080274,77.38944,3,0.046875,-1,0.2910015883793899,uncertain
uhf_long,68113,9250874,MeerKAT:array_1:20250710T060816Z,Gaia_5598525505696721024,3,599.2970060110092,-0.038706251607725305,153.15648,2,0.03125,0,0.29490743415556536,uncertain
uhf_long,71866,11383551,MeerKAT:array_1:20250715T133052Z,ex_CRTS_J151435.6-261552,12,599.417295396328,0.0081486845489948,58.167206,3,0.046875,-1,0.2954387588594943,uncertain
uhf_long,113977,34655000,MeerKAT:array_1:20250710T060816Z,Gaia_5598481490870616320,22,647.2236377000809,0.006111513411746101,339.4574,1,0.015625,0,0.29619320310243746,uncertain
lband_long,275700,35841211,MeerKAT:array_1:20240319T020710Z,Gaia_2531011621804591872,30,1525.0331346690655,-0.0857484277586778,18.165087,1,0.015625,0,0.29724621937379386,uncertain
uhf_long,80207,28005722,MeerKAT:array_1:20250715T135202Z,ex_2MASX_J15352824-3307053,46,611.7051733136177,0.06722664752920711,23.841726,2,0.03125,0,0.29748807097774105,uncertain
uhf_long,180354,11383615,MeerKAT:array_1:20250715T133052Z,Gaia_6226381348483140864,44,599.4172964096069,0.0040743422744974,74.2184,3,0.046875,-1,0.2979852768166194,uncertain
uhf_long,125929,35006736,MeerKAT:array_1:20250715T141354Z,ex_LEDA_705243,32,660.8565350174904,0.0468549361567201,15.146038,4,0.0625,-1,0.2994063271899368,uncertain
uhf_long,126140,35010841,MeerKAT:array_1:20250717T054309Z,Gaia_4669683302584135808,11,660.856153011322,-0.07741250321545061,14.823342,3,0.046875,-1,0.30090602915193804,uncertain
uhf_long,68153,9251594,MeerKAT:array_1:20250710T060816Z,Gaia_5599276472135039104,39,599.140757381916,-0.030557567058730504,37.477493,2,0.03125,0,0.3023901168330944,uncertain
uhf_long,111353,34605904,MeerKAT:array_1:20250702T181451Z,ex_ASASSN-V_J153137.42-684904.4,34,653.2495296597481,0.034631909333227906,13.408011,3,0.046875,-1,0.3030232439177988,uncertain
uhf_long,113980,34655072,MeerKAT:array_1:20250710T060816Z,Gaia_5598500109539602176,58,647.223633646965,0.040743422744974,475.4355,2,0.03125,0,0.30507895329711365,uncertain
uhf_long,96832,33538233,MeerKAT:array_1:20250715T124827Z,ex_[VV2006]_J131716.4-021814,22,626.6923372149467,-0.012223026823492201,12.444817,2,0.03125,0,0.30552199735749,uncertain
uhf_long,108430,34499126,MeerKAT:array_1:20250715T133052Z,Gaia_6214270468417955456,50,639.9959867596626,-0.06722664752920711,41.623714,4,0.0625,-1,0.3098282457743588,uncertain
uhf_long,111337,34605873,MeerKAT:array_1:20250702T181451Z,ex_HD_138244,3,653.2495428323746,-0.014260197960740902,20.779377,3,0.046875,-1,0.3099971632220818,uncertain
uhf_long,180350,11383587,MeerKAT:array_1:20250715T133052Z,Gaia_6214340699723681152,30,599.4172964096069,0.0040743422744974,57.08415,3,0.046875,-1,0.3120179278268258,uncertain
uhf_long,133387,35417885,MeerKAT:array_1:20250715T130947Z,ex_ASASSN-V_J161455.85-595337.3,38,677.96155834198,-0.0468549361567201,15.289644,1,0.015625,0,0.3134965410923425,uncertain
uhf_long,59449,4545258,MeerKAT:array_1:20250715T141354Z,ex_Gaia_DR3_6210810163588884096,13,587.1293941736221,-0.07944967435269931,18.301584,3,0.046875,-1,0.31438425738698605,uncertain
uhf_long,125370,35005836,MeerKAT:array_1:20250715T133052Z,Gaia_6226402651520520704,39,660.8566059470177,0.022408882509735703,29.332031,4,0.0625,-1,0.31515952381282625,uncertain
uhf_long,44523,1133778,MeerKAT:array_1:20250715T141354Z,Gaia_6210682865054712192,51,574.8415304422379,-0.0713009898037045,11.4279175,3,0.046875,-1,0.316342577801935,uncertain
uhf_long,125367,35005819,MeerKAT:array_1:20250715T133052Z,ex_LEDA_761943,22,660.8566059470177,0.022408882509735703,25.610607,4,0.0625,-1,0.3172338834146097,uncertain
lband_long,278693,35878913,MeerKAT:array_1:20240319T020710Z,Gaia_2543029352615742080,36,1696.7997955977917,0.08070440259640264,10.563534,3,0.046875,-1,0.31748503406901385,uncertain
uhf_long,133502,35418040,MeerKAT:array_1:20250715T133052Z,Gaia_6214255728090340992,41,673.144469678402,0.0162973690979896,11.01138,1,0.015625,0,0.3176830549670143,uncertain
uhf_long,111349,34605890,MeerKAT:array_1:20250702T181451Z,ex_Gaia_DR2_5820203061496596608,20,653.2495175004005,0.0835240166271967,10.780338,1,0.015625,0,0.31882304923686605,uncertain
uhf_long,68191,9251998,MeerKAT:array_1:20250710T060816Z,Gaia_5599182635689616896,59,599.1876347064972,-0.040743422744974,62.656616,1,0.015625,0,0.3208086179282325,uncertain
uhf_long,206146,34605921,MeerKAT:array_1:20250702T181451Z,ex_ASASSN-V_J153914.02-690648.4,51,653.2495387792587,0.0040743422744974,17.912481,2,0.03125,0,0.32422814410053463,uncertain
uhf_long,68167,9251710,MeerKAT:array_1:20250710T060816Z,Gaia_5598366213947478784,44,599.3126186132431,0.07741250321545061,56.743214,1,0.015625,0,0.3255429002806403,uncertain
uhf_long,68107,9250834,MeerKAT:array_1:20250710T060816Z,Gaia_5598368344251216896,1,599.3126317858696,-0.0183345402352383,76.69099,2,0.03125,0,0.32882286087319085,uncertain
uhf_long,111345,34605885,MeerKAT:array_1:20250702T181451Z,ex_Gaia_DR2_5820278206247072768,15,653.2495610713959,-0.081486845489948,13.312945,1,0.015625,0,0.33030752364298155,uncertain
uhf_long,11156,282324,MeerKAT:array_1:20250715T141354Z,ex_GALEX_J151332.7-305703,14,550.265785753727,0.030557567058730504,14.352033,3,0.046875,-1,0.33235131503434745,uncertain
uhf_long,125941,35006760,MeerKAT:array_1:20250715T141354Z,Gaia_6210936027608703744,56,660.8565421104431,0.05092927843121751,28.758627,1,0.015625,0,0.33310946708347045,uncertain
lband_long,275777,35841372,MeerKAT:array_1:20240319T020710Z,Gaia_2537023579586481792,48,1525.0436770021915,-0.10592452840777847,40.1469,1,0.015625,0,0.33334977157047274,uncertain
uhf_long,111347,34605888,MeerKAT:array_1:20250702T181451Z,ex_Gaia_DR3_5820306621743296768,18,653.2495418190956,-0.006111513411746101,12.376287,1,0.015625,0,0.3346616360762895,uncertain
uhf_long,41961,1122917,MeerKAT:array_1:20250713T211114Z,Gaia_4189314089819894272,59,575.999328315258,0.028520395921481805,11.341029,2,0.03125,0,0.33542295175504416,uncertain
uhf_long,111342,34605881,MeerKAT:array_1:20250702T181451Z,ex_ASASSN-V_J154122.03-684601.7,11,653.2495337128639,0.0183345402352383,20.059359,4,0.0625,-1,0.3379779246656215,uncertain
uhf_long,111336,34605870,MeerKAT:array_1:20250702T181451Z,J1536-6855T2,0,653.2495519518852,-0.044817765019471406,13.768588,1,0.015625,0,0.3399263644454311,uncertain
uhf_long,117319,34829818,MeerKAT:array_1:20250715T133052Z,Gaia_6214260091777145984,45,648.5687341094017,0.0631523052547097,42.770763,3,0.046875,-1,0.34118079958635705,uncertain
uhf_long,41920,1122859,MeerKAT:array_1:20250713T211114Z,Gaia_4189273790143220480,42,575.9993273019791,0.05704079184296361,11.04471,3,0.046875,-1,0.3420964974338082,uncertain
uhf_long,96823,33538195,MeerKAT:array_1:20250715T124827Z,ex_IC_4218,3,626.6923412680626,-0.028520395921481805,11.574141,4,0.0625,-1,0.3423571350305187,uncertain
uhf_long,111350,34605891,MeerKAT:array_1:20250702T181451Z,ex_Gaia_DR2_5820207768781183616,21,653.249531686306,0.030557567058730504,16.154886,4,0.0625,-1,0.34266484706874356,uncertain
lband_short,12002,405758,MeerKAT:array_1:20250701T073022Z,ex_LEDA_1149755,31,879.9955444186926,0.32802434603699143,53.098682,1,0.015625,0,0.34616342092420466,uncertain
uhf_long,133761,35418439,MeerKAT:array_1:20250715T135202Z,Gaia_6014499066895969792,58,673.1444879174232,0.0651894763919584,16.358166,1,0.015625,0,0.34709042518445954,uncertain
uhf_short,54495,27877055,MeerKAT:array_1:20250713T175609Z,Gaia_1456190043026833664,10,607.2759323716164,-0.15401013797600172,99.55255,1,0.015625,0,0.3475938482728356,uncertain
uhf_long,126143,35010888,MeerKAT:array_1:20250717T054309Z,Gaia_4669677323989657984,58,660.8561519980431,-0.0713009898037045,20.728582,3,0.046875,-1,0.3486415913751843,uncertain
uhf_long,179343,9251609,MeerKAT:array_1:20250710T060816Z,Gaia_5599276472135039104,39,599.3751257658005,-0.0040743422744974,16.67531,1,0.015625,0,0.34945013118739215,uncertain
lband_long,278741,35879013,MeerKAT:array_1:20240319T020710Z,Gaia_2530940462786470656,49,1696.7997955977917,0.08070440259640264,12.61654,3,0.046875,-1,0.3500640588582595,uncertain
uhf_long,59028,4544779,MeerKAT:array_1:20250715T135202Z,ex_ASASSN-V_J153642.66-332458.7,36,587.1294529438019,-0.022408882509735703,17.806797,3,0.046875,-1,0.3550652343121961,uncertain
uhf_long,113981,34655080,MeerKAT:array_1:20250710T060816Z,Gaia_5599267607321610240,62,647.2236407399178,-0.030557567058730504,230.80765,1,0.015625,0,0.3562603918547484,uncertain
uhf_long,73057,11385197,MeerKAT:array_1:20250715T141354Z,Gaia_6210936027608703744,56,599.4172548651695,-0.07944967435269931,16.31647,1,0.015625,0,0.358939677223529,uncertain
uhf_long,111351,34605894,MeerKAT:array_1:20250702T181451Z,ex_ASASSN-V_J153034.89-685456.8,24,653.2495225667953,0.06111513411746101,13.568458,1,0.015625,0,0.35974919255685717,uncertain
uhf_long,68120,9250929,MeerKAT:array_1:20250710T060816Z,Gaia_5599312721659940480,6,599.2032614946365,-0.06926381866645581,90.13955,1,0.015625,0,0.3603661138877133,uncertain
uhf_long,68115,9250907,MeerKAT:array_1:20250710T060816Z,Gaia_5598501969274501504,5,599.1876336932182,-0.048892107293968805,68.9941,1,0.015625,0,0.36646587317771484,uncertain
uhf_short,31007,1136201,MeerKAT:array_1:20250715T222140Z,Gaia_4426460404127101440,6,575.9991368055344,-0.11122954409377903,15.292985,3,0.046875,-1,0.3676162523294874,uncertain
lband_long,112783,16147588,MeerKAT:array_1:20250702T203437Z,Gaia_6440687808385485568,36,960.0206460952759,-0.015132075486825495,11.3846855,1,0.015625,0,0.3680118954607135,uncertain
uhf_long,72345,11384276,MeerKAT:array_1:20250715T135202Z,Gaia_6016055253808084480,56,599.4173004627228,-0.030557567058730504,19.891567,4,0.0625,-1,0.3713113908646688,uncertain
uhf_long,59474,4545300,MeerKAT:array_1:20250715T141354Z,ex_LEDA_706855,34,587.1293678283691,0.0427805938822227,20.50331,3,0.046875,-1,0.37135187797592134,uncertain
lband_long,275727,35841275,MeerKAT:array_1:20240319T020710Z,Gaia_2530998457729328768,37,1525.0437471568584,0.02017610064910066,24.765976,1,0.015625,0,0.3730622070817346,uncertain
uhf_long,117363,34829886,MeerKAT:array_1:20250715T133052Z,Gaia_6226381348483140864,44,648.8109209537506,0.081486845489948,12.1030655,4,0.0625,-1,0.3764347090685437,uncertain
uhf_long,111355,34605912,MeerKAT:array_1:20250702T181451Z,ex_ASASSN-V_J153505.00-690312.1,42,653.2495428323746,-0.012223026823492201,16.9735,2,0.03125,0,0.37769549001703795,uncertain
uhf_long,45938,1145253,MeerKAT:array_1:20250717T054309Z,Gaia_4669812563919875200,22,574.8411717414856,-0.0427805938822227,11.457916,2,0.03125,0,0.37930009448398533,uncertain
uhf_long,117343,34829860,MeerKAT:array_1:20250715T133052Z,ex_LEDA_767528,21,648.8109209537506,0.0835240166271967,12.959174,4,0.0625,-1,0.37940556710546947,uncertain
uhf_long,105909,33878077,MeerKAT:array_1:20250715T141354Z,Gaia_6210681043988568320,57,636.2808126211166,0.0366690804704766,16.202171,1,0.015625,0,0.3798582607619503,uncertain
uhf_long,125928,35006733,MeerKAT:array_1:20250715T141354Z,ex_CRTS_J151347.0-304145,29,660.8565542697906,-0.040743422744974,36.71878,3,0.046875,-1,0.38038402449482867,uncertain
mk_sample_hits,14889,35841186,MeerKAT:array_1:20240319T020710Z,Gaia_2531005849368549376,27,1525.0548921823502,-0.01008805032455033,20.433064,1,0.015625,0,0.3832107971493267,uncertain
uhf_short,84547,34900128,MeerKAT:array_1:20250729T173047Z,Gaia_6734202304308193024,32,647.2235981822014,-0.2139029694111135,156.1373,1,0.015625,0,0.3838382731949576,uncertain
uhf_long,111362,34605927,MeerKAT:array_1:20250702T181451Z,ex_NSV_7143,57,653.2495347261429,0.0183345402352383,17.113142,4,0.0625,-1,0.385374283612203,uncertain
uhf_long,125364,35005802,MeerKAT:array_1:20250715T133052Z,ex_CRTS_J151640.6-261626,5,660.856597840786,0.0529664495684662,17.556244,3,0.046875,-1,0.3855502202129047,uncertain
uhf_long,118195,34831353,MeerKAT:array_1:20250715T141354Z,ex_4FGL_J1513.0-3118,2,648.5687158703804,-0.014260197960740902,31.861235,1,0.015625,0,0.38964043808680304,uncertain
uhf_long,68192,9252006,MeerKAT:array_1:20250710T060816Z,Gaia_5599182635689616896,59,599.3126287460327,-0.014260197960740902,63.748768,2,0.03125,0,0.39132640666226476,uncertain
uhf_long,68190,9251979,MeerKAT:array_1:20250710T060816Z,Gaia_5598500109539602176,58,599.2032442688942,0.0733381609409532,111.53546,1,0.015625,0,0.39514330294651273,uncertain
uhf_long,122925,34893845,MeerKAT:array_1:20250728T151003Z,ex_V1632_Cen,7,647.2235941290855,-0.044817765019471406,192.11003,1,0.015625,0,0.39641515375863534,uncertain
uhf_long,58724,4544422,MeerKAT:array_1:20250715T133052Z,Gaia_6214343207984246400,42,587.1294215321541,0.05704079184296361,19.344402,4,0.0625,-1,0.39735588829709406,uncertain
uhf_long,32132,987361,MeerKAT:array_1:20250715T133052Z,Gaia_6214385161224956672,25,562.5537123084068,-0.012223026823492201,16.88257,1,0.015625,0,0.399525763415652,uncertain
uhf_long,68157,9251605,MeerKAT:array_1:20250710T060816Z,Gaia_5599276472135039104,39,599.3126287460327,-0.0162973690979896,80.98842,2,0.03125,0,0.39986678045737284,uncertain
uhf_long,85222,33349278,MeerKAT:array_1:20250714T160406Z,Gaia_6144679628716049280,30,615.2238686084747,-0.06722664752920711,2013.6979,4,0.0625,-1,0.4006005454281461,uncertain
uhf_long,81083,32726004,MeerKAT:array_1:20250729T055516Z,Gaia_4668947007750901120,51,608.0173050165176,-0.030557567058730504,153.85043,3,0.046875,-1,0.4072717255611596,uncertain
uhf_long,117326,34829837,MeerKAT:array_1:20250715T133052Z,J1516_4-2640,0,648.8109260201454,0.040743422744974,10.129819,2,0.03125,0,0.4077216003294482,uncertain
uhf_long,210693,34814471,MeerKAT:array_1:20250715T053823Z,Gaia_4669881317756360448,22,651.6913194060326,-0.0020371711372487,15.620544,2,0.03125,0,0.4115316024696678,uncertain
uhf_long,116559,34815562,MeerKAT:array_1:20250715T053823Z,Gaia_4669058127144890240,24,653.249532699585,0.05092927843121751,10.796557,4,0.0625,-1,0.41456941954857524,uncertain
uhf_long,108432,34499128,MeerKAT:array_1:20250715T133052Z,Gaia_6214395812743872000,52,639.9959867596626,-0.06722664752920711,38.84756,4,0.0625,-1,0.41686100973037277,uncertain
uhf_long,79848,28005142,MeerKAT:array_1:20250715T124827Z,ex_PGC1089638,56,611.7051267027855,-0.0733381609409532,70.97246,3,0.046875,-1,0.41822749781774105,uncertain
uhf_short,170551,27877079,MeerKAT:array_1:20250713T175609Z,Gaia_1468296662482079872,34,607.275917172432,0.00855611877644454,99.40204,2,0.03125,0,0.4202411538805178,uncertain
uhf_long,58413,4543587,MeerKAT:array_1:20250715T124827Z,ex_LEDA_1109753,42,589.8280752301216,0.0162973690979896,21.204876,2,0.03125,0,0.424893229726888,uncertain
uhf_long,51022,1234593,MeerKAT:array_1:20250729T055516Z,Gaia_4669757450899696512,16,576.0163939595222,-0.0264832247842331,123.33223,3,0.046875,-1,0.42508618654353214,uncertain
uhf_long,81020,32725895,MeerKAT:array_1:20250729T055516Z,Gaia_4669829537630636544,1,608.0173050165176,-0.030557567058730504,192.385,3,0.046875,-1,0.42672062039222364,uncertain
uhf_long,125365,35005805,MeerKAT:array_1:20250715T133052Z,ex_CRTS_J151358.5-264237,8,660.8566049337387,0.024446053646984402,33.864555,4,0.0625,-1,0.4272783580297476,uncertain
uhf_long,74579,11573321,MeerKAT:array_1:20250717T054309Z,Gaia_4669689860998045312,39,599.4168829917908,-0.07741250321545061,41.186733,3,0.046875,-1,0.4306055065415194,uncertain
lband_long,275788,35841398,MeerKAT:array_1:20240319T020710Z,Gaia_2543034850173888256,51,1525.033093214035,0.10088050324550331,30.228607,3,0.046875,-1,0.43196432610689767,uncertain
uhf_long,51017,1234584,MeerKAT:array_1:20250729T055516Z,Gaia_4668944705648386048,14,576.0163888931274,-0.006111513411746101,91.33186,4,0.0625,-1,0.4331498236599858,uncertain
lband_long,275600,35841018,MeerKAT:array_1:20240319T020710Z,Gaia_2531011376990672256,8,1525.0857937186956,-0.015132075486825495,22.277544,4,0.0625,-1,0.4344985280818005,uncertain
uhf_long,32737,988050,MeerKAT:array_1:20250715T141354Z,ex_ASASSN-V_J151128.63-310122.7,21,562.5536444187164,0.081486845489948,32.898994,3,0.046875,-1,0.4352545340903987,uncertain
uhf_long,67312,8756837,MeerKAT:array_1:20250707T173400Z,Gaia_6144299438211598336,35,599.2500233054161,0.044817765019471406,174.62718,1,0.015625,0,0.43891806111422876,uncertain
uhf_long,51135,1234811,MeerKAT:array_1:20250729T055516Z,Gaia_4669745356271672192,59,576.0163919329643,-0.0183345402352383,149.26381,3,0.046875,-1,0.4396141070222989,uncertain
uhf_long,51145,1234831,MeerKAT:array_1:20250729T055516Z,Gaia_4669827304247693824,63,576.0163969993591,-0.038706251607725305,136.60983,3,0.046875,-1,0.4422800324828757,uncertain
uhf_long,10263,281248,MeerKAT:array_1:20250715T135202Z,ex_2MASX_J15352824-3307053,46,550.265863776207,-0.0162973690979896,12.329753,1,0.015625,0,0.44238400669057426,uncertain
uhf_long,59017,4544763,MeerKAT:array_1:20250715T135202Z,ex_ASASSN-V_J153339.64-330209.6,28,587.1294539570808,-0.038706251607725305,24.94171,3,0.046875,-1,0.44306312167376627,uncertain
uhf_long,58425,4543617,MeerKAT:array_1:20250715T124827Z,ex_UGC_8340,57,589.8280762434006,0.012223026823492201,24.460884,1,0.015625,0,0.44647680561566166,uncertain
uhf_long,71888,11383609,MeerKAT:array_1:20250715T133052Z,Gaia_6214255728090340992,41,599.4172994494438,-0.0081486845489948,23.398611,1,0.015625,0,0.44788518774799185,uncertain
uhf_long,81023,32725898,MeerKAT:array_1:20250729T055516Z,Gaia_4669682271792006784,2,608.0173080563545,-0.0427805938822227,179.69978,2,0.03125,0,0.4494756840718617,uncertain
sband_long,17421,35170157,MeerKAT:array_1:20250703T213810Z,Gaia_5958262929838644608,27,2172.3639355041087,0.015811281682080274,13.480509,2,0.03125,0,0.4502104316227628,uncertain
uhf_long,71875,11383575,MeerKAT:array_1:20250715T133052Z,ex_LEDA_766727,24,599.417295396328,0.0101858556862435,75.792885,4,0.0625,-1,0.4504673084986789,uncertain
uhf_long,71857,11383529,MeerKAT:array_1:20250715T133052Z,ex_4FGL_J1516.4-2640,1,599.4172852635384,0.0529664495684662,24.355436,3,0.046875,-1,0.45082840934827445,uncertain
uhf_short,170552,27877106,MeerKAT:array_1:20250713T175609Z,Gaia_1468240106352793856,61,607.275917172432,0.00855611877644454,45.71217,2,0.03125,0,0.45101505943032366,uncertain
lband_long,275762,35841353,MeerKAT:array_1:20240319T020710Z,Gaia_2543031173681877120,46,1525.0436323583126,0.09583647808322814,37.7692,1,0.015625,0,0.4513901464507182,uncertain
uhf_long,126142,35010885,MeerKAT:array_1:20250717T054309Z,Gaia_4669816618369005440,55,660.8561519980431,-0.0713009898037045,12.9678335,3,0.046875,-1,0.4531920858372833,uncertain
uhf_long,58394,4543535,MeerKAT:array_1:20250715T124827Z,ex_[VV2006]_J131657.2-021631,16,589.8280985355377,0.0753753320782019,25.29208,2,0.03125,0,0.45612957672467963,uncertain
uhf_long,81099,32726031,MeerKAT:array_1:20250729T055516Z,Gaia_4669063418544615296,62,608.0173060297966,-0.0325947381959792,175.78041,3,0.046875,-1,0.4567621794096654,uncertain
uhf_short,24125,1114174,MeerKAT:array_1:20250713T150856Z,Gaia_1456165372734634240,3,576.0005422234535,-0.2310152069640026,19.546535,1,0.015625,0,0.45956749959430815,uncertain
uhf_long,71858,11383531,MeerKAT:array_1:20250715T133052Z,ex_CRTS_J151533.5-261942,2,599.417294383049,0.012223026823492201,73.02709,3,0.046875,-1,0.460225136156765,uncertain
uhf_long,117312,34829797,MeerKAT:array_1:20250715T133052Z,ex_LEDA_766727,24,648.5687341094017,0.0631523052547097,40.40885,3,0.046875,-1,0.4623102889086431,uncertain
uhf_long,86118,33358786,MeerKAT:array_1:20250715T133052Z,Gaia_6214375334339748480,54,615.990301668644,-0.048892107293968805,14.415575,3,0.046875,-1,0.4636530021625112,uncertain
uhf_long,58383,4543509,MeerKAT:array_1:20250715T124827Z,ex_IC_4218,3,589.8280863761902,-0.028520395921481805,23.35797,2,0.03125,0,0.46418972408668074,uncertain
uhf_long,111339,34605877,MeerKAT:array_1:20250702T181451Z,ex_ASASSN-V_J154010.46-690525.5,7,653.2495357394218,0.014260197960740902,13.959789,1,0.015625,0,0.46466811767274163,uncertain
mk_sample_hits,14894,35841290,MeerKAT:array_1:20240319T020710Z,Gaia_2531010586717352576,38,1525.1078669279814,-0.005044025162275165,18.17839,2,0.03125,0,0.46485558929693044,uncertain
uhf_long,111352,34605895,MeerKAT:array_1:20250702T181451Z,ex_ASASSN-V_J153247.14-684608.1,25,653.2495205402374,0.0713009898037045,18.192656,1,0.015625,0,0.46550483672147447,uncertain
uhf_long,118211,34831410,MeerKAT:array_1:20250715T141354Z,Gaia_6210677809876566784,59,648.5687067508698,0.0427805938822227,32.756504,2,0.03125,0,0.47011567504065127,uncertain
uhf_long,32738,988062,MeerKAT:array_1:20250715T141354Z,ex_2MFGC_12293,33,562.5536444187164,0.081486845489948,36.53789,3,0.046875,-1,0.4704808877297909,uncertain
uhf_long,58442,4543798,MeerKAT:array_1:20250715T124827Z,ex_[VV2006]_J131905.8-015208,37,591.9976949691772,0.014260197960740902,87.39496,4,0.0625,-1,0.4745831893132603,uncertain
uhf_short,15115,1035031,MeerKAT:array_1:20250730T204925Z,Gaia_2699250713469402368,17,563.9998914003372,-0.2566835632933362,18.536928,3,0.046875,-1,0.474677466139263,uncertain
uhf_long,51061,1234668,MeerKAT:array_1:20250729T055516Z,Gaia_4669834588512188800,31,576.0163888931274,-0.006111513411746101,78.57425,4,0.0625,-1,0.47492486534542233,uncertain
uhf_short,84546,34900064,MeerKAT:array_1:20250729T173047Z,J1830-3602,0,647.2236002087593,-0.2310152069640026,59.075047,1,0.015625,0,0.48409043402211327,uncertain
uhf_long,11161,282348,MeerKAT:array_1:20250715T141354Z,ex_ASASSN-V_J151258.23-305325.0,26,550.2657867670059,0.0631523052547097,22.847176,1,0.015625,0,0.48418714462168316,uncertain
uhf_long,116501,34814460,MeerKAT:array_1:20250715T053823Z,Gaia_4668925773432334976,10,651.6913234591484,-0.020371711372487,10.894604,4,0.0625,-1,0.4852508281420567,uncertain
uhf_long,72325,11384182,MeerKAT:array_1:20250715T135202Z,ex_CRTS_J153458.5-331931,9,599.4173004627228,-0.030557567058730504,23.082165,4,0.0625,-1,0.48576637160185177,uncertain
uhf_long,64665,7199016,MeerKAT:array_1:20250702T183548Z,ex_ASASSN-V_J163553.51-323631.6,41,599.2500435709953,-0.006111513411746101,46.35772,4,0.0625,-1,0.4858813651462622,uncertain
uhf_long,72989,11385087,MeerKAT:array_1:20250715T141354Z,ex_i_Lup,1,599.4172295331955,0.0427805938822227,28.5627,1,0.015625,0,0.487082637072277,uncertain
uhf_long,51070,1234684,MeerKAT:array_1:20250729T055516Z,ex_LEDA_308423,34,576.0163939595222,-0.0264832247842331,114.29799,3,0.046875,-1,0.49281147069512093,uncertain
uhf_short,31026,1136236,MeerKAT:array_1:20250715T222140Z,Gaia_4426367289236065536,11,575.9991368055344,-0.11122954409377903,15.534423,3,0.046875,-1,0.49290687544275685,uncertain
uhf_long,32734,988039,MeerKAT:array_1:20250715T141354Z,ex_CRTS_J151030.0-310056,10,562.5536504983902,0.0183345402352383,19.709753,1,0.015625,0,0.49425444946036007,uncertain
uhf_long,105886,33878027,MeerKAT:array_1:20250715T141354Z,Gaia_6210724234180034944,40,636.2808369398117,-0.0631523052547097,13.76838,1,0.015625,0,0.5031651490164929,uncertain
uhf_long,111516,34606411,MeerKAT:array_1:20250702T185632Z,ex_ASASSN-V_J174436.17-154152.2,55,647.2499616742134,-0.059077962980212305,63.304955,4,0.0625,-1,0.5057270675302793,uncertain
uhf_long,81038,32725922,MeerKAT:array_1:20250729T055516Z,Gaia_4669704395167601920,13,608.0173029899597,-0.022408882509735703,148.95018,1,0.015625,0,0.5110356785268274,uncertain
uhf_long,73000,11385103,MeerKAT:array_1:20250715T141354Z,ex_CRTS_J151405.7-314503,9,599.4172609448433,0.028520395921481805,48.16802,3,0.046875,-1,0.5140544022271395,uncertain
uhf_long,59050,4544807,MeerKAT:array_1:20250715T135202Z,ex_2MASX_J15360155-3334208,50,587.1294529438019,-0.020371711372487,17.902826,3,0.046875,-1,0.5144746505366077,uncertain
uhf_long,71860,11383539,MeerKAT:array_1:20250715T133052Z,ex_CRTS_J151706.4-270946,6,599.417295396328,0.0101858556862435,58.86179,4,0.0625,-1,0.5149406804997233,uncertain
uhf_long,86047,33358702,MeerKAT:array_1:20250715T133052Z,ex_CRTS_J151435.6-261552,12,615.9903057217598,-0.07944967435269931,13.193441,2,0.03125,0,0.5151445916212117,uncertain
uhf_long,32740,988077,MeerKAT:array_1:20250715T141354Z,Gaia_6210900808876843648,48,562.5536444187164,0.081486845489948,31.53872,3,0.046875,-1,0.517402279974683,uncertain
lband_short,59578,1420164,MeerKAT:array_1:20250712T091244Z,Gaia_2323514707988323200,13,919.7921950668097,0.08200608650924786,10.97619,2,0.03125,0,0.5177177970610408,uncertain
uhf_long,105264,33877188,MeerKAT:array_1:20250715T133052Z,Gaia_6214243152426073216,51,636.2808794975281,0.0264832247842331,22.21765,1,0.015625,0,0.5182580823171485,uncertain
uhf_long,58683,4544364,MeerKAT:array_1:20250715T133052Z,ex_CRTS_J151752.7-262646,13,587.129423558712,0.048892107293968805,28.564026,4,0.0625,-1,0.5185572853510863,uncertain
uhf_long,108385,34499081,MeerKAT:array_1:20250715T133052Z,ex_CRTS_J151640.6-261626,5,639.9959867596626,-0.06722664752920711,40.43132,4,0.0625,-1,0.5192219962641924,uncertain
uhf_long,58403,4543559,MeerKAT:array_1:20250715T124827Z,ex_[VV2006]_J131757.4-021114,28,589.8280772566795,0.0081486845489948,28.195997,4,0.0625,-1,0.5197073354612561,uncertain
uhf_long,45895,1145203,MeerKAT:array_1:20250717T054309Z,Gaia_4669681996914101120,2,574.8411747813225,-0.0733381609409532,10.283252,2,0.03125,0,0.5197831021394832,uncertain
lband_long,2177,5752,MeerKAT:array_1:20250701T133303Z,Gaia_4669709587784079488,7,864.735529974103,-0.035308176135926156,10.540638,3,0.046875,-1,0.5232227047995048,uncertain
uhf_long,111515,34606401,MeerKAT:array_1:20250702T185632Z,ex_ASASSN-V_J174416.15-155826.1,45,647.2499616742134,-0.059077962980212305,66.793045,4,0.0625,-1,0.5240715242300392,uncertain
uhf_long,117316,34829809,MeerKAT:array_1:20250715T133052Z,Gaia_6226371040561103616,36,648.5687341094017,0.0631523052547097,57.240627,3,0.046875,-1,0.5248981057304287,uncertain
uhf_long,68122,9250949,MeerKAT:array_1:20250710T060816Z,Gaia_5599274200085746816,7,599.1876235604286,0.0651894763919584,70.11369,2,0.03125,0,0.5287107671974302,uncertain
uhf_short,31099,1136377,MeerKAT:array_1:20250715T222140Z,Gaia_4426457414830036608,30,575.9991368055344,-0.11122954409377903,15.134287,3,0.046875,-1,0.5305542457616979,uncertain
lband_long,275604,35841025,MeerKAT:array_1:20240319T020710Z,Gaia_2543034678375189632,9,1525.0659208148718,0.025220125811375827,44.81089,1,0.015625,0,0.5305875276882343,uncertain
uhf_long,180348,11383565,MeerKAT:array_1:20250715T133052Z,ex_CRTS_J151512.8-265930,19,599.4172974228859,0.0020371711372487,49.823986,3,0.046875,-1,0.5308433465948943,uncertain
lband_long,2186,5765,MeerKAT:array_1:20250701T133303Z,ex_LEDA_88238,20,864.7355331629515,-0.04539622646047649,10.540078,3,0.046875,-1,0.5311110577480941,uncertain
uhf_long,105917,33878089,MeerKAT:array_1:20250715T141354Z,Gaia_6210627958192734976,61,636.2808176875114,0.022408882509735703,14.959495,2,0.03125,0,0.5330971566009188,uncertain
uhf_long,51030,1234608,MeerKAT:array_1:20250729T055516Z,Gaia_4668961679359201792,19,576.0163899064064,-0.0101858556862435,119.44119,2,0.03125,0,0.5333448153070469,uncertain
uhf_long,51067,1234678,MeerKAT:array_1:20250729T055516Z,Gaia_4669728309545548800,33,576.0163888931274,-0.006111513411746101,136.06725,4,0.0625,-1,0.5336425784733678,uncertain
uhf_long,51008,1234562,MeerKAT:array_1:20250729T055516Z,Gaia_4669683783620510976,10,576.0163888931274,-0.006111513411746101,117.17918,4,0.0625,-1,0.5361344889427322,uncertain
uhf_long,105747,33877815,MeerKAT:array_1:20250715T141354Z,ex_ASASSN-V_J151310.06-311615.3,19,633.7495049834251,-0.020371711372487,16.54637,2,0.03125,0,0.5366351533833824,uncertain
lband_long,2189,5779,MeerKAT:array_1:20250701T133303Z,Gaia_4669690655568165888,34,864.7355347573757,-0.050440251622751654,11.155075,3,0.046875,-1,0.536983201397139,uncertain
uhf_long,105263,33877185,MeerKAT:array_1:20250715T133052Z,Gaia_6214377842600673024,48,636.2808713912964,0.0631523052547097,16.581041,4,0.0625,-1,0.537793275066056,uncertain
lband_long,275812,35841457,MeerKAT:array_1:20240319T020710Z,Gaia_2530969943441957248,57,1525.0858144462109,-0.11096855357005364,25.127392,4,0.0625,-1,0.5389554163847783,uncertain
uhf_long,11163,282354,MeerKAT:array_1:20250715T141354Z,ex_CRTS_J151347.0-304145,29,550.265785753727,0.030557567058730504,21.04815,3,0.046875,-1,0.5392258001402557,uncertain
uhf_short,24177,1114663,MeerKAT:array_1:20250713T150856Z,Gaia_1468249314762596864,51,576.0005422234535,-0.2909080383991144,20.766087,4,0.0625,-1,0.5397806670831874,uncertain
lband_short,26211,684177,MeerKAT:array_1:20250711T092345Z,Gaia_4790681945880898176,9,870.1947014778852,-0.09225684732290385,166.87894,3,0.046875,-1,0.5406543028687136,uncertain
sband_long,17893,35376452,MeerKAT:array_1:20250727T163815Z,Gaia_6440701968894754944,16,2171.9577971380204,0.015811281682080274,35.13706,3,0.046875,-1,0.5454528545505682,uncertain
uhf_long,64667,7199019,MeerKAT:array_1:20250702T183548Z,ex_ASASSN-V_J163615.94-323051.7,44,599.2500425577164,-0.0081486845489948,46.06832,3,0.046875,-1,0.546295923360109,uncertain
uhf_long,125918,35006705,MeerKAT:array_1:20250715T141354Z,ex_i_Lup,1,660.8565623760223,-0.07741250321545061,29.34362,4,0.0625,-1,0.5508933065598746,uncertain
lband_short,18720,439706,MeerKAT:array_1:20250708T094824Z,Gaia_2973829828129917696,54,870.2684882432222,-0.3075228244096795,388.88132,2,0.03125,0,0.5511485563548203,uncertain
uhf_short,15204,1035213,MeerKAT:array_1:20250730T204925Z,Gaia_2699045753334219008,56,563.9998924136162,-0.26523968206978077,16.770283,3,0.046875,-1,0.551325228950026,uncertain
uhf_long,51033,1234613,MeerKAT:array_1:20250729T055516Z,Gaia_4669777139029784448,20,576.0163919329643,-0.0183345402352383,102.97867,3,0.046875,-1,0.5546865147090841,uncertain
uhf_short,13705,1018207,MeerKAT:array_1:20250723T211918Z,Gaia_2698951611946817664,2,564.0002713799477,0.33368863228133705,15.291931,2,0.03125,0,0.5569218243658091,uncertain
uhf_long,105899,33878056,MeerKAT:array_1:20250715T141354Z,Gaia_6210932179318259456,50,636.2808187007904,0.0183345402352383,14.617904,2,0.03125,0,0.5578791833235958,uncertain
lband_long,6760,95084,MeerKAT:array_1:20250710T123913Z,Gaia_2893837814590229632,62,864.54802249372,-0.025220125811375827,13.715287,3,0.046875,-1,0.5611179917997899,uncertain
lband_long,275719,35841261,MeerKAT:array_1:20240319T020710Z,Gaia_2530999625960439808,35,1525.0858144462109,-0.11096855357005364,18.41533,4,0.0625,-1,0.5620898508597347,uncertain
uhf_long,51142,1234827,MeerKAT:array_1:20250729T055516Z,Gaia_4669063418544615296,62,576.0163939595222,-0.0264832247842331,97.85681,3,0.046875,-1,0.5631988865202067,uncertain
uhf_long,105108,33876830,MeerKAT:array_1:20250715T124827Z,ex_2dFGRS_TGN261Z280,52,636.2808501124382,-0.0733381609409532,18.94039,4,0.0625,-1,0.5639927298188959,uncertain
uhf_long,31879,986423,MeerKAT:array_1:20250715T124827Z,ex_LEDA_1096217,54,562.5536515116692,0.0835240166271967,16.878195,4,0.0625,-1,0.5645048266596032,uncertain
lband_long,6679,94996,MeerKAT:array_1:20250710T123913Z,Gaia_2894421552185985536,18,864.5479794442654,0.16645283035508046,13.98981,3,0.046875,-1,0.5657631336119732,uncertain
uhf_long,111511,34606388,MeerKAT:array_1:20250702T185632Z,ex_ASASSN-V_J174325.40-160315.8,32,647.2499616742134,-0.059077962980212305,60.13555,4,0.0625,-1,0.5681628589094883,uncertain
uhf_long,188941,33877901,MeerKAT:array_1:20250715T141354Z,Gaia_6210673003810108544,62,633.7495019435883,0.0040743422744974,16.401354,3,0.046875,-1,0.5687297531814491,uncertain
uhf_long,51084,1234705,MeerKAT:array_1:20250729T055516Z,ex_LEDA_88238,39,576.0163959860802,-0.034631909333227906,94.19565,3,0.046875,-1,0.5704833694926946,uncertain
uhf_long,8950,278676,MeerKAT:array_1:20250715T124827Z,ex_[VV2006]_J131618.7-022454,13,550.2658151388168,-0.059077962980212305,15.690924,3,0.046875,-1,0.5724564851812356,uncertain
uhf_long,85225,33349327,MeerKAT:array_1:20250714T160406Z,Gaia_6144671378080801792,49,615.2238686084747,0.0631523052547097,1874.0707,3,0.046875,-1,0.5733924192770594,uncertain
uhf_short,174253,33403869,MeerKAT:array_1:20250731T212434Z,Gaia_2699261704290661504,25,615.2238554358482,-0.01711223755288908,17.214472,4,0.0625,-1,0.5742924305326136,uncertain
lband_short,20836,443499,MeerKAT:array_1:20250708T115647Z,Gaia_2973747570916126720,62,876.5615420341492,-0.1230091297638718,10.031813,2,0.03125,0,0.579880737506086,uncertain
lband_long,275592,35841001,MeerKAT:array_1:20240319T020710Z,Gaia_2530943520803184256,6,1525.081072628498,0.02017610064910066,23.448088,4,0.0625,-1,0.5815354540638824,uncertain
uhf_long,81452,33164623,MeerKAT:array_1:20250702T181451Z,Gaia_5820013808057732096,62,613.1958525776863,0.028520395921481805,51.306973,1,0.015625,0,0.5849572632680949,uncertain
uhf_long,59041,4544795,MeerKAT:array_1:20250715T135202Z,ex_LEDA_684427,44,587.1294539570808,-0.038706251607725305,23.642113,3,0.046875,-1,0.5865357389139292,uncertain
uhf_long,58402,4543557,MeerKAT:array_1:20250715T124827Z,ex_[VV2006]_J131739.1-021013,27,589.8280833363533,-0.0162973690979896,33.708862,1,0.015625,0,0.5870939857478533,uncertain
uhf_long,24795,706270,MeerKAT:array_1:20250715T135202Z,ex_CRTS_J153443.6-330420,19,559.9964768886566,0.055003620705714906,21.25158,4,0.0625,-1,0.5884959630121773,uncertain
uhf_short,191317,34496048,MeerKAT:array_1:20250713T175609Z,Gaia_1456306591259413504,6,639.2759172916412,-0.01711223755288908,78.20632,1,0.015625,0,0.5917433679072603,uncertain
lband_short,25582,683403,MeerKAT:array_1:20250711T085603Z,ex_CRTS_J044000.9-433336,11,876.8673573881388,-0.37927815010527133,11.514918,3,0.046875,-1,0.5928610156057433,uncertain
uhf_long,71871,11383561,MeerKAT:array_1:20250715T133052Z,ex_ASASSN-V_J151705.74-262026.7,17,599.4172852635384,0.0529664495684662,24.562088,3,0.046875,-1,0.593684606819545,uncertain
uhf_long,117659,34830513,MeerKAT:array_1:20250715T135202Z,ex_Gaia_DR3_6014448656864285696,13,648.5687584280968,-0.059077962980212305,21.492205,4,0.0625,-1,0.5968307817133164,uncertain
uhf_long,105106,33876826,MeerKAT:array_1:20250715T124827Z,ex_LEDA_1099019,50,636.2808501124382,-0.0733381609409532,18.413141,4,0.0625,-1,0.5986344227498086,uncertain
uhf_long,24774,706243,MeerKAT:array_1:20250715T135202Z,ex_CRTS_J153521.2-324825,10,559.9964789152145,0.022408882509735703,19.097342,3,0.046875,-1,0.5991602227620887,uncertain
uhf_short,17825,1066383,MeerKAT:array_1:20250704T005510Z,Gaia_2682780677824347392,29,576.0016497373581,0.10267342531733448,19.474098,1,0.015625,0,0.5993400654286302,uncertain
uhf_long,51094,1234728,MeerKAT:array_1:20250729T055516Z,ex_OGLE_MBR229.17.00041,43,576.0163919329643,-0.0183345402352383,89.15732,3,0.046875,-1,0.6016296924450903,uncertain
uhf_long,19574,377509,MeerKAT:array_1:20250729T055516Z,Gaia_4669791226522616960,15,543.9845434427261,-0.0733381609409532,143.63994,2,0.03125,0,0.6018924177082128,uncertain
lband_short,18725,439824,MeerKAT:array_1:20250708T094824Z,Gaia_2973728088944479104,62,870.2972341179848,-0.32802434603699143,11.994877,3,0.046875,-1,0.6055599362666698,uncertain
uhf_long,58428,4543627,MeerKAT:array_1:20250715T124827Z,ex_2MASX_J13170753-0134111,62,589.8280813097954,-0.0081486845489948,35.13716,2,0.03125,0,0.6065557511007724,uncertain
uhf_long,74549,11573255,MeerKAT:array_1:20250717T054309Z,Gaia_4668961060883905792,6,599.4168829917908,-0.07741250321545061,17.477913,3,0.046875,-1,0.6086997168589675,uncertain
uhf_long,186985,33538263,MeerKAT:array_1:20250715T124827Z,ex_[VV2006]_J131905.8-015208,37,626.6923351883888,-0.0040743422744974,11.099578,1,0.015625,0,0.6117118805453494,uncertain
uhf_long,111507,34606384,MeerKAT:array_1:20250702T185632Z,ex_ASASSN-V_J174308.08-155153.5,28,647.2499616742134,-0.059077962980212305,61.19069,4,0.0625,-1,0.6142918278512313,uncertain
uhf_long,210694,34814472,MeerKAT:array_1:20250715T053823Z,Gaia_4669881730073228800,23,651.6756946444511,-0.0020371711372487,11.125858,4,0.0625,-1,0.6151838502765113,uncertain
uhf_long,33327,993680,MeerKAT:array_1:20250717T054309Z,Gaia_4669828609917695360,41,562.5533211827278,-0.0733381609409532,16.958439,4,0.0625,-1,0.6152019946364529,uncertain
uhf_long,51039,1234622,MeerKAT:array_1:20250729T055516Z,Gaia_4669821394372662144,22,576.0163899064064,-0.0101858556862435,114.60139,2,0.03125,0,0.6183542349666883,uncertain
uhf_long,51073,1234688,MeerKAT:array_1:20250729T055516Z,ex_PGC0309704,35,576.0163959860802,-0.034631909333227906,113.31436,3,0.046875,-1,0.6186638068600597,uncertain
uhf_long,58385,4543517,MeerKAT:array_1:20250715T124827Z,ex_[VV2006]_J131540.1-020548,7,589.8280721902847,0.028520395921481805,37.706688,1,0.015625,0,0.6218315944728422,uncertain
uhf_long,58424,4543615,MeerKAT:array_1:20250715T124827Z,ex_PGC1089638,56,589.8280853629112,-0.024446053646984402,32.155388,2,0.03125,0,0.6240335361378807,uncertain
uhf_long,58427,4543625,MeerKAT:array_1:20250715T124827Z,ex_2dFGRS_TGN261Z260,61,589.8280985355377,0.0753753320782019,28.244196,2,0.03125,0,0.6265953328085141,uncertain
uhf_long,126144,35010889,MeerKAT:array_1:20250717T054309Z,Gaia_4669057470012951424,59,660.856153011322,-0.0753753320782019,16.06088,3,0.046875,-1,0.6269529853802146,uncertain
uhf_short,175754,33453128,MeerKAT:array_1:20250704T005510Z,Gaia_2682545077393848704,1,624.0017948150635,0.00855611877644454,15.177462,2,0.03125,0,0.6270331290747267,uncertain
lband_long,280315,5786,MeerKAT:array_1:20250701T133303Z,Gaia_4669736903776210944,41,864.7355188131332,0.005044025162275165,11.070376,3,0.046875,-1,0.6284592064285336,uncertain
lband_long,280305,5770,MeerKAT:array_1:20250701T133303Z,ex_ASASSN-V_J040712.63-652824.0,25,864.7355188131332,0.005044025162275165,11.060687,3,0.046875,-1,0.6284592064285336,uncertain
uhf_long,126141,35010882,MeerKAT:array_1:20250717T054309Z,Gaia_4669814384986013056,52,660.856153011322,-0.07741250321545061,13.83118,3,0.046875,-1,0.6284763298961085,uncertain
lband_long,275758,35841344,MeerKAT:array_1:20240319T020710Z,Gaia_2543023202222577280,45,1525.043673813343,-0.09583647808322814,27.351295,1,0.015625,0,0.6308874134342336,uncertain
uhf_long,108533,34499266,MeerKAT:array_1:20250715T135202Z,ex_CRTS_J153340.5-333253,15,639.995977640152,-0.020371711372487,105.45559,3,0.046875,-1,0.6344774815998216,uncertain
uhf_long,105850,33877952,MeerKAT:array_1:20250715T141354Z,ex_ASASSN-V_J151421.96-313329.9,15,636.2808187007904,0.0162973690979896,16.332815,2,0.03125,0,0.6367473776854468,uncertain
uhf_short,82812,34884169,MeerKAT:array_1:20250723T234200Z,Gaia_2682517727042043008,46,647.2499758601189,-0.30802027595200343,1020.2344,4,0.0625,-1,0.6369672085791115,uncertain
lband_short,18870,440126,MeerKAT:array_1:20250708T094824Z,ex_LEDA_821500,12,873.5825771689415,-0.3075228244096795,20.429037,4,0.0625,-1,0.6369696539375647,uncertain
uhf_long,111497,34606366,MeerKAT:array_1:20250702T185632Z,ex_ASASSN-V_J174313.70-155642.5,10,647.2499606609344,-0.055003620705714906,60.334774,2,0.03125,0,0.6373426443376564,uncertain
uhf_long,58409,4543577,MeerKAT:array_1:20250715T124827Z,ex_[VV2006]_J131905.8-015208,37,589.8280853629112,-0.024446053646984402,24.423994,2,0.03125,0,0.6378664549100218,uncertain
uhf_long,111012,34605196,MeerKAT:array_1:20250702T175345Z,ex_LEDA_612500,33,647.2499403953552,-0.038706251607725305,144.38118,4,0.0625,-1,0.6400078821998334,uncertain
uhf_long,45943,1145258,MeerKAT:array_1:20250717T054309Z,Gaia_4669681996914100864,24,574.8411717414856,-0.0427805938822227,10.718095,2,0.03125,0,0.6413563880413892,uncertain
uhf_long,59446,4545254,MeerKAT:array_1:20250715T141354Z,ex_ASASSN-V_J151124.36-313120.5,11,587.1293931603432,-0.0733381609409532,21.745272,1,0.015625,0,0.6416779057862324,uncertain
uhf_long,33330,993683,MeerKAT:array_1:20250717T054309Z,Gaia_4669818439435145216,44,562.5533211827278,-0.0733381609409532,10.656848,4,0.0625,-1,0.6445550272717733,uncertain
sband_long,18064,35526502,MeerKAT:array_1:20250727T163815Z,Gaia_6440683891377314560,15,2183.3577970974147,0.015811281682080274,23.085451,2,0.03125,0,0.6448240299017619,uncertain
uhf_long,138855,35528564,MeerKAT:array_1:20250729T055516Z,Gaia_4669834588512188800,31,672.0191281437874,-0.038706251607725305,41.84939,3,0.046875,-1,0.646922326564202,uncertain
lband_short,26713,684737,MeerKAT:array_1:20250711T092345Z,Gaia_4814731288837203840,51,870.2314944118261,-0.09225684732290385,1378.0385,3,0.046875,-1,0.6470403530951292,uncertain
lband_long,275624,35841066,MeerKAT:array_1:20240319T020710Z,Gaia_2530985233525500544,14,1525.033093214035,0.10088050324550331,20.919035,3,0.046875,-1,0.6471490433947656,uncertain
uhf_long,210691,34814465,MeerKAT:array_1:20250715T053823Z,Gaia_4668928212973742976,16,651.6913194060326,-0.0020371711372487,12.518262,2,0.03125,0,0.6472533209980723,uncertain
lband_long,275782,35841383,MeerKAT:array_1:20240319T020710Z,Gaia_2530940462786470656,49,1525.0548985600471,-0.035308176135926156,23.694765,4,0.0625,-1,0.6473087307522077,uncertain
lband_long,280300,5759,MeerKAT:array_1:20250701T133303Z,Gaia_4669736903776210816,14,864.7355188131332,0.005044025162275165,10.503458,3,0.046875,-1,0.6480148229812452,uncertain
uhf_long,51081,1234701,MeerKAT:array_1:20250729T055516Z,ex_LEDA_310253,38,576.0163959860802,-0.034631909333227906,96.4044,3,0.046875,-1,0.6494569517848368,uncertain
lband_short,26213,684179,MeerKAT:array_1:20250711T092345Z,Gaia_4790681945880898176,9,870.2314944118261,-0.09225684732290385,1769.4722,3,0.046875,-1,0.649886688145727,uncertain
lband_long,5151,82450,MeerKAT:array_1:20250708T085539Z,Gaia_2978880194273961216,49,856.8381425887346,0.1614088051928053,72.47704,1,0.015625,0,0.6520954275988761,uncertain
uhf_long,108552,34499294,MeerKAT:array_1:20250715T135202Z,ex_ASASSN-V_J153354.39-333109.3,29,639.995977640152,-0.020371711372487,101.71027,3,0.046875,-1,0.6535737343223474,uncertain
uhf_long,118208,34831398,MeerKAT:array_1:20250715T141354Z,Gaia_6210694135048923008,47,648.5686986446381,-0.0631523052547097,48.18191,1,0.015625,0,0.6545309321022659,uncertain
uhf_short,271,61768,MeerKAT:array_1:20250706T001134Z,Gaia_2699626883884858112,40,551.9990338683128,0.16256625675244626,28.560928,3,0.046875,-1,0.6562832319561241,uncertain
uhf_long,111357,34605919,MeerKAT:array_1:20250702T181451Z,ex_ASASSN-V_J153845.06-685810.3,49,653.2495215535164,0.06722664752920711,17.949684,1,0.015625,0,0.6563653318508423,uncertain
uhf_long,64669,7199024,MeerKAT:array_1:20250702T183548Z,ex_ASASSN-V_J163631.26-322736.0,49,599.2500405311584,0.012223026823492201,46.39606,4,0.0625,-1,0.656532975149415,uncertain
uhf_long,71861,11383541,MeerKAT:array_1:20250715T133052Z,ex_CRTS_J151836.5-265334,7,599.4172852635384,0.055003620705714906,43.01046,3,0.046875,-1,0.6587197726389146,uncertain
uhf_long,89596,33377363,MeerKAT:array_1:20250723T033528Z,Gaia_4661392813148576640,49,613.1959772109985,0.020371711372487,115.9207,4,0.0625,-1,0.6600452325440369,uncertain
sband_long,17422,35170195,MeerKAT:array_1:20250703T213810Z,Gaia_5958272619285602816,46,2172.3639355041087,0.015811281682080274,10.861091,2,0.03125,0,0.6610236192853381,uncertain
lband_long,8461,245878,MeerKAT:array_1:20250712T092209Z,Gaia_4669680759963518336,26,864.5480575710535,0.015132075486825495,10.359066,3,0.046875,-1,0.6626795536278951,uncertain
uhf_long,108529,34499260,MeerKAT:array_1:20250715T135202Z,ex_Gaia_DR2_6014515417835108352,12,639.995977640152,-0.020371711372487,96.67823,3,0.046875,-1,0.663514048635091,uncertain
uhf_long,133525,35418138,MeerKAT:array_1:20250715T133052Z,ex_ASASSN-V_J151603.09-271408.4,15,675.8447111845016,0.0733381609409532,15.658884,2,0.03125,0,0.6656977632550997,uncertain
uhf_long,28313,767869,MeerKAT:array_1:20250729T031818Z,Gaia_4669719998784903040,44,558.3986606001854,0.014260197960740902,23.382912,2,0.03125,0,0.6664894548353902,uncertain
uhf_long,213283,34843897,MeerKAT:array_1:20250718T015317Z,Gaia_4669825036503317888,43,647.9947369098663,-0.0040743422744974,127.796104,1,0.015625,0,0.6666490926371457,uncertain
uhf_long,51331,1238075,MeerKAT:array_1:20250731T221802Z,Gaia_4668924841423374464,17,572.7165405750275,0.0366690804704766,43.244686,2,0.03125,0,0.6666579513759349,uncertain
uhf_long,51323,1238067,MeerKAT:array_1:20250731T221802Z,Gaia_4669881833152443648,9,572.7165405750275,0.0366690804704766,42.35638,2,0.03125,0,0.6666643507462425,uncertain
uhf_long,86135,33358805,MeerKAT:array_1:20250715T133052Z,J1516_4-2640,0,619.3195158243179,0.0753753320782019,20.085218,1,0.015625,0,0.6675871204972322,uncertain
uhf_long,206145,34605916,MeerKAT:array_1:20250702T181451Z,ex_ASASSN-V_J153804.91-690907.5,46,653.2495377659798,0.0020371711372487,21.486532,2,0.03125,0,0.6680414199969924,uncertain
uhf_long,13171,298658,MeerKAT:array_1:20250717T054309Z,Gaia_4669828609917695360,41,551.9477204084396,0.0162973690979896,228.91023,2,0.03125,0,0.668440940244395,uncertain
uhf_long,13170,298592,MeerKAT:array_1:20250717T054309Z,Gaia_4669728313841533440,8,551.9477204084396,0.0162973690979896,201.48618,2,0.03125,0,0.6685167291636565,uncertain
mk_sample_hits,14901,35841486,MeerKAT:array_1:20240319T020710Z,Gaia_2531007910952850560,60,1525.1078669279814,-0.005044025162275165,18.450968,2,0.03125,0,0.6694897956970289,uncertain
uhf_long,125932,35006742,MeerKAT:array_1:20250715T141354Z,ex_LEDA_703587,38,660.8565532565117,-0.038706251607725305,37.370167,3,0.046875,-1,0.6696537195907678,uncertain
lband_long,107919,15679665,MeerKAT:array_1:20250701T085314Z,Gaia_4669731749815407232,21,960.0066805332899,-0.19671698132873144,15.410717,1,0.015625,0,0.670766057978557,uncertain
uhf_long,81426,33164574,MeerKAT:array_1:20250702T181451Z,ex_Gaia_DR3_5820271364344122112,13,613.1958515644073,0.0366690804704766,40.387577,1,0.015625,0,0.6725776547836589,uncertain
uhf_long,79850,28005144,MeerKAT:array_1:20250715T124827Z,ex_2dFGRS_TGN262Z292,58,611.7051267027855,-0.0733381609409532,50.34904,3,0.046875,-1,0.673303362106499,uncertain
uhf_long,23990,705031,MeerKAT:array_1:20250715T130947Z,ex_CI_Nor,17,559.2503418326378,0.059077962980212305,21.480196,2,0.03125,0,0.6743764570370762,uncertain
uhf_long,81070,32725978,MeerKAT:array_1:20250729T055516Z,ex_LEDA_88238,39,608.0172989368439,-0.006111513411746101,180.95795,1,0.015625,0,0.6748902965035383,uncertain
lband_short,19129,440492,MeerKAT:array_1:20250708T094824Z,Gaia_2973934384813570304,55,874.993385925889,-0.26651978115505554,133.95923,1,0.015625,0,0.6759051803299124,uncertain
uhf_short,84549,34900176,MeerKAT:array_1:20250729T173047Z,Gaia_6734069641361825920,56,647.2235921025276,-0.1283417816466681,157.49751,1,0.015625,0,0.6759217000282184,uncertain
uhf_long,125241,35005159,MeerKAT:array_1:20250715T124827Z,ex_[VV2006]_J131844.0-013821,34,655.9974469542503,-0.0631523052547097,45.910828,1,0.015625,0,0.6770142145966963,uncertain
lband_short,18703,439088,MeerKAT:array_1:20250708T094824Z,ex_LEDA_823286,14,870.2684882432222,-0.31777358522333543,291.83444,2,0.03125,0,0.6771155593459847,uncertain
uhf_long,58423,4543613,MeerKAT:array_1:20250715T124827Z,ex_2dFGRS_TGN194Z171,55,589.8280843496323,-0.020371711372487,28.803492,4,0.0625,-1,0.678382210587101,uncertain
uhf_long,81967,33180311,MeerKAT:array_1:20250705T060310Z,Gaia_6440682761800995072,16,613.1956742405891,-0.0264832247842331,23.856382,2,0.03125,0,0.6796657883244889,uncertain
uhf_long,87715,33367282,MeerKAT:array_1:20250718T054018Z,Gaia_4669059879491518720,62,613.1964504122734,-0.06722664752920711,63.69918,1,0.015625,0,0.6799400979152325,uncertain
lband_long,60937,1423050,MeerKAT:array_1:20250713T100933Z,Gaia_3394147284904844288,17,919.7910805642605,-0.050440251622751654,13.734306,2,0.03125,0,0.6802966379693022,uncertain
lband_short,32110,698814,MeerKAT:array_1:20250713T120523Z,Gaia_5096059171507516928,59,869.9925492107868,-0.08200608650924786,13.236587,3,0.046875,-1,0.680473230701035,uncertain
uhf_long,210692,34814468,MeerKAT:array_1:20250715T053823Z,Gaia_4669692098677144704,20,651.6756946444511,-0.0020371711372487,17.935984,4,0.0625,-1,0.6820902995606798,uncertain
uhf_long,24809,706288,MeerKAT:array_1:20250715T135202Z,ex_ASASSN-V_J153302.82-333213.3,25,559.9964779019356,0.0468549361567201,20.115696,2,0.03125,0,0.682353983650532,uncertain
uhf_long,133651,35418284,MeerKAT:array_1:20250715T133052Z,Gaia_6214377842600673024,48,678.302332162857,0.038706251607725305,16.696432,2,0.03125,0,0.6851222012967623,uncertain
lband_short,18702,439085,MeerKAT:array_1:20250708T094824Z,ex_LEDA_823286,14,870.1989251077175,-0.33827510685064743,110.889824,2,0.03125,0,0.6866894538995255,uncertain
uhf_long,85226,33349336,MeerKAT:array_1:20250714T160406Z,Gaia_6144886886657444352,54,615.2238675951958,0.059077962980212305,2008.7285,4,0.0625,-1,0.6880651069828052,uncertain
lband_short,18691,438905,MeerKAT:array_1:20250708T094824Z,Gaia_2973935724843363072,2,870.2684882432222,-0.33827510685064743,242.93547,2,0.03125,0,0.6895221902136918,uncertain
uhf_long,73022,11385139,MeerKAT:array_1:20250715T141354Z,ex_ASASSN-V_J151311.91-311358.5,27,599.4172457456589,-0.034631909333227906,31.490643,1,0.015625,0,0.6896955570869338,uncertain
uhf_long,31813,986323,MeerKAT:array_1:20250715T124827Z,ex_2MASX_J13155881-0223450,4,562.5536515116692,0.081486845489948,14.794958,4,0.0625,-1,0.6898873072419858,uncertain
lband_short,18710,439238,MeerKAT:array_1:20250708T094824Z,Gaia_2973830515324686976,24,870.1989251077175,-0.33827510685064743,207.46957,2,0.03125,0,0.6902188839881768,uncertain
uhf_long,59069,4544828,MeerKAT:array_1:20250715T135202Z,Gaia_6014539645747431680,61,587.1294529438019,-0.020371711372487,27.706718,3,0.046875,-1,0.6909115282874657,uncertain
uhf_short,201354,34911438,MeerKAT:array_1:20250731T192546Z,ex_SDSS_J155013.53+055140.9,56,647.9800463914871,-0.00855611877644454,18.59672,2,0.03125,0,0.6926813441226461,uncertain
uhf_long,81977,33180324,MeerKAT:array_1:20250705T060310Z,Gaia_6441080785009795840,29,613.1956742405891,-0.0264832247842331,31.77227,2,0.03125,0,0.6929138504254784,uncertain
sband_long,17895,35376577,MeerKAT:array_1:20250727T163815Z,Gaia_6440704060541711360,48,2171.9577971380204,0.015811281682080274,46.451523,3,0.046875,-1,0.6937808701901607,uncertain
lband_long,60931,1423034,MeerKAT:array_1:20250713T100933Z,Gaia_3394086193290113024,1,919.791090130806,-0.11096855357005364,13.876823,2,0.03125,0,0.6946040134141737,uncertain
lband_long,8501,245922,MeerKAT:array_1:20250712T092209Z,Gaia_4668964428138269952,48,864.548060759902,-0.015132075486825495,11.406358,4,0.0625,-1,0.6975868719527597,uncertain
lband_long,60932,1423035,MeerKAT:array_1:20250713T100933Z,Gaia_3394447485939522304,2,919.791090130806,-0.11096855357005364,12.745425,2,0.03125,0,0.6976624992091353,uncertain
uhf_long,117366,34829889,MeerKAT:array_1:20250715T133052Z,Gaia_6214386088937911808,47,648.8109209537506,0.081486845489948,11.165647,4,0.0625,-1,0.6984826340077438,uncertain
uhf_long,58392,4543531,MeerKAT:array_1:20250715T124827Z,ex_[VV2006]_J131624.0-015835,14,589.8280772566795,0.0081486845489948,35.683334,4,0.0625,-1,0.6990651034429444,uncertain
uhf_short,24164,1114542,MeerKAT:array_1:20250713T150856Z,Gaia_1456154755575486592,39,576.0005422234535,-0.2823519196226698,20.383108,4,0.0625,-1,0.6993055635078723,uncertain
uhf_long,64659,7198993,MeerKAT:array_1:20250702T183548Z,ex_ASASSN-V_J163351.07-324454.0,18,599.2500445842743,-0.014260197960740902,46.99429,1,0.015625,0,0.7018911191020901,uncertain
uhf_long,58416,4543593,MeerKAT:array_1:20250715T124827Z,ex_2dFGRS_TGN261Z273,45,589.8280732035637,0.024446053646984402,37.752743,1,0.015625,0,0.702377472001667,uncertain
uhf_long,122926,34893849,MeerKAT:array_1:20250728T151003Z,ex_V1644_Cen,9,647.2235941290855,-0.048892107293968805,225.14047,1,0.015625,0,0.7029050452020223,uncertain
uhf_long,85793,33358189,MeerKAT:array_1:20250715T130947Z,ex_UCAC4_149-179913,23,613.1931035518646,0.0264832247842331,15.708239,3,0.046875,-1,0.7035066202605299,uncertain
uhf_short,13834,1018490,MeerKAT:array_1:20250723T211918Z,Gaia_2699632106565093888,49,564.0002713799477,0.33368863228133705,16.104965,2,0.03125,0,0.7045505530978211,uncertain
uhf_short,82810,34884155,MeerKAT:array_1:20250723T234200Z,Gaia_2682791574156858496,44,647.2499758601189,-0.316576394728448,948.0806,4,0.0625,-1,0.7048930330687996,uncertain
lband_long,275763,35841354,MeerKAT:array_1:20240319T020710Z,Gaia_2543031173681877120,46,1525.0543835610151,0.03026415097365099,25.81259,4,0.0625,-1,0.7049081094739456,uncertain
uhf_long,138821,35528498,MeerKAT:array_1:20250729T055516Z,Gaia_4668945152324985344,6,672.0191230773926,-0.0183345402352383,35.769936,1,0.015625,0,0.7053792272839914,uncertain
uhf_long,24863,706357,MeerKAT:array_1:20250715T135202Z,ex_2MASX_J15353845-3314022,48,559.9964779019356,0.055003620705714906,19.762005,4,0.0625,-1,0.7077090297662697,uncertain
uhf_long,24843,706330,MeerKAT:array_1:20250715T135202Z,ex_CRTS_J153336.8-332037,39,559.9964779019356,0.0529664495684662,20.793825,4,0.0625,-1,0.7085889412234547,uncertain
lband_long,18668,418252,MeerKAT:array_1:20250704T110253Z,Gaia_4669732024693331456,56,874.9921008199453,0.02017610064910066,21.847336,4,0.0625,-1,0.7088629425360282,uncertain
uhf_long,87099,33360155,MeerKAT:array_1:20250715T143518Z,ex_LEDA_795136,22,615.990169942379,0.022408882509735703,16.112074,3,0.046875,-1,0.7099656050656699,uncertain
uhf_long,80545,28006106,MeerKAT:array_1:20250715T141354Z,ex_ESO_448-15,31,611.7051165699959,-0.07741250321545061,22.09852,2,0.03125,0,0.7122008149117005,uncertain
uhf_long,188940,33877895,MeerKAT:array_1:20250715T141354Z,Gaia_6210677809876566784,59,633.7495029568672,0.0020371711372487,16.87271,2,0.03125,0,0.7127251273889718,uncertain
uhf_long,105840,33877934,MeerKAT:array_1:20250715T141354Z,ex_CRTS_J151405.7-314503,9,636.2808176875114,0.022408882509735703,18.324455,2,0.03125,0,0.7128610935177387,uncertain
uhf_short,201196,34911088,MeerKAT:array_1:20250731T192546Z,Gaia_4426456315318404608,16,647.9800463914871,-0.00855611877644454,19.826052,2,0.03125,0,0.7128978695120037,uncertain
sband_short,18744,34232387,MeerKAT:array_1:20250727T160434Z,Gaia_5922439947612730240,51,2106.7853320855647,0.1178195505987272,10.523036,1,0.015625,0,0.7134105432263623,uncertain
lband_long,57984,1267341,MeerKAT:array_1:20250708T083640Z,Gaia_4669697630595069056,40,919.9956882447004,-0.1714968555173556,20.85074,2,0.03125,0,0.7134582452022258,uncertain
uhf_long,111010,34605176,MeerKAT:array_1:20250702T175345Z,ex_CRTS_J140749.5-381707,23,647.2499403953552,-0.0101858556862435,134.15253,2,0.03125,0,0.7136925402949217,uncertain
lband_short,12428,406312,MeerKAT:array_1:20250701T080259Z,Gaia_2536494680133771392,30,879.9942896068096,-0.3690273892916154,61.900852,4,0.0625,-1,0.7144946374489313,uncertain
uhf_long,176370,4543537,MeerKAT:array_1:20250715T124827Z,ex_[VV2006]_J131702.2-012952,17,589.8280782699585,0.0040743422744974,46.761635,4,0.0625,-1,0.7145670617543838,uncertain
sband_long,17891,35376389,MeerKAT:array_1:20250727T163815Z,J1939-6342,0,2171.757783042267,0.015811281682080274,10.613667,1,0.015625,0,0.7163477841977005,uncertain
lband_long,6756,95080,MeerKAT:array_1:20250710T123913Z,Gaia_2894416707462849664,60,864.5480129271746,0.04035220129820132,13.270152,1,0.015625,0,0.7167836676256348,uncertain
uhf_long,51003,1234550,MeerKAT:array_1:20250729T055516Z,Gaia_4669813835230199552,8,576.0164030790329,-0.0631523052547097,173.356,3,0.046875,-1,0.7171388997826883,uncertain
uhf_long,176371,4543555,MeerKAT:array_1:20250715T124827Z,ex_[VV2006]_J131735.5-021504,26,589.8280802965164,-0.0040743422744974,28.71905,3,0.046875,-1,0.7176048375942695,uncertain
uhf_long,87082,33360137,MeerKAT:array_1:20250715T143518Z,ex_LEDA_790719,13,615.9901638627052,0.0366690804704766,15.065413,3,0.046875,-1,0.7181783140528304,uncertain
uhf_short,24153,1114440,MeerKAT:array_1:20250713T150856Z,Gaia_1468297590195018496,29,576.0005422234535,-0.2823519196226698,21.94205,4,0.0625,-1,0.7186629455603512,uncertain
lband_short,58295,1417684,MeerKAT:array_1:20250712T072515Z,Gaia_2323514707988323200,11,919.7934785783291,-0.25626902034139953,13.133848,4,0.0625,-1,0.7199586005260163,uncertain
lband_short,24905,682488,MeerKAT:array_1:20250711T085603Z,Gaia_4790703661235514240,52,870.60029271245,-0.33827510685064743,18.816828,4,0.0625,-1,0.7200949355064504,uncertain
uhf_short,55197,33197769,MeerKAT:array_1:20250710T050136Z,Gaia_2700582114675870720,52,613.2232658267021,0.11978566287022356,33.385506,3,0.046875,-1,0.7208853616475699,uncertain
sband_long,17420,35170154,MeerKAT:array_1:20250703T213810Z,Gaia_5958263788832175232,26,2172.162073198706,0.015811281682080274,16.179298,1,0.015625,0,0.7226547796205702,uncertain
uhf_long,24776,706246,MeerKAT:array_1:20250715T135202Z,ex_CRTS_J153613.6-333113,11,559.9964789152145,0.020371711372487,21.795,3,0.046875,-1,0.7247876122970317,uncertain
uhf_long,138886,35528630,MeerKAT:array_1:20250729T055516Z,Gaia_4668952848906375040,58,672.0191281437874,-0.038706251607725305,41.94373,3,0.046875,-1,0.7261609720817993,uncertain
uhf_long,41912,1122848,MeerKAT:array_1:20250713T211114Z,Gaia_4189428958720620160,39,575.999328315258,0.028520395921481805,11.651318,2,0.03125,0,0.726529632318981,uncertain
uhf_long,24890,706393,MeerKAT:array_1:20250715T135202Z,Gaia_6016055563045726848,60,559.9964789152145,0.020371711372487,18.800928,3,0.046875,-1,0.7267591182231679,uncertain
uhf_short,15295,1035637,MeerKAT:array_1:20250730T211442Z,Gaia_2682522915362530816,14,563.9998214840889,0.17967849430533533,23.32661,1,0.015625,0,0.728608457961891,uncertain
uhf_long,23800,704444,MeerKAT:array_1:20250715T124827Z,ex_[VV2006]_J131716.4-021814,22,560.1306340098381,-0.07944967435269931,11.397556,4,0.0625,-1,0.730696353763425,uncertain
uhf_long,81430,33164579,MeerKAT:array_1:20250702T181451Z,ex_Gaia_DR3_5820306621743296768,18,613.1958525776863,-0.0081486845489948,29.538378,1,0.015625,0,0.7324971855717116,uncertain
sband_short,20752,347835,MeerKAT:array_1:20250724T183832Z,Gaia_6103242711958658048,25,2190.4418445192277,0.021421736472495855,11.148766,4,0.0625,-1,0.7325170522392305,uncertain
uhf_long,86104,33358766,MeerKAT:array_1:20250715T133052Z,Gaia_6226381348483140864,44,615.9903057217598,-0.07944967435269931,13.947137,2,0.03125,0,0.7329220559796871,uncertain
uhf_long,82967,33187704,MeerKAT:array_1:20250705T192701Z,ex_HD_180335,1,613.1960653662682,0.081486845489948,18.11167,1,0.015625,0,0.7336104319651816,uncertain
uhf_long,64970,7199414,MeerKAT:array_1:20250702T185632Z,ex_ASASSN-V_J174349.92-160323.6,39,599.2500385046005,0.020371711372487,190.72804,3,0.046875,-1,0.7359146227498788,uncertain
uhf_long,111014,34605200,MeerKAT:array_1:20250702T175345Z,ex_ESO_384-61,35,647.2499403953552,-0.0101858556862435,129.34627,2,0.03125,0,0.7367328817777553,uncertain
uhf_long,24869,706366,MeerKAT:array_1:20250715T135202Z,ex_LEDA_682725,51,559.9964779019356,0.055003620705714906,23.319244,4,0.0625,-1,0.7373431147745559,uncertain
lband_long,60940,1423053,MeerKAT:array_1:20250713T100933Z,Gaia_3394146632069837056,20,919.7910885363817,-0.10088050324550331,12.955262,1,0.015625,0,0.7385114869794828,uncertain
uhf_long,24015,705065,MeerKAT:array_1:20250715T130947Z,ex_IRAS_16046-6024,51,559.2503418326378,0.014260197960740902,20.323278,1,0.015625,0,0.7386014951953577,uncertain
uhf_long,85644,33357698,MeerKAT:array_1:20250715T124827Z,ex_[VV2006]_J131540.1-020548,7,618.6505683064461,-0.048892107293968805,10.798679,3,0.046875,-1,0.7387269727040654,uncertain
uhf_long,124046,34920573,MeerKAT:array_1:20250702T175345Z,ex_ESO_384-61,35,658.6234637498856,0.05092927843121751,16.506332,3,0.046875,-1,0.7393867602139128,uncertain
uhf_long,11176,282420,MeerKAT:array_1:20250715T141354Z,Gaia_6210673003810108544,62,550.2657877802849,0.055003620705714906,27.50291,1,0.015625,0,0.7400635144701829,uncertain
lband_short,26354,684337,MeerKAT:array_1:20250711T092345Z,Gaia_4814731318900986496,21,870.1947014778852,-0.09225684732290385,122.85909,3,0.046875,-1,0.7403610806135011,uncertain
uhf_long,11159,282340,MeerKAT:array_1:20250715T141354Z,ex_CRTS_J151153.7-310950,22,550.2658060193062,-0.05704079184296361,18.209457,2,0.03125,0,0.7405041515861205,uncertain
uhf_long,176377,4543621,MeerKAT:array_1:20250715T124827Z,ex_2MASX_J13164575-0154497,59,589.8280802965164,-0.0040743422744974,24.688513,3,0.046875,-1,0.7413636532047717,uncertain
uhf_long,24005,705049,MeerKAT:array_1:20250715T130947Z,ex_ASASSN-V_J161325.20-594516.2,35,559.2503499388695,-0.06111513411746101,17.044994,1,0.015625,0,0.7418805497393023,uncertain
uhf_long,58412,4543585,MeerKAT:array_1:20250715T124827Z,ex_LBQS_1313-0153,41,589.8280843496323,-0.020371711372487,39.637066,4,0.0625,-1,0.741947576611356,uncertain
uhf_long,58396,4543541,MeerKAT:array_1:20250715T124827Z,ex_[VV2006]_J131709.6-020414,19,589.8280843496323,-0.020371711372487,38.271336,4,0.0625,-1,0.7425531791710459,uncertain
lband_long,22653,677144,MeerKAT:array_1:20250710T145421Z,Gaia_3630302591340754944,34,874.9917165637016,-0.05548427678502682,39.315228,4,0.0625,-1,0.7430189177251507,uncertain
uhf_long,138863,35528580,MeerKAT:array_1:20250729T055516Z,ex_NGC_1526,37,672.0191281437874,-0.038706251607725305,30.480457,3,0.046875,-1,0.7433628280694163,uncertain
uhf_short,87499,34911411,MeerKAT:array_1:20250731T192546Z,ex_[VV2006]_J155234.9+054009,53,647.980049431324,-0.06844895021155632,19.483208,4,0.0625,-1,0.7435369575916527,uncertain
uhf_short,171749,33197787,MeerKAT:array_1:20250710T050136Z,Gaia_2700877509641931904,61,613.2232729196548,-0.00855611877644454,48.023888,4,0.0625,-1,0.7435648924278454,uncertain
lband_long,65747,1477670,MeerKAT:array_1:20250731T144023Z,Gaia_1456203374605290880,10,919.7919941693544,0.1714968555173556,18.661411,2,0.03125,0,0.7455526309229535,uncertain
lband_short,27247,685554,MeerKAT:array_1:20250711T092345Z,Gaia_4790682186399080192,33,879.9963830858469,-0.1230091297638718,130.58754,1,0.015625,0,0.745569199638946,uncertain
lband_long,60942,1423055,MeerKAT:array_1:20250713T100933Z,Gaia_3394147903380141568,22,919.7910805642605,-0.050440251622751654,13.026075,2,0.03125,0,0.748031586745098,uncertain
uhf_long,138870,35528594,MeerKAT:array_1:20250729T055516Z,ex_OGLE_MBR229.17.00041,43,672.0191200375557,-0.006111513411746101,34.5204,1,0.015625,0,0.7486818106666173,uncertain
uhf_long,11160,282342,MeerKAT:array_1:20250715T141354Z,ex_V359_Lup,23,550.2657908201218,0.0366690804704766,19.785713,2,0.03125,0,0.7490435288387537,uncertain
uhf_long,87143,33360205,MeerKAT:array_1:20250715T143518Z,Gaia_6272835680390688000,47,615.9901618361473,0.0162973690979896,15.599446,4,0.0625,-1,0.7503137285446616,uncertain
lband_long,60936,1423049,MeerKAT:array_1:20250713T100933Z,Gaia_3394133059973255808,16,919.7910821586847,-0.06052830194730198,13.62253,1,0.015625,0,0.7508972343610019,uncertain
uhf_long,168250,1122787,MeerKAT:array_1:20250713T211114Z,Gaia_4189253685402458496,21,575.9993343949318,0.0040743422744974,11.403693,3,0.046875,-1,0.7509486959620201,uncertain
uhf_long,80569,28006159,MeerKAT:array_1:20250715T141354Z,Gaia_6210668090367510656,63,611.7050902247429,0.0366690804704766,31.61848,1,0.015625,0,0.7516414810132642,uncertain
uhf_long,58260,4543239,MeerKAT:array_1:20250715T124827Z,ex_2MASX_J13170753-0134111,62,587.1293992400169,-0.05092927843121751,35.01988,3,0.046875,-1,0.752703887127988,uncertain
uhf_short,55173,33197717,MeerKAT:array_1:20250710T050136Z,Gaia_2700568130262282624,26,613.223268866539,0.0427805938822227,20.113775,3,0.046875,-1,0.7530252882339465,uncertain
uhf_long,108930,34499794,MeerKAT:array_1:20250715T141354Z,Gaia_6210717740189629568,45,639.5786627531052,0.028520395921481805,10.303166,3,0.046875,-1,0.7537843508372407,uncertain
uhf_long,58243,4543221,MeerKAT:array_1:20250715T124827Z,ex_2dFGRS_TGN261Z268,53,587.1293992400169,-0.05092927843121751,28.91037,3,0.046875,-1,0.7550845060370308,uncertain
lband_long,60953,1423089,MeerKAT:array_1:20250713T100933Z,Gaia_3394240709033765888,56,919.7910789698362,-0.04035220129820132,14.548771,2,0.03125,0,0.7553389378711365,uncertain
lband_short,26599,684620,MeerKAT:array_1:20250711T092345Z,Gaia_4790681945880897920,42,870.4522679597139,-0.25626902034139953,10.516541,4,0.0625,-1,0.755476655210103,uncertain
lband_short,19629,441558,MeerKAT:array_1:20250708T101552Z,Gaia_2973930948839694464,5,875.0110122859478,-0.25626902034139953,10.93531,2,0.03125,0,0.7563861835202391,uncertain
sband_long,17892,35376444,MeerKAT:array_1:20250727T163815Z,Gaia_6440687950121445632,14,2171.9577971380204,-0.015811281682080274,36.83193,1,0.015625,0,0.7568669310365991,uncertain
uhf_long,58100,4543055,MeerKAT:array_1:20250715T124827Z,ex_LBQS_1313-0142,5,586.6514011025429,-0.055003620705714906,11.162033,4,0.0625,-1,0.7592986968542328,uncertain
uhf_long,59490,4545324,MeerKAT:array_1:20250715T141354Z,Gaia_6210676130545949952,46,587.1293860673904,-0.0427805938822227,24.97296,1,0.015625,0,0.7595318574615425,uncertain
lband_short,18721,439707,MeerKAT:array_1:20250708T094824Z,Gaia_2973829828129917696,54,870.2972341179848,-0.2972720635960235,12.276493,3,0.046875,-1,0.7598684210784672,uncertain
lband_short,18976,440263,MeerKAT:array_1:20250708T094824Z,ex_LEDA_823754,15,874.9933875203133,-0.3485258676643034,119.311966,2,0.03125,0,0.7601461145545603,uncertain
uhf_short,87528,34911465,MeerKAT:array_1:20250731T192546Z,ex_LEDA_214423,59,647.980049431324,-0.06844895021155632,23.094742,4,0.0625,-1,0.7607629602711737,uncertain
lband_long,6681,94998,MeerKAT:array_1:20250710T123913Z,Gaia_2894427358981809152,19,864.5480208992958,-0.015132075486825495,14.269684,3,0.046875,-1,0.7610745657411525,uncertain
uhf_long,22867,700768,MeerKAT:array_1:20250713T194539Z,Gaia_6024456450373487872,47,559.25038844347,-0.05704079184296361,12.479929,2,0.03125,0,0.7637452193306166,uncertain
uhf_long,111509,34606386,MeerKAT:array_1:20250702T185632Z,ex_ASASSN-V_J174311.99-161837.2,30,647.2499606609344,-0.055003620705714906,57.749252,2,0.03125,0,0.7640739452646365,uncertain
lband_short,18172,437391,MeerKAT:array_1:20250708T092055Z,Gaia_2973620474244336512,15,871.9707338362932,-0.1742629338321517,22.977839,4,0.0625,-1,0.7643100906708764,uncertain
uhf_long,23977,705014,MeerKAT:array_1:20250715T130947Z,J1611_6-6013,0,559.2503418326378,0.0081486845489948,19.771109,4,0.0625,-1,0.7647008920548207,uncertain
uhf_short,13728,1018267,MeerKAT:array_1:20250723T211918Z,Gaia_2699242737714077568,12,564.0002723932266,0.2994641571755589,18.391714,3,0.046875,-1,0.766087857258882,uncertain
uhf_long,43690,1132589,MeerKAT:array_1:20250715T133052Z,Gaia_6214270468417955456,50,577.5400240421295,0.0753753320782019,10.548744,1,0.015625,0,0.7668669160407257,uncertain
uhf_long,24883,706384,MeerKAT:array_1:20250715T135202Z,Gaia_6014445465704029440,57,559.9964789152145,0.0162973690979896,20.629457,1,0.015625,0,0.7669593426919024,uncertain
uhf_long,24024,705076,MeerKAT:array_1:20250715T130947Z,ex_ASASSN-V_J161102.00-601501.6,62,559.2503499388695,-0.0651894763919584,14.593987,1,0.015625,0,0.7676319865647213,uncertain
uhf_long,51027,1234603,MeerKAT:array_1:20250729T055516Z,Gaia_4669673441339225216,18,576.0163969993591,-0.038706251607725305,139.265,3,0.046875,-1,0.7684886230472695,uncertain
uhf_long,64955,7199392,MeerKAT:array_1:20250702T185632Z,ex_ASASSN-V_J174233.86-155909.6,17,599.2500395178795,0.020371711372487,205.20134,3,0.046875,-1,0.7689108449224665,uncertain
lband_long,28922,769727,MeerKAT:array_1:20250731T124411Z,Gaia_5850028826295272064,17,875.9854972809553,0.09079245292095298,12.862103,3,0.046875,-1,0.7690910133471915,uncertain
lband_short,18632,438549,MeerKAT:array_1:20250708T092055Z,Gaia_2973934865849905920,16,879.9704705029726,-0.2460182595277436,13.158277,1,0.015625,0,0.7691394335394207,uncertain
uhf_long,85515,33357284,MeerKAT:array_1:20250715T124827Z,ex_ATO_J199.0886-01.7543,2,613.1930174231529,-0.0264832247842331,91.182434,3,0.046875,-1,0.7692707379338237,uncertain
lband_long,54828,1241657,MeerKAT:array_1:20250701T095804Z,Gaia_4669716459731837184,3,915.9668524116278,-0.14123270454370462,18.63005,1,0.015625,0,0.7694394385943428,uncertain
uhf_long,64653,7198986,MeerKAT:array_1:20250702T183548Z,ex_ASASSN-V_J163514.15-323153.1,11,599.2500395178795,0.0162973690979896,42.434303,4,0.0625,-1,0.7697710062281087,uncertain
uhf_long,24019,705071,MeerKAT:array_1:20250715T130947Z,ex_ASASSN-V_J160944.16-601343.2,57,559.2503408193588,0.0733381609409532,23.101847,2,0.03125,0,0.7700970837891825,uncertain
uhf_long,58438,4543743,MeerKAT:array_1:20250715T124827Z,ex_[VV2006]_J131704.3-020048,18,591.9976949691772,0.014260197960740902,75.201935,4,0.0625,-1,0.7704924345903547,uncertain
uhf_long,58400,4543551,MeerKAT:array_1:20250715T124827Z,ex_[VV2006]_J131723.5-021125,24,589.8280823230743,-0.012223026823492201,43.040733,1,0.015625,0,0.7711583013689287,uncertain
lband_short,18714,439394,MeerKAT:array_1:20250708T094824Z,Gaia_2973932941704560640,34,870.4524561017752,-0.31777358522333543,15.346899,2,0.03125,0,0.7713239760186618,uncertain
uhf_long,133535,35418148,MeerKAT:array_1:20250715T133052Z,Gaia_6214385161224956672,25,675.8447121977806,0.0651894763919584,16.06358,1,0.015625,0,0.7720686851316763,uncertain
uhf_long,118206,34831394,MeerKAT:array_1:20250715T141354Z,Gaia_6210929086941540864,43,648.568673312664,0.05092927843121751,31.676712,1,0.015625,0,0.7725605616475545,uncertain
uhf_short,171693,33197683,MeerKAT:array_1:20250710T050136Z,ex_2MASX_J21493246+0713253,9,613.2232719063759,-0.01711223755288908,29.009756,3,0.046875,-1,0.7729029739297334,uncertain
lband_short,19110,440464,MeerKAT:array_1:20250708T094824Z,Gaia_2973635455090172672,50,874.9933875203133,-0.3485258676643034,99.490616,2,0.03125,0,0.7738392104558544,uncertain
uhf_long,51120,1234778,MeerKAT:array_1:20250729T055516Z,Gaia_4668925567273907840,53,576.0163969993591,-0.038706251607725305,86.05613,3,0.046875,-1,0.7739288067827564,uncertain
sband_short,13479,1467451,MeerKAT:array_1:20250727T151713Z,Gaia_5922813094370205312,58,2029.9602735321969,0.03213260470874378,16.021608,4,0.0625,-1,0.774777927908815,uncertain
uhf_long,111359,34605923,MeerKAT:array_1:20250702T181451Z,ex_ASASSN-V_J153941.24-683224.1,53,653.24955701828,-0.0651894763919584,18.241978,1,0.015625,0,0.7759033213316803,uncertain
uhf_long,87166,33360229,MeerKAT:array_1:20250715T143518Z,Gaia_6272552453067390720,59,615.9901689291,0.030557567058730504,15.723369,3,0.046875,-1,0.7759797130103417,uncertain
lband_long,16071,404339,MeerKAT:array_1:20250701T053744Z,Gaia_4669777104670046464,12,879.9988831430674,0.025220125811375827,25.210703,2,0.03125,0,0.7772835146335688,uncertain
uhf_long,65358,8175674,MeerKAT:array_1:20250705T060310Z,Gaia_6441068101970626176,20,599.250052690506,-0.0366690804704766,172.86627,1,0.015625,0,0.7776250936846419,uncertain
lband_long,18671,418256,MeerKAT:array_1:20250704T110253Z,Gaia_4669696599802903296,58,874.9921008199453,0.02017610064910066,19.836725,4,0.0625,-1,0.7776275779083782,uncertain
uhf_long,71575,11382970,MeerKAT:array_1:20250715T124827Z,ex_[VV2006]_J131714.2-022516,21,602.6509847044945,-0.0529664495684662,10.632763,2,0.03125,0,0.7778298174711366,uncertain
uhf_long,59463,4545282,MeerKAT:array_1:20250715T141354Z,ex_ASASSN-V_J151253.14-314549.0,25,587.1293911337852,-0.0631523052547097,16.988432,1,0.015625,0,0.7779528429614655,uncertain
uhf_long,19621,377599,MeerKAT:array_1:20250729T055516Z,ex_LEDA_308423,34,543.9845434427261,-0.0713009898037045,158.0511,2,0.03125,0,0.7779984280537207,uncertain
lband_long,6713,95032,MeerKAT:array_1:20250710T123913Z,Gaia_2893825818744265472,36,864.5479794442654,0.16645283035508046,11.3926735,3,0.046875,-1,0.778219677143254,uncertain
uhf_long,58411,4543583,MeerKAT:array_1:20250715T124827Z,ex_LBQS_1317-0142,40,589.8280843496323,-0.020371711372487,49.586025,4,0.0625,-1,0.7792892758751322,uncertain
uhf_long,96687,33537722,MeerKAT:array_1:20250715T124827Z,ex_[VV2006]_J131716.4-021814,22,623.9975724816322,-0.07741250321545061,204.51183,3,0.046875,-1,0.7793380969672523,uncertain
lband_short,58311,1417709,MeerKAT:array_1:20250712T072515Z,Gaia_2323475263008703872,18,919.7934785783291,-0.25626902034139953,13.430698,4,0.0625,-1,0.779650109482272,uncertain
lband_short,23365,680730,MeerKAT:array_1:20250711T085603Z,ex_LEDA_549839,13,869.9748048633337,-0.37927815010527133,32.125763,3,0.046875,-1,0.7804780713208621,uncertain
lband_long,18573,418146,MeerKAT:array_1:20250704T110253Z,Gaia_4669728313841533440,3,874.9921008199453,0.02017610064910066,18.31528,4,0.0625,-1,0.7809419405613145,uncertain
uhf_long,19582,377527,MeerKAT:array_1:20250729T055516Z,Gaia_4669673441339225216,18,544.0154555439949,0.07741250321545061,151.46754,2,0.03125,0,0.7812693819554991,uncertain
lband_long,22188,676247,MeerKAT:array_1:20250710T132016Z,Gaia_5256031069626481792,45,874.9863848090172,-0.19671698132873144,101.56544,1,0.015625,0,0.7818100400540228,uncertain
lband_long,22175,676191,MeerKAT:array_1:20250710T132016Z,Gaia_5256090374537520128,17,874.9863465428352,-0.035308176135926156,99.69952,2,0.03125,0,0.7821979260321034,uncertain
lband_long,275577,35840971,MeerKAT:array_1:20240319T020710Z,Gaia_2530979151851814144,3,1525.043629169464,0.10592452840777847,23.667301,2,0.03125,0,0.7825231473865996,uncertain
uhf_short,245,61552,MeerKAT:array_1:20250706T001134Z,Gaia_2699234942349561856,16,551.9990338683128,0.16256625675244626,27.650623,3,0.046875,-1,0.7835589797001496,uncertain
lband_short,26587,684608,MeerKAT:array_1:20250711T092345Z,Gaia_4814721010979139712,41,870.599430128932,-0.09225684732290385,10.679157,4,0.0625,-1,0.7838610148812305,uncertain
lband_short,25418,683157,MeerKAT:array_1:20250711T085603Z,ex_LEDA_550158,28,874.5101829022169,-0.31777358522333543,12.927156,1,0.015625,0,0.783876879029162,uncertain
lband_short,26513,684531,MeerKAT:array_1:20250711T092345Z,Gaia_4814652158359882752,36,870.2315039783716,-0.1845136946458077,3044.502,3,0.046875,-1,0.7846289889610125,uncertain
lband_short,26432,684430,MeerKAT:array_1:20250711T092345Z,Gaia_4790680846369268736,28,870.2682714015245,0.1230091297638718,175.76299,2,0.03125,0,0.7864062082413797,uncertain
uhf_long,24817,706297,MeerKAT:array_1:20250715T135202Z,ex_ASASSN-V_J153339.64-330209.6,28,559.9964809417725,-0.020371711372487,21.484097,4,0.0625,-1,0.7864369911670069,uncertain
uhf_long,103633,33700702,MeerKAT:array_1:20250704T054305Z,Gaia_6441467778743186048,11,633.749483704567,0.030557567058730504,12.721755,2,0.03125,0,0.786675784761063,uncertain
uhf_long,87157,33360219,MeerKAT:array_1:20250715T143518Z,Gaia_6272732017060242432,54,615.9901628494263,0.0162973690979896,16.409681,4,0.0625,-1,0.7871122742715418,uncertain
lband_short,18723,439799,MeerKAT:array_1:20250708T094824Z,Gaia_2973726989432958208,60,870.4524561017752,-0.2870213027823675,12.538503,1,0.015625,0,0.7871680845036133,uncertain
uhf_long,133583,35418198,MeerKAT:array_1:20250715T133052Z,ex_CRTS_J151640.6-261626,5,678.302332162857,0.0366690804704766,18.224014,2,0.03125,0,0.7875986111935949,uncertain
lband_short,24722,682285,MeerKAT:array_1:20250711T085603Z,ex_2MFGC_3840,44,870.2978989928961,-0.37927815010527133,14.907053,3,0.046875,-1,0.7880383355133554,uncertain
lband_short,59588,1420176,MeerKAT:array_1:20250712T091244Z,Gaia_2323451176832108672,18,919.7921902835369,0.19476445545946366,11.316336,3,0.046875,-1,0.7881484618807331,uncertain
lband_long,16067,404330,MeerKAT:array_1:20250701T053744Z,Gaia_4669828335039784320,3,879.9988735765219,0.1462767297059798,28.949808,4,0.0625,-1,0.789426226218417,uncertain
uhf_short,87409,34911246,MeerKAT:array_1:20250731T192546Z,ex_SDSS_J154833.79+053843.7,34,647.980050444603,-0.11122954409377903,19.432552,1,0.015625,0,0.790138515442797,uncertain
lband_long,22166,676161,MeerKAT:array_1:20250710T132016Z,Gaia_5256029420359472256,2,874.9863465428352,-0.035308176135926156,103.49675,2,0.03125,0,0.7918274674182912,uncertain
uhf_long,65315,7857810,MeerKAT:array_1:20250704T054305Z,Gaia_6441449877319724928,25,602.116169989109,0.0529664495684662,24.541435,3,0.046875,-1,0.7936551840290338,uncertain
uhf_long,183410,33164563,MeerKAT:array_1:20250702T181451Z,ex_4FGL_J1536.5-6855,2,613.1958525776863,0.0020371711372487,50.81931,2,0.03125,0,0.7942617728073739,uncertain
uhf_long,65324,7857819,MeerKAT:array_1:20250704T054305Z,Gaia_6441067449135162496,32,602.116169989109,0.0529664495684662,23.766386,3,0.046875,-1,0.7945787279744849,uncertain
lband_short,23277,680631,MeerKAT:array_1:20250711T085603Z,Gaia_4814724245090845952,2,870.0685012042522,-0.2460182595277436,15.642692,4,0.0625,-1,0.7947165450039988,uncertain
uhf_long,50997,1234540,MeerKAT:array_1:20250729T055516Z,Gaia_4668945152324985344,6,576.016399025917,-0.0468549361567201,120.050514,1,0.015625,0,0.7950634664243278,uncertain
uhf_long,133635,35418264,MeerKAT:array_1:20250715T133052Z,Gaia_6214282872284087808,38,678.3023311495781,0.0468549361567201,17.912582,2,0.03125,0,0.795619526869254,uncertain
uhf_long,24011,705059,MeerKAT:array_1:20250715T130947Z,ex_ASASSN-V_J160755.47-601702.5,45,559.2503418326378,0.059077962980212305,20.089088,2,0.03125,0,0.7956308009286444,uncertain
uhf_short,101468,35436602,MeerKAT:array_1:20250717T220401Z,Gaia_2699053591650461696,15,671.9997664093971,0.05133671265866724,15.522322,1,0.015625,0,0.7967642720988422,uncertain
uhf_long,96714,33537788,MeerKAT:array_1:20250715T124827Z,ex_[VV2006]_J131831.2-020908,33,623.9975724816322,-0.06926381866645581,180.18925,3,0.046875,-1,0.7968973030242974,uncertain
uhf_long,74553,11573265,MeerKAT:array_1:20250717T054309Z,Gaia_4669683302584135808,11,599.4168829917908,-0.07741250321545061,20.950459,3,0.046875,-1,0.7972035194636847,uncertain
uhf_long,81978,33180325,MeerKAT:array_1:20250705T060310Z,Gaia_6441062913649971968,30,613.1961616277695,-0.0651894763919584,13.548954,1,0.015625,0,0.7975459097115363,uncertain
uhf_long,24885,706387,MeerKAT:array_1:20250715T135202Z,Gaia_6014499066895969792,58,559.9964779019356,0.0468549361567201,19.6469,2,0.03125,0,0.7982884311129999,uncertain
lband_short,27329,685644,MeerKAT:array_1:20250711T092345Z,Gaia_4790680983808220032,58,879.9963783025742,-0.07175532569559187,109.946266,1,0.015625,0,0.7985943447843983,uncertain
uhf_long,81065,32725971,MeerKAT:array_1:20250729T055516Z,ex_LEDA_177095,36,608.0173080563545,-0.0427805938822227,110.02071,2,0.03125,0,0.7986406777695759,uncertain
uhf_long,125246,35005184,MeerKAT:array_1:20250715T124827Z,ex_2MASX_J13164575-0154497,59,655.9974459409714,0.014260197960740902,28.008245,2,0.03125,0,0.7986765468130906,uncertain
uhf_short,201330,34911386,MeerKAT:array_1:20250731T192546Z,ex_SDSS_J155211.94+050641.2,50,647.9800403118134,-0.00855611877644454,15.54146,1,0.015625,0,0.7988088723714287,uncertain
lband_short,32109,698807,MeerKAT:array_1:20250713T120523Z,Gaia_5096257564637223168,52,869.9925492107868,-0.08200608650924786,13.193024,3,0.046875,-1,0.7990414920031577,uncertain
uhf_short,78433,34501390,MeerKAT:array_1:20250716T201432Z,ex_2MASX_J15495551+0559313,6,639.9942479729652,0.16256625675244626,19.369377,2,0.03125,0,0.7990992646251435,uncertain
sband_long,20170,323013,MeerKAT:array_1:20250720T164552Z,Gaia_6440696333897680640,35,2190.4339806642383,-0.005270427227360091,10.350529,1,0.015625,0,0.8004815681214034,uncertain
lband_long,22190,676253,MeerKAT:array_1:20250710T132016Z,Gaia_5256133255493666048,48,874.9863656759262,-0.12610062905687913,130.8659,1,0.015625,0,0.8009701568273694,uncertain
uhf_short,5333,379641,MeerKAT:array_1:20250729T173047Z,Gaia_6734183887488031232,55,551.9996793270111,-0.09411730654088994,24.024763,4,0.0625,-1,0.801030107756685,uncertain
lband_short,32106,698775,MeerKAT:array_1:20250713T120523Z,Gaia_5096047420477034496,20,869.9925492107868,-0.08200608650924786,12.226447,3,0.046875,-1,0.8015223925946899,uncertain
lband_short,58386,1417821,MeerKAT:array_1:20250712T072515Z,Gaia_2323541680382961536,46,919.7934785783291,-0.25626902034139953,11.765114,4,0.0625,-1,0.8020483726439972,uncertain
uhf_long,58408,4543575,MeerKAT:array_1:20250715T124827Z,ex_[VV2006]_J131904.7-021321,36,589.8280813097954,-0.0081486845489948,37.8824,2,0.03125,0,0.8025570400230401,uncertain
uhf_long,183470,33169075,MeerKAT:array_1:20250704T054305Z,Gaia_6440680459698547200,55,619.3195077180862,0.0040743422744974,14.353224,2,0.03125,0,0.8033634746521304,uncertain
uhf_short,87495,34911403,MeerKAT:array_1:20250731T192546Z,ex_SDSS_J155230.87+054011.4,52,647.980050444603,-0.09411730654088994,21.752134,4,0.0625,-1,0.8034897499806775,uncertain
uhf_long,86060,33358716,MeerKAT:array_1:20250715T133052Z,ex_CRTS_J151512.8-265930,19,615.9903036952019,-0.05704079184296361,13.379344,1,0.015625,0,0.8038874407575642,uncertain
lband_short,27295,685606,MeerKAT:array_1:20250711T092345Z,Gaia_4790684110544388224,47,879.9963767081499,-0.05125380406827991,103.22738,1,0.015625,0,0.8039809871759985,uncertain
lband_short,58103,1417234,MeerKAT:array_1:20250712T065251Z,Gaia_2323457052347344640,52,919.9986921399832,-0.03075228244096795,10.937655,2,0.03125,0,0.8041072617101873,uncertain
uhf_long,87223,33360286,MeerKAT:array_1:20250715T143518Z,Gaia_6272812625006192256,48,619.319512784481,0.05092927843121751,48.50024,4,0.0625,-1,0.8044461785618933,uncertain
lband_short,23528,680934,MeerKAT:array_1:20250711T085603Z,ex_LEDA_547903,35,869.8644164949656,-0.27677054196871154,16.28154,1,0.015625,0,0.805181878735633,uncertain
uhf_long,125243,35005162,MeerKAT:array_1:20250715T124827Z,ex_[VV2006]_J131905.8-015208,37,655.9974469542503,-0.055003620705714906,40.684177,3,0.046875,-1,0.8052188879394996,uncertain
lband_short,24765,682331,MeerKAT:array_1:20250711T085603Z,Gaia_4790633601729009536,46,870.2323585897684,-0.3587766284779594,7478.353,1,0.015625,0,0.8056623875676191,uncertain
uhf_long,24851,706339,MeerKAT:array_1:20250715T135202Z,ex_LEDA_185107,42,559.9964819550514,-0.034631909333227906,20.220087,1,0.015625,0,0.8061667331336397,uncertain
lband_short,23468,680856,MeerKAT:array_1:20250711T085603Z,ex_LEDA_543272,26,870.0685139596462,-0.38952891091892733,10.892134,3,0.046875,-1,0.8071932674599841,uncertain
uhf_long,105013,33876630,MeerKAT:array_1:20250715T124827Z,ex_IC_4218,3,633.7495455145836,-0.024446053646984402,14.977386,3,0.046875,-1,0.807386739678164,uncertain
uhf_long,51114,1234769,MeerKAT:array_1:20250729T055516Z,Gaia_4668947007750901120,51,576.0164030790329,-0.0631523052547097,122.56421,3,0.046875,-1,0.8080220216833287,uncertain
lband_short,56980,1251024,MeerKAT:array_1:20250703T011955Z,Gaia_6891266440793409024,59,919.7943618893623,-0.03075228244096795,11.483721,3,0.046875,-1,0.8082899703126771,uncertain
uhf_long,80538,28006089,MeerKAT:array_1:20250715T141354Z,ex_ASASSN-V_J151310.06-311615.3,19,611.7051155567169,-0.0753753320782019,18.876545,2,0.03125,0,0.8083603776227677,uncertain
uhf_long,118198,34831369,MeerKAT:array_1:20250715T141354Z,ex_ASASSN-V_J151048.72-310630.6,18,648.568700671196,-0.07741250321545061,27.647043,1,0.015625,0,0.8090785297413442,uncertain
lband_long,60946,1423064,MeerKAT:array_1:20250713T100933Z,Gaia_3394140069359843584,31,919.7910263538361,0.09079245292095298,15.813319,3,0.046875,-1,0.8092706082498832,uncertain
lband_long,6670,94984,MeerKAT:array_1:20250710T123913Z,Gaia_2894210411593744128,12,864.5480208992958,-0.02017610064910066,11.008159,3,0.046875,-1,0.8093465341464533,uncertain
lband_short,26762,684797,MeerKAT:array_1:20250711T092345Z,Gaia_4814709745281296640,56,870.2315039783716,-0.1845136946458077,2552.1926,3,0.046875,-1,0.8102504643010391,uncertain
uhf_short,87340,34911123,MeerKAT:array_1:20250731T192546Z,Gaia_4426402233090265344,20,647.980050444603,-0.09411730654088994,20.043943,4,0.0625,-1,0.8108397549959335,uncertain
lband_long,64897,1476177,MeerKAT:array_1:20250731T124411Z,Gaia_5850115378475148800,16,915.9848343282938,0.12105660389460396,10.746277,1,0.015625,0,0.8115926236627445,uncertain
lband_long,16075,404359,MeerKAT:array_1:20250701T053744Z,Gaia_4668956624181438848,32,879.9988735765219,0.1462767297059798,21.12155,4,0.0625,-1,0.8120205662274264,uncertain
lband_long,16072,404341,MeerKAT:array_1:20250701T053744Z,Gaia_4669776280036326528,14,879.9988735765219,0.1462767297059798,32.083866,4,0.0625,-1,0.8123685256768368,uncertain
lband_long,20503,436252,MeerKAT:array_1:20250708T083640Z,Gaia_4669060360527883264,2,879.9958712756634,-0.19167295616645627,98.11843,4,0.0625,-1,0.8123925810686742,uncertain
uhf_short,13804,1018424,MeerKAT:array_1:20250723T211918Z,Gaia_2699013592620355072,38,564.0002723932266,0.2909080383991144,15.841794,3,0.046875,-1,0.8124136037654388,uncertain
lband_long,60958,1423096,MeerKAT:array_1:20250713T100933Z,Gaia_3394141409389627520,63,919.7910263538361,0.09079245292095298,16.21724,3,0.046875,-1,0.8124763910963647,uncertain
sband_short,20165,317484,MeerKAT:array_1:20250719T130249Z,ex_ASASSN-V_J060925.19-153332.5,21,2190.831345738843,0.021421736472495855,14.54959,1,0.015625,0,0.8129047846867596,uncertain
lband_short,56966,1250992,MeerKAT:array_1:20250703T011955Z,Gaia_6891322034850143232,25,919.7943602949381,0.1127583689502158,10.472149,1,0.015625,0,0.8133867417558696,uncertain
lband_short,12008,405783,MeerKAT:array_1:20250701T073022Z,Gaia_2536502445434647296,56,879.9955428242683,0.3690273892916154,50.699936,4,0.0625,-1,0.8136028589692266,uncertain
uhf_long,24825,706306,MeerKAT:array_1:20250715T135202Z,ex_ASASSN-V_J153511.70-332719.0,31,559.9964809417725,-0.020371711372487,18.142418,4,0.0625,-1,0.8146968169405754,uncertain
lband_short,31431,698035,MeerKAT:array_1:20250713T111016Z,Gaia_5096068517356350080,48,869.9947702437639,-0.38952891091892733,51.53067,2,0.03125,0,0.8150707374503252,uncertain
uhf_long,64675,7199036,MeerKAT:array_1:20250702T183548Z,Gaia_6024348560799652992,61,599.2500435709953,-0.0101858556862435,39.45077,3,0.046875,-1,0.8150758920235834,uncertain
uhf_long,96831,33538230,MeerKAT:array_1:20250715T124827Z,ex_[VV2006]_J131714.2-022516,21,626.6503601074219,-0.048892107293968805,11.067485,1,0.015625,0,0.8162844186323848,uncertain
lband_long,16069,404334,MeerKAT:array_1:20250701T053744Z,Gaia_4669730856462223872,7,879.9988735765219,0.1462767297059798,32.83377,4,0.0625,-1,0.8167426724141614,uncertain
uhf_long,96690,33537728,MeerKAT:array_1:20250715T124827Z,ex_[VV2006]_J131716.7-014247,23,623.9975724816322,-0.06926381866645581,224.4072,3,0.046875,-1,0.8173314775313618,uncertain
lband_short,25985,683916,MeerKAT:array_1:20250711T092345Z,Gaia_4814729429115402880,5,870.0107320249081,-0.04100304325462393,16.919842,3,0.046875,-1,0.8185080964985013,uncertain
uhf_long,111004,34605150,MeerKAT:array_1:20250702T175345Z,ex_GALEX_J140702.6-373441,10,647.2499403953552,-0.0366690804704766,165.57909,3,0.046875,-1,0.8194266509456659,uncertain
lband_short,25065,682665,MeerKAT:array_1:20250711T085603Z,Gaia_4814702323577882624,60,870.3634314239025,-0.2870213027823675,11.820876,4,0.0625,-1,0.822143534575709,uncertain
uhf_long,176369,4543511,MeerKAT:array_1:20250715T124827Z,ex_2MASX_J13155881-0223450,4,589.8280782699585,0.0040743422744974,35.63599,4,0.0625,-1,0.8222386475677871,uncertain
lband_short,25982,683913,MeerKAT:array_1:20250711T092345Z,Gaia_4790682873593840768,4,870.0107320249081,-0.04100304325462393,11.088895,3,0.046875,-1,0.8223201427801423,uncertain
uhf_long,133551,35418164,MeerKAT:array_1:20250715T133052Z,Gaia_6214255728090340992,41,675.8447111845016,0.0733381609409532,17.294842,2,0.03125,0,0.8223266147750192,uncertain
uhf_long,87784,33370020,MeerKAT:array_1:20250719T053812Z,Gaia_4669821256933709440,30,613.1960765123367,-0.07741250321545061,41.09112,1,0.015625,0,0.8228752883765464,uncertain
uhf_long,71583,11383038,MeerKAT:array_1:20250715T124827Z,ex_2dFGRS_TGN194Z171,55,602.6509786248207,0.048892107293968805,10.457274,4,0.0625,-1,0.8237122230883878,uncertain
uhf_long,58447,4543816,MeerKAT:array_1:20250715T124827Z,ex_2dFGRS_TGN195Z209,44,591.9976969957352,-0.0651894763919584,73.34274,3,0.046875,-1,0.8241985358241881,uncertain
lband_short,23469,680865,MeerKAT:array_1:20250711T085603Z,ex_LEDA_544458,27,870.0685107707977,-0.37927815010527133,12.141361,4,0.0625,-1,0.8243654909128905,uncertain
lband_short,26715,684739,MeerKAT:array_1:20250711T092345Z,Gaia_4814731288837203840,51,870.2682729959488,0.13325989057752777,130.4789,2,0.03125,0,0.8252282933894671,uncertain
lband_short,31783,698390,MeerKAT:array_1:20250713T113750Z,Gaia_5096066696290217088,20,869.9930945038795,-0.16401217301849572,11.307512,2,0.03125,0,0.825601888574408,uncertain
uhf_long,87128,33360187,MeerKAT:array_1:20250715T143518Z,Gaia_6272868042968714240,38,615.9901628494263,0.012223026823492201,15.886553,3,0.046875,-1,0.8258081151439528,uncertain
lband_long,65791,1477714,MeerKAT:array_1:20250731T144023Z,Gaia_1468182004035197312,32,919.7929859012365,0.07566037743412748,17.2931,3,0.046875,-1,0.825954412010311,uncertain
lband_short,23816,681275,MeerKAT:array_1:20250711T085603Z,Gaia_4814724245090845952,2,870.3634298294783,-0.26651978115505554,11.783483,4,0.0625,-1,0.826216177577945,uncertain
uhf_long,64656,7198990,MeerKAT:array_1:20250702T183548Z,ex_ASASSN-V_J163719.38-324245.6,15,599.2500445842743,-0.0081486845489948,40.93659,3,0.046875,-1,0.8270141911201482,uncertain
lband_short,26450,684459,MeerKAT:array_1:20250711T092345Z,Gaia_4814660954452869632,30,870.4522679597139,-0.25626902034139953,12.265243,4,0.0625,-1,0.827093795483581,uncertain
lband_long,187758,32862271,MeerKAT:array_1:20250731T120456Z,Gaia_5423511601330978816,55,961.9998112916946,0.015132075486825495,42.9915,2,0.03125,0,0.8275738140736185,uncertain
uhf_long,64650,7198978,MeerKAT:array_1:20250702T183548Z,ex_ASASSN-V_J163541.63-322853.2,3,599.2500395178795,0.0264832247842331,37.116043,2,0.03125,0,0.8276030264017679,uncertain
uhf_long,133658,35418292,MeerKAT:array_1:20250715T133052Z,Gaia_6214395812743872000,52,678.3023311495781,0.0468549361567201,19.148684,2,0.03125,0,0.8285241762431328,uncertain
uhf_long,104390,33719999,MeerKAT:array_1:20250710T060816Z,Gaia_5598500526165506560,11,633.7494766116142,-0.028520395921481805,10.281932,4,0.0625,-1,0.8287366328798319,uncertain
uhf_long,66895,8287978,MeerKAT:array_1:20250705T194745Z,ex_ASASSN-V_J195505.47-122256.0,14,599.9433259963989,-0.0162973690979896,12.302842,2,0.03125,0,0.8296175255779837,uncertain
uhf_long,80486,28006018,MeerKAT:array_1:20250715T141354Z,ex_ASASSN-V_J151250.05-311941.7,24,610.0880033969879,0.030557567058730504,24.432999,1,0.015625,0,0.82997091953958,uncertain
uhf_long,87101,33360157,MeerKAT:array_1:20250715T143518Z,ex_LEDA_790185,23,615.9901638627052,0.0366690804704766,16.516003,3,0.046875,-1,0.830258120424572,uncertain
lband_short,25116,682718,MeerKAT:array_1:20250711T085603Z,Gaia_4790703317638134144,62,870.3634330183268,-0.3075228244096795,12.059081,4,0.0625,-1,0.830349140295078,uncertain
lband_short,18722,439710,MeerKAT:array_1:20250708T094824Z,Gaia_2973829828129917696,54,870.3420757055283,-0.32802434603699143,30.427183,2,0.03125,0,0.8304051120879836,uncertain
uhf_short,87254,34910964,MeerKAT:array_1:20250731T192546Z,Gaia_4426390825656968320,2,647.980049431324,-0.06844895021155632,16.493576,4,0.0625,-1,0.8308494889773853,uncertain
uhf_short,82807,34884137,MeerKAT:array_1:20250723T234200Z,Gaia_2682779239010774400,41,647.2499758601189,-0.316576394728448,719.8045,4,0.0625,-1,0.8314834403721332,uncertain
uhf_long,111003,34605148,MeerKAT:array_1:20250702T175345Z,ex_Gaia_DR3_6120535212362969856,9,647.2499403953552,-0.038706251607725305,129.91476,4,0.0625,-1,0.8315749750228694,uncertain
lband_short,447531,391224,MeerKAT:array_1:20250731T041226Z,ex_SDSS_J002339.35+001442.7,15,863.9559792876244,0.010250760813655982,15.403805,1,0.015625,0,0.8317727354012469,uncertain
uhf_long,153315,86456,MeerKAT:array_1:20250709T013528Z,ex_GALEX_J191137.0-601957,56,551.9478572010994,0.0040743422744974,119.16556,1,0.015625,0,0.8320375802039114,uncertain
uhf_long,85565,33357334,MeerKAT:array_1:20250715T124827Z,ex_2dFGRS_TGN261Z280,52,613.1930174231529,-0.0264832247842331,84.565414,3,0.046875,-1,0.8320797994990815,uncertain
lband_short,19231,440768,MeerKAT:array_1:20250708T094824Z,Gaia_2973722213429327360,25,879.2238558381796,-0.3485258676643034,12.663574,2,0.03125,0,0.8322853202385923,uncertain
lband_short,18242,437638,MeerKAT:array_1:20250708T092055Z,Gaia_2973929162133310592,62,871.9707338362932,-0.1742629338321517,18.428106,4,0.0625,-1,0.8324378925858229,uncertain
uhf_long,24017,705069,MeerKAT:array_1:20250715T130947Z,ex_ASASSN-V_J160920.92-603249.5,55,559.2503418326378,0.0101858556862435,15.051754,3,0.046875,-1,0.8327676867316239,uncertain
lband_short,33251,734890,MeerKAT:array_1:20250719T113106Z,Gaia_2992960677620669824,40,876.2146208286285,0.1845136946458077,13.039129,1,0.015625,0,0.8331072894186805,uncertain
uhf_long,108306,34498794,MeerKAT:array_1:20250715T124827Z,ex_UGC_8340,57,642.6499376296997,0.0529664495684662,10.470231,4,0.0625,-1,0.8334169553111435,uncertain
lband_short,27304,685619,MeerKAT:array_1:20250711T092345Z,Gaia_4814731288837203840,51,879.996351197362,0.21526597708677564,124.73545,1,0.015625,0,0.8338569027455952,uncertain
uhf_long,125927,35006731,MeerKAT:array_1:20250715T141354Z,ex_ASASSN-V_J151311.91-311358.5,27,660.8565542697906,-0.0427805938822227,42.271496,2,0.03125,0,0.8342334146293747,uncertain
lband_short,19673,441613,MeerKAT:array_1:20250708T101552Z,Gaia_2973937167952379648,17,874.9884735047817,-0.3690273892916154,26.080786,2,0.03125,0,0.8342399316411218,uncertain
uhf_long,71571,11382932,MeerKAT:array_1:20250715T124827Z,ex_ATO_J199.0886-01.7543,2,602.6509786248207,0.048892107293968805,11.680836,4,0.0625,-1,0.8342766068018528,uncertain
uhf_long,117331,34829843,MeerKAT:array_1:20250715T133052Z,ex_CRTS_J151640.6-261626,5,648.8108804225922,-0.0162973690979896,10.967465,1,0.015625,0,0.8343348051496783,uncertain
uhf_long,85649,33357726,MeerKAT:array_1:20250715T124827Z,ex_[VV2006]_J131858.7-013642,35,618.6505622267723,0.0529664495684662,10.830538,4,0.0625,-1,0.8349948170306266,uncertain
uhf_long,81439,33164592,MeerKAT:array_1:20250702T181451Z,ex_ASASSN-V_J154042.66-691515.2,31,613.1958525776863,0.024446053646984402,41.729187,1,0.015625,0,0.8350747632514227,uncertain
uhf_long,64666,7199017,MeerKAT:array_1:20250702T183548Z,ex_ASASSN-V_J163556.97-323807.6,42,599.2500395178795,0.006111513411746101,45.93919,2,0.03125,0,0.8354335789314179,uncertain
lband_short,6362,245387,MeerKAT:array_1:20250712T091244Z,Gaia_2323486086326321792,63,866.6568638086319,0.2972720635960235,11.838306,3,0.046875,-1,0.8359714757213847,uncertain
uhf_long,87162,33360225,MeerKAT:array_1:20250715T143518Z,Gaia_6272829456981774464,57,615.9901638627052,0.0366690804704766,15.278086,3,0.046875,-1,0.8361397880942444,uncertain
uhf_short,171729,33197751,MeerKAT:array_1:20250710T050136Z,Gaia_2700557895355507456,43,613.2232719063759,0.00855611877644454,24.178139,3,0.046875,-1,0.8363106794136311,uncertain
lband_short,27408,685730,MeerKAT:array_1:20250711T095125Z,Gaia_4815473940222636160,1,872.4540229588747,0.14351065139118374,14.93518,1,0.015625,0,0.8369724618402347,uncertain
lband_short,19827,441806,MeerKAT:array_1:20250708T101552Z,Gaia_2973923905093376384,59,875.0032314956188,-0.27677054196871154,19.883732,3,0.046875,-1,0.837087075062891,uncertain
lband_short,24522,682073,MeerKAT:array_1:20250711T085603Z,ex_LEDA_547903,35,870.5634934008121,-0.26651978115505554,11.407681,1,0.015625,0,0.8375495896003771,uncertain
uhf_long,96667,33537668,MeerKAT:array_1:20250715T124827Z,ex_[VV2006]_J131618.7-022454,13,623.9975724816322,-0.06722664752920711,240.09383,3,0.046875,-1,0.837785545184066,uncertain
lband_long,16893,407613,MeerKAT:array_1:20250701T085314Z,Gaia_4669697321357440896,44,879.9934158623219,-0.1714968555173556,25.921787,1,0.015625,0,0.8385427694931941,uncertain
uhf_long,52176,1430807,MeerKAT:array_1:20250715T135202Z,ex_ASASSN-V_J153200.27-331814.3,21,583.9963305592537,-0.020371711372487,11.147885,4,0.0625,-1,0.8392623324567748,uncertain
uhf_short,82780,34883906,MeerKAT:array_1:20250723T234200Z,Gaia_2682509789942468352,1,647.2499788999557,-0.35080086983422615,641.30145,1,0.015625,0,0.8393025835101101,uncertain
lband_short,27071,685354,MeerKAT:array_1:20250711T092345Z,Gaia_4790680846369268736,28,876.56150855124,-0.3075228244096795,12.309949,1,0.015625,0,0.8394355325329707,uncertain
uhf_long,21065,417983,MeerKAT:array_1:20250704T054305Z,Gaia_6440636341794408448,46,560.3366974592209,0.006111513411746101,11.79328,1,0.015625,0,0.8396840827231072,uncertain
uhf_long,73046,11385177,MeerKAT:array_1:20250715T141354Z,Gaia_6210676130545949952,46,599.4172366261482,0.0366690804704766,22.93854,1,0.015625,0,0.8398246655082807,uncertain
uhf_short,24564,1115612,MeerKAT:array_1:20250713T154120Z,Gaia_1456203374605290880,63,576.0004571080208,-0.11122954409377903,21.754862,3,0.046875,-1,0.8405265623826955,uncertain
lband_long,65839,1477762,MeerKAT:array_1:20250731T144023Z,Gaia_1468227977365141760,56,919.7919973582029,0.1614088051928053,19.145144,2,0.03125,0,0.8414160777762002,uncertain
uhf_long,24025,705077,MeerKAT:array_1:20250715T130947Z,ex_ASASSN-V_J161116.12-604453.7,63,559.2503408193588,0.0835240166271967,14.915536,2,0.03125,0,0.8417768779561401,uncertain
uhf_long,24875,706375,MeerKAT:array_1:20250715T135202Z,Gaia_6206674457978041088,54,559.9964758753777,0.06722664752920711,20.201717,1,0.015625,0,0.8419077334706219,uncertain
lband_short,24586,682143,MeerKAT:array_1:20250711T085603Z,ex_PGC0130374,38,870.4289702326059,-0.27677054196871154,13.975865,2,0.03125,0,0.8425016367965976,uncertain
lband_long,288180,245834,MeerKAT:array_1:20250712T092209Z,Gaia_4668955872563377280,4,864.5480639487505,-0.005044025162275165,12.030392,4,0.0625,-1,0.8428185110492216,uncertain
uhf_long,188466,33700710,MeerKAT:array_1:20250704T054305Z,Gaia_6440677401681817856,19,633.7494968771935,-0.0020371711372487,16.850618,1,0.015625,0,0.8433852649645726,uncertain
lband_short,6308,245331,MeerKAT:array_1:20250712T091244Z,Gaia_2323460591400385152,8,866.6568638086319,0.2972720635960235,12.753819,3,0.046875,-1,0.843491076037005,uncertain
uhf_long,65349,7857844,MeerKAT:array_1:20250704T054305Z,Gaia_6441065941602803712,56,602.116171002388,0.048892107293968805,17.229528,4,0.0625,-1,0.8438026020715921,uncertain
lband_short,28357,686966,MeerKAT:array_1:20250711T110722Z,Gaia_4790696376970983040,37,879.9943422228098,-0.1127583689502158,115.90385,1,0.015625,0,0.8438202031581787,uncertain
uhf_long,103333,33653585,MeerKAT:array_1:20250731T221802Z,Gaia_4669683199504921600,63,625.0220218300819,-0.05704079184296361,21.186806,3,0.046875,-1,0.8440232693719663,uncertain
lband_short,18705,439092,MeerKAT:array_1:20250708T094824Z,ex_LEDA_823286,14,870.3420757055283,-0.31777358522333543,33.251503,2,0.03125,0,0.8444004599089632,uncertain
uhf_long,168280,1122887,MeerKAT:array_1:20250713T211114Z,Gaia_4189202115728667264,51,575.9993343949318,0.0040743422744974,11.886936,3,0.046875,-1,0.8450544522345621,uncertain
lband_long,16881,407601,MeerKAT:array_1:20250701T085314Z,Gaia_4669723847075514752,38,879.9933935403824,-0.04539622646047649,21.199839,2,0.03125,0,0.8456531712037313,uncertain
uhf_long,65293,7857788,MeerKAT:array_1:20250704T054305Z,Gaia_6440695642407425792,7,602.116171002388,0.048892107293968805,21.959496,4,0.0625,-1,0.8457035007738242,uncertain
lband_long,58055,1267422,MeerKAT:array_1:20250708T083640Z,Gaia_4669684848772399232,63,919.9956834614277,-0.19671698132873144,17.643377,3,0.046875,-1,0.8457312586171377,uncertain
lband_long,16073,404347,MeerKAT:array_1:20250701T053744Z,Gaia_4668965385914739968,20,879.9988831430674,0.025220125811375827,29.882914,2,0.03125,0,0.846745700196282,uncertain
uhf_long,64969,7199413,MeerKAT:array_1:20250702T185632Z,ex_ASASSN-V_J174346.43-161126.5,38,599.2500385046005,0.0162973690979896,172.16597,4,0.0625,-1,0.8468433791639314,uncertain
uhf_short,87298,34911044,MeerKAT:array_1:20250731T192546Z,Gaia_4426443705294332416,11,647.9800463914871,-0.07700506898800086,15.145402,3,0.046875,-1,0.8471771380939902,uncertain
lband_short,18267,437736,MeerKAT:array_1:20250708T092055Z,Gaia_2973721766752735488,3,875.0113216042519,-0.4100304325462393,14.035774,4,0.0625,-1,0.847287714427783,uncertain
uhf_short,101471,35436614,MeerKAT:array_1:20250717T220401Z,Gaia_2699036927177303040,17,671.9997664093971,0.02566835632933362,16.432959,2,0.03125,0,0.8473476758012257,uncertain
lband_long,29523,770560,MeerKAT:array_1:20250731T134912Z,ex_ASASSN-V_J160640.46-484323.8,42,879.9976299256086,0.16645283035508046,52.774826,1,0.015625,0,0.8475719950113487,uncertain
uhf_long,120599,34877402,MeerKAT:array_1:20250723T012407Z,Gaia_4655322718671293440,11,648.2510387301445,-0.048892107293968805,11.564715,2,0.03125,0,0.8477829670709379,uncertain
lband_short,12011,405786,MeerKAT:array_1:20250701T073022Z,Gaia_2536480798799480320,59,879.9955428242683,0.3690273892916154,56.22286,4,0.0625,-1,0.8482101022515642,uncertain
lband_long,68910,1554744,MeerKAT:array_1:20250701T095804Z,Gaia_4669815106540510848,28,923.9665540009737,-0.10592452840777847,14.761591,3,0.046875,-1,0.8484858148315955,uncertain
lband_short,24610,682167,MeerKAT:array_1:20250711T085603Z,ex_LEDA_546122,39,870.3634314239025,-0.2870213027823675,11.597126,4,0.0625,-1,0.8486226620878395,uncertain
uhf_long,125249,35005188,MeerKAT:array_1:20250715T124827Z,ex_2MASX_J13171155-0212040,63,655.9974459409714,0.0101858556862435,36.229057,2,0.03125,0,0.8490441054485496,uncertain
lband_long,16827,407547,MeerKAT:array_1:20250701T085314Z,Gaia_4669712096045013120,11,879.9933935403824,-0.04539622646047649,23.183071,2,0.03125,0,0.8491522504242779,uncertain
uhf_long,58422,4543609,MeerKAT:array_1:20250715T124827Z,ex_2dFGRS_TGN261Z268,53,589.8280752301216,0.0162973690979896,54.436558,2,0.03125,0,0.8492396731232321,uncertain
uhf_long,81906,33169036,MeerKAT:array_1:20250704T054305Z,Gaia_6440617787535664256,16,619.3195077180862,0.006111513411746101,16.11947,2,0.03125,0,0.8492563174496368,uncertain
lband_long,57937,1267288,MeerKAT:array_1:20250708T083640Z,Gaia_4668957315672408448,25,919.9956834614277,-0.15132075486825497,25.222406,3,0.046875,-1,0.8496465911137444,uncertain
uhf_long,58418,4543599,MeerKAT:array_1:20250715T124827Z,ex_[VV2010c]_J131954.3-015649,48,589.8280863761902,-0.028520395921481805,47.704647,2,0.03125,0,0.8498113515087485,uncertain
uhf_long,111202,34605598,MeerKAT:array_1:20250702T181451Z,ex_ASASSN-V_J153837.90-683059.6,48,647.2499383687973,0.0101858556862435,297.6781,1,0.015625,0,0.8498261067551304,uncertain
lband_short,24556,682112,MeerKAT:array_1:20250711T085603Z,ex_LEDA_548218,37,870.3634330183268,-0.3075228244096795,10.63706,4,0.0625,-1,0.8500198974000335,uncertain
lband_long,5138,82402,MeerKAT:array_1:20250708T085539Z,ex_LEDA_866614,1,856.8381441831589,-0.08070440259640264,72.23776,1,0.015625,0,0.8501925937164638,uncertain
lband_short,20241,442318,MeerKAT:array_1:20250708T104320Z,Gaia_2973735888605109888,20,879.9968183636665,-0.4202811933598953,74.97296,1,0.015625,0,0.8508748240200384,uncertain
lband_short,19807,441783,MeerKAT:array_1:20250708T101552Z,Gaia_2973733895740273152,54,875.0032314956188,-0.27677054196871154,18.505161,3,0.046875,-1,0.851367075305376,uncertain
sband_long,20229,323072,MeerKAT:array_1:20250720T164552Z,Gaia_6441068071906599040,49,2190.6478807795793,-0.005270427227360091,17.758148,4,0.0625,-1,0.8515035747428299,uncertain
uhf_long,22843,700732,MeerKAT:array_1:20250713T194539Z,Gaia_6024458168360450048,11,559.25038844347,-0.05704079184296361,11.459467,2,0.03125,0,0.8518754735445849,uncertain
lband_long,17359,408141,MeerKAT:array_1:20250701T095804Z,Gaia_4669721128360267392,19,874.9914136230946,-0.1462767297059798,254.42189,2,0.03125,0,0.8519627829064902,uncertain
uhf_long,120061,34851038,MeerKAT:array_1:20250720T024534Z,Gaia_4668956624181438848,51,650.022145986557,-0.0713009898037045,13.628374,3,0.046875,-1,0.8522439572405217,uncertain
lband_long,60938,1423051,MeerKAT:array_1:20250713T100933Z,Gaia_3394135014182950016,18,919.7910263538361,0.11096855357005364,17.515413,4,0.0625,-1,0.8525361307552867,uncertain
uhf_long,176514,4544625,MeerKAT:array_1:20250715T133052Z,ex_AI_Lib,16,589.8280721902847,-0.0040743422744974,51.775406,1,0.015625,0,0.8526215392978581,uncertain
lband_long,60444,1420827,MeerKAT:array_1:20250712T092209Z,Gaia_4669711649368397184,59,919.9965014010668,0.18158490584190595,10.203521,4,0.0625,-1,0.8529743650513699,uncertain
lband_long,68950,1554784,MeerKAT:array_1:20250701T095804Z,Gaia_4669829537630636544,48,923.9666624218225,-0.10088050324550331,15.006911,2,0.03125,0,0.8530770788673175,uncertain
lband_short,33319,735136,MeerKAT:array_1:20250719T113106Z,Gaia_2993035684929141632,16,879.9934700727463,0.13325989057752777,59.603737,3,0.046875,-1,0.8533651503486313,uncertain
lband_short,26161,684125,MeerKAT:array_1:20250711T092345Z,Gaia_4814729429115402880,5,870.121112421155,-0.04100304325462393,22.747879,4,0.0625,-1,0.8534694750220165,uncertain
uhf_long,81026,32725901,MeerKAT:array_1:20250729T055516Z,Gaia_4669698386509344000,3,608.0173121094704,-0.059077962980212305,179.80057,1,0.015625,0,0.8544085089091399,uncertain
uhf_short,87307,34911062,MeerKAT:array_1:20250731T192546Z,Gaia_4426414946193200128,13,647.9800463914871,-0.07700506898800086,17.861427,3,0.046875,-1,0.8548168380471496,uncertain
lband_short,23961,681423,MeerKAT:array_1:20250711T085603Z,ex_QSO_J0441-4313,8,870.3387130647898,-0.33827510685064743,14.930036,4,0.0625,-1,0.8548949726884651,uncertain
uhf_long,108304,34498777,MeerKAT:array_1:20250715T124827Z,ex_LBQS_1317-0142,40,642.6499376296997,0.0529664495684662,10.865311,4,0.0625,-1,0.8549263353382571,uncertain
uhf_long,129264,35383830,MeerKAT:array_1:20250702T183548Z,ex_ASASSN-V_J163528.80-331560.0,37,679.2496983408928,-0.034631909333227906,13.133567,2,0.03125,0,0.8556449661187551,uncertain
uhf_long,120706,34877565,MeerKAT:array_1:20250723T012407Z,Gaia_4655147449669895808,55,650.0219757556915,-0.0631523052547097,20.647297,3,0.046875,-1,0.8558171938688998,uncertain
lband_short,19740,441694,MeerKAT:array_1:20250708T101552Z,Gaia_2973734686014252544,35,875.0032299011946,-0.25626902034139953,22.582483,4,0.0625,-1,0.8567374056190762,uncertain
uhf_long,97760,33539975,MeerKAT:array_1:20250715T141354Z,Gaia_6210677809876566784,59,621.1469988822937,0.0427805938822227,29.565268,2,0.03125,0,0.8570237489674315,uncertain
uhf_short,171595,33197564,MeerKAT:array_1:20250710T030814Z,Gaia_2699022186849578240,43,613.2232749462128,0.01711223755288908,153.1454,4,0.0625,-1,0.8571803442743391,uncertain
lband_long,29012,769860,MeerKAT:array_1:20250731T124411Z,Gaia_5853135874348085888,43,879.9854309856892,0.09079245292095298,12.083787,2,0.03125,0,0.857370464286548,uncertain
uhf_long,138868,35528591,MeerKAT:array_1:20250729T055516Z,ex_LEDA_312357,42,672.0191342234612,-0.0631523052547097,37.540195,4,0.0625,-1,0.85756992400291,uncertain
uhf_short,87379,34911192,MeerKAT:array_1:20250731T192546Z,Gaia_4426447244347390464,28,647.980050444603,-0.09411730654088994,16.411045,4,0.0625,-1,0.8576407319163476,uncertain
lband_short,26465,684474,MeerKAT:array_1:20250711T092345Z,Gaia_4815474210804141312,31,870.4154622703791,-0.09225684732290385,16.88133,4,0.0625,-1,0.8580999783552039,uncertain
uhf_long,67023,8288110,MeerKAT:array_1:20250705T194745Z,Gaia_4189268498743590400,58,599.9433310627937,-0.040743422744974,16.621199,4,0.0625,-1,0.8581208395999746,uncertain
uhf_long,23995,705038,MeerKAT:array_1:20250715T130947Z,ex_Gaia_DR2_5834444485845954304,24,559.2503408193588,0.0753753320782019,14.307607,2,0.03125,0,0.8582140963606046,uncertain
lband_short,58126,1417261,MeerKAT:array_1:20250712T065251Z,Gaia_2323547040502143744,61,919.9987033009529,-0.25626902034139953,12.32327,2,0.03125,0,0.8582398614344541,uncertain
lband_short,24968,682553,MeerKAT:array_1:20250711T085603Z,Gaia_4814652982993590784,55,870.5634870231152,-0.19476445545946366,11.568466,1,0.015625,0,0.8583121637653958,uncertain
lband_short,4335,88844,MeerKAT:array_1:20250709T052824Z,Gaia_4936833292052092416,46,863.9153326302767,0.1127583689502158,11.270086,1,0.015625,0,0.8586591654192534,uncertain
lband_short,25454,683222,MeerKAT:array_1:20250711T085603Z,ex_LEDA_550211,41,874.5101813077927,-0.2972720635960235,16.776772,4,0.0625,-1,0.858804283170302,uncertain
uhf_long,104408,33720018,MeerKAT:array_1:20250710T060816Z,Gaia_5598384218450144896,32,633.7494705319405,0.0101858556862435,10.416292,1,0.015625,0,0.8588477536170861,uncertain
lband_short,19232,440781,MeerKAT:array_1:20250708T094824Z,Gaia_2973723244221476736,38,879.2238558381796,-0.33827510685064743,16.219635,2,0.03125,0,0.8591326628372111,uncertain
uhf_long,24012,705061,MeerKAT:array_1:20250715T130947Z,ex_ASASSN-V_J160824.98-603558.0,47,559.2503418326378,0.0081486845489948,13.635262,4,0.0625,-1,0.8593646347865651,uncertain
uhf_long,23979,705017,MeerKAT:array_1:20250715T130947Z,ex_2MASX_J16135028-6037225,3,559.2503418326378,0.006111513411746101,17.710295,3,0.046875,-1,0.8594458317561171,uncertain
uhf_long,65304,7857799,MeerKAT:array_1:20250704T054305Z,Gaia_6440617787535664256,16,602.116169989109,0.0529664495684662,21.507215,3,0.046875,-1,0.859446806685286,uncertain
uhf_long,58429,4543629,MeerKAT:array_1:20250715T124827Z,ex_2MASX_J13171155-0212040,63,589.8280772566795,0.0081486845489948,44.14261,4,0.0625,-1,0.859524178531106,uncertain
uhf_long,22857,700754,MeerKAT:array_1:20250713T194539Z,Gaia_6024521252842771968,33,559.2503904700279,-0.0651894763919584,12.816665,3,0.046875,-1,0.8597168793066818,uncertain
uhf_long,81955,33180298,MeerKAT:array_1:20250705T060310Z,Gaia_6441470424443027584,3,613.1956752538681,-0.048892107293968805,18.711203,3,0.046875,-1,0.8597277209980057,uncertain
lband_long,68934,1554768,MeerKAT:array_1:20250701T095804Z,Gaia_4669698111631422592,40,923.9665619730949,-0.14123270454370462,16.896347,4,0.0625,-1,0.8602902979032181,uncertain
uhf_long,51919,1429747,MeerKAT:array_1:20250715T124827Z,ex_UGC_8340,57,578.6516093015671,-0.048892107293968805,11.443182,4,0.0625,-1,0.8606121019114309,uncertain
uhf_long,4231,71564,MeerKAT:array_1:20250708T010310Z,Gaia_6441064189256154752,16,544.0827443599701,-0.006111513411746101,17.258516,3,0.046875,-1,0.8607909831706481,uncertain
lband_short,11995,405727,MeerKAT:array_1:20250701T073022Z,ex_[VV2006]_J005828.9+001347,2,879.9955444186926,0.3075228244096795,61.51927,1,0.015625,0,0.8608053577544826,uncertain
lband_long,55088,1241917,MeerKAT:array_1:20250701T095804Z,Gaia_4669720067504380288,32,917.5667949616909,-0.15132075486825497,13.36147,4,0.0625,-1,0.8608054997177372,uncertain
lband_long,60934,1423046,MeerKAT:array_1:20250713T100933Z,Gaia_3394133128692736512,13,919.791083753109,-0.07061635227185231,13.502882,1,0.015625,0,0.8609440680468138,uncertain
uhf_long,59487,4545320,MeerKAT:array_1:20250715T141354Z,Gaia_6210930972427405568,44,587.129371881485,0.059077962980212305,20.100794,1,0.015625,0,0.8609544345182373,uncertain
lband_short,455475,683355,MeerKAT:array_1:20250711T085603Z,ex_LEDA_545279,21,876.561451151967,-0.020501521627311965,10.694152,3,0.046875,-1,0.8610160708795933,uncertain
lband_long,1870,4233,MeerKAT:array_1:20250701T095804Z,Gaia_4669713298635870336,55,863.9687235206366,-0.0857484277586778,37.710453,3,0.046875,-1,0.8612723053773829,uncertain
lband_short,26711,684735,MeerKAT:array_1:20250711T092345Z,Gaia_4814731288837203840,51,870.1946839392185,0.15376141220483974,97.66617,1,0.015625,0,0.8614178588932951,uncertain
uhf_long,86931,33359858,MeerKAT:array_1:20250715T141354Z,ex_HD_135271,4,619.3038343191147,0.028520395921481805,17.627586,2,0.03125,0,0.8614915127447352,uncertain
lband_short,18712,439242,MeerKAT:array_1:20250708T094824Z,Gaia_2973830515324686976,24,870.2972341179848,-0.2972720635960235,12.735284,3,0.046875,-1,0.8623784131345097,uncertain
uhf_long,133374,35417864,MeerKAT:array_1:20250715T130947Z,ex_Gaia_DR3_5829903498546562048,27,678.3023504018784,0.0162973690979896,11.505914,1,0.015625,0,0.862634385580186,uncertain
uhf_long,23756,704350,MeerKAT:array_1:20250715T124827Z,ex_[VV2006]_J131539.5-014850,6,560.1306340098381,-0.0651894763919584,10.341667,4,0.0625,-1,0.8626976761853927,uncertain
uhf_long,86968,33359895,MeerKAT:array_1:20250715T141354Z,Gaia_6211098377370816256,41,619.3038343191147,0.028520395921481805,17.665956,2,0.03125,0,0.863070508360742,uncertain
lband_short,58117,1417251,MeerKAT:array_1:20250712T065251Z,Gaia_2323517074514790528,57,920.0909327715635,-0.09225684732290385,10.487898,2,0.03125,0,0.8633251346222401,uncertain
uhf_long,83371,33188250,MeerKAT:array_1:20250705T231238Z,Gaia_6440637922342371072,37,613.1961079239845,-0.0325947381959792,10.689566,2,0.03125,0,0.8635751181335355,uncertain
lband_long,57934,1267284,MeerKAT:array_1:20250708T083640Z,Gaia_4669696737241871872,24,919.9956882447004,-0.1714968555173556,14.937869,2,0.03125,0,0.8637407754073952,uncertain
lband_short,4176,88438,MeerKAT:array_1:20250709T052824Z,Gaia_4936955578360865408,12,863.9153342247009,0.09225684732290385,10.789512,2,0.03125,0,0.8638346310698841,uncertain
uhf_long,58129,4543104,MeerKAT:array_1:20250715T124827Z,ex_LEDA_1096217,54,586.6514011025429,-0.048892107293968805,10.940438,2,0.03125,0,0.8638993840048959,uncertain
uhf_long,138882,35528621,MeerKAT:array_1:20250729T055516Z,Gaia_4669782735370707968,54,672.0191342234612,-0.0631523052547097,34.696125,4,0.0625,-1,0.8644409305014413,uncertain
uhf_long,125996,35006817,MeerKAT:array_1:20250715T141354Z,Gaia_6210947675560012160,49,661.6966567635536,0.030557567058730504,10.768876,1,0.015625,0,0.8646104822908951,uncertain
lband_short,24675,682238,MeerKAT:array_1:20250711T085603Z,ex_6dFGS_gJ044108.0-431332,42,870.3634298294783,-0.26651978115505554,13.635091,4,0.0625,-1,0.8648326273673281,uncertain
uhf_long,19588,377537,MeerKAT:array_1:20250729T055516Z,Gaia_4669777139029784448,20,544.0154575705528,0.06926381866645581,136.56073,1,0.015625,0,0.8648517422057639,uncertain
uhf_long,86263,33358948,MeerKAT:array_1:20250715T135202Z,ex_CRTS_J153340.5-333253,15,613.1941857337952,-0.0835240166271967,13.65353,1,0.015625,0,0.8650483145370683,uncertain
uhf_long,51932,1429918,MeerKAT:array_1:20250715T124827Z,ex_ASASSN-V_J131645.18-014824.8,49,581.3182079195976,-0.0835240166271967,12.228461,3,0.046875,-1,0.8651756781719306,uncertain
uhf_long,183409,33164561,MeerKAT:array_1:20250702T181451Z,J1536-6855T2,0,613.1958525776863,0.0020371711372487,51.503864,2,0.03125,0,0.8652001555313844,uncertain
uhf_long,95707,33530942,MeerKAT:array_1:20250713T205023Z,Gaia_6757968660436957568,54,625.0213449597359,-0.024446053646984402,12.145493,4,0.0625,-1,0.8652667019282035,uncertain
uhf_long,111979,34634372,MeerKAT:array_1:20250705T180344Z,Gaia_5820279649343898112,63,647.249947488308,-0.020371711372487,427.73938,2,0.03125,0,0.8654401397241406,uncertain
lband_long,22639,677114,MeerKAT:array_1:20250710T145421Z,Gaia_3630320797707168768,4,874.9917149692774,-0.050440251622751654,31.72002,4,0.0625,-1,0.8655682167451338,uncertain
uhf_short,87331,34911106,MeerKAT:array_1:20250731T192546Z,Gaia_4426469372018994176,18,647.980050444603,-0.09411730654088994,19.800604,4,0.0625,-1,0.8656454583474189,uncertain
lband_short,54951,1246119,MeerKAT:array_1:20250701T220028Z,Gaia_1315914693153106048,14,919.7938596457243,0.07175532569559187,10.098463,2,0.03125,0,0.8659879315683622,uncertain
uhf_long,24769,706237,MeerKAT:array_1:20250715T135202Z,ex_CRTS_J153330.1-324437,8,559.9964809417725,-0.020371711372487,19.569557,4,0.0625,-1,0.8661707789929501,uncertain
uhf_long,183411,33164605,MeerKAT:array_1:20250702T181451Z,ex_ASASSN-V_J153632.03-685618.1,44,613.1958525776863,-0.0040743422744974,45.091053,1,0.015625,0,0.8663498735375276,uncertain
uhf_long,81997,33180344,MeerKAT:array_1:20250705T060310Z,Gaia_6440612805373343104,49,613.1956742405891,-0.030557567058730504,25.30593,3,0.046875,-1,0.8664386923622982,uncertain
lband_long,8506,245930,MeerKAT:array_1:20250712T092209Z,Gaia_4669700826050753024,52,864.5480687320232,-0.03026415097365099,11.007734,4,0.0625,-1,0.8664717364606128,uncertain
uhf_short,179694,33480165,MeerKAT:array_1:20250707T004747Z,Gaia_2682469004933009792,16,624.9965338110924,0.00855611877644454,518.0825,3,0.046875,-1,0.8666311068767413,uncertain
uhf_long,41949,1122901,MeerKAT:array_1:20250713T211114Z,Gaia_4189322993289041792,55,575.9993273019791,0.05704079184296361,12.118531,3,0.046875,-1,0.8671024232078501,uncertain
uhf_long,58112,4543074,MeerKAT:array_1:20250715T124827Z,ex_[VV2006]_J131723.5-021125,24,586.6514011025429,-0.05092927843121751,12.267817,4,0.0625,-1,0.8672145572633069,uncertain
lband_short,26719,684743,MeerKAT:array_1:20250711T092345Z,Gaia_4791452359934653952,52,870.1211267709732,-0.3075228244096795,14.219596,4,0.0625,-1,0.8673008722046589,uncertain
lband_short,28971,687786,MeerKAT:array_1:20250711T120252Z,Gaia_4790701152974624896,27,876.5615229010582,0.15376141220483974,10.308934,3,0.046875,-1,0.8688404437408507,uncertain
lband_long,304104,770914,MeerKAT:array_1:20250731T144023Z,Gaia_1468279276454493824,11,879.9973636567593,0.005044025162275165,132.48323,1,0.015625,0,0.8689053487143399,uncertain
lband_long,298679,406975,MeerKAT:array_1:20250701T085314Z,Gaia_4669718761834284288,10,873.4891455024481,-0.01008805032455033,25.422699,1,0.015625,0,0.8690892143330723,uncertain
uhf_long,11158,282338,MeerKAT:array_1:20250715T141354Z,ex_ASASSN-V_J151128.63-310122.7,21,550.2657908201218,0.0427805938822227,35.546597,1,0.015625,0,0.8693027932167964,uncertain
lband_short,21206,444361,MeerKAT:array_1:20250708T125143Z,Gaia_2973927306707471360,9,874.9927258342505,-0.25626902034139953,22.669006,1,0.015625,0,0.8694534846978276,uncertain
uhf_long,125931,35006741,MeerKAT:array_1:20250715T141354Z,ex_LEDA_706196,37,660.8565532565117,-0.0366690804704766,21.868212,2,0.03125,0,0.8696898557323237,uncertain
uhf_long,81819,33168880,MeerKAT:array_1:20250704T054305Z,Gaia_6441085492294009344,52,613.1963784694672,-0.044817765019471406,24.566954,1,0.015625,0,0.869810721558114,uncertain
uhf_long,103666,33700736,MeerKAT:array_1:20250704T054305Z,Gaia_6440697635271979264,45,633.7494968771935,-0.020371711372487,11.377941,2,0.03125,0,0.8698593716544375,uncertain
uhf_long,51934,1429932,MeerKAT:array_1:20250715T124827Z,ex_2MASX_J13171155-0212040,63,581.3182079195976,-0.081486845489948,11.327274,3,0.046875,-1,0.8700268506019312,uncertain
lband_short,26156,684119,MeerKAT:array_1:20250711T092345Z,Gaia_4790682873593840768,4,870.2315039783716,-0.1845136946458077,1663.4109,3,0.046875,-1,0.8700652703815535,uncertain
uhf_long,85569,33357338,MeerKAT:array_1:20250715T124827Z,ex_PGC1089638,56,613.1930174231529,-0.0264832247842331,88.118324,3,0.046875,-1,0.8700941750539051,uncertain
lband_short,22374,679168,MeerKAT:array_1:20250711T073156Z,Gaia_4814735137127938304,13,872.4540325254202,0.1127583689502158,10.188716,3,0.046875,-1,0.8703067606984125,uncertain
uhf_long,51104,1234748,MeerKAT:array_1:20250729T055516Z,Gaia_4669833626439507328,47,576.0164030790329,-0.0631523052547097,112.84901,3,0.046875,-1,0.8705525169044928,uncertain
lband_long,60950,1423080,MeerKAT:array_1:20250713T100933Z,Gaia_3394256480153700864,47,919.7910247594118,0.10592452840777847,14.386293,3,0.046875,-1,0.8709507929097605,uncertain
lband_short,24793,682359,MeerKAT:array_1:20250711T085603Z,Gaia_4814711458972055680,47,870.2978989928961,-0.37927815010527133,17.462,3,0.046875,-1,0.8710008139097261,uncertain
uhf_long,118200,34831373,MeerKAT:array_1:20250715T141354Z,ex_CRTS_J151153.7-310950,22,648.5686793923378,0.022408882509735703,42.256104,1,0.015625,0,0.8711146412146523,uncertain
uhf_long,168235,1122739,MeerKAT:array_1:20250713T211114Z,Gaia_4190085019265423872,7,575.9993343949318,0.0040743422744974,12.870256,3,0.046875,-1,0.8712046692734912,uncertain
lband_long,6733,95054,MeerKAT:array_1:20250710T123913Z,Gaia_2894031672234327040,47,864.5479778498411,0.20176100649100662,13.803657,1,0.015625,0,0.8712782038915999,uncertain
lband_short,18706,439095,MeerKAT:array_1:20250708T094824Z,ex_LEDA_823286,14,870.4524561017752,-0.3485258676643034,15.855937,1,0.015625,0,0.8713648361098798,uncertain
lband_short,18364,437868,MeerKAT:array_1:20250708T092055Z,Gaia_2973715994316696192,24,875.0113216042519,-0.4100304325462393,11.806586,4,0.0625,-1,0.8713974927622359,uncertain
lband_short,26117,684075,MeerKAT:array_1:20250711T092345Z,Gaia_4790694929566249088,1,870.121112421155,-0.04100304325462393,15.694526,4,0.0625,-1,0.871468121721845,uncertain
lband_short,18252,437718,MeerKAT:array_1:20250708T092055Z,J0447-2203,0,875.004172205925,-0.31777358522333543,20.598372,1,0.015625,0,0.8714883414036635,uncertain
lband_short,31766,698373,MeerKAT:array_1:20250713T113750Z,Gaia_5096088823961751680,11,869.994378015399,0.21526597708677564,18.687439,2,0.03125,0,0.8718126998761356,uncertain
uhf_long,111328,34605794,MeerKAT:array_1:20250702T181451Z,ex_LEDA_281332,60,647.9395263791084,-0.055003620705714906,11.031233,1,0.015625,0,0.8718731165216761,uncertain
lband_long,20501,436250,MeerKAT:array_1:20250708T083640Z,Gaia_4669681172280380800,1,879.9958712756634,-0.19167295616645627,265.45984,4,0.0625,-1,0.8718935384579922,uncertain
lband_short,18701,439084,MeerKAT:array_1:20250708T094824Z,ex_LEDA_823286,14,870.1949023753405,-0.4202811933598953,249.69269,1,0.015625,0,0.8720247085738695,uncertain
lband_long,275678,35841167,MeerKAT:array_1:20240319T020710Z,Gaia_2543022442012637952,25,1525.0436339527369,0.0857484277586778,26.907703,1,0.015625,0,0.8721277927064888,uncertain
lband_short,12001,405742,MeerKAT:array_1:20250701T073022Z,ex_SDSS_J010015.00-000645.7,15,879.9955428242683,0.3690273892916154,58.672413,4,0.0625,-1,0.8722208136693972,uncertain
lband_short,22383,679217,MeerKAT:array_1:20250711T073156Z,Gaia_4790689711181745280,29,872.4540325254202,0.1127583689502158,13.638715,3,0.046875,-1,0.8724223343963742,uncertain
lband_short,25042,682642,MeerKAT:array_1:20250711T085603Z,Gaia_4790703317638135808,59,870.3634314239025,-0.2870213027823675,12.301804,4,0.0625,-1,0.8724417048828229,uncertain
lband_long,65733,1477656,MeerKAT:array_1:20250731T144023Z,Gaia_1468226053219833472,3,919.7919957637787,0.16645283035508046,20.439922,3,0.046875,-1,0.8724865213801007,uncertain
lband_short,31751,698358,MeerKAT:array_1:20250713T113750Z,Gaia_5096088927040966272,3,869.994378015399,0.21526597708677564,18.655987,2,0.03125,0,0.8729681984760874,uncertain
lband_long,275681,35841175,MeerKAT:array_1:20240319T020710Z,Gaia_2543037354139398912,26,1525.0331075638533,0.035308176135926156,21.236113,2,0.03125,0,0.8733801776334392,uncertain
uhf_long,95653,33530888,MeerKAT:array_1:20250713T205023Z,Gaia_6757939798256280704,27,625.0213449597359,-0.024446053646984402,12.27342,4,0.0625,-1,0.8734971447025314,uncertain
lband_long,26346,732688,MeerKAT:array_1:20250719T103545Z,Gaia_4669832630007089024,2,879.9938910007477,0.13618867938142945,118.12101,3,0.046875,-1,0.8737545009322277,uncertain
lband_long,68938,1554772,MeerKAT:array_1:20250701T095804Z,Gaia_4669705116721809920,42,923.9665619730949,-0.14123270454370462,12.563896,4,0.0625,-1,0.8738418646067014,uncertain
lband_long,58021,1267382,MeerKAT:array_1:20250708T083640Z,Gaia_4669702475318229760,52,919.9956818670034,-0.15132075486825497,18.50527,3,0.046875,-1,0.8739045694463731,uncertain
lband_long,18798,418434,MeerKAT:array_1:20250704T112337Z,Gaia_4668954876130936576,11,872.2198753803968,-0.03026415097365099,10.124303,1,0.015625,0,0.8739673925063111,uncertain
sband_short,20337,317667,MeerKAT:array_1:20250719T130249Z,Gaia_2992966862373555712,56,2190.836261259392,-0.021421736472495855,10.786552,1,0.015625,0,0.8740180619943171,uncertain
lband_long,68880,1554714,MeerKAT:array_1:20250701T095804Z,Gaia_4669731887254377472,13,923.9665619730949,-0.14123270454370462,14.282947,4,0.0625,-1,0.874281895556475,uncertain
lband_long,18652,418234,MeerKAT:array_1:20250704T110253Z,Gaia_4669710652935966464,47,874.9921008199453,0.02017610064910066,21.837845,4,0.0625,-1,0.8742830989360499,uncertain
lband_short,18496,438048,MeerKAT:array_1:20250708T092055Z,Gaia_2973621711194831360,53,874.9936840832233,-0.25626902034139953,93.911804,2,0.03125,0,0.8743714325312123,uncertain
uhf_long,118205,34831391,MeerKAT:array_1:20250715T141354Z,Gaia_6210724234180034944,40,648.5686804056168,0.012223026823492201,26.97304,1,0.015625,0,0.8745240811625271,uncertain
uhf_long,176373,4543569,MeerKAT:array_1:20250715T124827Z,ex_[VV2006]_J131831.2-020908,33,589.8280782699585,0.0040743422744974,41.890163,4,0.0625,-1,0.874654565590107,uncertain
uhf_long,110838,34596024,MeerKAT:array_1:20250729T055516Z,ex_PGC0309704,35,640.0182241797447,-0.0631523052547097,10.70731,1,0.015625,0,0.8751860692496196,uncertain
uhf_long,125235,35005146,MeerKAT:array_1:20250715T124827Z,ex_[VV2006]_J131714.2-022516,21,655.9974469542503,-0.05092927843121751,26.192984,3,0.046875,-1,0.8753278914683231,uncertain
uhf_short,24169,1114583,MeerKAT:array_1:20250713T150856Z,Gaia_1456306591259413504,43,576.0390478372574,-0.1711223755288908,47.60658,2,0.03125,0,0.8754267255121029,uncertain
uhf_long,103672,33700742,MeerKAT:array_1:20250704T054305Z,Gaia_6440694718989982208,51,633.7494958639145,0.0529664495684662,11.677922,2,0.03125,0,0.87545937062654,uncertain
uhf_long,108313,34498875,MeerKAT:array_1:20250715T130947Z,ex_IRAS_16066-6020,61,638.8499074578285,-0.05704079184296361,10.020973,1,0.015625,0,0.8758055264702134,uncertain
uhf_long,133400,35417900,MeerKAT:array_1:20250715T130947Z,ex_ASASSN-V_J160755.47-601702.5,45,678.3023493885994,0.0325947381959792,10.753657,1,0.015625,0,0.8758086419346088,uncertain
uhf_short,57409,33403586,MeerKAT:array_1:20250731T192546Z,Gaia_4426390825656968320,2,615.6715626120567,0.07700506898800086,17.79244,1,0.015625,0,0.8759272538151878,uncertain
lband_short,26210,684176,MeerKAT:array_1:20250711T092345Z,Gaia_4790681945880898176,9,870.1579053550959,-0.04100304325462393,75.611496,1,0.015625,0,0.8765616172581011,uncertain
lband_short,58033,1417161,MeerKAT:array_1:20250712T065251Z,Gaia_2323471723955675136,25,919.9986937344074,-0.03075228244096795,14.996416,2,0.03125,0,0.8766812713439189,uncertain
uhf_long,51914,1429721,MeerKAT:array_1:20250715T124827Z,ex_2dFGRS_TGN195Z209,44,578.6516093015671,-0.048892107293968805,12.250268,4,0.0625,-1,0.8767499002855976,uncertain
uhf_long,24804,706282,MeerKAT:array_1:20250715T135202Z,ex_ASASSN-V_J153224.56-325629.5,23,559.9964809417725,-0.020371711372487,21.90177,4,0.0625,-1,0.8771675725059523,uncertain
uhf_long,96123,33534576,MeerKAT:array_1:20250714T160406Z,Gaia_6144639286085319296,6,625.0282352566719,0.040743422744974,15.25576,4,0.0625,-1,0.8772979760064992,uncertain
uhf_long,176376,4543619,MeerKAT:array_1:20250715T124827Z,ex_2dFGRS_TGN262Z292,58,589.8280802965164,-0.0040743422744974,41.740143,3,0.046875,-1,0.8777062403060981,uncertain
uhf_long,22874,700777,MeerKAT:array_1:20250713T194539Z,Gaia_6024443599829837568,56,559.2503864169121,-0.044817765019471406,12.940114,4,0.0625,-1,0.877791273270566,uncertain
uhf_long,87880,33370928,MeerKAT:array_1:20250720T024534Z,Gaia_4669688868861739008,26,613.1961636543274,-0.0529664495684662,30.937508,4,0.0625,-1,0.8777967057521044,uncertain
lband_short,23967,681429,MeerKAT:array_1:20250711T085603Z,ex_QSO_J0441-4313,8,870.4289750158787,-0.33827510685064743,10.685253,2,0.03125,0,0.878007700828977,uncertain
lband_short,25037,682637,MeerKAT:array_1:20250711T085603Z,Gaia_4790703317638135808,59,870.2978973984718,-0.3587766284779594,16.262043,2,0.03125,0,0.8780255533294207,uncertain
uhf_long,125242,35005160,MeerKAT:array_1:20250715T124827Z,ex_[VV2006]_J131858.7-013642,35,655.9974469542503,-0.05092927843121751,47.890415,3,0.046875,-1,0.8780778061387644,uncertain
lband_long,17435,408279,MeerKAT:array_1:20250701T095804Z,Gaia_4669713573513776384,39,874.9914136230946,-0.1462767297059798,264.5674,2,0.03125,0,0.8783551514467584,uncertain
lband_short,4601,241461,MeerKAT:array_1:20250712T072515Z,Gaia_2323542779894588160,40,859.9857018738985,0.2972720635960235,10.490484,1,0.015625,0,0.878405325520184,uncertain
lband_short,58029,1417157,MeerKAT:array_1:20250712T065251Z,Gaia_2323470796242741120,24,919.9987033009529,-0.2460182595277436,16.463766,3,0.046875,-1,0.8784266579041314,uncertain
uhf_long,20875,417767,MeerKAT:array_1:20250704T054305Z,Gaia_6440630809876553856,30,552.9638324975967,0.0366690804704766,15.64054,2,0.03125,0,0.8787800089037172,uncertain
lband_short,24124,681630,MeerKAT:array_1:20250711T085603Z,ex_LEDA_546364,17,870.2978989928961,-0.37927815010527133,16.079811,3,0.046875,-1,0.8788071363896245,uncertain
lband_long,23928,692341,MeerKAT:array_1:20250712T092209Z,Gaia_4668965390210943616,49,875.0456957966089,0.12610062905687913,20.49079,4,0.0625,-1,0.8788125262026607,uncertain
lband_long,22642,677119,MeerKAT:array_1:20250710T145421Z,Gaia_3631072867955624448,9,874.9917165637016,-0.05548427678502682,32.707214,4,0.0625,-1,0.878982734997636,uncertain
uhf_long,111721,34609446,MeerKAT:array_1:20250704T054305Z,Gaia_6441836424375865344,54,651.2685297727585,0.0631523052547097,10.981855,1,0.015625,0,0.8790570783166016,uncertain
lband_short,24748,682312,MeerKAT:array_1:20250711T085603Z,ex_LEDA_550620,45,870.3387130647898,-0.33827510685064743,12.897644,4,0.0625,-1,0.8790939803580713,uncertain
lband_long,18648,418230,MeerKAT:array_1:20250704T110253Z,Gaia_4669721476253687552,45,874.9920912533998,-0.03026415097365099,25.416628,2,0.03125,0,0.8792320413784415,uncertain
uhf_short,82806,34884114,MeerKAT:array_1:20250723T234200Z,Gaia_2682101321372939648,37,647.2499758601189,-0.316576394728448,628.12604,4,0.0625,-1,0.8793459640812329,uncertain
uhf_short,87490,34911394,MeerKAT:array_1:20250731T192546Z,ex_[VV2006]_J155214.9+052706,51,647.9800524711609,-0.13689790042311265,23.437344,1,0.015625,0,0.8796258079239303,uncertain
lband_long,68974,1554808,MeerKAT:array_1:20250701T095804Z,Gaia_4668965390210943616,60,923.9665619730949,-0.14123270454370462,13.272803,4,0.0625,-1,0.8802778792928365,uncertain
uhf_short,55155,33197679,MeerKAT:array_1:20250710T050136Z,ex_LEDA_1318621,7,613.2232648134232,0.11978566287022356,44.064217,3,0.046875,-1,0.8807933830465652,uncertain
uhf_long,88118,33374446,MeerKAT:array_1:20250722T002453Z,Gaia_6441077452115400832,60,613.1959680914879,0.040743422744974,17.48137,3,0.046875,-1,0.880984257980372,uncertain
lband_short,18344,437841,MeerKAT:array_1:20250708T092055Z,Gaia_2973930055486504320,20,874.9936856776476,-0.2460182595277436,94.40627,2,0.03125,0,0.8811316729342987,uncertain
uhf_long,22869,700770,MeerKAT:array_1:20250713T194539Z,Gaia_6024590453356725632,49,559.2503924965858,-0.0733381609409532,12.31735,2,0.03125,0,0.8812142289987414,uncertain
lband_long,6667,94980,MeerKAT:array_1:20250710T123913Z,Gaia_2894417016700496512,10,864.5480145215988,0.03026415097365099,11.348389,2,0.03125,0,0.881373260609479,uncertain
uhf_long,51907,1429689,MeerKAT:array_1:20250715T124827Z,ex_[VV2006]_J131757.4-021114,28,578.6516093015671,-0.055003620705714906,13.292283,2,0.03125,0,0.8816144352858295,uncertain
sband_short,20918,348001,MeerKAT:array_1:20250724T183832Z,Gaia_6103252848081506304,49,2190.433447714895,-0.021421736472495855,10.406697,2,0.03125,0,0.8817521154658104,uncertain
uhf_long,81987,33180334,MeerKAT:array_1:20250705T060310Z,Gaia_6441468569017169024,39,613.1956762671471,-0.06926381866645581,26.751583,3,0.046875,-1,0.8817930220085418,uncertain
uhf_long,73031,11385151,MeerKAT:array_1:20250715T141354Z,ex_2MFGC_12293,33,599.4172518253326,-0.05704079184296361,36.52944,1,0.015625,0,0.8818312573573622,uncertain
lband_long,278782,35879103,MeerKAT:array_1:20240319T020710Z,Gaia_2531000901566280448,61,1697.2202452719212,-0.1160125787323288,10.00648,2,0.03125,0,0.881933275867552,uncertain
mk_sample_hits,14891,35841242,MeerKAT:array_1:20240319T020710Z,Gaia_2530969599844561536,33,1525.0731515288353,0.005044025162275165,20.871534,1,0.015625,0,0.8822307861617803,uncertain
lband_short,26532,684551,MeerKAT:array_1:20250711T092345Z,Gaia_4814716789027655680,37,870.4522679597139,-0.25626902034139953,10.456414,4,0.0625,-1,0.8822889146877528,uncertain
lband_long,1917,4303,MeerKAT:array_1:20250701T095804Z,Gaia_4669720269366811264,10,867.9685743153095,-0.07061635227185231,12.854616,2,0.03125,0,0.8824361890607672,uncertain
uhf_long,23779,704394,MeerKAT:array_1:20250715T124827Z,ex_[VV2006]_J131624.0-015835,14,559.9978215098381,-0.07944967435269931,249.07881,4,0.0625,-1,0.8824764971684542,uncertain
lband_long,60955,1423091,MeerKAT:array_1:20250713T100933Z,Gaia_3394133059973258496,58,919.7910789698362,-0.04035220129820132,14.81957,2,0.03125,0,0.8825753036126954,uncertain
uhf_long,104402,33720012,MeerKAT:array_1:20250710T060816Z,Gaia_5598361300503538816,26,633.7494695186615,0.0183345402352383,11.715168,1,0.015625,0,0.8826037258605731,uncertain
lband_short,25409,683142,MeerKAT:array_1:20250711T085603Z,ex_LEDA_550602,25,874.5101813077927,-0.2972720635960235,10.932417,4,0.0625,-1,0.8827320120531194,uncertain
lband_long,22652,677140,MeerKAT:array_1:20250710T145421Z,Gaia_3631071905882948608,30,874.9917277246714,-0.09583647808322814,29.028519,4,0.0625,-1,0.8827631692675825,uncertain
uhf_long,65291,7857785,MeerKAT:array_1:20250704T054305Z,Gaia_6441424588552067456,5,602.116171002388,0.048892107293968805,11.58372,4,0.0625,-1,0.8830286098989041,uncertain
lband_short,33326,735163,MeerKAT:array_1:20250719T113106Z,Gaia_2992958925274027264,23,879.9934700727463,0.1230091297638718,58.887848,3,0.046875,-1,0.8831890641641923,uncertain
lband_short,26197,684162,MeerKAT:array_1:20250711T092345Z,Gaia_4790685927314716416,8,870.1211267709732,-0.3075228244096795,20.511353,4,0.0625,-1,0.8832044015181085,uncertain
lband_short,19791,441759,MeerKAT:array_1:20250708T101552Z,Gaia_2973740321011342976,49,875.0032299011946,-0.25626902034139953,20.835823,4,0.0625,-1,0.8832878927896596,uncertain
uhf_long,41971,1122929,MeerKAT:array_1:20250713T211114Z,Gaia_4189359071012556928,62,575.999328315258,0.044817765019471406,11.639568,2,0.03125,0,0.8833203511507478,uncertain
uhf_long,23861,704595,MeerKAT:array_1:20250715T124827Z,ex_[VV2010c]_J131954.3-015649,48,559.9978215098381,-0.0733381609409532,211.75323,4,0.0625,-1,0.8834060336618813,uncertain
lband_long,18608,418184,MeerKAT:array_1:20250704T110253Z,Gaia_4669705705133623552,22,874.9920577704906,0.19167295616645627,23.840889,1,0.015625,0,0.8835478894942598,uncertain
lband_long,63613,1458716,MeerKAT:array_1:20250722T155604Z,Gaia_6440706263862054016,9,919.7927850037813,0.20680503165328176,14.383145,2,0.03125,0,0.8835603101352848,uncertain
uhf_long,22856,700753,MeerKAT:array_1:20250713T194539Z,Gaia_6024260634232271232,32,559.2503864169121,-0.044817765019471406,12.190234,4,0.0625,-1,0.8836706158772061,uncertain
uhf_long,81979,33180326,MeerKAT:array_1:20250705T060310Z,Gaia_6441019555955951616,31,613.1956742405891,-0.030557567058730504,17.203972,3,0.046875,-1,0.8836846944118129,uncertain
lband_long,91929,4827173,MeerKAT:array_1:20250719T103545Z,Gaia_4669734567314018688,22,924.2106444090605,0.09583647808322814,10.54059,1,0.015625,0,0.8837103256503437,uncertain
uhf_long,115217,34807229,MeerKAT:array_1:20250713T200741Z,Gaia_4124077835927349248,43,650.022173345089,0.06926381866645581,10.094487,1,0.015625,0,0.8837488385191822,uncertain
uhf_long,188465,33700699,MeerKAT:array_1:20250704T054305Z,Gaia_6440702003254489088,8,633.7494968771935,0.0020371711372487,11.216187,1,0.015625,0,0.8840147633269634,uncertain
uhf_long,105046,33876695,MeerKAT:array_1:20250715T124827Z,ex_2dFGRS_TGN261Z225,43,633.7495424747467,-0.012223026823492201,17.829496,4,0.0625,-1,0.8843684322054972,uncertain
lband_short,26284,684261,MeerKAT:array_1:20250711T092345Z,Gaia_4814702250562055168,15,870.264277368784,-0.3075228244096795,77.11371,2,0.03125,0,0.8849651983137727,uncertain
uhf_long,66948,8288032,MeerKAT:array_1:20250705T194745Z,ex_2MASX_J19552340-1200305,32,599.9433320760727,-0.044817765019471406,14.993375,4,0.0625,-1,0.8849847494196418,uncertain
uhf_long,242225,35418765,MeerKAT:array_1:20250715T135202Z,ex_CRTS_J153613.6-333113,11,678.3023544549942,0.0040743422744974,12.935866,2,0.03125,0,0.8849902276592303,uncertain
uhf_long,22873,700775,MeerKAT:array_1:20250713T194539Z,Gaia_6024470155591965440,54,559.2503904700279,-0.0651894763919584,13.325917,3,0.046875,-1,0.8851428685371314,uncertain
uhf_long,103680,33700750,MeerKAT:array_1:20250704T054305Z,Gaia_6441459944722781952,59,633.7495029568672,-0.048892107293968805,13.987737,1,0.015625,0,0.8854236853188185,uncertain
lband_long,1976,4380,MeerKAT:array_1:20250701T095804Z,Gaia_4668964428138269952,59,867.9685870707035,-0.12105660389460396,18.454817,2,0.03125,0,0.8854724980242121,uncertain
lband_long,1947,4342,MeerKAT:array_1:20250701T095804Z,Gaia_4668961816798136192,35,867.9685870707035,-0.12105660389460396,15.319618,2,0.03125,0,0.8856454219968043,uncertain
lband_long,68888,1554722,MeerKAT:array_1:20250701T095804Z,Gaia_4669729482072672512,17,923.9665540009737,-0.10592452840777847,17.62696,3,0.046875,-1,0.8857019514084445,uncertain
uhf_long,64664,7199014,MeerKAT:array_1:20250702T183548Z,ex_ASASSN-V_J163544.13-332237.1,39,599.2500385046005,0.0162973690979896,46.72062,4,0.0625,-1,0.8857723396788005,uncertain
uhf_long,103668,33700738,MeerKAT:array_1:20250704T054305Z,Gaia_6440639090573476480,47,633.7494867444038,0.0183345402352383,10.309685,1,0.015625,0,0.8859189876357271,uncertain
lband_long,22661,677164,MeerKAT:array_1:20250710T145421Z,Gaia_3630322760507186176,54,874.9917149692774,-0.050440251622751654,34.627895,4,0.0625,-1,0.8859335225101891,uncertain
uhf_long,64959,7199401,MeerKAT:array_1:20250702T185632Z,ex_ASASSN-V_J174301.25-160802.6,26,599.2500395178795,0.0081486845489948,208.3854,4,0.0625,-1,0.8860455626029958,uncertain
uhf_long,51928,1429869,MeerKAT:array_1:20250715T124827Z,J1317_5-0153,0,581.318198800087,0.0651894763919584,11.090047,1,0.015625,0,0.8864629452281177,uncertain
uhf_long,33019,988445,MeerKAT:array_1:20250715T141354Z,ex_CRTS_J151347.0-304145,29,567.9964014291763,0.034631909333227906,10.297509,1,0.015625,0,0.8868197979071716,uncertain
uhf_long,138830,35528513,MeerKAT:array_1:20250729T055516Z,Gaia_4669817580441686144,12,672.0191342234612,-0.0631523052547097,31.771763,4,0.0625,-1,0.8871721023602098,uncertain
lband_long,55102,1241931,MeerKAT:array_1:20250701T095804Z,Gaia_4668963053748722048,46,917.5667933672667,-0.14123270454370462,14.333511,3,0.046875,-1,0.887965068171472,uncertain
uhf_short,63822,33516816,MeerKAT:array_1:20250712T222705Z,Gaia_2682742199212813056,3,623.9690162539482,-0.02566835632933362,64.63294,3,0.046875,-1,0.8880943011462638,uncertain
uhf_long,87145,33360207,MeerKAT:array_1:20250715T143518Z,Gaia_6272812625006192256,48,615.9901628494263,0.0162973690979896,15.817481,4,0.0625,-1,0.8882501976145889,uncertain
lband_short,59580,1420167,MeerKAT:array_1:20250712T091244Z,Gaia_2323515223384398592,14,919.7921886891127,0.2255167379004316,12.65012,1,0.015625,0,0.8883205049993149,uncertain
uhf_long,85646,33357712,MeerKAT:array_1:20250715T124827Z,ex_[VV2006]_J131714.2-022516,21,618.6505622267723,0.055003620705714906,10.412386,3,0.046875,-1,0.8883669414685524,uncertain
lband_long,18600,418176,MeerKAT:array_1:20250704T110253Z,Gaia_4669680519445349888,18,874.9920912533998,0.06052830194730198,22.64483,2,0.03125,0,0.8884098800257753,uncertain
uhf_long,86122,33358790,MeerKAT:array_1:20250715T133052Z,Gaia_6226379493056862464,56,615.9903087615967,-0.07741250321545061,14.043913,4,0.0625,-1,0.8884349226975311,uncertain
lband_long,55063,1241892,MeerKAT:array_1:20250701T095804Z,Gaia_4669700070136544640,7,917.5667949616909,-0.15132075486825497,20.349216,4,0.0625,-1,0.8884633537399422,uncertain
uhf_long,96631,33537494,MeerKAT:array_1:20250715T124827Z,ex_2dFGRS_TGN195Z268,46,621.317156791687,0.081486845489948,11.056473,2,0.03125,0,0.8884798321660651,uncertain
lband_short,23858,681318,MeerKAT:array_1:20250711T085603Z,Gaia_4814722595823458688,4,870.2323569953442,-0.33827510685064743,7315.74,4,0.0625,-1,0.8886913184954224,uncertain
uhf_long,1938,57483,MeerKAT:array_1:20250705T174237Z,Gaia_6117529559895916928,22,551.9478916525841,-0.0325947381959792,27.171028,1,0.015625,0,0.8888601919339912,uncertain
lband_short,23476,680873,MeerKAT:array_1:20250711T085603Z,ex_LEDA_550158,28,870.0115993916988,-0.37927815010527133,43.613552,3,0.046875,-1,0.8888773204669279,uncertain
lband_long,8487,245908,MeerKAT:array_1:20250712T092209Z,Gaia_4669735250212219264,41,864.548067137599,-0.04035220129820132,10.07687,2,0.03125,0,0.8891151167505372,uncertain
lband_short,18724,439820,MeerKAT:array_1:20250708T094824Z,Gaia_2973728088944479104,62,870.1989251077175,-0.31777358522333543,151.8446,2,0.03125,0,0.8893254039461977,uncertain
uhf_long,117365,34829888,MeerKAT:array_1:20250715T133052Z,Gaia_6214327711742533248,46,648.8109574317932,-0.0101858556862435,11.446857,2,0.03125,0,0.889358195186413,uncertain
uhf_long,103267,33653519,MeerKAT:array_1:20250731T221802Z,Gaia_4669730306706410880,30,625.0220218300819,-0.05704079184296361,23.237228,3,0.046875,-1,0.8893979127634549,uncertain
lband_short,59679,1420290,MeerKAT:array_1:20250712T091244Z,Gaia_2323470246486896512,60,919.7921902835369,0.1845136946458077,15.104871,3,0.046875,-1,0.8896608907454292,uncertain
lband_short,23611,681025,MeerKAT:array_1:20250711T085603Z,ex_LEDA_545297,43,870.0684964209795,-0.19476445545946366,19.63131,1,0.015625,0,0.890159052799119,uncertain
uhf_long,52188,1430827,MeerKAT:array_1:20250715T135202Z,ex_ASASSN-V_J153511.70-332719.0,31,583.9963295459747,-0.014260197960740902,11.008986,4,0.0625,-1,0.8903620462910306,uncertain
uhf_long,105019,33876641,MeerKAT:array_1:20250715T124827Z,ex_[VV2006]_J131604.1-013605,10,633.7495424747467,-0.012223026823492201,17.53766,4,0.0625,-1,0.8906756233179787,uncertain
uhf_short,27263,1118796,MeerKAT:array_1:20250713T175609Z,Gaia_1456198151925056128,36,576.0000163316727,-0.0855611877644454,26.029459,1,0.015625,0,0.8907065249648518,uncertain
lband_short,59648,1420253,MeerKAT:array_1:20250712T091244Z,Gaia_2323547624617696384,46,919.7921934723854,0.1230091297638718,10.171568,3,0.046875,-1,0.8907829166827288,uncertain
uhf_long,115194,34807183,MeerKAT:array_1:20250713T200741Z,Gaia_4148128274025971072,20,650.0221763849258,0.055003620705714906,10.505548,2,0.03125,0,0.8909530625184129,uncertain
lband_long,55108,1241937,MeerKAT:array_1:20250701T095804Z,Gaia_4669735250212219264,52,917.5667949616909,-0.15132075486825497,14.193704,4,0.0625,-1,0.8910201300014192,uncertain
uhf_long,103643,33700713,MeerKAT:array_1:20250704T054305Z,Gaia_6441855287872380544,22,633.7494968771935,-0.0183345402352383,13.522577,2,0.03125,0,0.8910508533123102,uncertain
uhf_long,86689,33359616,MeerKAT:array_1:20250715T141354Z,Gaia_6210736672405383936,42,613.7743355631828,0.030557567058730504,33.33762,4,0.0625,-1,0.8914691895862089,uncertain
sband_short,21101,348188,MeerKAT:array_1:20250724T183832Z,Gaia_6103297378302467456,24,2191.047560190782,-0.021421736472495855,11.593929,3,0.046875,-1,0.8917961069975314,uncertain
lband_short,21063,443922,MeerKAT:array_1:20250708T122415Z,Gaia_2973729394614635264,11,876.2152283042669,0.3075228244096795,22.344404,1,0.015625,0,0.8920732170385932,uncertain
uhf_short,71401,33547816,MeerKAT:array_1:20250716T201432Z,Gaia_4426399965347459584,57,625.0293194651604,0.09411730654088994,269.13058,2,0.03125,0,0.8922094754828143,uncertain
lband_short,26554,684573,MeerKAT:array_1:20250711T092345Z,Gaia_4790698610353975936,39,870.2314944118261,-0.09225684732290385,1813.4213,3,0.046875,-1,0.8922617188777855,uncertain
lband_long,99259,6241370,MeerKAT:array_1:20250731T130553Z,Gaia_5422885188940887040,32,923.9847607314587,0.09079245292095298,10.216923,3,0.046875,-1,0.8924388474890944,uncertain
uhf_long,41861,1122775,MeerKAT:array_1:20250713T211114Z,Gaia_4189261283199144832,18,575.9993273019791,0.05704079184296361,11.8980465,3,0.046875,-1,0.8925716496477324,uncertain
lband_short,6358,245383,MeerKAT:array_1:20250712T091244Z,Gaia_2323473785539976320,59,866.6568622142076,0.31777358522333543,16.995245,3,0.046875,-1,0.8930169437420592,uncertain
uhf_long,80436,28005968,MeerKAT:array_1:20250715T141354Z,ex_LEDA_703587,38,608.244835793972,0.0427805938822227,17.269604,1,0.015625,0,0.8930247425419857,uncertain
uhf_long,108305,34498785,MeerKAT:array_1:20250715T124827Z,ex_[VV2010c]_J131954.3-015649,48,642.6499376296997,0.048892107293968805,10.235761,3,0.046875,-1,0.8934494092563926,uncertain
uhf_short,181847,33517018,MeerKAT:array_1:20250712T222705Z,ex_ATO_J333.2643+01.8359,49,623.9690162539482,-0.00855611877644454,60.322186,3,0.046875,-1,0.8935147732032476,uncertain
lband_short,26015,683959,MeerKAT:array_1:20250711T092345Z,Gaia_4790685210056006784,24,870.0107415914536,-0.21526597708677564,13.339582,3,0.046875,-1,0.8935249507117766,uncertain
uhf_short,855,91863,MeerKAT:array_1:20250710T030814Z,Gaia_2699028715199798912,18,551.9994331002235,-0.22245908818755805,61.162037,4,0.0625,-1,0.8935300345081145,uncertain
uhf_long,96632,33537522,MeerKAT:array_1:20250715T124827Z,ex_2dFGRS_TGN261Z265,60,621.3171669244766,-0.0835240166271967,13.772533,2,0.03125,0,0.8935318847422732,uncertain
uhf_long,89557,33377324,MeerKAT:array_1:20250723T033528Z,Gaia_4658399182256522624,10,613.1959772109985,0.020371711372487,32.176018,4,0.0625,-1,0.8936899859448226,uncertain
lband_short,18644,438577,MeerKAT:array_1:20250708T092055Z,Gaia_2973638478747155200,28,879.9704657196999,-0.15376141220483974,15.577055,4,0.0625,-1,0.8938541041062205,uncertain
lband_long,2182,5760,MeerKAT:array_1:20250701T133303Z,Gaia_4669704158945427712,15,864.7355379462242,-0.07061635227185231,10.604409,1,0.015625,0,0.8942789453082547,uncertain
lband_long,22665,677170,MeerKAT:array_1:20250710T145421Z,Gaia_3630252151244878464,60,874.9917245358229,-0.0857484277586778,32.050076,2,0.03125,0,0.8944075431572339,uncertain
lband_long,17912,408831,MeerKAT:array_1:20250701T095804Z,Gaia_4669710824734657920,51,879.9420164078474,-0.07061635227185231,16.40332,1,0.015625,0,0.894448331585126,uncertain
uhf_long,96698,33537746,MeerKAT:array_1:20250715T124827Z,ex_[VV2006]_J131735.5-021504,26,623.9975724816322,-0.07741250321545061,234.17773,3,0.046875,-1,0.8945074056854456,uncertain
lband_short,18449,437984,MeerKAT:array_1:20250708T092055Z,Gaia_2973934075575926272,43,874.9936808943748,-0.1742629338321517,78.58204,4,0.0625,-1,0.8945333087031367,uncertain
uhf_long,22839,700727,MeerKAT:array_1:20250713T194539Z,Gaia_6024528399668714880,6,559.2503864169121,-0.044817765019471406,11.418456,4,0.0625,-1,0.8945788321800336,uncertain
lband_short,18493,438045,MeerKAT:array_1:20250708T092055Z,Gaia_2973615938758791424,52,875.0041706115007,-0.2972720635960235,20.383568,2,0.03125,0,0.89464902690179,uncertain
uhf_long,109057,34499996,MeerKAT:array_1:20250715T141354Z,Gaia_6210715128849230976,52,643.9959216713905,0.024446053646984402,15.432638,3,0.046875,-1,0.8948464340143919,uncertain
uhf_long,11171,282392,MeerKAT:array_1:20250715T141354Z,Gaia_6210900808876843648,48,550.2657908201218,0.038706251607725305,31.787306,2,0.03125,0,0.8948688840536155,uncertain
lband_short,33304,735079,MeerKAT:array_1:20250719T113106Z,Gaia_2992779498719232896,1,879.993481233716,-0.16401217301849572,42.946133,3,0.046875,-1,0.8949560645335745,uncertain
lband_short,18699,439061,MeerKAT:array_1:20250708T094824Z,ex_LEDA_821500,12,870.3420757055283,-0.4202811933598953,29.832222,1,0.015625,0,0.8954844983865514,uncertain
lband_short,31371,697965,MeerKAT:array_1:20250713T111016Z,Gaia_5096073740036667392,8,869.9947718381882,-0.4202811933598953,59.633575,3,0.046875,-1,0.8961465948614907,uncertain
uhf_long,21039,417942,MeerKAT:array_1:20250704T054305Z,Gaia_6440677401681817856,19,560.3366974592209,0.0468549361567201,13.275412,2,0.03125,0,0.8962131361819914,uncertain
lband_long,18673,418258,MeerKAT:array_1:20250704T110253Z,Gaia_4668954635612750464,59,874.9921087920666,-0.19671698132873144,26.088367,2,0.03125,0,0.8962701271789831,uncertain
uhf_long,22837,700724,MeerKAT:array_1:20250713T194539Z,Gaia_6024551485093556992,3,559.2503904700279,-0.0651894763919584,12.598532,3,0.046875,-1,0.8970628489063013,uncertain
lband_short,4609,241480,MeerKAT:array_1:20250712T072515Z,ex_2dFGRS_TGS138Z236,4,860.2017511427402,0.21526597708677564,15.535031,1,0.015625,0,0.8972834615484641,uncertain
lband_short,22396,679287,MeerKAT:array_1:20250711T073156Z,Gaia_4814735686883748352,52,872.4540325254202,0.13325989057752777,10.007909,1,0.015625,0,0.8973585932058059,uncertain
lband_short,86155,2611461,MeerKAT:array_1:20250708T092055Z,Gaia_2973638478747155200,28,923.9689934700727,-0.25626902034139953,14.964078,4,0.0625,-1,0.8975019188063914,uncertain
uhf_long,188748,33876643,MeerKAT:array_1:20250715T124827Z,ex_LBQS_1313-0138,11,633.7495384216309,0.0040743422744974,16.187302,3,0.046875,-1,0.8975207931297149,uncertain
uhf_long,87089,33360145,MeerKAT:array_1:20250715T143518Z,ex_LEDA_784492,17,615.9901618361473,0.0162973690979896,15.495294,4,0.0625,-1,0.8976934271374503,uncertain
lband_short,23808,681267,MeerKAT:array_1:20250711T085603Z,Gaia_4814724245090845952,2,870.2323554009199,-0.31777358522333543,12673.435,1,0.015625,0,0.8978612643649924,uncertain
lband_short,18624,438529,MeerKAT:array_1:20250708T092055Z,Gaia_2973665897818189184,8,879.9704657196999,-0.15376141220483974,13.568326,4,0.0625,-1,0.8980100481148784,uncertain
uhf_long,22870,700771,MeerKAT:array_1:20250713T194539Z,Gaia_6024228370436494720,50,559.2503864169121,-0.044817765019471406,12.678326,4,0.0625,-1,0.8981072396578025,uncertain
lband_long,64960,1476255,MeerKAT:array_1:20250731T124411Z,Gaia_5850163619554029440,15,919.9847680330276,0.12105660389460396,21.057415,4,0.0625,-1,0.8982337179127244,uncertain
uhf_long,110834,34596004,MeerKAT:array_1:20250729T055516Z,Gaia_4669791226522616960,15,640.0182201266289,-0.0468549361567201,10.627128,2,0.03125,0,0.8985162030825676,uncertain
lband_long,57956,1267311,MeerKAT:array_1:20250708T083640Z,Gaia_4669720995217335936,31,919.9956738948822,-0.10088050324550331,14.982437,1,0.015625,0,0.8985458526115563,uncertain
uhf_short,87429,34911281,MeerKAT:array_1:20250731T192546Z,ex_SDSS_J154852.28+054426.6,38,647.9800463914871,-0.07700506898800086,16.769445,3,0.046875,-1,0.8987553944606254,uncertain
lband_short,26744,684773,MeerKAT:array_1:20250711T092345Z,Gaia_4790690638894684928,54,870.264277368784,-0.3075228244096795,69.77903,2,0.03125,0,0.8987634808045546,uncertain
uhf_long,64949,7199377,MeerKAT:array_1:20250702T185632Z,ex_PSR_J1744-1610,2,599.2500405311584,0.014260197960740902,286.20642,4,0.0625,-1,0.8987716729004717,uncertain
uhf_long,91616,33456032,MeerKAT:array_1:20250704T054305Z,Gaia_6441456096432105216,53,626.6923625469208,-0.0264832247842331,37.460667,3,0.046875,-1,0.8987857647128281,uncertain
lband_long,275615,35841050,MeerKAT:array_1:20240319T020710Z,Gaia_2530997843549541248,12,1525.0436785966158,-0.1160125787323288,17.515049,1,0.015625,0,0.899458900048638,uncertain
uhf_short,52437,13651942,MeerKAT:array_1:20250730T231157Z,Gaia_2682773604013656192,1,601.3525173664093,0.0855611877644454,15.102389,3,0.046875,-1,0.8995663990981819,uncertain
uhf_long,78413,13615413,MeerKAT:array_1:20250729T031818Z,Gaia_4669818886111750144,4,599.9701920747757,-0.014260197960740902,176.22763,3,0.046875,-1,0.8999418482737075,uncertain
lband_long,55073,1241902,MeerKAT:array_1:20250701T095804Z,Gaia_4669729482072672512,17,917.5667853951454,-0.10592452840777847,22.456108,2,0.03125,0,0.9003470526199181,pruned
uhf_long,105058,33876720,MeerKAT:array_1:20250715T124827Z,ex_2MASX_J13164575-0154497,59,633.7495414614677,-0.0081486845489948,17.725658,3,0.046875,-1,0.9004036720211094,pruned
uhf_short,17581,1062716,MeerKAT:array_1:20250702T032809Z,ex_ASASSN-V_J221246.38+020744.5,21,576.0444790124893,-0.18823461308177988,15.554652,3,0.046875,-1,0.9004727270508377,pruned
uhf_long,162789,705052,MeerKAT:array_1:20250715T130947Z,ex_ASASSN-V_J161455.85-595337.3,38,559.2503418326378,-0.0040743422744974,13.1916685,1,0.015625,0,0.9008021141224924,pruned
uhf_long,91623,33456039,MeerKAT:array_1:20250704T054305Z,Gaia_6440697261610635520,60,626.6923625469208,-0.0264832247842331,35.3246,3,0.046875,-1,0.9010997190362569,pruned
uhf_long,66880,8287963,MeerKAT:array_1:20250705T194745Z,ex_GALEX_J195336.9-120152,9,599.9433270096779,-0.014260197960740902,10.924554,3,0.046875,-1,0.9011585061943046,pruned
uhf_long,87901,33370949,MeerKAT:array_1:20250720T024534Z,Gaia_4669041771909360256,47,613.1961636543274,-0.0529664495684662,19.300238,4,0.0625,-1,0.901270161148111,pruned
uhf_short,17694,1063020,MeerKAT:array_1:20250702T032809Z,Gaia_2682583938257936640,53,576.0444790124893,-0.18823461308177988,15.546167,3,0.046875,-1,0.9014167249719984,pruned
lband_long,62337,1440759,MeerKAT:array_1:20250719T103545Z,Gaia_4669681996914100864,29,920.2097173780203,0.18662893100418113,11.77535,1,0.015625,0,0.9014755020921005,pruned
lband_short,26572,684592,MeerKAT:array_1:20250711T092345Z,Gaia_4814717201344514432,40,870.4522567987442,-0.08200608650924786,11.453086,3,0.046875,-1,0.9018397266003002,pruned
lband_short,23372,680737,MeerKAT:array_1:20250711T085603Z,ex_LEDA_549534,14,869.7958466857672,-0.37927815010527133,17.868471,1,0.015625,0,0.9020613846030677,pruned
lband_long,53169,1239321,MeerKAT:array_1:20250701T055458Z,ex_SDSS_J002238.11-005315.2,13,919.9843821823597,0.04035220129820132,30.343626,1,0.015625,0,0.9020712125987743,pruned
lband_short,18713,439245,MeerKAT:array_1:20250708T094824Z,Gaia_2973830515324686976,24,870.3420757055283,-0.2870213027823675,32.60486,2,0.03125,0,0.9022022847585397,pruned
uhf_long,23869,704612,MeerKAT:array_1:20250715T124827Z,ex_LEDA_1099019,50,560.3367329239845,0.012223026823492201,10.528809,1,0.015625,0,0.9024405555902653,pruned
lband_short,58108,1417241,MeerKAT:array_1:20250712T065251Z,Gaia_2323501960525432320,54,919.9987017065287,-0.2357674987140876,11.741798,2,0.03125,0,0.9024881287405583,pruned
uhf_long,64661,7199004,MeerKAT:array_1:20250702T183548Z,ex_ASASSN-V_J163437.40-322443.1,29,599.2500385046005,0.012223026823492201,55.007904,3,0.046875,-1,0.9026628546955966,pruned
uhf_long,51930,1429888,MeerKAT:array_1:20250715T124827Z,ex_[VV2006]_J131709.6-020414,19,581.318197786808,0.081486845489948,12.096326,3,0.046875,-1,0.9027351754271836,pruned
lband_short,23618,681032,MeerKAT:array_1:20250711T085603Z,ex_2MFGC_3840,44,869.9748048633337,-0.37927815010527133,23.633097,3,0.046875,-1,0.9028453946353939,pruned
lband_long,99273,6241385,MeerKAT:array_1:20250731T130553Z,Gaia_5423608564512656768,47,923.9847607314587,0.09079245292095298,10.408086,3,0.046875,-1,0.9028810983384656,pruned
lband_short,18576,438282,MeerKAT:array_1:20250708T092055Z,Gaia_2973622054792292608,23,875.9706037640572,-0.2460182595277436,10.261327,1,0.015625,0,0.9030758380292291,pruned
uhf_short,7019,385089,MeerKAT:array_1:20250730T211442Z,Gaia_2682582731372137344,7,551.9998242259026,0.24812744451689167,96.829544,3,0.046875,-1,0.9034588199359149,pruned
lband_short,18716,439543,MeerKAT:array_1:20250708T094824Z,Gaia_2973618240861321856,44,870.1581078469753,-0.2870213027823675,102.1613,1,0.015625,0,0.903503061706251,pruned
uhf_long,51933,1429920,MeerKAT:array_1:20250715T124827Z,ex_2dFGRS_TGN194Z196,51,581.318197786808,0.081486845489948,10.428623,3,0.046875,-1,0.9036874072080491,pruned
uhf_long,91622,33456038,MeerKAT:array_1:20250704T054305Z,Gaia_6441459944722781952,59,626.6923595070839,-0.020371711372487,17.536406,1,0.015625,0,0.9037685531916947,pruned
uhf_long,110840,34596049,MeerKAT:array_1:20250729T055516Z,Gaia_4669754118005030528,60,640.0182191133499,-0.044817765019471406,10.377454,2,0.03125,0,0.9039183720985386,pruned
lband_long,22659,677158,MeerKAT:array_1:20250710T145421Z,Gaia_3630416768751323136,48,874.9917277246714,-0.09583647808322814,41.32517,4,0.0625,-1,0.9039689652001927,pruned
lband_short,4195,88485,MeerKAT:array_1:20250709T052824Z,Gaia_4936907715245425792,16,863.9153262525797,0.1845136946458077,10.112287,3,0.046875,-1,0.9040081674801334,pruned
uhf_long,103678,33700748,MeerKAT:array_1:20250704T054305Z,Gaia_6441067487791042048,57,633.749483704567,0.030557567058730504,14.457343,2,0.03125,0,0.9040393360366402,pruned
lband_long,8515,245940,MeerKAT:array_1:20250712T092209Z,Gaia_4669699520380750336,57,864.5480591654778,0.03026415097365099,10.4106045,1,0.015625,0,0.9040845465182068,pruned
lband_long,2175,5747,MeerKAT:array_1:20250701T133303Z,Gaia_4669699520380750336,2,864.7355347573757,-0.035308176135926156,10.427397,2,0.03125,0,0.9042831364642586,pruned
lband_short,24790,682356,MeerKAT:array_1:20250711T085603Z,Gaia_4814711458972055680,47,870.2323522120714,-0.27677054196871154,11993.212,2,0.03125,0,0.904338833404878,pruned
uhf_long,19678,377708,MeerKAT:array_1:20250729T055516Z,Gaia_4669674953167724544,55,544.0154555439949,0.07741250321545061,160.2906,2,0.03125,0,0.9043802253836942,pruned
lband_short,32107,698789,MeerKAT:array_1:20250713T120523Z,Gaia_5096286529896655872,34,869.9925683438778,-0.4100304325462393,16.809282,1,0.015625,0,0.9045453622890056,pruned
uhf_long,115183,34807159,MeerKAT:array_1:20250713T200741Z,Gaia_4124082332708621312,8,650.0221763849258,0.055003620705714906,11.818403,2,0.03125,0,0.9045914713996188,pruned
uhf_long,108903,34499755,MeerKAT:array_1:20250715T141354Z,ex_ASASSN-V_J151253.14-314549.0,25,639.99595028162,0.014260197960740902,180.637,1,0.015625,0,0.9047819122673607,pruned
lband_long,60947,1423067,MeerKAT:array_1:20250713T100933Z,Gaia_3394159448252252288,34,919.7910247594118,0.1160125787323288,12.173154,3,0.046875,-1,0.9047951894205373,pruned
uhf_long,24020,705072,MeerKAT:array_1:20250715T130947Z,ex_ASASSN-V_J160945.20-601435.4,58,559.2503408193588,0.07944967435269931,18.724174,1,0.015625,0,0.9048334156443235,pruned
uhf_short,17314,1062111,MeerKAT:array_1:20250702T012148Z,Gaia_2682591153803051008,47,576.0444303750992,-0.20534685063466895,20.869854,1,0.015625,0,0.9048748947958111,pruned
lband_short,58321,1417726,MeerKAT:array_1:20250712T072515Z,Gaia_2323543054772496512,22,919.7934785783291,-0.25626902034139953,13.959768,4,0.0625,-1,0.904996777008464,pruned
uhf_long,94181,33495622,MeerKAT:array_1:20250710T060816Z,Gaia_5599221256037037440,46,623.9902525544167,0.05704079184296361,100.40741,2,0.03125,0,0.9050477630847139,pruned
uhf_long,96842,33538312,MeerKAT:array_1:20250715T124827Z,ex_2MASX_J13170753-0134111,62,626.6503540277481,0.05092927843121751,13.973567,3,0.046875,-1,0.9051954699864974,pruned
lband_long,64972,1476279,MeerKAT:array_1:20250731T124411Z,Gaia_5850164371082780288,27,919.9847680330276,0.12610062905687913,20.805151,4,0.0625,-1,0.9051955592834592,pruned
lband_short,86165,2611481,MeerKAT:array_1:20250708T092055Z,Gaia_2973632397073468928,38,923.9689934700727,-0.25626902034139953,13.8264265,4,0.0625,-1,0.9053352614266292,pruned
lband_short,33317,735130,MeerKAT:array_1:20250719T113106Z,Gaia_2992958890914291072,14,879.9934700727463,0.1230091297638718,53.92979,3,0.046875,-1,0.9053942180521494,pruned
uhf_long,188658,33720023,MeerKAT:array_1:20250710T060816Z,Gaia_5599208371134956160,37,633.7494695186615,0.0040743422744974,14.395675,2,0.03125,0,0.9055404183771745,pruned
lband_long,55069,1241898,MeerKAT:array_1:20250701T095804Z,Gaia_4669731887254377472,13,917.5667933672667,-0.14123270454370462,17.296114,3,0.046875,-1,0.9055792283556474,pruned
uhf_long,86710,33359637,MeerKAT:array_1:20250715T141354Z,Gaia_6210668090367510656,63,613.7743355631828,0.030557567058730504,24.172983,4,0.0625,-1,0.9056524079167632,pruned
lband_long,11013,316150,MeerKAT:array_1:20250719T103545Z,Gaia_4668958827500877440,24,864.0189526677132,-0.18158490584190595,17.04534,2,0.03125,0,0.9058962543813625,pruned
uhf_long,117055,34829307,MeerKAT:array_1:20250715T130947Z,ex_ASASSN-V_J160737.22-595206.7,42,648.8109432458878,0.0183345402352383,13.671285,3,0.046875,-1,0.9062789133130309,pruned
lband_short,18362,437865,MeerKAT:array_1:20250708T092055Z,Gaia_2973715994316696192,24,874.9936808943748,-0.1742629338321517,125.34934,4,0.0625,-1,0.90634931042472,pruned
uhf_long,81950,33169081,MeerKAT:array_1:20250704T054305Z,Gaia_6440693001003063552,61,619.319512784481,-0.040743422744974,14.698573,4,0.0625,-1,0.9064160329204639,pruned
uhf_long,22865,700765,MeerKAT:array_1:20250713T194539Z,Gaia_6024365461474005248,44,559.25038844347,-0.0529664495684662,11.704189,2,0.03125,0,0.9064469500443265,pruned
lband_short,23493,680891,MeerKAT:array_1:20250711T085603Z,ex_LEDA_546619,30,869.8644212782383,-0.33827510685064743,28.614294,4,0.0625,-1,0.9065034946166848,pruned
uhf_long,111196,34605584,MeerKAT:array_1:20250702T181451Z,ex_ASASSN-V_J153137.42-684904.4,34,647.2499403953552,-0.0101858556862435,316.62668,1,0.015625,0,0.9065542320121621,pruned
uhf_long,41968,1122925,MeerKAT:array_1:20250713T211114Z,Gaia_4190071726348319232,61,575.9993252754211,0.07944967435269931,12.265376,1,0.015625,0,0.9066258305826159,pruned
uhf_short,162670,9249239,MeerKAT:array_1:20250710T050136Z,Gaia_2700379980630316544,12,599.9433270096779,-0.01711223755288908,166.00677,3,0.046875,-1,0.9066801334444861,pruned
uhf_short,162658,9249225,MeerKAT:array_1:20250710T050136Z,Gaia_2700379980630316672,11,599.9433270096779,-0.01711223755288908,166.35931,3,0.046875,-1,0.9066904100455955,pruned
uhf_long,136900,35521091,MeerKAT:array_1:20250723T012407Z,Gaia_4655384085170797568,28,676.5383594036102,-0.06111513411746101,10.72654,2,0.03125,0,0.9068109381914784,pruned
uhf_long,109056,34499991,MeerKAT:array_1:20250715T141354Z,Gaia_6210694135048923008,47,643.9959216713905,0.024446053646984402,13.07667,3,0.046875,-1,0.9068641187031976,pruned
uhf_long,105934,33878109,MeerKAT:array_1:20250715T143518Z,ex_ASASSN-V_J142137.77-243156.2,10,633.7495029568672,0.0366690804704766,42.278214,2,0.03125,0,0.9069926707656558,pruned
uhf_long,115226,34807247,MeerKAT:array_1:20250713T200741Z,Gaia_4147907890670229504,52,650.0221794247627,0.0427805938822227,10.562558,1,0.015625,0,0.9070070952897179,pruned
uhf_long,65296,7857791,MeerKAT:array_1:20250704T054305Z,Gaia_6440695852861335296,9,602.1161679625511,0.06111513411746101,23.314903,2,0.03125,0,0.9070091234022363,pruned
sband_long,20118,322961,MeerKAT:array_1:20250720T164552Z,Gaia_6440690698900526336,22,2190.6383431050926,-0.005270427227360091,26.994736,4,0.0625,-1,0.9070209855764055,pruned
lband_long,68902,1554736,MeerKAT:array_1:20250701T095804Z,Gaia_4669811567487460096,24,923.9666624218225,-0.10088050324550331,11.283386,2,0.03125,0,0.9070851668854082,pruned
lband_short,4559,241369,MeerKAT:array_1:20250712T072515Z,Gaia_2323466982311731200,33,856.2008145451546,0.16401217301849572,13.7869625,1,0.015625,0,0.9071215533125003,pruned
lband_short,18174,437396,MeerKAT:array_1:20250708T092055Z,Gaia_2973934865849905920,16,871.9707338362932,-0.1742629338321517,19.519192,4,0.0625,-1,0.9071221349006454,pruned
lband_short,26428,684426,MeerKAT:array_1:20250711T092345Z,Gaia_4790680846369268736,28,870.1946791559458,0.20501521627311964,156.58975,1,0.015625,0,0.9073041125515857,pruned
lband_short,20513,443010,MeerKAT:array_1:20250708T112920Z,Gaia_2973638375667942272,36,879.9965154230595,-0.4100304325462393,43.116768,2,0.03125,0,0.9073592988311564,pruned
uhf_long,81896,33169026,MeerKAT:array_1:20250704T054305Z,Gaia_6440706603162467200,6,619.3194904923439,0.048892107293968805,15.553734,1,0.015625,0,0.9074573610447619,pruned
lband_short,24831,682402,MeerKAT:array_1:20250711T085603Z,Gaia_4814716307991315072,49,870.1995899826288,-0.37927815010527133,274.8512,1,0.015625,0,0.9074910125029274,pruned
uhf_long,108898,34499749,MeerKAT:array_1:20250715T141354Z,ex_CRTS_J151153.7-310950,22,639.995951294899,0.0101858556862435,175.6505,1,0.015625,0,0.9074991502956635,pruned
uhf_short,20205,1095090,MeerKAT:array_1:20250710T221658Z,Gaia_2682620771897433600,41,576.0443878173828,0.32513251350489253,16.513998,2,0.03125,0,0.9076080424749873,pruned
uhf_long,96641,33537608,MeerKAT:array_1:20250715T124827Z,ex_IC_4218,3,623.9975724816322,-0.07944967435269931,204.19875,3,0.046875,-1,0.9082111221074814,pruned
uhf_long,105038,33876678,MeerKAT:array_1:20250715T124827Z,ex_[VV2006]_J131810.9-021500,32,633.7495424747467,-0.012223026823492201,20.264421,4,0.0625,-1,0.9083165984653658,pruned
uhf_long,78415,13615416,MeerKAT:array_1:20250729T031818Z,Gaia_4669042557886501376,5,599.9701920747757,-0.014260197960740902,167.49452,3,0.046875,-1,0.9084037788416323,pruned
uhf_long,86775,33359702,MeerKAT:array_1:20250715T141354Z,J1513_0-3118,0,615.990142583847,0.0325947381959792,54.89878,4,0.0625,-1,0.9084418249953746,pruned
uhf_long,21073,417998,MeerKAT:array_1:20250704T054305Z,Gaia_6440680459698547200,55,560.3366974592209,0.0427805938822227,13.929928,4,0.0625,-1,0.9084826535565805,pruned
uhf_long,115218,34807231,MeerKAT:array_1:20250713T200741Z,Gaia_4148112713424802176,44,650.0221814513206,0.030557567058730504,10.8272915,1,0.015625,0,0.9087050386012239,pruned
lband_short,19781,441744,MeerKAT:array_1:20250708T101552Z,Gaia_2973624253815457152,46,875.0032299011946,-0.25626902034139953,27.089592,4,0.0625,-1,0.9087679283718753,pruned
lband_short,23529,680935,MeerKAT:array_1:20250711T085603Z,ex_LEDA_547903,35,869.9748032689095,-0.3587766284779594,21.612518,2,0.03125,0,0.908831470610227,pruned
lband_long,5139,82403,MeerKAT:array_1:20250708T085539Z,ex_2MASX_J04393087-1834328,2,856.8381298333406,0.10592452840777847,59.84884,1,0.015625,0,0.9089052910643803,pruned
lband_short,19056,440382,MeerKAT:array_1:20250708T094824Z,Gaia_2973726710258243584,35,874.9887365847826,-0.1127583689502158,12.450456,3,0.046875,-1,0.909031051963284,pruned
lband_short,24727,682290,MeerKAT:array_1:20250711T085603Z,ex_2MFGC_3840,44,870.3634362071753,-0.33827510685064743,10.90696,2,0.03125,0,0.9091719001773519,pruned
uhf_long,21029,417925,MeerKAT:array_1:20250704T054305Z,Gaia_6440706603162467200,6,560.3366974592209,0.0427805938822227,14.243881,4,0.0625,-1,0.9091826574623625,pruned
uhf_long,20871,417763,MeerKAT:array_1:20250704T054305Z,Gaia_6441013955318647680,26,552.9638466835022,0.034631909333227906,10.799233,1,0.015625,0,0.9092403601736216,pruned
lband_short,24579,682136,MeerKAT:array_1:20250711T085603Z,ex_PGC0130374,38,870.305936485529,-0.2460182595277436,482.78827,1,0.015625,0,0.9093853207435912,pruned
uhf_long,87453,33364524,MeerKAT:array_1:20250717T054309Z,Gaia_4669737797129407232,18,613.19620013237,-0.05092927843121751,62.388195,1,0.015625,0,0.9093941980876528,pruned
lband_short,25494,683292,MeerKAT:array_1:20250711T085603Z,Gaia_4814652982993590784,55,874.5101813077927,-0.2972720635960235,10.367897,4,0.0625,-1,0.909481901113843,pruned
uhf_long,117329,34829840,MeerKAT:array_1:20250715T133052Z,ex_CRTS_J151615.6-261959,3,648.8108814358711,-0.024446053646984402,11.03707,1,0.015625,0,0.9095091902117898,pruned
uhf_short,24964,1116065,MeerKAT:array_1:20250713T161348Z,Gaia_1456172313401784960,19,576.0004581212997,0.11978566287022356,22.113392,4,0.0625,-1,0.9095145051020933,pruned
uhf_long,64663,7199009,MeerKAT:array_1:20250702T183548Z,ex_ASASSN-V_J163525.26-332052.0,34,599.2500395178795,0.0264832247842331,39.74342,2,0.03125,0,0.9095382913540876,pruned
lband_short,59661,1420269,MeerKAT:array_1:20250712T091244Z,Gaia_2323544459226226432,52,919.7921934723854,0.1230091297638718,10.07717,3,0.046875,-1,0.9095510691264187,pruned
uhf_long,176372,4543567,MeerKAT:array_1:20250715T124827Z,ex_[VV2006]_J131810.9-021500,32,589.8280782699585,0.0040743422744974,54.40758,4,0.0625,-1,0.9096869447954365,pruned
uhf_short,55186,33197745,MeerKAT:array_1:20250710T050136Z,Gaia_2700398397450087296,40,613.2232648134232,0.11978566287022356,33.793232,3,0.046875,-1,0.9097305277166404,pruned
lband_long,8535,245961,MeerKAT:array_1:20250712T092209Z,Gaia_4669717146926603904,11,866.6569387465715,0.20680503165328176,10.165723,4,0.0625,-1,0.9097899091157312,pruned
lband_short,18726,439843,MeerKAT:array_1:20250708T094824Z,Gaia_2973726641538374784,63,870.4524561017752,-0.3075228244096795,11.414991,2,0.03125,0,0.9098142757054403,pruned
lband_long,22646,677128,MeerKAT:array_1:20250710T145421Z,Gaia_3630400379156148608,18,874.9917277246714,-0.09583647808322814,37.33895,4,0.0625,-1,0.9099287444373426,pruned
lband_short,24008,681480,MeerKAT:array_1:20250711T085603Z,ex_GALEX_J044047.1-432429,10,870.60029271245,-0.33827510685064743,14.065897,4,0.0625,-1,0.9099622453462133,pruned
lband_short,33346,735244,MeerKAT:array_1:20250719T113106Z,Gaia_2992961880211481088,44,879.9934860169888,-0.20501521627311964,49.39707,3,0.046875,-1,0.9100751665350462,pruned
lband_short,33277,734952,MeerKAT:array_1:20250719T113106Z,Gaia_2992974902552254848,52,876.2004671245813,-0.27677054196871154,19.487879,1,0.015625,0,0.9101166637143674,pruned
uhf_long,84372,33346805,MeerKAT:array_1:20250713T192439Z,Gaia_5820247316841038848,12,613.1961859464645,-0.0733381609409532,35.43189,3,0.046875,-1,0.9102861748625612,pruned
uhf_long,73019,11385135,MeerKAT:array_1:20250715T141354Z,ex_ASASSN-V_J151253.14-314549.0,25,599.4172335863113,0.022408882509735703,33.89188,2,0.03125,0,0.9103592381567274,pruned
uhf_long,178727,8288038,MeerKAT:array_1:20250705T194745Z,ex_LEDA_953069,34,599.94332498312,0.0020371711372487,10.222163,4,0.0625,-1,0.9104114580731854,pruned
uhf_long,112342,34634932,MeerKAT:array_1:20250705T182441Z,Gaia_6024476001064533248,30,650.0217143297195,0.022408882509735703,11.386779,3,0.046875,-1,0.9105294164460386,pruned
uhf_long,87713,33367278,MeerKAT:array_1:20250718T054018Z,Gaia_4669776280036326528,58,613.1961079239845,-0.024446053646984402,70.17071,3,0.046875,-1,0.9106436212053338,pruned
uhf_long,78421,13615425,MeerKAT:array_1:20250729T031818Z,Gaia_4668949584729837440,8,599.9701920747757,-0.014260197960740902,175.19324,3,0.046875,-1,0.9106798592517905,pruned
uhf_long,109018,34499911,MeerKAT:array_1:20250715T141354Z,ex_ESO_448-15,31,643.2649949193001,0.028520395921481805,13.9090605,1,0.015625,0,0.9107580768384872,pruned
uhf_long,110836,34596019,MeerKAT:array_1:20250729T055516Z,Gaia_4669784182776232576,30,640.018218100071,-0.038706251607725305,10.219469,2,0.03125,0,0.9108963285994317,pruned
lband_short,24484,682034,MeerKAT:array_1:20250711T085603Z,ex_LEDA_545342,34,870.2323538064957,-0.2972720635960235,9960.706,1,0.015625,0,0.9110055781538037,pruned
lband_short,19800,441774,MeerKAT:array_1:20250708T101552Z,Gaia_2973923939453138944,52,875.0032314956188,-0.27677054196871154,21.191805,3,0.046875,-1,0.9110138875476071,pruned
uhf_long,111017,34605206,MeerKAT:array_1:20250702T175345Z,ex_LEDA_184492,38,647.2499414086342,-0.040743422744974,140.01129,3,0.046875,-1,0.9110229039120943,pruned
uhf_long,91591,33456007,MeerKAT:array_1:20250704T054305Z,Gaia_6440693585118612608,28,626.6923625469208,-0.0264832247842331,39.62429,3,0.046875,-1,0.9113041555027981,pruned
uhf_long,125247,35005185,MeerKAT:array_1:20250715T124827Z,ex_2dFGRS_TGN261Z265,60,655.9974479675293,-0.07741250321545061,29.67424,4,0.0625,-1,0.9113108997849645,pruned
sband_long,20098,322941,MeerKAT:array_1:20250720T164552Z,Gaia_6440706263862054016,17,2190.6383431050926,-0.005270427227360091,25.205992,4,0.0625,-1,0.9113470099583388,pruned
lband_short,56963,1250983,MeerKAT:array_1:20250703T011955Z,Gaia_6891321588173546880,16,919.7943618893623,-0.03075228244096795,10.597101,3,0.046875,-1,0.9113533580885859,pruned
uhf_long,2022,57599,MeerKAT:array_1:20250705T174237Z,Gaia_6120562627136506496,51,551.9478845596313,0.0101858556862435,29.3864,2,0.03125,0,0.9114066473148598,pruned
lband_short,12803,409729,MeerKAT:array_1:20250701T141247Z,ex_2MASX_J13381185-1257006,41,879.9947966337204,-0.13325989057752777,146.3049,4,0.0625,-1,0.9115177287746182,pruned
lband_short,24584,682141,MeerKAT:array_1:20250711T085603Z,ex_PGC0130374,38,870.3961984366179,-0.25626902034139953,16.781216,2,0.03125,0,0.911791999775605,pruned
uhf_long,32984,988403,MeerKAT:array_1:20250715T141354Z,Gaia_6210682865054712192,51,567.69517993927,0.038706251607725305,24.128717,1,0.015625,0,0.9118329175240638,pruned
lband_short,19102,440453,MeerKAT:array_1:20250708T094824Z,Gaia_2973726817634356224,48,874.9887365847826,-0.1127583689502158,13.0554905,3,0.046875,-1,0.9122375331472051,pruned
lband_short,20555,443084,MeerKAT:array_1:20250708T112920Z,ex_ATO_J072.0068-21.7529,63,879.9964978843927,0.15376141220483974,38.056194,2,0.03125,0,0.9122480867507868,pruned
uhf_short,17344,1062176,MeerKAT:array_1:20250702T012148Z,Gaia_2682541366542086528,54,576.0444222688675,0.03422447510577816,20.610088,1,0.015625,0,0.9128237272465505,pruned
lband_short,19230,440764,MeerKAT:array_1:20250708T094824Z,Gaia_2973929677529390976,21,879.2238574326038,-0.4202811933598953,18.901073,2,0.03125,0,0.9129947135323718,pruned
uhf_short,29856,1127951,MeerKAT:array_1:20250715T002705Z,Gaia_2682101321372939648,57,575.9986666440964,0.2310152069640026,58.61223,3,0.046875,-1,0.913396927583306,pruned
lband_short,24600,682157,MeerKAT:array_1:20250711T085603Z,ex_LEDA_546122,39,870.162790670991,-0.2972720635960235,37.331333,2,0.03125,0,0.913430329942566,pruned
lband_short,2129,14860,MeerKAT:array_1:20250702T222259Z,Gaia_6891223388041161856,55,864.0010329335928,-0.09225684732290385,14.305621,3,0.046875,-1,0.9135214962133487,pruned
lband_short,24282,681805,MeerKAT:array_1:20250711T085603Z,ex_LEDA_551328,24,870.3387130647898,-0.33827510685064743,10.089411,4,0.0625,-1,0.913689042014123,pruned
uhf_long,103665,33700735,MeerKAT:array_1:20250704T054305Z,Gaia_6440684617226829184,44,633.7494857311249,0.022408882509735703,17.737091,1,0.015625,0,0.9137424955871872,pruned
uhf_long,81090,32726017,MeerKAT:array_1:20250729T055516Z,Gaia_4669841799760636416,56,608.0173100829124,-0.05092927843121751,167.01445,1,0.015625,0,0.9138625285091148,pruned
lband_short,18692,438909,MeerKAT:array_1:20250708T094824Z,Gaia_2973935724843363072,2,870.3420757055283,-0.2972720635960235,27.96953,2,0.03125,0,0.9139106604894426,pruned
uhf_long,20888,417780,MeerKAT:array_1:20250704T054305Z,Gaia_6441456641891280896,48,552.9638284444809,0.0529664495684662,15.779671,1,0.015625,0,0.9140151743647277,pruned
lband_short,24488,682038,MeerKAT:array_1:20250711T085603Z,ex_LEDA_545342,34,870.3019169420004,-0.2972720635960235,23.392115,2,0.03125,0,0.9140507864654918,pruned
lband_short,24668,682231,MeerKAT:array_1:20250711T085603Z,ex_6dFGS_gJ044108.0-431332,42,870.2651256024837,-0.33827510685064743,303.23807,2,0.03125,0,0.9140631648607568,pruned
uhf_long,81998,33180345,MeerKAT:array_1:20250705T060310Z,Gaia_6441089512383572736,50,613.1956762671471,-0.06926381866645581,24.320492,3,0.046875,-1,0.9140660060528607,pruned
lband_short,18717,439549,MeerKAT:array_1:20250708T094824Z,Gaia_2973618240861321856,44,870.2972341179848,-0.3075228244096795,10.473623,4,0.0625,-1,0.9141198621345714,pruned
lband_short,26131,684089,MeerKAT:array_1:20250711T092345Z,Gaia_4814700704373814784,2,870.1211172044277,-0.1742629338321517,27.79302,2,0.03125,0,0.9142179334193323,pruned
uhf_long,117020,34829238,MeerKAT:array_1:20250715T130947Z,ex_ASASSN-V_J161059.30-604211.3,8,648.7545583248138,-0.0631523052547097,17.045132,1,0.015625,0,0.9143030041927279,pruned
lband_long,275683,35841177,MeerKAT:array_1:20240319T020710Z,Gaia_2543037354139398912,26,1525.0543867498636,0.015132075486825495,16.21176,3,0.046875,-1,0.9145552243025447,pruned
uhf_long,125234,35005145,MeerKAT:array_1:20250715T124827Z,ex_[VV2006]_J131712.9-014118,20,655.9974469542503,-0.055003620705714906,40.52833,3,0.046875,-1,0.9148242044150348,pruned
lband_short,18711,439241,MeerKAT:array_1:20250708T094824Z,Gaia_2973830515324686976,24,870.2684882432222,-0.3485258676643034,338.3808,2,0.03125,0,0.9148811395949109,pruned
uhf_long,71572,11382958,MeerKAT:array_1:20250715T124827Z,ex_[VV2006]_J131627.2-021904,15,602.6509847044945,-0.05092927843121751,10.710435,2,0.03125,0,0.9151248881642379,pruned
uhf_short,24897,1115975,MeerKAT:array_1:20250713T161348Z,Gaia_1468198359270628864,10,576.0004753470421,-0.11122954409377903,22.662113,3,0.046875,-1,0.9153006326328768,pruned
lband_short,31761,698368,MeerKAT:array_1:20250713T113750Z,Gaia_5096257014881405312,8,869.9943764209747,0.2357674987140876,13.616424,1,0.015625,0,0.9155948618652546,pruned
lband_short,18748,439886,MeerKAT:array_1:20250708T094824Z,ex_LEDA_820867,10,871.9704532176256,-0.08200608650924786,19.180048,2,0.03125,0,0.9159315134035665,pruned
lband_short,20548,443072,MeerKAT:array_1:20250708T112920Z,Gaia_2973935003288858624,58,879.9964978843927,0.15376141220483974,38.08103,2,0.03125,0,0.915952554742581,pruned
uhf_long,242613,35450833,MeerKAT:array_1:20250719T053812Z,Gaia_4669681893834902144,6,673.8900950551033,-0.0040743422744974,14.469223,2,0.03125,0,0.9160368065657855,pruned
sband_long,20159,323002,MeerKAT:array_1:20250720T164552Z,Gaia_6441452110702440448,32,2190.6478807795793,-0.005270427227360091,16.304752,4,0.0625,-1,0.9161263209891732,pruned
lband_short,12825,409751,MeerKAT:array_1:20250701T141247Z,Gaia_3610209183846115712,63,879.9947966337204,-0.13325989057752777,144.23007,4,0.0625,-1,0.9162606757160552,pruned
lband_short,33337,735209,MeerKAT:array_1:20250719T113106Z,Gaia_2992964182313997696,35,879.993481233716,-0.15376141220483974,59.18911,3,0.046875,-1,0.9162996914886391,pruned
lband_long,23919,692332,MeerKAT:array_1:20250712T092209Z,Gaia_4669714191989054848,46,875.0456957966089,0.12610062905687913,15.006153,4,0.0625,-1,0.9163637284312341,pruned
uhf_short,88520,34914818,MeerKAT:array_1:20250731T233401Z,Gaia_2537260489982701440,22,647.9836972355843,-0.02566835632933362,22.012726,4,0.0625,-1,0.9163883268765993,pruned
uhf_long,109060,34500006,MeerKAT:array_1:20250715T141354Z,Gaia_6210673003810108544,62,643.9959318041801,-0.040743422744974,13.490801,1,0.015625,0,0.9164050333381119,pruned
lband_short,24720,682283,MeerKAT:array_1:20250711T085603Z,ex_2MFGC_3840,44,870.265120819211,-0.26651978115505554,218.93536,2,0.03125,0,0.9164445342585292,pruned
lband_short,60774,1447707,MeerKAT:array_1:20250720T121928Z,ex_LEDA_105233,36,919.7910120040178,-0.0615045648819359,17.511993,4,0.0625,-1,0.9164765036981265,pruned
lband_short,8451,322156,MeerKAT:array_1:20250720T121928Z,ex_LEDA_946778,28,863.9588157683611,-0.1845136946458077,10.234794,4,0.0625,-1,0.9164954253418979,pruned
uhf_long,96630,33537460,MeerKAT:array_1:20250715T124827Z,ex_[VV2006]_J131758.7-014439,29,621.317156791687,0.081486845489948,11.0570545,2,0.03125,0,0.9165098548949357,pruned
lband_short,26487,684503,MeerKAT:array_1:20250711T092345Z,Gaia_4790703386357613184,34,870.121112421155,-0.04100304325462393,20.842892,4,0.0625,-1,0.9165799493548319,pruned
uhf_long,136891,35521082,MeerKAT:array_1:20250723T012407Z,Gaia_4655384252655839488,10,676.5383573770523,-0.0529664495684662,12.1861105,3,0.046875,-1,0.9166663900358756,pruned
uhf_long,81986,33180333,MeerKAT:array_1:20250705T060310Z,Gaia_6440615829030514432,38,613.1961626410484,-0.0733381609409532,14.030803,1,0.015625,0,0.9166895309312871,pruned
lband_short,24789,682355,MeerKAT:array_1:20250711T085603Z,Gaia_4814711458972055680,47,870.1995804160833,-0.25626902034139953,375.9365,1,0.015625,0,0.9167454075438101,pruned
uhf_long,96633,33537524,MeerKAT:array_1:20250715T124827Z,ex_2dFGRS_TGN261Z260,61,621.3171669244766,-0.0835240166271967,13.088466,2,0.03125,0,0.9168054805777643,pruned
lband_short,23760,681216,MeerKAT:array_1:20250711T085603Z,Gaia_4814711016591606912,63,869.9748032689095,-0.3587766284779594,23.07489,2,0.03125,0,0.9169595157208751,pruned
uhf_short,164671,12888533,MeerKAT:array_1:20250723T211918Z,J2130+0502,0,600.0007545948029,0.01711223755288908,16.789627,4,0.0625,-1,0.9169601529854314,pruned
uhf_long,65295,7857790,MeerKAT:array_1:20250704T054305Z,Gaia_6440702003254489088,8,602.1161882281303,0.0468549361567201,10.935473,3,0.046875,-1,0.9169733884113983,pruned
lband_short,24787,682353,MeerKAT:array_1:20250711T085603Z,Gaia_4814711458972055680,47,870.1587711274624,-0.3587766284779594,416.11334,3,0.046875,-1,0.9169877348716963,pruned
uhf_short,55184,33197741,MeerKAT:array_1:20250710T050136Z,Gaia_2700571982848251008,38,613.22326785326,0.05133671265866724,27.305702,3,0.046875,-1,0.9171141523533329,pruned
uhf_long,22850,700742,MeerKAT:array_1:20250713T194539Z,Gaia_6024227300963609216,21,559.2504006028175,0.014260197960740902,12.05771,1,0.015625,0,0.9173419447507811,pruned
lband_long,17798,408717,MeerKAT:array_1:20250701T095804Z,Gaia_4669681996914100864,25,879.9420291632414,-0.12105660389460396,14.884482,2,0.03125,0,0.9174111574217999,pruned
uhf_long,24010,705058,MeerKAT:array_1:20250715T130947Z,ex_ASASSN-V_J160746.95-595421.6,44,559.2503418326378,0.0366690804704766,14.3257675,1,0.015625,0,0.9176618235152375,pruned
uhf_short,24978,1116085,MeerKAT:array_1:20250713T161348Z,Gaia_1468316281893142400,21,576.0004753470421,-0.11122954409377903,23.461245,3,0.046875,-1,0.9177126094302556,pruned
lband_short,24641,682203,MeerKAT:array_1:20250711T085603Z,ex_LEDA_550336,40,870.60029271245,-0.33827510685064743,12.697824,4,0.0625,-1,0.9179070489209821,pruned
lband_short,23958,681420,MeerKAT:array_1:20250711T085603Z,ex_QSO_J0441-4313,8,870.3019169420004,-0.2972720635960235,30.935717,2,0.03125,0,0.9179659219172992,pruned
lband_long,55105,1241934,MeerKAT:array_1:20250701T095804Z,Gaia_4669713539154051968,49,917.5667853951454,-0.10592452840777847,13.625499,2,0.03125,0,0.9179782005282466,pruned
uhf_long,66965,8288050,MeerKAT:array_1:20250705T194745Z,ex_LEDA_962350,38,599.9433290362358,-0.030557567058730504,11.287392,3,0.046875,-1,0.9181976349786983,pruned
lband_short,26422,684419,MeerKAT:array_1:20250711T092345Z,Gaia_4814724382529799808,27,870.4154622703791,-0.09225684732290385,12.3988905,4,0.0625,-1,0.9182155275657967,pruned
uhf_long,121966,34879503,MeerKAT:array_1:20250723T033528Z,Gaia_4658254875746622336,48,650.0218541622162,0.024446053646984402,15.957622,1,0.015625,0,0.9183382552202127,pruned
uhf_long,88104,33374432,MeerKAT:array_1:20250722T002453Z,Gaia_6441458570333527680,46,613.1959680914879,0.044817765019471406,40.880226,2,0.03125,0,0.9183575616875249,pruned
lband_long,17799,408718,MeerKAT:array_1:20250701T095804Z,Gaia_4669681996914100864,25,879.9681522101164,-0.12105660389460396,17.63434,2,0.03125,0,0.9184574749100708,pruned
lband_short,18669,438641,MeerKAT:array_1:20250708T092055Z,Gaia_2973621711194831360,53,879.9704673141241,-0.21526597708677564,14.789557,1,0.015625,0,0.9185831514926289,pruned
lband_short,18312,437800,MeerKAT:array_1:20250708T092055Z,Gaia_2973728707419862784,13,875.0041610449553,-0.1742629338321517,13.538074,1,0.015625,0,0.9186541426759017,pruned
lband_long,29193,770079,MeerKAT:array_1:20250731T130553Z,Gaia_5422845331643836800,29,875.9855514913797,0.09079245292095298,11.321683,4,0.0625,-1,0.9186788964861871,pruned
lband_short,19034,440351,MeerKAT:array_1:20250708T094824Z,Gaia_2973665829098717952,30,874.9887605011463,-0.39977967173258333,13.316866,2,0.03125,0,0.9187356019872378,pruned
uhf_long,91128,33415489,MeerKAT:array_1:20250702T181451Z,Gaia_5820166056060793856,63,625.0208545327187,0.028520395921481805,10.269461,3,0.046875,-1,0.918810110688673,pruned
uhf_long,111974,34634305,MeerKAT:array_1:20250705T180344Z,Gaia_5820200274044018688,28,647.249946475029,-0.020371711372487,384.6358,2,0.03125,0,0.9188166089243209,pruned
lband_short,24797,682363,MeerKAT:array_1:20250711T085603Z,Gaia_4814711458972055680,47,870.3387162536383,-0.37927815010527133,12.055746,1,0.015625,0,0.9188260410123457,pruned
uhf_long,41857,1122769,MeerKAT:array_1:20250713T211114Z,Gaia_4189315949542637312,16,575.9993333816528,0.0183345402352383,12.397078,1,0.015625,0,0.9188296330719091,pruned
lband_short,4610,241481,MeerKAT:array_1:20250712T072515Z,ex_2dFGRS_TGS138Z230,5,860.2017607092857,0.05125380406827991,16.580982,1,0.015625,0,0.9188494650992803,pruned
uhf_long,44306,1133470,MeerKAT:array_1:20250715T141354Z,ex_LEDA_702371,36,571.3815131187439,0.028520395921481805,18.983452,1,0.015625,0,0.9188742373282234,pruned
lband_short,24485,682035,MeerKAT:array_1:20250711T085603Z,ex_LEDA_545342,34,870.2651192247868,-0.2460182595277436,207.62367,3,0.046875,-1,0.9191810167403933,pruned
uhf_long,67016,8288101,MeerKAT:array_1:20250705T194745Z,Gaia_4189428890001133440,55,599.9433290362358,-0.030557567058730504,12.206273,3,0.046875,-1,0.9191945422563698,pruned
uhf_long,81921,33169051,MeerKAT:array_1:20250704T054305Z,Gaia_6440693138442023936,31,619.319512784481,-0.040743422744974,12.217174,4,0.0625,-1,0.9192113297192726,pruned
lband_short,13049,410116,MeerKAT:array_1:20250701T144521Z,Gaia_3610241898612892544,40,879.9947328567505,-0.03075228244096795,56.894855,3,0.046875,-1,0.9193084056313962,pruned
uhf_long,64948,7199376,MeerKAT:array_1:20250702T185632Z,ex_PN_M_2-15,1,599.2500374913216,0.024446053646984402,200.5985,1,0.015625,0,0.9194257194359534,pruned
lband_short,24144,681650,MeerKAT:array_1:20250711T085603Z,ex_LEDA_549179,18,870.1627922654152,-0.31777358522333543,23.089405,1,0.015625,0,0.919609534476106,pruned
uhf_long,65298,7857793,MeerKAT:array_1:20250704T054305Z,Gaia_6440702862247948160,10,602.1161882281303,0.040743422744974,13.406007,1,0.015625,0,0.9196521248805741,pruned
lband_short,23809,681268,MeerKAT:array_1:20250711T085603Z,Gaia_4814724245090845952,2,870.2651224136353,-0.2870213027823675,268.27798,4,0.0625,-1,0.9196843026745829,pruned
lband_short,57997,1417124,MeerKAT:array_1:20250712T065251Z,Gaia_2323445129518134144,11,920.0909327715635,-0.08200608650924786,10.49379,3,0.046875,-1,0.9198052447783691,pruned
uhf_long,23981,705021,MeerKAT:array_1:20250715T130947Z,ex_BW_Nor,7,559.2503428459167,0.048892107293968805,16.768816,1,0.015625,0,0.9200048524199932,pruned
lband_long,23658,692071,MeerKAT:array_1:20250712T092209Z,Gaia_4668955288447797760,25,869.9956152886152,-0.1462767297059798,231.08826,4,0.0625,-1,0.9200150077880307,pruned
uhf_long,121355,34878557,MeerKAT:array_1:20250723T022503Z,ex_BSDL_1807,35,650.0219585299492,0.034631909333227906,12.326646,3,0.046875,-1,0.9201720022163257,pruned
uhf_long,138847,35528550,MeerKAT:array_1:20250729T055516Z,Gaia_4669766762388747776,26,672.0191342234612,-0.0631523052547097,27.460464,4,0.0625,-1,0.9202313126577119,pruned
sband_short,21048,348131,MeerKAT:array_1:20250724T183832Z,Gaia_6103244322566873728,7,2191.047560190782,-0.021421736472495855,13.786273,3,0.046875,-1,0.9203174754612993,pruned
lband_short,20483,442941,MeerKAT:array_1:20250708T112920Z,Gaia_2973937236671855232,9,879.9965090453625,-0.15376141220483974,30.943922,2,0.03125,0,0.92043620395905,pruned
sband_short,21223,348316,MeerKAT:array_1:20250724T183832Z,ex_CRTS_J142845.8-420801,63,2191.047560190782,-0.021421736472495855,12.064059,3,0.046875,-1,0.9206453927031828,pruned
lband_long,23649,692062,MeerKAT:array_1:20250712T092209Z,Gaia_4669727214329905920,16,869.994365260005,-0.17654088067963078,198.82262,1,0.015625,0,0.9206495655219706,pruned
uhf_short,25267,1116465,MeerKAT:array_1:20250713T161348Z,Gaia_1468180217328800512,58,576.0004621744156,0.05989283143511178,22.98897,2,0.03125,0,0.9208533299466118,pruned
uhf_short,25305,1116516,MeerKAT:array_1:20250713T161348Z,Gaia_1468246256745913600,63,576.0004581212997,0.1283417816466681,22.610718,4,0.0625,-1,0.9210779889399843,pruned
lband_long,60957,1423095,MeerKAT:array_1:20250713T100933Z,Gaia_3394160444684497024,62,919.7910263538361,0.09583647808322814,16.384342,3,0.046875,-1,0.9211637221352779,pruned
uhf_long,89572,33377339,MeerKAT:array_1:20250723T033528Z,Gaia_4661293891501785600,25,613.1959751844406,0.038706251607725305,50.55304,2,0.03125,0,0.9212227224223891,pruned
lband_short,23963,681425,MeerKAT:array_1:20250711T085603Z,ex_QSO_J0441-4313,8,870.3634298294783,-0.26651978115505554,19.606663,4,0.0625,-1,0.9212464900881451,pruned
uhf_long,64662,7199007,MeerKAT:array_1:20250702T183548Z,ex_ASASSN-V_J163502.12-324818.4,32,599.2500374913216,0.034631909333227906,41.733906,1,0.015625,0,0.9214001924050604,pruned
uhf_long,66883,8287966,MeerKAT:array_1:20250705T194745Z,ex_GALEX_J195605.8-115818,10,599.9433310627937,-0.040743422744974,19.490019,4,0.0625,-1,0.9214409051273807,pruned
lband_short,24717,682280,MeerKAT:array_1:20250711T085603Z,ex_2MFGC_3840,44,870.1955640614033,-0.3587766284779594,592.5041,4,0.0625,-1,0.9215312671410115,pruned
uhf_long,125231,35005134,MeerKAT:array_1:20250715T124827Z,ex_[VV2006]_J131600.8-021819,9,655.9974479675293,-0.0713009898037045,42.640575,3,0.046875,-1,0.9215870527542962,pruned
lband_short,26289,684266,MeerKAT:array_1:20250711T092345Z,Gaia_4814702250562055168,15,870.4154606759548,-0.04100304325462393,10.817131,2,0.03125,0,0.9216232218560583,pruned
lband_long,23509,691783,MeerKAT:array_1:20250712T060917Z,Gaia_4669703849707801344,3,872.4540277421474,-0.035308176135926156,12.035314,2,0.03125,0,0.9216788040377683,pruned
lband_short,23450,680836,MeerKAT:array_1:20250711T085603Z,ex_LEDA_551328,24,869.8644212782383,-0.33827510685064743,21.518204,4,0.0625,-1,0.9218175241299753,pruned
lband_short,88062,2637502,MeerKAT:array_1:20250708T101552Z,Gaia_2973619340372949504,12,923.968422666192,-0.20501521627311964,13.569944,2,0.03125,0,0.9218322613759207,pruned
sband_short,18717,34231569,MeerKAT:array_1:20250727T160434Z,ex_ASASSN-V_J172732.90-552549.1,36,2106.294932309538,-0.03213260470874378,10.523961,2,0.03125,0,0.9219197420828923,pruned
lband_long,275663,35841132,MeerKAT:array_1:20240319T020710Z,Gaia_2531018012715958656,21,1525.054396316409,-0.025220125811375827,20.533087,1,0.015625,0,0.922201862164426,pruned
lband_short,1979,14675,MeerKAT:array_1:20250702T222259Z,Gaia_6891291214164730880,19,864.0010329335928,-0.09225684732290385,12.799883,3,0.046875,-1,0.9224822188411482,pruned
lband_short,12821,409747,MeerKAT:array_1:20250701T141247Z,Gaia_3607208273017261824,59,879.9947966337204,-0.13325989057752777,150.21231,4,0.0625,-1,0.9226419504911355,pruned
lband_short,455476,683371,MeerKAT:array_1:20250711T085603Z,ex_LEDA_548218,37,876.561451151967,-0.020501521627311965,13.56092,3,0.046875,-1,0.9227109224002769,pruned
lband_short,21615,445158,MeerKAT:array_1:20250708T131910Z,Gaia_2973936102800486912,10,874.9923718720675,-0.16401217301849572,33.227364,4,0.0625,-1,0.9227316437886187,pruned
uhf_long,23330,702637,MeerKAT:array_1:20250714T160406Z,Gaia_6143887426290855680,22,559.2503772974014,-0.0183345402352383,13.329244,4,0.0625,-1,0.9227396557407458,pruned
uhf_long,87471,33364547,MeerKAT:array_1:20250717T054309Z,Gaia_4669828609917695360,41,613.1961981058121,-0.024446053646984402,45.545643,2,0.03125,0,0.9230546750708237,pruned
lband_long,18582,418156,MeerKAT:array_1:20250704T110253Z,Gaia_4668958793141139328,8,874.9921103864908,-0.20176100649100662,19.457277,2,0.03125,0,0.9230657519890914,pruned
uhf_long,21049,417960,MeerKAT:array_1:20250704T054305Z,Gaia_6440630809876553856,30,560.3366974592209,0.044817765019471406,10.48188,4,0.0625,-1,0.9230772781529274,pruned
lband_short,26128,684086,MeerKAT:array_1:20250711T092345Z,Gaia_4790694929566249088,1,870.341887563467,-0.25626902034139953,13.633679,1,0.015625,0,0.9231041554675352,pruned
uhf_long,98680,33544580,MeerKAT:array_1:20250716T022312Z,Gaia_4669750063555886080,8,625.0286588072777,0.022408882509735703,18.062849,4,0.0625,-1,0.9232253436879172,pruned
uhf_long,58443,4543801,MeerKAT:array_1:20250715T124827Z,ex_[VV2006]_J131908.3-014326,38,591.9976949691772,0.014260197960740902,95.039375,4,0.0625,-1,0.9233115763756957,pruned
lband_short,26056,684006,MeerKAT:array_1:20250711T092345Z,Gaia_4814721010979139712,41,870.0107320249081,-0.04100304325462393,13.7807255,3,0.046875,-1,0.9234026646272377,pruned
uhf_short,19670,1081534,MeerKAT:array_1:20250707T024904Z,Gaia_2682595380050875136,41,576.0466372966766,-0.0855611877644454,25.398638,2,0.03125,0,0.9235037003320397,pruned
lband_short,8499,322204,MeerKAT:array_1:20250720T121928Z,Gaia_3607217794959970688,43,863.9588173627853,-0.20501521627311964,10.620598,3,0.046875,-1,0.923591457027223,pruned
uhf_long,125233,35005140,MeerKAT:array_1:20250715T124827Z,ex_[VV2006]_J131627.2-021904,15,655.9974459409714,0.0101858556862435,40.41365,2,0.03125,0,0.923609062935101,pruned
uhf_short,7061,385137,MeerKAT:array_1:20250730T211442Z,Gaia_2682777761542013952,13,551.9998242259026,0.24812744451689167,97.345894,3,0.046875,-1,0.9236842471881933,pruned
uhf_long,91602,33456018,MeerKAT:array_1:20250704T054305Z,Gaia_6441460838075973888,39,626.6923595070839,0.0325947381959792,22.297503,1,0.015625,0,0.9237183217499473,pruned
uhf_short,181738,33516894,MeerKAT:array_1:20250712T222705Z,Gaia_2682777727182275456,21,623.9690162539482,-0.01711223755288908,62.173767,4,0.0625,-1,0.9237578850164961,pruned
uhf_long,58128,4543102,MeerKAT:array_1:20250715T124827Z,ex_2dFGRS_TGN261Z280,52,586.6513960361481,0.0366690804704766,10.524976,1,0.015625,0,0.923830998491595,pruned
uhf_long,95191,33530383,MeerKAT:array_1:20250713T200741Z,Gaia_4124096665066280832,26,625.0213236808777,0.05092927843121751,20.93341,1,0.015625,0,0.9240968081867745,pruned
lband_short,19701,441646,MeerKAT:array_1:20250708T101552Z,Gaia_2973928784176191232,24,875.0032299011946,-0.25626902034139953,14.354673,4,0.0625,-1,0.9242115391319968,pruned
uhf_long,89600,33377367,MeerKAT:array_1:20250723T033528Z,Gaia_4658399255335657600,53,613.1959772109985,0.020371711372487,30.502918,4,0.0625,-1,0.9242831314531447,pruned
uhf_long,115178,34807149,MeerKAT:array_1:20250713T200741Z,Gaia_4124148823155585152,3,650.0221804380417,0.034631909333227906,12.085039,4,0.0625,-1,0.9245581519301336,pruned
uhf_long,106627,33912534,MeerKAT:array_1:20250723T012407Z,Gaia_4655482766341128704,38,629.3928269743919,-0.048892107293968805,12.650734,3,0.046875,-1,0.9245694485504087,pruned
lband_short,23337,680698,MeerKAT:array_1:20250711T085603Z,ex_ASASSN-V_J044053.36-432617.8,9,870.0685012042522,-0.2460182595277436,11.240397,4,0.0625,-1,0.9246609600629443,pruned
lband_short,12768,409694,MeerKAT:array_1:20250701T141247Z,ex_2MASX_J13380283-1242156,6,879.9947966337204,-0.13325989057752777,139.58498,4,0.0625,-1,0.9247168803020276,pruned
lband_short,11751,405415,MeerKAT:array_1:20250701T065749Z,ex_LBQS_0056-0009,57,879.9951171129942,-0.39977967173258333,19.736559,1,0.015625,0,0.9248137648783067,pruned
uhf_long,94186,33495628,MeerKAT:array_1:20250710T060816Z,Gaia_5599212769181485184,49,623.9902525544167,0.05704079184296361,97.57791,2,0.03125,0,0.9248855996403688,pruned
uhf_long,65301,7857796,MeerKAT:array_1:20250704T054305Z,Gaia_6440673446016327424,13,602.116171002388,0.048892107293968805,10.97246,4,0.0625,-1,0.9250727534119737,pruned
uhf_long,81975,33180322,MeerKAT:array_1:20250705T060310Z,Gaia_6441086523086399360,27,613.1956752538681,-0.05092927843121751,23.270681,3,0.046875,-1,0.925175582123614,pruned
uhf_long,51904,1429671,MeerKAT:array_1:20250715T124827Z,ex_[VV2006]_J131709.6-020414,19,578.6516093015671,-0.055003620705714906,13.085072,2,0.03125,0,0.9252099686565901,pruned
lband_short,26589,684610,MeerKAT:array_1:20250711T092345Z,Gaia_4790681945880897920,42,870.121118798852,-0.20501521627311964,15.796334,1,0.015625,0,0.9252101949276397,pruned
uhf_short,171631,33197609,MeerKAT:array_1:20250710T030814Z,Gaia_2699215288579160192,58,613.2232749462128,0.01711223755288908,71.95692,4,0.0625,-1,0.9252447455891148,pruned
lband_short,25718,683594,MeerKAT:array_1:20250711T085603Z,ex_LEDA_545279,21,879.9774795919657,-0.3587766284779594,41.89541,3,0.046875,-1,0.9253086803579287,pruned
uhf_short,24470,1115362,MeerKAT:array_1:20250713T154120Z,Gaia_1468184821533773568,38,576.0004652142525,-0.24812744451689167,26.782183,3,0.046875,-1,0.9254987350506687,pruned
uhf_long,89581,33377348,MeerKAT:array_1:20250723T033528Z,Gaia_4658250821295243264,34,613.1959751844406,0.038706251607725305,93.661545,2,0.03125,0,0.9255625898871679,pruned
uhf_long,102386,33646386,MeerKAT:array_1:20250728T151003Z,ex_V1796_Cen,35,623.9703061580658,0.028520395921481805,45.658928,3,0.046875,-1,0.925767207663464,pruned
uhf_long,134101,35418858,MeerKAT:array_1:20250715T135202Z,ex_2MASX_J15353845-3314022,48,678.3023352026939,0.0081486845489948,14.279846,2,0.03125,0,0.9257949561563658,pruned
lband_short,20551,443077,MeerKAT:array_1:20250708T112920Z,Gaia_2973620027567704448,60,879.9965154230595,-0.39977967173258333,50.210278,2,0.03125,0,0.9259594385452333,pruned
lband_long,11044,316182,MeerKAT:array_1:20250719T103545Z,Gaia_4668955872563377280,30,864.0189526677132,-0.18158490584190595,20.810799,2,0.03125,0,0.9259639363654234,pruned
lband_short,24420,681962,MeerKAT:array_1:20250711T085603Z,ex_PGC0549578,31,870.1955656558275,-0.3587766284779594,811.5011,4,0.0625,-1,0.9259676449863231,pruned
uhf_short,171689,33197677,MeerKAT:array_1:20250710T050136Z,ex_UGC_11807,6,613.2232729196548,-0.00855611877644454,42.134235,4,0.0625,-1,0.9262416909058828,pruned
lband_short,23486,680884,MeerKAT:array_1:20250711T085603Z,ex_ESO_251-19,29,870.0115993916988,-0.37927815010527133,45.352005,3,0.046875,-1,0.9263107386111851,pruned
uhf_long,87216,33360279,MeerKAT:array_1:20250715T143518Z,Gaia_6272513725346571648,41,619.319512784481,0.048892107293968805,46.760563,4,0.0625,-1,0.9264022502823518,pruned
uhf_long,31919,986507,MeerKAT:array_1:20250715T124827Z,ex_[VV2006]_J131702.2-012952,17,563.9722045660019,0.0631523052547097,15.644092,1,0.015625,0,0.9267527853694318,pruned
uhf_long,51898,1429637,MeerKAT:array_1:20250715T124827Z,ex_ATO_J199.0886-01.7543,2,578.6516093015671,-0.048892107293968805,12.901965,4,0.0625,-1,0.9267600138150096,pruned
lband_long,57877,1267217,MeerKAT:array_1:20250708T083640Z,ex_LEDA_312357,6,919.9956818670034,-0.14123270454370462,27.04372,3,0.046875,-1,0.9268103675685093,pruned
lband_long,20525,436280,MeerKAT:array_1:20250708T083640Z,Gaia_4669723709636594048,13,879.9958617091179,-0.0857484277586778,136.35532,1,0.015625,0,0.9269916690306989,pruned
uhf_long,124027,34920554,MeerKAT:array_1:20250702T175345Z,ex_CRTS_J140802.1-372540,16,658.6234637498856,0.05092927843121751,14.737458,3,0.046875,-1,0.9271859463360276,pruned
uhf_long,115221,34807237,MeerKAT:array_1:20250713T200741Z,Gaia_4148149512709554816,47,650.0221814513206,0.024446053646984402,10.4183,2,0.03125,0,0.927195621297913,pruned
uhf_long,136909,35521100,MeerKAT:array_1:20250723T012407Z,Gaia_4655481048352687616,42,676.5383573770523,-0.0529664495684662,10.036175,3,0.046875,-1,0.9272004815324977,pruned
sband_long,20255,323098,MeerKAT:array_1:20250720T164552Z,Gaia_6441452110702440064,55,2190.6478807795793,-0.005270427227360091,17.155323,4,0.0625,-1,0.9275779239775122,pruned
uhf_short,28663,1124124,MeerKAT:array_1:20250714T001713Z,Gaia_2682553598608961152,39,576.0457273721695,-0.1454540191995572,16.336603,2,0.03125,0,0.9277454208414965,pruned
uhf_short,24889,1115965,MeerKAT:array_1:20250713T161348Z,Gaia_1456207910090758656,9,576.0004581212997,0.11978566287022356,23.208256,4,0.0625,-1,0.9278468002431413,pruned
lband_short,24492,682042,MeerKAT:array_1:20250711T085603Z,ex_LEDA_545342,34,870.3427405804396,-0.37927815010527133,78.23363,2,0.03125,0,0.9279989787672546,pruned
lband_long,62370,1440806,MeerKAT:array_1:20250719T103545Z,Gaia_4668961816798136192,40,919.9936107099056,0.14123270454370462,10.192735,3,0.046875,-1,0.9280903012392248,pruned
lband_short,4642,241514,MeerKAT:array_1:20250712T072515Z,Gaia_2323474988130797312,38,860.2017591148615,0.07175532569559187,15.207323,3,0.046875,-1,0.928141465606356,pruned
uhf_long,64975,7199419,MeerKAT:array_1:20250702T185632Z,ex_ASASSN-V_J174407.99-162223.3,44,599.2500445842743,-0.014260197960740902,168.85104,2,0.03125,0,0.9281874179966828,pruned
lband_short,12438,406322,MeerKAT:array_1:20250701T080259Z,Gaia_2536495397393094016,40,879.9942896068096,-0.3690273892916154,63.44996,4,0.0625,-1,0.9282781727880882,pruned
lband_short,27307,685622,MeerKAT:array_1:20250711T092345Z,Gaia_4791452359934653952,52,879.9766074419022,-0.09225684732290385,10.460616,2,0.03125,0,0.928364904943117,pruned
uhf_long,188756,33876709,MeerKAT:array_1:20250715T124827Z,ex_2dFGRS_TGN261Z280,52,633.7495404481888,-0.0040743422744974,17.60044,2,0.03125,0,0.9286224010363484,pruned
uhf_long,71577,11382996,MeerKAT:array_1:20250715T124827Z,ex_[VV2006]_J131844.0-013821,34,602.6509806513786,0.0162973690979896,11.0304165,1,0.015625,0,0.9287168047341945,pruned
uhf_long,120037,34851007,MeerKAT:array_1:20250720T024534Z,Gaia_4669835962901724288,35,650.022145986557,-0.0713009898037045,12.096488,3,0.046875,-1,0.9287243992498009,pruned
uhf_long,81587,33164779,MeerKAT:array_1:20250702T183548Z,ex_ASASSN-V_J163631.26-322736.0,49,613.1959366798401,0.034631909333227906,33.44135,2,0.03125,0,0.9288048520242307,pruned
lband_short,26434,684432,MeerKAT:array_1:20250711T092345Z,Gaia_4790680846369268736,28,870.3418604582548,0.1127583689502158,13.404262,1,0.015625,0,0.9288522245624499,pruned
uhf_long,58405,4543565,MeerKAT:array_1:20250715T124827Z,ex_[VV2006]_J131802.0-021617,31,589.8280772566795,0.0081486845489948,53.3659,4,0.0625,-1,0.9291654358344713,pruned
lband_short,20508,442998,MeerKAT:array_1:20250708T112920Z,Gaia_2973747055520055296,31,879.9965026676655,0.07175532569559187,28.985172,1,0.015625,0,0.9293365622483042,pruned
lband_long,57862,1267199,MeerKAT:array_1:20250708T083640Z,Gaia_4669681172280380800,1,919.9956834614277,-0.15132075486825497,26.985474,3,0.046875,-1,0.9293965197057985,pruned
lband_long,56814,1262175,MeerKAT:array_1:20250705T204042Z,Gaia_6440683620794454784,24,919.9843598604202,0.015132075486825495,32.556965,2,0.03125,0,0.9295241151256032,pruned
uhf_long,81908,33169038,MeerKAT:array_1:20250704T054305Z,Gaia_6440699013957288960,18,619.319512784481,-0.040743422744974,17.696129,4,0.0625,-1,0.9295649489398465,pruned
lband_long,57930,1267279,MeerKAT:array_1:20250708T083640Z,Gaia_4668963019388978816,23,919.9956834614277,-0.19671698132873144,24.14441,3,0.046875,-1,0.9296328815873235,pruned
lband_short,58732,1418465,MeerKAT:array_1:20250712T073536Z,Gaia_2323468184902582656,52,919.7934084236622,-0.03075228244096795,10.022514,2,0.03125,0,0.9296468727171425,pruned
lband_long,20601,436374,MeerKAT:array_1:20250708T083640Z,Gaia_4669681962554362368,51,879.9958712756634,-0.18662893100418113,237.83891,4,0.0625,-1,0.9297570049341992,pruned
lband_short,24709,682272,MeerKAT:array_1:20250711T085603Z,ex_LEDA_545297,43,870.60029271245,-0.33827510685064743,28.938354,4,0.0625,-1,0.9298040713053711,pruned
uhf_long,82706,33187250,MeerKAT:array_1:20250705T182441Z,Gaia_6024514690132639232,53,613.195861697197,0.024446053646984402,10.196607,1,0.015625,0,0.9299608845254849,pruned
lband_short,18270,437739,MeerKAT:array_1:20250708T092055Z,Gaia_2973721938551510144,4,874.9936808943748,-0.1742629338321517,113.61469,4,0.0625,-1,0.9300027995584526,pruned
lband_short,26718,684742,MeerKAT:array_1:20250711T092345Z,Gaia_4814731288837203840,51,870.4522695541382,-0.27677054196871154,11.478925,1,0.015625,0,0.9300416150971128,pruned
uhf_long,23327,702634,MeerKAT:array_1:20250714T160406Z,Gaia_6144883347604394752,19,559.2503722310066,0.0264832247842331,12.150304,3,0.046875,-1,0.9301117998386746,pruned
lband_short,23380,680749,MeerKAT:array_1:20250711T085603Z,ex_LEDA_547391,15,869.8644212782383,-0.33827510685064743,15.980373,4,0.0625,-1,0.9302602811801924,pruned
uhf_long,1368,21588,MeerKAT:array_1:20250704T054305Z,Gaia_6441085492294009344,52,551.9478055238724,-0.020371711372487,416.45358,3,0.046875,-1,0.9303905695427847,pruned
uhf_long,104392,33720001,MeerKAT:array_1:20250710T060816Z,Gaia_5599317085346709632,13,633.7494786381721,-0.0366690804704766,10.179188,2,0.03125,0,0.9306553876448401,pruned
uhf_long,117034,34829265,MeerKAT:array_1:20250715T130947Z,ex_Gaia_DR3_5832981929253923840,21,648.8109432458878,0.0264832247842331,11.710995,2,0.03125,0,0.9306659535187433,pruned
uhf_long,125237,35005149,MeerKAT:array_1:20250715T124827Z,ex_[VV2006]_J131723.5-021125,24,655.9974469542503,-0.05092927843121751,33.447746,3,0.046875,-1,0.9308284577163258,pruned
sband_short,18587,34228748,MeerKAT:array_1:20250727T160434Z,Gaia_5922809074280503680,45,2106.198657536879,-0.03213260470874378,10.762405,2,0.03125,0,0.9308683804167487,pruned
lband_long,18640,418220,MeerKAT:array_1:20250704T110253Z,Gaia_4669702475316740608,40,874.9920960366726,0.035308176135926156,19.65654,1,0.015625,0,0.9309668958611401,pruned
uhf_long,134084,35418836,MeerKAT:array_1:20250715T135202Z,ex_NSV_07123,38,678.3023514151573,0.034631909333227906,16.7184,2,0.03125,0,0.9309902845499741,pruned
uhf_long,101251,33631582,MeerKAT:array_1:20250723T030515Z,ex_ASASSN-V_J054021.37-695316.4,36,625.0210004448891,-0.038706251607725305,13.387975,2,0.03125,0,0.9310415316745045,pruned
lband_short,26324,684306,MeerKAT:array_1:20250711T092345Z,Gaia_4814651230646919936,19,870.1211267709732,-0.3075228244096795,18.591465,4,0.0625,-1,0.9310843435054432,pruned
uhf_long,102392,33646392,MeerKAT:array_1:20250728T151003Z,ex_V1799_Cen,37,623.9703061580658,0.028520395921481805,45.40744,3,0.046875,-1,0.9311152738047951,pruned
lband_short,32949,734245,MeerKAT:array_1:20250719T113106Z,Gaia_2993032420753992960,24,872.2136459648609,0.1230091297638718,10.457422,2,0.03125,0,0.9311314214283207,pruned
uhf_long,105047,33876697,MeerKAT:array_1:20250715T124827Z,ex_2dFGRS_TGN195Z209,44,633.7495424747467,-0.012223026823492201,21.97658,4,0.0625,-1,0.9311369063307148,pruned
lband_long,58040,1267405,MeerKAT:array_1:20250708T083640Z,Gaia_4669701238367628288,58,919.9956818670034,-0.14123270454370462,21.284983,3,0.046875,-1,0.9311690949639873,pruned
uhf_short,55167,33197705,MeerKAT:array_1:20250710T050136Z,Gaia_2700802811570746496,20,613.2232708930969,0.03422447510577816,40.310863,1,0.015625,0,0.9312035122017671,pruned
lband_short,26485,684497,MeerKAT:array_1:20250711T092345Z,Gaia_4790682186399080192,33,870.2682427018881,0.39977967173258333,251.16798,1,0.015625,0,0.9312876147544027,pruned
lband_long,185335,32819410,MeerKAT:array_1:20250730T235713Z,Gaia_4668955872563377280,56,960.0002039819956,-0.12610062905687913,11.715944,4,0.0625,-1,0.9315855700787533,pruned
uhf_long,86673,33359600,MeerKAT:array_1:20250715T141354Z,ex_ASASSN-V_J151258.23-305325.0,26,613.7743355631828,0.030557567058730504,22.267725,4,0.0625,-1,0.9315927737750528,pruned
uhf_long,103237,33653489,MeerKAT:array_1:20250731T221802Z,Gaia_4669749101483172096,15,625.0220147371292,-0.014260197960740902,18.446283,2,0.03125,0,0.9316463352946057,pruned
lband_short,83321,2268293,MeerKAT:array_1:20250706T124159Z,Gaia_4802484550370354048,27,924.996579170227,-0.08200608650924786,42.53941,4,0.0625,-1,0.932250105142825,pruned
lband_long,20505,436254,MeerKAT:array_1:20250708T083640Z,Gaia_4668961610639724544,3,879.9958553314209,-0.035308176135926156,173.56618,1,0.015625,0,0.9324331620669087,pruned
uhf_long,65314,7857809,MeerKAT:array_1:20250704T054305Z,Gaia_6440670598453664256,24,602.1161730289459,0.040743422744974,11.645545,2,0.03125,0,0.9325116531598362,pruned
lband_long,1574,3819,MeerKAT:array_1:20250701T095804Z,Gaia_4669700516813162496,4,861.5688057094812,-0.07061635227185231,14.013144,3,0.046875,-1,0.9325992544845498,pruned
lband_short,4659,241531,MeerKAT:array_1:20250712T072515Z,Gaia_2323517731645298048,55,860.2017527371645,0.16401217301849572,17.41239,2,0.03125,0,0.9326130696269533,pruned
lband_short,26729,684756,MeerKAT:array_1:20250711T092345Z,Gaia_4790685519293655168,53,870.1211012601852,0.2460182595277436,11.254227,1,0.015625,0,0.9327024753910654,pruned
uhf_short,100580,35425271,MeerKAT:array_1:20250716T201432Z,Gaia_4429475780403225600,62,671.9999498128891,-0.15401013797600172,21.802654,3,0.046875,-1,0.9327323952512906,pruned
lband_short,26340,684322,MeerKAT:array_1:20250711T092345Z,Gaia_4814736850818834176,20,870.1211219877005,-0.16401217301849572,15.420533,1,0.015625,0,0.9327499097528493,pruned
lband_short,13031,410098,MeerKAT:array_1:20250701T144521Z,Gaia_3607240128789931904,22,879.9947089403868,0.4100304325462393,34.490036,1,0.015625,0,0.9327741928486688,pruned
uhf_long,111977,34634336,MeerKAT:array_1:20250705T180344Z,Gaia_5820295420476639104,44,647.24994546175,-0.0162973690979896,549.6925,1,0.015625,0,0.9328673098185134,pruned
uhf_long,81983,33180330,MeerKAT:array_1:20250705T060310Z,Gaia_6441837042851153408,35,613.1956752538681,-0.055003620705714906,17.585127,1,0.015625,0,0.9329920851649435,pruned
uhf_short,177195,33459400,MeerKAT:array_1:20250704T222921Z,Gaia_2699249407799354880,22,623.9845609664917,-0.01711223755288908,18.889675,4,0.0625,-1,0.9330096673827443,pruned
uhf_long,134005,35418752,MeerKAT:array_1:20250715T135202Z,ex_ASASSN-V_J153251.02-331648.0,6,678.3023514151573,0.034631909333227906,16.700497,2,0.03125,0,0.9330331896909545,pruned
uhf_short,67574,33528113,MeerKAT:array_1:20250713T175609Z,Gaia_1456306591259413504,6,625.0006629228592,0.17967849430533533,55.284363,3,0.046875,-1,0.9330469688416164,pruned
lband_short,23882,681342,MeerKAT:array_1:20250711T085603Z,Gaia_4814702564095981056,5,870.2323569953442,-0.33827510685064743,14175.862,4,0.0625,-1,0.9331284272385302,pruned
uhf_short,35913,1212540,MeerKAT:array_1:20250720T235835Z,Gaia_2682555007358239488,17,576.0400793552399,-0.23957132574044712,34.592712,1,0.015625,0,0.9331638636979377,pruned
uhf_long,66555,8287506,MeerKAT:array_1:20250705T190623Z,Gaia_4153208979825523712,51,601.351532459259,0.014260197960740902,21.446396,4,0.0625,-1,0.933207816107048,pruned
lband_short,24804,682370,MeerKAT:array_1:20250711T085603Z,Gaia_4814711458972055680,47,870.4899123162031,-0.33827510685064743,12.85243,1,0.015625,0,0.9332222073630034,pruned
uhf_long,176711,4690499,MeerKAT:array_1:20250718T015317Z,Gaia_4669720067504380288,15,587.9772624373436,-0.0020371711372487,13.32559,4,0.0625,-1,0.9332725642670991,pruned
uhf_long,113827,34643568,MeerKAT:array_1:20250708T010310Z,Gaia_6440682521282895360,17,649.9995883703232,0.038706251607725305,29.658155,4,0.0625,-1,0.933302232222932,pruned
lband_short,83246,2268218,MeerKAT:array_1:20250706T124159Z,Gaia_4802441875575254912,2,924.996579170227,-0.08200608650924786,42.62611,4,0.0625,-1,0.9333121732348071,pruned
uhf_short,179761,33480266,MeerKAT:array_1:20250707T004747Z,Gaia_2682101321372939648,49,624.9965338110924,0.00855611877644454,517.69684,3,0.046875,-1,0.9333198257465347,pruned
uhf_short,179777,33480291,MeerKAT:array_1:20250707T004747Z,Gaia_2682471616273135488,57,624.9965338110924,0.00855611877644454,532.4845,3,0.046875,-1,0.9333228440436051,pruned
mk_sample_hits,15062,35865528,MeerKAT:array_1:20240319T020710Z,Gaia_2531005849368549376,27,1562.1400059610605,-0.005044025162275165,31.232021,2,0.03125,0,0.933323191453105,pruned
uhf_short,100115,35420809,MeerKAT:array_1:20250715T200216Z,Gaia_4426437241363224448,28,674.9957850575447,0.11122954409377903,466.08755,3,0.046875,-1,0.9333325963791396,pruned
uhf_short,100073,35420767,MeerKAT:array_1:20250715T200216Z,Gaia_4426474762197643136,14,674.9957850575447,0.11122954409377903,462.1515,3,0.046875,-1,0.9333327120429231,pruned
uhf_long,97727,33539942,MeerKAT:array_1:20250715T141354Z,ex_ASASSN-V_J151258.23-305325.0,26,621.1469988822937,0.040743422744974,25.950718,2,0.03125,0,0.9333419718799574,pruned
uhf_long,73848,11386125,MeerKAT:array_1:20250715T143518Z,Gaia_6272510907847320448,49,602.3019080758095,0.040743422744974,11.256334,3,0.046875,-1,0.933358236121626,pruned
lband_short,25640,683468,MeerKAT:array_1:20250711T085603Z,ex_LEDA_551328,24,879.2245334684849,-0.4100304325462393,12.02364,1,0.015625,0,0.9334327479468804,pruned
lband_short,92258,2706465,MeerKAT:array_1:20250708T125143Z,Gaia_2973637757192634496,32,924.2092987149954,0.3485258676643034,10.068482,3,0.046875,-1,0.9334709011160676,pruned
uhf_long,117356,34829879,MeerKAT:array_1:20250715T133052Z,Gaia_6214370042939954432,37,648.8109574317932,-0.0101858556862435,15.601172,2,0.03125,0,0.9335077367301351,pruned
lband_short,86178,2611507,MeerKAT:array_1:20250708T092055Z,Gaia_2973726164799247232,51,923.9689902812243,-0.21526597708677564,10.630147,1,0.015625,0,0.9335580064331624,pruned
uhf_short,93475,35393363,MeerKAT:array_1:20250706T215041Z,ex_SDSS_J154927.06+052049.9,22,674.9956786632538,0.0427805938822227,958.52765,3,0.046875,-1,0.9335886443030216,pruned
lband_short,24953,682538,MeerKAT:array_1:20250711T085603Z,Gaia_4814652982993590784,55,870.2323569953442,-0.33827510685064743,18318.127,4,0.0625,-1,0.9336254315299578,pruned
lband_short,27132,685421,MeerKAT:array_1:20250711T092345Z,Gaia_4790689814260965888,50,879.2236389964819,0.2870213027823675,11.546279,1,0.015625,0,0.9336638680683015,pruned
uhf_long,96835,33538244,MeerKAT:array_1:20250715T124827Z,ex_[VV2006]_J131757.4-021114,28,626.6503540277481,0.055003620705714906,12.223253,2,0.03125,0,0.9339024660289413,pruned
uhf_long,23991,705032,MeerKAT:array_1:20250715T130947Z,ex_ASASSN-V_J161227.51-602016.9,18,559.2503408193588,0.0835240166271967,11.442142,2,0.03125,0,0.9339656984122269,pruned
uhf_short,48365,12890546,MeerKAT:array_1:20250723T234200Z,Gaia_2682572049788419200,22,599.9705791473389,0.09411730654088994,72.14819,3,0.046875,-1,0.9340023304360022,pruned
uhf_short,3294,344997,MeerKAT:array_1:20250723T214437Z,ex_LEDA_1207978,19,552.0002092719078,-0.23957132574044712,120.959465,3,0.046875,-1,0.9341213677868307,pruned
lband_short,26783,684822,MeerKAT:array_1:20250711T092345Z,Gaia_4790680983808220032,58,870.1211172044277,-0.16401217301849572,16.68946,2,0.03125,0,0.9341631230335681,pruned
lband_short,26704,684727,MeerKAT:array_1:20250711T092345Z,Gaia_4790689814260965888,50,870.415475025773,-0.25626902034139953,12.24562,2,0.03125,0,0.9341660404591602,pruned
uhf_long,96821,33538190,MeerKAT:array_1:20250715T124827Z,ex_4FGL_J1317.5-0153,1,626.6503540277481,0.05092927843121751,11.686316,3,0.046875,-1,0.9343244066954933,pruned
lband_short,31858,698466,MeerKAT:array_1:20250713T113750Z,Gaia_5096289106877025920,61,869.9930929094553,-0.14351065139118374,10.645923,4,0.0625,-1,0.934437902798488,pruned
uhf_long,103769,33709859,MeerKAT:array_1:20250705T060310Z,Gaia_6441839619831617152,46,633.749559700489,0.028520395921481805,21.96792,1,0.015625,0,0.9344472430275664,pruned
lband_short,24745,682309,MeerKAT:array_1:20250711T085603Z,ex_LEDA_550620,45,870.3019217252731,-0.3587766284779594,25.411463,1,0.015625,0,0.9346619894998113,pruned
uhf_long,105032,33876666,MeerKAT:array_1:20250715T124827Z,ex_LBQS_1314-0216,25,633.749533355236,0.024446053646984402,23.171976,1,0.015625,0,0.9348683317466658,pruned
lband_short,26414,684411,MeerKAT:array_1:20250711T092345Z,Gaia_4814724382529799808,27,870.1947014778852,-0.08200608650924786,326.48813,3,0.046875,-1,0.9349118919759992,pruned
lband_long,23666,692079,MeerKAT:array_1:20250712T092209Z,Gaia_4669732505729686144,33,869.9943636655807,-0.16645283035508046,234.16566,1,0.015625,0,0.934916607871677,pruned
lband_short,24575,682132,MeerKAT:array_1:20250711T085603Z,ex_PGC0130374,38,870.265120819211,-0.26651978115505554,503.51453,2,0.03125,0,0.935166809610148,pruned
lband_short,26425,684423,MeerKAT:array_1:20250711T092345Z,Gaia_4790680846369268736,28,870.1211267709732,-0.3075228244096795,16.96815,4,0.0625,-1,0.935256726173711,pruned
lband_short,33329,735175,MeerKAT:array_1:20250719T113106Z,Gaia_2992981980658128384,26,879.993481233716,-0.15376141220483974,50.67188,3,0.046875,-1,0.9353028716375786,pruned
uhf_short,17211,1061893,MeerKAT:array_1:20250702T012148Z,Gaia_2682476426636516736,24,576.0444111227989,0.1711223755288908,22.860659,4,0.0625,-1,0.9353240088612171,pruned
uhf_long,125244,35005164,MeerKAT:array_1:20250715T124827Z,ex_[VV2006]_J131924.0-013740,39,655.9974439144135,0.044817765019471406,46.94334,1,0.015625,0,0.9353313701641413,pruned
uhf_long,64655,7198989,MeerKAT:array_1:20250702T183548Z,ex_ASASSN-V_J163534.86-322421.9,14,599.2500395178795,0.0081486845489948,38.88866,4,0.0625,-1,0.9354049021024106,pruned
lband_long,29021,769878,MeerKAT:array_1:20250731T124411Z,Gaia_5850140151848886528,52,879.9854309856892,0.09079245292095298,14.226823,2,0.03125,0,0.9355334540080031,pruned
lband_short,27328,685643,MeerKAT:array_1:20250711T092345Z,Gaia_4790680983808220032,58,879.9766201972961,-0.26651978115505554,18.611277,1,0.015625,0,0.9357472024296118,pruned
uhf_long,87466,33364540,MeerKAT:array_1:20250717T054309Z,Gaia_4668929037607477120,34,613.1961970925331,-0.0101858556862435,55.819565,2,0.03125,0,0.9358444293788958,pruned
uhf_long,65330,7857825,MeerKAT:array_1:20250704T054305Z,Gaia_6440624144087024256,37,602.1161679625511,0.06111513411746101,16.12116,2,0.03125,0,0.9359241114885664,pruned
lband_long,54229,1240917,MeerKAT:array_1:20250701T085314Z,Gaia_4669717078207144576,16,920.7671280950308,0.06557232710957715,10.902702,2,0.03125,0,0.935934710115316,pruned
uhf_long,85799,33358209,MeerKAT:array_1:20250715T130947Z,ex_ASASSN-V_J160833.42-603822.4,49,613.1931035518646,0.0264832247842331,10.488546,3,0.046875,-1,0.9360133473510933,pruned
uhf_long,117057,34829311,MeerKAT:array_1:20250715T130947Z,ex_ASASSN-V_J160746.95-595421.6,44,648.8109432458878,0.024446053646984402,10.027343,2,0.03125,0,0.9360252730779006,pruned
uhf_long,24236,705689,MeerKAT:array_1:20250715T133052Z,Gaia_6214384886347032704,32,559.9964880347252,-0.055003620705714906,10.531368,2,0.03125,0,0.936045605600177,pruned
uhf_long,20864,417756,MeerKAT:array_1:20250704T054305Z,Gaia_6440677401681817856,19,552.963826417923,0.06111513411746101,10.818048,2,0.03125,0,0.9360835197747502,pruned
lband_short,4301,88760,MeerKAT:array_1:20250709T052824Z,Gaia_4936848891373290496,38,864.0862676650286,-0.16401217301849572,22.026215,1,0.015625,0,0.936155311981766,pruned
uhf_short,865,91903,MeerKAT:array_1:20250710T030814Z,Gaia_2699247002617688704,23,551.9994331002235,-0.22245908818755805,54.497307,4,0.0625,-1,0.936226463933824,pruned
lband_long,16654,407231,MeerKAT:array_1:20250701T085314Z,Gaia_4669775421042834560,30,875.0111510008574,0.11096855357005364,10.072534,3,0.046875,-1,0.9365488949212374,pruned
uhf_long,91568,33455984,MeerKAT:array_1:20250704T054305Z,Gaia_6441424588552067456,5,626.6923595070839,0.0366690804704766,27.250952,3,0.046875,-1,0.9368519991169006,pruned
uhf_long,117077,34829414,MeerKAT:array_1:20250715T130947Z,J1611_6-6013,0,651.2685621976852,0.0081486845489948,16.645424,1,0.015625,0,0.9370921385490747,pruned
uhf_long,129262,35383828,MeerKAT:array_1:20250702T183548Z,ex_ASASSN-V_J163526.89-325404.1,35,679.2496983408928,-0.034631909333227906,14.289438,2,0.03125,0,0.9370985642838567,pruned
uhf_long,136001,35450890,MeerKAT:array_1:20250719T053812Z,Gaia_4669823181079076992,63,673.8900910019875,0.0162973690979896,14.802414,1,0.015625,0,0.9371067102950684,pruned
uhf_long,115985,34808467,MeerKAT:array_1:20250713T211114Z,Gaia_4189302063910169344,60,650.0222675800323,0.0733381609409532,41.224556,2,0.03125,0,0.9372601803340048,pruned
lband_long,2199,5798,MeerKAT:array_1:20250701T133303Z,Gaia_4669811361329030144,53,864.7355204075575,0.04035220129820132,10.37114,2,0.03125,0,0.937274676483384,pruned
uhf_short,27125,1118636,MeerKAT:array_1:20250713T175609Z,Gaia_1468256049271353856,19,576.0000183582306,-0.1711223755288908,21.03609,3,0.046875,-1,0.9372801606705911,pruned
lband_short,23426,680799,MeerKAT:array_1:20250711T085603Z,ex_LEDA_130375,20,869.7958450913429,-0.3587766284779594,12.262744,1,0.015625,0,0.9374114448263069,pruned
uhf_short,7169,385265,MeerKAT:array_1:20250730T211442Z,Gaia_2682777727182275456,29,551.9998242259026,0.24812744451689167,93.42545,3,0.046875,-1,0.9374853742381785,pruned
lband_short,23582,680989,MeerKAT:array_1:20250711T085603Z,ex_LEDA_550336,40,869.9748048633337,-0.37927815010527133,18.608583,3,0.046875,-1,0.9375619113154164,pruned
uhf_long,73027,11385145,MeerKAT:array_1:20250715T141354Z,ex_LEDA_704278,30,599.4172335863113,0.022408882509735703,49.426712,2,0.03125,0,0.9376523373205568,pruned
uhf_long,12981,298098,MeerKAT:array_1:20250717T054309Z,Gaia_4669679454293449344,10,545.9999015927315,0.0162973690979896,17.742603,4,0.0625,-1,0.9377641449985761,pruned
uhf_short,59481,33414194,MeerKAT:array_1:20250702T032809Z,Gaia_2682620771897433600,57,624.000242471695,-0.16256625675244626,15.636479,1,0.015625,0,0.9379716796186551,pruned
lband_short,23814,681273,MeerKAT:array_1:20250711T085603Z,Gaia_4814724245090845952,2,870.338714659214,-0.3587766284779594,12.421433,1,0.015625,0,0.9379981500842711,pruned
lband_short,26807,684847,MeerKAT:array_1:20250711T092345Z,Gaia_4814705793911396224,59,870.4154654592276,-0.1742629338321517,13.913564,2,0.03125,0,0.938111134716031,pruned
uhf_long,23319,702623,MeerKAT:array_1:20250714T160406Z,Gaia_6144297892023344000,8,559.2503772974014,-0.0183345402352383,10.832547,4,0.0625,-1,0.9381246817862017,pruned
uhf_long,122450,34880482,MeerKAT:array_1:20250723T045553Z,Gaia_4662247168040952064,5,648.250999212265,-0.0264832247842331,11.4549465,4,0.0625,-1,0.9381692812923837,pruned
uhf_long,122951,34893983,MeerKAT:array_1:20250728T151003Z,ex_V1657_Cen,12,647.9691617488861,0.040743422744974,43.170673,4,0.0625,-1,0.9382122822458959,pruned
lband_short,13035,410102,MeerKAT:array_1:20250701T144521Z,Gaia_3607184466013730048,26,879.9947376400232,-0.07175532569559187,42.374256,1,0.015625,0,0.9382458719156217,pruned
lband_short,4616,241487,MeerKAT:array_1:20250712T072515Z,Gaia_2323514707988323200,11,860.2017527371645,0.16401217301849572,11.803345,2,0.03125,0,0.9383142725986492,pruned
uhf_long,51931,1429916,MeerKAT:array_1:20250715T124827Z,ex_2QZ_J131652.4-014400,47,581.3182079195976,-0.0835240166271967,10.682346,3,0.046875,-1,0.9384840493504529,pruned
uhf_long,81915,33169045,MeerKAT:array_1:20250704T054305Z,Gaia_6441449877319724928,25,619.319512784481,-0.040743422744974,16.601274,4,0.0625,-1,0.9385313221862369,pruned
lband_short,26573,684594,MeerKAT:array_1:20250711T092345Z,Gaia_4814721010979139712,41,870.121112421155,-0.04100304325462393,22.826107,4,0.0625,-1,0.9386390125143014,pruned
lband_short,20549,443074,MeerKAT:array_1:20250708T112920Z,Gaia_2973639750057471488,59,879.9965074509382,-0.13325989057752777,45.65467,1,0.015625,0,0.9386518992274624,pruned
uhf_long,87238,33360301,MeerKAT:array_1:20250715T143518Z,Gaia_6272612720048519296,63,619.319512784481,0.05092927843121751,44.47799,4,0.0625,-1,0.9386669468958811,pruned
lband_short,13045,410112,MeerKAT:array_1:20250701T144521Z,Gaia_3610242757606410624,36,879.9947344511747,-0.03075228244096795,39.966736,3,0.046875,-1,0.9386817233390475,pruned
uhf_short,25101,1116250,MeerKAT:array_1:20250713T161348Z,Gaia_1456299100836452864,37,576.0004753470421,-0.11122954409377903,22.169561,3,0.046875,-1,0.9387587503926246,pruned
lband_short,19018,440327,MeerKAT:array_1:20250708T094824Z,Gaia_2973628819363169280,26,874.9887652844191,-0.4100304325462393,14.038243,1,0.015625,0,0.9387778810476465,pruned
uhf_short,97078,35409102,MeerKAT:array_1:20250713T161348Z,J1331+3030,0,674.9997490048409,0.1283417816466681,16.066406,1,0.015625,0,0.9388079487934015,pruned
uhf_long,123011,34894043,MeerKAT:array_1:20250728T151003Z,ex_1RXS_J132917.6-472316,42,647.9691617488861,0.0427805938822227,49.051285,4,0.0625,-1,0.9388633302754881,pruned
uhf_long,135971,35450851,MeerKAT:array_1:20250719T053812Z,Gaia_4669749754318241408,24,673.8900991082191,-0.020371711372487,14.554006,2,0.03125,0,0.9388717496601172,pruned
uhf_short,29692,1127564,MeerKAT:array_1:20250715T002705Z,Gaia_2682576482194684800,12,575.9986656308174,0.24812744451689167,59.360893,4,0.0625,-1,0.9388887426157049,pruned
uhf_short,101520,35436813,MeerKAT:array_1:20250717T220401Z,Gaia_2699010672041142528,51,671.9997664093971,-0.03422447510577816,16.2325,3,0.046875,-1,0.9389766395824254,pruned
lband_short,11996,405728,MeerKAT:array_1:20250701T073022Z,ex_[VV2006]_J005829.4+001318,3,879.9955428242683,0.3587766284779594,61.135468,4,0.0625,-1,0.9389806914642224,pruned
lband_short,25659,683493,MeerKAT:array_1:20250711T085603Z,Gaia_4814716307991315072,49,879.2245191186666,-0.26651978115505554,17.992292,1,0.015625,0,0.9390105971199816,pruned
lband_short,5733,244049,MeerKAT:array_1:20250712T084022Z,Gaia_2323470796242741120,26,864.0852169394493,0.03075228244096795,11.159855,4,0.0625,-1,0.9390119203828446,pruned
uhf_short,17356,1062203,MeerKAT:array_1:20250702T012148Z,Gaia_2682522743563950720,57,576.0444111227989,0.1711223755288908,21.916262,4,0.0625,-1,0.9391631946746537,pruned
uhf_short,29784,1127781,MeerKAT:array_1:20250715T002705Z,Gaia_2682509789942468352,37,575.9986656308174,0.24812744451689167,62.819206,4,0.0625,-1,0.9391779588477547,pruned
uhf_long,52593,1431339,MeerKAT:array_1:20250715T141354Z,Gaia_6210668090367510656,63,583.9963062405586,0.006111513411746101,17.384504,4,0.0625,-1,0.9392000614229656,pruned
uhf_long,91580,33455996,MeerKAT:array_1:20250704T054305Z,Gaia_6440627511341805568,17,626.6923595070839,0.0366690804704766,36.50515,3,0.046875,-1,0.939232203770723,pruned
lband_short,4617,241488,MeerKAT:array_1:20250712T072515Z,Gaia_2323515223384398592,12,860.2017591148615,0.07175532569559187,15.92963,3,0.046875,-1,0.9392332239953229,pruned
uhf_long,87912,33370960,MeerKAT:array_1:20250720T024534Z,Gaia_4669704158945427712,58,613.1961626410484,-0.038706251607725305,33.485985,3,0.046875,-1,0.9392480090508629,pruned
lband_short,26230,684196,MeerKAT:array_1:20250711T092345Z,Gaia_4814664252987685632,10,870.4154606759548,-0.04100304325462393,12.653266,2,0.03125,0,0.9397028698953758,pruned
uhf_long,105041,33876683,MeerKAT:array_1:20250715T124827Z,ex_[VV2006]_J131858.7-013642,35,633.7495414614677,-0.0081486845489948,17.911674,3,0.046875,-1,0.9397213702894314,pruned
lband_long,60956,1423092,MeerKAT:array_1:20250713T100933Z,Gaia_3394137904696361600,59,919.7910231649876,0.16645283035508046,16.320782,2,0.03125,0,0.9397651200089361,pruned
uhf_long,24228,705679,MeerKAT:array_1:20250715T133052Z,Gaia_6214393648080384896,27,559.9964900612831,-0.0733381609409532,10.782256,3,0.046875,-1,0.939996069096373,pruned
uhf_long,125239,35005156,MeerKAT:array_1:20250715T124827Z,ex_[VV2006]_J131802.0-021617,31,655.9974479675293,-0.07741250321545061,42.586273,4,0.0625,-1,0.9401433693692559,pruned
uhf_long,178729,8288107,MeerKAT:array_1:20250705T194745Z,Gaia_4189257984664230144,57,599.94332498312,-0.0020371711372487,15.999372,3,0.046875,-1,0.940173231652107,pruned
uhf_short,31005,1136195,MeerKAT:array_1:20250715T222140Z,Gaia_4426388764072519040,5,576.0451720952988,-0.18823461308177988,37.58575,3,0.046875,-1,0.9401847249793529,pruned
uhf_short,19151,1079246,MeerKAT:array_1:20250706T234838Z,Gaia_4426363990701146624,37,576.0463474988937,-0.10267342531733448,20.478645,3,0.046875,-1,0.9402835273862121,pruned
uhf_long,21004,417897,MeerKAT:array_1:20250704T054305Z,Gaia_6440684617226829184,44,559.2504076957703,0.0366690804704766,10.249212,3,0.046875,-1,0.9403404112309436,pruned
uhf_short,19144,1079229,MeerKAT:array_1:20250706T234838Z,Gaia_4426363990701147008,35,576.0463474988937,-0.10267342531733448,20.71808,3,0.046875,-1,0.9403668313756112,pruned
uhf_short,25009,1116128,MeerKAT:array_1:20250713T161348Z,Gaia_1468191727841153408,25,576.0004581212997,0.11978566287022356,23.864115,4,0.0625,-1,0.9404460681698763,pruned
uhf_long,117046,34829289,MeerKAT:array_1:20250715T130947Z,ex_ASASSN-V_J161135.94-595828.8,33,648.8109432458878,0.0183345402352383,10.371296,3,0.046875,-1,0.9404788986083702,pruned
uhf_short,29704,1127590,MeerKAT:array_1:20250715T002705Z,Gaia_2682594482402655616,15,575.9986747503281,0.05989283143511178,60.43396,2,0.03125,0,0.9405673840736789,pruned
uhf_long,80286,28005815,MeerKAT:array_1:20250715T141354Z,Gaia_6210681043988568320,57,604.5585046410561,0.030557567058730504,31.698492,3,0.046875,-1,0.9406081934186872,pruned
lband_short,24762,682328,MeerKAT:array_1:20250711T085603Z,Gaia_4790633601729009536,46,870.162790670991,-0.2972720635960235,25.052614,2,0.03125,0,0.9406796102196123,pruned
lband_long,91942,4827209,MeerKAT:array_1:20250719T103545Z,Gaia_4669698111631422592,46,924.2106747031212,-0.05548427678502682,11.550378,1,0.015625,0,0.9407228945688776,pruned
uhf_long,86681,33359608,MeerKAT:array_1:20250715T141354Z,ex_LEDA_706855,34,613.7743355631828,0.0325947381959792,41.34571,4,0.0625,-1,0.9407487903094383,pruned
uhf_long,81933,33169063,MeerKAT:array_1:20250704T054305Z,Gaia_6441083288974003328,43,619.3195117712021,-0.0366690804704766,16.732992,1,0.015625,0,0.9408127270334666,pruned
uhf_long,118196,34831363,MeerKAT:array_1:20250715T141354Z,ex_CRTS_J151324.5-312620,12,648.568673312664,0.0468549361567201,48.48391,1,0.015625,0,0.9408555173325138,pruned
uhf_short,88616,34915069,MeerKAT:array_1:20250731T233401Z,Gaia_2536434340137948800,60,647.9836972355843,-0.02566835632933362,22.293186,4,0.0625,-1,0.9408950801114988,pruned
uhf_long,87446,33364515,MeerKAT:array_1:20250717T054309Z,Gaia_4669684505174998272,9,613.1961981058121,-0.0264832247842331,51.059784,2,0.03125,0,0.9409380519469398,pruned
uhf_short,48958,13613733,MeerKAT:array_1:20250728T194227Z,Gaia_2682528412920713856,45,599.9834153652191,-0.10267342531733448,30.732548,2,0.03125,0,0.9409382247822284,pruned
uhf_long,102437,33646440,MeerKAT:array_1:20250728T151003Z,ex_Cl*_NGC_5139_SAW_V245,53,623.9703061580658,0.030557567058730504,45.72096,3,0.046875,-1,0.9412810476780122,pruned
lband_short,23990,681462,MeerKAT:array_1:20250711T085603Z,ex_GALEX_J044047.1-432429,10,870.1955656558275,-0.3587766284779594,658.5069,4,0.0625,-1,0.9414545838909193,pruned
lband_short,23955,681417,MeerKAT:array_1:20250711T085603Z,ex_QSO_J0441-4313,8,870.2651192247868,-0.2460182595277436,366.43967,3,0.046875,-1,0.9415499517215268,pruned
uhf_long,115195,34807185,MeerKAT:array_1:20250713T200741Z,Gaia_4124140228843837824,21,650.0221804380417,0.034631909333227906,10.340697,4,0.0625,-1,0.9416556396718427,pruned
uhf_short,16632,1059867,MeerKAT:array_1:20250701T230223Z,Gaia_2682553598608961152,55,576.0440878868103,0.19679073185822443,17.16287,4,0.0625,-1,0.9418148787706245,pruned
uhf_long,20584,415562,MeerKAT:array_1:20250702T181451Z,ex_ASASSN-V_J153034.89-685456.8,24,559.2504026293755,0.024446053646984402,11.977624,1,0.015625,0,0.9418858406332955,pruned
uhf_short,100450,35425055,MeerKAT:array_1:20250716T201432Z,Gaia_4426373027312628864,11,671.9999457597733,-0.10267342531733448,21.337872,3,0.046875,-1,0.9420132260001604,pruned
uhf_long,120662,34877477,MeerKAT:array_1:20250723T012407Z,Gaia_4655322718671293440,11,650.0219787955284,-0.07741250321545061,17.893246,1,0.015625,0,0.942023424073617,pruned
uhf_long,28979,782279,MeerKAT:array_1:20250702T175345Z,Gaia_6117528597823280512,49,563.973218858242,-0.055003620705714906,13.126909,1,0.015625,0,0.9420568820513192,pruned
lband_short,26648,684670,MeerKAT:array_1:20250711T092345Z,Gaia_4814716960826345728,46,870.3418795913458,-0.20501521627311964,14.1812935,1,0.015625,0,0.942152034053465,pruned
uhf_long,82313,33186741,MeerKAT:array_1:20250705T174237Z,Gaia_6117463967155116928,61,613.1958910822868,-0.0325947381959792,20.328663,1,0.015625,0,0.942163669662795,pruned
uhf_short,19232,1079439,MeerKAT:array_1:20250706T234838Z,Gaia_4426453600899138944,60,576.046340405941,0.03422447510577816,19.61947,1,0.015625,0,0.9421748947836255,pruned
lband_long,20468,436167,MeerKAT:array_1:20250708T083640Z,Gaia_4669728313841533440,20,876.2216506451368,-0.15132075486825497,10.919559,3,0.046875,-1,0.9423203368232855,pruned
uhf_long,23321,702626,MeerKAT:array_1:20250714T160406Z,Gaia_6143886365436710400,11,559.2503772974014,-0.0183345402352383,11.049935,4,0.0625,-1,0.9423268769971094,pruned
uhf_short,25032,1116159,MeerKAT:array_1:20250713T161348Z,Gaia_1468287110474817024,28,576.0004642009735,0.05133671265866724,21.975838,1,0.015625,0,0.9423705360110359,pruned
lband_long,26282,732560,MeerKAT:array_1:20250719T103545Z,Gaia_4669815759375542784,31,876.0192113816738,-0.15132075486825497,10.631204,3,0.046875,-1,0.9423734487903718,pruned
uhf_short,88508,34914782,MeerKAT:array_1:20250731T233401Z,Gaia_2536600851725271424,16,647.9836972355843,-0.02566835632933362,23.962914,4,0.0625,-1,0.9424109216383642,pruned
uhf_short,48854,13613616,MeerKAT:array_1:20250728T194227Z,Gaia_2682528825237574144,32,599.9834153652191,-0.11122954409377903,34.965004,2,0.03125,0,0.9424842397775487,pruned
uhf_short,100561,35425240,MeerKAT:array_1:20250716T201432Z,Gaia_4426426284906912768,55,671.9999498128891,-0.15401013797600172,20.696915,3,0.046875,-1,0.9428073209980218,pruned
uhf_long,65307,7857802,MeerKAT:array_1:20250704T054305Z,Gaia_6440699013957288960,18,602.1161730289459,0.040743422744974,21.07856,2,0.03125,0,0.942817481412659,pruned
uhf_long,61101,4690578,MeerKAT:array_1:20250718T015317Z,Gaia_4669779200614121984,54,587.9921079874039,0.020371711372487,18.392416,4,0.0625,-1,0.942942538776919,pruned
uhf_long,66854,8287936,MeerKAT:array_1:20250705T194745Z,J1955+1154T2,0,599.9433259963989,-0.0081486845489948,18.13629,4,0.0625,-1,0.9432756083491906,pruned
lband_short,18455,437992,MeerKAT:array_1:20250708T092055Z,Gaia_2973638375667942272,44,875.0041706115007,-0.2972720635960235,29.111073,2,0.03125,0,0.9433034759929161,pruned
lband_long,17781,408700,MeerKAT:array_1:20250701T095804Z,Gaia_4669682374871238272,21,879.9420291632414,-0.12610062905687913,25.27505,2,0.03125,0,0.9433762451651946,pruned
lband_short,31830,698438,MeerKAT:array_1:20250713T113750Z,Gaia_5096075354944311168,45,869.9930897206068,-0.1127583689502158,10.080636,3,0.046875,-1,0.9435319374664802,pruned
lband_short,31857,698465,MeerKAT:array_1:20250713T113750Z,Gaia_5096289141236763648,60,869.9930945038795,-0.16401217301849572,10.78345,2,0.03125,0,0.9435415204925558,pruned
uhf_long,135992,35450880,MeerKAT:array_1:20250719T053812Z,Gaia_4669069702079971072,53,673.8900980949402,-0.0162973690979896,14.136085,2,0.03125,0,0.9436391864306138,pruned
lband_short,19684,441626,MeerKAT:array_1:20250708T101552Z,Gaia_2973937339751019392,20,874.9884735047817,-0.3690273892916154,22.782673,2,0.03125,0,0.9436479685187463,pruned
uhf_long,184515,33360181,MeerKAT:array_1:20250715T143518Z,Gaia_6272622272055815424,35,615.9901648759842,-0.0020371711372487,15.474663,4,0.0625,-1,0.9436954000805344,pruned
uhf_short,5178,379312,MeerKAT:array_1:20250729T173047Z,Gaia_6733406872041546496,8,551.9996793270111,-0.09411730654088994,21.001696,4,0.0625,-1,0.9437015123504495,pruned
lband_short,4238,88593,MeerKAT:array_1:20250709T052824Z,Gaia_4936839098847877504,24,864.0862724483013,-0.27677054196871154,21.529724,2,0.03125,0,0.943708840155852,pruned
lband_short,26151,684110,MeerKAT:array_1:20250711T092345Z,Gaia_4790678441187588096,3,870.3050962239504,-0.2870213027823675,50.773922,2,0.03125,0,0.9437431337707086,pruned
uhf_long,82005,33180352,MeerKAT:array_1:20250705T060310Z,Gaia_6440653109346674688,57,613.1956752538681,-0.048892107293968805,25.128372,3,0.046875,-1,0.943764393039188,pruned
uhf_short,5243,379452,MeerKAT:array_1:20250729T173047Z,Gaia_6734183956207486464,28,551.9996793270111,-0.09411730654088994,24.930685,4,0.0625,-1,0.9437874789995602,pruned
uhf_long,134100,35418856,MeerKAT:array_1:20250715T135202Z,ex_LEDA_679077,47,678.3023352026939,0.0081486845489948,14.896964,2,0.03125,0,0.9438811883058875,pruned
uhf_long,88071,33374399,MeerKAT:array_1:20250722T002453Z,Gaia_6440999936545363840,13,613.195964038372,0.06111513411746101,12.973993,1,0.015625,0,0.9440043819557156,pruned
uhf_short,28707,1124203,MeerKAT:array_1:20250714T001713Z,Gaia_2682473987095080832,48,575.999146938324,0.23957132574044712,56.171955,2,0.03125,0,0.9440784580194218,pruned
uhf_short,2973,343608,MeerKAT:array_1:20250723T211918Z,Gaia_2699035587147492864,13,551.9843484163284,-0.11122954409377903,25.75204,1,0.015625,0,0.9441118890697497,pruned
uhf_short,234,61453,MeerKAT:array_1:20250706T001134Z,Gaia_2699441646239795328,5,551.9990338683128,0.16256625675244626,29.332218,3,0.046875,-1,0.9441264248996467,pruned
uhf_short,29876,1127993,MeerKAT:array_1:20250715T002705Z,Gaia_2682542083801653248,62,575.9986656308174,0.24812744451689167,58.228348,4,0.0625,-1,0.9443086943244291,pruned
lband_short,24794,682360,MeerKAT:array_1:20250711T085603Z,Gaia_4814711458972055680,47,870.3019153475761,-0.27677054196871154,23.770372,1,0.015625,0,0.9443176497083217,pruned
lband_long,8485,245906,MeerKAT:array_1:20250712T092209Z,Gaia_4669710824734657920,40,864.5480655431747,-0.04539622646047649,11.973713,2,0.03125,0,0.9443388553284997,pruned
uhf_long,98198,33540787,MeerKAT:array_1:20250715T143518Z,Gaia_6272609421513627776,44,626.6923686265945,0.024446053646984402,90.10524,1,0.015625,0,0.94435810016108,pruned
lband_short,23815,681274,MeerKAT:array_1:20250711T085603Z,Gaia_4814724245090845952,2,870.3427389860153,-0.3587766284779594,75.88888,3,0.046875,-1,0.944450926231783,pruned
uhf_long,65332,7857827,MeerKAT:array_1:20250704T054305Z,Gaia_6441460838075973888,39,602.1161882281303,0.044817765019471406,17.666725,3,0.046875,-1,0.9445837018925051,pruned
uhf_short,19239,1079456,MeerKAT:array_1:20250706T234838Z,Gaia_4426404049856697216,62,576.0463566184044,-0.2566835632933362,20.775347,1,0.015625,0,0.9445908730204972,pruned
sband_long,20238,323081,MeerKAT:array_1:20250720T164552Z,Gaia_6440699735511788544,51,2190.6478807795793,-0.005270427227360091,15.943311,4,0.0625,-1,0.9445963676614707,pruned
uhf_short,20251,1095164,MeerKAT:array_1:20250710T221658Z,Gaia_2682468970573271552,50,576.0443878173828,0.32513251350489253,16.328276,2,0.03125,0,0.9448484465793894,pruned
lband_long,1919,4306,MeerKAT:array_1:20250701T095804Z,Gaia_4669729585151865728,12,867.9685870707035,-0.13618867938142945,18.429527,3,0.046875,-1,0.944997959319413,pruned
uhf_long,106226,33879948,MeerKAT:array_1:20250717T054309Z,Gaia_4669680519445349888,7,633.7498880028725,0.0081486845489948,42.732,1,0.015625,0,0.945016971973275,pruned
lband_short,27177,685475,MeerKAT:array_1:20250711T092345Z,Gaia_4790682564356198912,12,879.9766074419022,-0.08200608650924786,13.781756,2,0.03125,0,0.945112344237509,pruned
uhf_long,103647,33700717,MeerKAT:array_1:20250704T054305Z,Gaia_6441013955318647680,26,633.7494958639145,0.0529664495684662,11.912821,2,0.03125,0,0.9451158187949291,pruned
uhf_long,69013,11227555,MeerKAT:array_1:20250713T190328Z,Gaia_6117498533052736128,59,599.9705730676651,-0.06722664752920711,102.83617,2,0.03125,0,0.9451301164623924,pruned
uhf_short,57013,33397984,MeerKAT:array_1:20250730T211442Z,Gaia_2682780201083438592,31,615.2238564491272,0.09411730654088994,18.565376,2,0.03125,0,0.9451527226568155,pruned
lband_short,86219,2611561,MeerKAT:array_1:20250708T092055Z,Gaia_2973639956215900544,9,924.9979790747166,-0.14351065139118374,10.629741,2,0.03125,0,0.9451751025486163,pruned
uhf_long,121668,34879005,MeerKAT:array_1:20250723T030515Z,ex_ASASSN-V_J054257.74-692629.5,57,650.0218399763107,-0.044817765019471406,12.499574,3,0.046875,-1,0.9452347321990497,pruned
lband_short,8481,322186,MeerKAT:array_1:20250720T121928Z,ex_2MASX_J13383024-1246455,37,863.9588157683611,-0.1845136946458077,10.37168,4,0.0625,-1,0.9453378175614334,pruned
lband_long,300594,675853,MeerKAT:array_1:20250710T123913Z,Gaia_2893837814590229632,62,874.9865633845329,0.01008805032455033,32.470116,4,0.0625,-1,0.9453713925295498,pruned
lband_short,24769,682335,MeerKAT:array_1:20250711T085603Z,Gaia_4790633601729009536,46,870.3019201308489,-0.33827510685064743,24.136114,1,0.015625,0,0.9453928951761364,pruned
lband_long,60945,1423062,MeerKAT:array_1:20250713T100933Z,Gaia_3394254036317213952,29,919.7910263538361,0.12105660389460396,14.794743,2,0.03125,0,0.945443119692743,pruned
lband_long,58350,1268556,MeerKAT:array_1:20250708T085539Z,Gaia_2978705333268469888,60,916.2137506008148,-0.19671698132873144,11.121318,4,0.0625,-1,0.9454494996907701,pruned
uhf_long,105012,33876628,MeerKAT:array_1:20250715T124827Z,ex_ATO_J199.0886-01.7543,2,633.7495455145836,-0.024446053646984402,24.461597,3,0.046875,-1,0.9455000605377074,pruned
lband_short,20517,443016,MeerKAT:array_1:20250708T112920Z,Gaia_2973828144502741632,38,879.9965106397867,-0.07175532569559187,63.24109,3,0.046875,-1,0.945540756911556,pruned
uhf_short,164802,12888732,MeerKAT:array_1:20250723T211918Z,Gaia_2699021426640777088,22,600.0007545948029,0.01711223755288908,22.35727,4,0.0625,-1,0.9455712415223027,pruned
lband_short,18962,440241,MeerKAT:array_1:20250708T094824Z,ex_LEDA_819192,11,874.9887605011463,-0.39977967173258333,13.900827,2,0.03125,0,0.9458439481987427,pruned
lband_short,33332,735187,MeerKAT:array_1:20250719T113106Z,Gaia_2993041113767706368,29,879.9934892058372,-0.25626902034139953,45.561455,2,0.03125,0,0.9459280663450155,pruned
uhf_long,56337,4419712,MeerKAT:array_1:20250713T192439Z,Gaia_5820257521683194112,22,587.0343354344368,0.0753753320782019,244.06345,3,0.046875,-1,0.9459637368296803,pruned
lband_long,301057,691815,MeerKAT:array_1:20250712T060917Z,Gaia_4669730306706410880,19,872.4540213644505,0.01008805032455033,13.524086,3,0.046875,-1,0.9459638213254896,pruned
lband_long,20497,436240,MeerKAT:array_1:20250708T083640Z,Gaia_4668960992164421504,60,876.2216474562883,-0.1311446542191543,10.734038,2,0.03125,0,0.9461742291603358,pruned
lband_long,17913,408832,MeerKAT:array_1:20250701T095804Z,Gaia_4669710824734657920,51,879.9681394547224,-0.07061635227185231,18.149382,1,0.015625,0,0.9463328323248437,pruned
lband_long,185023,32818827,MeerKAT:array_1:20250730T235713Z,Gaia_4669776451835017728,32,960.0002039819956,-0.12610062905687913,12.512201,4,0.0625,-1,0.9463905913028366,pruned
uhf_short,185801,33548404,MeerKAT:array_1:20250716T222802Z,Gaia_4426379143345969920,62,625.0294400453568,-0.01711223755288908,124.17403,1,0.015625,0,0.9463938231236981,pruned
lband_long,20628,436408,MeerKAT:array_1:20250708T085539Z,ex_LEDA_866614,1,870.2320652157068,0.06052830194730198,33.11701,2,0.03125,0,0.9465293254705407,pruned
lband_short,86148,2611447,MeerKAT:array_1:20250708T092055Z,Gaia_2973634939694102272,21,923.9689934700727,-0.25626902034139953,14.124271,4,0.0625,-1,0.9469249747967016,pruned
lband_short,18438,437968,MeerKAT:array_1:20250708T092055Z,Gaia_2973714310689547520,40,875.0041610449553,-0.1230091297638718,18.962433,3,0.046875,-1,0.9469705199737511,pruned
lband_short,59627,1420227,MeerKAT:array_1:20250712T091244Z,Gaia_2323473751180238080,37,919.9965651780367,0.04100304325462393,11.208161,2,0.03125,0,0.9470666062595487,pruned
uhf_long,73722,11385999,MeerKAT:array_1:20250715T143518Z,ex_CRTS_J142054.6-244720,5,602.3019080758095,0.0427805938822227,10.54684,3,0.046875,-1,0.9471205595328687,pruned
uhf_short,31046,1136275,MeerKAT:array_1:20250715T222140Z,Gaia_4426440578558019712,16,576.0407268404961,0.17967849430533533,38.171165,3,0.046875,-1,0.9471900953362627,pruned
uhf_short,155889,4418269,MeerKAT:array_1:20250713T172342Z,Gaia_1468333186884368512,39,587.991895198822,-0.00855611877644454,16.706594,2,0.03125,0,0.9472377875389623,pruned
lband_long,24014,692427,MeerKAT:array_1:20250712T092209Z,J0408-6545,0,879.9966652989388,0.06052830194730198,18.537762,2,0.03125,0,0.9472382010555062,pruned
uhf_long,183929,33347279,MeerKAT:array_1:20250713T200741Z,Gaia_4148222011764482432,60,613.1961677074432,0.0040743422744974,32.014416,1,0.015625,0,0.9472567545239894,pruned
lband_short,33310,735103,MeerKAT:array_1:20250719T113106Z,Gaia_2993083788563508224,7,879.9934971779585,-0.3587766284779594,48.205257,1,0.015625,0,0.9473041099258843,pruned
uhf_short,17237,1061949,MeerKAT:array_1:20250702T012148Z,Gaia_2682513913111083776,30,576.0444111227989,0.1711223755288908,20.468166,4,0.0625,-1,0.9473216857409158,pruned
lband_short,124469,4848228,MeerKAT:array_1:20250719T113106Z,Gaia_2992771424180743040,11,924.2114559710026,-0.3587766284779594,15.804736,2,0.03125,0,0.9474147319394581,pruned
uhf_long,117087,34829424,MeerKAT:array_1:20250715T130947Z,ex_LX_Nor,10,651.2685500383377,0.0183345402352383,18.65481,3,0.046875,-1,0.9474470342093712,pruned
uhf_long,103261,33653513,MeerKAT:array_1:20250731T221802Z,Gaia_4669786416159232256,27,625.0220218300819,-0.05704079184296361,11.460357,3,0.046875,-1,0.9474523886103265,pruned
uhf_short,29655,1127467,MeerKAT:array_1:20250715T002705Z,Gaia_2682487005140593920,1,575.9986666440964,0.2310152069640026,62.134148,3,0.046875,-1,0.9474909314702418,pruned
uhf_long,87218,33360281,MeerKAT:array_1:20250715T143518Z,Gaia_6272820115429161728,43,619.319512784481,0.05092927843121751,42.082207,4,0.0625,-1,0.9475195340888302,pruned
uhf_long,115201,34807197,MeerKAT:array_1:20250713T200741Z,Gaia_4124075499465369344,27,650.0221814513206,0.022408882509735703,10.760952,3,0.046875,-1,0.9475813236005419,pruned
uhf_long,95715,33530950,MeerKAT:array_1:20250713T205023Z,Gaia_6757952511359513344,58,625.0213449597359,-0.024446053646984402,11.413796,4,0.0625,-1,0.9475856980834159,pruned
lband_long,18675,418260,MeerKAT:array_1:20250704T110253Z,Gaia_4668962469633170560,60,874.9920912533998,0.06052830194730198,23.130445,2,0.03125,0,0.9476533020109307,pruned
uhf_long,184440,33358407,MeerKAT:array_1:20250715T130947Z,ex_ASASSN-V_J161357.92-603200.9,4,619.3195289969444,0.0040743422744974,19.309425,2,0.03125,0,0.9476737095302638,pruned
uhf_short,19163,1079271,MeerKAT:array_1:20250706T234838Z,Gaia_4426364918414098176,40,576.0463586449623,-0.2737958008462253,21.357273,3,0.046875,-1,0.9477500081442283,pruned
uhf_long,79747,23567981,MeerKAT:array_1:20250710T060816Z,Gaia_5598498597711023232,57,607.2393063902855,-0.0162973690979896,33.74547,1,0.015625,0,0.9479421644004375,pruned
lband_long,65843,1477766,MeerKAT:array_1:20250731T144023Z,Gaia_1468182931748162816,58,919.7929874956608,0.07061635227185231,21.214417,3,0.046875,-1,0.9479733174667657,pruned
lband_short,19158,440534,MeerKAT:array_1:20250708T094824Z,Gaia_2973726641538374784,63,874.9887365847826,-0.1127583689502158,14.914969,3,0.046875,-1,0.9479964463099416,pruned
uhf_short,5277,379522,MeerKAT:array_1:20250729T173047Z,Gaia_6734188079376284416,38,551.9996752738953,0.06844895021155632,24.512226,1,0.015625,0,0.9480253138665947,pruned
lband_long,22072,675751,MeerKAT:array_1:20250710T123913Z,Gaia_2894413374568320640,11,874.9865601956844,0.06557232710957715,35.960476,2,0.03125,0,0.9480766701344233,pruned
uhf_long,125232,35005137,MeerKAT:array_1:20250715T124827Z,ex_[VV2006]_J131617.9-021856,12,655.9974459409714,0.014260197960740902,46.174385,2,0.03125,0,0.9481096862046922,pruned
uhf_long,34815,1030746,MeerKAT:array_1:20250728T151003Z,ex_V1726_Cen,22,563.9792711734772,0.034631909333227906,10.718569,2,0.03125,0,0.948142319656936,pruned
lband_short,228238,21434551,MeerKAT:array_1:20250708T101552Z,Gaia_2973640295519055232,50,960.0946210026741,-0.1127583689502158,20.855927,2,0.03125,0,0.948233172871071,pruned
lband_short,25424,683167,MeerKAT:array_1:20250711T085603Z,ex_LEDA_546619,30,874.5101813077927,-0.2972720635960235,14.075497,4,0.0625,-1,0.9484359400883838,pruned
uhf_short,17263,1062000,MeerKAT:array_1:20250702T012148Z,Gaia_2682791367998426752,35,576.0444121360779,0.16256625675244626,22.73386,4,0.0625,-1,0.9484593618488458,pruned
uhf_long,51058,1234662,MeerKAT:array_1:20250729T055516Z,Gaia_4669784182776232576,30,576.0163696408272,0.0631523052547097,108.4804,1,0.015625,0,0.9486421261814671,pruned
lband_long,279771,2787,MeerKAT:array_1:20250701T085314Z,Gaia_4669699382941779584,3,867.7027423381805,0.005044025162275165,13.903388,1,0.015625,0,0.9486665569924725,pruned
mk_sample_hits,8696,29024917,MeerKAT:array_1:20250719T103545Z,Gaia_4669684707037310080,56,960.0047656297684,0.005044025162275165,27.861979,1,0.015625,0,0.9486894373808543,pruned
uhf_long,24226,705677,MeerKAT:array_1:20250715T133052Z,Gaia_6214393648080385024,26,559.9964900612831,-0.0733381609409532,10.802885,3,0.046875,-1,0.9487521944323107,pruned
sband_short,18571,34228398,MeerKAT:array_1:20250727T160434Z,Gaia_5922812544614111488,39,2106.027166824788,-0.05355434118123964,10.125114,1,0.015625,0,0.9487696274353797,pruned
lband_short,24716,682279,MeerKAT:array_1:20250711T085603Z,ex_2MFGC_3840,44,870.1587711274624,-0.3587766284779594,324.6219,3,0.046875,-1,0.9488123011877662,pruned
lband_short,58745,1418485,MeerKAT:array_1:20250712T073536Z,Gaia_2323502510281245440,57,919.7934116125107,-0.05125380406827991,11.991735,4,0.0625,-1,0.9489304680829521,pruned
uhf_long,13005,298122,MeerKAT:array_1:20250717T054309Z,Gaia_4669812563919875200,22,545.9999127388,-0.034631909333227906,18.38328,3,0.046875,-1,0.9489870355919405,pruned
lband_long,18606,418182,MeerKAT:array_1:20250704T110253Z,Gaia_4669734876551648512,21,874.9920912533998,-0.035308176135926156,22.176577,2,0.03125,0,0.9489941535993324,pruned
uhf_long,22847,700738,MeerKAT:array_1:20250713T194539Z,Gaia_6024573475325565568,17,559.25038844347,-0.0529664495684662,11.873255,2,0.03125,0,0.9491995676545116,pruned
lband_short,33226,734833,MeerKAT:array_1:20250719T113106Z,Gaia_2993041113767706368,29,876.2004575580359,-0.1742629338321517,38.31691,4,0.0625,-1,0.9492927784887492,pruned
uhf_long,65350,7857845,MeerKAT:array_1:20250704T054305Z,Gaia_6441067487791042048,57,602.1161689758301,0.05704079184296361,29.009218,1,0.015625,0,0.9493831441147186,pruned
uhf_long,51929,1429875,MeerKAT:array_1:20250715T124827Z,ex_[VV2006]_J131539.5-014850,6,581.318197786808,0.081486845489948,10.921835,3,0.046875,-1,0.9494157001531572,pruned
lband_long,24015,692428,MeerKAT:array_1:20250712T092209Z,Gaia_4669812563919875200,1,879.9966652989388,0.050440251622751654,53.395233,3,0.046875,-1,0.9494324194757529,pruned
lband_short,2161,14900,MeerKAT:array_1:20250702T222259Z,Gaia_6891272281948948864,63,864.0010329335928,-0.09225684732290385,12.21669,3,0.046875,-1,0.9494533008064809,pruned
lband_short,9210,388596,MeerKAT:array_1:20250731T014621Z,ex_[VV2006]_J002342.4+002041,16,864.0686859488487,0.3587766284779594,10.993038,2,0.03125,0,0.9494673929776772,pruned
uhf_short,3375,345186,MeerKAT:array_1:20250723T214437Z,Gaia_2682577577411521792,46,552.0002092719078,-0.23957132574044712,128.13744,3,0.046875,-1,0.9494892714909968,pruned
uhf_long,110439,34559915,MeerKAT:array_1:20250723T045553Z,Gaia_4663792565973872384,20,638.8218943476677,-0.0264832247842331,10.38136,3,0.046875,-1,0.9495077752682038,pruned
uhf_long,85889,33358424,MeerKAT:array_1:20250715T130947Z,ex_CI_Nor,17,619.3195289969444,0.006111513411746101,10.555491,2,0.03125,0,0.9495162664661554,pruned
uhf_long,128720,35369279,MeerKAT:array_1:20250723T043540Z,Gaia_4654740630345879936,37,667.1092079281807,0.012223026823492201,15.753137,1,0.015625,0,0.9495256038537966,pruned
lband_long,28839,769571,MeerKAT:array_1:20250731T122153Z,Gaia_5834063470739886464,12,879.9980365037918,0.12610062905687913,25.587694,4,0.0625,-1,0.9495512210809162,pruned
lband_short,55210,1247773,MeerKAT:array_1:20250702T211800Z,Gaia_6843207680896341120,20,919.7939728498459,0.3075228244096795,11.94032,4,0.0625,-1,0.9495654343439134,pruned
uhf_short,29436,1125073,MeerKAT:array_1:20250714T021749Z,Gaia_2682773290481124608,52,576.0461934804916,0.13689790042311265,19.045563,1,0.015625,0,0.9496013069112824,pruned
lband_long,1859,4216,MeerKAT:array_1:20250701T095804Z,Gaia_4669713539154051968,49,863.9687235206366,-0.0857484277586778,43.966755,3,0.046875,-1,0.9496190696052196,pruned
lband_short,24803,682369,MeerKAT:array_1:20250711T085603Z,Gaia_4814711458972055680,47,870.4531209766865,-0.37927815010527133,40.24133,2,0.03125,0,0.9496497672842953,pruned
uhf_short,19745,1081716,MeerKAT:array_1:20250707T024904Z,Gaia_2682473982799658240,63,576.0466372966766,-0.0855611877644454,27.17572,2,0.03125,0,0.9496740986450495,pruned
uhf_short,181804,33516969,MeerKAT:array_1:20250712T222705Z,Gaia_2682776868188808448,38,623.9690162539482,-0.01711223755288908,61.50101,4,0.0625,-1,0.9496841022950686,pruned
uhf_long,105037,33876677,MeerKAT:array_1:20250715T124827Z,ex_[VV2006]_J131802.0-021617,31,633.749534368515,0.020371711372487,22.162806,2,0.03125,0,0.949694372825839,pruned
uhf_long,22851,700745,MeerKAT:array_1:20250713T194539Z,Gaia_6024469335275576448,24,559.2504006028175,0.0081486845489948,11.21987,2,0.03125,0,0.9497989721900147,pruned
lband_short,86142,2611434,MeerKAT:array_1:20250708T092055Z,Gaia_2973722316508539776,14,923.9689902812243,-0.19476445545946366,11.780372,1,0.015625,0,0.9498542595809817,pruned
uhf_long,127327,35162270,MeerKAT:array_1:20250723T045553Z,Gaia_4662252111512209152,21,657.6801040768623,-0.014260197960740902,11.658656,1,0.015625,0,0.9498634923022414,pruned
lband_long,23548,691879,MeerKAT:array_1:20250712T060917Z,Gaia_4669698042911946112,51,872.4540086090565,0.09079245292095298,11.451591,1,0.015625,0,0.9499068198235361,pruned
lband_short,24974,682560,MeerKAT:array_1:20250711T085603Z,Gaia_4814709745281296384,56,870.1955656558275,-0.3587766284779594,673.57056,4,0.0625,-1,0.9499426540068859,pruned
uhf_long,52159,1430781,MeerKAT:array_1:20250715T135202Z,ex_CRTS_J153330.1-324437,8,583.9963295459747,-0.014260197960740902,10.796473,4,0.0625,-1,0.9500575358627522,pruned
lband_long,28868,769600,MeerKAT:array_1:20250731T122153Z,Gaia_5834046016040721792,41,879.9980365037918,0.12610062905687913,26.316954,4,0.0625,-1,0.9500698746651027,pruned
uhf_long,85938,33358557,MeerKAT:array_1:20250715T133052Z,ex_CRTS_J151836.5-265334,7,613.1941178441048,-0.028520395921481805,17.663816,1,0.015625,0,0.9501296708009316,pruned
lband_short,26171,684136,MeerKAT:array_1:20250711T092345Z,Gaia_4790698709137405184,6,870.1331997513771,-0.2870213027823675,10.759045,2,0.03125,0,0.9501761307114509,pruned
lband_long,53918,1240525,MeerKAT:array_1:20250701T085314Z,Gaia_4669699382941779584,3,915.9673020392656,0.02017610064910066,211.05157,3,0.046875,-1,0.9502730352030825,pruned
uhf_short,3973,372733,MeerKAT:array_1:20250728T194227Z,Gaia_2682487005140593920,15,552.000074505806,0.07700506898800086,149.12863,1,0.015625,0,0.9504036092111537,pruned
lband_short,450658,410085,MeerKAT:array_1:20250701T144521Z,Gaia_3607199412499854464,9,879.9947328567505,-0.010250760813655982,46.373096,2,0.03125,0,0.9504403888540326,pruned
lband_long,303943,770235,MeerKAT:array_1:20250731T130553Z,Gaia_5422841002316914816,60,879.9976458698511,0.01008805032455033,80.30237,1,0.015625,0,0.95047399182095,pruned
uhf_long,88083,33374411,MeerKAT:array_1:20250722T002453Z,Gaia_6441089237505661696,25,613.1959680914879,0.044817765019471406,28.574537,2,0.03125,0,0.9505282614283668,pruned
uhf_long,105028,33876658,MeerKAT:array_1:20250715T124827Z,ex_[VV2006]_J131712.9-014118,20,633.7495434880257,-0.0162973690979896,32.508354,2,0.03125,0,0.9505338910018019,pruned
lband_short,26508,684526,MeerKAT:array_1:20250711T092345Z,Gaia_4814652158359882752,36,870.1211283653975,-0.2870213027823675,20.212187,1,0.015625,0,0.9505647040369506,pruned
lband_short,24798,682364,MeerKAT:array_1:20250711T085603Z,Gaia_4814711458972055680,47,870.3427389860153,-0.3587766284779594,73.62732,3,0.046875,-1,0.9505811482724658,pruned
lband_short,27114,685401,MeerKAT:array_1:20250711T092345Z,Gaia_4814736850818834176,20,879.2236517518759,-0.04100304325462393,10.0032015,1,0.015625,0,0.9506142675872042,pruned
lband_short,58621,1418268,MeerKAT:array_1:20250712T073536Z,ex_2MASX_J00253041-2600396,2,919.7934116125107,-0.05125380406827991,12.747715,4,0.0625,-1,0.9507895268881951,pruned
lband_short,24498,682048,MeerKAT:array_1:20250711T085603Z,ex_LEDA_545342,34,870.4899107217789,-0.31777358522333543,17.763552,1,0.015625,0,0.9507935689560808,pruned
uhf_short,20279,1095210,MeerKAT:array_1:20250710T221658Z,Gaia_2682778032124941952,56,576.0443949103355,0.05989283143511178,18.383295,1,0.015625,0,0.9508779416836756,pruned
uhf_short,21057,1097010,MeerKAT:array_1:20250711T003519Z,Gaia_2682741271499860352,5,576.044826567173,0.19679073185822443,15.661232,1,0.015625,0,0.9510033957548111,pruned
uhf_long,86130,33358800,MeerKAT:array_1:20250715T133052Z,Gaia_6214192196934384768,61,615.990301668644,-0.05092927843121751,14.731754,3,0.046875,-1,0.9511099038548099,pruned
uhf_long,64660,7198996,MeerKAT:array_1:20250702T183548Z,ex_ASASSN-V_J163403.78-330423.5,21,599.2500415444374,0.0101858556862435,43.33005,2,0.03125,0,0.9511126676936708,pruned
lband_long,1923,4311,MeerKAT:array_1:20250701T095804Z,Gaia_4669736250941165568,15,867.9685759097338,-0.07566037743412748,19.593447,2,0.03125,0,0.9511576221822939,pruned
lband_long,29288,770175,MeerKAT:array_1:20250731T130553Z,Gaia_5422869967576843136,30,879.9976490586996,-0.06052830194730198,74.240776,2,0.03125,0,0.9511788230094215,pruned
lband_short,13012,410078,MeerKAT:array_1:20250701T144521Z,Gaia_3610241413280937088,2,879.9947344511747,-0.03075228244096795,59.505775,3,0.046875,-1,0.9511888528162199,pruned
lband_short,24148,681654,MeerKAT:array_1:20250711T085603Z,ex_LEDA_549179,18,870.2651256024837,-0.33827510685064743,170.07353,2,0.03125,0,0.9511981300974609,pruned
lband_short,26757,684791,MeerKAT:array_1:20250711T092345Z,Gaia_4790695758495871232,55,870.4522567987442,-0.08200608650924786,10.395909,3,0.046875,-1,0.9512704130479691,pruned
lband_long,28857,769589,MeerKAT:array_1:20250731T122153Z,Gaia_5833966610677525888,30,879.9980365037918,0.12610062905687913,27.02974,4,0.0625,-1,0.9512830755491352,pruned
uhf_long,81991,33180338,MeerKAT:array_1:20250705T060310Z,Gaia_6440995504139088128,43,613.1956762671471,-0.0651894763919584,27.708841,1,0.015625,0,0.9513094939981549,pruned
uhf_short,101097,35436022,MeerKAT:array_1:20250717T200827Z,Gaia_4426776685517991168,13,672.0000197291374,-0.11978566287022356,15.564538,4,0.0625,-1,0.9513289676895299,pruned
uhf_short,851,91847,MeerKAT:array_1:20250710T030814Z,Gaia_2699040878547170944,16,551.9994331002235,-0.22245908818755805,62.223774,4,0.0625,-1,0.9513324211281835,pruned
lband_short,58740,1418478,MeerKAT:array_1:20250712T073536Z,Gaia_2323501960525432320,55,919.9978789836168,-0.37927815010527133,14.891663,2,0.03125,0,0.9513818361840459,pruned
sband_long,18065,35526507,MeerKAT:array_1:20250727T163815Z,Gaia_6440701968894754944,16,2183.3577970974147,0.015811281682080274,20.423838,2,0.03125,0,0.9514245963295757,pruned
uhf_long,88116,33374444,MeerKAT:array_1:20250722T002453Z,Gaia_6441072225138813056,58,613.1959680914879,0.040743422744974,32.293015,3,0.046875,-1,0.9514294794491762,pruned
lband_short,20509,443000,MeerKAT:array_1:20250708T112920Z,Gaia_2973714310689547520,32,879.9965090453625,-0.15376141220483974,27.632414,2,0.03125,0,0.951533796615891,pruned
uhf_short,162599,9249155,MeerKAT:array_1:20250710T050136Z,ex_UGC_11807,6,599.9433270096779,-0.01711223755288908,200.8913,3,0.046875,-1,0.9515828687294492,pruned
uhf_long,57900,4540836,MeerKAT:array_1:20250714T162550Z,Gaia_4077143803340521088,7,587.9777903556824,-0.022408882509735703,10.2263775,3,0.046875,-1,0.9515936171751658,pruned
lband_short,19703,441648,MeerKAT:array_1:20250708T101552Z,Gaia_2973638581826367104,25,874.9884735047817,-0.03075228244096795,21.209045,1,0.015625,0,0.9516029850680324,pruned
uhf_long,128496,35369050,MeerKAT:array_1:20250723T012407Z,Gaia_4655482766341128704,38,667.1092504858971,-0.0468549361567201,11.640777,3,0.046875,-1,0.951655087036174,pruned
uhf_long,57278,4420729,MeerKAT:array_1:20250713T205023Z,Gaia_6756212293682420736,15,587.9875310063362,-0.022408882509735703,13.267133,2,0.03125,0,0.9517138086492999,pruned
lband_short,31768,698375,MeerKAT:array_1:20250713T113750Z,Gaia_5096093909202998912,12,869.9943955540657,-0.10250760813655982,19.168566,4,0.0625,-1,0.9517244416576516,pruned
lband_long,23657,692070,MeerKAT:array_1:20250712T092209Z,Gaia_4669702406598752640,24,869.9956152886152,-0.1462767297059798,242.19086,4,0.0625,-1,0.9517695993214093,pruned
lband_long,10876,315990,MeerKAT:array_1:20250719T103545Z,Gaia_4668961816798136192,40,860.1960462927818,0.13618867938142945,15.558086,3,0.046875,-1,0.9517806857842396,pruned
uhf_long,79562,23567707,MeerKAT:array_1:20250710T060816Z,Gaia_5599313580653331456,16,607.2549321651459,-0.024446053646984402,15.436357,1,0.015625,0,0.9519140420020599,pruned
uhf_long,88291,33375859,MeerKAT:array_1:20250723T012407Z,Gaia_4655467407535697792,51,611.9697597026825,-0.0366690804704766,10.027354,1,0.015625,0,0.9519634962291237,pruned
lband_short,19350,441169,MeerKAT:array_1:20250708T094824Z,Gaia_2973934384813570304,55,879.998288422823,-0.2460182595277436,90.72835,2,0.03125,0,0.9520761287043081,pruned
lband_short,24726,682289,MeerKAT:array_1:20250711T085603Z,ex_2MFGC_3840,44,870.3427389860153,-0.3587766284779594,66.10528,3,0.046875,-1,0.9521833239952109,pruned
uhf_long,66865,8287948,MeerKAT:array_1:20250705T194745Z,ex_ASASSN-V_J195422.53-120925.8,4,599.9433320760727,-0.044817765019471406,17.197325,4,0.0625,-1,0.9521924026009995,pruned
lband_short,28397,687006,MeerKAT:array_1:20250711T110722Z,Gaia_4814724279450583808,57,879.994337439537,-0.05125380406827991,76.27103,1,0.015625,0,0.952217296231579,pruned
lband_short,21482,444771,MeerKAT:array_1:20250708T125143Z,Gaia_2973729703852178304,58,876.1984230726957,0.4100304325462393,13.036374,3,0.046875,-1,0.9522335270609472,pruned
lband_long,24017,692430,MeerKAT:array_1:20250712T092209Z,Gaia_4669681996914100864,3,879.9966652989388,0.050440251622751654,70.933655,3,0.046875,-1,0.9522954845385736,pruned
lband_short,4574,241399,MeerKAT:array_1:20250712T072515Z,Gaia_2322720104678830336,48,856.2008129507303,0.21526597708677564,15.143957,2,0.03125,0,0.9523150992638331,pruned
uhf_short,1690,334377,MeerKAT:array_1:20250722T211839Z,Gaia_2682593726488412288,7,549.9918792247772,-0.11122954409377903,23.789454,1,0.015625,0,0.9526023935087157,pruned
uhf_long,72795,11384831,MeerKAT:array_1:20250715T141354Z,J1513_0-3118,0,595.3426737189293,0.028520395921481805,87.65573,2,0.03125,0,0.9527504690157459,pruned
uhf_long,86055,33358710,MeerKAT:array_1:20250715T133052Z,ex_AI_Lib,16,615.9903077483177,-0.07741250321545061,13.841928,4,0.0625,-1,0.9527891792832345,pruned
uhf_short,55170,33197711,MeerKAT:array_1:20250710T050136Z,Gaia_2700873455192855552,23,613.223268866539,0.0427805938822227,19.743954,3,0.046875,-1,0.9528215104292038,pruned
uhf_long,122020,34879557,MeerKAT:array_1:20250723T033528Z,Gaia_4661241939552471296,30,652.9655085802078,0.020371711372487,11.480804,2,0.03125,0,0.9528439694900048,pruned
lband_short,55223,1247790,MeerKAT:array_1:20250702T211800Z,Gaia_6891277607708390528,40,919.7939728498459,0.3075228244096795,11.609126,4,0.0625,-1,0.9528501970220283,pruned
sband_long,20330,323173,MeerKAT:array_1:20250720T164552Z,Gaia_6440709390598240896,19,2191.0422176588327,-0.005270427227360091,47.59423,4,0.0625,-1,0.9528842899793163,pruned
lband_long,20673,436453,MeerKAT:array_1:20250708T085539Z,Gaia_2978704169334031744,46,870.2320652157068,0.06052830194730198,45.471973,2,0.03125,0,0.952983920309633,pruned
lband_long,28831,769563,MeerKAT:array_1:20250731T122153Z,Gaia_5834068693470181760,4,879.9980412870646,0.08070440259640264,27.105116,3,0.046875,-1,0.9531280084257635,pruned
uhf_short,24418,1115232,MeerKAT:array_1:20250713T154120Z,Gaia_1456208013169974656,25,576.0004652142525,-0.24812744451689167,21.703463,3,0.046875,-1,0.953142408019499,pruned
uhf_long,136901,35521092,MeerKAT:array_1:20250723T012407Z,Gaia_4655250322745151616,29,676.5383573770523,-0.0529664495684662,21.049707,3,0.046875,-1,0.9531482393703847,pruned
lband_long,17413,408240,MeerKAT:array_1:20250701T095804Z,Gaia_4669709965741200640,33,875.0093700289726,-0.10088050324550331,52.826706,2,0.03125,0,0.9532072670092148,pruned
uhf_short,3716,346017,MeerKAT:array_1:20250723T234200Z,Gaia_2682551880622063104,32,551.99994379282,0.2909080383991144,114.56541,3,0.046875,-1,0.9535455699894925,pruned
lband_short,58675,1418369,MeerKAT:array_1:20250712T073536Z,Gaia_2323507939119865600,27,920.0908402949572,-0.03075228244096795,10.965498,1,0.015625,0,0.9535606392625781,pruned
uhf_long,131927,35411554,MeerKAT:array_1:20250713T200741Z,Gaia_4148204728814711296,2,671.9837474822998,-0.044817765019471406,10.192696,1,0.015625,0,0.9535697861501489,pruned
uhf_short,71321,33547732,MeerKAT:array_1:20250716T201432Z,Gaia_4426432881976680704,35,625.0293204784393,0.0855611877644454,215.1493,2,0.03125,0,0.9537242451640299,pruned
uhf_long,12982,298099,MeerKAT:array_1:20250717T054309Z,Gaia_4669679454293449344,10,546.0165031552315,0.0183345402352383,10.01076,1,0.015625,0,0.9537486443409046,pruned
uhf_long,24165,705605,MeerKAT:array_1:20250715T133052Z,Gaia_6214327711742533248,46,559.250361084938,0.012223026823492201,15.550759,1,0.015625,0,0.953773840375968,pruned
lband_long,1173,2824,MeerKAT:array_1:20250701T085314Z,Gaia_4669727489207812736,9,867.7027487158775,-0.02017610064910066,12.108288,1,0.015625,0,0.953807859215603,pruned
lband_short,24573,682130,MeerKAT:array_1:20250711T085603Z,ex_PGC0130374,38,870.2323522120714,-0.27677054196871154,23995.922,2,0.03125,0,0.95386646991079,pruned
uhf_short,101138,35436122,MeerKAT:array_1:20250717T200827Z,Gaia_4426781530241114112,38,672.0000136494637,-0.0427805938822227,15.065856,4,0.0625,-1,0.9539007889753137,pruned
lband_short,8493,322198,MeerKAT:array_1:20250720T121928Z,ex_LEDA_942369,41,863.9588157683611,-0.1127583689502158,10.8319235,3,0.046875,-1,0.953931152108877,pruned
lband_short,33322,735147,MeerKAT:array_1:20250719T113106Z,Gaia_2993087774292762368,19,879.9934892058372,-0.25626902034139953,49.783054,2,0.03125,0,0.953950078564065,pruned
uhf_long,13021,298138,MeerKAT:array_1:20250717T054309Z,ex_1RXS_J040340.3-655818,30,545.9999127388,-0.034631909333227906,16.369001,3,0.046875,-1,0.9539765104991835,pruned
uhf_long,89585,33377352,MeerKAT:array_1:20250723T033528Z,Gaia_4658248759709772416,38,613.1959772109985,0.022408882509735703,49.36201,4,0.0625,-1,0.9539773930823477,pruned
lband_short,450659,410136,MeerKAT:array_1:20250701T144521Z,Gaia_3607235077908381824,60,879.9947328567505,-0.010250760813655982,64.70931,2,0.03125,0,0.9540853592092892,pruned
uhf_short,17164,1061786,MeerKAT:array_1:20250702T012148Z,Gaia_2682555763272475008,12,576.0444293618202,-0.11978566287022356,21.610453,1,0.015625,0,0.9541398179740938,pruned
lband_short,23291,680646,MeerKAT:array_1:20250711T085603Z,Gaia_4814722595823458688,4,869.8644212782383,-0.33827510685064743,15.136723,4,0.0625,-1,0.9541683754140782,pruned
lband_long,68878,1554712,MeerKAT:array_1:20250701T095804Z,Gaia_4669729585151865728,12,923.9665540009737,-0.10592452840777847,14.800329,3,0.046875,-1,0.9541890081820694,pruned
lband_long,56805,1262159,MeerKAT:array_1:20250705T204042Z,Gaia_6440700972460971136,16,919.9843678325415,-0.04539622646047649,25.012253,3,0.046875,-1,0.954267395574829,pruned
uhf_long,100352,33630646,MeerKAT:array_1:20250723T012407Z,Gaia_4655472011740286976,39,625.0211301445961,-0.0468549361567201,10.739902,4,0.0625,-1,0.9543172488166264,pruned
lband_long,54172,1240853,MeerKAT:array_1:20250701T085314Z,Gaia_4669727145610415104,15,919.9671592116356,0.02017610064910066,339.2006,4,0.0625,-1,0.9543923707357814,pruned
uhf_short,101082,35435982,MeerKAT:array_1:20250717T200827Z,Gaia_4426828809241139584,3,672.0000177025795,-0.07700506898800086,15.134329,3,0.046875,-1,0.9545009680192983,pruned
lband_short,23092,680383,MeerKAT:array_1:20250711T082812Z,Gaia_4790696376970983040,28,875.0448938012123,-0.09225684732290385,15.461089,1,0.015625,0,0.9545174295677388,pruned
lband_long,20535,436290,MeerKAT:array_1:20250708T083640Z,Gaia_4669681996914101120,18,879.9958712756634,-0.18662893100418113,230.81252,4,0.0625,-1,0.954692352065607,pruned
uhf_long,20976,417869,MeerKAT:array_1:20250704T054305Z,Gaia_6441845284892398976,14,559.2504056692123,0.044817765019471406,14.5014925,1,0.015625,0,0.9546969067116731,pruned
uhf_short,19031,1078955,MeerKAT:array_1:20250706T234838Z,Gaia_4426311248499514624,3,576.0463586449623,-0.2737958008462253,22.574371,3,0.046875,-1,0.9547389961521534,pruned
lband_short,5673,243959,MeerKAT:array_1:20250712T084022Z,Gaia_2323445129518134144,13,864.0852169394493,0.03075228244096795,12.52548,4,0.0625,-1,0.9548216648034754,pruned
uhf_long,135987,35450873,MeerKAT:array_1:20250719T053812Z,Gaia_4669731887254377472,46,673.8901011347771,-0.028520395921481805,12.447776,1,0.015625,0,0.954852423637483,pruned
lband_short,20878,443677,MeerKAT:array_1:20250708T122415Z,Gaia_2973731696717026944,49,872.2142454683781,0.3075228244096795,15.972854,2,0.03125,0,0.9549246746035788,pruned
lband_short,26078,684029,MeerKAT:array_1:20250711T092345Z,Gaia_4814707546258049024,49,870.010738402605,-0.20501521627311964,10.595952,1,0.015625,0,0.9549610001835909,pruned
lband_long,28843,769575,MeerKAT:array_1:20250731T122153Z,Gaia_5834068143714259328,16,879.9980412870646,0.08070440259640264,27.642439,3,0.046875,-1,0.9549632957392789,pruned
uhf_short,19136,1079211,MeerKAT:array_1:20250706T234838Z,Gaia_4426338220897324416,33,576.0463586449623,-0.2737958008462253,23.857183,3,0.046875,-1,0.95497637873201,pruned
uhf_short,6493,383541,MeerKAT:array_1:20250730T204925Z,Gaia_2698953433012980992,10,551.9728659391403,-0.11122954409377903,15.259489,2,0.03125,0,0.9549917213704618,pruned
uhf_long,66922,8288005,MeerKAT:array_1:20250705T194745Z,ex_ASASSN-V_J195628.07-115349.6,23,599.943323969841,0.006111513411746101,20.415709,1,0.015625,0,0.9550114044533431,pruned
lband_short,33180,734724,MeerKAT:array_1:20250719T113106Z,Gaia_2992935217054558464,8,876.2004575580359,-0.1742629338321517,18.205563,4,0.0625,-1,0.9550528994564309,pruned
lband_short,20504,442990,MeerKAT:array_1:20250708T112920Z,Gaia_2973618962415819648,28,879.9965106397867,-0.0615045648819359,53.11686,4,0.0625,-1,0.9550579528692427,pruned
lband_short,24791,682357,MeerKAT:array_1:20250711T085603Z,Gaia_4814711458972055680,47,870.2651192247868,-0.2460182595277436,264.38412,3,0.046875,-1,0.9550608776384956,pruned
lband_long,167528,29024735,MeerKAT:array_1:20250719T103545Z,Gaia_4669726625918388224,44,960.0047576576471,0.035308176135926156,25.602238,2,0.03125,0,0.9551443290577456,pruned
lband_long,29314,770201,MeerKAT:array_1:20250731T130553Z,Gaia_5423613443595632128,43,879.9976331144571,0.06052830194730198,77.917114,1,0.015625,0,0.955199105355219,pruned
uhf_short,47872,12888997,MeerKAT:array_1:20250723T211918Z,Gaia_2699251331944693120,52,599.9829928278923,-0.2139029694111135,18.875366,3,0.046875,-1,0.9552093219185942,pruned
uhf_long,106355,33907489,MeerKAT:array_1:20250718T054018Z,Gaia_4669681722036210688,16,633.7495708465576,0.024446053646984402,38.820213,2,0.03125,0,0.9553877208997106,pruned
lband_short,4140,88340,MeerKAT:array_1:20250709T052824Z,Gaia_4936950939796193152,3,864.0862756371498,-0.33827510685064743,19.337896,1,0.015625,0,0.955423771459747,pruned
lband_short,25136,682738,MeerKAT:array_1:20250711T085603Z,Gaia_4814711016591606912,63,870.3019233196974,-0.37927815010527133,16.625824,1,0.015625,0,0.9554572094301257,pruned
lband_short,228262,21434600,MeerKAT:array_1:20250708T101552Z,Gaia_2973640231093802240,51,960.0946210026741,-0.1230091297638718,21.347738,2,0.03125,0,0.9555571711755283,pruned
uhf_long,109051,34499953,MeerKAT:array_1:20250715T141354Z,ex_CRTS_J151405.7-314503,9,643.9959216713905,0.0264832247842331,12.338935,3,0.046875,-1,0.9555630727737154,pruned
lband_short,5738,244056,MeerKAT:array_1:20250712T084022Z,Gaia_2323471723955675136,27,864.0852169394493,0.03075228244096795,11.595704,4,0.0625,-1,0.9556623075562369,pruned
lband_short,31649,698256,MeerKAT:array_1:20250713T111016Z,Gaia_5096076523175408512,41,874.9910644441843,-0.1230091297638718,1314.7019,4,0.0625,-1,0.9557329282679844,pruned
uhf_long,20882,417774,MeerKAT:array_1:20250704T054305Z,Gaia_6440682108965977216,38,552.9638324975967,0.0366690804704766,12.285696,2,0.03125,0,0.9557531077876393,pruned
uhf_short,29779,1127765,MeerKAT:array_1:20250715T002705Z,Gaia_2682550471872804736,35,576.0464245080948,0.0855611877644454,23.809391,4,0.0625,-1,0.9558161736971442,pruned
lband_long,29309,770196,MeerKAT:array_1:20250731T130553Z,Gaia_5422755721446663296,41,879.9854931682348,0.03026415097365099,12.660207,1,0.015625,0,0.955963455442383,pruned
uhf_long,133272,35417746,MeerKAT:array_1:20250715T130947Z,ex_CE_Nor,1,675.8447233438492,0.0101858556862435,10.092393,2,0.03125,0,0.9560149647533341,pruned
uhf_long,105197,33877023,MeerKAT:array_1:20250715T130947Z,ex_AI_TrA,14,633.7495171427727,0.0081486845489948,20.465878,1,0.015625,0,0.9560205966893364,pruned
uhf_long,136287,35465193,MeerKAT:array_1:20250720T052239Z,Gaia_4669671826429884928,17,672.0527791380882,-0.0468549361567201,10.950864,2,0.03125,0,0.9560611064973491,pruned
lband_long,22109,675827,MeerKAT:array_1:20250710T123913Z,Gaia_2894221990825582592,49,874.9865601956844,0.06557232710957715,33.581882,2,0.03125,0,0.9561731636556745,pruned
uhf_long,85946,33358572,MeerKAT:array_1:20250715T133052Z,ex_LEDA_761943,22,613.1941178441048,-0.024446053646984402,20.573198,1,0.015625,0,0.9562365603393644,pruned
uhf_long,121950,34879487,MeerKAT:array_1:20250723T033528Z,Gaia_4661275882626648448,40,650.0218531489372,0.030557567058730504,28.504602,1,0.015625,0,0.9562781614054678,pruned
uhf_long,129234,35383800,MeerKAT:array_1:20250702T183548Z,ex_Gaia_DR3_6024573960660525952,7,679.2496973276138,-0.012223026823492201,12.508257,1,0.015625,0,0.9563015748219525,pruned
uhf_short,174255,33403880,MeerKAT:array_1:20250731T212434Z,Gaia_2699628704951005440,36,615.2238554358482,-0.01711223755288908,19.966188,4,0.0625,-1,0.956426458448274,pruned
uhf_long,101257,33631588,MeerKAT:array_1:20250723T030515Z,ex_ASASSN-V_J053549.29-693756.9,39,625.0210004448891,-0.038706251607725305,25.7788,2,0.03125,0,0.9564628802355336,pruned
lband_short,18715,439511,MeerKAT:array_1:20250708T094824Z,Gaia_2973621333237785088,42,870.1989251077175,-0.31777358522333543,147.63582,2,0.03125,0,0.9565086799413159,pruned
uhf_long,66998,8288083,MeerKAT:array_1:20250705T194745Z,Gaia_4189249905832878848,49,599.9433310627937,-0.040743422744974,15.093108,4,0.0625,-1,0.9565260711335435,pruned
sband_short,20753,347836,MeerKAT:array_1:20250724T183832Z,Gaia_6103242711958658048,25,2190.4477949719876,0.021421736472495855,10.697321,3,0.046875,-1,0.9565379797612652,pruned
uhf_long,136911,35521102,MeerKAT:array_1:20250723T012407Z,Gaia_4655480876554034432,46,676.5383563637733,-0.048892107293968805,11.360891,4,0.0625,-1,0.9566103703796405,pruned
uhf_long,45322,1137468,MeerKAT:array_1:20250716T012443Z,ex_2MASX_J04120867-6528156,21,576.0417593717575,0.0733381609409532,11.55637,3,0.046875,-1,0.9566336942987229,pruned
lband_short,26194,684159,MeerKAT:array_1:20250711T092345Z,Gaia_4814717579301657728,7,870.4154766201973,-0.2870213027823675,11.420975,1,0.015625,0,0.956725609673153,pruned
lband_long,28852,769584,MeerKAT:array_1:20250731T122153Z,Gaia_5834011518859072640,25,879.9980412870646,0.08070440259640264,25.682367,3,0.046875,-1,0.956893531374057,pruned
lband_short,6310,245333,MeerKAT:array_1:20250712T091244Z,Gaia_2323476564383214720,10,866.6568622142076,0.31777358522333543,19.486237,3,0.046875,-1,0.95697263491107,pruned
lband_long,55207,1242036,MeerKAT:array_1:20250701T095804Z,Gaia_4669700070136544640,7,919.966698423028,-0.10592452840777847,91.49794,2,0.03125,0,0.9569754776473282,pruned
lband_short,26851,684897,MeerKAT:array_1:20250711T092345Z,Gaia_4814710741713703680,63,870.3050802797079,-0.04100304325462393,60.75126,1,0.015625,0,0.9569917555240357,pruned
lband_short,26164,684128,MeerKAT:array_1:20250711T092345Z,Gaia_4814729429115402880,5,870.194699883461,-0.04100304325462393,185.20128,1,0.015625,0,0.9570068362486571,pruned
lband_long,60939,1423052,MeerKAT:array_1:20250713T100933Z,Gaia_3394189547383394944,19,919.7910279482603,0.06052830194730198,16.277435,2,0.03125,0,0.9570165678957997,pruned
lband_short,455407,680557,MeerKAT:array_1:20250711T082812Z,Gaia_4790685210056006272,20,879.9968311190605,0.010250760813655982,90.178825,1,0.015625,0,0.9573434747074773,pruned
lband_short,455798,687403,MeerKAT:array_1:20250711T113506Z,Gaia_4814660262961717632,60,879.9942066967487,0.020501521627311965,80.22714,4,0.0625,-1,0.9573597767268086,pruned
uhf_long,67013,8288098,MeerKAT:array_1:20250705T194745Z,Gaia_4189421743175466112,54,599.9433310627937,-0.040743422744974,20.70774,4,0.0625,-1,0.9574114948092025,pruned
uhf_short,101140,35436126,MeerKAT:array_1:20250717T200827Z,Gaia_4426470196652716672,39,672.0000197291374,-0.11978566287022356,15.557685,4,0.0625,-1,0.9574484914089819,pruned
lband_long,55107,1241936,MeerKAT:array_1:20250701T095804Z,Gaia_4669710824734657920,51,917.5667949616909,-0.15132075486825497,22.184994,4,0.0625,-1,0.9575679866009497,pruned
lband_long,17504,408403,MeerKAT:array_1:20250701T095804Z,Gaia_4669714191989054848,57,875.0093700289726,-0.10088050324550331,53.49941,2,0.03125,0,0.9575760337674292,pruned
uhf_short,173888,33397954,MeerKAT:array_1:20250730T211442Z,Gaia_2682779032852352896,1,615.2238635420799,0.01711223755288908,16.737331,3,0.046875,-1,0.9576017912549589,pruned
uhf_short,164975,12888992,MeerKAT:array_1:20250723T211918Z,Gaia_2699022667886015104,51,600.0007545948029,0.01711223755288908,22.472046,4,0.0625,-1,0.9576290644933118,pruned
uhf_long,41921,1122860,MeerKAT:array_1:20250713T211114Z,Gaia_4189273790143220480,42,576.0405424237251,-0.0081486845489948,53.192375,4,0.0625,-1,0.9576391909241139,pruned
lband_long,23639,692052,MeerKAT:array_1:20250712T092209Z,Gaia_4669815106540510848,6,869.9956152886152,-0.1462767297059798,247.72145,4,0.0625,-1,0.9576498268485133,pruned
uhf_long,110807,34595520,MeerKAT:array_1:20250729T031818Z,Gaia_4668952986345275648,37,644.3067409396172,0.024446053646984402,10.492192,1,0.015625,0,0.9576623616177535,pruned
uhf_long,91594,33456010,MeerKAT:array_1:20250704T054305Z,Gaia_6440693138442023936,31,626.6923595070839,0.038706251607725305,26.603193,3,0.046875,-1,0.9577647726294002,pruned
uhf_long,103768,33709842,MeerKAT:array_1:20250705T060310Z,Gaia_6441080785009795840,29,633.749560713768,0.024446053646984402,23.621563,1,0.015625,0,0.9578188928181137,pruned
uhf_short,82848,34884337,MeerKAT:array_1:20250723T234200Z,Gaia_2682777280505662592,9,648.0004416704178,-0.05989283143511178,21.12282,4,0.0625,-1,0.9578401416031818,pruned
lband_short,10095,391425,MeerKAT:array_1:20250731T041226Z,Gaia_2546865342527290368,46,863.9559633433819,0.2255167379004316,14.3265295,2,0.03125,0,0.958008688847514,pruned
lband_short,457450,698419,MeerKAT:array_1:20250713T113750Z,Gaia_5096286461177179648,35,869.9928601235151,-0.010250760813655982,11.860905,1,0.015625,0,0.9580089163604196,pruned
lband_long,68909,1554743,MeerKAT:array_1:20250701T095804Z,Gaia_4669815759375542784,27,923.9794528931379,-0.05548427678502682,11.222923,1,0.015625,0,0.9582030189134702,pruned
lband_short,26176,684141,MeerKAT:array_1:20250711T092345Z,Gaia_4790698709137405184,6,870.264277368784,-0.26651978115505554,54.00192,1,0.015625,0,0.9582394752274558,pruned
uhf_long,182736,23567754,MeerKAT:array_1:20250710T060816Z,Gaia_5599127419588452736,23,607.2236796021461,-0.0020371711372487,3710.524,1,0.015625,0,0.9582515748502568,pruned
uhf_long,126414,35161337,MeerKAT:array_1:20250723T012407Z,Gaia_4655272205542692352,53,657.6801446080208,-0.048892107293968805,12.0842495,4,0.0625,-1,0.9582849137354731,pruned
uhf_long,115220,34807235,MeerKAT:array_1:20250713T200741Z,Gaia_4124141160933323904,46,650.0221804380417,0.034631909333227906,14.249775,4,0.0625,-1,0.9583067585560928,pruned
lband_long,24046,692469,MeerKAT:array_1:20250712T092209Z,Gaia_4669686012707274624,32,879.9966652989388,0.050440251622751654,55.14248,3,0.046875,-1,0.958464940610914,pruned
lband_short,24569,682126,MeerKAT:array_1:20250711T085603Z,ex_PGC0130374,38,870.1627938598394,-0.33827510685064743,56.799995,1,0.015625,0,0.9585244840947587,pruned
uhf_long,84403,33346836,MeerKAT:array_1:20250713T192439Z,Gaia_5820208593414920832,43,613.1961859464645,-0.0733381609409532,26.5602,3,0.046875,-1,0.9585470112661911,pruned
uhf_long,105974,33878149,MeerKAT:array_1:20250715T143518Z,Gaia_6272718754201275008,50,633.7495029568672,0.0366690804704766,42.381184,2,0.03125,0,0.9585563545727102,pruned
lband_long,62725,1444984,MeerKAT:array_1:20250719T204244Z,Gaia_6440685059608398464,60,919.7941386699677,-0.025220125811375827,10.654683,1,0.015625,0,0.958557309629855,pruned
lband_short,59190,1419481,MeerKAT:array_1:20250712T084022Z,ex_2MASX_J00253041-2600396,2,920.0907366573811,0.0615045648819359,15.698299,3,0.046875,-1,0.9586654689645246,pruned
uhf_short,31208,1136580,MeerKAT:array_1:20250715T222140Z,Gaia_4426444461208578560,58,576.0451720952988,-0.18823461308177988,34.72425,3,0.046875,-1,0.958681915881771,pruned
lband_short,6316,245339,MeerKAT:array_1:20250712T091244Z,Gaia_2323496325528339456,16,866.6568701863289,0.1742629338321517,30.281496,2,0.03125,0,0.958720006864609,pruned
uhf_short,101460,35436566,MeerKAT:array_1:20250717T220401Z,ex_2MASX_J21312131+0515195,9,671.9997664093971,-0.03422447510577816,16.274843,3,0.046875,-1,0.9587285508915537,pruned
uhf_short,63191,33515228,MeerKAT:array_1:20250712T200859Z,Gaia_4426465523728220288,7,623.9931039214134,0.05133671265866724,19.125782,4,0.0625,-1,0.9587668539256582,pruned
lband_short,27223,685525,MeerKAT:array_1:20250711T092345Z,Gaia_4814735545148476800,25,879.9766106307507,-0.1742629338321517,12.44942,1,0.015625,0,0.959035250482394,pruned
lband_long,64949,1476233,MeerKAT:array_1:20250731T124411Z,Gaia_5850069267700290176,4,919.9847680330276,0.12610062905687913,35.94548,4,0.0625,-1,0.9591011404439649,pruned
lband_short,32108,698801,MeerKAT:array_1:20250713T120523Z,Gaia_5096100918589623168,46,869.9925619661808,-0.33827510685064743,12.423729,1,0.015625,0,0.9591821178098984,pruned
uhf_long,13065,298182,MeerKAT:array_1:20250717T054309Z,Gaia_4669814384986013056,52,545.9999127388,-0.034631909333227906,16.545546,3,0.046875,-1,0.9591969488921422,pruned
uhf_long,85965,33358612,MeerKAT:array_1:20250715T133052Z,Gaia_6226370181568148864,62,613.1941188573837,-0.0366690804704766,20.620434,1,0.015625,0,0.959326414657841,pruned
lband_short,8487,322192,MeerKAT:array_1:20250720T121928Z,ex_LEDA_941779,39,863.9588157683611,-0.1845136946458077,11.022947,4,0.0625,-1,0.9593302258810711,pruned
uhf_long,125238,35005151,MeerKAT:array_1:20250715T124827Z,ex_[VV2006]_J131735.5-021504,26,655.9974469542503,-0.055003620705714906,43.42752,3,0.046875,-1,0.9593690005932181,pruned
lband_long,22070,675747,MeerKAT:array_1:20250710T123913Z,Gaia_2893830873923147264,9,874.9865633845329,0.015132075486825495,42.65878,4,0.0625,-1,0.9593901265456963,pruned
lband_short,18741,439873,MeerKAT:array_1:20250708T094824Z,ex_CRTS_J044623.8-215436,7,871.9704516232014,-0.05125380406827991,21.880041,2,0.03125,0,0.9594191460238618,pruned
lband_short,457895,734234,MeerKAT:array_1:20250719T113106Z,Gaia_2993069838509747200,22,872.2136539369822,-0.010250760813655982,10.453475,3,0.046875,-1,0.9594919310750453,pruned
uhf_long,125054,34994206,MeerKAT:array_1:20250713T211114Z,Gaia_4190085019265423872,7,658.6250900626183,0.05092927843121751,12.232661,1,0.015625,0,0.959532656063383,pruned
uhf_short,47565,12888161,MeerKAT:array_1:20250723T192702Z,Gaia_4426364815334881152,31,599.9878211021423,-0.0855611877644454,18.629078,2,0.03125,0,0.9595564694546695,pruned
uhf_long,65353,7857848,MeerKAT:array_1:20250704T054305Z,Gaia_6441459944722781952,59,602.1161882281303,-0.020371711372487,10.581882,1,0.015625,0,0.9595686640398474,pruned
lband_long,22102,675811,MeerKAT:array_1:20250710T123913Z,Gaia_2894411381703462400,41,874.9865601956844,0.05548427678502682,42.69273,1,0.015625,0,0.9596160677991258,pruned
uhf_long,120713,34877579,MeerKAT:array_1:20250723T012407Z,Gaia_4655298456380769024,62,650.0219757556915,-0.0631523052547097,17.870901,3,0.046875,-1,0.9596288963406786,pruned
uhf_long,105040,33876682,MeerKAT:array_1:20250715T124827Z,ex_[VV2006]_J131844.0-013821,34,633.7495414614677,-0.0081486845489948,21.431293,3,0.046875,-1,0.9596509299487977,pruned
uhf_short,3919,372651,MeerKAT:array_1:20250728T194227Z,ex_LEDA_1191080,4,552.0000704526901,0.0855611877644454,151.61179,1,0.015625,0,0.9596784807768284,pruned
lband_long,2181,5758,MeerKAT:array_1:20250701T133303Z,Gaia_4669723537837887232,13,864.7355331629515,-0.03026415097365099,11.091765,2,0.03125,0,0.9596869528207289,pruned
uhf_long,51055,1234655,MeerKAT:array_1:20250729T055516Z,Gaia_4669831908452598912,29,576.0164020657539,-0.059077962980212305,96.42125,1,0.015625,0,0.9598750241854423,pruned
uhf_long,126411,35161334,MeerKAT:array_1:20250723T012407Z,Gaia_4655252384328700160,50,657.6801446080208,-0.048892107293968805,11.153514,4,0.0625,-1,0.9599178804893076,pruned
lband_short,20838,443550,MeerKAT:array_1:20250708T115647Z,Gaia_2973834123097075840,49,879.9964261353016,-0.3587766284779594,53.823017,1,0.015625,0,0.9599662286784946,pruned
lband_short,59668,1420278,MeerKAT:array_1:20250712T091244Z,Gaia_2323484986814681216,55,919.7921902835369,0.19476445545946366,10.295175,3,0.046875,-1,0.9600264595702866,pruned
lband_long,17189,407910,MeerKAT:array_1:20250701T095804Z,Gaia_4669733742680268544,31,871.9684378653765,-0.10592452840777847,58.59143,1,0.015625,0,0.9600387846149124,pruned
uhf_long,81560,33164733,MeerKAT:array_1:20250702T183548Z,ex_ASASSN-V_J163541.63-322853.2,3,613.195937693119,0.024446053646984402,37.717125,3,0.046875,-1,0.9600942595491393,pruned
uhf_short,71926,33559283,MeerKAT:array_1:20250717T200827Z,Gaia_4426418553965743488,50,623.9691307544708,-0.18823461308177988,128.9722,2,0.03125,0,0.9601125961660961,pruned
lband_short,8461,322166,MeerKAT:array_1:20250720T121928Z,ex_2MASX_J13364094-1253266,31,863.9588173627853,-0.20501521627311964,10.029747,3,0.046875,-1,0.9601797710260288,pruned
uhf_short,184129,33527275,MeerKAT:array_1:20250713T172342Z,Gaia_1468316316252881024,52,623.96996062994,0.00855611877644454,15.686626,3,0.046875,-1,0.9601912362875428,pruned
lband_short,33168,734696,MeerKAT:array_1:20250719T113106Z,Gaia_2992772454972873600,3,876.2004575580359,-0.1742629338321517,35.811874,4,0.0625,-1,0.9602616108975771,pruned
lband_short,26596,684617,MeerKAT:array_1:20250711T092345Z,Gaia_4790681945880897920,42,870.2682857513428,-0.04100304325462393,179.55344,1,0.015625,0,0.9602863529920921,pruned
lband_short,453683,437980,MeerKAT:array_1:20250708T092055Z,Gaia_2973725340165506816,42,875.0041578561068,-0.020501521627311965,21.433107,3,0.046875,-1,0.9603122868735685,pruned
uhf_long,123017,34894049,MeerKAT:array_1:20250728T151003Z,ex_Cl*_NGC_5139_SAW_V205,45,647.9691617488861,0.0427805938822227,46.320827,4,0.0625,-1,0.9603145548593202,pruned
uhf_long,96976,33538814,MeerKAT:array_1:20250715T130947Z,ex_ASASSN-V_J161135.94-595828.8,33,626.6923888921738,0.0162973690979896,10.668541,1,0.015625,0,0.9603234206470868,pruned
lband_short,18662,438625,MeerKAT:array_1:20250708T092055Z,Gaia_2973828144502741632,46,879.9704657196999,-0.14351065139118374,11.862045,4,0.0625,-1,0.9603769203872616,pruned
lband_short,26245,684214,MeerKAT:array_1:20250711T092345Z,Gaia_4790682564356198912,12,870.1211219877005,-0.1127583689502158,12.53438,1,0.015625,0,0.9604276837608113,pruned
uhf_long,79651,23567838,MeerKAT:array_1:20250710T060816Z,Gaia_5598369478122578816,35,607.25492811203,0.006111513411746101,12.236804,4,0.0625,-1,0.9605072499908683,pruned
uhf_short,87769,34911725,MeerKAT:array_1:20250731T192546Z,ex_SDSS_J155203.13+055001.6,57,650.0225857496262,0.0427805938822227,22.105015,2,0.03125,0,0.9605505671650613,pruned
lband_short,447718,391491,MeerKAT:array_1:20250731T041226Z,Gaia_2546787861317282688,56,863.9559792876244,-0.010250760813655982,16.228666,2,0.03125,0,0.9605652952053615,pruned
lband_long,187752,32862265,MeerKAT:array_1:20250731T120456Z,Gaia_5422837257105417216,49,961.9998112916946,0.015132075486825495,42.608967,2,0.03125,0,0.9606036699833945,pruned
lband_long,55089,1241918,MeerKAT:array_1:20250701T095804Z,Gaia_4669709965741200640,33,917.5667933672667,-0.14123270454370462,21.081358,3,0.046875,-1,0.9606060680765596,pruned
lband_long,54175,1240856,MeerKAT:array_1:20250701T085314Z,Gaia_4669722124792715520,18,919.9671592116356,0.02017610064910066,276.45016,4,0.0625,-1,0.9606559309677916,pruned
lband_long,22585,676929,MeerKAT:array_1:20250710T140151Z,ex_ASASSN-V_J110313.38-640711.5,11,879.9918023049831,-0.07061635227185231,15.068954,1,0.015625,0,0.9606839068913672,pruned
lband_long,24052,692477,MeerKAT:array_1:20250712T092209Z,Gaia_4669713539154051968,38,879.9966652989388,0.06557232710957715,52.219395,2,0.03125,0,0.9607017429986083,pruned
uhf_long,87877,33370925,MeerKAT:array_1:20250720T024534Z,Gaia_4669051736233571456,23,613.1961596012115,-0.030557567058730504,90.49279,3,0.046875,-1,0.9607164251924478,pruned
uhf_short,66345,33526719,MeerKAT:array_1:20250713T164848Z,ex_SDSS_J160659.31+265538.0,9,625.028206884861,0.05133671265866724,32.75408,4,0.0625,-1,0.9607438030679055,pruned
lband_short,26253,684222,MeerKAT:array_1:20250711T092345Z,Gaia_4790682564356198912,12,870.3050898462534,-0.1127583689502158,44.363663,1,0.015625,0,0.9607455424398816,pruned
lband_long,56802,1262155,MeerKAT:array_1:20250705T204042Z,Gaia_6440704167917990656,14,919.9843678325415,-0.04539622646047649,26.194483,3,0.046875,-1,0.9607748974324266,pruned
lband_short,18533,438095,MeerKAT:array_1:20250708T092055Z,Gaia_2973618137782113280,60,875.0041546672583,0.19476445545946366,24.255962,1,0.015625,0,0.960815956394959,pruned
lband_short,33177,734718,MeerKAT:array_1:20250719T113106Z,Gaia_2993083788563508224,7,876.2004575580359,-0.1742629338321517,16.796444,4,0.0625,-1,0.9608326185706111,pruned
uhf_long,132713,35414334,MeerKAT:array_1:20250714T162550Z,Gaia_4077098865168420736,25,671.9928507804871,-0.07741250321545061,39.85988,1,0.015625,0,0.9608500316258479,pruned
uhf_short,124684,1035695,MeerKAT:array_1:20250730T211442Z,Gaia_2682497764034027776,26,563.9721863269806,-0.01711223755288908,19.552597,4,0.0625,-1,0.9608836636382622,pruned
lband_short,58699,1418406,MeerKAT:array_1:20250712T073536Z,Gaia_2323493130072650240,37,919.7934084236622,-0.03075228244096795,10.114656,2,0.03125,0,0.9609690792611767,pruned
uhf_short,101118,35436078,MeerKAT:array_1:20250717T200827Z,Gaia_4429441661182884608,27,672.0000166893005,-0.05989283143511178,15.207592,4,0.0625,-1,0.9609795068261965,pruned
uhf_long,101215,33631546,MeerKAT:array_1:20250723T030515Z,ex_BSDL_2865,18,625.021001458168,-0.048892107293968805,21.57038,4,0.0625,-1,0.9611175789769086,pruned
lband_short,25990,683921,MeerKAT:array_1:20250711T092345Z,Gaia_4790698709137405184,6,870.0107479691505,-0.31777358522333543,10.594288,1,0.015625,0,0.9611177532302007,pruned
uhf_long,86075,33358734,MeerKAT:array_1:20250715T133052Z,Gaia_6214189379435398016,28,615.990301668644,-0.05092927843121751,14.296442,3,0.046875,-1,0.9611298499390962,pruned
lband_short,18377,437885,MeerKAT:array_1:20250708T092055Z,Gaia_2973935411308690432,27,874.9936808943748,-0.1742629338321517,79.89115,4,0.0625,-1,0.9611682011711139,pruned
lband_short,475254,1246108,MeerKAT:array_1:20250701T220028Z,Gaia_1315525466037121024,8,919.984538435936,0.020501521627311965,12.494523,4,0.0625,-1,0.9611699391752635,pruned
uhf_long,109055,34499984,MeerKAT:array_1:20250715T141354Z,Gaia_6210724234180034944,40,643.9959257245064,0.0081486845489948,12.500407,1,0.015625,0,0.9611754165335018,pruned
uhf_short,63336,33515377,MeerKAT:array_1:20250712T200859Z,ex_SDSS_J155203.13+055001.6,42,623.9931039214134,0.05133671265866724,18.390833,4,0.0625,-1,0.9611876848836567,pruned
lband_short,4348,88879,MeerKAT:array_1:20250709T052824Z,Gaia_4936845386679996672,49,863.9153342247009,0.09225684732290385,11.265276,2,0.03125,0,0.9612951504622237,pruned
lband_short,18735,439861,MeerKAT:array_1:20250708T094824Z,Gaia_2973639750057471488,4,871.9704532176256,-0.07175532569559187,28.92308,2,0.03125,0,0.9613700425490371,pruned
uhf_long,178728,8288104,MeerKAT:array_1:20250705T194745Z,Gaia_4190087222591921664,56,599.94332498312,0.0020371711372487,12.533465,4,0.0625,-1,0.9616086030855049,pruned
uhf_long,118446,34831781,MeerKAT:array_1:20250715T141354Z,Gaia_6210736672405383936,42,654.3239914178848,0.0325947381959792,14.041613,3,0.046875,-1,0.9616133604280459,pruned
lband_short,20535,443047,MeerKAT:array_1:20250708T112920Z,Gaia_2973618790617128576,49,879.9965106397867,-0.0615045648819359,56.813286,4,0.0625,-1,0.9616291437086867,pruned
uhf_long,23317,702621,MeerKAT:array_1:20250714T160406Z,Gaia_6144639286085319296,6,559.2503722310066,0.024446053646984402,13.140012,3,0.046875,-1,0.9616607794239741,pruned
lband_long,135150,21121819,MeerKAT:array_1:20250708T083640Z,Gaia_4669784801251509376,54,960.0418519377708,0.025220125811375827,11.262665,4,0.0625,-1,0.961664442876235,pruned
uhf_long,108369,34498988,MeerKAT:array_1:20250715T130947Z,ex_ASASSN-V_J160920.92-603249.5,55,639.9959452152252,-0.022408882509735703,20.308918,1,0.015625,0,0.9619135186012922,pruned
uhf_long,25380,706893,MeerKAT:array_1:20250715T141354Z,Gaia_6210715128849230976,52,559.9964566230774,0.0101858556862435,42.979153,1,0.015625,0,0.9619504477841024,pruned
lband_short,31786,698393,MeerKAT:array_1:20250713T113750Z,ex_LEDA_876058,22,869.9928585290909,0.1127583689502158,10.660402,2,0.03125,0,0.9620016038492599,pruned
lband_long,28869,769601,MeerKAT:array_1:20250731T122153Z,Gaia_5834023372970478336,42,879.9980365037918,0.12610062905687913,27.294174,4,0.0625,-1,0.9620615238995353,pruned
lband_short,19229,440750,MeerKAT:array_1:20250708T094824Z,ex_CRTS_J044623.8-215436,7,879.2238574326038,-0.4202811933598953,11.770197,2,0.03125,0,0.9621218236408625,pruned
lband_long,23652,692065,MeerKAT:array_1:20250712T092209Z,Gaia_4669726698933866112,19,869.9956152886152,-0.1462767297059798,246.35738,4,0.0625,-1,0.9621516450873757,pruned
uhf_short,24488,1115412,MeerKAT:array_1:20250713T154120Z,Gaia_1468188807263398016,43,576.0004571080208,-0.11122954409377903,27.195559,3,0.046875,-1,0.9622674903223352,pruned
uhf_long,41956,1122911,MeerKAT:array_1:20250713T211114Z,Gaia_4189331377065596032,58,575.971372961998,-0.040743422744974,27.552238,4,0.0625,-1,0.9622744075789179,pruned
uhf_short,101132,35436106,MeerKAT:array_1:20250717T200827Z,Gaia_4426400137146151808,34,672.0000197291374,-0.11978566287022356,15.912847,4,0.0625,-1,0.9624974949681729,pruned
uhf_long,105400,33877329,MeerKAT:array_1:20250715T135202Z,J1534_3-3312,0,633.7495120763779,0.0081486845489948,41.826668,3,0.046875,-1,0.9626372320106454,pruned
uhf_long,108323,34498896,MeerKAT:array_1:20250715T130947Z,ex_ASASSN-V_J161318.56-602241.8,9,639.9959472417831,-0.022408882509735703,21.979013,3,0.046875,-1,0.9626416582855442,pruned
uhf_short,2993,343667,MeerKAT:array_1:20250723T211918Z,Gaia_2699061356951357056,20,551.9843524694443,-0.17967849430533533,25.267157,2,0.03125,0,0.9626781389658898,pruned
lband_short,27170,685465,MeerKAT:array_1:20250711T092345Z,Gaia_4790681945880898176,9,879.9766122251749,-0.15376141220483974,10.191057,1,0.015625,0,0.9627407443885786,pruned
lband_short,31782,698389,MeerKAT:array_1:20250713T113750Z,Gaia_5096090232711022336,19,869.994358882308,0.39977967173258333,16.98647,1,0.015625,0,0.9627499027798979,pruned
uhf_long,88058,33374386,MeerKAT:array_1:20250722T002453Z,J1939-6342,0,613.1959680914879,0.040743422744974,14.535479,3,0.046875,-1,0.9627972469105348,pruned
lband_short,31780,698387,MeerKAT:array_1:20250713T113750Z,Gaia_5096092534813467136,18,869.9928728789091,-0.16401217301849572,13.608953,1,0.015625,0,0.9628666672797461,pruned
uhf_short,21261,1097358,MeerKAT:array_1:20250711T003519Z,Gaia_2682520677684092928,40,576.0448336601257,0.0427805938822227,15.499741,1,0.015625,0,0.9628971651261816,pruned
lband_long,2178,5753,MeerKAT:array_1:20250701T133303Z,Gaia_4669687288313854592,8,864.7355283796787,-0.03026415097365099,10.681527,2,0.03125,0,0.9629551551896145,pruned
uhf_short,100462,35425072,MeerKAT:array_1:20250716T201432Z,Gaia_4429477532749925376,15,671.9999498128891,-0.15401013797600172,19.961433,3,0.046875,-1,0.9629720788411404,pruned
uhf_long,212178,34829890,MeerKAT:array_1:20250715T133052Z,Gaia_6214377842600673024,48,648.8108783960342,-0.0020371711372487,11.573084,1,0.015625,0,0.9630081341900834,pruned
uhf_long,23760,704357,MeerKAT:array_1:20250715T124827Z,ex_[VV2006]_J131540.1-020548,7,560.3367298841476,0.024446053646984402,11.299131,1,0.015625,0,0.9630153204873112,pruned
lband_long,301049,691801,MeerKAT:array_1:20250712T060917Z,Gaia_4669727145610415104,12,872.4540149867535,0.01008805032455033,14.565386,2,0.03125,0,0.9631545657391518,pruned
uhf_long,97200,33539218,MeerKAT:array_1:20250715T133052Z,Gaia_6214395812743872000,52,626.6923230290413,0.024446053646984402,11.199918,1,0.015625,0,0.9631875787953924,pruned
sband_long,20200,323043,MeerKAT:array_1:20250720T164552Z,Gaia_6441068174985814016,42,2190.6383431050926,-0.005270427227360091,20.427155,4,0.0625,-1,0.9632570772561345,pruned
sband_long,20392,323235,MeerKAT:array_1:20250720T164552Z,Gaia_6441068071906599040,49,2190.8362188842148,-0.010540854454720182,36.599434,1,0.015625,0,0.9632829293970055,pruned
lband_long,57975,1267331,MeerKAT:array_1:20250708T083640Z,Gaia_4669721579331652480,37,919.9956834614277,-0.19671698132873144,20.551598,3,0.046875,-1,0.9632960382541105,pruned
uhf_long,56309,4419684,MeerKAT:array_1:20250713T190328Z,Gaia_6117508119418958592,62,587.9445345401764,-0.0325947381959792,11.025261,2,0.03125,0,0.9635391112536693,pruned
lband_long,29238,770125,MeerKAT:array_1:20250731T130553Z,Gaia_5423627118771453568,5,879.9976490586996,-0.07061635227185231,70.921074,1,0.015625,0,0.9635641907618547,pruned
lband_short,24272,681795,MeerKAT:array_1:20250711T085603Z,ex_LEDA_551328,24,870.1340463906527,-0.31777358522333543,27.237726,2,0.03125,0,0.9636501336112712,pruned
uhf_short,16375,1059421,MeerKAT:array_1:20250701T230223Z,ex_LEDA_1202200,1,576.0440878868103,0.19679073185822443,17.199091,4,0.0625,-1,0.9636532211840072,pruned
uhf_long,52585,1431329,MeerKAT:array_1:20250715T141354Z,Gaia_6210702308369949952,58,583.9963062405586,0.006111513411746101,18.336388,4,0.0625,-1,0.9636792061082738,pruned
uhf_short,97118,35409142,MeerKAT:array_1:20250713T161348Z,Gaia_1456172313401784960,19,674.9947292208672,0.18823461308177988,33.964535,2,0.03125,0,0.9636973575710016,pruned
uhf_long,106360,33907499,MeerKAT:array_1:20250718T054018Z,Gaia_4669698111631422592,26,633.7495708465576,0.0264832247842331,43.848476,2,0.03125,0,0.963721606717432,pruned
uhf_long,52493,1431219,MeerKAT:array_1:20250715T141354Z,ex_CD-30_12033,3,583.9963062405586,0.006111513411746101,18.31767,4,0.0625,-1,0.9637387059114293,pruned
uhf_short,31076,1136335,MeerKAT:array_1:20250715T222140Z,Gaia_4426361138842856064,24,576.0407268404961,0.17967849430533533,34.270706,3,0.046875,-1,0.963817525722702,pruned
uhf_short,138682,1124695,MeerKAT:array_1:20250714T021749Z,Gaia_2682584758596826624,10,576.0462066531181,0.00855611877644454,19.3501,4,0.0625,-1,0.9638478273261856,pruned
uhf_long,108818,34499651,MeerKAT:array_1:20250715T141354Z,ex_ASASSN-V_J151124.36-313120.5,11,639.2500097751617,-0.0162973690979896,23.115444,1,0.015625,0,0.9639385994371659,pruned
uhf_long,103645,33700715,MeerKAT:array_1:20250704T054305Z,Gaia_6440670598453664256,24,633.7494989037514,-0.0264832247842331,16.942535,1,0.015625,0,0.9639433954349351,pruned
lband_short,24742,682306,MeerKAT:array_1:20250711T085603Z,ex_LEDA_550620,45,870.2651224136353,-0.2870213027823675,185.25262,4,0.0625,-1,0.9639482125839008,pruned
uhf_long,41324,1122170,MeerKAT:array_1:20250713T202929Z,Gaia_4153218222588774784,55,575.977871119976,-0.0183345402352383,11.143209,4,0.0625,-1,0.9640988237291267,pruned
lband_short,8553,322258,MeerKAT:array_1:20250720T121928Z,ex_LEDA_945818,60,863.9588157683611,-0.1845136946458077,10.423211,4,0.0625,-1,0.9641381537048791,pruned
uhf_short,171500,33197438,MeerKAT:array_1:20250710T030814Z,Gaia_2699250026274646400,1,613.2232749462128,0.01711223755288908,44.313847,4,0.0625,-1,0.9642060042061071,pruned
uhf_long,105831,33877915,MeerKAT:array_1:20250715T141354Z,ex_CD-30_12033,3,635.9959778785706,0.006111513411746101,11.9162,3,0.046875,-1,0.9642719891674535,pruned
lband_short,4567,241385,MeerKAT:array_1:20250712T072515Z,Gaia_2323461308659779968,41,856.2008225172758,0.04100304325462393,11.2130375,1,0.015625,0,0.9643087269788055,pruned
uhf_long,39118,1082637,MeerKAT:array_1:20250707T175557Z,ex_NSV_24491,41,572.715768456459,0.0753753320782019,10.768079,3,0.046875,-1,0.9643184064026483,pruned
uhf_long,13025,298142,MeerKAT:array_1:20250717T054309Z,ex_LEDA_146045,32,545.9999056458473,-0.006111513411746101,15.822328,1,0.015625,0,0.9643624482688483,pruned
uhf_long,115563,34807839,MeerKAT:array_1:20250713T205023Z,Gaia_6757778444924644224,34,650.022198677063,-0.028520395921481805,13.051284,1,0.015625,0,0.9644024847259841,pruned
lband_short,24041,681531,MeerKAT:array_1:20250711T085603Z,ex_LEDA_549839,13,870.1340463906527,-0.31777358522333543,63.49057,2,0.03125,0,0.9644310049030288,pruned
lband_long,316180,1262217,MeerKAT:array_1:20250705T204042Z,Gaia_6440683891377314560,46,919.9843566715717,0.005044025162275165,22.67836,1,0.015625,0,0.9644739144523037,pruned
lband_short,24042,681532,MeerKAT:array_1:20250711T085603Z,ex_LEDA_549839,13,870.1587711274624,-0.3587766284779594,360.98483,3,0.046875,-1,0.9644838394597577,pruned
lband_short,55423,1248126,MeerKAT:array_1:20250702T215029Z,ex_LEDA_958206,62,919.794089242816,0.09225684732290385,19.31996,2,0.03125,0,0.9645195851152257,pruned
uhf_short,100473,35425089,MeerKAT:array_1:20250716T201432Z,Gaia_4429477292231746688,19,671.9999457597733,-0.10267342531733448,22.310131,3,0.046875,-1,0.9646258920448122,pruned
uhf_long,49190,1223710,MeerKAT:array_1:20250723T030515Z,ex_BSDL_2881,20,572.7167959213257,0.014260197960740902,16.438929,2,0.03125,0,0.9646775932529558,pruned
uhf_long,105911,33878079,MeerKAT:array_1:20250715T141354Z,Gaia_6210702308369949952,58,635.9959778785706,0.006111513411746101,11.920617,3,0.046875,-1,0.9648346018756386,pruned
uhf_short,47572,12888184,MeerKAT:array_1:20250723T192702Z,Gaia_4426391684650581504,34,599.9878211021423,-0.0855611877644454,18.297384,2,0.03125,0,0.9648773456025044,pruned
uhf_short,21798,1098249,MeerKAT:array_1:20250711T023810Z,Gaia_2682473982799658240,29,576.0451082587242,0.16256625675244626,15.320914,4,0.0625,-1,0.9649218180954364,pruned
uhf_long,66904,8287987,MeerKAT:array_1:20250705T194745Z,ex_ASASSN-V_J195440.30-113412.0,17,599.9433320760727,-0.044817765019471406,19.378633,4,0.0625,-1,0.9650282064491322,pruned
lband_short,22975,680017,MeerKAT:array_1:20250711T080009Z,Gaia_4814716445430273280,63,875.0439546853304,0.13325989057752777,42.95605,4,0.0625,-1,0.9650744361084097,pruned
uhf_long,72820,11384856,MeerKAT:array_1:20250715T141354Z,ex_ASASSN-V_J151253.14-314549.0,25,595.3426737189293,0.028520395921481805,105.00253,2,0.03125,0,0.96509515689318,pruned
uhf_short,29766,1127737,MeerKAT:array_1:20250715T002705Z,Gaia_2682748448390256000,32,575.9986666440964,0.2310152069640026,61.871323,3,0.046875,-1,0.9651535297235359,pruned
mk_sample_hits,15114,35879472,MeerKAT:array_1:20240319T020710Z,Gaia_2531019215306801792,7,1702.501206383109,0.01008805032455033,4015.185,2,0.03125,0,0.9651750709228458,pruned
uhf_short,124687,1035880,MeerKAT:array_1:20250730T211442Z,Gaia_2682570950276783744,63,563.9721863269806,-0.01711223755288908,17.271196,4,0.0625,-1,0.9651810298736393,pruned
lband_long,57883,1267223,MeerKAT:array_1:20250708T083640Z,Gaia_4669721922930270208,8,919.9956834614277,-0.18158490584190595,22.043287,1,0.015625,0,0.9652166354574602,pruned
lband_long,56786,1262129,MeerKAT:array_1:20250705T204042Z,Gaia_6440680459698547456,1,919.9843662381172,-0.035308176135926156,23.607018,2,0.03125,0,0.9652257214603749,pruned
uhf_long,22868,700769,MeerKAT:array_1:20250713T194539Z,Gaia_6024355394069397376,48,559.2504006028175,0.0101858556862435,11.231101,2,0.03125,0,0.9652751742460742,pruned
lband_short,31802,698409,MeerKAT:array_1:20250713T113750Z,Gaia_5096274710146663680,30,869.9928585290909,0.10250760813655982,10.822572,2,0.03125,0,0.9653027641085422,pruned
lband_long,23541,691857,MeerKAT:array_1:20250712T060917Z,Gaia_4669703403031184768,40,872.4540133923292,0.050440251622751654,12.91277,2,0.03125,0,0.9654149424401576,pruned
lband_long,58477,1268768,MeerKAT:array_1:20250708T085539Z,Gaia_2978703550858744576,45,920.2146808207035,-0.1311446542191543,11.185211,3,0.046875,-1,0.965460055600415,pruned
lband_short,24011,681484,MeerKAT:array_1:20250711T085603Z,ex_CRTS_J044000.9-433336,11,870.1340447962284,-0.2972720635960235,34.966396,1,0.015625,0,0.9655583518958063,pruned
uhf_long,87869,33370917,MeerKAT:array_1:20250720T024534Z,Gaia_4669754118005030272,15,613.1961626410484,-0.038706251607725305,50.137745,3,0.046875,-1,0.965574985380039,pruned
uhf_long,87714,33367281,MeerKAT:array_1:20250718T054018Z,Gaia_4669738965360548992,61,613.1961079239845,-0.024446053646984402,78.379845,3,0.046875,-1,0.9656005786242053,pruned
lband_short,24580,682137,MeerKAT:array_1:20250711T085603Z,ex_PGC0130374,38,870.3306596279144,-0.25626902034139953,65.57505,1,0.015625,0,0.9656313155271619,pruned
uhf_short,47760,12888665,MeerKAT:array_1:20250723T211918Z,Gaia_2699248922466983424,15,599.9829928278923,-0.2139029694111135,16.953331,3,0.046875,-1,0.9656384296499048,pruned
lband_short,18634,438553,MeerKAT:array_1:20250708T092055Z,Gaia_2973933594539587328,18,879.9704736918211,-0.2870213027823675,14.396835,1,0.015625,0,0.9658536044033253,pruned
uhf_short,6481,383517,MeerKAT:array_1:20250730T204925Z,Gaia_2699037648731757440,7,551.9728618860245,-0.06844895021155632,16.59929,4,0.0625,-1,0.9658589205370328,pruned
lband_short,25141,682743,MeerKAT:array_1:20250711T085603Z,Gaia_4814711016591606912,63,870.4531193822622,-0.3587766284779594,38.455547,1,0.015625,0,0.9658865271125116,pruned
uhf_long,139266,35530779,MeerKAT:array_1:20250731T221802Z,Gaia_4669051255197217920,28,675.0237789154053,-0.030557567058730504,12.859803,4,0.0625,-1,0.9660299506832843,pruned
uhf_long,21000,417893,MeerKAT:array_1:20250704T054305Z,Gaia_6441460838075973888,39,559.250414788723,0.028520395921481805,15.883173,3,0.046875,-1,0.9660339956359968,pruned
lband_short,20870,443657,MeerKAT:array_1:20250708T122415Z,Gaia_2973719670808718208,39,872.2142486572266,0.26651978115505554,10.978467,1,0.015625,0,0.9660710623066523,pruned
lband_short,31755,698362,MeerKAT:array_1:20250713T113750Z,Gaia_5096066936808385920,5,869.9930897206068,-0.1127583689502158,10.731877,3,0.046875,-1,0.9660818035654635,pruned
lband_long,11119,316257,MeerKAT:array_1:20250719T103545Z,Gaia_4669726625918388224,44,864.0189494788647,-0.1614088051928053,26.83438,1,0.015625,0,0.9661228657829137,pruned
uhf_long,81592,33164784,MeerKAT:array_1:20250702T183548Z,ex_ASASSN-V_J163735.81-323706.9,54,613.1959427595139,-0.0081486845489948,47.64793,4,0.0625,-1,0.9661330667144576,pruned
uhf_long,100349,33630640,MeerKAT:array_1:20250723T012407Z,Gaia_4655267090300203520,36,625.0211301445961,-0.044817765019471406,21.92139,4,0.0625,-1,0.9661763083603916,pruned
uhf_short,48676,13613416,MeerKAT:array_1:20250728T194227Z,Gaia_2682520677684092928,10,599.9834143519402,-0.05133671265866724,30.606394,4,0.0625,-1,0.9662377262963472,pruned
lband_short,19365,441211,MeerKAT:array_1:20250708T094824Z,Gaia_2973933628899325440,61,879.998288422823,-0.2460182595277436,87.72115,2,0.03125,0,0.9662505432502878,pruned
lband_short,29040,687924,MeerKAT:array_1:20250711T120252Z,Gaia_4791452359934653952,61,879.994002610445,0.3075228244096795,49.663612,1,0.015625,0,0.9662788640556847,pruned
lband_short,33297,735001,MeerKAT:array_1:20250719T113106Z,Gaia_2992974490235407360,61,876.214630395174,0.08200608650924786,12.802032,3,0.046875,-1,0.966279998674075,pruned
uhf_long,96195,33534648,MeerKAT:array_1:20250714T160406Z,Gaia_6144609775367856512,42,625.0282352566719,0.040743422744974,18.434277,4,0.0625,-1,0.9663252921576142,pruned
lband_short,347000,29200907,MeerKAT:array_1:20250719T113106Z,Gaia_2992779498719232896,1,960.0047879517078,-0.14351065139118374,15.136318,3,0.046875,-1,0.9663696523169308,pruned
lband_short,18537,438100,MeerKAT:array_1:20250708T092055Z,Gaia_2973745543691571584,61,874.9936792999506,-0.15376141220483974,106.1831,1,0.015625,0,0.9663763483945461,pruned
lband_long,23539,691853,MeerKAT:array_1:20250712T060917Z,Gaia_4668954532532290304,38,872.4540070146322,0.11096855357005364,12.743229,3,0.046875,-1,0.9663869316619584,pruned
lband_short,447573,391283,MeerKAT:array_1:20250731T041226Z,ex_LEDA_1158206,24,863.9559792876244,-0.010250760813655982,15.310754,2,0.03125,0,0.9664705540211048,pruned
uhf_long,133382,35417878,MeerKAT:array_1:20250715T130947Z,ex_ASASSN-V_J161244.39-603846.4,34,678.3023402690887,0.012223026823492201,13.340788,2,0.03125,0,0.9665086684167802,pruned
lband_short,13057,410124,MeerKAT:array_1:20250701T144521Z,Gaia_3607186836835607552,48,879.9947376400232,-0.09225684732290385,40.249786,1,0.015625,0,0.9665707055871661,pruned
lband_short,3968,87317,MeerKAT:array_1:20250709T050322Z,Gaia_4936858890057191808,20,863.9844461381435,0.08200608650924786,10.57101,3,0.046875,-1,0.9666539474284107,pruned
uhf_long,128765,35369324,MeerKAT:array_1:20250723T045553Z,Gaia_4663799987677543680,19,667.1092089414597,-0.006111513411746101,10.81489,3,0.046875,-1,0.9666892895513581,pruned
uhf_short,18913,1078623,MeerKAT:array_1:20250706T215041Z,Gaia_4426392715442744832,50,576.0416387915611,0.2310152069640026,23.88919,1,0.015625,0,0.9666971479936471,pruned
lband_short,6326,245350,MeerKAT:array_1:20250712T091244Z,Gaia_2323501238970926848,27,866.6568622142076,0.31777358522333543,26.04809,3,0.046875,-1,0.9667010819937653,pruned
uhf_long,51036,1234617,MeerKAT:array_1:20250729T055516Z,Gaia_4668930549436118656,21,576.0163655877113,0.081486845489948,79.41001,1,0.015625,0,0.9667176421429575,pruned
lband_long,318305,1269167,MeerKAT:array_1:20250708T105617Z,Gaia_3394259435090912000,5,919.9847760051489,0.005044025162275165,10.009249,1,0.015625,0,0.9667312246726368,pruned
uhf_long,79573,23567724,MeerKAT:array_1:20250710T060816Z,Gaia_5598524474904569856,19,607.1924280524254,0.006111513411746101,14.389586,3,0.046875,-1,0.9667677115273132,pruned
uhf_long,49202,1223722,MeerKAT:array_1:20250723T030515Z,ex_ASASSN-V_J053733.41-692425.2,32,572.7167959213257,0.014260197960740902,17.548113,2,0.03125,0,0.9667998045717425,pruned
uhf_long,44608,1133986,MeerKAT:array_1:20250715T141354Z,ex_LEDA_706855,34,575.964246571064,0.014260197960740902,14.340107,3,0.046875,-1,0.9668003426584334,pruned
lband_long,53940,1240547,MeerKAT:array_1:20250701T085314Z,Gaia_4669684092858155648,25,915.9673020392656,0.02017610064910066,233.16856,3,0.046875,-1,0.9668262811261362,pruned
uhf_long,121774,34879287,MeerKAT:array_1:20250723T033528Z,Gaia_4658360566275045504,42,647.9386296272278,-0.06111513411746101,15.850488,1,0.015625,0,0.9668651016781612,pruned
uhf_long,117336,34829849,MeerKAT:array_1:20250715T133052Z,ex_GALEX_J151820.4-263254,11,648.8109554052353,0.0081486845489948,11.258741,2,0.03125,0,0.9668820527439742,pruned
uhf_long,135980,35450861,MeerKAT:array_1:20250719T053812Z,Gaia_4669732505729685632,34,673.8900991082191,-0.020371711372487,16.10435,2,0.03125,0,0.9668902333440904,pruned
uhf_short,29731,1127655,MeerKAT:array_1:20250715T002705Z,Gaia_2682575348323311360,22,576.0464224815369,0.0855611877644454,23.51707,1,0.015625,0,0.9669717809977741,pruned
uhf_short,19077,1079063,MeerKAT:array_1:20250706T234838Z,Gaia_4426348112203601792,16,576.0463474988937,-0.10267342531733448,21.61414,3,0.046875,-1,0.966979389768018,pruned
uhf_long,80420,28005952,MeerKAT:array_1:20250715T141354Z,ex_CRTS_J151153.7-310950,22,608.244835793972,0.038706251607725305,19.821882,3,0.046875,-1,0.9670114797263544,pruned
lband_short,31776,698383,MeerKAT:array_1:20250713T113750Z,Gaia_5096280379503492480,16,869.9928808510303,-0.26651978115505554,13.598085,1,0.015625,0,0.9670258154654121,pruned
uhf_long,67032,8288119,MeerKAT:array_1:20250705T194745Z,Gaia_4189227129618903040,61,599.9433320760727,-0.044817765019471406,13.999387,4,0.0625,-1,0.9670540714363035,pruned
uhf_short,29807,1127834,MeerKAT:array_1:20250715T002705Z,Gaia_2682779273370512000,43,576.0464245080948,0.0855611877644454,25.396116,4,0.0625,-1,0.9670577466248602,pruned
lband_long,314543,1239415,MeerKAT:array_1:20250701T055458Z,ex_MCG+00-02-019,60,919.9843869656324,-0.005044025162275165,26.131138,2,0.03125,0,0.9670585604913945,pruned
uhf_long,131931,35411560,MeerKAT:array_1:20250713T200741Z,Gaia_4124152534007384192,4,671.9926471114159,-0.0264832247842331,10.55197,1,0.015625,0,0.9670588872079615,pruned
uhf_long,105432,33877389,MeerKAT:array_1:20250715T135202Z,ex_ASASSN-V_J153431.87-331118.1,30,633.7495110630989,0.0162973690979896,41.951607,2,0.03125,0,0.9670618332058943,pruned
uhf_long,88713,33376284,MeerKAT:array_1:20250723T015429Z,Gaia_4661362233006291584,16,613.1960329413414,0.0183345402352383,51.016273,2,0.03125,0,0.967069939943288,pruned
uhf_short,20593,1095591,MeerKAT:array_1:20250711T001051Z,Gaia_2682472299172480896,6,576.0447201728821,0.0855611877644454,19.544855,2,0.03125,0,0.9670810727654882,pruned
lband_short,28157,686765,MeerKAT:array_1:20250711T110722Z,Gaia_4814705484673751296,22,874.9913083910942,-0.15376141220483974,13.168884,2,0.03125,0,0.9670942109235366,pruned
uhf_long,79595,23567756,MeerKAT:array_1:20250710T060816Z,Gaia_5599127419588452736,23,607.25492811203,0.006111513411746101,12.971724,4,0.0625,-1,0.9671136710032529,pruned
uhf_long,123033,34894065,MeerKAT:array_1:20250728T151003Z,ex_Cl*_NGC_5139_SAW_V245,53,647.9691617488861,0.0427805938822227,51.48453,4,0.0625,-1,0.9672941485382142,pruned
lband_short,31784,698391,MeerKAT:array_1:20250713T113750Z,Gaia_5096090645027881088,21,869.9943955540657,-0.10250760813655982,12.039612,4,0.0625,-1,0.9673600773215765,pruned
uhf_short,18899,1078591,MeerKAT:array_1:20250706T215041Z,Gaia_4426392543643753344,46,576.0416489243507,0.11122954409377903,25.52556,2,0.03125,0,0.9674089302889447,pruned
uhf_long,44634,1134051,MeerKAT:array_1:20250715T141354Z,Gaia_6210694135048923008,47,575.964246571064,0.014260197960740902,15.205257,3,0.046875,-1,0.967421641089189,pruned
lband_short,31798,698405,MeerKAT:array_1:20250713T113750Z,Gaia_5096288866358856192,28,869.9928601235151,-0.03075228244096795,13.995058,2,0.03125,0,0.9674564690829289,pruned
uhf_long,46068,1145406,MeerKAT:array_1:20250717T054309Z,Gaia_4669684505174998272,9,576.0420714616776,0.0835240166271967,17.289183,3,0.046875,-1,0.9674917777826031,pruned
lband_long,29342,770229,MeerKAT:array_1:20250731T130553Z,Gaia_5422869555259955968,57,879.9976474642754,-0.06052830194730198,70.42429,2,0.03125,0,0.9674981898693984,pruned
uhf_short,20736,1095991,MeerKAT:array_1:20250711T001051Z,Gaia_2682773604013656192,46,576.044721186161,0.06844895021155632,17.40978,3,0.046875,-1,0.9675004749683637,pruned
lband_long,2174,5746,MeerKAT:array_1:20250701T133303Z,Gaia_4669728309545548800,1,864.7355204075575,0.04035220129820132,10.613307,2,0.03125,0,0.9675167448341004,pruned
uhf_short,20718,1095941,MeerKAT:array_1:20250711T001051Z,Gaia_2682471856791426304,41,576.0447292923927,-0.05989283143511178,17.218561,1,0.015625,0,0.9675300106032094,pruned
lband_long,53937,1240544,MeerKAT:array_1:20250701T085314Z,Gaia_4669719002352475392,22,915.9673020392656,0.02017610064910066,208.59097,3,0.046875,-1,0.9675766479497029,pruned
uhf_long,123160,34897092,MeerKAT:array_1:20250729T031818Z,Gaia_4669833489000553728,15,647.967806994915,-0.014260197960740902,219.03668,1,0.015625,0,0.9675793713940651,pruned
lband_short,32995,734406,MeerKAT:array_1:20250719T113106Z,Gaia_2992974902552254848,52,872.1995496600866,-0.25626902034139953,15.89509,1,0.015625,0,0.9675823786342889,pruned
uhf_short,31051,1136283,MeerKAT:array_1:20250715T222140Z,Gaia_4426368732345069824,17,576.0451720952988,-0.18823461308177988,36.67468,3,0.046875,-1,0.9676478201148716,pruned
lband_short,26497,684513,MeerKAT:array_1:20250711T092345Z,Gaia_4790703386357613184,34,870.341874808073,-0.09225684732290385,14.084021,2,0.03125,0,0.967658299256632,pruned
uhf_long,137793,35522048,MeerKAT:array_1:20250723T043540Z,Gaia_4655087010883314816,48,671.8237588405609,0.0264832247842331,10.044822,3,0.046875,-1,0.9676679467210583,pruned
lband_short,8475,322180,MeerKAT:array_1:20250720T121928Z,ex_LEDA_948728,35,863.9588173627853,-0.20501521627311964,10.341703,3,0.046875,-1,0.9676957476171327,pruned
lband_long,300574,675815,MeerKAT:array_1:20250710T123913Z,Gaia_2893833416543796480,43,874.9865633845329,0.01008805032455033,43.724907,4,0.0625,-1,0.9677961948475825,pruned
uhf_long,14556,318884,MeerKAT:array_1:20250720T024534Z,Gaia_4669822940560908800,38,544.0453067421913,-0.040743422744974,10.169911,2,0.03125,0,0.9678118688426697,pruned
uhf_long,87700,33367256,MeerKAT:array_1:20250718T054018Z,Gaia_4669833660799254528,36,613.1961079239845,-0.024446053646984402,72.0604,3,0.046875,-1,0.9678978233980484,pruned
uhf_long,21079,418009,MeerKAT:array_1:20250704T054305Z,Gaia_6440693001003063552,61,560.3366974592209,0.040743422744974,14.763604,4,0.0625,-1,0.9679961513334546,pruned
sband_long,20246,323089,MeerKAT:array_1:20250720T164552Z,Gaia_6440682761800995072,53,2190.6383431050926,-0.005270427227360091,19.03491,4,0.0625,-1,0.9680221987534435,pruned
lband_short,13060,410127,MeerKAT:array_1:20250701T144521Z,Gaia_3607205043201632384,51,879.9947153180838,0.15376141220483974,37.842045,1,0.015625,0,0.9680499087860793,pruned
uhf_short,15514,1035860,MeerKAT:array_1:20250730T211442Z,Gaia_2682471856791426304,59,563.9721893668175,-0.05133671265866724,22.37207,3,0.046875,-1,0.968065112225974,pruned
uhf_short,29870,1127978,MeerKAT:array_1:20250715T002705Z,Gaia_2682480618524623232,60,576.0464245080948,0.0855611877644454,22.779142,4,0.0625,-1,0.9680695718501134,pruned
uhf_long,81051,32725947,MeerKAT:array_1:20250729T055516Z,Gaia_4668950100127253376,25,608.0173040032387,-0.0264832247842331,263.50937,1,0.015625,0,0.968098244085274,pruned
lband_short,26808,684848,MeerKAT:array_1:20250711T092345Z,Gaia_4814705793911396224,59,870.4522663652897,-0.2870213027823675,17.886547,1,0.015625,0,0.968178748374402,pruned
uhf_long,115209,34807213,MeerKAT:array_1:20250713T200741Z,Gaia_4123886830154307200,35,650.0221814513206,0.020371711372487,13.259195,2,0.03125,0,0.9681903999975972,pruned
uhf_long,39116,1082605,MeerKAT:array_1:20250707T175557Z,ex_NSV_10968,9,572.715768456459,0.0753753320782019,12.20933,3,0.046875,-1,0.9682468590492704,pruned
lband_short,22875,679917,MeerKAT:array_1:20250711T080009Z,Gaia_4814661023172346496,38,875.0439546853304,0.13325989057752777,38.086338,4,0.0625,-1,0.9682702518735784,pruned
lband_short,348000,29203082,MeerKAT:array_1:20250719T113106Z,Gaia_2992960192285436032,51,960.0047879517078,-0.15376141220483974,14.808608,3,0.046875,-1,0.9683149486803047,pruned
uhf_short,4178,373058,MeerKAT:array_1:20250728T194227Z,Gaia_2682514943903238784,58,552.0000785589218,0.03422447510577816,151.18567,2,0.03125,0,0.9683306160517439,pruned
lband_long,17438,408285,MeerKAT:array_1:20250701T095804Z,Gaia_4669698111631422592,40,874.9888370335102,-0.05548427678502682,245.02731,2,0.03125,0,0.9683599076288193,pruned
lband_long,17446,408299,MeerKAT:array_1:20250701T095804Z,Gaia_4669705116721809920,42,874.9888370335102,-0.05548427678502682,244.08664,2,0.03125,0,0.9683599076288193,pruned
lband_long,54990,1241819,MeerKAT:array_1:20250701T095804Z,Gaia_4668961778142193408,62,915.9796237498522,-0.025220125811375827,18.775103,1,0.015625,0,0.9683698622729772,pruned
uhf_long,23331,702638,MeerKAT:array_1:20250714T160406Z,Gaia_6144676433260786176,23,559.2503732442856,0.0183345402352383,12.928749,3,0.046875,-1,0.9683795034314076,pruned
uhf_short,6628,383813,MeerKAT:array_1:20250730T204925Z,Gaia_2699260883952022400,44,551.9728618860245,-0.06844895021155632,16.322224,4,0.0625,-1,0.968436575133935,pruned
uhf_long,24882,706383,MeerKAT:array_1:20250715T135202Z,Gaia_6016055253808084480,56,560.3367106318474,0.012223026823492201,20.08535,2,0.03125,0,0.9684456154825015,pruned
lband_long,23534,691843,MeerKAT:array_1:20250712T060917Z,Gaia_4669720754699148288,33,872.4540070146322,0.11096855357005364,17.178652,3,0.046875,-1,0.9684501302358794,pruned
uhf_short,164897,12888876,MeerKAT:array_1:20250723T211918Z,Gaia_2699013592620355072,38,600.0007545948029,0.01711223755288908,22.912611,4,0.0625,-1,0.9685019009300481,pruned
lband_short,124467,4848214,MeerKAT:array_1:20250719T113106Z,Gaia_2993036337764141184,4,924.2114607542753,-0.4202811933598953,13.319182,1,0.015625,0,0.9685181902519798,pruned
lband_long,301061,691821,MeerKAT:array_1:20250712T060917Z,Gaia_4669737797129407232,22,872.4540213644505,-0.01008805032455033,18.572546,3,0.046875,-1,0.9685448644875775,pruned
uhf_short,29722,1127635,MeerKAT:array_1:20250715T002705Z,Gaia_2682539064439595776,20,575.9986656308174,0.24812744451689167,58.633453,4,0.0625,-1,0.9685530732576161,pruned
sband_long,16879,33423776,MeerKAT:array_1:20250703T213810Z,ex_ASASSN-V_J173718.57-444450.9,16,2098.1738241389394,-0.021081708909440364,73.92551,1,0.015625,0,0.9685658464583907,pruned
lband_long,62417,1440875,MeerKAT:array_1:20250719T103545Z,Gaia_4668956147441282816,54,919.9936107099056,0.14123270454370462,11.790839,3,0.046875,-1,0.9685809632759939,pruned
uhf_long,79684,23567886,MeerKAT:array_1:20250710T060816Z,Gaia_5599116974227915648,43,607.2080558538437,-0.0183345402352383,21.902248,1,0.015625,0,0.9685993357350734,pruned
lband_short,29674,695473,MeerKAT:array_1:20250713T073717Z,ex_LEDA_877099,8,872.0422644913197,-0.10250760813655982,14.486987,2,0.03125,0,0.9686014043160327,pruned
lband_long,86056,4160658,MeerKAT:array_1:20250712T092209Z,Gaia_4669811567487460096,2,924.0567697137594,-0.050440251622751654,14.893242,4,0.0625,-1,0.9686034604682632,pruned
lband_short,21310,444499,MeerKAT:array_1:20250708T125143Z,Gaia_2973714860445353216,43,875.0023625344038,-0.16401217301849572,12.736736,3,0.046875,-1,0.9686045971190613,pruned
uhf_short,29714,1127617,MeerKAT:array_1:20250715T002705Z,Gaia_2682528825237574144,18,575.9986737370491,0.07700506898800086,56.773903,1,0.015625,0,0.9686141628692287,pruned
lband_short,8411,322116,MeerKAT:array_1:20250720T121928Z,ex_2MASX_J13380283-1242156,15,863.9588046073914,0.08200608650924786,12.16043,3,0.046875,-1,0.968615211248348,pruned
uhf_long,84795,33347362,MeerKAT:array_1:20250713T202929Z,Gaia_4153352397367926784,14,613.1961879730225,0.0183345402352383,10.330718,3,0.046875,-1,0.968645692614538,pruned
uhf_short,29701,1127581,MeerKAT:array_1:20250715T002705Z,Gaia_2682486219161952896,14,575.9986747503281,0.05989283143511178,60.20706,2,0.03125,0,0.9686563022789995,pruned
lband_long,167116,29024177,MeerKAT:array_1:20250719T103545Z,Gaia_4669776280036326272,7,960.0047608464956,0.035308176135926156,26.2556,1,0.015625,0,0.968693566543258,pruned
uhf_long,33021,988450,MeerKAT:array_1:20250715T141354Z,ex_LEDA_706855,34,567.9964024424553,0.0264832247842331,10.694781,3,0.046875,-1,0.9687057714138525,pruned
uhf_short,59426,33414105,MeerKAT:array_1:20250702T032809Z,ex_LEDA_1222897,43,624.000241458416,-0.1454540191995572,15.768103,3,0.046875,-1,0.9687067121132444,pruned
uhf_long,1371,21591,MeerKAT:array_1:20250704T054305Z,Gaia_6441836424375865344,54,551.9478055238724,-0.020371711372487,401.00037,3,0.046875,-1,0.9687175618398897,pruned
lband_short,26311,684292,MeerKAT:array_1:20250711T092345Z,Gaia_4790693112795849984,17,870.3418955355883,-0.39977967173258333,15.089851,1,0.015625,0,0.9687806002339912,pruned
uhf_long,105459,33877439,MeerKAT:array_1:20250715T135202Z,Gaia_6014542188367932928,55,633.7495120763779,0.0081486845489948,45.204494,3,0.046875,-1,0.9689231741308145,pruned
uhf_short,68863,33532655,MeerKAT:array_1:20250714T001713Z,Gaia_2682741958694637184,50,625.0285220146179,0.0855611877644454,17.440165,2,0.03125,0,0.9690986010207081,pruned
lband_short,86175,2611501,MeerKAT:array_1:20250708T092055Z,Gaia_2973728123304216832,48,923.9689934700727,-0.25626902034139953,16.315607,4,0.0625,-1,0.9692062161010563,pruned
uhf_short,101152,35436155,MeerKAT:array_1:20250717T200827Z,Gaia_4426351964792700544,46,672.0000197291374,-0.11978566287022356,15.980443,4,0.0625,-1,0.9692433903421149,pruned
uhf_short,19221,1079415,MeerKAT:array_1:20250706T234838Z,Gaia_4426364815334881152,57,576.0463454723358,-0.06844895021155632,19.418695,1,0.015625,0,0.9693154428458183,pruned
lband_short,21465,444743,MeerKAT:array_1:20250708T125143Z,Gaia_2973666275775298304,49,876.1984230726957,0.37927815010527133,12.03434,1,0.015625,0,0.9693295238887737,pruned
lband_long,64965,1476265,MeerKAT:array_1:20250731T124411Z,Gaia_5850121975545270016,20,919.9847680330276,0.12610062905687913,30.474598,4,0.0625,-1,0.9693879200784286,pruned
uhf_long,39831,1113751,MeerKAT:array_1:20250713T145219Z,Gaia_6440675340097393792,4,576.0427959561348,0.055003620705714906,11.441418,1,0.015625,0,0.9693931102947211,pruned
lband_long,26464,732811,MeerKAT:array_1:20250719T103545Z,Gaia_4668963053748722048,61,879.9938910007477,0.13618867938142945,116.77241,3,0.046875,-1,0.9694087754647919,pruned
uhf_long,25399,706913,MeerKAT:array_1:20250715T141354Z,Gaia_6210673003810108544,62,559.9964525699615,0.030557567058730504,52.24159,1,0.015625,0,0.9694838175261502,pruned
uhf_long,106631,33912538,MeerKAT:array_1:20250723T012407Z,Gaia_4655481048352687616,42,629.3928269743919,-0.048892107293968805,12.389924,3,0.046875,-1,0.9695047592034924,pruned
uhf_long,41885,1122811,MeerKAT:array_1:20250713T211114Z,Gaia_4189273820204841088,29,575.971373975277,-0.048892107293968805,27.65718,2,0.03125,0,0.9695602329799579,pruned
uhf_short,100469,35425084,MeerKAT:array_1:20250716T201432Z,Gaia_4426438379534834816,18,671.9999467730522,-0.11978566287022356,21.868204,2,0.03125,0,0.9696148266692659,pruned
lband_long,60944,1423061,MeerKAT:array_1:20250713T100933Z,Gaia_3394150789598051072,28,919.7910231649876,0.16645283035508046,15.887297,2,0.03125,0,0.9696255738949885,pruned
lband_short,24497,682047,MeerKAT:array_1:20250711T085603Z,ex_LEDA_545342,34,870.4531209766865,-0.37927815010527133,46.33464,2,0.03125,0,0.969683694953293,pruned
uhf_long,35589,1064075,MeerKAT:array_1:20250702T181451Z,ex_Gaia_DR3_5820305728390184448,17,575.9725818037987,-0.06722664752920711,13.249707,3,0.046875,-1,0.9697075406887739,pruned
lband_short,9840,390076,MeerKAT:array_1:20250731T030702Z,ex_SDSS_J002155.52+001434.3,7,864.0687848031521,0.19476445545946366,10.678921,2,0.03125,0,0.969759228187696,pruned
uhf_short,31012,1136209,MeerKAT:array_1:20250715T222140Z,Gaia_4426431541946863488,7,576.0407268404961,0.17967849430533533,32.150555,3,0.046875,-1,0.9698132018385421,pruned
lband_short,344859,29112917,MeerKAT:array_1:20250719T110629Z,Gaia_2992956657530978176,36,960.0027805715799,-0.13325989057752777,17.562735,4,0.0625,-1,0.9699454183424876,pruned
uhf_long,188218,33632453,MeerKAT:array_1:20250723T045553Z,Gaia_4662273728120086784,4,625.0210734009743,-0.0040743422744974,12.033086,4,0.0625,-1,0.9700604817867263,pruned
uhf_short,63388,33515431,MeerKAT:array_1:20250712T200859Z,Gaia_4426433431732494976,55,623.9930998682976,0.11978566287022356,17.705153,2,0.03125,0,0.970094357135337,pruned
lband_short,6339,245364,MeerKAT:array_1:20250712T091244Z,Gaia_2323474988130797312,40,866.6568701863289,0.21526597708677564,15.411033,3,0.046875,-1,0.970132719371673,pruned
lband_short,26853,684899,MeerKAT:array_1:20250711T092345Z,Gaia_4814710741713703680,63,870.3418764024973,-0.08200608650924786,17.46688,2,0.03125,0,0.9701965147297652,pruned
lband_long,22080,675767,MeerKAT:array_1:20250710T123913Z,Gaia_2894427358981809152,19,874.9865633845329,0.015132075486825495,44.097904,4,0.0625,-1,0.97022909245912,pruned
lband_short,475251,1246102,MeerKAT:array_1:20250701T220028Z,Gaia_1315509316960063104,5,919.9845400303602,-0.020501521627311965,19.227154,4,0.0625,-1,0.9702465479121198,pruned
uhf_long,209298,34807177,MeerKAT:array_1:20250713T200741Z,Gaia_4124137793678695296,17,650.0221824645996,0.0040743422744974,13.15506,1,0.015625,0,0.9703050650379289,pruned
lband_long,26297,732594,MeerKAT:array_1:20250719T103545Z,Gaia_4668961816798136192,40,876.0192129760981,-0.1614088051928053,10.135654,2,0.03125,0,0.9703649738597454,pruned
lband_short,26300,684278,MeerKAT:array_1:20250711T092345Z,Gaia_4790678441187588352,16,870.3050962239504,-0.2870213027823675,49.43437,2,0.03125,0,0.9704009194893374,pruned
uhf_short,27254,1118786,MeerKAT:array_1:20250713T175609Z,Gaia_1456160046975185280,35,576.0000102519989,0.05989283143511178,23.499464,1,0.015625,0,0.9704027283337625,pruned
lband_long,23524,691823,MeerKAT:array_1:20250712T060917Z,Gaia_4669736250941165568,23,872.454011797905,0.05548427678502682,12.999595,3,0.046875,-1,0.9704277026831102,pruned
uhf_short,100454,35425060,MeerKAT:array_1:20250716T201432Z,Gaia_4426340557359563648,12,671.9999457597733,-0.10267342531733448,20.418259,3,0.046875,-1,0.9704418616116806,pruned
uhf_long,4443,86470,MeerKAT:array_1:20250709T013528Z,ex_Gaia_DR2_6638331212526385664,63,551.9478561878204,0.0081486845489948,67.14041,1,0.015625,0,0.9704439458486984,pruned
lband_short,31856,698464,MeerKAT:array_1:20250713T113750Z,Gaia_5096045736849844224,59,869.9928633123636,-0.07175532569559187,19.449821,1,0.015625,0,0.9704463692530579,pruned
uhf_long,117835,34830791,MeerKAT:array_1:20250715T135202Z,ex_CRTS_J153507.0-324508,16,650.6376207470894,0.0183345402352383,14.622746,3,0.046875,-1,0.9704787345343123,pruned
uhf_short,24426,1115252,MeerKAT:array_1:20250713T154120Z,Gaia_1468225297305587840,27,576.0004571080208,-0.11122954409377903,22.276516,3,0.046875,-1,0.9704876214297016,pruned
uhf_long,41877,1122800,MeerKAT:array_1:20250713T211114Z,Gaia_4189218157426631680,26,575.971372961998,-0.040743422744974,28.020733,4,0.0625,-1,0.9705037431150989,pruned
uhf_long,88218,33375783,MeerKAT:array_1:20250723T012407Z,Gaia_4655398859860035200,17,611.9697607159615,-0.044817765019471406,12.495419,2,0.03125,0,0.9705608259210666,pruned
lband_short,24014,681489,MeerKAT:array_1:20250711T085603Z,ex_CRTS_J044000.9-433336,11,870.2323569953442,-0.33827510685064743,7155.702,4,0.0625,-1,0.970600892678653,pruned
lband_short,10027,391200,MeerKAT:array_1:20250731T041226Z,ex_SDSS_J002237.90+000519.0,11,863.9559649378061,0.1845136946458077,15.225818,1,0.015625,0,0.9706132488983666,pruned
uhf_long,20990,417883,MeerKAT:array_1:20250704T054305Z,Gaia_6441084869521968512,29,559.250414788723,0.0325947381959792,10.5682745,2,0.03125,0,0.9707483627087742,pruned
lband_short,7574,312867,MeerKAT:array_1:20250719T023034Z,ex_LEDA_650598,31,863.9843568503857,0.16401217301849572,10.240829,3,0.046875,-1,0.9708275257644502,pruned
lband_short,22883,679925,MeerKAT:array_1:20250711T080009Z,Gaia_4814713078175918208,40,875.0439546853304,0.13325989057752777,27.510366,4,0.0625,-1,0.9708766478665987,pruned
uhf_long,65327,7857822,MeerKAT:array_1:20250704T054305Z,Gaia_6441464033531659264,34,602.1161882281303,0.044817765019471406,17.908598,3,0.046875,-1,0.9708779696674092,pruned
uhf_long,68325,9252266,MeerKAT:array_1:20250710T060816Z,Gaia_5599157724878925056,42,599.98166847229,-0.0162973690979896,22.588821,1,0.015625,0,0.9708876960453964,pruned
sband_short,20618,347701,MeerKAT:array_1:20250724T183832Z,Gaia_6103293255133832320,6,2190.4477949719876,0.021421736472495855,12.172978,3,0.046875,-1,0.9709034319201173,pruned
lband_short,15214,425771,MeerKAT:array_1:20250706T040458Z,Gaia_2546796623050596480,35,874.9985263496637,0.0615045648819359,12.518725,4,0.0625,-1,0.970976897565014,pruned
uhf_long,75209,11577854,MeerKAT:array_1:20250718T054018Z,ex_6dFGS_gJ040717.4-654652,13,599.9630109667778,0.014260197960740902,17.30033,3,0.046875,-1,0.9709922258077657,pruned
uhf_long,115187,34807167,MeerKAT:array_1:20250713T200741Z,Gaia_4148156934413409664,12,650.0221824645996,0.0081486845489948,10.469892,3,0.046875,-1,0.9710169721350171,pruned
uhf_long,184510,33359494,MeerKAT:array_1:20250715T135202Z,Gaia_6016055253808084480,56,619.3195239305496,0.0040743422744974,39.23799,4,0.0625,-1,0.9710235097672051,pruned
lband_short,475291,1246188,MeerKAT:array_1:20250701T220028Z,Gaia_1315530070242072192,48,919.9845400303602,-0.020501521627311965,11.013584,4,0.0625,-1,0.9711393346613896,pruned
uhf_long,96969,33538807,MeerKAT:array_1:20250715T130947Z,ex_Gaia_DR2_5829907282425132032,26,626.6923899054527,0.0101858556862435,12.991851,2,0.03125,0,0.9711570457769992,pruned
lband_long,58309,1268515,MeerKAT:array_1:20250708T085539Z,Gaia_2978902008410698240,19,916.2137506008148,-0.19671698132873144,10.423455,4,0.0625,-1,0.9712269364706462,pruned
lband_short,26248,684217,MeerKAT:array_1:20250711T092345Z,Gaia_4790682564356198912,12,870.1947094500065,-0.1127583689502158,127.02318,1,0.015625,0,0.9712746139533884,pruned
lband_short,18321,437811,MeerKAT:array_1:20250708T092055Z,Gaia_2973620474244336512,15,875.004159450531,-0.08200608650924786,30.852379,1,0.015625,0,0.9712950168668653,pruned
lband_long,58378,1268596,MeerKAT:array_1:20250708T085539Z,Gaia_2978678571329039488,7,920.2146856039762,-0.20680503165328176,12.882655,4,0.0625,-1,0.9713117016202764,pruned
lband_short,112489,4044154,MeerKAT:array_1:20250712T013838Z,Gaia_4216769449220693376,3,924.9973620325327,0.0615045648819359,13.997032,1,0.015625,0,0.9713750315311082,pruned
uhf_long,162785,704670,MeerKAT:array_1:20250715T124827Z,ex_2dFGRS_TGN261Z265,60,560.1306319832802,0.0040743422744974,11.364688,1,0.015625,0,0.9713787262713915,pruned
lband_short,21698,445242,MeerKAT:array_1:20250708T131910Z,Gaia_2973828144502741632,30,874.9923718720675,-0.16401217301849572,42.43409,4,0.0625,-1,0.9713874099313532,pruned
lband_short,31817,698425,MeerKAT:array_1:20250713T113750Z,Gaia_5096255296894495488,38,869.9943955540657,-0.08200608650924786,15.119278,3,0.046875,-1,0.9714624436766298,pruned
uhf_short,24523,1115502,MeerKAT:array_1:20250713T154120Z,Gaia_1456194612872002176,52,576.0004652142525,-0.24812744451689167,21.214113,3,0.046875,-1,0.9715956473400009,pruned
lband_long,55235,1242064,MeerKAT:array_1:20250701T095804Z,Gaia_4669721128360267392,19,919.966698423028,-0.10592452840777847,83.259445,2,0.03125,0,0.9716603610843896,pruned
uhf_long,45329,1137476,MeerKAT:array_1:20250716T012443Z,ex_LEDA_312990,23,576.0417603850365,0.06926381866645581,10.280789,2,0.03125,0,0.9716815979619092,pruned
uhf_short,59434,33414117,MeerKAT:array_1:20250702T032809Z,ex_LEDA_1200474,45,624.000240445137,-0.13689790042311265,15.531833,3,0.046875,-1,0.9716989981326737,pruned
lband_short,25995,683926,MeerKAT:array_1:20250711T092345Z,Gaia_4790685927314716416,8,870.0107240527868,0.16401217301849572,10.834131,1,0.015625,0,0.9717236428890325,pruned
sband_long,16886,33448392,MeerKAT:array_1:20250703T213810Z,Gaia_5958269797441760512,58,2103.847826132551,-0.026352136136800455,10.532019,1,0.015625,0,0.9717428007902837,pruned
lband_long,25012,702191,MeerKAT:array_1:20250714T053348Z,ex_LEDA_309474,4,872.4540803581476,0.050440251622751654,14.561492,1,0.015625,0,0.971756565233591,pruned
uhf_short,29825,1127877,MeerKAT:array_1:20250715T002705Z,Gaia_2682593417250767360,48,576.0464245080948,0.0855611877644454,21.374887,4,0.0625,-1,0.9718138951133356,pruned
uhf_long,126015,35006836,MeerKAT:array_1:20250715T143518Z,ex_CRTS_J142137.5-241524,4,658.6228912472725,-0.06926381866645581,11.98439,1,0.015625,0,0.9718235386139725,pruned
lband_short,24784,682350,MeerKAT:array_1:20250711T085603Z,Gaia_4814711458972055680,47,870.121968626976,-0.2460182595277436,64.332436,1,0.015625,0,0.9718609620903242,pruned
uhf_short,20757,1096051,MeerKAT:array_1:20250711T001051Z,Gaia_2682780677824347392,52,576.044721186161,0.06844895021155632,17.599508,3,0.046875,-1,0.9719189797630313,pruned
lband_short,33192,734752,MeerKAT:array_1:20250719T113106Z,Gaia_2993135740487538304,13,876.2146351784468,-0.05125380406827991,10.32032,3,0.046875,-1,0.9719383077001117,pruned
uhf_long,242230,35418885,MeerKAT:array_1:20250715T135202Z,Gaia_6014445465704029440,57,678.3023544549942,0.0040743422744974,14.423358,2,0.03125,0,0.971945195581483,pruned
lband_short,449436,397627,MeerKAT:array_1:20250731T164013Z,ex_[VV2006]_J160851.5+263327,54,863.9567525833845,-0.020501521627311965,13.46971,4,0.0625,-1,0.9719565666180635,pruned
sband_long,16876,33423769,MeerKAT:array_1:20250703T213810Z,ex_ASASSN-V_J173718.57-444450.9,16,2098.044824320823,-0.021081708909440364,44.040413,1,0.015625,0,0.9719698059741457,pruned
lband_short,54961,1246138,MeerKAT:array_1:20250701T220028Z,Gaia_1315532234905609344,23,919.9845400303602,-0.03075228244096795,12.002473,4,0.0625,-1,0.9719819827300911,pruned
lband_short,22759,679801,MeerKAT:array_1:20250711T080009Z,Gaia_4814710088878680704,9,875.0439546853304,0.13325989057752777,30.10182,4,0.0625,-1,0.9720770378443322,pruned
uhf_short,71809,33559124,MeerKAT:array_1:20250717T200827Z,Gaia_4426371068807388032,11,623.9691307544708,-0.18823461308177988,129.72356,2,0.03125,0,0.972107908874109,pruned
uhf_long,90512,33396502,MeerKAT:array_1:20250729T170839Z,Gaia_1456202103295001600,62,615.6690557599068,0.0325947381959792,12.655859,1,0.015625,0,0.9721174207479084,pruned
uhf_short,60453,33454646,MeerKAT:array_1:20250704T025554Z,Gaia_2682593726488412288,56,624.0018991827965,-0.05133671265866724,17.61436,1,0.015625,0,0.9722760371744726,pruned
uhf_short,124686,1035830,MeerKAT:array_1:20250730T211442Z,Gaia_2682555763272475008,53,563.9721863269806,-0.01711223755288908,20.053759,4,0.0625,-1,0.972310056985696,pruned
lband_short,5780,244116,MeerKAT:array_1:20250712T084022Z,Gaia_2323447431620627712,36,864.0852121561766,0.1230091297638718,14.90379,4,0.0625,-1,0.9723588097207713,pruned
lband_short,8509,322214,MeerKAT:array_1:20250720T121928Z,Gaia_3607214874382207104,46,863.9588157683611,-0.10250760813655982,10.425326,2,0.03125,0,0.9723833061206202,pruned
uhf_long,99007,33582356,MeerKAT:array_1:20250718T015317Z,Gaia_4668950375003880320,40,623.9686727523804,-0.022408882509735703,15.648876,4,0.0625,-1,0.972444368221874,pruned
lband_short,26742,684770,MeerKAT:array_1:20250711T092345Z,Gaia_4790690638894684928,54,870.1579085439444,-0.08200608650924786,110.59672,1,0.015625,0,0.9724543348602758,pruned
lband_short,453693,438099,MeerKAT:array_1:20250708T092055Z,Gaia_2973745543691571584,61,874.9890363365412,0.020501521627311965,18.261805,1,0.015625,0,0.9724807614193703,pruned
uhf_long,102028,33632497,MeerKAT:array_1:20250723T045553Z,Gaia_4663589293787407744,26,625.0210734009743,-0.0101858556862435,12.875441,4,0.0625,-1,0.9724878366512989,pruned
uhf_long,31614,980857,MeerKAT:array_1:20250714T162550Z,Gaia_4077146655199053824,51,563.9467884898186,-0.012223026823492201,10.147653,3,0.046875,-1,0.9725234790940526,pruned
uhf_long,147138,35886841,MeerKAT:array_1:20240925T225556Z,Gaia_2775982434515727872,62,647.9749698638916,-0.048892107293968805,10.479482,1,0.015625,0,0.9725781636069168,pruned
uhf_short,138728,1125064,MeerKAT:array_1:20250714T021749Z,Gaia_2682555007358239488,51,576.0462066531181,0.00855611877644454,17.84545,4,0.0625,-1,0.9726351672845212,pruned
uhf_long,21012,417905,MeerKAT:array_1:20250704T054305Z,Gaia_6441085492294009344,52,559.2504016160965,0.06111513411746101,11.005572,1,0.015625,0,0.9727378073261804,pruned
uhf_short,24956,1116055,MeerKAT:array_1:20250713T161348Z,Gaia_1456182999280465664,18,576.0004621744156,0.05989283143511178,22.91633,2,0.03125,0,0.9727535711904324,pruned
uhf_long,99041,33582407,MeerKAT:array_1:20250718T015317Z,Gaia_4669839227076906240,57,623.9686737656593,-0.0264832247842331,15.214124,3,0.046875,-1,0.9728536795499595,pruned
uhf_short,63681,33516009,MeerKAT:array_1:20250712T220135Z,Gaia_2699053900888112000,2,625.0212446451187,0.03422447510577816,15.701481,3,0.046875,-1,0.972860910777665,pruned
sband_long,16874,33423766,MeerKAT:array_1:20250703T213810Z,ex_ASASSN-V_J173718.57-444450.9,16,2097.9828245472163,-0.021081708909440364,70.363205,1,0.015625,0,0.9728772380273019,pruned
lband_short,26544,684563,MeerKAT:array_1:20250711T092345Z,Gaia_4814707030860701440,38,870.3418859690428,-0.2870213027823675,20.559906,1,0.015625,0,0.972916745921612,pruned
lband_short,32876,733873,MeerKAT:array_1:20250719T110629Z,Gaia_2993005036042933248,23,879.9936757534742,-0.0615045648819359,62.58818,2,0.03125,0,0.9729833800898134,pruned
uhf_short,20650,1095741,MeerKAT:array_1:20250711T001051Z,ex_CRTS_J221216.0+015147,21,576.0447201728821,0.0855611877644454,17.35615,2,0.03125,0,0.9730529970749822,pruned
uhf_long,105021,33876646,MeerKAT:array_1:20250715T124827Z,ex_[VV2006]_J131618.7-022454,13,633.7495455145836,-0.024446053646984402,32.927197,3,0.046875,-1,0.973055470709541,pruned
uhf_short,16622,1059851,MeerKAT:array_1:20250701T230223Z,Gaia_2682559469829704960,53,576.0398615002632,-0.11978566287022356,41.522156,2,0.03125,0,0.9730620194197841,pruned
lband_short,24657,682220,MeerKAT:array_1:20250711T085603Z,ex_LEDA_550211,41,870.4899202883244,-0.4100304325462393,11.25338,1,0.015625,0,0.9730796622877422,pruned
uhf_short,124685,1035810,MeerKAT:array_1:20250730T211442Z,Gaia_2682568815678100736,49,563.9721863269806,-0.01711223755288908,19.144121,4,0.0625,-1,0.9731449838545669,pruned
uhf_long,84756,33347255,MeerKAT:array_1:20250713T200741Z,Gaia_4148206790398888704,36,613.1961677074432,0.0183345402352383,28.911457,1,0.015625,0,0.9731545433165244,pruned
uhf_long,24248,705701,MeerKAT:array_1:20250715T133052Z,Gaia_6214282872284087808,38,559.9964900612831,-0.0733381609409532,12.173934,3,0.046875,-1,0.9732321180534568,pruned
lband_short,18374,437881,MeerKAT:array_1:20250708T092055Z,Gaia_2973936102800486912,26,875.0041610449553,-0.13325989057752777,25.7554,3,0.046875,-1,0.9732704117035907,pruned
lband_long,301087,691869,MeerKAT:array_1:20250712T060917Z,Gaia_4669681305423190912,46,872.454024553299,-0.01008805032455033,12.228358,3,0.046875,-1,0.9732839812823771,pruned
lband_short,455761,687343,MeerKAT:array_1:20250711T113506Z,ex_LEDA_545279,30,879.9942066967487,0.020501521627311965,75.5085,4,0.0625,-1,0.9732841089359697,pruned
lband_long,58481,1268776,MeerKAT:array_1:20250708T085539Z,Gaia_2978703550858744192,47,920.2146808207035,-0.13618867938142945,10.952408,3,0.046875,-1,0.9733000943379079,pruned
lband_short,455794,687397,MeerKAT:array_1:20250711T113506Z,Gaia_4814654391742848640,57,879.9942066967487,0.020501521627311965,79.702705,4,0.0625,-1,0.9733864095875177,pruned
uhf_long,88246,33375812,MeerKAT:array_1:20250723T012407Z,Gaia_4655486855149751296,30,611.9697607159615,-0.044817765019471406,11.271648,2,0.03125,0,0.9734250415106264,pruned
uhf_short,122621,1018248,MeerKAT:array_1:20250723T211918Z,Gaia_2699058470733283328,9,564.0002815127373,0.00855611877644454,15.605576,2,0.03125,0,0.9734574352602238,pruned
uhf_long,85884,33358417,MeerKAT:array_1:20250715T130947Z,ex_AF_TrA,12,619.3195279836655,0.012223026823492201,15.506992,1,0.015625,0,0.9734963421810336,pruned
lband_long,8488,245909,MeerKAT:array_1:20250712T092209Z,Gaia_4669735250212219264,41,865.0744232535362,-0.050440251622751654,23.568913,2,0.03125,0,0.9735210327512135,pruned
uhf_long,52552,1431287,MeerKAT:array_1:20250715T141354Z,ex_LEDA_706196,37,583.9963011741638,0.0264832247842331,17.43905,1,0.015625,0,0.9736847981214996,pruned
uhf_long,20983,417876,MeerKAT:array_1:20250704T054305Z,Gaia_6441855287872380544,22,559.250414788723,0.024446053646984402,10.597845,1,0.015625,0,0.9737007491168969,pruned
uhf_long,39844,1113789,MeerKAT:array_1:20250713T145219Z,Gaia_6440682108965978496,16,576.042789876461,0.07944967435269931,11.950317,2,0.03125,0,0.9737140678654591,pruned
lband_long,110181,15753625,MeerKAT:array_1:20250701T133303Z,Gaia_4669721304454980992,11,960.0069755017757,-0.050440251622751654,22.932169,2,0.03125,0,0.9737362515531608,pruned
uhf_long,136324,35465322,MeerKAT:array_1:20250720T052239Z,Gaia_4669721579331652480,49,672.0527791380882,-0.044817765019471406,11.568573,2,0.03125,0,0.9737561487101628,pruned
lband_long,8510,245934,MeerKAT:array_1:20250712T092209Z,Gaia_4669060360527883264,54,864.5480559766293,0.03026415097365099,10.527692,2,0.03125,0,0.9737752376846638,pruned
lband_long,54972,1241801,MeerKAT:array_1:20250701T095804Z,Gaia_4669719277230381952,56,915.9669528603554,-0.11096855357005364,20.111912,1,0.015625,0,0.9737846221567675,pruned
uhf_short,56988,33397958,MeerKAT:array_1:20250730T211442Z,Gaia_2682565933754987264,5,615.2238564491272,0.09411730654088994,15.744128,2,0.03125,0,0.9738360739365488,pruned
lband_long,10907,316044,MeerKAT:array_1:20250719T103545Z,Gaia_4669718693114807808,4,864.0189542621374,-0.20680503165328176,18.063719,1,0.015625,0,0.9738505336555509,pruned
lband_short,55414,1248117,MeerKAT:array_1:20250702T215029Z,Gaia_6891292451115314560,53,919.794089242816,0.09225684732290385,21.380089,2,0.03125,0,0.9739050046767849,pruned
lband_short,30979,697566,MeerKAT:array_1:20250713T104242Z,Gaia_5096053570870210432,34,869.9951465278864,-0.08200608650924786,38.472294,3,0.046875,-1,0.9739279105023726,pruned
uhf_long,89755,33377581,MeerKAT:array_1:20250723T043540Z,Gaia_4655107145692805632,8,613.1960157155991,0.012223026823492201,385.6281,3,0.046875,-1,0.9739531523537773,pruned
lband_long,135078,21121722,MeerKAT:array_1:20250708T083640Z,Gaia_4669705705133623552,48,960.0418519377708,0.025220125811375827,11.236169,4,0.0625,-1,0.9739571220692906,pruned
uhf_long,23351,702663,MeerKAT:array_1:20250714T160406Z,Gaia_6144899393602218880,48,559.2503732442856,0.0183345402352383,11.848179,3,0.046875,-1,0.9739844737749143,pruned
uhf_short,35936,1212583,MeerKAT:array_1:20250720T235835Z,Gaia_2682591153803051008,22,576.0442317724228,0.11978566287022356,17.296047,3,0.046875,-1,0.9740511243015059,pruned
uhf_long,43596,1132422,MeerKAT:array_1:20250715T133052Z,Gaia_6214327711742533248,46,575.9938971400261,0.048892107293968805,15.456894,1,0.015625,0,0.9741118610300906,pruned
lband_short,19346,441155,MeerKAT:array_1:20250708T094824Z,Gaia_2973742279516419584,53,879.9982916116714,-0.3075228244096795,84.704544,2,0.03125,0,0.9741123403045707,pruned
lband_long,23545,691867,MeerKAT:array_1:20250712T060917Z,Gaia_4669702990712825600,45,872.4540070146322,0.11096855357005364,11.884009,3,0.046875,-1,0.9741349512639513,pruned
uhf_short,45202,5690747,MeerKAT:array_1:20250720T220520Z,Gaia_4429478666621292288,38,587.9713712334633,0.02566835632933362,16.942532,1,0.015625,0,0.9741388597202515,pruned
uhf_long,41905,1122839,MeerKAT:array_1:20250713T211114Z,Gaia_4189273790143221376,37,575.971372961998,-0.040743422744974,27.410452,4,0.0625,-1,0.9741709752600278,pruned
uhf_long,68967,11227475,MeerKAT:array_1:20250713T190328Z,Gaia_6117563438598390784,36,599.9705730676651,-0.06722664752920711,96.901085,2,0.03125,0,0.9741832902887642,pruned
lband_long,1869,4231,MeerKAT:array_1:20250701T095804Z,Gaia_4669713367355346944,54,863.9687235206366,-0.0857484277586778,41.761475,3,0.046875,-1,0.9742680114222876,pruned
lband_long,167438,29024615,MeerKAT:array_1:20250719T103545Z,Gaia_4669720067504380288,36,960.0047608464956,0.025220125811375827,22.380486,2,0.03125,0,0.9743129838102828,pruned
lband_long,23540,691855,MeerKAT:array_1:20250712T060917Z,Gaia_4669832630007089024,39,872.4540133923292,0.06052830194730198,11.349984,2,0.03125,0,0.974331491531303,pruned
uhf_short,54366,23872309,MeerKAT:array_1:20250710T221658Z,Gaia_2682469004933009792,25,607.2236856818199,0.02566835632933362,372.31442,1,0.015625,0,0.9743653641478365,pruned
uhf_long,117345,34829862,MeerKAT:array_1:20250715T133052Z,ex_LEDA_767498,23,648.8109554052353,0.0101858556862435,13.294625,2,0.03125,0,0.9743694917171228,pruned
uhf_long,83457,33188340,MeerKAT:array_1:20250705T231238Z,J1939-6342,0,615.6714967489243,0.0183345402352383,11.477041,1,0.015625,0,0.9743999045942676,pruned
uhf_short,28727,1124239,MeerKAT:array_1:20250714T001713Z,Gaia_2682558099734709760,52,575.999146938324,0.23957132574044712,52.08627,2,0.03125,0,0.9745435421887233,pruned
uhf_long,83582,33191550,MeerKAT:array_1:20250707T173400Z,Gaia_6144661418054835840,37,611.9930722117424,0.040743422744974,14.282021,4,0.0625,-1,0.9745579258282793,pruned
uhf_short,101502,35436732,MeerKAT:array_1:20250717T220401Z,Gaia_2699040878547170944,37,671.9997664093971,-0.03422447510577816,16.370888,3,0.046875,-1,0.9745822571594417,pruned
uhf_short,19576,1081318,MeerKAT:array_1:20250707T024904Z,Gaia_2682490411050045824,15,576.0419762134552,0.1283417816466681,17.416138,3,0.046875,-1,0.9746356664096526,pruned
uhf_long,33026,988459,MeerKAT:array_1:20250715T141354Z,Gaia_6210929086941540864,43,567.9964034557343,0.024446053646984402,11.013669,3,0.046875,-1,0.9746461500970253,pruned
lband_long,58716,1269251,MeerKAT:array_1:20250708T105617Z,Gaia_3394142916921606400,46,919.9847823828459,-0.015132075486825495,13.577183,3,0.046875,-1,0.9746599776427959,pruned
uhf_long,104103,33714360,MeerKAT:array_1:20250705T192701Z,ex_ASASSN-V_J191620.63-321541.2,42,631.2482005357742,0.0162973690979896,11.802061,4,0.0625,-1,0.9747533710750124,pruned
uhf_long,83855,33196291,MeerKAT:array_1:20250709T013528Z,ex_[BH2018]_J287.687292-59.869917,34,613.1962366104126,-0.022408882509735703,11.024833,3,0.046875,-1,0.9747792419264881,pruned
uhf_short,21769,1098191,MeerKAT:array_1:20250711T023810Z,Gaia_2682528825237574144,23,576.0451112985611,0.05133671265866724,15.357875,2,0.03125,0,0.9748023960273801,pruned
uhf_long,182797,23567941,MeerKAT:array_1:20250710T060816Z,Gaia_5599251870561261312,51,607.2080538272858,0.0020371711372487,25.204277,4,0.0625,-1,0.9748561624000451,pruned
uhf_long,117549,34830205,MeerKAT:array_1:20250715T135202Z,ex_ASASSN-V_J153302.82-333213.3,25,646.9512885808945,0.0183345402352383,10.16107,2,0.03125,0,0.9748620692945558,pruned
lband_short,26792,684831,MeerKAT:array_1:20250711T092345Z,Gaia_4790680983808220032,58,870.3418604582548,0.2870213027823675,16.350592,1,0.015625,0,0.9748667860805487,pruned
uhf_long,72376,11384331,MeerKAT:array_1:20250715T135202Z,ex_Gaia_DR3_6014448656864285696,13,599.9706946611404,0.07944967435269931,25.09969,1,0.015625,0,0.9749170638945536,pruned
lband_short,26257,684227,MeerKAT:array_1:20250711T092345Z,Gaia_4814724446953218816,13,870.1331949681044,-0.1845136946458077,17.433496,2,0.03125,0,0.9749542660713212,pruned
uhf_short,63305,33515346,MeerKAT:array_1:20250712T200859Z,ex_SDSS_J155211.94+050641.2,35,623.9931039214134,0.05133671265866724,18.36858,4,0.0625,-1,0.9749755719883212,pruned
uhf_long,99003,33582350,MeerKAT:array_1:20250718T015317Z,Gaia_4669692888951126528,38,623.9686727523804,-0.022408882509735703,15.795081,4,0.0625,-1,0.975041338971785,pruned
mk_sample_hits,15111,35879420,MeerKAT:array_1:20240319T020710Z,Gaia_2543025916641889664,55,1702.3392065018415,0.01008805032455033,104.46558,4,0.0625,-1,0.9750582385295071,pruned
lband_short,32944,734226,MeerKAT:array_1:20250719T113106Z,Gaia_2993042041480614144,20,872.2136491537094,0.09225684732290385,12.570079,2,0.03125,0,0.9750848798832271,pruned
uhf_long,125295,35005561,MeerKAT:array_1:20250715T130947Z,ex_2MASX_J16135028-6037225,3,658.6592112183571,-0.07741250321545061,10.086986,2,0.03125,0,0.9750953335374618,pruned
uhf_short,18600,1073124,MeerKAT:array_1:20250705T005108Z,Gaia_2682471513193917312,18,576.0458530187607,-0.02566835632933362,25.565434,3,0.046875,-1,0.9751178451855653,pruned
lband_short,348117,29203345,MeerKAT:array_1:20250719T113106Z,Gaia_2992967618287776512,57,960.0047799795866,-0.03075228244096795,15.423416,1,0.015625,0,0.9751378240710462,pruned
uhf_short,6672,383901,MeerKAT:array_1:20250730T204925Z,Gaia_2698948588289734656,55,551.9728659391403,-0.11122954409377903,16.573513,2,0.03125,0,0.9751422534099189,pruned
lband_short,31806,698413,MeerKAT:array_1:20250713T113750Z,Gaia_5096077794485729408,32,869.9943955540657,-0.1127583689502158,16.746,3,0.046875,-1,0.9751762357241918,pruned
uhf_short,62706,33500180,MeerKAT:array_1:20250711T003519Z,ex_ASASSN-V_J221246.38+020744.5,24,625.0284267663956,0.03422447510577816,17.038229,3,0.046875,-1,0.9751835564655124,pruned
uhf_long,48090,1216061,MeerKAT:array_1:20250722T002453Z,Gaia_6440997325205245696,6,576.0405778884888,0.0162973690979896,13.403256,4,0.0625,-1,0.975264278100912,pruned
uhf_short,64246,33517892,MeerKAT:array_1:20250713T002413Z,Gaia_2682514084909778176,30,625.0284895896912,0.0427805938822227,29.125706,4,0.0625,-1,0.975269365740059,pruned
lband_long,1703,4000,MeerKAT:array_1:20250701T095804Z,Gaia_4669735250212219264,52,862.0073441267014,0.025220125811375827,11.177518,1,0.015625,0,0.9752809214364481,pruned
uhf_short,85544,34903158,MeerKAT:array_1:20250730T185654Z,Gaia_4426365708688082560,55,649.9951390624046,0.1711223755288908,26.192095,2,0.03125,0,0.97534811005244,pruned
uhf_short,5330,379634,MeerKAT:array_1:20250729T173047Z,Gaia_6734071359348751616,54,551.9996793270111,-0.09411730654088994,23.912321,4,0.0625,-1,0.9754036204637517,pruned
uhf_long,41940,1122889,MeerKAT:array_1:20250713T211114Z,Gaia_4189411744491572992,52,575.971373975277,-0.048892107293968805,26.411304,2,0.03125,0,0.975410268273578,pruned
uhf_long,41888,1122815,MeerKAT:array_1:20250713T211114Z,Gaia_4189320549448646656,30,575.971372961998,-0.040743422744974,28.905827,4,0.0625,-1,0.9754118255328371,pruned
uhf_short,18490,1072607,MeerKAT:array_1:20250704T225450Z,Gaia_2682473982799658240,34,575.9710780978203,0.06844895021155632,16.770138,3,0.046875,-1,0.9754195103610938,pruned
uhf_long,28987,782287,MeerKAT:array_1:20250702T175345Z,Gaia_6117413355261037056,57,563.973218858242,-0.040743422744974,14.518797,1,0.015625,0,0.97546240770689,pruned
uhf_short,63301,33515342,MeerKAT:array_1:20250712T200859Z,ex_SDSS_J155140.09+050101.6,34,623.9930998682976,0.11978566287022356,17.414557,2,0.03125,0,0.9755243720114061,pruned
lband_short,6364,293360,MeerKAT:array_1:20250716T163236Z,Gaia_3966777957171171712,52,857.7938883155584,-0.4100304325462393,20.535301,2,0.03125,0,0.9755582722400439,pruned
uhf_long,81962,33180306,MeerKAT:array_1:20250705T060310Z,Gaia_6441479800355212800,11,613.1956742405891,-0.030557567058730504,26.959671,3,0.046875,-1,0.975595030959002,pruned
lband_short,475274,1246150,MeerKAT:array_1:20250701T220028Z,Gaia_1315590990058232576,29,919.984538435936,0.020501521627311965,16.679235,4,0.0625,-1,0.9756349677715986,pruned
uhf_short,889,91999,MeerKAT:array_1:20250710T030814Z,Gaia_2699241711217955200,35,551.9994331002235,-0.22245908818755805,54.606335,4,0.0625,-1,0.9756432647850745,pruned
uhf_long,98969,33582299,MeerKAT:array_1:20250718T015317Z,Gaia_4669054897329441280,21,623.9686727523804,-0.022408882509735703,17.14036,4,0.0625,-1,0.9756725434882355,pruned
uhf_long,135962,35450837,MeerKAT:array_1:20250719T053812Z,Gaia_4669686875996993408,10,673.8900980949402,-0.0162973690979896,16.56982,2,0.03125,0,0.9756741078265256,pruned
lband_short,227733,21433464,MeerKAT:array_1:20250708T101552Z,Gaia_2973743104150140160,27,960.0946225970984,-0.14351065139118374,19.02752,1,0.015625,0,0.9756786078828933,pruned
uhf_long,133888,35418633,MeerKAT:array_1:20250715T135202Z,ex_ASASSN-V_J153623.95-332446.8,34,675.8447182774544,0.006111513411746101,32.80206,2,0.03125,0,0.975700563852377,pruned
uhf_long,144353,35882566,MeerKAT:array_1:20240925T225556Z,Gaia_2776261641749910656,49,572.7155435085297,0.055003620705714906,23.546131,1,0.015625,0,0.9757011249768238,pruned
lband_short,18297,437778,MeerKAT:array_1:20250708T092055Z,Gaia_2973725065287600128,10,874.9890395253897,-0.05125380406827991,26.51232,3,0.046875,-1,0.9757141692573189,pruned
lband_short,54975,1246162,MeerKAT:array_1:20250701T220028Z,Gaia_1315708122406813312,35,919.9845352470875,0.0615045648819359,14.232788,1,0.015625,0,0.9757860465039508,pruned
uhf_short,97729,35409855,MeerKAT:array_1:20250713T172342Z,Gaia_1468203410152206080,17,671.9864387512207,-0.09411730654088994,22.462065,4,0.0625,-1,0.9758213576345194,pruned
uhf_short,63184,33515220,MeerKAT:array_1:20250712T200859Z,Gaia_4426402233090265344,5,623.9931039214134,0.05133671265866724,16.263365,4,0.0625,-1,0.9758277446196938,pruned
uhf_short,18847,1078481,MeerKAT:array_1:20250706T215041Z,Gaia_4426418553965743488,32,576.0416489243507,0.11122954409377903,23.066526,2,0.03125,0,0.9758483958324332,pruned
uhf_long,103263,33653515,MeerKAT:array_1:20250731T221802Z,Gaia_4669051255197217920,28,625.0220147371292,-0.014260197960740902,23.595772,2,0.03125,0,0.9758543997506717,pruned
uhf_long,60237,4546126,MeerKAT:array_1:20250715T143518Z,Gaia_6272819668752560768,46,590.0138214230537,0.048892107293968805,18.190052,4,0.0625,-1,0.9758706419265609,pruned
uhf_long,48177,1216148,MeerKAT:array_1:20250722T002453Z,Gaia_6440625174879361536,35,576.0405778884888,0.0162973690979896,14.391419,4,0.0625,-1,0.9759319043619309,pruned
uhf_short,3342,345109,MeerKAT:array_1:20250723T214437Z,Gaia_2682593726488412288,35,552.0002092719078,-0.23957132574044712,119.51892,3,0.046875,-1,0.975948698706155,pruned
lband_short,18513,438070,MeerKAT:array_1:20250708T092055Z,Gaia_2973665829098719360,56,875.0041562616825,-0.05125380406827991,20.90161,4,0.0625,-1,0.9760519751306834,pruned
uhf_long,35287,1063692,MeerKAT:array_1:20250702T175345Z,ex_3FGL_J1409.2-3743,1,576.0390002131462,0.0651894763919584,36.094967,1,0.015625,0,0.9760702431476611,pruned
uhf_long,134629,35419855,MeerKAT:array_1:20250715T143518Z,ex_CRTS_J142021.2-243159,7,678.3023220300674,0.0651894763919584,27.63744,1,0.015625,0,0.9760736024922347,pruned
lband_short,32890,733914,MeerKAT:array_1:20250719T110629Z,Gaia_2992956657530978176,36,879.99367415905,-0.04100304325462393,60.224052,2,0.03125,0,0.9761590348226509,pruned
uhf_long,105402,33877331,MeerKAT:array_1:20250715T135202Z,ex_4FGL_J1534.3-3312,1,633.7495110630989,0.0183345402352383,43.794132,2,0.03125,0,0.976162827834985,pruned
uhf_short,9702,417540,MeerKAT:array_1:20250704T025554Z,Gaia_2682593417250767360,11,559.2504228949547,-0.07700506898800086,19.027184,3,0.046875,-1,0.9762495083523661,pruned
uhf_long,182697,23567623,MeerKAT:array_1:20250710T060816Z,Gaia_5599251836201523712,4,607.2080538272858,0.0020371711372487,24.913986,4,0.0625,-1,0.9762590309201062,pruned
uhf_long,121369,34878571,MeerKAT:array_1:20250723T022503Z,ex_BSDL_1858,42,650.0219585299492,0.034631909333227906,22.207703,3,0.046875,-1,0.9763016392002286,pruned
lband_long,28888,769620,MeerKAT:array_1:20250731T122153Z,Gaia_5834018425167527808,61,879.998044475913,0.07061635227185231,26.15976,1,0.015625,0,0.976348666255919,pruned
uhf_short,28770,1124313,MeerKAT:array_1:20250714T001713Z,Gaia_2682525217465113600,60,576.0457162261009,-0.03422447510577816,18.571644,3,0.046875,-1,0.9763548300411242,pruned
uhf_long,242625,35450885,MeerKAT:array_1:20250719T053812Z,Gaia_4668929587363446400,58,673.8900950551033,-0.0040743422744974,18.674385,2,0.03125,0,0.9763555369829083,pruned
uhf_long,34094,1016841,MeerKAT:array_1:20250723T012407Z,Gaia_4655298490892879488,37,563.9784038066864,-0.014260197960740902,10.524962,2,0.03125,0,0.9763849190998953,pruned
uhf_short,28576,1123971,MeerKAT:array_1:20250714T001713Z,Gaia_2682778616240493184,22,576.0457273721695,-0.1454540191995572,16.8176,2,0.03125,0,0.9763898569462572,pruned
uhf_long,39883,1113884,MeerKAT:array_1:20250713T145219Z,Gaia_6440673965708031104,46,576.042789876461,0.07944967435269931,11.401374,2,0.03125,0,0.9764040811225217,pruned
uhf_long,20974,417867,MeerKAT:array_1:20250704T054305Z,Gaia_6441467778743186048,11,559.2504076957703,0.0366690804704766,15.057499,3,0.046875,-1,0.9764339124816601,pruned
uhf_short,69449,33533392,MeerKAT:array_1:20250714T021749Z,Gaia_2682559714642422528,59,625.0286111831665,0.02566835632933362,17.224142,3,0.046875,-1,0.9764406658948757,pruned
uhf_long,131933,35411563,MeerKAT:array_1:20250713T200741Z,Gaia_4148122261073757184,5,671.9926460981369,-0.022408882509735703,10.7250805,3,0.046875,-1,0.9764513894866018,pruned
uhf_long,96918,33538703,MeerKAT:array_1:20250715T130947Z,ex_UCAC4_149-179913,23,625.0281156897545,-0.024446053646984402,10.437596,1,0.015625,0,0.9764524609920611,pruned
sband_long,16872,33423755,MeerKAT:array_1:20250703T213810Z,ex_ASASSN-V_J173718.57-444450.9,16,2097.811824409291,-0.021081708909440364,20.99604,1,0.015625,0,0.9765211192809832,pruned
uhf_long,15944,337998,MeerKAT:array_1:20250723T015429Z,Gaia_4661653736669226624,11,548.0131744146347,0.0183345402352383,12.901093,3,0.046875,-1,0.9765258834349105,pruned
uhf_long,183924,33347014,MeerKAT:array_1:20250713T194539Z,Gaia_6024260629907380352,2,613.1961555480957,0.0020371711372487,31.852957,2,0.03125,0,0.9765527804347336,pruned
uhf_long,125245,35005183,MeerKAT:array_1:20250715T124827Z,ex_2dFGRS_TGN262Z292,58,655.9974439144135,0.040743422744974,32.00118,1,0.015625,0,0.9765824955138841,pruned
uhf_long,43771,1132673,MeerKAT:array_1:20250715T135202Z,ex_CRTS_J153258.9-332343,3,571.3814796805382,0.0183345402352383,30.101196,2,0.03125,0,0.9766057273151009,pruned
uhf_long,79473,22103547,MeerKAT:array_1:20250709T013528Z,ex_Gaia_DR3_6632323721516869248,29,607.2236796021461,0.0183345402352383,31.310581,1,0.015625,0,0.9766323876434839,pruned
lband_long,9306,251643,MeerKAT:array_1:20250713T100933Z,Gaia_3394159448252252288,34,863.9573983252048,0.10592452840777847,10.675515,2,0.03125,0,0.9766694311912082,pruned
uhf_long,81953,33180296,MeerKAT:array_1:20250705T060310Z,Gaia_6441442627414763904,1,613.1956762671471,-0.0713009898037045,31.478048,3,0.046875,-1,0.9766705141383532,pruned
uhf_long,88850,33376488,MeerKAT:array_1:20250723T022503Z,ex_OGLE-CL_LMC_467,6,611.9850308299065,-0.0162973690979896,11.397785,4,0.0625,-1,0.9767107257742811,pruned
uhf_long,60132,4546021,MeerKAT:array_1:20250715T143518Z,ex_CRTS_J142140.6-245217,11,590.0138214230537,0.048892107293968805,17.00385,4,0.0625,-1,0.9767628642570093,pruned
lband_short,433272,7373,MeerKAT:array_1:20250701T202312Z,J1609+2641,0,863.958165243268,0.020501521627311965,18.798021,1,0.015625,0,0.9768146107733143,pruned
uhf_long,122557,34880592,MeerKAT:array_1:20250723T045553Z,Gaia_4663783013966279168,36,650.0219159722328,-0.030557567058730504,28.350191,2,0.03125,0,0.9768265394072403,pruned
uhf_short,97176,35409200,MeerKAT:array_1:20250713T161348Z,Gaia_1468316797289218432,45,674.9947292208672,0.18823461308177988,38.483456,2,0.03125,0,0.9768364197796121,pruned
lband_long,68915,1554749,MeerKAT:array_1:20250701T095804Z,Gaia_4669696840321087872,30,923.9794433265924,-0.015132075486825495,12.279247,1,0.015625,0,0.9768505675757743,pruned
uhf_long,105035,33876673,MeerKAT:array_1:20250715T124827Z,ex_[VV2006]_J131758.7-014439,29,633.749534368515,0.020371711372487,28.857153,2,0.03125,0,0.9768570268367575,pruned
uhf_long,101865,33632277,MeerKAT:array_1:20250723T045553Z,Gaia_4662244728499252480,9,623.9689392447472,0.034631909333227906,228.14024,1,0.015625,0,0.976873221717821,pruned
uhf_long,88205,33375769,MeerKAT:array_1:20250723T012407Z,Gaia_4655384252655839488,10,611.9697597026825,-0.040743422744974,13.590377,1,0.015625,0,0.9768992385015592,pruned
uhf_short,138716,1124983,MeerKAT:array_1:20250714T021749Z,Gaia_2682473368619795328,42,576.0462066531181,0.00855611877644454,16.79611,4,0.0625,-1,0.9769208967780888,pruned
uhf_long,49338,1223889,MeerKAT:array_1:20250723T030515Z,ex_NGC_2102,17,576.0406204462051,-0.024446053646984402,19.100815,2,0.03125,0,0.9769287307354978,pruned
lband_short,347294,29201553,MeerKAT:array_1:20250719T113106Z,Gaia_2993035684929141632,16,960.0047863572836,-0.1230091297638718,15.571138,3,0.046875,-1,0.976961298670153,pruned
uhf_long,105445,33877413,MeerKAT:array_1:20250715T135202Z,ex_LEDA_185107,42,633.7495120763779,0.0081486845489948,41.621593,3,0.046875,-1,0.977055359258316,pruned
uhf_long,120033,34851003,MeerKAT:array_1:20250720T024534Z,Gaia_4669786106921584640,33,650.022145986557,-0.0713009898037045,14.522387,3,0.046875,-1,0.9771023203263642,pruned
uhf_long,240943,35369364,MeerKAT:array_1:20250723T045553Z,Gaia_4663763325835433984,61,667.1092089414597,-0.0040743422744974,11.814487,3,0.046875,-1,0.9771301701856581,pruned
lband_long,8465,245883,MeerKAT:array_1:20250712T092209Z,Gaia_4668956147441282816,28,865.0744232535362,-0.050440251622751654,29.851925,2,0.03125,0,0.9771541477090914,pruned
uhf_long,103313,33653565,MeerKAT:array_1:20250731T221802Z,Gaia_4669734773472433152,53,625.0220238566399,-0.0835240166271967,19.422606,1,0.015625,0,0.9771615886001427,pruned
uhf_long,65165,7857578,MeerKAT:array_1:20250704T054305Z,Gaia_6440630809876553856,30,599.9432662129402,-0.020371711372487,55.66681,2,0.03125,0,0.977172065981799,pruned
uhf_long,122490,34880525,MeerKAT:array_1:20250723T045553Z,Gaia_4663761126812216320,1,650.0219169855118,-0.020371711372487,11.856978,1,0.015625,0,0.9771751620781258,pruned
uhf_long,21855,424456,MeerKAT:array_1:20250705T231238Z,Gaia_6441479735932417280,57,559.2504117488861,0.030557567058730504,26.678577,2,0.03125,0,0.9772446709843942,pruned
uhf_long,1349,21569,MeerKAT:array_1:20250704T054305Z,Gaia_6441836420079796864,41,551.9478055238724,-0.020371711372487,403.5867,3,0.046875,-1,0.9772541226254582,pruned
uhf_long,76830,12885902,MeerKAT:array_1:20250723T022503Z,ex_[SL63]_504A,55,599.9702700972557,-0.0081486845489948,121.41192,3,0.046875,-1,0.9772741991893314,pruned
lband_long,314502,1239311,MeerKAT:array_1:20250701T055458Z,ex_SDSS_J002141.02-005520.2,8,919.9843869656324,-0.005044025162275165,29.736834,2,0.03125,0,0.9773129210962441,pruned
uhf_long,43374,1131911,MeerKAT:array_1:20250715T130947Z,ex_ASASSN-V_J160945.20-601435.4,58,575.9805218577385,-0.0427805938822227,12.601601,3,0.046875,-1,0.9773208604450656,pruned
uhf_short,4475,373739,MeerKAT:array_1:20250728T214014Z,Gaia_2682581567435990016,23,551.9999032616615,-0.2139029694111135,159.9782,2,0.03125,0,0.9773544897106642,pruned
lband_short,10050,391277,MeerKAT:array_1:20250731T041226Z,ex_PGC1164118,23,863.9559617489576,0.21526597708677564,16.305132,2,0.03125,0,0.9773606775143703,pruned
uhf_short,35873,1212465,MeerKAT:array_1:20250720T235835Z,Gaia_2682473368619795328,8,576.0442358255386,0.05133671265866724,18.802134,1,0.015625,0,0.977375173914015,pruned
uhf_long,54194,1898560,MeerKAT:array_1:20250705T180344Z,Gaia_5820048958071367680,6,587.9710034132004,-0.024446053646984402,11.506498,3,0.046875,-1,0.9774361073634503,pruned
uhf_short,11269,700001,MeerKAT:array_1:20250713T175609Z,Gaia_1468240106352793856,61,559.250387430191,-0.03422447510577816,17.149942,2,0.03125,0,0.9774507191198767,pruned
uhf_short,87223,34910867,MeerKAT:array_1:20250731T192546Z,Gaia_4426447519225295872,25,647.2499393820763,-0.03422447510577816,15.368673,3,0.046875,-1,0.9774793234564565,pruned
uhf_short,16853,1060409,MeerKAT:array_1:20250702T005726Z,Gaia_2682773805876651392,21,575.9806221723557,-0.10267342531733448,30.770885,2,0.03125,0,0.977509791812245,pruned
uhf_long,188755,33876706,MeerKAT:array_1:20250715T124827Z,ex_LEDA_1099019,50,633.7495404481888,-0.0040743422744974,20.244732,2,0.03125,0,0.9775230426986762,pruned
lband_short,475247,1246094,MeerKAT:array_1:20250701T220028Z,Gaia_1315895760937255040,1,919.984538435936,0.020501521627311965,16.682327,4,0.0625,-1,0.9775467087966245,pruned
lband_short,18660,438619,MeerKAT:array_1:20250708T092055Z,Gaia_2973638375667942272,44,879.9704657196999,-0.15376141220483974,14.49607,4,0.0625,-1,0.9775581175693894,pruned
lband_short,27258,685565,MeerKAT:array_1:20250711T092345Z,Gaia_4814652158359882752,36,879.9765946865082,0.05125380406827991,12.75124,1,0.015625,0,0.977582127657992,pruned
uhf_short,18641,1073358,MeerKAT:array_1:20250705T005108Z,ex_CRTS_J221150.1+013129,48,576.0458530187607,-0.02566835632933362,25.643738,3,0.046875,-1,0.9775847058031462,pruned
uhf_long,56234,4419609,MeerKAT:array_1:20250713T190328Z,Gaia_6117460428102076800,37,587.9445345401764,-0.0325947381959792,11.295744,2,0.03125,0,0.9775882607748342,pruned
lband_short,31428,698031,MeerKAT:array_1:20250713T111016Z,Gaia_5096068311197919616,46,869.9947702437639,-0.38952891091892733,56.398766,2,0.03125,0,0.9775896265245775,pruned
lband_long,167721,29024992,MeerKAT:array_1:20250719T103545Z,Gaia_4668963053748722048,61,960.0047576576471,0.035308176135926156,18.823133,2,0.03125,0,0.9775905506546243,pruned
lband_short,31813,698421,MeerKAT:array_1:20250713T113750Z,Gaia_5096255296894495232,36,869.9943955540657,-0.08200608650924786,14.649264,3,0.046875,-1,0.9776042662696003,pruned
uhf_long,113806,34642775,MeerKAT:array_1:20250707T175557Z,Gaia_4077155936705754368,55,650.0019077658653,0.0753753320782019,12.8888,1,0.015625,0,0.977610546119387,pruned
uhf_long,131997,35411659,MeerKAT:array_1:20250713T200741Z,Gaia_4148154181269181312,37,671.9926460981369,-0.022408882509735703,10.861424,3,0.046875,-1,0.9776347416907588,pruned
uhf_long,122559,34880594,MeerKAT:array_1:20250723T045553Z,Gaia_4663560706483881472,37,650.0219159722328,-0.030557567058730504,19.929361,2,0.03125,0,0.9776489827792973,pruned
uhf_short,29306,1124911,MeerKAT:array_1:20250714T021749Z,Gaia_2682555625833517824,34,576.0462026000023,0.05989283143511178,17.170057,1,0.015625,0,0.9776690901101701,pruned
sband_short,17037,12923193,MeerKAT:array_1:20250727T151713Z,Gaia_5922440119411596032,12,2064.0049488283694,0.10710868236247928,11.864062,3,0.046875,-1,0.9776972007906451,pruned
lband_short,26720,684744,MeerKAT:array_1:20250711T092345Z,Gaia_4791452359934653952,52,870.1331838071346,-0.05125380406827991,11.981336,1,0.015625,0,0.977764370686795,pruned
uhf_short,18933,1078663,MeerKAT:array_1:20250706T215041Z,Gaia_4426377219200633344,55,576.0416519641876,0.07700506898800086,22.823639,2,0.03125,0,0.9778024297761131,pruned
uhf_long,43360,1131865,MeerKAT:array_1:20250715T130947Z,ex_ASASSN-V_J160824.98-603558.0,47,576.0398888587952,0.0631523052547097,14.431583,1,0.015625,0,0.9778399203186027,pruned
uhf_short,2951,343527,MeerKAT:array_1:20250723T211918Z,Gaia_2699443024924948992,3,551.9843524694443,-0.17967849430533533,26.772406,2,0.03125,0,0.9778525499142708,pruned
uhf_long,60123,4546012,MeerKAT:array_1:20250715T143518Z,ex_CRTS_J142054.4-242330,8,590.0138214230537,0.048892107293968805,16.512894,4,0.0625,-1,0.9778732070877858,pruned
uhf_long,48168,1216139,MeerKAT:array_1:20250722T002453Z,Gaia_6441442627414763904,32,576.0405778884888,0.0162973690979896,13.335054,4,0.0625,-1,0.9779032797135436,pruned
lband_long,5789,83434,MeerKAT:array_1:20250708T105617Z,Gaia_3394161750354576000,61,863.9568657875061,0.04539622646047649,17.566607,3,0.046875,-1,0.9779058214494817,pruned
uhf_short,68723,33532515,MeerKAT:array_1:20250714T001713Z,Gaia_2682596440907741952,15,625.0285220146179,0.0855611877644454,15.812264,2,0.03125,0,0.9780057159588594,pruned
lband_short,8432,322137,MeerKAT:array_1:20250720T121928Z,Gaia_3610236641572903552,22,863.9588046073914,0.08200608650924786,10.867988,3,0.046875,-1,0.978013180798697,pruned
lband_short,9860,390386,MeerKAT:array_1:20250731T030702Z,Gaia_2546791159852136704,51,864.0687863975763,0.1845136946458077,11.339568,2,0.03125,0,0.9780138231900319,pruned
uhf_long,54187,1898542,MeerKAT:array_1:20250705T180344Z,J1536-6855T2,0,587.9710034132004,-0.024446053646984402,10.697423,3,0.046875,-1,0.9780193462879895,pruned
lband_short,19289,440978,MeerKAT:array_1:20250708T094824Z,Gaia_2973628819363169280,26,879.9982916116714,-0.3075228244096795,85.35132,2,0.03125,0,0.9780194086950224,pruned
sband_short,14115,1468268,MeerKAT:array_1:20250727T162815Z,Gaia_5922821168908608256,30,2032.0078942459077,0.2677717059061982,11.23581,2,0.03125,0,0.9780399601453666,pruned
uhf_short,9705,417544,MeerKAT:array_1:20250704T025554Z,Gaia_2682551880622063104,15,559.2504228949547,-0.07700506898800086,17.482906,3,0.046875,-1,0.978104575747704,pruned
lband_long,17782,408701,MeerKAT:array_1:20250701T095804Z,Gaia_4669682374871238272,21,879.9681522101164,-0.12610062905687913,28.84372,2,0.03125,0,0.9781144740669457,pruned
uhf_short,138675,1124641,MeerKAT:array_1:20250714T021749Z,Gaia_2682565143481001088,4,576.0462066531181,0.00855611877644454,19.0504,4,0.0625,-1,0.9781250353280424,pruned
lband_short,6022,244813,MeerKAT:array_1:20250712T091244Z,Gaia_2323514879787014528,9,863.9564480483532,0.03075228244096795,14.720483,1,0.015625,0,0.9781289204050382,pruned
uhf_long,188757,33876724,MeerKAT:array_1:20250715T124827Z,ex_2MASX_J13170753-0134111,62,633.7495384216309,0.0040743422744974,23.009655,3,0.046875,-1,0.9781781759643696,pruned
uhf_long,54735,1899290,MeerKAT:array_1:20250705T192701Z,ex_ASASSN-V_J191534.79-320335.5,26,587.0343972444534,0.022408882509735703,12.078393,3,0.046875,-1,0.9782270137786147,pruned
uhf_long,87480,33364568,MeerKAT:array_1:20250717T054309Z,Gaia_4669316546736562048,62,613.1961970925331,-0.0081486845489948,39.617683,2,0.03125,0,0.9782336155527976,pruned
uhf_long,56126,4419501,MeerKAT:array_1:20250713T190328Z,Gaia_6117499495125435904,1,587.9445355534554,-0.040743422744974,11.929667,4,0.0625,-1,0.9782731847630591,pruned
uhf_long,115575,34807851,MeerKAT:array_1:20250713T205023Z,Gaia_6757787790773261696,40,650.0221905708313,0.006111513411746101,12.080416,2,0.03125,0,0.978309663029234,pruned
uhf_long,87705,33367265,MeerKAT:array_1:20250718T054018Z,Gaia_4668962126035780992,45,613.1961190700531,0.006111513411746101,88.2615,4,0.0625,-1,0.9783452813514195,pruned
uhf_long,45276,1137404,MeerKAT:array_1:20250716T012443Z,ex_LEDA_314413,5,576.0417593717575,0.0733381609409532,12.342311,3,0.046875,-1,0.9783479756103812,pruned
uhf_short,28647,1124097,MeerKAT:array_1:20250714T001713Z,Gaia_2682471856791426304,36,576.0457162261009,-0.0427805938822227,16.561924,3,0.046875,-1,0.9783656697554216,pruned
lband_short,21280,444459,MeerKAT:array_1:20250708T125143Z,Gaia_2973636103628516992,33,875.0023625344038,-0.16401217301849572,11.92645,3,0.046875,-1,0.97839867503069,pruned
uhf_long,80280,28005809,MeerKAT:array_1:20250715T141354Z,Gaia_6210682865054712192,51,604.5585046410561,0.030557567058730504,43.707497,3,0.046875,-1,0.9784060851815535,pruned
lband_long,25014,702194,MeerKAT:array_1:20250714T053348Z,ex_2MASX_J04081510-6551410,5,872.4540787637234,0.06052830194730198,16.077623,3,0.046875,-1,0.9784308137498695,pruned
lband_short,32935,734187,MeerKAT:array_1:20250719T113106Z,Gaia_2993030943285271552,12,872.2136443704367,0.14351065139118374,19.433037,2,0.03125,0,0.9784362003124135,pruned
uhf_long,56280,4419655,MeerKAT:array_1:20250713T190328Z,Gaia_6117557528723847808,52,587.9776515364647,-0.0651894763919584,13.306146,1,0.015625,0,0.9784469728615716,pruned
uhf_short,18921,1078639,MeerKAT:array_1:20250706T215041Z,Gaia_4426779709174972928,52,576.0416519641876,0.07700506898800086,23.952574,2,0.03125,0,0.978460443571095,pruned
uhf_long,49350,1223913,MeerKAT:array_1:20250723T030515Z,ex_KMHK_1312,23,576.0406184196472,-0.0081486845489948,19.285192,3,0.046875,-1,0.9784913599125654,pruned
uhf_long,121387,34878589,MeerKAT:array_1:20250723T022503Z,ex_BSDL_1897,51,650.0219585299492,0.034631909333227906,16.447691,3,0.046875,-1,0.9785117834740018,pruned
uhf_long,56246,4419621,MeerKAT:array_1:20250713T190328Z,Gaia_6117545949491521408,41,587.9445355534554,-0.040743422744974,10.812098,4,0.0625,-1,0.978548398822442,pruned
uhf_short,59438,33414124,MeerKAT:array_1:20250702T032809Z,Gaia_2682577577411521792,46,624.000241458416,-0.1454540191995572,15.269266,3,0.046875,-1,0.978552239426625,pruned
lband_short,18336,437830,MeerKAT:array_1:20250708T092055Z,Gaia_2973933594539587328,18,875.0041610449553,-0.1230091297638718,24.577072,3,0.046875,-1,0.9785712112331696,pruned
lband_long,134686,21121161,MeerKAT:array_1:20250708T083640Z,Gaia_4669711271411291776,12,960.0418519377708,0.03026415097365099,12.514164,4,0.0625,-1,0.9785715763007687,pruned
uhf_short,16662,1059919,MeerKAT:array_1:20250701T230223Z,Gaia_2682791574156860544,61,576.0440878868103,0.19679073185822443,16.106918,4,0.0625,-1,0.9785816191829126,pruned
sband_short,18229,33865605,MeerKAT:array_1:20250711T150350Z,Gaia_4617432551527095424,43,2774.9793021939695,-0.1178195505987272,10.568566,1,0.015625,0,0.9785959459993808,pruned
uhf_long,99053,33582425,MeerKAT:array_1:20250718T015317Z,Gaia_4669686979076209920,63,623.9686727523804,-0.022408882509735703,13.406671,4,0.0625,-1,0.9785991081797474,pruned
uhf_short,35900,1212515,MeerKAT:array_1:20250720T235835Z,Gaia_2682526072163015168,14,576.0442317724228,0.11978566287022356,17.797733,3,0.046875,-1,0.9786189955922389,pruned
uhf_long,72517,11384522,MeerKAT:array_1:20250715T135202Z,ex_CRTS_J153336.8-332037,39,600.8721380233765,0.014260197960740902,30.227488,2,0.03125,0,0.978635898554504,pruned
lband_short,32867,733847,MeerKAT:array_1:20250719T110629Z,Gaia_2992956966768619648,15,879.99367415905,-0.04100304325462393,56.902252,2,0.03125,0,0.978641396494799,pruned
uhf_long,145425,35884353,MeerKAT:array_1:20240925T225556Z,Gaia_2775611035808256384,60,599.9768097996712,0.012223026823492201,17.211575,3,0.046875,-1,0.9787391740892833,pruned
uhf_long,138321,35523703,MeerKAT:array_1:20250726T235112Z,Gaia_6441840616264013056,30,671.9663687348366,-0.0366690804704766,10.394101,3,0.046875,-1,0.9788232811441355,pruned
uhf_long,95262,33530491,MeerKAT:array_1:20250713T202929Z,Gaia_4153357212046994816,32,623.9690790772438,-0.048892107293968805,28.557083,1,0.015625,0,0.9788329887564128,pruned
uhf_short,15229,1035570,MeerKAT:array_1:20250730T211442Z,Gaia_2682779032852352896,1,563.9721893668175,-0.05133671265866724,18.47328,3,0.046875,-1,0.978853994344956,pruned
uhf_short,48291,12890366,MeerKAT:array_1:20250723T234200Z,Gaia_2682620771897433600,4,599.9705791473389,0.09411730654088994,74.73224,3,0.046875,-1,0.9788830767803529,pruned
uhf_short,33518,1169746,MeerKAT:array_1:20250718T194550Z,Gaia_4426316814777136768,59,575.980351626873,0.0427805938822227,17.822811,1,0.015625,0,0.978894558628861,pruned
lband_short,31823,698431,MeerKAT:array_1:20250713T113750Z,Gaia_5096075080066407168,41,869.9930865317583,-0.04100304325462393,11.470233,1,0.015625,0,0.9789190920459903,pruned
uhf_short,184087,33526849,MeerKAT:array_1:20250713T164848Z,Gaia_1315499936751459328,35,625.0282089114189,-0.01711223755288908,24.648445,1,0.015625,0,0.9789368579174607,pruned
lband_short,18397,437914,MeerKAT:array_1:20250708T092055Z,Gaia_2973713069441865856,31,875.0041562616825,-0.05125380406827991,19.186075,4,0.0625,-1,0.9789411157965753,pruned
uhf_long,122631,34885572,MeerKAT:array_1:20250726T235112Z,Gaia_6441443241594297856,27,647.2235890626907,0.014260197960740902,11.571485,2,0.03125,0,0.9790155441626777,pruned
uhf_long,80261,28005790,MeerKAT:array_1:20250715T141354Z,ex_LEDA_705243,32,604.5585046410561,0.030557567058730504,50.78111,3,0.046875,-1,0.9790315554986923,pruned
sband_short,17081,12923257,MeerKAT:array_1:20250727T151713Z,Gaia_5922813781564775296,56,2064.0049488283694,0.10710868236247928,10.666211,3,0.046875,-1,0.9790372325305817,pruned
uhf_short,28561,1123944,MeerKAT:array_1:20250714T001713Z,Gaia_2682545077393848704,19,576.0457162261009,-0.0427805938822227,17.077932,3,0.046875,-1,0.9790535768554687,pruned
lband_short,26302,684280,MeerKAT:array_1:20250711T092345Z,Gaia_4790678441187588352,16,870.34188118577,-0.10250760813655982,14.649282,1,0.015625,0,0.9790565753178008,pruned
uhf_long,75327,11578059,MeerKAT:array_1:20250718T054018Z,Gaia_4668939448608395136,54,599.9630109667778,0.014260197960740902,21.298534,3,0.046875,-1,0.9790669822225155,pruned
uhf_short,100459,35425068,MeerKAT:array_1:20250716T201432Z,Gaia_4426475140154510080,14,671.9999467730522,-0.11978566287022356,21.586857,2,0.03125,0,0.9790879950169792,pruned
uhf_long,49380,1223964,MeerKAT:array_1:20250723T030515Z,ex_ASASSN-V_J054021.37-695316.4,36,576.0406184196472,-0.0081486845489948,19.128872,3,0.046875,-1,0.9791016500349495,pruned
uhf_short,27242,1118771,MeerKAT:array_1:20250713T175609Z,Gaia_1468296662482079872,34,575.972103536129,-0.07700506898800086,21.850504,2,0.03125,0,0.9791158418167377,pruned
uhf_long,96115,33534568,MeerKAT:array_1:20250714T160406Z,Gaia_6144640351237206272,2,625.0282352566719,0.040743422744974,16.293303,4,0.0625,-1,0.9791215078088162,pruned
uhf_long,24289,705747,MeerKAT:array_1:20250715T133052Z,Gaia_6214192196934384768,61,559.9964880347252,-0.055003620705714906,11.535364,2,0.03125,0,0.9791299916943391,pruned
uhf_short,15519,1035865,MeerKAT:array_1:20250730T211442Z,Gaia_2682559469829704960,60,563.9721893668175,-0.05133671265866724,18.813967,3,0.046875,-1,0.9791551659102825,pruned
lband_short,32971,734330,MeerKAT:array_1:20250719T113106Z,Gaia_2992967927525411712,39,872.2136507481337,0.08200608650924786,11.038942,2,0.03125,0,0.9791611208172294,pruned
uhf_long,92651,33464201,MeerKAT:array_1:20250705T184525Z,ex_ASASSN-V_J174601.52-160931.7,19,625.0283994078636,-0.012223026823492201,10.290824,3,0.046875,-1,0.9791853681626332,pruned
uhf_long,35429,1063834,MeerKAT:array_1:20250702T175345Z,Gaia_6117528597823280512,49,575.9726486802101,-0.040743422744974,37.57306,1,0.015625,0,0.9792028278916861,pruned
lband_short,24786,682352,MeerKAT:array_1:20250711T085603Z,Gaia_4814711458972055680,47,870.1340432018042,-0.27677054196871154,58.32726,1,0.015625,0,0.979216737657335,pruned
uhf_long,121783,34879302,MeerKAT:array_1:20250723T033528Z,Gaia_4661377866660986880,47,647.9386286139488,-0.05704079184296361,16.958176,4,0.0625,-1,0.9792340744921988,pruned
uhf_short,184468,33532495,MeerKAT:array_1:20250714T001713Z,Gaia_2682497626595077632,10,625.0285270810127,0.00855611877644454,17.98171,2,0.03125,0,0.9793059252836454,pruned
lband_short,15202,425759,MeerKAT:array_1:20250706T040458Z,ex_LEDA_1152843,31,874.998527944088,0.04100304325462393,12.340963,1,0.015625,0,0.9793062399442428,pruned
uhf_long,59243,4545014,MeerKAT:array_1:20250715T135202Z,ex_ASASSN-V_J153249.85-325503.6,24,589.8131415247917,0.0081486845489948,34.892994,3,0.046875,-1,0.9793190365602674,pruned
uhf_long,49331,1223877,MeerKAT:array_1:20250723T030515Z,ex_H88_321,14,576.0406184196472,-0.0081486845489948,18.427599,3,0.046875,-1,0.9793323482059857,pruned
uhf_long,42594,1126386,MeerKAT:array_1:20250714T162550Z,Gaia_4077087934405036160,49,576.0399810671806,-0.0101858556862435,18.821087,4,0.0625,-1,0.9793463259962283,pruned
uhf_long,56401,4419786,MeerKAT:array_1:20250713T192439Z,Gaia_5820117196510864768,9,587.9775765538216,-0.05704079184296361,16.730349,2,0.03125,0,0.979359049747243,pruned
uhf_long,41182,1121971,MeerKAT:array_1:20250713T202929Z,Gaia_4153213210387756672,5,575.977871119976,-0.0183345402352383,10.156795,4,0.0625,-1,0.9793615365569369,pruned
uhf_long,23320,702625,MeerKAT:array_1:20250714T160406Z,Gaia_6144899393599386368,10,559.2503732442856,0.0183345402352383,11.725916,3,0.046875,-1,0.9794335169974978,pruned
uhf_short,3748,346153,MeerKAT:array_1:20250723T234200Z,Gaia_2682778173858871552,49,551.99994379282,0.2909080383991144,104.31155,3,0.046875,-1,0.9794572561079293,pruned
uhf_short,48812,13613569,MeerKAT:array_1:20250728T194227Z,Gaia_2682522743563950720,27,599.9834143519402,-0.05133671265866724,28.820446,4,0.0625,-1,0.9794699198701153,pruned
uhf_long,43775,1132677,MeerKAT:array_1:20250715T135202Z,ex_CRTS_J153300.0-332545,7,571.3814796805382,0.0183345402352383,46.284443,2,0.03125,0,0.9795190819048555,pruned
lband_short,455803,687409,MeerKAT:array_1:20250711T113506Z,Gaia_4814714830522572288,63,879.9942098855972,-0.020501521627311965,73.06561,2,0.03125,0,0.9795215147512882,pruned
lband_long,110334,15753872,MeerKAT:array_1:20250701T133303Z,ex_LEDA_310383,31,960.0069755017757,-0.050440251622751654,22.320873,2,0.03125,0,0.979539076882786,pruned
lband_short,18249,437715,MeerKAT:array_1:20250708T092055Z,J0447-2203,0,874.9890395253897,-0.05125380406827991,23.423843,3,0.046875,-1,0.9795501514182486,pruned
lband_long,167409,29024572,MeerKAT:array_1:20250719T103545Z,Gaia_4669700894770229632,33,960.0047592520714,0.025220125811375827,18.667711,2,0.03125,0,0.9795603540520451,pruned
uhf_short,54991,33188623,MeerKAT:array_1:20250706T001134Z,Gaia_2698943056371849856,60,613.1961190700531,0.02566835632933362,41.30468,3,0.046875,-1,0.9795814074599309,pruned
lband_long,5780,83414,MeerKAT:array_1:20250708T105617Z,Gaia_3394108316665083520,56,863.9568705707788,0.03026415097365099,16.886158,2,0.03125,0,0.9795855342350314,pruned
lband_short,7963,314116,MeerKAT:array_1:20250719T033518Z,ex_2dFGRS_TGS544Z221,33,864.068842202425,0.0615045648819359,11.751067,3,0.046875,-1,0.9795926751160435,pruned
lband_short,97078,3465314,MeerKAT:array_1:20250710T004923Z,Gaia_4216739384449371008,25,924.99093490839,0.07175532569559187,11.472386,1,0.015625,0,0.9796234680895074,pruned
uhf_long,1473,43180,MeerKAT:array_1:20250705T060310Z,Gaia_6440709390598240896,19,544.0822448134422,0.0081486845489948,21.997593,4,0.0625,-1,0.9796401965834599,pruned
uhf_long,39117,1082609,MeerKAT:array_1:20250707T175557Z,ex_ASASSN-V_J183215.25-243749.6,13,572.715768456459,0.07741250321545061,11.052223,3,0.046875,-1,0.9796788374190655,pruned
uhf_long,121776,34879290,MeerKAT:array_1:20250723T033528Z,Gaia_4661289218575824384,43,647.9386286139488,-0.05704079184296361,16.357912,4,0.0625,-1,0.9796886463809888,pruned
lband_long,23761,692174,MeerKAT:array_1:20250712T092209Z,Gaia_4669812563919875200,1,875.0456957966089,0.12610062905687913,21.438797,4,0.0625,-1,0.9797060912078535,pruned
lband_short,9262,388700,MeerKAT:array_1:20250731T014621Z,ex_LEDA_1161460,29,864.0687146484852,-0.13325989057752777,10.318585,1,0.015625,0,0.9797248298626587,pruned
uhf_long,182805,23567960,MeerKAT:array_1:20250710T060816Z,Gaia_5599216411313573888,54,607.2080538272858,0.0020371711372487,23.827936,4,0.0625,-1,0.9797382442708001,pruned
uhf_short,41064,4417868,MeerKAT:array_1:20250713T164848Z,Gaia_1315705133109803776,50,587.9782088398933,-0.02566835632933362,26.252598,3,0.046875,-1,0.979752084847352,pruned
lband_short,17880,431197,MeerKAT:array_1:20250706T145226Z,Gaia_4802475204521550464,20,876.1932491660118,0.05125380406827991,18.900642,3,0.046875,-1,0.9797750738553301,pruned
uhf_short,35927,1212566,MeerKAT:array_1:20250720T235835Z,Gaia_2682487005140593920,20,576.0442317724228,0.11978566287022356,19.020847,3,0.046875,-1,0.9798788079352752,pruned
uhf_long,98778,33544680,MeerKAT:array_1:20250716T022312Z,Gaia_4669754113709081216,58,625.0286577939987,0.0162973690979896,18.69764,3,0.046875,-1,0.9799234167949927,pruned
uhf_long,30167,804970,MeerKAT:array_1:20250705T194745Z,Gaia_4190046265782213888,39,563.9720900654793,-0.014260197960740902,10.378036,4,0.0625,-1,0.9800288729785012,pruned
lband_short,26418,684415,MeerKAT:array_1:20250711T092345Z,Gaia_4814724382529799808,27,870.2682889401913,-0.08200608650924786,361.68307,1,0.015625,0,0.9800618240425854,pruned
mk_sample_hits,14831,35829839,MeerKAT:array_1:20240319T020710Z,Gaia_2531011621804591872,30,1262.8780050873756,-0.005044025162275165,10.575993,1,0.015625,0,0.9800675005457289,pruned
lband_long,24432,697262,MeerKAT:array_1:20250713T100933Z,Gaia_3394258782255890816,23,872.0091849714518,-0.025220125811375827,10.227628,2,0.03125,0,0.9800989810950949,pruned
lband_long,301041,691789,MeerKAT:array_1:20250712T060917Z,Gaia_4669727489207812736,6,872.4540149867535,0.01008805032455033,14.391865,2,0.03125,0,0.980099605499793,pruned
uhf_long,133007,35416991,MeerKAT:array_1:20250715T124827Z,ex_[VV2006]_J131712.9-014118,20,671.9668824672699,0.0733381609409532,10.881397,1,0.015625,0,0.9801246655927565,pruned
uhf_long,37043,1074852,MeerKAT:array_1:20250705T180344Z,Gaia_5820107816301998336,11,576.0403833389282,0.0183345402352383,16.485588,1,0.015625,0,0.9802134758017981,pruned
uhf_long,108524,34499251,MeerKAT:array_1:20250715T135202Z,ex_CRTS_J153330.1-324437,8,639.5786242485046,0.0183345402352383,12.709963,1,0.015625,0,0.9802196435706015,pruned
uhf_long,93044,33464765,MeerKAT:array_1:20250705T192701Z,ex_ASASSN-V_J191644.28-313742.6,45,625.0284095406532,0.020371711372487,10.061652,4,0.0625,-1,0.9802342374280755,pruned
lband_short,15271,425828,MeerKAT:array_1:20250706T040458Z,Gaia_2545302794769170048,54,874.9985263496637,0.0615045648819359,12.608818,4,0.0625,-1,0.9802408869191866,pruned
uhf_long,95100,33530264,MeerKAT:array_1:20250713T200741Z,Gaia_4148106047635280128,32,623.9691388607025,-0.06111513411746101,42.527615,4,0.0625,-1,0.9802740043470881,pruned
uhf_long,132030,35411709,MeerKAT:array_1:20250713T200741Z,Gaia_4124070036266270592,54,671.9667639136314,-0.06111513411746101,21.575027,4,0.0625,-1,0.9802850394359618,pruned
uhf_short,69284,33533128,MeerKAT:array_1:20250714T021749Z,Gaia_2682532948406192768,6,625.0286111831665,0.02566835632933362,16.928295,3,0.046875,-1,0.9803020920246082,pruned
uhf_long,115200,34807195,MeerKAT:array_1:20250713T200741Z,Gaia_4124096665066280832,26,650.0221824645996,0.0081486845489948,10.8259535,3,0.046875,-1,0.9803069417125714,pruned
uhf_long,124442,34960448,MeerKAT:array_1:20250705T182441Z,Gaia_6024447619920332288,44,658.6247901320457,0.040743422744974,10.219197,1,0.015625,0,0.9803187537167734,pruned
uhf_long,145317,35884213,MeerKAT:array_1:20240925T225556Z,Gaia_2775817645210647296,24,599.9768097996712,0.012223026823492201,18.351807,3,0.046875,-1,0.9803205575715492,pruned
uhf_long,12910,297887,MeerKAT:array_1:20250717T054309Z,Gaia_4668921547184651392,38,544.0542854070663,-0.081486845489948,12.958125,4,0.0625,-1,0.9803635927358714,pruned
uhf_long,115127,34807094,MeerKAT:array_1:20250713T200741Z,Gaia_4148113331900299776,40,647.9679518938065,-0.06111513411746101,35.383007,1,0.015625,0,0.9803794030149223,pruned
lband_short,25722,683598,MeerKAT:array_1:20250711T085603Z,ex_LEDA_548805,22,879.9774811863899,-0.37927815010527133,13.762156,1,0.015625,0,0.9803990026449174,pruned
lband_long,24541,697371,MeerKAT:array_1:20250713T100933Z,Gaia_3394141409389627520,63,872.0091849714518,-0.025220125811375827,10.945821,2,0.03125,0,0.9804223191340408,pruned
uhf_long,105212,33877087,MeerKAT:array_1:20250715T133052Z,ex_CRTS_J151722.0-265132,14,633.7494178414345,-0.006111513411746101,24.977068,1,0.015625,0,0.9804408306008395,pruned
uhf_long,83550,33191518,MeerKAT:array_1:20250707T173400Z,Gaia_6143856506823965952,17,611.9930722117424,0.040743422744974,13.280286,4,0.0625,-1,0.9804548163584363,pruned
uhf_short,9708,417550,MeerKAT:array_1:20250704T025554Z,Gaia_2682518890977883008,21,559.2504228949547,-0.07700506898800086,16.6874,3,0.046875,-1,0.9804643186274719,pruned
uhf_short,135949,1111497,MeerKAT:array_1:20250713T004830Z,Gaia_2682587374231791744,45,575.9806728363037,-0.01711223755288908,17.998844,2,0.03125,0,0.9804936893548574,pruned
lband_short,54981,1246174,MeerKAT:array_1:20250701T220028Z,Gaia_1315967293617075840,41,919.9845400303602,-0.03075228244096795,12.82865,4,0.0625,-1,0.9805066166347008,pruned
lband_long,23552,691887,MeerKAT:array_1:20250712T060917Z,Gaia_4669829915587758720,55,872.4540277421474,-0.035308176135926156,11.263691,2,0.03125,0,0.9805141315497866,pruned
lband_long,23535,691845,MeerKAT:array_1:20250712T060917Z,Gaia_4669775421042834560,34,872.4540229588747,-0.015132075486825495,13.584077,4,0.0625,-1,0.9805203804097822,pruned
lband_short,31764,698371,MeerKAT:array_1:20250713T113750Z,Gaia_5096257461558006144,10,869.9928680956364,-0.10250760813655982,15.513726,3,0.046875,-1,0.9805238000568209,pruned
uhf_long,23344,702654,MeerKAT:array_1:20250714T160406Z,Gaia_6144676570699168896,39,559.2503722310066,0.0264832247842331,12.608542,3,0.046875,-1,0.9805407578915054,pruned
lband_short,18820,440038,MeerKAT:array_1:20250708T094824Z,Gaia_2973716337914098048,46,871.9704516232014,-0.05125380406827991,29.582518,2,0.03125,0,0.9805417462686292,pruned
uhf_long,15987,338041,MeerKAT:array_1:20250723T015429Z,Gaia_4661688032010521856,54,548.0131744146347,0.0183345402352383,13.353144,3,0.046875,-1,0.9805536907594714,pruned
uhf_short,49079,13613869,MeerKAT:array_1:20250728T194227Z,Gaia_2682791367998427520,60,599.9834143519402,-0.05133671265866724,26.64676,4,0.0625,-1,0.9805882941260969,pruned
uhf_short,81289,34875291,MeerKAT:array_1:20250722T211839Z,Gaia_2682573522961938176,37,650.0004192590714,0.02566835632933362,15.653164,1,0.015625,0,0.980599939070362,pruned
lband_short,112539,4044235,MeerKAT:array_1:20250712T013838Z,Gaia_4216970797286312960,30,924.9973636269569,0.04100304325462393,14.16173,1,0.015625,0,0.9806110538743397,pruned
uhf_long,45300,1137436,MeerKAT:array_1:20250716T012443Z,ex_LEDA_307352,13,576.0417603850365,0.06926381866645581,11.968454,2,0.03125,0,0.9806313442455773,pruned
lband_long,16425,406848,MeerKAT:array_1:20250701T085314Z,Gaia_4669778547779094528,46,871.9688715487719,0.04539622646047649,224.43456,1,0.015625,0,0.9806966357352523,pruned
uhf_long,126534,35161460,MeerKAT:array_1:20250723T015429Z,Gaia_4661547393279393920,37,657.6801202893257,0.0183345402352383,11.498276,3,0.046875,-1,0.9807008841750471,pruned
uhf_short,18647,1073396,MeerKAT:array_1:20250705T005108Z,ex_LEDA_1207841,53,576.0458530187607,-0.02566835632933362,27.915384,3,0.046875,-1,0.9807015898351381,pruned
uhf_long,82761,33187305,MeerKAT:array_1:20250705T184525Z,ex_ATO_J266.2994-15.9082,1,613.1958829760551,0.006111513411746101,10.023853,1,0.015625,0,0.9807198421806977,pruned
uhf_long,242182,35417916,MeerKAT:array_1:20250715T130947Z,ex_ASASSN-V_J160918.48-604104.9,53,678.3023645877838,-0.0020371711372487,16.609957,1,0.015625,0,0.9807227460284179,pruned
uhf_long,105787,33877862,MeerKAT:array_1:20250715T141354Z,Gaia_6210736672405383936,42,634.0491639971733,0.030557567058730504,38.13602,1,0.015625,0,0.9807421371644439,pruned
uhf_long,49326,1223869,MeerKAT:array_1:20250723T030515Z,ex_BSDL_2830,12,576.0406204462051,-0.024446053646984402,18.760916,2,0.03125,0,0.9807475110971252,pruned
uhf_short,186582,33609986,MeerKAT:array_1:20250720T034305Z,Gaia_6526554791732217472,1,624.0489021539688,-0.01711223755288908,17.892624,2,0.03125,0,0.980944974940586,pruned
lband_long,135203,21121885,MeerKAT:array_1:20250708T083640Z,Gaia_4669701238367628288,58,960.0418519377708,0.025220125811375827,11.367851,4,0.0625,-1,0.9810888770075965,pruned
uhf_long,182787,23567914,MeerKAT:array_1:20250710T060816Z,Gaia_5599131783275272192,47,607.2080538272858,0.0020371711372487,27.544096,4,0.0625,-1,0.9811361361556316,pruned
uhf_short,7814,386116,MeerKAT:array_1:20250730T231157Z,Gaia_2682540954225220992,17,551.9994300603867,0.1454540191995572,115.630356,3,0.046875,-1,0.9812243445062825,pruned
lband_short,9429,389115,MeerKAT:array_1:20250731T021904Z,ex_SDSS_J002250.07-000003.0,12,864.0688868463039,-0.1230091297638718,15.211025,4,0.0625,-1,0.9812271237790265,pruned
lband_long,54164,1240845,MeerKAT:array_1:20250701T085314Z,Gaia_4669720170583578368,7,919.9671592116356,0.02017610064910066,273.05603,4,0.0625,-1,0.9814366447565421,pruned
lband_short,33529,738100,MeerKAT:array_1:20250719T212149Z,Gaia_4216723235372200320,22,875.0023418068886,0.05125380406827991,11.240525,4,0.0625,-1,0.9814390784909939,pruned
uhf_short,20231,1095130,MeerKAT:array_1:20250710T221658Z,Gaia_2682777280505662592,46,576.0401918292046,-0.2139029694111135,37.157505,2,0.03125,0,0.9814481627715766,pruned
uhf_long,188754,33876699,MeerKAT:array_1:20250715T124827Z,ex_2dFGRS_TGN261Z273,45,633.7495384216309,0.0040743422744974,36.15275,3,0.046875,-1,0.9814743502984141,pruned
uhf_long,75267,11577954,MeerKAT:array_1:20250718T054018Z,Gaia_4669749960476671104,33,599.9630109667778,0.014260197960740902,22.14838,3,0.046875,-1,0.9814820638290846,pruned
uhf_long,124031,34920558,MeerKAT:array_1:20250702T175345Z,ex_ASASSN-V_J140926.43-372525.5,20,658.6234637498856,0.05092927843121751,16.050325,3,0.046875,-1,0.981573545320244,pruned
uhf_long,65194,7857650,MeerKAT:array_1:20250704T054305Z,Gaia_6441456641891280896,48,599.9432662129402,-0.020371711372487,54.48371,2,0.03125,0,0.9816074469724838,pruned
uhf_long,30185,804988,MeerKAT:array_1:20250705T194745Z,Gaia_4189256507195432192,45,563.9720900654793,-0.014260197960740902,10.50437,4,0.0625,-1,0.9816093791276209,pruned
lband_long,13682,387298,MeerKAT:array_1:20250730T235713Z,Gaia_4669705361536222080,9,864.0001831054688,-0.1160125787323288,11.187343,3,0.046875,-1,0.9816094952905278,pruned
lband_long,5983,83947,MeerKAT:array_1:20250708T171220Z,ex_Gaia_DR3_6761182223681033472,23,863.9796772152185,-0.06052830194730198,10.522282,1,0.015625,0,0.9816158513193157,pruned
uhf_long,25232,706738,MeerKAT:array_1:20250715T141354Z,ex_Gaia_DR3_6210810163588884096,13,559.2503651380539,-0.006111513411746101,11.278951,3,0.046875,-1,0.9816936301408948,pruned
uhf_long,93959,33482899,MeerKAT:array_1:20250708T010310Z,Gaia_6440996118318346496,6,625.0286729931831,0.014260197960740902,17.909348,4,0.0625,-1,0.981719966418014,pruned
lband_long,892,2214,MeerKAT:array_1:20250701T085314Z,Gaia_4669832630007089024,35,860.0304143130779,-0.04539622646047649,32.629955,2,0.03125,0,0.9817633172731938,pruned
uhf_long,95086,33530250,MeerKAT:array_1:20250713T200741Z,Gaia_4148116282476637568,25,623.9691388607025,-0.0651894763919584,39.788994,1,0.015625,0,0.9817677302411925,pruned
lband_short,18191,437450,MeerKAT:array_1:20250708T092055Z,Gaia_2973936102800486912,26,871.9707338362932,-0.1742629338321517,24.281105,4,0.0625,-1,0.981779588688123,pruned
uhf_short,32894,1157171,MeerKAT:array_1:20250717T220401Z,Gaia_2699005075699808256,52,576.0451447367668,-0.0427805938822227,26.271168,3,0.046875,-1,0.9817913403469142,pruned
uhf_long,19032,371436,MeerKAT:array_1:20250728T151003Z,ex_ASASSN-V_J132538.47-472402.3,43,551.987779378891,0.038706251607725305,502.60297,3,0.046875,-1,0.981808947174579,pruned
uhf_long,21013,417906,MeerKAT:array_1:20250704T054305Z,Gaia_6441456096432105216,53,559.250414788723,0.0325947381959792,11.7431755,2,0.03125,0,0.9818443497479009,pruned
lband_long,58376,1268592,MeerKAT:array_1:20250708T085539Z,Gaia_2978888062654110592,6,920.2146856039762,-0.20680503165328176,10.857305,4,0.0625,-1,0.9818506624284312,pruned
uhf_short,63750,33516159,MeerKAT:array_1:20250712T220135Z,ex_LEDA_1270663,32,625.0212446451187,0.03422447510577816,20.795404,3,0.046875,-1,0.9818820270532722,pruned
uhf_short,7891,386227,MeerKAT:array_1:20250730T231157Z,ex_LEDA_1199444,32,551.9994300603867,0.1454540191995572,110.6485,3,0.046875,-1,0.9819000850251521,pruned
uhf_long,131940,35411574,MeerKAT:array_1:20250713T200741Z,Gaia_4124144248933362816,9,671.9667639136314,-0.06111513411746101,19.890314,4,0.0625,-1,0.9819713510111691,pruned
uhf_long,48087,1216058,MeerKAT:array_1:20250722T002453Z,Gaia_6440703579505476736,5,576.0405789017677,0.012223026823492201,13.918904,1,0.015625,0,0.9819803486267195,pruned
uhf_short,16389,1059446,MeerKAT:array_1:20250701T230223Z,ex_Z_377-37,4,576.0398615002632,-0.11978566287022356,35.423325,2,0.03125,0,0.9819816968921439,pruned
lband_short,60353,1439114,MeerKAT:array_1:20250719T030257Z,Gaia_2311978838148258176,52,919.7944639325142,0.0615045648819359,13.551497,3,0.046875,-1,0.9819989242263988,pruned
uhf_short,18043,1067234,MeerKAT:array_1:20250704T025554Z,Gaia_2682476804593641984,42,576.0417765974998,0.16256625675244626,20.368923,1,0.015625,0,0.982007357280454,pruned
uhf_long,76340,12885122,MeerKAT:array_1:20250723T012407Z,Gaia_4655252624846872448,35,599.9703501462936,-0.028520395921481805,131.03995,1,0.015625,0,0.982026290797711,pruned
uhf_long,87353,33361395,MeerKAT:array_1:20250716T022312Z,Gaia_4669730066188224512,21,613.1965618729591,0.014260197960740902,24.016113,2,0.03125,0,0.982047328784558,pruned
uhf_short,57006,33397977,MeerKAT:array_1:20250730T211442Z,Gaia_2682468970573271552,24,615.2238635420799,0.06844895021155632,16.371626,1,0.015625,0,0.9820912669450758,pruned
lband_short,26277,684252,MeerKAT:array_1:20250711T092345Z,Gaia_4814699952755941760,14,870.341887563467,-0.3075228244096795,20.131409,2,0.03125,0,0.982097735873443,pruned
lband_short,58689,1418390,MeerKAT:array_1:20250712T073536Z,Gaia_2323545631752871680,33,919.7934116125107,-0.05125380406827991,12.823496,4,0.0625,-1,0.9821036114735606,pruned
uhf_long,56207,4419582,MeerKAT:array_1:20250713T190328Z,Gaia_6117560792898242432,28,587.9445355534554,-0.0427805938822227,11.086297,4,0.0625,-1,0.9821065740028643,pruned
uhf_long,60192,4546081,MeerKAT:array_1:20250715T143518Z,Gaia_6272845266757724032,31,590.0138214230537,0.048892107293968805,17.939047,4,0.0625,-1,0.9821242882363145,pruned
lband_short,29688,695515,MeerKAT:array_1:20250713T073717Z,Gaia_5096258698508594048,22,872.0422644913197,-0.10250760813655982,13.440259,2,0.03125,0,0.9821295317717741,pruned
uhf_long,29903,804679,MeerKAT:array_1:20250705T192701Z,ex_GALEX_J191616.3-314323,17,563.9721113443375,-0.014260197960740902,14.83979,4,0.0625,-1,0.9821473844080593,pruned
lband_short,4622,241494,MeerKAT:array_1:20250712T072515Z,Gaia_2323475263008703872,18,860.2017591148615,0.07175532569559187,16.745317,3,0.046875,-1,0.9821582842833844,pruned
uhf_long,121724,34879206,MeerKAT:array_1:20250723T033528Z,Gaia_4658397090671938560,15,647.9386286139488,-0.05704079184296361,15.64521,4,0.0625,-1,0.9821721406680034,pruned
lband_short,31778,698385,MeerKAT:array_1:20250713T113750Z,Gaia_5096087140334575488,17,869.9928601235151,-0.03075228244096795,13.17153,2,0.03125,0,0.9821728387366669,pruned
uhf_short,7849,386167,MeerKAT:array_1:20250730T231157Z,Gaia_2682532948406193664,24,551.9994300603867,0.1454540191995572,106.83022,3,0.046875,-1,0.9822104174288282,pruned
lband_short,26214,684180,MeerKAT:array_1:20250711T092345Z,Gaia_4790681945880898176,9,870.26426461339,-0.09225684732290385,47.99222,1,0.015625,0,0.9822475856275993,pruned
uhf_long,108317,34498884,MeerKAT:array_1:20250715T130947Z,ex_2MASX_J16135028-6037225,3,639.9959462285042,-0.0264832247842331,18.825468,1,0.015625,0,0.9822516717133473,pruned
uhf_long,88877,33376515,MeerKAT:array_1:20250723T022503Z,ex_BSDL_1719,15,611.9850308299065,-0.0162973690979896,12.410263,4,0.0625,-1,0.982293426447226,pruned
uhf_short,59285,33413884,MeerKAT:array_1:20250702T032809Z,Gaia_2682619530651384576,7,624.0002323389053,-0.0427805938822227,15.403932,1,0.015625,0,0.9823016648160253,pruned
sband_short,13578,1467627,MeerKAT:array_1:20250727T151713Z,Gaia_5922803817240492160,53,2032.007402041927,0.18208476001621476,11.565547,2,0.03125,0,0.9823103344298002,pruned
lband_long,301089,691871,MeerKAT:array_1:20250712T060917Z,Gaia_4669778547779094528,47,872.4540213644505,0.01008805032455033,18.489931,3,0.046875,-1,0.9824195576984823,pruned
uhf_long,35930,1064723,MeerKAT:array_1:20250702T185632Z,ex_IRAS_17436-1545,4,575.9724318385124,-0.07944967435269931,10.290939,2,0.03125,0,0.9824266161042668,pruned
uhf_long,100577,33630899,MeerKAT:array_1:20250723T015429Z,Gaia_4661484691100035072,15,625.0210977196693,0.012223026823492201,12.42124,2,0.03125,0,0.9824650778038846,pruned
uhf_long,121754,34879254,MeerKAT:array_1:20250723T033528Z,Gaia_4658395127805745920,31,647.9386286139488,-0.05704079184296361,18.841084,4,0.0625,-1,0.9825001432657433,pruned
uhf_long,31626,980869,MeerKAT:array_1:20250714T162550Z,Gaia_4077092577335098368,63,563.9467884898186,-0.012223026823492201,10.282395,3,0.046875,-1,0.9825177047898155,pruned
lband_short,30918,697505,MeerKAT:array_1:20250713T104242Z,ex_LEDA_880214,3,869.9951465278864,-0.08200608650924786,33.705257,3,0.046875,-1,0.9825284745674352,pruned
lband_long,23538,691851,MeerKAT:array_1:20250712T060917Z,Gaia_4669704743060998272,37,872.4540229588747,-0.015132075486825495,12.682214,4,0.0625,-1,0.9825503281528084,pruned
uhf_short,79906,34652881,MeerKAT:array_1:20250710T030814Z,Gaia_2699022186849578240,43,647.9803574681282,-0.0427805938822227,16.600677,2,0.03125,0,0.9825898760754027,pruned
lband_short,3916,87227,MeerKAT:array_1:20250709T050322Z,Gaia_4936745296762361216,7,863.9844477325678,0.07175532569559187,11.617393,3,0.046875,-1,0.9825927636058825,pruned
uhf_long,123994,34913727,MeerKAT:array_1:20250731T221802Z,Gaia_4669701410166340736,47,650.0228958129883,-0.0183345402352383,20.204699,2,0.03125,0,0.9825966012755627,pruned
uhf_long,63645,6166990,MeerKAT:array_1:20250729T170839Z,Gaia_1468230176388400768,3,587.9709720015526,-0.012223026823492201,11.716127,1,0.015625,0,0.9825981892849054,pruned
uhf_short,69369,33533263,MeerKAT:array_1:20250714T021749Z,ex_2MASX_J22115125+0119578,33,625.0286111831665,0.02566835632933362,17.111614,3,0.046875,-1,0.9826247244069484,pruned
lband_long,28830,769562,MeerKAT:array_1:20250731T122153Z,Gaia_5834047630948442368,3,879.9980428814888,0.10088050324550331,26.91369,1,0.015625,0,0.9826256958271801,pruned
lband_short,25336,682967,MeerKAT:array_1:20250711T085603Z,ex_LEDA_549534,14,872.6397638171911,0.05125380406827991,11.818739,4,0.0625,-1,0.9826299520500982,pruned
uhf_long,42542,1126254,MeerKAT:array_1:20250714T162550Z,Gaia_4077122465939774592,6,576.0399810671806,-0.012223026823492201,19.296585,4,0.0625,-1,0.982651536898762,pruned
lband_long,54178,1240859,MeerKAT:array_1:20250701T085314Z,Gaia_4669731749815407232,21,919.9671592116356,0.02017610064910066,302.90634,4,0.0625,-1,0.9827361002652986,pruned
uhf_long,63680,6167046,MeerKAT:array_1:20250729T170839Z,Gaia_1468255740033709568,37,587.9709740281105,-0.024446053646984402,10.967649,1,0.015625,0,0.9827472927683147,pruned
uhf_long,96221,33534674,MeerKAT:array_1:20250714T160406Z,Gaia_6144713438698800256,55,625.0282352566719,0.040743422744974,17.54759,4,0.0625,-1,0.9827839106620898,pruned
uhf_long,95241,33530470,MeerKAT:array_1:20250713T202929Z,Gaia_4153310311002141824,11,623.9690790772438,-0.0529664495684662,28.41764,1,0.015625,0,0.9828043494406131,pruned
uhf_long,43318,1131734,MeerKAT:array_1:20250715T130947Z,ex_ASASSN-V_J161227.51-602016.9,18,575.9805178046227,-0.0264832247842331,12.946202,3,0.046875,-1,0.9828237833836853,pruned
uhf_long,95655,33530890,MeerKAT:array_1:20250713T205023Z,Gaia_6756228782060744704,28,625.0213338136673,0.020371711372487,11.545548,1,0.015625,0,0.9828309653717199,pruned
lband_short,32856,733816,MeerKAT:array_1:20250719T110629Z,Gaia_2993029431457150720,5,879.9936757534742,-0.0615045648819359,56.2769,2,0.03125,0,0.9828425722762115,pruned
lband_short,16147,428264,MeerKAT:array_1:20250706T093833Z,Gaia_4802458299530253696,60,872.0094528347254,-0.04100304325462393,12.215436,2,0.03125,0,0.9828549238848273,pruned
uhf_long,89671,33377438,MeerKAT:array_1:20250723T033528Z,Gaia_4661291486319129216,59,615.6712312698364,0.020371711372487,15.880092,1,0.015625,0,0.982857578029353,pruned
uhf_long,139239,35530725,MeerKAT:array_1:20250731T221802Z,Gaia_4669055962481346816,1,675.0237789154053,-0.030557567058730504,15.038372,4,0.0625,-1,0.9828879580542792,pruned
uhf_short,18084,1067369,MeerKAT:array_1:20250704T025554Z,Gaia_2682779410809465088,57,576.0463991761208,0.0855611877644454,24.733643,1,0.015625,0,0.982921989701376,pruned
lband_short,33178,734719,MeerKAT:array_1:20250719T113106Z,Gaia_2993083788563508224,7,876.214630395174,0.08200608650924786,20.42687,3,0.046875,-1,0.9829364616179952,pruned
uhf_long,186717,33529925,MeerKAT:array_1:20250713T192439Z,Gaia_5820224330175267968,55,625.0283983945847,0.0020371711372487,11.672003,4,0.0625,-1,0.982955763763505,pruned
uhf_long,31569,980812,MeerKAT:array_1:20250714T162550Z,Gaia_4077093779926130816,9,563.9467884898186,-0.012223026823492201,10.399587,3,0.046875,-1,0.9829593389457515,pruned
uhf_long,46194,1145598,MeerKAT:array_1:20250717T054309Z,Gaia_4669828609917695360,41,576.0420714616776,0.0835240166271967,19.976397,3,0.046875,-1,0.9829874193464946,pruned
uhf_long,96133,33534586,MeerKAT:array_1:20250714T160406Z,Gaia_6143886365436710400,11,625.0282393097878,0.012223026823492201,16.544584,1,0.015625,0,0.9829956351397072,pruned
uhf_long,19038,371442,MeerKAT:array_1:20250728T151003Z,ex_Cl*_NGC_5139_SAW_V205,45,551.987779378891,0.038706251607725305,490.02124,3,0.046875,-1,0.982996707553422,pruned
lband_long,25032,702227,MeerKAT:array_1:20250714T053348Z,Gaia_4669712096045013120,16,872.4540787637234,0.06052830194730198,21.551321,3,0.046875,-1,0.9831647988282132,pruned
lband_short,7996,314248,MeerKAT:array_1:20250719T033518Z,Gaia_2311990344364857984,45,864.068842202425,0.0615045648819359,11.391311,3,0.046875,-1,0.9831812853632163,pruned
lband_short,26175,684140,MeerKAT:array_1:20250711T092345Z,Gaia_4790698709137405184,6,870.2315087616444,-0.2870213027823675,1929.4265,1,0.015625,0,0.9832180241188014,pruned
lband_long,23915,692328,MeerKAT:array_1:20250712T092209Z,Gaia_4669719277230381952,45,875.0456957966089,0.12610062905687913,19.175558,4,0.0625,-1,0.9832294581612417,pruned
uhf_long,89276,33376925,MeerKAT:array_1:20250723T030515Z,ex_X_LMC_X-1,25,611.969614803791,-0.028520395921481805,10.280769,1,0.015625,0,0.983244645700213,pruned
lband_short,475301,1246208,MeerKAT:array_1:20250701T220028Z,Gaia_1315535464720987264,58,919.984538435936,0.020501521627311965,19.26936,4,0.0625,-1,0.9832581456061263,pruned
uhf_long,101229,33631560,MeerKAT:array_1:20250723T030515Z,ex_X_LMC_X-1,25,625.021001458168,-0.048892107293968805,26.877722,4,0.0625,-1,0.9832645774261957,pruned
sband_short,5818,1028099,MeerKAT:array_1:20250727T151713Z,Gaia_5922813575406325632,14,2000.0072834081948,0.21421736472495856,10.151217,3,0.046875,-1,0.9832772458489657,pruned
lband_short,31808,698415,MeerKAT:array_1:20250713T113750Z,Gaia_5096059858702284800,33,869.9928601235151,0.07175532569559187,17.864803,1,0.015625,0,0.9832779411499123,pruned
uhf_short,43720,4679259,MeerKAT:array_1:20250716T201432Z,ex_2MASX_J15522536+0522385,8,587.9934475421906,-0.02566835632933362,16.999039,4,0.0625,-1,0.9832955588228334,pruned
uhf_short,27475,1119042,MeerKAT:array_1:20250713T175609Z,Gaia_1468230073309185408,62,575.972103536129,-0.07700506898800086,25.229969,2,0.03125,0,0.9833029567834677,pruned
uhf_long,108372,34498994,MeerKAT:array_1:20250715T130947Z,ex_ASASSN-V_J160945.20-601435.4,58,639.9959492683411,-0.0529664495684662,20.541328,1,0.015625,0,0.9833169149392837,pruned
lband_long,58684,1269187,MeerKAT:array_1:20250708T105617Z,Gaia_3394081829603347712,15,919.9847823828459,-0.02017610064910066,12.010176,3,0.046875,-1,0.9833351949011394,pruned
uhf_long,100344,33630630,MeerKAT:array_1:20250723T012407Z,Gaia_4655476753385624320,31,625.0211301445961,-0.059077962980212305,10.356425,4,0.0625,-1,0.9833523186763667,pruned
lband_long,19653,429386,MeerKAT:array_1:20250706T120334Z,Gaia_3394237066901542144,18,872.0003295391798,-0.04035220129820132,10.72378,3,0.046875,-1,0.9833689221438059,pruned
uhf_long,24874,706373,MeerKAT:array_1:20250715T135202Z,ex_LEDA_682471,53,560.3224831819534,0.0183345402352383,85.83038,4,0.0625,-1,0.9833726833454534,pruned
uhf_long,179411,11226675,MeerKAT:array_1:20250713T145219Z,Gaia_6441451973263491712,1,599.9437444806099,0.0040743422744974,153.13046,3,0.046875,-1,0.9833923728698595,pruned
uhf_long,35649,1064155,MeerKAT:array_1:20250702T181451Z,ex_ASASSN-V_J153246.09-690154.9,37,575.9725818037987,-0.06722664752920711,13.756576,3,0.046875,-1,0.9833977491513435,pruned
uhf_long,46139,1145514,MeerKAT:array_1:20250717T054309Z,Gaia_4668928419132178816,27,576.0420745015144,0.0631523052547097,21.369417,1,0.015625,0,0.9834053714173839,pruned
uhf_long,87087,33360143,MeerKAT:array_1:20250715T143518Z,ex_LEDA_787004,16,615.9901689291,0.028520395921481805,16.610832,2,0.03125,0,0.9834509479778646,pruned
uhf_long,152097,60154,MeerKAT:array_1:20250705T194745Z,Gaia_4189321687618984448,48,551.9478592276573,-0.0020371711372487,106.055664,2,0.03125,0,0.9834527061260186,pruned
uhf_long,42547,1126264,MeerKAT:array_1:20250714T162550Z,Gaia_4077093779926130816,9,576.0399830937386,-0.034631909333227906,18.198217,1,0.015625,0,0.9834791363508217,pruned
uhf_long,102012,33632481,MeerKAT:array_1:20250723T045553Z,Gaia_4663583280833070208,18,625.0210734009743,-0.012223026823492201,14.592533,3,0.046875,-1,0.9834846497493271,pruned
uhf_short,159806,5690675,MeerKAT:array_1:20250720T220520Z,Gaia_4426347704185122304,24,587.9713722467422,0.00855611877644454,15.980378,1,0.015625,0,0.983510380115522,pruned
uhf_long,87068,33360123,MeerKAT:array_1:20250715T143518Z,ex_EC_14190-2417,6,615.9901679158211,0.024446053646984402,15.6765175,2,0.03125,0,0.9835196973616136,pruned
uhf_long,115222,34807239,MeerKAT:array_1:20250713T200741Z,Gaia_4148156556456281344,48,650.0221824645996,0.0081486845489948,10.361314,3,0.046875,-1,0.9835209308783838,pruned
uhf_long,37088,1074940,MeerKAT:array_1:20250705T180344Z,Gaia_5820048889351867392,33,576.0403782725334,0.038706251607725305,16.59187,2,0.03125,0,0.9835748244794584,pruned
mk_sample_hits,15063,35865563,MeerKAT:array_1:20240319T020710Z,Gaia_2530988703859124608,28,1562.1680056452751,-0.005044025162275165,10.292755,4,0.0625,-1,0.9835864520271809,pruned
uhf_long,187576,33549948,MeerKAT:array_1:20250717T054309Z,Gaia_4669688658407182208,36,625.0286466479301,0.0040743422744974,10.775534,2,0.03125,0,0.9836020548986314,pruned
sband_short,18286,33865752,MeerKAT:array_1:20250711T154253Z,Gaia_4617438079149787264,62,2774.9796705320477,0.03213260470874378,10.861926,3,0.046875,-1,0.9836144610068697,pruned
lband_short,348141,29203387,MeerKAT:array_1:20250719T113106Z,Gaia_2992977823129767424,58,960.0047863572836,-0.14351065139118374,18.70188,3,0.046875,-1,0.9836493093761401,pruned
sband_long,16877,33423770,MeerKAT:array_1:20250703T213810Z,ex_ASASSN-V_J173718.57-444450.9,16,2098.0518243741244,-0.021081708909440364,40.674984,1,0.015625,0,0.9836900182401843,pruned
uhf_short,29679,1127529,MeerKAT:array_1:20250715T002705Z,Gaia_2682527038531164928,8,575.9986696839333,0.16256625675244626,61.64445,1,0.015625,0,0.9836967337655991,pruned
uhf_long,81559,33164731,MeerKAT:array_1:20250702T183548Z,ex_IRAS_16336-3214,1,613.195937693119,0.024446053646984402,46.147327,3,0.046875,-1,0.9837287310333805,pruned
uhf_long,145320,35884217,MeerKAT:array_1:20240925T225556Z,Gaia_2775999614384905088,25,599.9768097996712,0.012223026823492201,17.247166,3,0.046875,-1,0.9837375638873525,pruned
lband_short,30916,697503,MeerKAT:array_1:20250713T104242Z,ex_LEDA_880136,2,869.9951465278864,-0.08200608650924786,33.053234,3,0.046875,-1,0.9837577444822074,pruned
uhf_short,48354,12890516,MeerKAT:array_1:20250723T234200Z,Gaia_2682522915362530816,19,599.9705791473389,0.09411730654088994,77.476,3,0.046875,-1,0.9837580514044054,pruned
lband_short,31842,698450,MeerKAT:array_1:20250713T113750Z,Gaia_5096074702109281664,52,869.9928680956364,-0.09225684732290385,11.254209,3,0.046875,-1,0.9837655615656492,pruned
uhf_long,126540,35161467,MeerKAT:array_1:20250723T015429Z,Gaia_4661575332077268736,47,657.6801202893257,0.0183345402352383,11.575393,3,0.046875,-1,0.9837822074311265,pruned
lband_short,400,7000,MeerKAT:array_1:20250701T195047Z,Gaia_1315582640641816192,13,863.9583103358746,-0.1230091297638718,22.803993,3,0.046875,-1,0.9837862070010329,pruned
uhf_long,37027,1074820,MeerKAT:array_1:20250705T180344Z,Gaia_5820309301811874560,3,576.0403782725334,0.038706251607725305,16.993382,2,0.03125,0,0.983791821428111,pruned
uhf_long,101984,33632451,MeerKAT:array_1:20250723T045553Z,Gaia_4662258266237091456,3,625.0210734009743,0.006111513411746101,12.281978,2,0.03125,0,0.983794717761057,pruned
lband_long,16801,407505,MeerKAT:array_1:20250701T085314Z,Gaia_4669830121746188672,47,875.9687287211418,0.04539622646047649,130.81396,1,0.015625,0,0.9837962332294327,pruned
lband_short,18521,438079,MeerKAT:array_1:20250708T092055Z,Gaia_2973828385020912384,58,874.9890379309654,-0.05125380406827991,24.118061,3,0.046875,-1,0.9838170129094652,pruned
lband_short,9379,388940,MeerKAT:array_1:20250731T014621Z,Gaia_2545284897641904256,59,864.0687098652124,0.05125380406827991,10.743972,1,0.015625,0,0.9838437169239455,pruned
uhf_long,156316,281072,MeerKAT:array_1:20250715T135202Z,Gaia_6014539645747431680,61,547.9523422122002,-0.0040743422744974,12.477491,1,0.015625,0,0.983950568947794,pruned
uhf_short,88538,34914863,MeerKAT:array_1:20250731T233401Z,Gaia_2537228397987049856,29,647.9836860895157,-0.0855611877644454,21.600052,1,0.015625,0,0.9840682882960591,pruned
uhf_short,23388,1109983,MeerKAT:array_1:20250713T002413Z,Gaia_2682583693444955392,24,576.0451903343201,0.07700506898800086,22.871859,1,0.015625,0,0.9840716734210874,pruned
lband_long,86110,4160713,MeerKAT:array_1:20250712T092209Z,Gaia_4669699520380750336,57,924.0567697137594,-0.050440251622751654,13.576014,4,0.0625,-1,0.9840735678201132,pruned
uhf_long,101923,33632364,MeerKAT:array_1:20250723T045553Z,Gaia_4663560706483881472,37,624.048687338829,0.0162973690979896,10.075308,3,0.046875,-1,0.9840818092575816,pruned
lband_long,11588,318393,MeerKAT:array_1:20250719T204244Z,Gaia_6440698739079389952,40,864.0003537088633,-0.12105660389460396,10.851681,4,0.0625,-1,0.9840973166547939,pruned
lband_long,25043,702248,MeerKAT:array_1:20250714T053348Z,Gaia_4669722124792715520,23,872.4540787637234,0.06052830194730198,15.860787,3,0.046875,-1,0.9841465178569295,pruned
lband_short,31841,698449,MeerKAT:array_1:20250713T113750Z,Gaia_5096300406934355840,51,869.9928680956364,-0.09225684732290385,13.050949,3,0.046875,-1,0.9841729728903064,pruned
lband_long,58695,1269206,MeerKAT:array_1:20250708T105617Z,Gaia_3394143986369959680,24,919.9847823828459,-0.015132075486825495,11.197537,3,0.046875,-1,0.9841800794991513,pruned
lband_long,56825,1262194,MeerKAT:array_1:20250705T204042Z,Gaia_6441453313293282432,34,919.984358265996,0.03026415097365099,22.240217,1,0.015625,0,0.9841896279034735,pruned
uhf_short,40282,4416226,MeerKAT:array_1:20250713T150856Z,Gaia_1456181899768835840,36,587.9720703959465,0.03422447510577816,15.997305,4,0.0625,-1,0.9842195485160374,pruned
uhf_long,139265,35530777,MeerKAT:array_1:20250731T221802Z,Gaia_4669786416159232256,27,675.0237799286842,-0.0366690804704766,17.270588,3,0.046875,-1,0.9842347414107702,pruned
uhf_long,87093,33360149,MeerKAT:array_1:20250715T143518Z,ex_LEDA_786162,19,615.9901669025421,0.0264832247842331,15.562007,2,0.03125,0,0.9842524697882613,pruned
uhf_short,141103,1156528,MeerKAT:array_1:20250717T220401Z,Gaia_2699046376105379968,57,572.7169783115387,0.00855611877644454,35.47086,4,0.0625,-1,0.9842684965453785,pruned
uhf_short,128480,1067304,MeerKAT:array_1:20250704T025554Z,Gaia_2682581567435990016,50,576.0017490386963,0.01711223755288908,67.27671,3,0.046875,-1,0.9842694535907417,pruned
uhf_long,46088,1145436,MeerKAT:array_1:20250717T054309Z,Gaia_4669831702294160128,14,576.0420714616776,0.0835240166271967,19.581446,3,0.046875,-1,0.9842751599206785,pruned
uhf_long,94425,33529266,MeerKAT:array_1:20250713T184021Z,Gaia_6441447506497799680,15,625.0283487439156,0.020371711372487,12.198572,4,0.0625,-1,0.984300713014098,pruned
uhf_short,5212,379385,MeerKAT:array_1:20250729T173047Z,Gaia_6734181344866622336,19,551.9727109074593,-0.02566835632933362,15.427309,1,0.015625,0,0.9843414872599073,pruned
mk_sample_hits,15106,35879326,MeerKAT:array_1:20240319T020710Z,Gaia_2531011376990672256,8,1702.3392065018415,0.005044025162275165,111.48264,4,0.0625,-1,0.9843422755601239,pruned
uhf_long,29232,782568,MeerKAT:array_1:20250702T183548Z,ex_ASASSN-V_J163527.37-322143.2,36,563.9652038216591,-0.0264832247842331,18.718369,1,0.015625,0,0.9843433055217895,pruned
uhf_long,49411,1224020,MeerKAT:array_1:20250723T030515Z,ex_ASASSN-V_J053432.98-694605.9,50,576.0406072735786,0.048892107293968805,18.565792,3,0.046875,-1,0.9843574740592248,pruned
uhf_long,188222,33632555,MeerKAT:array_1:20250723T045553Z,Gaia_4662257235444891392,55,625.0210734009743,-0.0040743422744974,12.012748,4,0.0625,-1,0.9843767271653271,pruned
uhf_long,120556,34877359,MeerKAT:array_1:20250723T012407Z,Gaia_4655302515195174272,48,647.9679822921753,-0.048892107293968805,150.01126,1,0.015625,0,0.9843859849784703,pruned
lband_long,5746,83338,MeerKAT:array_1:20250708T105617Z,Gaia_3394142268383063040,37,863.9568514376879,0.15132075486825497,16.581337,2,0.03125,0,0.9844244974713462,pruned
uhf_long,44594,1133951,MeerKAT:array_1:20250715T141354Z,ex_ASASSN-V_J151311.91-311358.5,27,575.964246571064,0.014260197960740902,14.550576,3,0.046875,-1,0.9844253182536499,pruned
uhf_long,131958,35411601,MeerKAT:array_1:20250713T200741Z,Gaia_4124143974055419008,18,671.9667639136314,-0.06111513411746101,20.805264,4,0.0625,-1,0.9844374480064073,pruned
lband_short,26463,684472,MeerKAT:array_1:20250711T092345Z,Gaia_4815474210804141312,31,870.341887563467,-0.3075228244096795,40.22596,2,0.03125,0,0.9844508485105282,pruned
uhf_short,11538,701683,MeerKAT:array_1:20250714T021749Z,ex_2MASX_J22115125+0119578,33,559.2504097223282,0.03422447510577816,29.184963,1,0.015625,0,0.9844707694417619,pruned
uhf_short,37872,1854159,MeerKAT:array_1:20250704T203712Z,Gaia_4426459991810257408,18,587.9854801297188,0.05989283143511178,15.788999,3,0.046875,-1,0.9844936540206298,pruned
lband_short,7942,314028,MeerKAT:array_1:20250719T033518Z,ex_PGC0654562,25,864.068842202425,0.0615045648819359,10.460863,3,0.046875,-1,0.9845319938735091,pruned
uhf_long,93040,33464759,MeerKAT:array_1:20250705T192701Z,ex_ASASSN-V_J191620.63-321541.2,42,625.0284095406532,0.020371711372487,12.287455,4,0.0625,-1,0.9845363113278599,pruned
uhf_short,181216,33515435,MeerKAT:array_1:20250712T200859Z,Gaia_4426420443751368960,56,623.9951112270355,-0.01711223755288908,17.128452,1,0.015625,0,0.984546532186466,pruned
uhf_long,41320,1122163,MeerKAT:array_1:20250713T202929Z,Gaia_4153334809495805312,53,575.9936509132385,-0.030557567058730504,10.245553,2,0.03125,0,0.984546892893734,pruned
uhf_long,88833,33376471,MeerKAT:array_1:20250723T022503Z,LMCTIMING3c,0,611.9850308299065,-0.0162973690979896,13.230867,4,0.0625,-1,0.9845785864878712,pruned
uhf_long,58490,4544004,MeerKAT:array_1:20250715T130947Z,ex_UCAC4_149-179913,23,587.0345765948296,-0.07741250321545061,42.200813,4,0.0625,-1,0.9846000650973232,pruned
uhf_long,95045,33530209,MeerKAT:array_1:20250713T200741Z,Gaia_4148122261073757184,5,623.9691388607025,-0.06111513411746101,40.28089,4,0.0625,-1,0.9846026499829874,pruned
lband_short,455768,687355,MeerKAT:array_1:20250711T113506Z,ex_LEDA_544458,36,879.9942066967487,0.020501521627311965,87.03117,4,0.0625,-1,0.9846549992493863,pruned
uhf_short,23827,1111525,MeerKAT:array_1:20250713T004830Z,Gaia_2682486219161952896,48,575.9806677699089,0.05989283143511178,16.518045,1,0.015625,0,0.9846731805869579,pruned
uhf_short,66447,33526859,MeerKAT:array_1:20250713T164848Z,Gaia_1315580888295160448,37,625.028206884861,0.05133671265866724,28.159956,4,0.0625,-1,0.9846915872501568,pruned
lband_short,344257,29111704,MeerKAT:array_1:20250719T110629Z,Gaia_2992936454005145216,10,960.0000270009041,0.14351065139118374,10.29958,1,0.015625,0,0.9847157038330637,pruned
uhf_long,72496,11384501,MeerKAT:array_1:20250715T135202Z,ex_ASASSN-V_J153341.31-332716.6,18,600.8721380233765,0.014260197960740902,56.75467,2,0.03125,0,0.9847492486525523,pruned
lband_long,5771,83394,MeerKAT:array_1:20250708T105617Z,Gaia_3394239953119551232,51,863.9568657875061,0.04539622646047649,16.241974,3,0.046875,-1,0.9847722155357623,pruned
uhf_short,97791,35409917,MeerKAT:array_1:20250713T172342Z,Gaia_1456163856610055680,48,671.9864377379417,-0.0855611877644454,24.836628,4,0.0625,-1,0.9847873055623942,pruned
uhf_long,81582,33164770,MeerKAT:array_1:20250702T183548Z,ex_ASASSN-V_J163547.89-330708.8,40,613.1959427595139,-0.0081486845489948,49.373554,4,0.0625,-1,0.9847897321448232,pruned
lband_long,65448,1476937,MeerKAT:array_1:20250731T130553Z,Gaia_5422853577981188224,63,919.9975011050701,0.19167295616645627,12.340472,2,0.03125,0,0.9848024168928129,pruned
uhf_long,145904,35884962,MeerKAT:array_1:20240926T000251Z,Gaia_2776221475215791104,14,599.9511272311211,-0.040743422744974,13.343451,1,0.015625,0,0.9848260365002245,pruned
lband_long,15711,395571,MeerKAT:array_1:20250731T141132Z,Gaia_5931565550622194816,9,863.9566824287176,0.04539622646047649,20.481113,3,0.046875,-1,0.9848321528310925,pruned
uhf_long,121312,34878514,MeerKAT:array_1:20250723T022503Z,ex_OGLE-CL_LMC_471,13,650.0219605565071,0.0183345402352383,28.15591,1,0.015625,0,0.9848450523580742,pruned
uhf_long,100327,33630596,MeerKAT:array_1:20250723T012407Z,Gaia_4655302309036857472,14,625.0211301445961,-0.059077962980212305,14.062867,4,0.0625,-1,0.9848631677737689,pruned
uhf_short,60242,33454076,MeerKAT:array_1:20250704T005510Z,Gaia_2682485222729533952,28,625.0285909175873,-0.06844895021155632,16.196615,1,0.015625,0,0.9848901106236329,pruned
lband_short,31396,697992,MeerKAT:array_1:20250713T111016Z,Gaia_5096061370530810496,23,869.9947718381882,-0.4202811933598953,50.539906,3,0.046875,-1,0.984900632399804,pruned
uhf_long,2342,58139,MeerKAT:array_1:20250705T182441Z,Gaia_6024472152774061568,13,544.079902112484,0.022408882509735703,19.652615,1,0.015625,0,0.984906966736964,pruned
uhf_long,139245,35530737,MeerKAT:array_1:20250731T221802Z,Gaia_4669827304247693696,7,675.0237799286842,-0.0366690804704766,15.662207,3,0.046875,-1,0.9849372591743647,pruned
mk_sample_hits,15057,35864676,MeerKAT:array_1:20240319T020710Z,Gaia_2530979151851814144,3,1562.1680056452751,-0.005044025162275165,10.335674,4,0.0625,-1,0.9849426506955775,pruned
uhf_long,9868,280755,MeerKAT:array_1:20250715T135202Z,Gaia_6014499066895969792,58,544.2660100460052,-0.006111513411746101,62.16275,2,0.03125,0,0.9849537172539078,pruned
lband_long,54131,1240804,MeerKAT:array_1:20250701T085314Z,Gaia_4669775421042834560,30,919.1671871393919,0.02017610064910066,15.702705,2,0.03125,0,0.9849811449292124,pruned
lband_short,453668,437794,MeerKAT:array_1:20250708T092055Z,Gaia_2973741248724273280,12,875.0041578561068,-0.020501521627311965,32.54516,3,0.046875,-1,0.9849814907510042,pruned
lband_short,54970,1246154,MeerKAT:array_1:20250701T220028Z,Gaia_1315710183991116032,31,919.9845352470875,-0.04100304325462393,18.0816,1,0.015625,0,0.9850439556897438,pruned
uhf_long,25242,706748,MeerKAT:array_1:20250715T141354Z,ex_V359_Lup,23,559.2503651380539,-0.006111513411746101,11.530541,3,0.046875,-1,0.9850468270497214,pruned
sband_long,16873,33423763,MeerKAT:array_1:20250703T213810Z,ex_ASASSN-V_J173718.57-444450.9,16,2097.922824556008,-0.021081708909440364,47.821037,1,0.015625,0,0.9850574670321902,pruned
uhf_short,46005,8318142,MeerKAT:array_1:20250706T010358Z,Gaia_2699016895449632128,9,599.9700066447258,0.0427805938822227,46.905792,3,0.046875,-1,0.9850857981412751,pruned
uhf_long,117879,34830835,MeerKAT:array_1:20250715T135202Z,Gaia_6016055563045726848,60,650.6376207470894,0.0183345402352383,18.887156,3,0.046875,-1,0.9850920637618426,pruned
uhf_long,120914,34877979,MeerKAT:array_1:20250723T015429Z,Gaia_4661461150336056192,4,650.0219413042068,0.012223026823492201,12.1301365,4,0.0625,-1,0.9851058423449836,pruned
uhf_long,131994,35411655,MeerKAT:array_1:20250713T200741Z,Gaia_4148206790398888704,36,671.9667639136314,-0.06111513411746101,20.104658,4,0.0625,-1,0.9851223141065576,pruned
uhf_long,87172,33360235,MeerKAT:array_1:20250715T143518Z,Gaia_6272863649217730304,62,615.9901689291,0.0325947381959792,15.891572,2,0.03125,0,0.9851379015821737,pruned
lband_long,58308,1268514,MeerKAT:array_1:20250708T085539Z,Gaia_2978901222433895168,18,916.2137506008148,-0.19671698132873144,10.6451435,4,0.0625,-1,0.985157301242179,pruned
uhf_long,179455,11226807,MeerKAT:array_1:20250713T145219Z,Gaia_6441477189014977664,45,599.9437444806099,0.0040743422744974,166.32341,3,0.046875,-1,0.9851713414476035,pruned
uhf_short,48740,13613488,MeerKAT:array_1:20250728T194227Z,Gaia_2682558129799800704,18,599.9834143519402,-0.05133671265866724,31.124872,4,0.0625,-1,0.985172657593197,pruned
lband_short,5148,242520,MeerKAT:array_1:20250712T073536Z,Gaia_2323478836421514368,36,864.0853110104799,-0.03075228244096795,15.424027,1,0.015625,0,0.9851729792185163,pruned
lband_short,455800,687405,MeerKAT:array_1:20250711T113506Z,Gaia_4790703661235514240,61,879.994208291173,-0.010250760813655982,75.1129,2,0.03125,0,0.9851929463987835,pruned
uhf_long,139269,35530785,MeerKAT:array_1:20250731T221802Z,Gaia_4669678045544157824,31,675.0237799286842,-0.0366690804704766,13.437223,3,0.046875,-1,0.9852044487796284,pruned
uhf_long,139282,35530811,MeerKAT:array_1:20250731T221802Z,Gaia_4669681305423190912,44,675.0237789154053,-0.030557567058730504,15.394542,4,0.0625,-1,0.9852087073039845,pruned
uhf_long,93029,33464741,MeerKAT:array_1:20250705T192701Z,ex_ASASSN-V_J191812.17-323435.0,33,625.0284095406532,0.022408882509735703,11.453753,3,0.046875,-1,0.9852136718002245,pruned
lband_short,57175,1251442,MeerKAT:array_1:20250703T015225Z,Gaia_6891261286832638336,25,919.7944655269384,0.04100304325462393,14.699248,1,0.015625,0,0.9852398827997201,pruned
uhf_long,25788,707424,MeerKAT:array_1:20250715T143518Z,Gaia_6272881516281594496,34,560.3367025256157,0.0366690804704766,64.125565,3,0.046875,-1,0.9852589624194046,pruned
uhf_long,77650,12887185,MeerKAT:array_1:20250723T045553Z,Gaia_4663762226323893120,28,599.848986685276,-0.0325947381959792,16.437523,4,0.0625,-1,0.985298110850358,pruned
uhf_long,130332,35391471,MeerKAT:array_1:20250705T192701Z,ex_CRTS_J191730.3-320256,6,671.9837292432785,-0.030557567058730504,25.382154,3,0.046875,-1,0.9853181838880923,pruned
lband_short,60121,1437127,MeerKAT:array_1:20250719T003939Z,Gaia_2311984576224577408,42,919.7944065332413,0.04100304325462393,11.077612,3,0.046875,-1,0.9853646920711451,pruned
uhf_long,18972,371376,MeerKAT:array_1:20250728T151003Z,ex_V1736_Cen,23,551.987779378891,0.038706251607725305,518.95844,3,0.046875,-1,0.9853755944498245,pruned
uhf_short,6557,383669,MeerKAT:array_1:20250730T204925Z,Gaia_2699059398446235904,26,551.9728618860245,-0.06844895021155632,17.080727,4,0.0625,-1,0.9853768867555964,pruned
uhf_short,26560,1117983,MeerKAT:array_1:20250713T172342Z,Gaia_1468259966281530240,34,576.043442428112,0.05133671265866724,34.208786,3,0.046875,-1,0.9854269402964034,pruned
uhf_long,30173,804976,MeerKAT:array_1:20250705T194745Z,Gaia_4189320485028129408,41,563.9720900654793,-0.014260197960740902,10.454897,4,0.0625,-1,0.9854339628856134,pruned
uhf_long,45442,1137632,MeerKAT:array_1:20250716T012443Z,Gaia_4669678457861019648,62,576.0417593717575,0.0733381609409532,10.958736,3,0.046875,-1,0.985441309129201,pruned
lband_short,60120,1437117,MeerKAT:array_1:20250719T003939Z,ex_LEDA_650598,31,919.7944065332413,0.04100304325462393,13.298865,3,0.046875,-1,0.9854414069044527,pruned
lband_long,298851,407630,MeerKAT:array_1:20250701T085314Z,Gaia_4669726625918388224,53,879.968587487936,0.01008805032455033,180.86989,1,0.015625,0,0.9854724684276851,pruned
uhf_long,49333,1223881,MeerKAT:array_1:20250723T030515Z,ex_BSDL_2856,15,576.0406072735786,0.05092927843121751,18.325348,3,0.046875,-1,0.9854751282427231,pruned
lband_short,345413,29114030,MeerKAT:array_1:20250719T110629Z,Gaia_2993086296824023680,60,960.0027805715799,-0.13325989057752777,14.247415,4,0.0625,-1,0.9855230448104224,pruned
uhf_long,24367,705827,MeerKAT:array_1:20250715T135202Z,ex_CRTS_J153145.8-330555,37,552.9498208761215,0.006111513411746101,59.141983,1,0.015625,0,0.9855518606942774,pruned
uhf_short,88504,34914769,MeerKAT:array_1:20250731T233401Z,Gaia_2536462107101769472,14,647.9836972355843,-0.02566835632933362,23.565863,4,0.0625,-1,0.985619807962537,pruned
uhf_short,68300,33528912,MeerKAT:array_1:20250713T183111Z,Gaia_1315924863635757568,24,625.0212010741234,0.0427805938822227,15.014434,3,0.046875,-1,0.9856202154955926,pruned
lband_short,7775,313410,MeerKAT:array_1:20250719T030257Z,ex_2MASX_J23430142-3458488,28,864.0687098652124,0.15376141220483974,10.055757,4,0.0625,-1,0.9856429110452815,pruned
uhf_long,76402,12885202,MeerKAT:array_1:20250723T012407Z,Gaia_4655298456380769024,62,599.9432054162025,-0.040743422744974,118.458984,3,0.046875,-1,0.985653384920202,pruned
lband_short,20392,442826,MeerKAT:array_1:20250708T112920Z,Gaia_2973821306914811136,47,874.9924547821283,-0.2255167379004316,10.712071,4,0.0625,-1,0.985660906975754,pruned
uhf_long,30042,804842,MeerKAT:array_1:20250705T192701Z,ex_CRTS_J191803.8-322703,62,563.9721113443375,-0.014260197960740902,13.642854,4,0.0625,-1,0.9856747598645984,pruned
uhf_long,76826,12885894,MeerKAT:array_1:20250723T022503Z,ex_BSDL_1906,53,599.9702700972557,-0.0081486845489948,118.55273,3,0.046875,-1,0.9856864865348164,pruned
uhf_short,184241,33528298,MeerKAT:array_1:20250713T175609Z,Gaia_1456194475433048960,43,625.0210642814636,0.00855611877644454,18.548079,1,0.015625,0,0.9857049603591103,pruned
uhf_long,72502,11384507,MeerKAT:array_1:20250715T135202Z,ex_ASASSN-V_J153249.85-325503.6,24,600.8721380233765,0.0101858556862435,29.907782,2,0.03125,0,0.9857062030366149,pruned
uhf_long,96411,33534864,MeerKAT:array_1:20250714T162550Z,Gaia_4077086461301367936,22,625.0282737612724,0.012223026823492201,12.156766,3,0.046875,-1,0.9857221678361472,pruned
uhf_long,81572,33164754,MeerKAT:array_1:20250702T183548Z,ex_ASASSN-V_J163421.20-325447.5,24,613.1959427595139,-0.0081486845489948,70.593475,4,0.0625,-1,0.985767477227112,pruned
uhf_long,185633,33415727,MeerKAT:array_1:20250702T183548Z,ex_ASASSN-V_J163403.78-330423.5,21,625.0209781527519,0.0040743422744974,13.839016,3,0.046875,-1,0.9857706501308212,pruned
uhf_long,94437,33529314,MeerKAT:array_1:20250713T184021Z,Gaia_6440683620794454784,39,625.0283467173576,0.0264832247842331,15.227277,4,0.0625,-1,0.9857719113537277,pruned
uhf_long,17204,339650,MeerKAT:array_1:20250723T033528Z,Gaia_4661256641173169280,4,543.9544835090637,0.0101858556862435,19.621061,3,0.046875,-1,0.98578118974817,pruned
lband_short,627,7227,MeerKAT:array_1:20250701T195047Z,Gaia_1315538522737716096,55,863.9583087414503,-0.04100304325462393,23.724903,3,0.046875,-1,0.9857900058636483,pruned
uhf_long,99049,33582419,MeerKAT:array_1:20250718T015317Z,Gaia_4669769133210723584,61,623.9686737656593,-0.0264832247842331,16.918177,3,0.046875,-1,0.9857924171556763,pruned
sband_long,16875,33423767,MeerKAT:array_1:20250703T213810Z,ex_ASASSN-V_J173718.57-444450.9,16,2098.005824489519,-0.021081708909440364,56.33531,1,0.015625,0,0.9857981973411206,pruned
lband_short,9546,389380,MeerKAT:array_1:20250731T021904Z,Gaia_2546816448619595392,56,864.0688868463039,-0.1230091297638718,13.536767,4,0.0625,-1,0.9858281187691136,pruned
uhf_long,89234,33376880,MeerKAT:array_1:20250723T030515Z,ex_BSDL_2825,10,611.96961581707,-0.0325947381959792,10.699517,2,0.03125,0,0.9858288489806473,pruned
uhf_long,76343,12885127,MeerKAT:array_1:20250723T012407Z,Gaia_4655298490892879488,37,599.9432054162025,-0.040743422744974,122.06349,3,0.046875,-1,0.9858777377784497,pruned
uhf_long,30058,804860,MeerKAT:array_1:20250705T194745Z,ex_1RXS_J195417.7-121745,3,563.9720900654793,-0.014260197960740902,10.97485,4,0.0625,-1,0.9858898601434306,pruned
lband_long,58403,1268639,MeerKAT:array_1:20250708T085539Z,Gaia_2978699908726484352,16,920.2146808207035,-0.1311446542191543,11.245431,3,0.046875,-1,0.9859007456366684,pruned
uhf_long,25244,706750,MeerKAT:array_1:20250715T141354Z,ex_ASASSN-V_J151253.14-314549.0,25,559.2503651380539,-0.006111513411746101,10.925326,3,0.046875,-1,0.9859133009545098,pruned
uhf_long,21798,424399,MeerKAT:array_1:20250705T231238Z,J1939-6342,0,559.2504117488861,0.030557567058730504,17.164427,2,0.03125,0,0.9859340191430288,pruned
sband_short,18251,33865692,MeerKAT:array_1:20250711T154253Z,Gaia_4617548893601336576,2,2774.9796705320477,0.03213260470874378,11.628096,3,0.046875,-1,0.9859472015673418,pruned
uhf_short,22867,1108044,MeerKAT:array_1:20250712T220135Z,Gaia_2699271020074840192,44,575.9963442087173,-0.0855611877644454,18.978027,1,0.015625,0,0.9859560299939126,pruned
uhf_long,233339,34880523,MeerKAT:array_1:20250723T045553Z,LMCTIMING3g,0,650.0219159722328,-0.0040743422744974,13.761072,3,0.046875,-1,0.9859576286532507,pruned
uhf_long,56165,4419540,MeerKAT:array_1:20250713T190328Z,Gaia_6117499220247517184,14,587.9445355534554,-0.0427805938822227,11.639609,4,0.0625,-1,0.985961624342398,pruned
uhf_long,117824,34830780,MeerKAT:array_1:20250715T135202Z,ex_RX_J1534.3-3300,5,650.6376207470894,0.0183345402352383,16.660553,3,0.046875,-1,0.9859704753858183,pruned
uhf_long,135978,35450858,MeerKAT:array_1:20250719T053812Z,Gaia_4668958793141139584,31,673.890102148056,-0.0366690804704766,18.534828,1,0.015625,0,0.9859981087152265,pruned
uhf_long,95098,33530262,MeerKAT:array_1:20250713T200741Z,Gaia_4148151123254743424,31,623.9691388607025,-0.06111513411746101,41.14704,4,0.0625,-1,0.9860099136788109,pruned
uhf_long,184514,33360179,MeerKAT:array_1:20250715T143518Z,Gaia_6272881516281594496,34,615.9901648759842,-0.0040743422744974,16.104784,2,0.03125,0,0.9860111630424093,pruned
uhf_long,91303,33415698,MeerKAT:array_1:20250702T183548Z,ex_ASASSN-V_J163521.78-330538.7,5,625.0209811925888,-0.0101858556862435,14.49662,2,0.03125,0,0.9860341746297862,pruned
lband_long,870,2160,MeerKAT:array_1:20250701T085314Z,Gaia_4669725702501432960,8,860.0304143130779,-0.04539622646047649,32.13751,2,0.03125,0,0.9860442599766973,pruned
uhf_short,132024,1080842,MeerKAT:array_1:20250707T004747Z,Gaia_2682779647032772864,45,575.9708024859428,-0.01711223755288908,19.816309,2,0.03125,0,0.9860469759008313,pruned
uhf_long,110835,34596012,MeerKAT:array_1:20250729T055516Z,Gaia_4669825998577612032,23,640.0181836485863,0.0835240166271967,10.280409,1,0.015625,0,0.986094668650998,pruned
mk_sample_hits,14851,35832478,MeerKAT:array_1:20240319T020710Z,Gaia_2543036568160810496,32,1273.7000050097704,-0.005044025162275165,10.597783,4,0.0625,-1,0.9861064911489187,pruned
sband_short,18287,33865753,MeerKAT:array_1:20250711T154253Z,Gaia_4617385856642648320,63,2774.9796705320477,0.03213260470874378,10.042214,3,0.046875,-1,0.9861084459791908,pruned
uhf_long,30152,804955,MeerKAT:array_1:20250705T194745Z,ex_LEDA_953069,34,563.9782609343529,-0.030557567058730504,10.079328,2,0.03125,0,0.9861396442696884,pruned
uhf_long,42570,1126324,MeerKAT:array_1:20250714T162550Z,Gaia_4077086736179334272,28,576.0399810671806,-0.012223026823492201,18.534306,4,0.0625,-1,0.9861549584512415,pruned
uhf_short,18462,1072551,MeerKAT:array_1:20250704T225450Z,Gaia_2682486219161952896,24,576.0472635030746,-0.02566835632933362,26.4149,1,0.015625,0,0.9861718727123283,pruned
uhf_short,135737,1111101,MeerKAT:array_1:20250713T004830Z,ex_LEDA_1225072,3,575.9806728363037,-0.01711223755288908,16.59514,2,0.03125,0,0.9861874699166663,pruned
uhf_long,115738,34808191,MeerKAT:array_1:20250713T211114Z,Gaia_4189302480525181184,33,647.9928076267242,-0.024446053646984402,55.537827,3,0.046875,-1,0.9862120201461322,pruned
lband_long,5754,83354,MeerKAT:array_1:20250708T105617Z,Gaia_3394112925166619520,41,863.9568689763546,0.03026415097365099,17.043718,2,0.03125,0,0.9862186711505814,pruned
uhf_long,176509,4544595,MeerKAT:array_1:20250715T133052Z,J1516_4-2640,0,590.0137859582901,0.0020371711372487,10.733731,4,0.0625,-1,0.9862198346765196,pruned
lband_short,439247,241491,MeerKAT:array_1:20250712T072515Z,Gaia_2323478900845422208,15,860.2017638981342,0.010250760813655982,13.250357,1,0.015625,0,0.9862635282194683,pruned
uhf_short,64311,33518020,MeerKAT:array_1:20250713T002413Z,ex_LEDA_1202200,62,625.0284895896912,0.0427805938822227,25.730371,4,0.0625,-1,0.9862644331541287,pruned
lband_short,33637,738243,MeerKAT:array_1:20250719T212149Z,Gaia_4216770239494934912,58,875.0023418068886,0.05125380406827991,11.206107,4,0.0625,-1,0.9862748764007159,pruned
uhf_short,35882,1212482,MeerKAT:array_1:20250720T235835Z,Gaia_2682538239805870208,10,576.040075302124,-0.18823461308177988,35.8251,1,0.015625,0,0.9862766642173778,pruned
uhf_long,208329,34643509,MeerKAT:array_1:20250708T010310Z,Gaia_6441472176789726080,50,647.96712911129,-0.0040743422744974,78.5334,1,0.015625,0,0.9863221788909927,pruned
lband_long,3666,63644,MeerKAT:array_1:20250706T055242Z,ex_OGLE_MBR229.17.00041,52,863.9565724134445,-0.03026415097365099,12.411849,2,0.03125,0,0.9863282154669447,pruned
uhf_long,88836,33376474,MeerKAT:array_1:20250723T022503Z,ex_OGLE-CL_LMC_462,1,611.9850308299065,-0.0162973690979896,13.1573305,4,0.0625,-1,0.9863694768597993,pruned
mk_sample_hits,15100,35878637,MeerKAT:array_1:20240319T020710Z,Gaia_2530985989439744512,54,1696.250036522746,0.005044025162275165,36.571934,1,0.015625,0,0.986377404016347,pruned
uhf_long,87106,33360163,MeerKAT:array_1:20250715T143518Z,Gaia_6272611002061605120,26,615.9901669025421,0.044817765019471406,16.255587,1,0.015625,0,0.9863837820584708,pruned
lband_short,2670,16961,MeerKAT:array_1:20250703T001453Z,Gaia_6891253963917590528,13,864.0003505200148,-0.14351065139118374,12.05631,3,0.046875,-1,0.9864560979718144,pruned
uhf_long,43324,1131752,MeerKAT:array_1:20250715T130947Z,ex_Gaia_DR2_5834436784992036736,22,575.9805188179016,-0.0264832247842331,12.406873,3,0.046875,-1,0.9864569565229087,pruned
uhf_short,58672,33412019,MeerKAT:array_1:20250702T005726Z,Gaia_2682583693444955392,6,623.9851415753365,-0.03422447510577816,18.971582,3,0.046875,-1,0.9864704673867047,pruned
lband_long,280097,3913,MeerKAT:array_1:20250701T095804Z,Gaia_4669734567314018688,18,862.0096895247698,0.01008805032455033,15.215305,1,0.015625,0,0.9865493676706573,pruned
uhf_long,78070,12893002,MeerKAT:array_1:20250726T235112Z,Gaia_6441480521909658112,60,599.9699721932411,-0.0427805938822227,12.466201,2,0.03125,0,0.9865761876530291,pruned
sband_short,17052,12923217,MeerKAT:array_1:20250727T151713Z,Gaia_5922836149755668352,27,2064.0049488283694,0.10710868236247928,10.155947,3,0.046875,-1,0.9865815292610709,pruned
lband_short,22993,680145,MeerKAT:array_1:20250711T080009Z,Gaia_4814716445430273280,63,879.9967370480299,0.04100304325462393,61.865295,1,0.015625,0,0.9865900222288922,pruned
lband_short,21429,444685,MeerKAT:array_1:20250708T125143Z,Gaia_2973637757192634496,32,876.1984230726957,0.4100304325462393,10.633443,3,0.046875,-1,0.9866083951545732,pruned
uhf_long,96387,33534840,MeerKAT:array_1:20250714T162550Z,Gaia_4077541487338298112,10,625.0282737612724,0.012223026823492201,13.229942,3,0.046875,-1,0.9866172931467823,pruned
uhf_long,94421,33529254,MeerKAT:array_1:20250713T184021Z,Gaia_6441480521909658112,9,625.0283487439156,0.0183345402352383,13.047084,3,0.046875,-1,0.9866401350447608,pruned
uhf_long,40456,1120844,MeerKAT:array_1:20250713T192439Z,Gaia_5820178459926729216,10,575.9937887191772,-0.024446053646984402,13.64442,1,0.015625,0,0.9866669147439354,pruned
lband_short,9490,389253,MeerKAT:array_1:20250731T021904Z,Gaia_2542280275960600960,35,864.0688868463039,-0.1230091297638718,14.1092615,4,0.0625,-1,0.986670677899433,pruned
lband_short,4023,87427,MeerKAT:array_1:20250709T050322Z,Gaia_4936858683898776064,36,863.9844477325678,0.07175532569559187,12.185866,3,0.046875,-1,0.9867056787180817,pruned
uhf_short,139140,1128081,MeerKAT:array_1:20250715T023108Z,Gaia_2682472299172480896,5,573.6007328629494,0.01711223755288908,15.500869,4,0.0625,-1,0.9867176135206321,pruned
uhf_long,178658,8287713,MeerKAT:array_1:20250705T192701Z,ex_ASASSN-V_J191538.45-315208.3,37,599.9433290362358,-0.0040743422744974,95.648895,4,0.0625,-1,0.986720893354826,pruned
lband_long,5688,83199,MeerKAT:array_1:20250708T105617Z,Gaia_3394156836911993984,2,863.9568657875061,0.04539622646047649,16.588013,3,0.046875,-1,0.9867233608092695,pruned
lband_short,15247,425804,MeerKAT:array_1:20250706T040458Z,Gaia_2546826687820409856,46,874.9985263496637,0.0615045648819359,12.0659,4,0.0625,-1,0.986729133747173,pruned
lband_short,541,7141,MeerKAT:array_1:20250701T195047Z,Gaia_1315708122406813312,39,863.9583103358746,-0.1230091297638718,22.544813,3,0.046875,-1,0.9867429007862084,pruned
uhf_long,17300,339778,MeerKAT:array_1:20250723T033528Z,Gaia_4658372626545579392,36,543.9544835090637,0.0101858556862435,18.031532,3,0.046875,-1,0.9867459798599258,pruned
uhf_long,139275,35530797,MeerKAT:array_1:20250731T221802Z,Gaia_4669834073116105344,37,675.0237789154053,-0.030557567058730504,15.650965,4,0.0625,-1,0.986763516390644,pruned
uhf_long,131941,35411575,MeerKAT:array_1:20250713T200741Z,Gaia_4124144248933362816,9,671.9926460981369,-0.022408882509735703,11.389053,3,0.046875,-1,0.9867763643285711,pruned
uhf_long,96229,33534682,MeerKAT:array_1:20250714T160406Z,Gaia_6144722097352828672,59,625.028234243393,0.0366690804704766,17.605505,3,0.046875,-1,0.98679450456963,pruned
uhf_long,42579,1126347,MeerKAT:array_1:20250714T162550Z,Gaia_4077548221848400768,36,576.0399810671806,-0.012223026823492201,19.052681,4,0.0625,-1,0.9868217411134937,pruned
lband_long,279738,2687,MeerKAT:array_1:20250701T085314Z,Gaia_4669812048523796224,49,863.946380853653,-0.01008805032455033,11.468912,1,0.015625,0,0.9868426559053392,pruned
uhf_long,76813,12885866,MeerKAT:array_1:20250723T022503Z,ex_BSDL_1874,46,599.9702700972557,-0.0081486845489948,119.73931,3,0.046875,-1,0.9868466269589663,pruned
uhf_long,87074,33360129,MeerKAT:array_1:20250715T143518Z,ex_CRTS_J142112.9-245130,9,615.990169942379,0.0101858556862435,17.4702,2,0.03125,0,0.9868675888670612,pruned
mk_sample_hits,14839,35831237,MeerKAT:array_1:20240319T020710Z,Gaia_2531020383537905280,4,1273.7320051044226,-0.005044025162275165,13.185045,3,0.046875,-1,0.9868773070803177,pruned
uhf_long,47342,1171655,MeerKAT:array_1:20250719T053812Z,Gaia_4668929243765904384,57,576.0417147874832,0.06111513411746101,25.384455,3,0.046875,-1,0.9869397448884475,pruned
uhf_long,81575,33164758,MeerKAT:array_1:20250702T183548Z,ex_ASASSN-V_J163435.27-321615.9,28,613.1959427595139,-0.0081486845489948,30.381105,4,0.0625,-1,0.9869400324852561,pruned
lband_short,917,7817,MeerKAT:array_1:20250701T205536Z,Gaia_1315516051468922752,2,863.9580536335707,-0.03075228244096795,11.424716,1,0.015625,0,0.9869823540088141,pruned
uhf_short,37898,1854242,MeerKAT:array_1:20250704T203712Z,Gaia_4426377940755072640,34,587.9854801297188,0.05989283143511178,17.685032,3,0.046875,-1,0.9870072491036869,pruned
uhf_long,136962,35521153,MeerKAT:array_1:20250723T015429Z,Gaia_4661501527373856128,38,671.9836035966873,-0.014260197960740902,20.397758,2,0.03125,0,0.9870597743666417,pruned
uhf_long,8891,278065,MeerKAT:array_1:20250715T124827Z,ex_2MASX_J13164575-0154497,59,544.0537220239639,-0.0081486845489948,10.079291,1,0.015625,0,0.9870787812586818,pruned
lband_long,56843,1262227,MeerKAT:array_1:20250705T204042Z,Gaia_6440630809876553856,51,919.9843662381172,-0.04035220129820132,22.387192,4,0.0625,-1,0.9870853874154162,pruned
uhf_long,76260,12885016,MeerKAT:array_1:20250723T012407Z,LMCTIMING3a,0,599.9432023763657,-0.0162973690979896,124.00406,1,0.015625,0,0.987106200130239,pruned
uhf_short,51152,13649623,MeerKAT:array_1:20250730T204925Z,Gaia_2699214051628583680,24,599.9705031514168,-0.0855611877644454,46.523716,4,0.0625,-1,0.9871066664747747,pruned
mk_sample_hits,15072,35866817,MeerKAT:array_1:20240319T020710Z,Gaia_2531012755675980032,63,1562.086006000638,-0.005044025162275165,13.466532,4,0.0625,-1,0.987123603810651,pruned
lband_short,31391,697987,MeerKAT:array_1:20250713T111016Z,Gaia_5096060988277950848,20,869.9947718381882,-0.4202811933598953,51.21955,3,0.046875,-1,0.9871421977433339,pruned
uhf_long,89803,33377629,MeerKAT:array_1:20250723T043540Z,Gaia_4655129715706117888,56,613.1960157155991,0.012223026823492201,343.07574,3,0.046875,-1,0.987166685480252,pruned
uhf_long,92171,33463677,MeerKAT:array_1:20250705T180344Z,Gaia_5820179215840908544,59,625.028390288353,0.012223026823492201,10.453394,2,0.03125,0,0.9872027707671394,pruned
lband_short,457447,697584,MeerKAT:array_1:20250713T104242Z,Gaia_5096261997043471744,43,869.9951401501894,-0.010250760813655982,41.44154,3,0.046875,-1,0.9872111369963716,pruned
uhf_long,186662,33524362,MeerKAT:array_1:20250713T145219Z,Gaia_6441840616264013056,42,625.0280842781067,-0.0040743422744974,15.152606,1,0.015625,0,0.9872714475898713,pruned
lband_short,4586,241423,MeerKAT:array_1:20250712T072515Z,Gaia_2323461793991240064,60,856.2008193284273,0.08200608650924786,14.241586,1,0.015625,0,0.9872738595465943,pruned
lband_long,12826,326575,MeerKAT:array_1:20250721T053024Z,Gaia_4669686979076209920,36,863.990331158042,0.04539622646047649,20.714396,1,0.015625,0,0.9872813148554545,pruned
uhf_long,241822,35414062,MeerKAT:array_1:20250714T160406Z,Gaia_6144627264474732928,25,671.986274600029,0.0020371711372487,21.673018,2,0.03125,0,0.9872856843160639,pruned
sband_short,18638,34230095,MeerKAT:array_1:20250727T160434Z,Gaia_5922809074280503808,7,2106.5261997282505,0.03213260470874378,13.342639,1,0.015625,0,0.9873283286113791,pruned
uhf_long,49324,1223865,MeerKAT:array_1:20250723T030515Z,ex_OGLE-CL_LMC_688,11,576.0406072735786,0.048892107293968805,18.957546,3,0.046875,-1,0.9873287455982135,pruned
uhf_long,40439,1120820,MeerKAT:array_1:20250713T192439Z,Gaia_5820020851804096640,4,575.9937877058983,-0.020371711372487,15.037346,3,0.046875,-1,0.9873577446517289,pruned
uhf_long,76354,12885142,MeerKAT:array_1:20250723T012407Z,Gaia_4655481048352687616,42,599.9432033896446,-0.0264832247842331,167.25868,3,0.046875,-1,0.9873859708950475,pruned
uhf_short,186766,33610198,MeerKAT:array_1:20250720T034305Z,Gaia_6528047138245914240,26,624.0489021539688,-0.01711223755288908,19.276596,2,0.03125,0,0.9873974249090303,pruned
uhf_short,61481,33479804,MeerKAT:array_1:20250707T004747Z,Gaia_2682489792574753152,12,623.968369781971,-0.05133671265866724,79.76257,3,0.046875,-1,0.9874172888138472,pruned
lband_short,2769,17145,MeerKAT:array_1:20250703T001453Z,Gaia_6891267952621897728,50,864.0003505200148,-0.14351065139118374,11.400037,3,0.046875,-1,0.9874267632208145,pruned
lband_short,457449,697606,MeerKAT:array_1:20250713T104242Z,Gaia_5096059274586731392,54,869.9951401501894,-0.010250760813655982,36.14434,3,0.046875,-1,0.9874513559276661,pruned
uhf_long,76309,12885083,MeerKAT:array_1:20250723T012407Z,Gaia_4655138447417393408,22,599.9703491330147,-0.024446053646984402,130.02588,1,0.015625,0,0.9874623221819462,pruned
uhf_long,53644,1627501,MeerKAT:array_1:20250702T185632Z,ex_ASASSN-V_J174444.36-161756.4,59,587.9941304922104,-0.0468549361567201,15.162727,4,0.0625,-1,0.9874739014337808,pruned
uhf_short,183364,33524460,MeerKAT:array_1:20250713T150856Z,Gaia_1456191967172186752,11,624.0018393993378,0.00855611877644454,23.598139,3,0.046875,-1,0.9874811505727075,pruned
uhf_long,81583,33164773,MeerKAT:array_1:20250702T183548Z,ex_ASASSN-V_J163608.07-330957.6,43,613.195937693119,0.020371711372487,31.995834,1,0.015625,0,0.9875277479034558,pruned
uhf_long,127,11465,MeerKAT:array_1:20250702T175345Z,ex_ASASSN-V_J140942.97-372706.6,21,551.9485249519348,-0.0264832247842331,133.78862,4,0.0625,-1,0.9875289762543803,pruned
uhf_long,43366,1131884,MeerKAT:array_1:20250715T130947Z,ex_ASASSN-V_J160908.90-595913.2,52,575.9805218577385,-0.0427805938822227,12.614128,3,0.046875,-1,0.9875585292409033,pruned
uhf_short,20017,1094778,MeerKAT:array_1:20250710T221658Z,Gaia_2682543221967951360,3,576.0401928424835,-0.24812744451689167,30.587177,1,0.015625,0,0.9875639479648969,pruned
uhf_long,95135,33530299,MeerKAT:array_1:20250713T200741Z,Gaia_4148098763370959104,49,623.9691388607025,-0.06111513411746101,41.342373,4,0.0625,-1,0.9875900119809706,pruned
uhf_short,43500,4548635,MeerKAT:array_1:20250715T222140Z,Gaia_4429475402446103424,1,587.985577404499,-0.03422447510577816,16.636812,3,0.046875,-1,0.9876190356037021,pruned
uhf_long,103426,33657539,MeerKAT:array_1:20250702T183548Z,ex_ASASSN-V_J163448.45-325212.9,31,631.2482167482376,-0.014260197960740902,12.064538,1,0.015625,0,0.9876261238187901,pruned
uhf_long,105052,33876710,MeerKAT:array_1:20250715T124827Z,ex_2dFGRS_TGN261Z268,53,633.7495434880257,-0.0162973690979896,43.709106,2,0.03125,0,0.9876359507836484,pruned
lband_short,26433,684431,MeerKAT:array_1:20250711T092345Z,Gaia_4790680846369268736,28,870.3050627410412,0.1742629338321517,43.60714,1,0.015625,0,0.9876414172418774,pruned
uhf_long,178659,8287720,MeerKAT:array_1:20250705T192701Z,ex_CRTS_J191552.0-322917,39,599.9433290362358,-0.0040743422744974,90.16677,4,0.0625,-1,0.9876436878065017,pruned
lband_short,836,7580,MeerKAT:array_1:20250701T202312Z,Gaia_1315332433027373952,43,863.9581556767225,0.1127583689502158,30.688478,3,0.046875,-1,0.9876670272984801,pruned
uhf_short,62618,33499988,MeerKAT:array_1:20250711T003519Z,Gaia_2682569605952186240,50,623.9689412713051,-0.0855611877644454,40.586205,2,0.03125,0,0.9876733451849343,pruned
uhf_short,63753,33516164,MeerKAT:array_1:20250712T220135Z,ex_LEDA_1270650,33,625.0212446451187,0.03422447510577816,33.246056,3,0.046875,-1,0.9877032688479734,pruned
uhf_short,34505,1188784,MeerKAT:array_1:20250720T043243Z,Gaia_6526717966127874560,41,576.0409021377563,0.09411730654088994,49.25322,1,0.015625,0,0.9877126269630233,pruned
uhf_short,32889,1157146,MeerKAT:array_1:20250717T220401Z,Gaia_2699252878132940288,49,576.0451498031616,-0.05989283143511178,26.78242,2,0.03125,0,0.9877192156240168,pruned
uhf_long,28445,768009,MeerKAT:array_1:20250729T031818Z,Gaia_4669791226522617216,35,560.0473505854607,-0.0529664495684662,10.170701,3,0.046875,-1,0.9877263879340311,pruned
lband_short,850,7599,MeerKAT:array_1:20250701T202312Z,Gaia_1315519036469908864,47,863.9581636488438,0.04100304325462393,29.825932,2,0.03125,0,0.9877347363713956,pruned
uhf_short,5001,377371,MeerKAT:array_1:20250729T050525Z,Gaia_6526763905098276736,55,551.9810897111893,-0.03422447510577816,29.882902,4,0.0625,-1,0.9877350248332765,pruned
uhf_short,122730,1018467,MeerKAT:array_1:20250723T211918Z,Gaia_2699003598231214592,45,564.0002815127373,0.00855611877644454,15.981577,2,0.03125,0,0.9877640812393658,pruned
uhf_long,187147,33539713,MeerKAT:array_1:20250715T135202Z,Gaia_6014499066895969792,58,625.0280903577805,-0.0020371711372487,40.26255,3,0.046875,-1,0.9877739232254168,pruned
uhf_short,73156,33610011,MeerKAT:array_1:20250720T034305Z,Gaia_6526545033566460288,4,624.0488991141319,0.02566835632933362,17.717083,1,0.015625,0,0.9877748816868395,pruned
lband_short,440210,244699,MeerKAT:array_1:20250712T091244Z,Gaia_2323503266195488896,56,856.7522270381451,-0.010250760813655982,10.087608,2,0.03125,0,0.9877880339819782,pruned
uhf_long,126543,35161470,MeerKAT:array_1:20250723T015429Z,Gaia_4661363568820729216,52,657.6801202893257,0.0183345402352383,15.922159,3,0.046875,-1,0.9877954717708554,pruned
uhf_short,97759,35409885,MeerKAT:array_1:20250713T172342Z,Gaia_1468197087960306432,32,671.9864377379417,-0.0855611877644454,28.628847,4,0.0625,-1,0.987818671356869,pruned
lband_long,15937,395903,MeerKAT:array_1:20250731T144023Z,Gaia_1468230382546830464,21,863.9567334502935,0.06052830194730198,20.853664,2,0.03125,0,0.9878235364657666,pruned
uhf_long,89447,33377170,MeerKAT:array_1:20250723T030515Z,LMCTIMING3d,0,615.67118871212,0.0264832247842331,13.574324,3,0.046875,-1,0.9878319919133003,pruned
uhf_long,47356,1171681,MeerKAT:array_1:20250719T053812Z,Gaia_4669775421042834560,62,576.0417147874832,0.06111513411746101,24.826855,3,0.046875,-1,0.9878978953032924,pruned
mk_sample_hits,15068,35865998,MeerKAT:array_1:20240319T020710Z,Gaia_2531009732019003776,40,1562.1680056452751,-0.005044025162275165,11.304056,4,0.0625,-1,0.9879173501077787,pruned
lband_short,7847,313607,MeerKAT:array_1:20250719T030257Z,Gaia_2311927504699156480,54,864.0686987042427,0.2870213027823675,10.230356,1,0.015625,0,0.9879456665187623,pruned
uhf_long,242222,35418667,MeerKAT:array_1:20250715T135202Z,ex_LEDA_682725,51,675.8447182774544,0.0040743422744974,31.853565,2,0.03125,0,0.9879457236741982,pruned
lband_short,764,7483,MeerKAT:array_1:20250701T202312Z,Gaia_1315966576358045696,23,863.9581636488438,0.04100304325462393,30.939615,2,0.03125,0,0.9879465128362591,pruned
uhf_short,64841,33524677,MeerKAT:array_1:20250713T150856Z,Gaia_1456188977874943232,54,624.0018373727798,0.02566835632933362,26.13033,1,0.015625,0,0.9879684849866525,pruned
uhf_long,29997,804784,MeerKAT:array_1:20250705T192701Z,ex_CRTS_J191720.2-323441,46,563.9721113443375,-0.014260197960740902,13.144919,4,0.0625,-1,0.9879789475012237,pruned
uhf_long,77045,12886240,MeerKAT:array_1:20250723T030515Z,ex_ASASSN-V_J053549.29-693756.9,39,599.8524652719498,-0.0183345402352383,10.840093,3,0.046875,-1,0.9879832297656913,pruned
uhf_short,11268,699970,MeerKAT:array_1:20250713T175609Z,Gaia_1468259863202283904,30,559.250387430191,-0.03422447510577816,16.670944,2,0.03125,0,0.9879935351690717,pruned
lband_short,9440,389139,MeerKAT:array_1:20250731T021904Z,ex_[VV2006]_J002342.4+002041,16,864.0688868463039,-0.13325989057752777,13.987759,4,0.0625,-1,0.9880039192885329,pruned
mk_sample_hits,15070,35866600,MeerKAT:array_1:20240319T020710Z,Gaia_2530969943441957248,57,1562.086006000638,-0.005044025162275165,14.102983,4,0.0625,-1,0.9880051666997617,pruned
lband_short,998,7990,MeerKAT:array_1:20250701T205536Z,Gaia_1315903556301220096,37,863.9580456614494,0.0615045648819359,10.646128,2,0.03125,0,0.9880219745083717,pruned
uhf_long,43304,1131684,MeerKAT:array_1:20250715T130947Z,ex_1RXS_J161408.3-600823,6,575.9805218577385,-0.0427805938822227,14.1748,3,0.046875,-1,0.9880266803540106,pruned
uhf_long,94346,33524300,MeerKAT:array_1:20250713T145219Z,Gaia_6441441253025213568,11,625.0280812382698,0.0101858556862435,21.372528,2,0.03125,0,0.9880891780001292,pruned
uhf_short,69955,33536428,MeerKAT:array_1:20250715T023108Z,ex_LEDA_1203342,25,625.0286902189255,-0.03422447510577816,16.220774,1,0.015625,0,0.9881353311468022,pruned
uhf_long,4332,86358,MeerKAT:array_1:20250709T013528Z,ex_PSR_J1910-5959A,7,551.9478602409363,-0.0081486845489948,65.64998,2,0.03125,0,0.9881716059707829,pruned
uhf_short,37925,1854336,MeerKAT:array_1:20250704T203712Z,Gaia_4426469505158367360,52,587.9854801297188,0.05989283143511178,15.717268,3,0.046875,-1,0.988199318141431,pruned
lband_short,17920,431237,MeerKAT:array_1:20250706T145226Z,Gaia_4802485993479359232,40,876.1932491660118,0.05125380406827991,22.2211,3,0.046875,-1,0.9882327918391909,pruned
lband_long,56819,1262184,MeerKAT:array_1:20250705T204042Z,Gaia_6440709665476154496,29,919.9843598604202,0.015132075486825495,27.359493,2,0.03125,0,0.9882439316490146,pruned
uhf_long,10507,281522,MeerKAT:array_1:20250715T135202Z,ex_CRTS_J153145.8-330555,37,551.947919011116,0.030557567058730504,17.2726,1,0.015625,0,0.988259650627748,pruned
uhf_short,93024,35388025,MeerKAT:array_1:20250704T203712Z,Gaia_4426443842733286656,43,671.9834080338478,0.0427805938822227,36.035233,1,0.015625,0,0.9882690010593581,pruned
uhf_long,87147,33360209,MeerKAT:array_1:20250715T143518Z,Gaia_6272510907847320448,49,615.9901689291,0.012223026823492201,15.900636,2,0.03125,0,0.9882715746588682,pruned
uhf_short,9997,434000,MeerKAT:array_1:20250707T024904Z,Gaia_2682520677684092928,11,559.250414788723,0.03422447510577816,23.154285,1,0.015625,0,0.9883499424818202,pruned
uhf_long,54258,1898701,MeerKAT:array_1:20250705T180344Z,Gaia_5820297997446470272,53,587.9710034132004,-0.030557567058730504,10.598405,4,0.0625,-1,0.9883787662133092,pruned
lband_short,33163,734687,MeerKAT:array_1:20250719T113106Z,Gaia_2992779498719232896,1,876.2146351784468,-0.03075228244096795,18.951218,4,0.0625,-1,0.9883801676921056,pruned
lband_short,1056,8108,MeerKAT:array_1:20250701T205536Z,Gaia_1315902701604435328,61,863.9580472558737,0.04100304325462393,10.698254,1,0.015625,0,0.9883922472199327,pruned
uhf_long,29954,804736,MeerKAT:array_1:20250705T192701Z,ex_ASASSN-V_J191812.17-323435.0,33,563.9721113443375,-0.0101858556862435,13.251484,2,0.03125,0,0.9884329425964706,pruned
uhf_long,115720,34808164,MeerKAT:array_1:20250713T211114Z,Gaia_4189249635247527552,24,647.9928076267242,-0.024446053646984402,54.30304,3,0.046875,-1,0.9884466772256508,pruned
uhf_short,181659,33516804,MeerKAT:array_1:20250712T222705Z,J2212+0152,0,623.9690162539482,0.00855611877644454,39.634293,1,0.015625,0,0.9884591443387527,pruned
uhf_long,94348,33524350,MeerKAT:array_1:20250713T145219Z,Gaia_6441839791630300800,36,625.0280812382698,0.0101858556862435,15.8428755,2,0.03125,0,0.988460880119514,pruned
uhf_long,108346,34498942,MeerKAT:array_1:20250715T130947Z,ex_ASASSN-V_J161051.60-602852.0,32,639.9959462285042,-0.0183345402352383,19.873526,1,0.015625,0,0.9884631586213697,pruned
uhf_long,87702,33367260,MeerKAT:array_1:20250718T054018Z,Gaia_4669672513626296192,40,613.1961190700531,0.006111513411746101,89.43729,4,0.0625,-1,0.9884739359473064,pruned
uhf_long,12838,297707,MeerKAT:array_1:20250717T054309Z,Gaia_4669681996914101120,2,544.0542854070663,-0.081486845489948,12.031966,4,0.0625,-1,0.9885140318552668,pruned
uhf_long,97962,33540348,MeerKAT:array_1:20250715T141354Z,Gaia_6210702308369949952,58,625.0280822515488,-0.012223026823492201,25.213938,2,0.03125,0,0.9885412586075416,pruned
uhf_long,97897,33540183,MeerKAT:array_1:20250715T141354Z,ex_CD-30_12033,3,625.0280822515488,-0.012223026823492201,25.236345,2,0.03125,0,0.9885412586075416,pruned
uhf_short,4973,377267,MeerKAT:array_1:20250729T050525Z,Gaia_6526730851029764224,42,551.9810897111893,-0.03422447510577816,30.474752,4,0.0625,-1,0.9885600179974875,pruned
uhf_long,77569,12887077,MeerKAT:array_1:20250723T045553Z,Gaia_4663761126812216320,1,599.848986685276,-0.034631909333227906,13.486136,4,0.0625,-1,0.988562292610953,pruned
uhf_long,17316,339800,MeerKAT:array_1:20250723T033528Z,Gaia_4661389201048807552,41,544.0455175042152,-0.0183345402352383,19.154501,1,0.015625,0,0.9885702271761123,pruned
lband_long,86073,4160675,MeerKAT:array_1:20250712T092209Z,Gaia_4669726698933866112,19,924.0567697137594,-0.050440251622751654,15.486908,4,0.0625,-1,0.9885744654547907,pruned
uhf_long,73124,11385297,MeerKAT:array_1:20250715T141354Z,ex_ASASSN-V_J151356.05-305606.0,28,599.9707970023155,0.081486845489948,71.2188,1,0.015625,0,0.9885952960065293,pruned
uhf_long,89508,33377231,MeerKAT:array_1:20250723T030515Z,ex_ASASSN-V_J053240.24-692903.5,61,615.67118871212,0.0264832247842331,15.654526,3,0.046875,-1,0.9886027271938719,pruned
uhf_short,100486,35425111,MeerKAT:array_1:20250716T201432Z,Gaia_4426851005632198528,24,671.9999498128891,-0.09411730654088994,21.208393,1,0.015625,0,0.9886079701270784,pruned
lband_long,15687,395547,MeerKAT:array_1:20250731T141132Z,Gaia_5931526449225934848,1,863.9566824287176,0.04539622646047649,19.475723,3,0.046875,-1,0.988627294969001,pruned
uhf_long,92645,33464177,MeerKAT:array_1:20250705T184525Z,ex_ASASSN-V_J174532.08-162830.9,7,625.0283994078636,-0.012223026823492201,10.094382,3,0.046875,-1,0.9886352803589848,pruned
uhf_short,183550,33524722,MeerKAT:array_1:20250713T150856Z,Gaia_1468281058864055296,63,624.0018393993378,0.00855611877644454,27.034412,3,0.046875,-1,0.9886546674553559,pruned
uhf_short,26721,1118193,MeerKAT:array_1:20250713T172342Z,Gaia_1468197740795369600,58,575.9805370569229,0.02566835632933362,25.06388,1,0.015625,0,0.9886566225037375,pruned
uhf_long,97930,33540267,MeerKAT:array_1:20250715T141354Z,ex_ESO_448-15,31,625.0280812382698,-0.0162973690979896,25.20093,2,0.03125,0,0.988679101094089,pruned
uhf_long,137779,35522034,MeerKAT:array_1:20250723T043540Z,Gaia_4654728363919209216,33,671.8237598538399,0.0162973690979896,15.137968,4,0.0625,-1,0.9886845973100477,pruned
uhf_long,69366,11228105,MeerKAT:array_1:20250713T194539Z,Gaia_6024349694670947072,28,599.970393717289,-0.0631523052547097,71.16717,3,0.046875,-1,0.9886910206969743,pruned
uhf_short,62416,33499126,MeerKAT:array_1:20250711T001051Z,Gaia_2682473987095080832,53,625.028416633606,0.03422447510577816,20.997555,2,0.03125,0,0.9886967378638976,pruned
uhf_long,102022,33632491,MeerKAT:array_1:20250723T045553Z,Gaia_4662256926207290240,23,625.0210734009743,0.006111513411746101,11.350782,2,0.03125,0,0.9886975204694565,pruned
uhf_short,93360,35390005,MeerKAT:array_1:20250705T005108Z,ex_LEDA_1203369,60,671.9879606962204,0.02566835632933362,16.29012,1,0.015625,0,0.98869998528655,pruned
uhf_long,96369,33534822,MeerKAT:array_1:20250714T162550Z,Gaia_4077074916427625088,1,625.0282747745514,0.006111513411746101,13.166383,1,0.015625,0,0.9887168674560528,pruned
uhf_long,132545,35414161,MeerKAT:array_1:20250714T160406Z,Gaia_6144671863415593344,58,671.986274600029,-0.0101858556862435,22.359606,1,0.015625,0,0.9887282182768312,pruned
uhf_short,3689,345905,MeerKAT:array_1:20250723T234200Z,Gaia_2682777761542013952,18,551.99994379282,0.2909080383991144,106.55468,3,0.046875,-1,0.9887814114560415,pruned
lband_short,909,7676,MeerKAT:array_1:20250701T202312Z,Gaia_1315539725328565760,63,863.9581556767225,0.1127583689502158,29.200127,3,0.046875,-1,0.9887856574749231,pruned
uhf_long,114608,34805889,MeerKAT:array_1:20250713T190328Z,Gaia_6117459259870936832,53,650.0222544074059,-0.0183345402352383,21.146276,2,0.03125,0,0.988791481564982,pruned
uhf_short,51187,13649682,MeerKAT:array_1:20250730T204925Z,Gaia_2699050804215546240,30,599.9705082178116,-0.1454540191995572,44.75664,1,0.015625,0,0.9887962712164983,pruned
uhf_long,108659,34499428,MeerKAT:array_1:20250715T135202Z,ex_LEDA_684427,44,643.2649564146996,0.0183345402352383,14.57343,1,0.015625,0,0.9888074009019311,pruned
lband_long,13654,387270,MeerKAT:array_1:20250730T235713Z,Gaia_4669713912815018752,2,864.0001831054688,-0.1160125787323288,11.587875,3,0.046875,-1,0.9888089394187045,pruned
lband_long,58390,1268615,MeerKAT:array_1:20250708T085539Z,Gaia_2978691559310142976,11,920.2146808207035,-0.18662893100418113,12.372748,1,0.015625,0,0.9888176823678726,pruned
uhf_long,137767,35522022,MeerKAT:array_1:20250723T043540Z,Gaia_4654745230238445952,21,671.8237598538399,0.0162973690979896,14.36207,4,0.0625,-1,0.9888284805466897,pruned
uhf_long,89374,33377033,MeerKAT:array_1:20250723T030515Z,ex_ASASSN-V_J053240.24-692903.5,61,611.9696137905121,-0.014260197960740902,11.47387,1,0.015625,0,0.9888322835192277,pruned
mk_sample_hits,14843,35831632,MeerKAT:array_1:20240319T020710Z,Gaia_2531005054800403072,13,1273.7000050097704,-0.005044025162275165,10.747241,4,0.0625,-1,0.9888497523349119,pruned
uhf_long,76292,12885061,MeerKAT:array_1:20250723T012407Z,Gaia_4655265234874516352,15,599.9432033896446,-0.0264832247842331,141.37282,3,0.046875,-1,0.9888580829477686,pruned
lband_long,15806,395666,MeerKAT:array_1:20250731T141132Z,Gaia_5931345235962646144,41,863.9566824287176,0.04539622646047649,18.779646,3,0.046875,-1,0.9888959520867521,pruned
uhf_long,89450,33377173,MeerKAT:array_1:20250723T030515Z,ex_BSDL_2813,3,615.67118871212,0.0264832247842331,14.972034,3,0.046875,-1,0.988899638754751,pruned
uhf_long,117524,34830180,MeerKAT:array_1:20250715T135202Z,J1534_3-3312,0,646.9512885808945,0.0183345402352383,17.017542,2,0.03125,0,0.9889172212008823,pruned
uhf_long,212046,34829436,MeerKAT:array_1:20250715T130947Z,ex_Gaia_DR2_5834436784992036736,22,651.2685753703117,0.0020371711372487,11.977566,1,0.015625,0,0.988918168481796,pruned
uhf_long,115770,34808239,MeerKAT:array_1:20250713T211114Z,Gaia_4189039869044555648,49,647.9928076267242,-0.024446053646984402,51.79098,3,0.046875,-1,0.9889246140576257,pruned
uhf_long,49594,1224267,MeerKAT:array_1:20250723T033528Z,Gaia_4661372403478499840,20,576.0406528711319,0.044817765019471406,33.77456,1,0.015625,0,0.9889304145376355,pruned
lband_short,914,7812,MeerKAT:array_1:20250701T205536Z,Gaia_1315540893559681280,1,863.9580472558737,0.09225684732290385,11.231686,1,0.015625,0,0.9889969044748086,pruned
lband_short,832,7575,MeerKAT:array_1:20250701T202312Z,Gaia_1315541134077845888,42,863.9581556767225,0.1127583689502158,29.261625,3,0.046875,-1,0.9890006639341097,pruned
uhf_long,69327,11228066,MeerKAT:array_1:20250713T194539Z,Gaia_6024340589341113472,15,599.970393717289,-0.0631523052547097,67.88134,3,0.046875,-1,0.9890049094301444,pruned
uhf_long,25824,707483,MeerKAT:array_1:20250715T143518Z,Gaia_6272525888693262976,55,560.3367025256157,0.0366690804704766,80.042114,3,0.046875,-1,0.9890253813133684,pruned
uhf_long,94445,33529354,MeerKAT:array_1:20250713T184021Z,Gaia_6441009660351335936,59,625.0283477306366,0.0183345402352383,14.62547,3,0.046875,-1,0.9890723118580101,pruned
lband_long,13506,381335,MeerKAT:array_1:20250730T013301Z,ex_ASASSN-V_J051944.46-652504.6,29,863.9567334502935,0.07061635227185231,18.873522,3,0.046875,-1,0.9890948478437073,pruned
uhf_long,185632,33415712,MeerKAT:array_1:20250702T183548Z,ex_ASASSN-V_J163526.84-325659.7,13,625.0209781527519,0.0040743422744974,11.56235,3,0.046875,-1,0.9891072053790977,pruned
uhf_long,94434,33529302,MeerKAT:array_1:20250713T184021Z,Gaia_6441460288320161792,33,625.0283467173576,0.0264832247842331,11.449333,4,0.0625,-1,0.9891356201120903,pruned
uhf_long,216558,34853745,MeerKAT:array_1:20250720T052239Z,Gaia_4669678732738942720,55,646.6793994903564,-0.0020371711372487,10.034854,1,0.015625,0,0.9891523993088658,pruned
uhf_long,91639,33462079,MeerKAT:array_1:20250705T060310Z,Gaia_6440697673927495424,53,623.9686139822006,-0.012223026823492201,11.345097,1,0.015625,0,0.9891638911108719,pruned
uhf_long,152101,60163,MeerKAT:array_1:20250705T194745Z,Gaia_4189314712592415872,51,551.9478592276573,-0.0020371711372487,109.38964,2,0.03125,0,0.9891679738597867,pruned
uhf_long,102553,33647521,MeerKAT:array_1:20250729T031818Z,Gaia_4669055064831304192,9,624.0481715798378,-0.006111513411746101,11.990472,1,0.015625,0,0.9891874492093593,pruned
uhf_short,54413,23872517,MeerKAT:array_1:20250711T023810Z,ex_LEDA_1216524,45,607.2236785888672,0.05133671265866724,20.427128,2,0.03125,0,0.9892258236093568,pruned
uhf_long,40517,1120936,MeerKAT:array_1:20250713T192439Z,Gaia_5820215392329829504,33,575.9937877058983,-0.020371711372487,16.729689,3,0.046875,-1,0.9892391991751236,pruned
uhf_long,49582,1224231,MeerKAT:array_1:20250723T033528Z,Gaia_4658342630481836288,8,576.0406528711319,0.040743422744974,34.271008,1,0.015625,0,0.9892582071631835,pruned
uhf_long,145989,35885047,MeerKAT:array_1:20240926T000251Z,Gaia_2776029919674174336,31,599.9511262178421,-0.034631909333227906,14.200437,1,0.015625,0,0.9892676625345628,pruned
lband_long,13718,387334,MeerKAT:array_1:20250730T235713Z,Gaia_4669703403031184768,18,864.0001831054688,-0.1160125787323288,10.517058,3,0.046875,-1,0.9892848291718609,pruned
uhf_long,76284,12885049,MeerKAT:array_1:20250723T012407Z,Gaia_4655322718671293440,11,599.9432033896446,-0.0264832247842331,137.2658,3,0.046875,-1,0.9892925428109459,pruned
uhf_short,26753,1118234,MeerKAT:array_1:20250713T172342Z,Gaia_1456181899768835840,62,576.043442428112,0.05133671265866724,35.111145,3,0.046875,-1,0.9892928770030053,pruned
uhf_short,101192,35436236,MeerKAT:array_1:20250717T200827Z,J1550+0527,0,675.0020349621773,0.05989283143511178,34.25727,4,0.0625,-1,0.9893199902114738,pruned
uhf_short,101392,35436436,MeerKAT:array_1:20250717T200827Z,ex_4C_05.64,62,675.0020349621773,0.05989283143511178,34.259007,4,0.0625,-1,0.9893294509858178,pruned
lband_short,4942,242070,MeerKAT:array_1:20250712T072515Z,ex_2dFGRS_TGS138Z230,5,868.2036275267601,0.21526597708677564,19.848547,3,0.046875,-1,0.9893348376132318,pruned
uhf_short,2246,335683,MeerKAT:array_1:20250722T231023Z,Gaia_2682780677824347392,41,551.9971390366554,-0.02566835632933362,25.088976,4,0.0625,-1,0.9893587329920928,pruned
lband_short,14690,424799,MeerKAT:array_1:20250706T022717Z,ex_ICRF_J002225.4+001456,26,875.0298344641924,-0.03075228244096795,19.201132,4,0.0625,-1,0.9893729095957327,pruned
uhf_short,97801,35409927,MeerKAT:array_1:20250713T172342Z,Gaia_1468254296924695296,53,671.9864377379417,-0.0855611877644454,26.731895,4,0.0625,-1,0.9893816286709922,pruned
uhf_long,43347,1131821,MeerKAT:array_1:20250715T130947Z,ex_ASASSN-V_J161422.08-594537.8,37,575.9805198311806,-0.034631909333227906,13.76472,1,0.015625,0,0.9893852231677749,pruned
lband_long,54155,1240836,MeerKAT:array_1:20250701T085314Z,Gaia_4669736285300904192,62,919.1671871393919,0.02017610064910066,16.102104,2,0.03125,0,0.9893927296647965,pruned
lband_short,14639,424720,MeerKAT:array_1:20250706T022717Z,J0022+0014,0,875.0298344641924,-0.03075228244096795,19.197557,4,0.0625,-1,0.9893943593155264,pruned
sband_long,17470,35178010,MeerKAT:array_1:20250708T000034Z,Gaia_6440683620794454784,24,2825.0155332498252,0.14757196236608255,11.742318,4,0.0625,-1,0.9894098995251156,pruned
uhf_long,123960,34913659,MeerKAT:array_1:20250731T221802Z,Gaia_4668952436589496832,13,650.0228958129883,-0.0183345402352383,18.807674,2,0.03125,0,0.9894141949573032,pruned
uhf_short,51352,13649963,MeerKAT:array_1:20250730T204925Z,Gaia_2699421721887095808,59,599.9705031514168,-0.0855611877644454,53.541138,4,0.0625,-1,0.9894174707199178,pruned
lband_short,6217,245177,MeerKAT:array_1:20250712T091244Z,Gaia_2322720104678830336,50,863.9901334494352,0.03075228244096795,13.367584,1,0.015625,0,0.9894228076590569,pruned
uhf_long,138060,35522386,MeerKAT:array_1:20250723T045553Z,Gaia_4662258266237091456,3,671.9665511250496,0.030557567058730504,16.194149,4,0.0625,-1,0.9894293014945955,pruned
uhf_short,51140,13649603,MeerKAT:array_1:20250730T204925Z,Gaia_2699441169499096960,22,599.9705031514168,-0.0855611877644454,49.030792,4,0.0625,-1,0.989434356331164,pruned
uhf_long,155792,277968,MeerKAT:array_1:20250715T124827Z,ex_LBQS_1317-0142,40,543.946281015873,-0.0040743422744974,10.7912445,4,0.0625,-1,0.9894479689066397,pruned
uhf_long,102070,33632541,MeerKAT:array_1:20250723T045553Z,Gaia_4663589671744576256,48,625.0210734009743,-0.014260197960740902,19.595152,2,0.03125,0,0.9894503102369181,pruned
sband_long,10138,1251728,MeerKAT:array_1:20250703T213810Z,ex_ASASSN-V_J173711.12-444221.8,14,2032.0178964175284,-0.10540854454720182,13.564481,1,0.015625,0,0.9894535131272343,pruned
uhf_long,17276,339746,MeerKAT:array_1:20250723T033528Z,Gaia_4661370788570939392,28,543.9544835090637,0.0081486845489948,18.364464,3,0.046875,-1,0.989477341353263,pruned
uhf_short,20632,1095690,MeerKAT:array_1:20250711T001051Z,Gaia_2682555763272475008,16,576.0403195023537,-0.11122954409377903,45.989594,2,0.03125,0,0.9894843985110316,pruned
uhf_short,62267,33498950,MeerKAT:array_1:20250711T001051Z,Gaia_2682776868188808448,9,625.028416633606,0.03422447510577816,20.251093,2,0.03125,0,0.989490254239943,pruned
uhf_long,76118,12811609,MeerKAT:array_1:20250722T002453Z,Gaia_6440625174879361536,35,599.9821021556854,-0.0183345402352383,34.355404,4,0.0625,-1,0.9894933925101435,pruned
uhf_short,4553,373942,MeerKAT:array_1:20250728T214014Z,Gaia_2682593902582126208,49,551.9999032616615,-0.2139029694111135,154.03639,2,0.03125,0,0.9895023940976716,pruned
uhf_long,42546,1126262,MeerKAT:array_1:20250714T162550Z,Gaia_4077093779926130816,9,575.9804803133011,0.012223026823492201,11.540244,3,0.046875,-1,0.9895209917250202,pruned
uhf_long,122541,34880576,MeerKAT:array_1:20250723T045553Z,Gaia_4663762226323893120,28,650.0219159722328,0.006111513411746101,14.011679,1,0.015625,0,0.9895240062527257,pruned
lband_short,536,7136,MeerKAT:array_1:20250701T195047Z,Gaia_1315588481797328512,38,863.9583103358746,-0.1230091297638718,24.00987,3,0.046875,-1,0.9895694677400723,pruned
uhf_long,53509,1627366,MeerKAT:array_1:20250702T185632Z,ex_PSR_J1744-1610,2,587.9941304922104,-0.0468549361567201,16.337149,4,0.0625,-1,0.9895805422487077,pruned
lband_short,33207,734793,MeerKAT:array_1:20250719T113106Z,Gaia_2992779533078969344,21,876.2146351784468,-0.05125380406827991,16.193249,3,0.046875,-1,0.9895831194344391,pruned
uhf_long,9782,280626,MeerKAT:array_1:20250715T135202Z,ex_CRTS_J153340.5-333253,15,544.2660100460052,-0.006111513411746101,74.80851,2,0.03125,0,0.9896100960931994,pruned
lband_long,12322,321133,MeerKAT:array_1:20250720T073007Z,Gaia_5083271164082364416,63,863.9787652045488,0.04035220129820132,12.676256,1,0.015625,0,0.9896821650232521,pruned
uhf_long,25837,707503,MeerKAT:array_1:20250715T143518Z,Gaia_6272863649217730304,62,560.3367025256157,0.0366690804704766,76.214806,3,0.046875,-1,0.9896852577496098,pruned
uhf_long,88445,33376016,MeerKAT:array_1:20250723T012407Z,Gaia_4655471835632461824,63,615.2238554358482,-0.012223026823492201,15.213816,4,0.0625,-1,0.9897052247712257,pruned
uhf_long,87907,33370955,MeerKAT:array_1:20250720T024534Z,Gaia_4668965385914739968,53,613.1961596012115,-0.030557567058730504,67.308334,3,0.046875,-1,0.9897176158123858,pruned
uhf_long,183537,33186514,MeerKAT:array_1:20250705T174237Z,Gaia_6120533047699431296,7,611.9698468446732,0.0040743422744974,10.1906395,2,0.03125,0,0.9897443286269887,pruned
sband_short,18250,33865690,MeerKAT:array_1:20250711T154253Z,J0044-8422,0,2774.979659123346,0.1927956282524627,10.992075,2,0.03125,0,0.9897520935357927,pruned
uhf_long,131820,35411317,MeerKAT:array_1:20250713T192439Z,Gaia_5820127538792294528,34,671.9927535057068,-0.028520395921481805,29.804678,2,0.03125,0,0.9897687337521277,pruned
uhf_long,40447,1120832,MeerKAT:array_1:20250713T192439Z,Gaia_5820010917527180416,7,575.9937877058983,-0.020371711372487,15.275373,3,0.046875,-1,0.9897998677345005,pruned
uhf_long,130927,35395887,MeerKAT:array_1:20250707T173400Z,Gaia_6144606236314788352,19,671.966696023941,-0.0427805938822227,21.063852,2,0.03125,0,0.9898339508207399,pruned
uhf_long,188223,33632565,MeerKAT:array_1:20250723T045553Z,Gaia_4663584238570433792,60,625.0210734009743,-0.0040743422744974,21.60048,4,0.0625,-1,0.9898538507757749,pruned
uhf_short,4960,377219,MeerKAT:array_1:20250729T050525Z,Gaia_6528027243957377152,36,551.9810897111893,-0.03422447510577816,29.948864,4,0.0625,-1,0.9899031327457106,pruned
lband_short,371,6971,MeerKAT:array_1:20250701T195047Z,Gaia_1315524950641036672,8,863.9583087414503,-0.04100304325462393,22.7496,3,0.046875,-1,0.9899200558026205,pruned
uhf_long,101219,33631550,MeerKAT:array_1:20250723T030515Z,ex_BSDL_2881,20,625.021001458168,-0.048892107293968805,19.099045,4,0.0625,-1,0.9899316979217119,pruned
uhf_short,113365,377435,MeerKAT:array_1:20250729T050525Z,Gaia_6528035627733547392,63,551.9810886979103,-0.01711223755288908,30.021814,3,0.046875,-1,0.9899385015308384,pruned
lband_long,19717,429450,MeerKAT:array_1:20250706T120334Z,Gaia_3394255827318385280,50,872.0003295391798,-0.04035220129820132,11.293692,3,0.046875,-1,0.98994990835163,pruned
uhf_long,23825,704496,MeerKAT:array_1:20250715T124827Z,ex_[VV2006]_J131802.0-021617,31,560.0552997589111,0.006111513411746101,31.607845,3,0.046875,-1,0.9899611781436505,pruned
lband_long,13536,381375,MeerKAT:array_1:20250730T013301Z,ex_BSDL_1327,37,863.9567334502935,0.07061635227185231,18.912384,3,0.046875,-1,0.989969396816095,pruned
uhf_short,58780,33412221,MeerKAT:array_1:20250702T005726Z,Gaia_2682596440907741952,37,623.9851415753365,-0.03422447510577816,19.552286,3,0.046875,-1,0.990002430726459,pruned
uhf_short,108054,334395,MeerKAT:array_1:20250722T211839Z,ex_LEDA_1200474,17,549.9957337379456,0.00855611877644454,38.065792,3,0.046875,-1,0.9900140580704159,pruned
uhf_short,66411,33526809,MeerKAT:array_1:20250713T164848Z,Gaia_1315927990371978624,27,625.028206884861,0.05133671265866724,35.677933,4,0.0625,-1,0.9900491136831499,pruned
uhf_short,51335,13649934,MeerKAT:array_1:20250730T204925Z,Gaia_2699045753334219008,56,599.9705031514168,-0.0855611877644454,49.87983,4,0.0625,-1,0.9900562192249875,pruned
uhf_long,178660,8287772,MeerKAT:array_1:20250705T192701Z,ex_CRTS_J191458.7-320050,53,599.9433290362358,-0.0040743422744974,94.19711,4,0.0625,-1,0.990060113865055,pruned
uhf_long,143378,35881277,MeerKAT:array_1:20240925T231814Z,Gaia_2775817404692482048,59,551.9577964544296,-0.06111513411746101,17.986628,1,0.015625,0,0.9900881657459863,pruned
uhf_long,96403,33534856,MeerKAT:array_1:20250714T162550Z,Gaia_4077075156900824832,18,625.0282737612724,0.012223026823492201,12.394334,3,0.046875,-1,0.9900882982876079,pruned
uhf_long,26737,739789,MeerKAT:array_1:20250720T024534Z,Gaia_4669709484704842496,60,560.0466392636299,-0.0366690804704766,23.541471,3,0.046875,-1,0.9901156893842032,pruned
uhf_short,93308,35389340,MeerKAT:array_1:20250704T225450Z,ex_ATO_J333.2643+01.8359,45,671.9854619503021,0.07700506898800086,16.418491,2,0.03125,0,0.9901312027520058,pruned
uhf_long,208195,34643375,MeerKAT:array_1:20250708T010310Z,Gaia_6441073569464772480,5,647.98373067379,-0.0040743422744974,72.6651,1,0.015625,0,0.990135914363342,pruned
sband_short,13144,1466883,MeerKAT:array_1:20250727T142952Z,Gaia_5922837214907621760,22,2024.00411805138,0.3748803882686775,16.647158,1,0.015625,0,0.9901430606432743,pruned
uhf_short,128378,1067164,MeerKAT:array_1:20250704T025554Z,Gaia_2682776868188808448,34,576.0017490386963,0.01711223755288908,58.915752,3,0.046875,-1,0.990161276626569,pruned
uhf_long,38704,1077013,MeerKAT:array_1:20250705T231238Z,Gaia_6441469909046943488,54,575.9643154740334,0.012223026823492201,10.444239,1,0.015625,0,0.9901915546801313,pruned
lband_long,70900,1770095,MeerKAT:array_1:20250704T110253Z,Gaia_4669704743060998144,23,923.9749502390623,-0.06052830194730198,18.794281,1,0.015625,0,0.9901925713720963,pruned
lband_short,28232,686840,MeerKAT:array_1:20250711T110722Z,Gaia_4814715930034193280,47,874.9913083910942,-0.15376141220483974,15.812825,2,0.03125,0,0.9902080642085643,pruned
uhf_short,137643,1115404,MeerKAT:array_1:20250713T154120Z,Gaia_1468217532004723968,42,576.0428516864777,0.00855611877644454,23.37139,4,0.0625,-1,0.9903253377792983,pruned
mk_sample_hits,15110,35879416,MeerKAT:array_1:20240319T020710Z,Gaia_2530997225074268544,53,1702.3392065018415,0.01008805032455033,110.488884,4,0.0625,-1,0.9903456516950544,pruned
lband_short,15674,427141,MeerKAT:array_1:20250706T070740Z,Gaia_4802448094687886336,31,875.0041291564703,-0.03075228244096795,11.2485,1,0.015625,0,0.9903460767251197,pruned
mk_sample_hits,15071,35866677,MeerKAT:array_1:20240319T020710Z,Gaia_2530969909082218112,59,1562.1680056452751,-0.005044025162275165,10.190476,4,0.0625,-1,0.990362313937615,pruned
uhf_long,178657,8287671,MeerKAT:array_1:20250705T192701Z,ex_ASASSN-V_J191504.48-321454.7,25,599.9433290362358,-0.0040743422744974,99.14286,4,0.0625,-1,0.9903847866764269,pruned
uhf_long,15946,338000,MeerKAT:array_1:20250723T015429Z,Gaia_4661506440816055680,13,548.0131744146347,0.0183345402352383,15.630669,3,0.046875,-1,0.9903910010804197,pruned
uhf_short,32837,1156834,MeerKAT:array_1:20250717T220401Z,Gaia_2699048364674128640,12,576.0451447367668,-0.0427805938822227,27.080658,3,0.046875,-1,0.9903912901175363,pruned
uhf_long,131798,35411295,MeerKAT:array_1:20250713T192439Z,Gaia_5820247316841038848,12,671.9927535057068,-0.028520395921481805,29.702536,2,0.03125,0,0.9904053518995551,pruned
uhf_short,92009,35380764,MeerKAT:array_1:20250702T005726Z,Gaia_2682532948406192768,22,671.9839977622032,-0.02566835632933362,24.347599,4,0.0625,-1,0.9904209725527707,pruned
lband_short,60347,1439089,MeerKAT:array_1:20250719T030257Z,ex_LEDA_655378,27,919.7944639325142,0.0615045648819359,15.777111,3,0.046875,-1,0.990456862580907,pruned
uhf_long,89749,33377575,MeerKAT:array_1:20250723T043540Z,Gaia_4655107042613597056,2,613.1960157155991,0.012223026823492201,384.84415,3,0.046875,-1,0.9904658121545062,pruned
uhf_long,188221,33632535,MeerKAT:array_1:20250723T045553Z,Gaia_4663784766312970112,45,625.0210734009743,0.0020371711372487,11.495494,3,0.046875,-1,0.9904803190283578,pruned
uhf_long,102026,33632495,MeerKAT:array_1:20250723T045553Z,Gaia_4663790401310303104,25,625.0210734009743,-0.0081486845489948,24.755907,3,0.046875,-1,0.9904849164037102,pruned
uhf_long,130366,35391508,MeerKAT:array_1:20250705T192701Z,ex_Gaia_DR2_6757668798696821760,23,671.9837302565575,-0.038706251607725305,26.157585,2,0.03125,0,0.9904917962770167,pruned
sband_long,17768,35369484,MeerKAT:array_1:20250727T054821Z,ex_LEDA_322320,1,2825.013166759163,-0.04743384504624082,11.331923,1,0.015873015873015872,0,0.9905184188397905,pruned
uhf_long,97913,33540222,MeerKAT:array_1:20250715T141354Z,ex_CRTS_J151431.7-304813,16,625.0280812382698,-0.0162973690979896,25.249456,2,0.03125,0,0.9905427434004874,pruned
lband_short,2767,17141,MeerKAT:array_1:20250703T001453Z,ex_LEDA_957167,49,864.0003505200148,-0.14351065139118374,12.174465,3,0.046875,-1,0.9905573449452623,pruned
uhf_long,109942,34559409,MeerKAT:array_1:20250723T015429Z,Gaia_4661492662543069440,34,638.8219095468521,0.012223026823492201,13.018749,4,0.0625,-1,0.9905767354043782,pruned
uhf_long,39426,1083164,MeerKAT:array_1:20250708T010310Z,Gaia_6441064189256154752,16,576.0420694351196,0.0081486845489948,16.094166,3,0.046875,-1,0.9905803386626663,pruned
uhf_long,100057,33611871,MeerKAT:array_1:20250720T052239Z,Gaia_4669780781162069376,63,625.0284754037857,-0.006111513411746101,43.242302,2,0.03125,0,0.9905908420295875,pruned
uhf_short,4988,377323,MeerKAT:array_1:20250729T050525Z,Gaia_6526731366425860096,49,551.9810897111893,-0.03422447510577816,29.147573,4,0.0625,-1,0.9905987475610201,pruned
uhf_long,125250,35005232,MeerKAT:array_1:20250715T124827Z,ex_LBQS_1317-0142,40,656.0647773146629,0.034631909333227906,38.59706,1,0.015625,0,0.9906033455135219,pruned
uhf_long,98108,33540689,MeerKAT:array_1:20250715T143518Z,Gaia_6272552453067390720,59,625.0280822515488,-0.0081486845489948,38.030197,1,0.015625,0,0.9906033753118607,pruned
uhf_short,32865,1156986,MeerKAT:array_1:20250717T220401Z,Gaia_2699033113246348032,30,576.0451498031616,-0.05989283143511178,27.457369,2,0.03125,0,0.9906045530479589,pruned
lband_short,439,7039,MeerKAT:array_1:20250701T195047Z,Gaia_1315916269404486144,20,863.9583087414503,-0.04100304325462393,22.968779,3,0.046875,-1,0.9906092793810632,pruned
sband_long,3569,786997,MeerKAT:array_1:20250703T213810Z,Gaia_5958297839337412608,35,2000.0148930121213,-0.16865367127552292,10.195269,3,0.046875,-1,0.9906595012965663,pruned
lband_short,458972,738920,MeerKAT:array_1:20250719T222739Z,Gaia_4216755980203494400,63,875.0296287834644,0.020501521627311965,11.914054,2,0.03125,0,0.9906727793341087,pruned
uhf_short,49101,13613894,MeerKAT:array_1:20250728T194227Z,Gaia_2682511026893166848,63,599.9708466529846,-0.11978566287022356,80.5507,3,0.046875,-1,0.9906752205951531,pruned
uhf_long,98752,33544654,MeerKAT:array_1:20250716T022312Z,Gaia_4669712096045013120,45,625.0286577939987,0.0264832247842331,14.65453,2,0.03125,0,0.9906932053392804,pruned
uhf_short,7931,386284,MeerKAT:array_1:20250730T231157Z,Gaia_2682490685927957376,40,551.9994371533394,0.0427805938822227,113.20813,4,0.0625,-1,0.9906978399865076,pruned
lband_long,17296,408022,MeerKAT:array_1:20250701T095804Z,Gaia_4669686017003536640,2,874.9713764935732,-0.20680503165328176,110.90061,3,0.046875,-1,0.9907080964520784,pruned
lband_long,184932,32818658,MeerKAT:array_1:20250730T235713Z,Gaia_4669778547779094528,25,960.0002039819956,-0.12610062905687913,12.526712,4,0.0625,-1,0.9907167211510614,pruned
mk_sample_hits,15061,35865418,MeerKAT:array_1:20240319T020710Z,Gaia_2531018562471794048,24,1562.1400059610605,-0.005044025162275165,26.738447,2,0.03125,0,0.9907185044979435,pruned
mk_sample_hits,15058,35864845,MeerKAT:array_1:20240319T020710Z,Gaia_2531011376990672256,8,1562.086006000638,-0.005044025162275165,17.24717,4,0.0625,-1,0.9907609758058663,pruned
uhf_short,92080,35380896,MeerKAT:array_1:20250702T005726Z,Gaia_2682779234718308224,41,671.9839977622032,-0.02566835632933362,23.260302,4,0.0625,-1,0.990785233011316,pruned
uhf_long,69405,11228144,MeerKAT:array_1:20250713T194539Z,Gaia_6024340589341112448,41,599.970393717289,-0.0631523052547097,68.89275,3,0.046875,-1,0.9907863324203137,pruned
lband_long,279471,1850,MeerKAT:array_1:20250701T085314Z,Gaia_4668954360734828672,55,855.9694444537163,0.01008805032455033,35.341526,4,0.0625,-1,0.9908244580941034,pruned
uhf_short,19393,1080677,MeerKAT:array_1:20250707T004747Z,Gaia_2682555591473780352,25,575.9708034992218,-0.05133671265866724,17.620623,1,0.015625,0,0.9908381717352297,pruned
uhf_short,16893,1060479,MeerKAT:array_1:20250702T005726Z,Gaia_2682511026893166848,28,575.9806221723557,-0.10267342531733448,26.771677,2,0.03125,0,0.9908463524018686,pruned
uhf_long,183926,33347108,MeerKAT:array_1:20250713T194539Z,Gaia_6024260634232271232,32,615.2238645553589,0.0020371711372487,12.005806,3,0.046875,-1,0.9908580414474116,pruned
uhf_short,92074,35380883,MeerKAT:array_1:20250702T005726Z,Gaia_2682779857486050816,39,671.9839977622032,-0.02566835632933362,26.845627,4,0.0625,-1,0.9908643153041645,pruned
uhf_long,112,11450,MeerKAT:array_1:20250702T175345Z,ex_CRTS_J140802.1-372540,16,551.9485249519348,-0.0264832247842331,120.15516,4,0.0625,-1,0.9908681369311851,pruned
uhf_long,98107,33540673,MeerKAT:array_1:20250715T143518Z,Gaia_6272523139914195584,51,625.0280792117119,0.006111513411746101,30.689882,2,0.03125,0,0.9908697082770378,pruned
lband_short,20335,442769,MeerKAT:array_1:20250708T112920Z,Gaia_2973618962415819648,28,874.9924547821283,-0.2255167379004316,10.941703,4,0.0625,-1,0.9909060078399603,pruned
uhf_long,35622,1064119,MeerKAT:array_1:20250702T181451Z,ex_ASASSN-V_J153955.17-690812.3,28,575.9725818037987,-0.0651894763919584,14.092504,3,0.046875,-1,0.9909090736476122,pruned
uhf_long,138119,35522563,MeerKAT:array_1:20250723T045553Z,Gaia_4663774458391152512,62,671.9665511250496,0.030557567058730504,15.426605,4,0.0625,-1,0.9909099645655975,pruned
uhf_short,141095,1156519,MeerKAT:array_1:20250717T220401Z,Gaia_2699047269458590976,48,572.7169783115387,0.00855611877644454,35.373505,4,0.0625,-1,0.990911494184868,pruned
uhf_long,96223,33534676,MeerKAT:array_1:20250714T160406Z,Gaia_6144246833452265088,56,625.0282372832298,0.020371711372487,17.559729,1,0.015625,0,0.9909132608374903,pruned
uhf_long,26723,739775,MeerKAT:array_1:20250720T024534Z,Gaia_4669057783547492864,46,560.0466392636299,-0.0366690804704766,22.765186,3,0.046875,-1,0.9909347132300125,pruned
uhf_long,76324,12885103,MeerKAT:array_1:20250723T012407Z,Gaia_4655250322745151616,29,599.9432054162025,-0.040743422744974,152.34479,3,0.046875,-1,0.9909544067739493,pruned
lband_long,9195,251510,MeerKAT:array_1:20250713T100933Z,Gaia_3394242049063617536,11,864.0000125020742,0.17654088067963078,11.643579,1,0.015625,0,0.9909647209192496,pruned
uhf_long,88443,33376014,MeerKAT:array_1:20250723T012407Z,Gaia_4655433146567121408,61,615.2238554358482,-0.012223026823492201,16.283743,4,0.0625,-1,0.9909801377655383,pruned
uhf_long,143320,35881219,MeerKAT:array_1:20240925T231814Z,Gaia_2776258304559629568,1,551.9577964544296,-0.05704079184296361,17.956366,1,0.015625,0,0.9910246183777071,pruned
sband_short,18208,33865584,MeerKAT:array_1:20250711T150350Z,Gaia_4617437052652805760,22,2774.979300564155,-0.09639781412623134,10.708781,2,0.03125,0,0.9910324615466775,pruned
uhf_short,142662,1187379,MeerKAT:array_1:20250720T034305Z,Gaia_6526543556097712128,19,576.0409031510353,0.01711223755288908,16.351963,4,0.0625,-1,0.991040215377238,pruned
uhf_short,7879,386210,MeerKAT:array_1:20250730T231157Z,ex_PG_2208+014,30,551.9896610379219,-0.0427805938822227,57.64517,1,0.015625,0,0.9910405580763055,pruned
uhf_long,100585,33630907,MeerKAT:array_1:20250723T015429Z,Gaia_4661485103416983680,19,625.0210977196693,0.012223026823492201,17.757929,2,0.03125,0,0.9910423651127479,pruned
lband_short,1032,8063,MeerKAT:array_1:20250701T205536Z,Gaia_1315526840426659584,52,863.9580456614494,0.0615045648819359,11.2866745,2,0.03125,0,0.9910440139872577,pruned
uhf_short,8345,400131,MeerKAT:array_1:20250731T192546Z,ex_[VV2006]_J154847.6+053729,36,551.9996702075005,0.02566835632933362,44.110004,2,0.03125,0,0.9910612782701979,pruned
sband_short,18283,33865745,MeerKAT:array_1:20250711T154253Z,Gaia_4617531885530854784,55,2774.9796574935317,0.20350649648871064,12.03405,2,0.03125,0,0.9910686444135645,pruned
uhf_long,136291,35465208,MeerKAT:array_1:20250720T052239Z,Gaia_4669838711680816256,21,671.9996843338013,-0.012223026823492201,17.682608,4,0.0625,-1,0.9910785977241684,pruned
mk_sample_hits,14837,35830991,MeerKAT:array_1:20240319T020710Z,Gaia_2530987707426679680,62,1263.0300047397614,-0.005044025162275165,10.215808,3,0.046875,-1,0.9910800147739812,pruned
lband_short,768424,2117061,MeerKAT:array_1:20250706T063501Z,Gaia_4802509942216919808,52,924.997647434473,-0.020501521627311965,13.21956,2,0.03125,0,0.9910946835663391,pruned
uhf_long,44941,1134516,MeerKAT:array_1:20250715T143518Z,Gaia_6272820115429161728,43,575.9804164767265,-0.0325947381959792,35.25632,2,0.03125,0,0.9911068190260601,pruned
uhf_long,23840,704542,MeerKAT:array_1:20250715T124827Z,ex_[VV2006]_J131924.0-013740,39,560.0244271755219,-0.0081486845489948,18.639763,4,0.0625,-1,0.9911206627393251,pruned
uhf_long,98788,33544690,MeerKAT:array_1:20250716T022312Z,Gaia_4669882451627733632,63,625.0286577939987,0.0162973690979896,13.585611,3,0.046875,-1,0.9911409373835409,pruned
uhf_short,63846,33517009,MeerKAT:array_1:20250712T222705Z,Gaia_2682519719906973312,47,623.9690162539482,0.02566835632933362,59.426956,1,0.015625,0,0.9911434907783826,pruned
uhf_short,12947,805730,MeerKAT:array_1:20250706T001134Z,Gaia_2698994389820984832,45,563.9997049570084,-0.03422447510577816,15.635236,4,0.0625,-1,0.9911454364522676,pruned
uhf_short,6208,383056,MeerKAT:array_1:20250730T185654Z,Gaia_4426418416526789504,58,551.9870457649231,-0.0855611877644454,50.661774,4,0.0625,-1,0.9911481323507183,pruned
uhf_short,142621,1187314,MeerKAT:array_1:20250720T034305Z,Gaia_6526533248176198400,13,576.0409031510353,0.01711223755288908,17.342813,4,0.0625,-1,0.9911572805265041,pruned
uhf_long,42565,1126308,MeerKAT:array_1:20250714T162550Z,Gaia_4077525029020862080,24,575.9804803133011,0.012223026823492201,10.472238,3,0.046875,-1,0.9911941132829092,pruned
uhf_long,185637,33415762,MeerKAT:array_1:20250702T183548Z,ex_ASASSN-V_J163608.07-330957.6,43,625.0209781527519,0.0040743422744974,15.197097,3,0.046875,-1,0.9911991725817957,pruned
uhf_long,112135,34634530,MeerKAT:array_1:20250705T180344Z,Gaia_5820272811768181504,52,647.968043088913,-0.020371711372487,110.21438,4,0.0625,-1,0.9912112844897083,pruned
uhf_long,136,11474,MeerKAT:array_1:20250702T175345Z,ex_LEDA_617235,24,551.9485249519348,-0.0264832247842331,149.18579,4,0.0625,-1,0.9912120343070685,pruned
uhf_long,29958,804740,MeerKAT:array_1:20250705T192701Z,ex_ASASSN-V_J191443.04-320007.6,34,563.9721113443375,-0.014260197960740902,14.079178,4,0.0625,-1,0.9912139147689765,pruned
mk_sample_hits,10859,32947957,MeerKAT:array_1:20250731T124411Z,Gaia_5850123899691009280,33,961.9998192638159,-0.01008805032455033,29.746168,3,0.046875,-1,0.9912153443253892,pruned
lband_short,17480,430458,MeerKAT:array_1:20250706T141948Z,Gaia_4802416586807956480,45,871.9998113512993,-0.05125380406827991,12.006786,4,0.0625,-1,0.9912200276857827,pruned
uhf_short,118226,433484,MeerKAT:array_1:20250706T234838Z,Gaia_4426432499719191040,47,558.3987821936607,0.00855611877644454,15.952595,4,0.0625,-1,0.9912371302418261,pruned
uhf_long,77638,12887169,MeerKAT:array_1:20250723T045553Z,Gaia_4663569154643593856,24,599.848986685276,-0.034631909333227906,11.4162445,4,0.0625,-1,0.991242282518961,pruned
uhf_short,97474,35409588,MeerKAT:array_1:20250713T164848Z,Gaia_1315705133109803776,50,672.0013471245766,-0.03422447510577816,16.676907,1,0.015625,0,0.9912611257681676,pruned
lband_long,185094,32818974,MeerKAT:array_1:20250730T235713Z,Gaia_4669816377850832640,38,960.0002039819956,-0.12610062905687913,13.591024,4,0.0625,-1,0.9912665308644386,pruned
uhf_long,42598,1126396,MeerKAT:array_1:20250714T162550Z,Gaia_4077540112948886016,53,575.9804803133011,0.012223026823492201,11.423728,3,0.046875,-1,0.9912824369299191,pruned
uhf_short,3985,372749,MeerKAT:array_1:20250728T194227Z,Gaia_2682591153803051008,17,552.0000785589218,0.03422447510577816,154.05054,2,0.03125,0,0.9912971350963523,pruned
uhf_short,83098,34895074,MeerKAT:array_1:20250728T194227Z,Gaia_2682514943903238784,58,647.2235971689224,0.03422447510577816,15.90999,4,0.0625,-1,0.99130855410647,pruned
uhf_long,130432,35391588,MeerKAT:array_1:20250705T192701Z,ex_CRTS_J191553.8-323506,56,671.9837302565575,-0.038706251607725305,25.314625,2,0.03125,0,0.9913431265054508,pruned
uhf_long,112066,34634461,MeerKAT:array_1:20250705T180344Z,Gaia_5820218763897141760,29,647.968043088913,-0.020371711372487,102.89519,4,0.0625,-1,0.9913462320509919,pruned
lband_long,301091,691873,MeerKAT:array_1:20250712T060917Z,Gaia_4669830121746188672,48,872.4540213644505,0.01008805032455033,13.441772,3,0.046875,-1,0.9913488296548837,pruned
uhf_long,162772,704591,MeerKAT:array_1:20250715T124827Z,ex_2QZ_J131652.4-014400,47,560.0552997589111,0.0040743422744974,34.431034,3,0.046875,-1,0.9913524691049048,pruned
uhf_short,184040,33526673,MeerKAT:array_1:20250713T164848Z,J1609+2641,0,625.0207775235176,-0.01711223755288908,17.40079,4,0.0625,-1,0.9913863137179153,pruned
uhf_short,9494,403713,MeerKAT:array_1:20250731T233401Z,Gaia_2537266399857698304,5,551.9718080759048,-0.05133671265866724,23.458178,2,0.03125,0,0.9914103596677802,pruned
mk_sample_hits,15056,35864673,MeerKAT:array_1:20240319T020710Z,Gaia_2530979151851814144,3,1562.102006047964,-0.005044025162275165,27.857536,1,0.015625,0,0.9914509665621618,pruned
uhf_long,93972,33482915,MeerKAT:array_1:20250708T010310Z,Gaia_6440697502128807936,14,625.0286729931831,0.012223026823492201,18.321732,4,0.0625,-1,0.9914530493511164,pruned
lband_long,279613,2254,MeerKAT:array_1:20250701T085314Z,Gaia_4668954360734828672,55,860.0304111242294,0.005044025162275165,30.054129,1,0.015625,0,0.9914935895904132,pruned
uhf_short,92099,35380931,MeerKAT:array_1:20250702T005726Z,Gaia_2682468970573271552,46,671.9839977622032,-0.02566835632933362,26.52075,4,0.0625,-1,0.9914979948758506,pruned
uhf_long,65489,8175902,MeerKAT:array_1:20250705T060310Z,Gaia_6441839619831617152,46,599.9432814121246,0.0264832247842331,50.17975,1,0.015625,0,0.9915044513535732,pruned
uhf_short,23970,1112150,MeerKAT:array_1:20250713T025525Z,Gaia_2682496458363968768,30,576.0409943461418,0.2310152069640026,40.612045,1,0.015625,0,0.9915082034082484,pruned
uhf_long,85936,33358515,MeerKAT:array_1:20250715T133052Z,Gaia_6214397255852916736,29,611.9935160279274,0.048892107293968805,10.178853,1,0.015625,0,0.9915269762216665,pruned
uhf_short,12941,805592,MeerKAT:array_1:20250706T001134Z,Gaia_2698949236829342336,21,563.9997049570084,-0.03422447510577816,20.22503,4,0.0625,-1,0.9915276300509714,pruned
uhf_long,98750,33544652,MeerKAT:array_1:20250716T022312Z,Gaia_4669718761834284288,44,625.0286567807198,0.034631909333227906,23.373411,1,0.015625,0,0.991535996723354,pruned
uhf_short,142832,1187641,MeerKAT:array_1:20250720T034305Z,ex_LEDA_503393,43,576.0409031510353,0.01711223755288908,17.416887,4,0.0625,-1,0.9915531196336755,pruned
uhf_long,59398,4545198,MeerKAT:array_1:20250715T135202Z,ex_ASASSN-V_J153511.70-332719.0,31,593.4994736909866,0.0081486845489948,66.48787,4,0.0625,-1,0.9915581384680807,pruned
uhf_short,16865,1060430,MeerKAT:array_1:20250702T005726Z,Gaia_2682514943903238784,23,575.9806201457977,-0.05989283143511178,26.74315,2,0.03125,0,0.9915844678910651,pruned
uhf_short,16978,1060619,MeerKAT:array_1:20250702T005726Z,Gaia_2682550471872804736,42,575.9806201457977,-0.05989283143511178,27.690985,2,0.03125,0,0.9915852866057316,pruned
uhf_long,40460,1120849,MeerKAT:array_1:20250713T192439Z,Gaia_5820288067492262272,11,576.0402891039848,0.012223026823492201,21.55566,3,0.046875,-1,0.9915949427823405,pruned
lband_long,17449,408305,MeerKAT:array_1:20250701T095804Z,Gaia_4669686012707274624,43,874.9713764935732,-0.20680503165328176,109.06021,3,0.046875,-1,0.9916034057708504,pruned
lband_long,9451,251817,MeerKAT:array_1:20250713T100933Z,Gaia_3394141409389627520,63,863.9573983252048,0.10592452840777847,11.213331,2,0.03125,0,0.9916072002596108,pruned
lband_long,17510,408414,MeerKAT:array_1:20250701T095804Z,Gaia_4668964428138269952,59,874.9713764935732,-0.20680503165328176,99.18093,3,0.046875,-1,0.9916158501895929,pruned
lband_short,6873,310596,MeerKAT:array_1:20250719T011200Z,J2341-3506,0,863.9566808342934,0.05125380406827991,52.31775,2,0.03125,0,0.9916340528977697,pruned
lband_short,474772,1245106,MeerKAT:array_1:20250701T202312Z,Gaia_1315524744482606336,6,919.793709769845,0.020501521627311965,18.93819,2,0.03125,0,0.9916356327626789,pruned
uhf_short,18608,1073168,MeerKAT:array_1:20250705T005108Z,Gaia_2682540954225220992,24,575.9987051486969,0.0427805938822227,48.54148,3,0.046875,-1,0.9916383574518868,pruned
uhf_short,48932,13613704,MeerKAT:array_1:20250728T194227Z,Gaia_2682510648935930880,42,599.9708466529846,-0.11978566287022356,79.08553,3,0.046875,-1,0.9916589152375193,pruned
uhf_long,130430,35391586,MeerKAT:array_1:20250705T192701Z,ex_CRTS_J191534.3-314358,55,671.9837292432785,-0.028520395921481805,24.90472,3,0.046875,-1,0.9916674399383436,pruned
uhf_long,43299,1131665,MeerKAT:array_1:20250715T130947Z,ex_4FGL_J1611.6-6013,2,575.9805178046227,-0.0264832247842331,13.7381,3,0.046875,-1,0.9916990398683705,pruned
uhf_short,137406,1115014,MeerKAT:array_1:20250713T154120Z,Gaia_1456305835345169024,3,576.0428516864777,0.00855611877644454,26.73862,4,0.0625,-1,0.9917012631384886,pruned
uhf_long,187855,33611650,MeerKAT:array_1:20250720T052239Z,Gaia_4669681172280380800,32,624.0518021583557,-0.0020371711372487,10.837851,1,0.015625,0,0.9917206639138058,pruned
uhf_long,147782,35899778,MeerKAT:array_1:20240925T225556Z,Gaia_2775982434515727872,62,695.9885692596436,-0.048892107293968805,18.643156,3,0.046875,-1,0.9917318568988303,pruned
uhf_short,12940,805587,MeerKAT:array_1:20250706T001134Z,Gaia_2699631625528779520,20,563.9997049570084,-0.03422447510577816,20.998192,4,0.0625,-1,0.9917329311322998,pruned
uhf_long,74032,11427289,MeerKAT:array_1:20250716T012443Z,Gaia_4669731062620671616,47,599.9695658683777,0.0264832247842331,54.933777,1,0.015625,0,0.9917565552093656,pruned
sband_long,17772,35369488,MeerKAT:array_1:20250727T054821Z,ex_LEDA_323205,3,2825.0131716486067,-0.08432683563776146,10.714136,1,0.015873015873015872,0,0.9917755440218415,pruned
uhf_long,130319,35391393,MeerKAT:array_1:20250705T190623Z,Gaia_4153019180945219840,62,671.9926998019218,-0.0162973690979896,22.623983,4,0.0625,-1,0.9917918000576901,pruned
lband_short,15235,425792,MeerKAT:array_1:20250706T040458Z,Gaia_2546813115724975872,42,874.9985263496637,0.0615045648819359,12.179035,4,0.0625,-1,0.9918244929239551,pruned
uhf_long,47339,1171649,MeerKAT:array_1:20250719T053812Z,Gaia_4669826406598180992,56,576.0417147874832,0.06111513411746101,26.925776,3,0.046875,-1,0.991833942048329,pruned
uhf_long,17321,339806,MeerKAT:array_1:20250723T033528Z,Gaia_4661289218575824384,43,543.9544824957848,0.0183345402352383,19.489103,1,0.015625,0,0.9918430541842845,pruned
uhf_long,40434,1120813,MeerKAT:array_1:20250713T192439Z,Gaia_5820209383671146112,2,576.0402891039848,0.012223026823492201,21.005213,3,0.046875,-1,0.9918668158673586,pruned
uhf_long,112014,34634407,MeerKAT:array_1:20250705T180344Z,Gaia_5820107816301998336,11,647.968043088913,-0.020371711372487,110.25781,4,0.0625,-1,0.9918731891510265,pruned
lband_short,59971,1436184,MeerKAT:array_1:20250718T233501Z,J2341-3506,0,919.79439856112,0.03075228244096795,16.524513,1,0.015625,0,0.9918899642361146,pruned
lband_short,458177,734979,MeerKAT:array_1:20250719T113106Z,Gaia_2992967618287776512,57,876.2146351784468,-0.020501521627311965,22.028782,3,0.046875,-1,0.9919040950692177,pruned
uhf_long,88414,33375985,MeerKAT:array_1:20250723T012407Z,Gaia_4655476753385618816,32,615.2238554358482,-0.012223026823492201,18.840485,4,0.0625,-1,0.9919135244608747,pruned
uhf_long,39003,1082483,MeerKAT:array_1:20250707T173400Z,Gaia_6144299438211598336,35,576.0405910611153,-0.0427805938822227,30.143553,1,0.015625,0,0.9919204732504653,pruned
uhf_long,112102,34634497,MeerKAT:array_1:20250705T180344Z,Gaia_5820260300511914752,41,647.968043088913,-0.020371711372487,110.90252,4,0.0625,-1,0.9919239962539732,pruned
uhf_long,3394,60123,MeerKAT:array_1:20250705T194745Z,ex_LEDA_965835,37,551.9865745902061,-0.038706251607725305,1051.8914,1,0.015625,0,0.9919273069522275,pruned
lband_short,25139,682741,MeerKAT:array_1:20250711T085603Z,Gaia_4814711016591606912,63,870.3427405804396,-0.37927815010527133,64.922424,2,0.03125,0,0.9919424358124274,pruned
uhf_long,23833,704518,MeerKAT:array_1:20250715T124827Z,ex_[VV2006]_J131858.7-013642,35,560.0244271755219,-0.0081486845489948,16.67547,4,0.0625,-1,0.9919502107365208,pruned
uhf_long,43987,1132972,MeerKAT:array_1:20250715T135202Z,ex_ASASSN-V_J153218.02-325446.8,22,575.0678118467331,0.0183345402352383,36.376415,3,0.046875,-1,0.9919520372023478,pruned
uhf_short,141090,1156514,MeerKAT:array_1:20250717T220401Z,Gaia_2699007515241387264,43,572.7169783115387,0.00855611877644454,35.45815,4,0.0625,-1,0.9919711238706016,pruned
uhf_short,42083,4419072,MeerKAT:array_1:20250713T183111Z,Gaia_1315320441478679680,40,587.9938042163849,-0.05133671265866724,33.712643,3,0.046875,-1,0.9919882867801287,pruned
uhf_long,98768,33544670,MeerKAT:array_1:20250716T022312Z,Gaia_4669719277230381952,53,625.0286577939987,0.0264832247842331,22.561993,2,0.03125,0,0.9919925520626386,pruned
lband_long,14851,394268,MeerKAT:array_1:20250731T124411Z,Gaia_5850163894431855232,54,863.9565102308989,-0.02017610064910066,14.653378,4,0.0625,-1,0.992053919262298,pruned
uhf_long,34453,1017393,MeerKAT:array_1:20250723T043540Z,Gaia_4654693420063405824,16,563.9807941317558,0.0081486845489948,14.382379,3,0.046875,-1,0.9920588409590672,pruned
uhf_long,34462,1017405,MeerKAT:array_1:20250723T043540Z,Gaia_4654720358100675712,20,563.9807941317558,0.0081486845489948,13.919765,3,0.046875,-1,0.9920668782281137,pruned
uhf_long,113702,34642598,MeerKAT:array_1:20250707T175557Z,ex_V4365_Sgr,3,647.967808008194,-0.081486845489948,146.01273,2,0.03125,0,0.9920720267072021,pruned
uhf_long,101281,33631612,MeerKAT:array_1:20250723T030515Z,ex_ASASSN-V_J053538.79-701446.0,51,625.021001458168,-0.048892107293968805,29.485664,4,0.0625,-1,0.9920750276839038,pruned
uhf_short,184059,33526753,MeerKAT:array_1:20250713T164848Z,ex_LEDA_1769478,16,625.0207775235176,-0.01711223755288908,21.13825,4,0.0625,-1,0.9920843359244845,pruned
sband_long,1000,417124,MeerKAT:array_1:20250703T213810Z,Gaia_5955293045843906304,28,1988.5923967231065,0.03689299059152064,10.1686945,2,0.03125,0,0.9920864536933044,pruned
mk_sample_hits,15067,35865922,MeerKAT:array_1:20240319T020710Z,Gaia_2531010586717352576,38,1562.086006000638,-0.005044025162275165,13.825642,4,0.0625,-1,0.992094743434644,pruned
uhf_long,163956,804420,MeerKAT:array_1:20250705T182441Z,Gaia_6024557330567517824,50,563.9721650481224,-0.0020371711372487,19.430128,2,0.03125,0,0.9920983377700328,pruned
uhf_short,137736,1115554,MeerKAT:array_1:20250713T154120Z,Gaia_1456206570060962176,57,576.0428516864777,0.00855611877644454,24.60165,4,0.0625,-1,0.9920990345906923,pruned
uhf_long,187145,33539611,MeerKAT:array_1:20250715T135202Z,ex_ASASSN-V_J153249.85-325503.6,24,625.0280903577805,-0.0020371711372487,33.978294,3,0.046875,-1,0.9921000426152854,pruned
uhf_long,113805,34642774,MeerKAT:array_1:20250707T175557Z,Gaia_4077468541608282752,54,650.0019067525864,0.081486845489948,11.385302,1,0.015625,0,0.9921045940964247,pruned
uhf_long,42589,1126372,MeerKAT:array_1:20250714T162550Z,Gaia_4077094501480787584,45,575.9804803133011,0.0081486845489948,10.6264925,1,0.015625,0,0.9921172537508084,pruned
uhf_long,78082,12893014,MeerKAT:array_1:20250726T235112Z,Gaia_6440670186136806912,63,599.9699721932411,-0.040743422744974,12.042923,2,0.03125,0,0.9921174868772447,pruned
uhf_long,46875,1160914,MeerKAT:array_1:20250718T054018Z,Gaia_4669698111631422592,26,576.0417269468307,-0.012223026823492201,20.903913,1,0.015625,0,0.9921185926903425,pruned
uhf_long,136294,35465216,MeerKAT:array_1:20250720T052239Z,Gaia_4668951989912897792,23,671.9996823072433,0.0101858556862435,20.766907,3,0.046875,-1,0.9921342291384028,pruned
uhf_long,94699,33529758,MeerKAT:array_1:20250713T192439Z,Gaia_5820197632661065728,37,623.9850473403931,-0.048892107293968805,26.984161,2,0.03125,0,0.9921343307324776,pruned
uhf_short,20171,1095033,MeerKAT:array_1:20250710T221658Z,Gaia_2682555591473780352,34,576.0401918292046,-0.2139029694111135,32.83914,2,0.03125,0,0.9921450402306781,pruned
uhf_short,62611,33499975,MeerKAT:array_1:20250711T003519Z,Gaia_2682476426636516736,48,623.9689412713051,-0.09411730654088994,42.008743,2,0.03125,0,0.9921629015127156,pruned
uhf_short,2240,335674,MeerKAT:array_1:20250722T231023Z,Gaia_2682485222729533952,40,551.9971390366554,-0.02566835632933362,27.526506,4,0.0625,-1,0.9922047793994295,pruned
uhf_long,94441,33529336,MeerKAT:array_1:20250713T184021Z,Gaia_6440672655744623360,50,625.0283477306366,0.022408882509735703,18.070248,3,0.046875,-1,0.9922243054504017,pruned
uhf_long,94428,33529274,MeerKAT:array_1:20250713T184021Z,Gaia_6441427509130191232,19,625.0283467173576,0.028520395921481805,16.818388,3,0.046875,-1,0.9922266238684383,pruned
uhf_short,7784,386073,MeerKAT:array_1:20250730T231157Z,Gaia_2682471513193917312,11,551.9994371533394,0.0427805938822227,110.06882,4,0.0625,-1,0.9922424043683993,pruned
uhf_short,37041,1214745,MeerKAT:array_1:20250721T223354Z,Gaia_2682593417250767360,14,576.0401958823204,-0.0427805938822227,53.895126,1,0.015625,0,0.9922551891520648,pruned
uhf_long,115931,34808413,MeerKAT:array_1:20250713T211114Z,Gaia_4189302480525181184,33,650.0222675800323,0.0733381609409532,47.29826,2,0.03125,0,0.9922916482439007,pruned
lband_short,19803,441778,MeerKAT:array_1:20250708T101552Z,Gaia_2973738877902334848,53,875.0032394677401,-0.39977967173258333,21.361977,1,0.015625,0,0.9923312498086174,pruned
lband_long,15880,395808,MeerKAT:array_1:20250731T144023Z,Gaia_1468208250578057728,2,863.9567334502935,0.06052830194730198,20.159895,2,0.03125,0,0.9923428079336897,pruned
uhf_short,2139,335504,MeerKAT:array_1:20250722T231023Z,Gaia_2682740962262211200,19,551.9971390366554,-0.02566835632933362,26.5713,4,0.0625,-1,0.9923452246782628,pruned
uhf_long,87859,33370907,MeerKAT:array_1:20250720T024534Z,Gaia_4669822047207700608,5,613.1961596012115,-0.030557567058730504,37.38169,3,0.046875,-1,0.9923533815952881,pruned
uhf_long,136314,35465289,MeerKAT:array_1:20250720T052239Z,Gaia_4669736250941165568,41,671.9996823072433,0.0081486845489948,20.195723,3,0.046875,-1,0.9923589776935747,pruned
uhf_long,94679,33529738,MeerKAT:array_1:20250713T192439Z,Gaia_5820114413371902336,27,623.9850473403931,-0.048892107293968805,25.036821,2,0.03125,0,0.9923752409334948,pruned
uhf_long,130396,35391544,MeerKAT:array_1:20250705T192701Z,ex_ASASSN-V_J191548.84-315239.7,38,671.9857618808746,-0.020371711372487,25.255434,3,0.046875,-1,0.9923756860868056,pruned
uhf_long,165101,986853,MeerKAT:array_1:20250715T124827Z,ex_[VV2006]_J131712.9-014118,20,568.0560896396637,0.0040743422744974,12.345784,3,0.046875,-1,0.9923758307409165,pruned
uhf_long,88428,33375999,MeerKAT:array_1:20250723T012407Z,Gaia_4655480876554034432,46,615.2238554358482,-0.012223026823492201,15.123809,4,0.0625,-1,0.9923759352964583,pruned
uhf_long,24452,705912,MeerKAT:array_1:20250715T135202Z,ex_CRTS_J153443.6-330420,19,554.7929864525795,0.0101858556862435,147.69052,3,0.046875,-1,0.9923810890459682,pruned
uhf_short,22859,1108008,MeerKAT:array_1:20250712T220135Z,Gaia_2699269366511305472,40,575.9963431954384,-0.06844895021155632,20.654644,1,0.015625,0,0.992398437125679,pruned
uhf_long,113704,34642600,MeerKAT:array_1:20250707T175557Z,ex_ASASSN-V_J183157.21-242115.4,4,647.967808008194,-0.081486845489948,138.71786,2,0.03125,0,0.9924072040504779,pruned
lband_long,10287,285246,MeerKAT:array_1:20250715T232237Z,Gaia_6440695955940547456,21,863.9566314071417,-0.06557232710957715,29.187805,1,0.015625,0,0.9924176054404722,pruned
uhf_long,87910,33370958,MeerKAT:array_1:20250720T024534Z,Gaia_4669743947522399488,56,613.1961636543274,-0.0529664495684662,73.89051,4,0.0625,-1,0.9924191777037136,pruned
uhf_short,111003,372586,MeerKAT:array_1:20250728T194227Z,Gaia_2682619530651384576,50,549.9929968714714,-0.01711223755288908,17.168535,4,0.0625,-1,0.992426506699585,pruned
uhf_short,6018,382744,MeerKAT:array_1:20250730T185654Z,Gaia_4426416698539850112,19,551.9870457649231,-0.0855611877644454,51.426746,4,0.0625,-1,0.9924360644213727,pruned
uhf_short,6003,382720,MeerKAT:array_1:20250730T185654Z,Gaia_4426445457640888960,16,551.9870457649231,-0.0855611877644454,50.82737,4,0.0625,-1,0.9924362308821297,pruned
uhf_long,183928,33347135,MeerKAT:array_1:20250713T194539Z,Gaia_6024461741772904320,59,615.2238645553589,0.0020371711372487,10.893195,3,0.046875,-1,0.9924425760385985,pruned
uhf_short,110955,372538,MeerKAT:array_1:20250728T194227Z,Gaia_2682576482194684800,26,549.9929968714714,-0.01711223755288908,19.817438,4,0.0625,-1,0.9924775385323935,pruned
uhf_long,136976,35521167,MeerKAT:array_1:20250723T015429Z,Gaia_4661363568820729216,52,671.9836035966873,-0.014260197960740902,21.153532,2,0.03125,0,0.9924902388112397,pruned
uhf_long,98106,33540637,MeerKAT:array_1:20250715T143518Z,Gaia_6272655704081277824,33,625.0280792117119,0.006111513411746101,36.949947,2,0.03125,0,0.9924933052873793,pruned
uhf_short,8405,400291,MeerKAT:array_1:20250731T192546Z,ex_SDSS_J155013.53+055140.9,56,551.9996702075005,0.02566835632933362,42.801167,2,0.03125,0,0.9924944658916761,pruned
uhf_long,57284,4420735,MeerKAT:array_1:20250713T205023Z,Gaia_6757685600607829504,18,587.9875310063362,-0.022408882509735703,12.169183,2,0.03125,0,0.9924950497881211,pruned
uhf_long,136335,35465361,MeerKAT:array_1:20250720T052239Z,Gaia_4669756415811624576,59,671.9996843338013,-0.012223026823492201,19.793236,4,0.0625,-1,0.992520882603509,pruned
uhf_short,6084,382854,MeerKAT:array_1:20250730T185654Z,Gaia_4426834272439552384,33,551.9732479453087,-0.03422447510577816,15.722541,4,0.0625,-1,0.9925245014814278,pruned
mk_sample_hits,15059,35864952,MeerKAT:array_1:20240319T020710Z,Gaia_2543020865760350464,11,1562.1560060083866,-0.005044025162275165,12.915796,2,0.03125,0,0.9925352292270755,pruned
uhf_long,114579,34805829,MeerKAT:array_1:20250713T190328Z,Gaia_6117453693593864320,23,650.0222544074059,-0.0183345402352383,33.579025,2,0.03125,0,0.9925669500905668,pruned
lband_short,457448,697598,MeerKAT:array_1:20250713T104242Z,Gaia_5096070682019896832,50,869.9951401501894,-0.010250760813655982,32.89741,3,0.046875,-1,0.9925689025726697,pruned
uhf_long,181481,12885850,MeerKAT:array_1:20250723T022503Z,ex_BSDL_1858,42,599.9702690839767,-0.0040743422744974,119.50989,2,0.03125,0,0.9925776457411336,pruned
uhf_short,142934,1187806,MeerKAT:array_1:20250720T034305Z,ex_LEDA_494211,58,576.0409031510353,0.01711223755288908,18.085075,4,0.0625,-1,0.9925864149795386,pruned
uhf_long,183536,33186502,MeerKAT:array_1:20250705T174237Z,Gaia_6117477917209895936,3,611.9698468446732,0.0040743422744974,10.928058,2,0.03125,0,0.9925908840045027,pruned
uhf_short,142948,1187828,MeerKAT:array_1:20250720T034305Z,ex_LEDA_494162,60,576.0409041643143,-0.00855611877644454,18.682547,1,0.015625,0,0.9925937951659566,pruned
lband_short,86949,2623954,MeerKAT:array_1:20250708T094824Z,Gaia_2973632328353994112,29,923.9686985015869,-0.1845136946458077,32.1599,1,0.015625,0,0.9925955311450303,pruned
uhf_long,87864,33370912,MeerKAT:array_1:20250720T024534Z,Gaia_4668920997427045120,10,613.1961626410484,-0.038706251607725305,62.402733,3,0.046875,-1,0.992595855871465,pruned
uhf_long,181500,12885886,MeerKAT:array_1:20250723T022503Z,ex_BSDL_1897,51,599.9702690839767,-0.0040743422744974,121.12242,2,0.03125,0,0.9926173362874441,pruned
uhf_short,26712,1118181,MeerKAT:array_1:20250713T172342Z,Gaia_1468174754130396544,56,576.043442428112,0.05133671265866724,39.39406,3,0.046875,-1,0.9926291938123571,pruned
lband_long,58307,1268513,MeerKAT:array_1:20250708T085539Z,Gaia_2978914038616192256,17,916.2137506008148,-0.19671698132873144,10.783811,4,0.0625,-1,0.9926355796687398,pruned
lband_long,13396,381193,MeerKAT:array_1:20250730T013301Z,ex_KMHK_679,2,863.9567334502935,0.07061635227185231,18.983599,3,0.046875,-1,0.992637397277831,pruned
uhf_long,147743,35899739,MeerKAT:array_1:20240925T225556Z,Gaia_2776006245814438144,23,695.9885692596436,-0.048892107293968805,18.924583,3,0.046875,-1,0.9926375780672845,pruned
uhf_long,130304,35391339,MeerKAT:array_1:20250705T190623Z,ex_ASASSN-V_J182845.06-113930.6,8,671.9926998019218,-0.0162973690979896,24.031109,4,0.0625,-1,0.9926407709298023,pruned
uhf_long,77952,12892884,MeerKAT:array_1:20250726T235112Z,Gaia_6441840616264013056,30,599.981748521328,0.006111513411746101,36.282562,1,0.015625,0,0.992647062394035,pruned
uhf_short,65657,33526003,MeerKAT:array_1:20250713T161348Z,Gaia_1468333770999923200,59,623.9858680963516,-0.02566835632933362,47.40234,1,0.015625,0,0.9926547702081794,pruned
uhf_long,94436,33529310,MeerKAT:array_1:20250713T184021Z,Gaia_6440708119287928320,37,625.0283477306366,0.024446053646984402,11.050445,4,0.0625,-1,0.992700036238222,pruned
uhf_short,58804,33412266,MeerKAT:array_1:20250702T005726Z,Gaia_2682556794064633216,44,623.9851415753365,-0.03422447510577816,19.423223,3,0.046875,-1,0.9927069164053761,pruned
uhf_long,94037,33482995,MeerKAT:array_1:20250708T010310Z,ex_V408_Pav,54,625.0286729931831,0.012223026823492201,17.16318,4,0.0625,-1,0.9927202608989449,pruned
uhf_short,46037,8318400,MeerKAT:array_1:20250706T010358Z,Gaia_2699001364847879680,34,599.9700066447258,0.0427805938822227,47.958923,3,0.046875,-1,0.9927268239498093,pruned
uhf_short,118209,433467,MeerKAT:array_1:20250706T234838Z,Gaia_4426419172441037056,30,558.3987821936607,0.00855611877644454,16.11566,4,0.0625,-1,0.9927482960150386,pruned
lband_long,322805,1440658,MeerKAT:array_1:20250719T103545Z,Gaia_4669702990712825600,8,920.0908610224724,-0.005044025162275165,24.773664,2,0.03125,0,0.9927502430490694,pruned
uhf_short,12944,805661,MeerKAT:array_1:20250706T001134Z,Gaia_2699234530032694272,33,563.9997049570084,-0.03422447510577816,18.194576,4,0.0625,-1,0.9927779943069373,pruned
uhf_long,5337,252536,MeerKAT:array_1:20250713T184021Z,Gaia_6440681490490698624,3,548.0335767865181,0.0162973690979896,13.548425,1,0.015625,0,0.9927816486533527,pruned
uhf_long,72518,11384523,MeerKAT:array_1:20250715T135202Z,ex_LEDA_675496,40,600.8721380233765,0.0101858556862435,59.220016,2,0.03125,0,0.9927869128150535,pruned
uhf_short,110905,372488,MeerKAT:array_1:20250728T194227Z,ex_PG_2208+014,1,549.9929968714714,-0.01711223755288908,18.453865,4,0.0625,-1,0.9927878374574209,pruned
uhf_long,166544,1049339,MeerKAT:array_1:20250731T221802Z,Gaia_4669730306706410880,30,563.9712470173836,-0.0040743422744974,16.815128,3,0.046875,-1,0.9927892560957183,pruned
uhf_long,130436,35391593,MeerKAT:array_1:20250705T192701Z,ex_CRTS_J191626.8-314030,58,671.9837292432785,-0.028520395921481805,25.295797,3,0.046875,-1,0.9927950945703663,pruned
sband_short,13862,1467922,MeerKAT:array_1:20250727T160434Z,ex_ASASSN-V_J172726.52-551952.2,25,2024.0052100270987,0.3427477835599337,16.861847,1,0.015625,0,0.992813237833649,pruned
uhf_long,77983,12892915,MeerKAT:array_1:20250726T235112Z,Gaia_6441474307091755776,38,599.98174649477,0.0162973690979896,51.640392,3,0.046875,-1,0.992841730045026,pruned
uhf_long,28452,768017,MeerKAT:array_1:20250729T031818Z,Gaia_4669719758266718592,41,560.0473505854607,-0.055003620705714906,10.537787,3,0.046875,-1,0.9928519718741681,pruned
uhf_short,82944,34884554,MeerKAT:array_1:20250723T234200Z,Gaia_2682518890977883008,38,648.0004416704178,-0.05989283143511178,20.43252,4,0.0625,-1,0.9928704908697068,pruned
uhf_long,31559,980801,MeerKAT:array_1:20250714T160406Z,Gaia_6144686638102792704,63,563.9808762073517,0.028520395921481805,14.425957,1,0.015625,0,0.9928722714214838,pruned
lband_long,322845,1440904,MeerKAT:array_1:20250719T103545Z,Gaia_4669719895705672448,60,920.0908610224724,-0.005044025162275165,25.33758,2,0.03125,0,0.9928898155602012,pruned
uhf_long,188219,33632465,MeerKAT:array_1:20250723T045553Z,Gaia_4663586063972028288,10,625.0210734009743,0.0020371711372487,17.352383,3,0.046875,-1,0.9928942483191044,pruned
mk_sample_hits,15115,35879490,MeerKAT:array_1:20240319T020710Z,Gaia_2531000381874689920,10,1702.6632062643766,0.01008805032455033,290.9705,2,0.03125,0,0.9929129788210704,pruned
uhf_long,72295,11384136,MeerKAT:array_1:20250715T135202Z,ex_CRTS_J153145.8-330555,37,599.0289724469185,0.006111513411746101,202.74873,1,0.015625,0,0.9929162077810391,pruned
uhf_long,162747,704431,MeerKAT:array_1:20250715T124827Z,ex_[VV2006]_J131712.9-014118,20,560.0552997589111,0.0040743422744974,35.278347,3,0.046875,-1,0.9929183626293094,pruned
uhf_long,136320,35465309,MeerKAT:array_1:20250720T052239Z,Gaia_4669731818534883840,46,671.9996843338013,-0.012223026823492201,21.338287,4,0.0625,-1,0.9929192614955361,pruned
uhf_short,32845,1156869,MeerKAT:array_1:20250717T220401Z,Gaia_2699043111930204800,16,576.0451447367668,-0.0427805938822227,25.900072,3,0.046875,-1,0.9929251945507097,pruned
mk_sample_hits,14849,35832162,MeerKAT:array_1:20240319T020710Z,Gaia_2543022442012637952,25,1273.7320051044226,-0.005044025162275165,14.948156,3,0.046875,-1,0.9929280715938023,pruned
lband_long,11680,318502,MeerKAT:array_1:20250719T204244Z,Gaia_6441080544491623936,57,864.0003537088633,-0.12105660389460396,10.773263,4,0.0625,-1,0.9929291744544905,pruned
uhf_long,28473,768041,MeerKAT:array_1:20250729T031818Z,Gaia_4669704743060998272,55,560.0473505854607,-0.0529664495684662,11.907221,3,0.046875,-1,0.9929316531586728,pruned
lband_short,4994,242122,MeerKAT:array_1:20250712T072515Z,Gaia_2323547418459266560,31,868.2036275267601,0.21526597708677564,15.323868,3,0.046875,-1,0.9929406384550116,pruned
uhf_short,82903,34884464,MeerKAT:array_1:20250723T234200Z,Gaia_2682519818690821888,26,648.0004416704178,-0.05989283143511178,23.586994,4,0.0625,-1,0.9929501909301647,pruned
lband_short,768304,2116941,MeerKAT:array_1:20250706T063501Z,Gaia_4802453729684965760,12,924.997647434473,-0.020501521627311965,12.747094,2,0.03125,0,0.9930226042090303,pruned
uhf_long,77925,12892857,MeerKAT:array_1:20250726T235112Z,Gaia_6441856146865800064,23,599.98174649477,0.0162973690979896,35.167286,3,0.046875,-1,0.9930499788203756,pruned
lband_short,474794,1245128,MeerKAT:array_1:20250701T202312Z,Gaia_1315323190257756800,28,919.793709769845,0.020501521627311965,24.51792,2,0.03125,0,0.9930546092576312,pruned
lband_short,344493,29112171,MeerKAT:array_1:20250719T110629Z,Gaia_2993033966942250368,20,960.0027805715799,-0.13325989057752777,16.951984,4,0.0625,-1,0.9930566880663778,pruned
uhf_short,166504,13615864,MeerKAT:array_1:20250729T041550Z,Gaia_6527991784707259264,17,600.000124335289,0.00855611877644454,135.70671,1,0.015625,0,0.9930751128753276,pruned
uhf_long,186162,33464370,MeerKAT:array_1:20250705T190623Z,Gaia_4153012515155939200,40,623.9691621661186,-0.0020371711372487,13.405515,2,0.03125,0,0.9930849697249146,pruned
uhf_short,101524,35436822,MeerKAT:array_1:20250717T220401Z,Gaia_2699061597469484416,53,671.9665561914444,0.0427805938822227,19.558308,1,0.015625,0,0.9930855096067902,pruned
lband_long,58453,1268724,MeerKAT:array_1:20250708T085539Z,Gaia_2978904280450535936,35,920.2146856039762,-0.20680503165328176,11.198747,4,0.0625,-1,0.9930904096903359,pruned
uhf_short,15817,1048465,MeerKAT:array_1:20250731T192546Z,ex_[VV2006]_J154847.6+053729,36,563.9807221889496,0.05989283143511178,16.052927,4,0.0625,-1,0.9930935386087415,pruned
uhf_long,37999,1076192,MeerKAT:array_1:20250705T192701Z,ex_CRTS_J191653.5-314031,5,576.0404248833656,0.038706251607725305,42.67594,1,0.015625,0,0.9930940897974442,pruned
uhf_short,185633,33547929,MeerKAT:array_1:20250716T222802Z,Gaia_4426358493143041536,22,623.9685937166214,-0.01711223755288908,174.85606,1,0.015625,0,0.9930970061939797,pruned
uhf_long,26732,739784,MeerKAT:array_1:20250720T024534Z,Gaia_4669736182221672064,55,560.0466392636299,-0.0366690804704766,23.18371,3,0.046875,-1,0.9931207702117653,pruned
uhf_long,34996,1031983,MeerKAT:array_1:20250729T031818Z,Gaia_4669747108618328448,19,563.9719796180725,-0.006111513411746101,13.964961,1,0.015625,0,0.9931282596733757,pruned
lband_long,16633,407194,MeerKAT:array_1:20250701T085314Z,Gaia_4669731749815407360,23,874.3687861710787,0.02017610064910066,10.353319,4,0.0625,-1,0.993131353897769,pruned
uhf_long,166517,1049261,MeerKAT:array_1:20250731T221802Z,Gaia_4669791123443401728,4,563.9712470173836,-0.0040743422744974,14.687827,3,0.046875,-1,0.9931352213294643,pruned
uhf_long,136333,35465357,MeerKAT:array_1:20250720T052239Z,Gaia_4669767239128593408,58,671.9996823072433,0.0081486845489948,20.10422,3,0.046875,-1,0.9931368335708428,pruned
uhf_long,147723,35899719,MeerKAT:array_1:20240925T225556Z,Gaia_2775979685736671360,3,695.9885702729225,-0.0529664495684662,19.280119,2,0.03125,0,0.9931594925146395,pruned
uhf_long,147755,35899751,MeerKAT:array_1:20240925T225556Z,Gaia_2776031805164233728,35,695.9885672330856,-0.040743422744974,18.420374,1,0.015625,0,0.9931616776224912,pruned
lband_short,11077,397968,MeerKAT:array_1:20250731T171238Z,Gaia_1315509316960063104,24,863.9838769286871,0.0615045648819359,16.41977,2,0.03125,0,0.9931773058549475,pruned
uhf_short,175541,33413956,MeerKAT:array_1:20250702T032809Z,ex_PB_5102,19,623.9850696325302,-0.00855611877644454,16.208899,2,0.03125,0,0.9931865890820429,pruned
uhf_short,2163,335545,MeerKAT:array_1:20250722T231023Z,Gaia_2682595444475329536,24,551.9971390366554,-0.02566835632933362,26.976963,4,0.0625,-1,0.9932015207675576,pruned
uhf_long,168007,1120107,MeerKAT:array_1:20250713T184021Z,Gaia_6440698017524871552,5,575.9920631051064,0.0020371711372487,14.792331,1,0.015625,0,0.9932050048632637,pruned
uhf_long,165106,986859,MeerKAT:array_1:20250715T124827Z,ex_[VV2006]_J131716.7-014247,23,568.0560896396637,0.0040743422744974,13.284651,3,0.046875,-1,0.9932070971920168,pruned
lband_short,10397,396244,MeerKAT:array_1:20250731T150301Z,J1609+2641,0,863.9567653387785,0.10250760813655982,20.88359,1,0.015625,0,0.9932238697129017,pruned
lband_long,11577,318380,MeerKAT:array_1:20250719T204244Z,Gaia_6441460700637021440,38,864.0003537088633,-0.12105660389460396,11.695917,4,0.0625,-1,0.9932413119479977,pruned
uhf_long,166125,1032101,MeerKAT:array_1:20250729T031818Z,Gaia_4669752949773940992,58,564.0001741051674,-0.0020371711372487,21.424452,2,0.03125,0,0.9932492934861221,pruned
mk_sample_hits,15064,35865598,MeerKAT:array_1:20240319T020710Z,Gaia_2543026054080860416,29,1562.1560060083866,-0.005044025162275165,11.145728,2,0.03125,0,0.9932625448651039,pruned
lband_long,279480,1878,MeerKAT:array_1:20250701T085314Z,Gaia_4669736285300904192,62,855.9694444537163,0.01008805032455033,34.215992,4,0.0625,-1,0.993264050763562,pruned
uhf_short,110965,372548,MeerKAT:array_1:20250728T194227Z,Gaia_2682780609104842240,31,549.9929968714714,-0.01711223755288908,15.959457,4,0.0625,-1,0.9932662677176947,pruned
uhf_long,77964,12892896,MeerKAT:array_1:20250726T235112Z,Gaia_6441477189014977664,33,599.98174649477,0.0162973690979896,50.13974,3,0.046875,-1,0.9932867638366275,pruned
uhf_long,79907,28005385,MeerKAT:array_1:20250715T135202Z,ex_CRTS_J153613.6-333113,11,604.5584701895714,0.0101858556862435,52.248642,1,0.015625,0,0.9933098753731245,pruned
uhf_long,94004,33482955,MeerKAT:array_1:20250708T010310Z,Gaia_6440627369606612352,34,625.0286729931831,0.012223026823492201,18.390215,4,0.0625,-1,0.9933104785064624,pruned
lband_long,14623,394008,MeerKAT:array_1:20250731T124411Z,Gaia_5850066896878290944,2,863.9565118253231,-0.04539622646047649,14.741481,3,0.046875,-1,0.9933271000996317,pruned
uhf_short,97592,35409712,MeerKAT:array_1:20250713T164848Z,ex_LEDA_1781395,26,675.0000783205032,0.1711223755288908,82.724594,3,0.046875,-1,0.993337750871394,pruned
uhf_short,183545,33524717,MeerKAT:array_1:20250713T150856Z,Gaia_1456193375921420800,62,624.0018393993378,0.00855611877644454,24.664658,3,0.046875,-1,0.9933610098094496,pruned
uhf_long,136311,35465281,MeerKAT:array_1:20250720T052239Z,Gaia_4668956147440049536,39,671.9996843338013,-0.012223026823492201,20.027811,4,0.0625,-1,0.9933703544803584,pruned
uhf_short,7968,386335,MeerKAT:array_1:20250730T231157Z,Gaia_2682558129799800704,47,551.9994371533394,0.0427805938822227,113.667114,4,0.0625,-1,0.9934189940389099,pruned
uhf_long,1647,43475,MeerKAT:array_1:20250705T060310Z,Gaia_6441451011190833664,24,551.9478186964989,0.024446053646984402,338.0866,1,0.015625,0,0.9934382191037988,pruned
uhf_long,112165,34634563,MeerKAT:array_1:20250705T180344Z,Gaia_5820279649343898112,63,647.9680451154709,-0.024446053646984402,111.44115,4,0.0625,-1,0.9934388100079696,pruned
uhf_long,113066,34636403,MeerKAT:array_1:20250705T194745Z,Gaia_4189257984664230144,57,647.9679316282272,-0.006111513411746101,117.77712,2,0.03125,0,0.9934390588475516,pruned
lband_long,58471,1268756,MeerKAT:array_1:20250708T085539Z,Gaia_2978672146057892480,42,920.2146856039762,-0.20680503165328176,11.724183,4,0.0625,-1,0.9934403796778598,pruned
uhf_long,100331,33630604,MeerKAT:array_1:20250723T012407Z,Gaia_4655431020577614336,18,625.0211301445961,-0.059077962980212305,16.462826,4,0.0625,-1,0.9934685556501872,pruned
uhf_short,171240,33188964,MeerKAT:array_1:20250706T010358Z,J2130+0502,0,613.1961251497269,0.01711223755288908,26.845282,1,0.015625,0,0.9934806733367875,pruned
uhf_long,188689,33876451,MeerKAT:array_1:20250715T124827Z,ex_[VV2006]_J131540.1-020548,7,632.0624107122421,-0.0020371711372487,23.887434,4,0.0625,-1,0.9934821202972862,pruned
uhf_long,55505,2483334,MeerKAT:array_1:20250707T173400Z,Gaia_6144629566577185408,47,587.9802353978157,0.0081486845489948,14.130746,4,0.0625,-1,0.9935140888083717,pruned
uhf_short,138154,1118010,MeerKAT:array_1:20250713T172342Z,Gaia_1456191967172186752,37,576.0434454679489,0.00855611877644454,38.867313,1,0.015625,0,0.9935157412871867,pruned
lband_long,279405,1638,MeerKAT:array_1:20250701T085314Z,Gaia_4669059879491518848,2,855.9694444537163,0.01008805032455033,34.92885,4,0.0625,-1,0.9935259782434128,pruned
lband_long,10527,308433,MeerKAT:array_1:20250718T225142Z,Gaia_6440679531985571968,1,863.9568434655666,-0.050440251622751654,13.546921,1,0.015625,0,0.9935299008048148,pruned
uhf_long,130406,35391555,MeerKAT:array_1:20250705T192701Z,ex_ASASSN-V_J191624.63-315232.4,43,671.9857598543167,-0.0101858556862435,25.570908,1,0.015625,0,0.9935387948493015,pruned
uhf_short,21289,1097406,MeerKAT:array_1:20250711T003519Z,Gaia_2682581567435990016,45,576.0404502153397,-0.05133671265866724,47.92544,2,0.03125,0,0.9935516443403428,pruned
uhf_long,156759,285875,MeerKAT:array_1:20250716T012443Z,Gaia_4669836611440144256,26,549.9944124221802,-0.0040743422744974,11.280815,1,0.015625,0,0.9935610699005474,pruned
uhf_long,35149,1049336,MeerKAT:array_1:20250731T221802Z,Gaia_4669056031200823040,29,563.9712480306625,-0.006111513411746101,16.463978,3,0.046875,-1,0.9935617221407055,pruned
uhf_short,7789,386081,MeerKAT:array_1:20250730T231157Z,Gaia_2682558099734709760,12,551.9994371533394,0.0427805938822227,112.19439,4,0.0625,-1,0.9936050948610202,pruned
uhf_long,188443,33653421,MeerKAT:array_1:20250731T221802Z,Gaia_4669778547779094528,45,623.9681884050369,-0.0040743422744974,120.60243,3,0.046875,-1,0.9936271670216565,pruned
uhf_short,9546,403921,MeerKAT:array_1:20250731T233401Z,Gaia_2537265643943454080,31,551.9718080759048,-0.05133671265866724,23.277832,2,0.03125,0,0.9936318538408067,pruned
uhf_long,9934,280826,MeerKAT:array_1:20250715T135202Z,ex_ASASSN-V_J153431.87-331118.1,30,545.5771565437317,0.006111513411746101,32.48363,1,0.015625,0,0.9936388225429186,pruned
mk_sample_hits,15093,35877420,MeerKAT:array_1:20240319T020710Z,Gaia_2530985233525500544,14,1686.837437480688,-0.005044025162275165,18.172318,4,0.0625,-1,0.9936614809322447,pruned
uhf_short,137698,1115494,MeerKAT:array_1:20250713T154120Z,Gaia_1468177704770662400,51,576.0428516864777,0.00855611877644454,24.041704,4,0.0625,-1,0.9936720408851749,pruned
uhf_short,6008,382728,MeerKAT:array_1:20250730T185654Z,Gaia_4426444014531979136,17,551.9870457649231,-0.0855611877644454,51.577564,4,0.0625,-1,0.993692391720283,pruned
uhf_short,30205,1128609,MeerKAT:array_1:20250715T023108Z,ex_CRTS_J221216.0+015147,20,575.9947493076324,0.06844895021155632,31.416342,4,0.0625,-1,0.9937093213053035,pruned
uhf_short,43525,4548768,MeerKAT:array_1:20250715T222140Z,Gaia_4426462190833593472,25,587.985577404499,-0.03422447510577816,17.27735,3,0.046875,-1,0.9937287260750458,pruned
uhf_long,134790,35421675,MeerKAT:array_1:20250716T012443Z,Gaia_4669700070136544640,48,671.9659157991409,-0.006111513411746101,16.970695,1,0.015625,0,0.9937480104297767,pruned
uhf_long,92680,33464318,MeerKAT:array_1:20250705T190623Z,ex_ASASSN-V_J182635.29-120227.9,14,623.9691601395607,0.024446053646984402,13.401569,2,0.03125,0,0.9937552779314517,pruned
sband_long,17430,35177970,MeerKAT:array_1:20250708T000034Z,Gaia_6440701212980532608,4,2825.0155332498252,0.14757196236608255,11.114618,4,0.0625,-1,0.9937559206091126,pruned
uhf_long,68027,9067547,MeerKAT:array_1:20250709T013528Z,ex_Gaia_DR2_6632370721337413888,27,599.9433310627937,-0.0325947381959792,39.09421,1,0.015625,0,0.9937802346926109,pruned
uhf_long,131611,35411042,MeerKAT:array_1:20250713T190328Z,Gaia_6117523753100189696,7,671.9928193688393,-0.012223026823492201,32.138752,1,0.015625,0,0.99379388260553,pruned
uhf_long,188680,33876437,MeerKAT:array_1:20250715T124827Z,J1317_5-0153,0,632.0624107122421,-0.0020371711372487,23.522436,4,0.0625,-1,0.993812800350932,pruned
uhf_long,165072,986813,MeerKAT:array_1:20250715T124827Z,J1317_5-0153,0,568.0560896396637,0.0040743422744974,12.924139,3,0.046875,-1,0.9938213696067411,pruned
uhf_long,23776,704389,MeerKAT:array_1:20250715T124827Z,ex_[VV2006]_J131618.7-022454,13,560.0244271755219,-0.0101858556862435,18.565481,4,0.0625,-1,0.9938315035654192,pruned
uhf_long,44802,1134334,MeerKAT:array_1:20250715T143518Z,J1420_9-2431,0,575.9804164767265,-0.0325947381959792,37.473137,2,0.03125,0,0.9938364620460446,pruned
uhf_short,27442,1119004,MeerKAT:array_1:20250713T175609Z,Gaia_1468236498580272896,58,575.972104549408,-0.09411730654088994,23.413855,1,0.015625,0,0.9938376728471715,pruned
lband_long,279459,1822,MeerKAT:array_1:20250701T085314Z,Gaia_4669701410166340736,48,855.9694444537163,0.01008805032455033,32.85509,4,0.0625,-1,0.9938398028013492,pruned
uhf_long,32632,987922,MeerKAT:array_1:20250715T135202Z,ex_2MASX_J15352824-3307053,46,567.6951475143433,0.0183345402352383,69.74304,4,0.0625,-1,0.993868369958682,pruned
uhf_short,63329,33515370,MeerKAT:array_1:20250712T200859Z,ex_SDSS_J154857.84+052936.0,40,624.00011074543,-0.03422447510577816,25.705795,1,0.015625,0,0.9938834054578122,pruned
uhf_short,49955,13617973,MeerKAT:array_1:20250729T173047Z,Gaia_6734181344866622336,19,600.0004445314407,-0.0427805938822227,63.371044,1,0.015625,0,0.993896436326839,pruned
uhf_long,130315,35391374,MeerKAT:array_1:20250705T190623Z,Gaia_4153202726353144704,43,671.9926987886429,-0.014260197960740902,23.450449,4,0.0625,-1,0.993904676920167,pruned
uhf_long,116047,34810234,MeerKAT:array_1:20250714T160406Z,Gaia_6144627264474732928,25,647.993126809597,-0.020371711372487,106.73042,4,0.0625,-1,0.9939107212959253,pruned
lband_short,452370,427486,MeerKAT:array_1:20250706T081304Z,Gaia_4802830037540005888,43,872.0095261782408,-0.020501521627311965,14.989296,1,0.015625,0,0.9939250621737793,pruned
lband_short,10409,396291,MeerKAT:array_1:20250731T150301Z,Gaia_1315331024278093184,11,863.9567764997482,-0.08200608650924786,26.064825,1,0.015625,0,0.9939349262624617,pruned
uhf_long,112149,34634545,MeerKAT:array_1:20250705T180344Z,Gaia_5820250924613715456,57,647.9680451154709,-0.024446053646984402,104.55034,4,0.0625,-1,0.9939449698654333,pruned
uhf_long,179241,9067538,MeerKAT:array_1:20250709T013528Z,ex_Gaia_DR2_6632393437427608832,24,599.943322956562,0.0040743422744974,38.770844,1,0.015625,0,0.9939726936587836,pruned
lband_short,14729,424857,MeerKAT:array_1:20250706T022717Z,Gaia_2546798100519344768,45,875.0298344641924,-0.03075228244096795,34.03153,4,0.0625,-1,0.9939896026690922,pruned
lband_long,19695,429428,MeerKAT:array_1:20250706T120334Z,Gaia_3394089659327144320,39,872.0003295391798,-0.04035220129820132,12.637279,3,0.046875,-1,0.9939967974194149,pruned
uhf_short,63828,33516852,MeerKAT:array_1:20250712T222705Z,Gaia_2682790852602355840,11,623.9690162539482,-0.05989283143511178,59.758553,2,0.03125,0,0.9940098558017251,pruned
uhf_short,133310,1097204,MeerKAT:array_1:20250711T003519Z,ex_PC_2211+0119,25,575.9807062745094,-0.00855611877644454,30.523327,4,0.0625,-1,0.9940207995917597,pruned
uhf_long,217,11555,MeerKAT:array_1:20250702T175345Z,Gaia_6117567630486215552,51,551.9485249519348,-0.0264832247842331,128.45714,4,0.0625,-1,0.994028733777676,pruned
lband_short,4962,242090,MeerKAT:array_1:20250712T072515Z,Gaia_2323478900845422208,15,868.2036275267601,0.21526597708677564,20.704239,3,0.046875,-1,0.9940304744848351,pruned
uhf_long,76052,12811509,MeerKAT:array_1:20250722T002453Z,Gaia_6441841131660134912,10,599.9821021556854,-0.0183345402352383,32.76037,4,0.0625,-1,0.994064066690005,pruned
uhf_long,34516,1017480,MeerKAT:array_1:20250723T043540Z,Gaia_4655036983096082816,45,563.9807941317558,0.0081486845489948,14.057559,3,0.046875,-1,0.9941061791718773,pruned
uhf_long,43946,1132848,MeerKAT:array_1:20250715T135202Z,ex_2MASX_J15360155-3334208,50,573.2246472835541,0.0101858556862435,52.41822,2,0.03125,0,0.9941211162099369,pruned
uhf_long,43945,1132847,MeerKAT:array_1:20250715T135202Z,ex_LEDA_674574,49,573.2246472835541,0.0101858556862435,51.398888,2,0.03125,0,0.9941211162099369,pruned
uhf_long,100315,33630571,MeerKAT:array_1:20250723T012407Z,ex_ESO_56-15,1,625.0211301445961,-0.044817765019471406,31.104904,4,0.0625,-1,0.9941303784304859,pruned
uhf_long,65952,8286322,MeerKAT:array_1:20250705T180344Z,Gaia_5820122865867721216,14,599.9704109430313,-0.020371711372487,92.01033,3,0.046875,-1,0.9941385178009136,pruned
uhf_long,104994,33876531,MeerKAT:array_1:20250715T124827Z,ex_2QZ_J131652.4-014400,47,632.0624096989632,0.006111513411746101,24.521082,1,0.015625,0,0.9941437052387614,pruned
uhf_long,100314,33630569,MeerKAT:array_1:20250723T012407Z,LMCTIMING3a,0,625.0211301445961,-0.059077962980212305,20.218048,4,0.0625,-1,0.9941633924774942,pruned
uhf_short,97053,35409067,MeerKAT:array_1:20250713T161348Z,Gaia_1468180217328800512,58,671.9932976365089,-0.05133671265866724,24.136044,3,0.046875,-1,0.9941655655662424,pruned
uhf_long,99944,33609937,MeerKAT:array_1:20250720T024534Z,Gaia_4668939001931763328,45,625.0284652709961,0.006111513411746101,19.054962,4,0.0625,-1,0.9941722500736117,pruned
uhf_short,15836,1048518,MeerKAT:array_1:20250731T192546Z,ex_[VV2006]_J155120.4+054915,46,563.9807221889496,0.05989283143511178,15.609245,4,0.0625,-1,0.994175948244459,pruned
uhf_long,187146,33539707,MeerKAT:array_1:20250715T135202Z,Gaia_6016055253808084480,56,625.0280903577805,-0.0020371711372487,44.28277,3,0.046875,-1,0.9941800229949435,pruned
uhf_long,188734,33876539,MeerKAT:array_1:20250715T124827Z,ex_2dFGRS_TGN194Z196,51,632.0624107122421,-0.0020371711372487,23.19308,4,0.0625,-1,0.9941851895181805,pruned
uhf_long,188684,33876443,MeerKAT:array_1:20250715T124827Z,ex_IC_4218,3,632.0624107122421,-0.0020371711372487,26.570517,4,0.0625,-1,0.9941901385249138,pruned
uhf_long,78874,13617621,MeerKAT:array_1:20250729T170839Z,Gaia_1468255740033709568,37,599.9703785181046,-0.006111513411746101,298.00284,1,0.015625,0,0.9941991560860406,pruned
lband_short,58679,1418375,MeerKAT:array_1:20250712T073536Z,Gaia_2323497596838660992,29,919.9978789836168,-0.37927815010527133,14.50273,2,0.03125,0,0.9942029000791949,pruned
lband_long,14846,394263,MeerKAT:array_1:20250731T124411Z,Gaia_5853137626695049344,53,863.9565118253231,-0.04539622646047649,12.604447,3,0.046875,-1,0.9942075294165823,pruned
lband_short,23589,681000,MeerKAT:array_1:20250711T085603Z,ex_LEDA_550211,41,870.0115993916988,-0.37927815010527133,30.55314,3,0.046875,-1,0.9942171685607801,pruned
mk_sample_hits,15066,35865832,MeerKAT:array_1:20240319T020710Z,Gaia_2530999625960439808,35,1562.37300555408,-0.005044025162275165,13.099126,1,0.015625,0,0.994217987765998,pruned
uhf_long,53793,1769992,MeerKAT:array_1:20250704T054305Z,Gaia_6440624144087024256,37,587.9806589484215,0.012223026823492201,12.346548,3,0.046875,-1,0.9942193511083965,pruned
uhf_long,112075,34634470,MeerKAT:array_1:20250705T180344Z,Gaia_5820299779850401280,32,647.9680451154709,-0.024446053646984402,105.89277,4,0.0625,-1,0.9942204253644238,pruned
uhf_short,15863,1048607,MeerKAT:array_1:20250731T192546Z,Gaia_4426848394292054912,63,563.9807232022285,0.02566835632933362,15.695576,3,0.046875,-1,0.9942307467662373,pruned
lband_short,22390,679249,MeerKAT:array_1:20250711T073156Z,Gaia_4814721805549419776,40,872.0096617043018,0.04100304325462393,24.083138,2,0.03125,0,0.994233016237907,pruned
lband_long,291014,320304,MeerKAT:array_1:20250720T063432Z,Gaia_5083280716089581824,21,863.9568354934454,0.005044025162275165,21.817945,2,0.03125,0,0.994235804326666,pruned
uhf_long,75475,12387072,MeerKAT:array_1:20250719T053812Z,Gaia_4669730615944037120,19,599.9431436061859,-0.0162973690979896,30.798237,2,0.03125,0,0.9942400399520359,pruned
lband_short,22382,679212,MeerKAT:array_1:20250711T073156Z,Gaia_4814731151398254208,28,872.0096617043018,0.04100304325462393,22.990955,2,0.03125,0,0.9942415231147863,pruned
lband_long,10648,308583,MeerKAT:array_1:20250718T225142Z,Gaia_6440693413319921408,29,863.9464350640774,0.015132075486825495,12.821206,2,0.03125,0,0.9942426498155795,pruned
uhf_long,120688,34877529,MeerKAT:array_1:20250723T012407Z,Gaia_4655298490892879488,37,650.0219757556915,-0.0631523052547097,19.200006,3,0.046875,-1,0.9942456240737114,pruned
uhf_short,108055,334410,MeerKAT:array_1:20250722T211839Z,Gaia_2682583938257936640,25,549.9957337379456,0.00855611877644454,39.062065,3,0.046875,-1,0.9942516077666947,pruned
uhf_long,183927,33347120,MeerKAT:array_1:20250713T194539Z,Gaia_6024365461474005248,44,615.2238645553589,0.0020371711372487,11.003253,3,0.046875,-1,0.99425359753205,pruned
uhf_long,68366,9252317,MeerKAT:array_1:20250710T060816Z,Gaia_5599277331128504064,55,599.9698921442032,-0.006111513411746101,37.64729,3,0.046875,-1,0.9942647590262012,pruned
uhf_long,130975,35395959,MeerKAT:array_1:20250707T173400Z,Gaia_6144647468001000832,43,671.966696023941,-0.0427805938822227,22.108456,2,0.03125,0,0.9942718221590107,pruned
uhf_short,20628,1095680,MeerKAT:array_1:20250711T001051Z,Gaia_2682592115875728384,15,576.0403195023537,-0.11122954409377903,48.01746,2,0.03125,0,0.9942997556741799,pruned
uhf_long,24779,706250,MeerKAT:array_1:20250715T135202Z,ex_Gaia_DR2_6014515417835108352,12,560.3224831819534,0.0183345402352383,66.82089,4,0.0625,-1,0.9943013718950967,pruned
uhf_long,92682,33464322,MeerKAT:array_1:20250705T190623Z,ex_ASASSN-V_J182721.28-120746.7,16,623.9691601395607,0.0264832247842331,13.106679,2,0.03125,0,0.9943225833904156,pruned
sband_long,16110,16801940,MeerKAT:array_1:20250703T213810Z,ex_ASASSN-V_J173516.78-444618.3,12,2074.997545685619,0.026352136136800455,15.7467,2,0.03125,0,0.9943253653224926,pruned
lband_long,14764,394164,MeerKAT:array_1:20250731T124411Z,Gaia_5850123899691009280,33,863.9565118253231,-0.04539622646047649,14.431909,3,0.046875,-1,0.9943366680357888,pruned
uhf_long,139288,35530823,MeerKAT:array_1:20250731T221802Z,Gaia_4669789057562600704,50,675.023784995079,-0.081486845489948,12.236011,1,0.015625,0,0.9943450799246002,pruned
uhf_long,112017,34634410,MeerKAT:array_1:20250705T180344Z,Gaia_5820290197796144128,12,647.9680451154709,-0.024446053646984402,107.36235,4,0.0625,-1,0.9943456131981093,pruned
uhf_short,97033,35409035,MeerKAT:array_1:20250713T161348Z,Gaia_1456155305331302528,51,671.9932976365089,-0.05133671265866724,26.210335,3,0.046875,-1,0.9943479944316225,pruned
lband_long,3670,63652,MeerKAT:array_1:20250706T055242Z,Gaia_4669712474002150016,54,863.9565724134445,-0.03026415097365099,12.914272,2,0.03125,0,0.9943789193655791,pruned
uhf_short,49045,13613831,MeerKAT:array_1:20250728T194227Z,Gaia_2682748448390256000,56,599.9708466529846,-0.11978566287022356,78.87949,3,0.046875,-1,0.9943821770719341,pruned
uhf_long,23754,704348,MeerKAT:array_1:20250715T124827Z,ex_[VV2006]_J131539.5-014850,6,560.0244271755219,-0.0101858556862435,17.46266,4,0.0625,-1,0.994410388139521,pruned
uhf_short,6089,382862,MeerKAT:array_1:20250730T185654Z,Gaia_4426353270462775680,34,551.9732479453087,-0.03422447510577816,15.923296,4,0.0625,-1,0.9944199232367513,pruned
lband_long,98170,6223095,MeerKAT:array_1:20250731T120456Z,Gaia_5422854230816201216,20,924.9917145818472,-0.11096855357005364,16.428207,3,0.046875,-1,0.9944242909527182,pruned
uhf_long,53745,1769926,MeerKAT:array_1:20250704T054305Z,Gaia_6440673446016327424,13,587.9806589484215,0.012223026823492201,11.964184,3,0.046875,-1,0.9944257297650203,pruned
uhf_long,122146,34879926,MeerKAT:array_1:20250723T043540Z,Gaia_4655074332136334720,53,647.9386194944382,-0.012223026823492201,26.759954,4,0.0625,-1,0.9944699435046342,pruned
uhf_long,119026,34834693,MeerKAT:array_1:20250716T022312Z,Gaia_4669719994488866048,50,647.9671128988266,-0.0081486845489948,48.067894,2,0.03125,0,0.994472489481121,pruned
uhf_long,64430,7198755,MeerKAT:array_1:20250702T181451Z,ex_ASASSN-V_J153347.95-683601.9,39,599.9714404344559,-0.0753753320782019,84.16339,1,0.015625,0,0.9944920487723574,pruned
uhf_short,101713,35449471,MeerKAT:array_1:20250718T194550Z,Gaia_4426470329791140480,20,671.9856960177422,-0.03422447510577816,22.178381,1,0.015625,0,0.994504657584438,pruned
uhf_long,92693,33464340,MeerKAT:array_1:20250705T190623Z,ex_ASASSN-V_J182843.25-115402.6,25,623.9691631793976,-0.0081486845489948,13.942018,1,0.015625,0,0.9945203142506521,pruned
uhf_long,42177,1125876,MeerKAT:array_1:20250714T160406Z,Gaia_6144639286085319296,6,575.9804701805115,0.020371711372487,49.207787,1,0.015625,0,0.9945229448310814,pruned
uhf_long,73974,11427212,MeerKAT:array_1:20250716T012443Z,Gaia_4669881386475837568,28,599.9432013630867,-0.0183345402352383,188.91449,4,0.0625,-1,0.9945343701644108,pruned
uhf_long,92686,33464329,MeerKAT:array_1:20250705T190623Z,ex_ASASSN-V_J182724.69-121138.8,19,623.993220448494,-0.0081486845489948,24.888224,4,0.0625,-1,0.9945353913834076,pruned
lband_short,20418,442852,MeerKAT:array_1:20250708T112920Z,Gaia_2973829725050703488,55,875.003072053194,-0.1230091297638718,23.61104,4,0.0625,-1,0.9945439898687043,pruned
uhf_short,108056,334438,MeerKAT:array_1:20250722T211839Z,Gaia_2682594624136633472,42,549.9957337379456,0.00855611877644454,40.610264,3,0.046875,-1,0.9945763044166588,pruned
uhf_long,108259,34498554,MeerKAT:array_1:20250715T124827Z,ex_[VV2006]_J131716.7-014247,23,640.0631985664368,0.014260197960740902,35.2548,1,0.015625,0,0.9945808090849662,pruned
uhf_short,30218,1128639,MeerKAT:array_1:20250715T023108Z,ex_LEDA_1191080,24,575.9947493076324,0.06844895021155632,29.796516,4,0.0625,-1,0.9945865969688197,pruned
uhf_long,32588,987878,MeerKAT:array_1:20250715T135202Z,ex_HD_138923,2,567.6951475143433,0.0183345402352383,73.33735,4,0.0625,-1,0.9945884105023706,pruned
uhf_short,15839,1048528,MeerKAT:array_1:20250731T192546Z,ex_SDSS_J155136.14+055819.4,48,563.9807232022285,0.02566835632933362,16.268517,3,0.046875,-1,0.9946245677519897,pruned
uhf_long,65942,8286302,MeerKAT:array_1:20250705T180344Z,Gaia_5820252883118456448,9,599.9704109430313,-0.020371711372487,89.87183,3,0.046875,-1,0.9946404023085783,pruned
uhf_long,169492,1189425,MeerKAT:array_1:20250720T052239Z,Gaia_4669757416539958016,5,575.9641898274422,0.0040743422744974,12.355019,1,0.015625,0,0.9946436753548213,pruned
lband_long,14738,394134,MeerKAT:array_1:20250731T124411Z,Gaia_5850164371082780288,27,863.9565102308989,-0.02017610064910066,13.486597,4,0.0625,-1,0.9946458505409981,pruned
lband_short,458786,738734,MeerKAT:array_1:20250719T222739Z,Gaia_4217341435782772352,13,875.0296287834644,0.020501521627311965,14.224181,2,0.03125,0,0.9946508929815273,pruned
uhf_long,120973,34878041,MeerKAT:array_1:20250723T015429Z,Gaia_4661649686538529024,36,650.0219413042068,0.012223026823492201,29.199062,4,0.0625,-1,0.9946517386473969,pruned
uhf_long,32626,987916,MeerKAT:array_1:20250715T135202Z,ex_LEDA_675496,40,567.6951475143433,0.0183345402352383,50.24337,4,0.0625,-1,0.9946603964037026,pruned
uhf_long,116067,34810264,MeerKAT:array_1:20250714T160406Z,Gaia_6143893198726982656,35,647.993126809597,-0.020371711372487,109.53267,4,0.0625,-1,0.9946609757767981,pruned
uhf_long,72018,11383831,MeerKAT:array_1:20250715T133052Z,Gaia_6214174398589950080,59,599.943351328373,0.014260197960740902,49.220985,1,0.015625,0,0.9947129078993945,pruned
uhf_long,186131,33464304,MeerKAT:array_1:20250705T190623Z,ex_ASASSN-V_J182818.95-112800.7,7,623.9691621661186,-0.0020371711372487,13.416241,2,0.03125,0,0.9947285415944344,pruned
uhf_long,118992,34834612,MeerKAT:array_1:20250716T022312Z,Gaia_4669709587784079488,23,647.9671128988266,-0.0081486845489948,53.757645,2,0.03125,0,0.9947463840385146,pruned
uhf_long,53727,1769902,MeerKAT:array_1:20250704T054305Z,Gaia_6441025156593303424,4,587.9806589484215,0.012223026823492201,13.232566,3,0.046875,-1,0.9947487380457783,pruned
uhf_long,19154,374797,MeerKAT:array_1:20250729T031818Z,Gaia_4669705361536222080,20,544.0459988117218,-0.0651894763919584,35.244904,1,0.015625,0,0.9947544547214098,pruned
uhf_long,39438,1083298,MeerKAT:array_1:20250708T010310Z,Gaia_6441472176789726080,50,576.0420694351196,0.0081486845489948,16.22767,3,0.046875,-1,0.9947593095235318,pruned
uhf_long,79992,28005470,MeerKAT:array_1:20250715T135202Z,ex_ASASSN-V_J153513.42-332316.8,32,606.4016367793083,0.006111513411746101,101.64122,1,0.015625,0,0.9947640569056649,pruned
uhf_long,104958,33876459,MeerKAT:array_1:20250715T124827Z,ex_LBQS_1313-0138,11,632.0624086856842,0.012223026823492201,22.099747,1,0.015625,0,0.9947646007990477,pruned
uhf_long,131467,35407709,MeerKAT:array_1:20250713T145219Z,Gaia_6440703927399812608,57,671.9933239817619,0.030557567058730504,41.658524,1,0.015625,0,0.994769849640614,pruned
uhf_long,99884,33609877,MeerKAT:array_1:20250720T024534Z,Gaia_4669754118005030272,15,625.0284652709961,0.006111513411746101,44.4832,4,0.0625,-1,0.9947726019360233,pruned
sband_long,21191,347358,MeerKAT:array_1:20250724T180802Z,Gaia_5883217069328868224,55,2190.119974082336,-0.010540854454720182,42.23857,3,0.046875,-1,0.9947756126014898,pruned
lband_long,14633,394018,MeerKAT:array_1:20250731T124411Z,Gaia_5850069267700290176,4,863.9565102308989,-0.02017610064910066,15.051119,4,0.0625,-1,0.9947998010309045,pruned
uhf_short,46032,8318368,MeerKAT:array_1:20250706T010358Z,Gaia_2699421687527413248,31,599.9700066447258,0.0427805938822227,50.344845,3,0.046875,-1,0.994800054467362,pruned
uhf_long,183925,33347028,MeerKAT:array_1:20250713T194539Z,Gaia_6024557193128551040,16,613.1961555480957,0.0020371711372487,37.356575,2,0.03125,0,0.9948019660910424,pruned
uhf_short,541,62751,MeerKAT:array_1:20250706T010358Z,Gaia_2699255455113310336,32,551.972405910492,0.0427805938822227,34.620083,1,0.015625,0,0.9948106213288394,pruned
uhf_short,6095,382870,MeerKAT:array_1:20250730T185654Z,ex_SDSS_J155133.87+051934.4,35,551.9732479453087,-0.03422447510577816,15.841074,4,0.0625,-1,0.994824118207662,pruned
lband_long,2619,13632,MeerKAT:array_1:20250702T203437Z,Gaia_6440697021092449152,46,864.0019034892321,-0.15636478003053011,17.737488,2,0.03125,0,0.9948646762673828,pruned
uhf_long,130306,35391347,MeerKAT:array_1:20250705T190623Z,ex_ASASSN-V_J182721.28-120746.7,16,671.9926998019218,-0.0183345402352383,23.333555,3,0.046875,-1,0.9948861638271548,pruned
uhf_long,24755,706220,MeerKAT:array_1:20250715T135202Z,ex_HD_138923,2,560.3224831819534,0.0183345402352383,86.4626,4,0.0625,-1,0.9948996729423645,pruned
uhf_long,8096,259905,MeerKAT:array_1:20250714T160406Z,Gaia_6144611081037931904,7,549.9937183260918,0.0264832247842331,149.02116,1,0.015625,0,0.9949018003721223,pruned
uhf_long,67148,8316860,MeerKAT:array_1:20250705T231238Z,Gaia_6441476020783819136,19,600.1127614378929,0.0081486845489948,10.885752,2,0.03125,0,0.9949419234560354,pruned
uhf_long,29869,804642,MeerKAT:array_1:20250705T192701Z,ex_CRTS_J191730.3-320256,6,563.9721113443375,-0.0101858556862435,15.5626545,2,0.03125,0,0.9949760181194961,pruned
uhf_short,30224,1128655,MeerKAT:array_1:20250715T023108Z,ex_LEDA_1211625,26,575.9947493076324,0.06844895021155632,31.087193,4,0.0625,-1,0.9949831924901694,pruned
uhf_long,68683,11227034,MeerKAT:array_1:20250713T184021Z,Gaia_6441447506497799680,15,599.9434486031532,-0.0325947381959792,358.93494,2,0.03125,0,0.9949855006617151,pruned
uhf_long,34739,1030670,MeerKAT:array_1:20250728T151003Z,ex_Cl*_NGC_5139_SAW_V455,1,563.9792711734772,0.034631909333227906,10.235889,2,0.03125,0,0.9949861760743929,pruned
uhf_short,61504,33479943,MeerKAT:array_1:20250707T004747Z,Gaia_2682779273370512000,35,623.968369781971,-0.05133671265866724,76.59864,3,0.046875,-1,0.9949868472845862,pruned
uhf_short,21213,1097277,MeerKAT:array_1:20250711T003519Z,ex_LEDA_1220485,32,576.0404502153397,-0.05133671265866724,47.02158,2,0.03125,0,0.9949974807535997,pruned
uhf_short,105876,62968,MeerKAT:array_1:20250706T010358Z,Gaia_2698998890946716416,54,551.9724089503288,0.00855611877644454,35.462303,1,0.015625,0,0.9949997042910556,pruned
uhf_long,116097,34810309,MeerKAT:array_1:20250714T160406Z,Gaia_6143883032542049152,50,647.993126809597,-0.020371711372487,102.85584,4,0.0625,-1,0.9950191878424403,pruned
uhf_long,114723,34806179,MeerKAT:array_1:20250713T192439Z,Gaia_5820110530721497728,39,647.9752880334854,-0.06111513411746101,27.30675,3,0.046875,-1,0.9950330050628519,pruned
uhf_long,55427,2483256,MeerKAT:array_1:20250707T173400Z,Gaia_6143857297097954048,6,587.9802353978157,0.0081486845489948,13.843149,4,0.0625,-1,0.9950394818213836,pruned
uhf_long,114974,34806806,MeerKAT:array_1:20250713T194539Z,Gaia_6024443599829837568,56,649.9973561167717,0.07944967435269931,20.781536,1,0.015625,0,0.9950411249049091,pruned
uhf_long,63287,6165437,MeerKAT:array_1:20250728T151003Z,ex_V1653_Cen,11,587.9783892035484,0.034631909333227906,16.351337,4,0.0625,-1,0.99504157588097,pruned
uhf_short,100499,35425134,MeerKAT:array_1:20250716T201432Z,Gaia_4426457792787160064,30,671.9874388575554,0.02566835632933362,17.677238,2,0.03125,0,0.9950467431544888,pruned
uhf_long,187144,33539233,MeerKAT:array_1:20250715T135202Z,ex_CRTS_J153258.9-332343,3,621.146965444088,0.0040743422744974,60.06795,1,0.015625,0,0.9950494503861117,pruned
uhf_long,176706,4690491,MeerKAT:array_1:20250718T015317Z,Gaia_4669742882370510848,11,587.9772624373436,-0.0020371711372487,14.400469,4,0.0625,-1,0.9950842547915749,pruned
uhf_long,94116,33495533,MeerKAT:array_1:20250710T060816Z,Gaia_5599210673237550464,2,623.9686879515648,-0.0101858556862435,11.636758,1,0.015625,0,0.9951014406527753,pruned
uhf_long,155395,262741,MeerKAT:array_1:20250715T053823Z,Gaia_4669051255197217920,30,551.3878503441811,-0.0040743422744974,13.875869,1,0.015625,0,0.9951072298206597,pruned
uhf_short,36680,1214169,MeerKAT:array_1:20250721T203933Z,Gaia_2682668772451942272,45,576.039944589138,-0.05989283143511178,41.83298,2,0.03125,0,0.995124287130874,pruned
uhf_short,18334,1071447,MeerKAT:array_1:20250704T222921Z,Gaia_2698999990458340480,36,576.0472787022591,-0.02566835632933362,22.296234,1,0.015625,0,0.9951392333148807,pruned
uhf_short,167148,13616825,MeerKAT:array_1:20250729T050525Z,Gaia_6526730851029764224,42,599.970079600811,0.01711223755288908,53.2073,1,0.015625,0,0.9952077897588135,pruned
uhf_short,129865,1072242,MeerKAT:array_1:20250704T225450Z,Gaia_2682619530651384576,36,572.7164807915688,0.00855611877644454,35.85972,1,0.015625,0,0.9952290234506839,pruned
uhf_long,66006,8286422,MeerKAT:array_1:20250705T180344Z,Gaia_5820306965349612416,39,599.9704109430313,-0.020371711372487,91.7204,3,0.046875,-1,0.9952355914162904,pruned
uhf_long,76047,12811501,MeerKAT:array_1:20250722T002453Z,Gaia_6440627408262179712,8,599.9821021556854,-0.0183345402352383,33.13608,4,0.0625,-1,0.9952368343498992,pruned
uhf_short,28697,1124185,MeerKAT:array_1:20250714T001713Z,Gaia_2682485222729533952,46,575.999144911766,0.2310152069640026,55.744637,1,0.015625,0,0.9952409208570954,pruned
uhf_short,174329,33404721,MeerKAT:array_1:20250731T230132Z,Gaia_2536392008939920000,30,611.9687687158585,-0.01711223755288908,15.626219,2,0.03125,0,0.9952496853999943,pruned
lband_short,440113,244131,MeerKAT:array_1:20250712T084022Z,Gaia_2323448153175132928,39,863.9900888055563,0.020501521627311965,19.053284,4,0.0625,-1,0.9952701250477757,pruned
uhf_short,43877,4679545,MeerKAT:array_1:20250716T201432Z,Gaia_4426426284906912768,55,587.9934485554695,-0.03422447510577816,17.709122,4,0.0625,-1,0.9952828400370343,pruned
uhf_short,196877,34884676,MeerKAT:array_1:20250723T234200Z,Gaia_2682496866385480192,55,647.9778972268105,0.01711223755288908,32.71593,1,0.015625,0,0.9952926741576934,pruned
uhf_long,77116,12886336,MeerKAT:array_1:20250723T030515Z,ex_ASASSN-V_J053319.74-692139.7,63,599.8524652719498,-0.0183345402352383,12.247275,3,0.046875,-1,0.9952933471433503,pruned
lband_long,11780,320356,MeerKAT:array_1:20250720T063432Z,Gaia_5084013918546866688,29,864.0678568482399,-0.015132075486825495,10.46277,2,0.03125,0,0.995304877698116,pruned
uhf_long,137114,35521305,MeerKAT:array_1:20250723T022503Z,ex_BSDL_1715,17,671.9835640788078,-0.020371711372487,17.532604,2,0.03125,0,0.9953133675234596,pruned
uhf_long,87899,33370947,MeerKAT:array_1:20250720T024534Z,Gaia_4668939001931763328,45,613.1961636543274,-0.0529664495684662,83.07358,4,0.0625,-1,0.9953226461067898,pruned
uhf_long,137153,35521344,MeerKAT:array_1:20250723T022503Z,ex_[SL63]_504,56,671.9835640788078,-0.020371711372487,17.173279,2,0.03125,0,0.9953306276229643,pruned
lband_long,29137,770020,MeerKAT:array_1:20250731T130553Z,Gaia_5423628287002712704,44,874.9962622672319,-0.09079245292095298,147.80113,2,0.03125,0,0.9953402862800306,pruned
uhf_long,208735,34804809,MeerKAT:array_1:20250713T145219Z,Gaia_6441431494859487360,37,647.969217479229,-0.0040743422744974,117.584656,4,0.0625,-1,0.9953413636109113,pruned
lband_long,5553,82974,MeerKAT:array_1:20250708T085539Z,Gaia_2978695132722853120,53,863.9564177542925,0.07061635227185231,48.63721,2,0.03125,0,0.995349852338577,pruned
uhf_long,122166,34879956,MeerKAT:array_1:20250723T043540Z,Gaia_4655109615260969856,63,647.9386194944382,-0.012223026823492201,30.561975,4,0.0625,-1,0.9953540418650386,pruned
uhf_short,17703,1063043,MeerKAT:array_1:20250702T032809Z,Gaia_2682781747271676672,56,575.9806039333344,-0.03422447510577816,18.830936,1,0.015625,0,0.9953564632215802,pruned
uhf_long,74041,11427300,MeerKAT:array_1:20250716T012443Z,Gaia_4669722541405576576,50,599.9432013630867,-0.0183345402352383,199.51521,4,0.0625,-1,0.9953658840654634,pruned
uhf_long,121003,34878072,MeerKAT:array_1:20250723T015429Z,Gaia_4661363568820729216,52,650.0219413042068,0.012223026823492201,29.475069,4,0.0625,-1,0.9953761972223237,pruned
uhf_long,32644,987934,MeerKAT:array_1:20250715T135202Z,Gaia_6014499066895969792,58,567.6951475143433,0.0183345402352383,46.273876,4,0.0625,-1,0.9953802630788687,pruned
mk_sample_hits,15095,35877451,MeerKAT:array_1:20240319T020710Z,Gaia_2543023202222577280,45,1686.837437480688,-0.005044025162275165,14.267296,4,0.0625,-1,0.9953899773159028,pruned
uhf_long,74044,11427304,MeerKAT:array_1:20250716T012443Z,Gaia_4669722541405576448,51,599.9432013630867,-0.0183345402352383,195.30368,4,0.0625,-1,0.9954021539608761,pruned
uhf_long,39437,1083274,MeerKAT:array_1:20250708T010310Z,Gaia_6441072676111580160,44,576.0420694351196,0.0081486845489948,16.374977,3,0.046875,-1,0.9954080917803177,pruned
uhf_short,30188,1128572,MeerKAT:array_1:20250715T023108Z,Gaia_2682555763272475008,15,575.9947493076324,0.06844895021155632,30.861174,4,0.0625,-1,0.9954113312785338,pruned
uhf_long,63312,6165476,MeerKAT:array_1:20250728T151003Z,ex_V1744_Cen,25,587.9783892035484,0.034631909333227906,16.648779,4,0.0625,-1,0.9954155399255874,pruned
mk_sample_hits,15094,35877428,MeerKAT:array_1:20240319T020710Z,Gaia_2530970149600386304,22,1686.837437480688,-0.005044025162275165,16.382233,4,0.0625,-1,0.9954162796931096,pruned
uhf_long,68692,11227043,MeerKAT:array_1:20250713T184021Z,Gaia_6441026359184252928,18,599.9434486031532,-0.0325947381959792,409.90823,2,0.03125,0,0.9954174647772417,pruned
uhf_long,76044,12811497,MeerKAT:array_1:20250722T002453Z,Gaia_6440673862628815488,7,599.9821021556854,-0.0162973690979896,33.281574,4,0.0625,-1,0.9954177506134596,pruned
lband_long,9029,251269,MeerKAT:array_1:20250713T071947Z,Gaia_4669730993901177472,48,863.9842452406883,-0.03026415097365099,27.165365,2,0.03125,0,0.9954321106176066,pruned
uhf_long,114685,34806141,MeerKAT:array_1:20250713T192439Z,Gaia_5820220859841240704,20,647.9752880334854,-0.06111513411746101,28.107368,3,0.046875,-1,0.9954348904243489,pruned
uhf_long,236426,35005230,MeerKAT:array_1:20250715T124827Z,ex_[VV2006]_J131908.3-014326,38,656.0647793412209,0.0040743422744974,45.254364,1,0.015625,0,0.9954455206078946,pruned
uhf_long,130313,35391372,MeerKAT:array_1:20250705T190623Z,Gaia_4153209735740601984,41,671.9926987886429,-0.012223026823492201,24.53215,2,0.03125,0,0.9954482199627686,pruned
uhf_long,122118,34879884,MeerKAT:array_1:20250723T043540Z,Gaia_4655086594236261504,39,647.9386194944382,-0.012223026823492201,30.097235,4,0.0625,-1,0.9954745136130786,pruned
lband_short,22573,679513,MeerKAT:array_1:20250711T073156Z,Gaia_4814730807800869888,51,875.0440391898155,0.1742629338321517,21.140804,1,0.015625,0,0.9954889550586891,pruned
uhf_long,55431,2483260,MeerKAT:array_1:20250707T173400Z,Gaia_6143859186883592576,8,587.9802353978157,0.0081486845489948,13.125982,4,0.0625,-1,0.9954945960794512,pruned
uhf_long,182395,13617398,MeerKAT:array_1:20250729T055516Z,Gaia_4669820226141548416,61,599.9700360298157,0.0040743422744974,288.98712,2,0.03125,0,0.9955049714636722,pruned
uhf_long,112168,34634566,MeerKAT:array_1:20250705T180344Z,Gaia_5820213816095243264,1,650.0016686320305,0.048892107293968805,34.215946,1,0.015625,0,0.9955106265945267,pruned
uhf_short,141252,1156757,MeerKAT:array_1:20250717T220401Z,ex_ATO_J322.9024+05.0783,3,576.0407177209854,0.01711223755288908,34.455486,2,0.03125,0,0.9955180964126451,pruned
uhf_short,73364,33611407,MeerKAT:array_1:20250720T043243Z,Gaia_6526529125007560064,34,625.0284652709961,0.03422447510577816,18.233192,1,0.015625,0,0.9955196503383549,pruned
uhf_long,55449,2483278,MeerKAT:array_1:20250707T173400Z,Gaia_6144246558574357120,18,587.9802353978157,0.0081486845489948,14.225038,4,0.0625,-1,0.9955209015983267,pruned
lband_short,453410,430896,MeerKAT:array_1:20250706T145226Z,Gaia_4802485993479359232,40,871.9997619241476,-0.020501521627311965,11.120745,3,0.046875,-1,0.9955304378933524,pruned
uhf_short,133344,1097283,MeerKAT:array_1:20250711T003519Z,ex_LEDA_1202200,33,575.9807062745094,-0.00855611877644454,27.55233,4,0.0625,-1,0.995531273519237,pruned
uhf_long,122152,34879935,MeerKAT:array_1:20250723T043540Z,Gaia_4655129715706117888,56,647.9386194944382,-0.012223026823492201,29.333778,4,0.0625,-1,0.9955349068910747,pruned
uhf_long,67219,8316992,MeerKAT:array_1:20250705T231238Z,Gaia_6441444001804281344,50,600.1127614378929,0.0081486845489948,10.029991,2,0.03125,0,0.995579833284404,pruned
uhf_short,141260,1156765,MeerKAT:array_1:20250717T220401Z,ex_V0698_Peg,4,576.0407177209854,0.01711223755288908,34.448475,2,0.03125,0,0.9955851819607502,pruned
uhf_long,68235,9252141,MeerKAT:array_1:20250710T060816Z,Gaia_5598500526165506560,11,599.9698921442032,-0.006111513411746101,37.958088,3,0.046875,-1,0.9955890175836483,pruned
uhf_short,87762,34911718,MeerKAT:array_1:20250731T192546Z,ex_SDSS_J155241.75+053915.1,54,650.0225857496262,0.0427805938822227,20.090662,2,0.03125,0,0.9955976963766032,pruned
uhf_long,138588,35527479,MeerKAT:array_1:20250728T151003Z,ex_Cl*_NGC_5139_SAW_V245,53,671.9935387969017,0.014260197960740902,47.10254,2,0.03125,0,0.9956262884978521,pruned
lband_long,14642,394028,MeerKAT:array_1:20250731T124411Z,Gaia_5853167210433761024,6,863.9565102308989,-0.02017610064910066,14.356778,4,0.0625,-1,0.9956275826210319,pruned
uhf_short,80611,34839987,MeerKAT:array_1:20250717T021511Z,Gaia_2682586682742048640,43,647.979605615139,-0.0427805938822227,78.39457,3,0.046875,-1,0.9956479575133581,pruned
lband_long,29116,769993,MeerKAT:array_1:20250731T130553Z,Gaia_5423510639258307328,28,874.9962622672319,-0.09079245292095298,145.8813,2,0.03125,0,0.9956674418555579,pruned
lband_long,5491,82891,MeerKAT:array_1:20250708T085539Z,Gaia_2978864594952822528,41,863.9564177542925,0.07061635227185231,47.854713,2,0.03125,0,0.9956691331488235,pruned
uhf_long,183202,28184396,MeerKAT:array_1:20250716T012443Z,Gaia_4669816927606651136,59,611.9847450852394,-0.0020371711372487,14.695304,3,0.046875,-1,0.9956848142472453,pruned
uhf_long,68286,9252213,MeerKAT:array_1:20250710T060816Z,Gaia_5599256990161970816,29,599.9698921442032,-0.006111513411746101,37.78745,3,0.046875,-1,0.995686361767561,pruned
sband_long,16142,16801972,MeerKAT:array_1:20250703T213810Z,Gaia_5958264918356675712,44,2074.997545685619,0.026352136136800455,18.240465,2,0.03125,0,0.9957020028406105,pruned
uhf_long,155449,262795,MeerKAT:array_1:20250715T053823Z,Gaia_4669816068613192576,48,551.3833817839622,-0.0040743422744974,16.584444,1,0.015625,0,0.9957106791718395,pruned
uhf_long,20324,402204,MeerKAT:array_1:20250731T221802Z,Gaia_4669881317756360448,20,551.9718607664108,-0.012223026823492201,126.47268,2,0.03125,0,0.995710686803504,pruned
uhf_long,42225,1125924,MeerKAT:array_1:20250714T160406Z,Gaia_6144510372644876416,18,575.9804691672325,0.0325947381959792,49.22911,4,0.0625,-1,0.9957444159812545,pruned
lband_short,6968,310825,MeerKAT:array_1:20250719T011200Z,ex_2dFGRS_TGS544Z257,26,863.978631272912,0.04100304325462393,22.100441,1,0.015625,0,0.9957489218419098,pruned
uhf_long,93735,33481737,MeerKAT:array_1:20250707T173400Z,Gaia_6144647468001000832,43,624.9967840909958,0.07944967435269931,1048.6898,1,0.015625,0,0.9957510052934041,pruned
uhf_short,61475,33479769,MeerKAT:array_1:20250707T004747Z,ex_LEDA_1198640,6,623.968369781971,-0.05133671265866724,76.357185,3,0.046875,-1,0.995764442795744,pruned
uhf_long,77086,12886296,MeerKAT:array_1:20250723T030515Z,ex_ASASSN-V_J053807.45-691626.0,53,599.8524652719498,-0.0183345402352383,12.19705,3,0.046875,-1,0.9957703360912139,pruned
lband_short,453356,430842,MeerKAT:array_1:20250706T145226Z,Gaia_4802454073282346112,13,871.9997619241476,-0.020501521627311965,11.564671,3,0.046875,-1,0.9957871562486001,pruned
uhf_long,188441,33653363,MeerKAT:array_1:20250731T221802Z,Gaia_4669064896013382016,16,623.9681884050369,-0.0040743422744974,107.24903,3,0.046875,-1,0.9957901751757462,pruned
lband_short,22372,679154,MeerKAT:array_1:20250711T073156Z,Gaia_4814721663814423040,9,872.0096664875746,-0.04100304325462393,23.548683,1,0.015625,0,0.9958173216493855,pruned
lband_long,1029,2443,MeerKAT:array_1:20250701T085314Z,J0408-6545,0,863.9573297649622,0.025220125811375827,17.79043,1,0.015625,0,0.9958288650779042,pruned
uhf_long,147736,35899732,MeerKAT:array_1:20240925T225556Z,Gaia_2776192544316062848,16,695.9885702729225,-0.0529664495684662,18.587824,2,0.03125,0,0.995846268177999,pruned
uhf_long,63380,6165583,MeerKAT:array_1:20250728T151003Z,ex_V1468_Cen,62,587.9783892035484,0.034631909333227906,17.53075,4,0.0625,-1,0.9958945482592517,pruned
uhf_long,63382,6165586,MeerKAT:array_1:20250728T151003Z,ex_Cl*_NGC_5139_SAW_V134,63,587.9783892035484,0.034631909333227906,17.525347,4,0.0625,-1,0.9958945482592517,pruned
uhf_long,147738,35899734,MeerKAT:array_1:20240925T225556Z,Gaia_2776029537421796224,18,695.9885692596436,-0.048892107293968805,19.12922,3,0.046875,-1,0.9959043383096504,pruned
uhf_short,63823,33516828,MeerKAT:array_1:20250712T222705Z,Gaia_2682781747271676672,6,623.9690162539482,-0.05989283143511178,57.382126,2,0.03125,0,0.9959114663820258,pruned
lband_short,344234,29111657,MeerKAT:array_1:20250719T110629Z,Gaia_2992940439734801920,9,960.0027805715799,-0.13325989057752777,18.358152,4,0.0625,-1,0.9959354323936185,pruned
uhf_long,112656,34635657,MeerKAT:array_1:20250705T190623Z,Gaia_4153208808026831488,38,647.9929596185684,-0.012223026823492201,24.139986,1,0.015625,0,0.9959455076839064,pruned
uhf_long,102954,33648099,MeerKAT:array_1:20250729T170839Z,Gaia_1468206468168920192,32,623.9691945910454,-0.012223026823492201,121.38998,2,0.03125,0,0.9959661640081295,pruned
lband_long,10530,308437,MeerKAT:array_1:20250718T225142Z,Gaia_6441451973263764352,2,863.9464334696531,0.015132075486825495,13.684518,2,0.03125,0,0.9959664603057153,pruned
uhf_long,208739,34804837,MeerKAT:array_1:20250713T145219Z,Gaia_6440997462644215808,51,647.969217479229,-0.0040743422744974,118.03504,4,0.0625,-1,0.9959754457266585,pruned
uhf_long,84407,33346840,MeerKAT:array_1:20250713T192439Z,Gaia_5820013533179536512,47,613.1961859464645,-0.0733381609409532,26.849524,3,0.046875,-1,0.9959921038255755,pruned
uhf_long,52019,1430634,MeerKAT:array_1:20250715T135202Z,Gaia_6014539645747431680,61,578.754144012928,0.0183345402352383,31.723663,2,0.03125,0,0.9959939994731698,pruned
uhf_long,92672,33464301,MeerKAT:array_1:20250705T190623Z,ex_EQ_Sct,5,623.993220448494,-0.0081486845489948,25.653362,4,0.0625,-1,0.9960019343701347,pruned
uhf_long,102976,33648132,MeerKAT:array_1:20250729T170839Z,Gaia_1456188187600995840,43,623.9691945910454,-0.012223026823492201,109.02044,2,0.03125,0,0.9960090113905481,pruned
uhf_short,92837,35385800,MeerKAT:array_1:20250704T005510Z,Gaia_2682668772451942272,62,671.9993590712547,-0.05133671265866724,20.11971,3,0.046875,-1,0.9960300821906902,pruned
uhf_long,803,12397,MeerKAT:array_1:20250702T183548Z,ex_LEDA_690992,59,551.9484337568283,-0.038706251607725305,143.86676,1,0.015625,0,0.9960388398207747,pruned
lband_short,453384,430870,MeerKAT:array_1:20250706T145226Z,Gaia_4802473589613849600,27,871.9997619241476,-0.020501521627311965,12.035258,3,0.046875,-1,0.9960456950881124,pruned
uhf_long,162937,705935,MeerKAT:array_1:20250715T135202Z,ex_LEDA_185107,42,554.7929864525795,0.0040743422744974,210.67671,1,0.015625,0,0.9960484429958485,pruned
uhf_long,183177,28184364,MeerKAT:array_1:20250716T012443Z,Gaia_4669829228392991744,43,611.9847450852394,-0.0020371711372487,17.017435,3,0.046875,-1,0.9960544829729587,pruned
uhf_long,15411,337157,MeerKAT:array_1:20250723T012407Z,Gaia_4655384085170797568,28,544.0459582805634,-0.0651894763919584,22.677248,3,0.046875,-1,0.9960581464824687,pruned
lband_short,6363,293327,MeerKAT:array_1:20250716T163236Z,ex_LEDA_1464024,19,857.7938883155584,-0.4100304325462393,19.961731,2,0.03125,0,0.9961041288631698,pruned
uhf_long,111452,34606186,MeerKAT:array_1:20250702T183548Z,ex_ASASSN-V_J163608.07-330957.6,43,647.9690624475479,-0.0529664495684662,438.97653,1,0.015625,0,0.9961135541206741,pruned
uhf_long,55626,2483583,MeerKAT:array_1:20250707T175557Z,ex_LEDA_206732,45,587.9934860467911,-0.0264832247842331,28.560043,1,0.015625,0,0.9961142758055298,pruned
uhf_long,5922,253460,MeerKAT:array_1:20250713T190328Z,Gaia_6120581013894409216,60,551.9479291439056,-0.020371711372487,226.47697,2,0.03125,0,0.9961148273673346,pruned
uhf_long,116011,34810180,MeerKAT:array_1:20250714T160406Z,Gaia_6144611081037931904,7,647.993126809597,-0.020371711372487,107.25131,4,0.0625,-1,0.9961240212275333,pruned
uhf_short,126354,1060778,MeerKAT:array_1:20250702T005726Z,Gaia_2682480618524623232,57,576.0399922132492,-0.01711223755288908,48.432514,2,0.03125,0,0.9961295914263296,pruned
lband_long,291174,320532,MeerKAT:array_1:20250720T063432Z,Gaia_5084049205998141824,59,863.9568354934454,0.005044025162275165,21.498446,2,0.03125,0,0.9961419254097937,pruned
lband_long,3546,63299,MeerKAT:array_1:20250706T014240Z,Gaia_6440636062621352832,47,863.9567509889603,-0.015132075486825495,17.470514,2,0.03125,0,0.9961852887105361,pruned
uhf_short,80398,34839700,MeerKAT:array_1:20250717T021511Z,Gaia_2682525041370864512,10,647.979605615139,-0.0427805938822227,81.714455,3,0.046875,-1,0.9961918326231858,pruned
lband_short,11177,398170,MeerKAT:array_1:20250731T171238Z,Gaia_1315530516918680576,56,863.9838769286871,0.0615045648819359,19.122507,2,0.03125,0,0.9962052558642376,pruned
uhf_short,74781,33621985,MeerKAT:array_1:20250721T203933Z,Gaia_2682525041370864512,9,625.0007916092873,0.1283417816466681,442.82816,2,0.03125,0,0.996225109045267,pruned
lband_long,5510,82914,MeerKAT:array_1:20250708T085539Z,Gaia_2978697671046354816,44,863.9846709519625,-0.07061635227185231,32.813293,3,0.046875,-1,0.9962330732443238,pruned
lband_long,5600,83038,MeerKAT:array_1:20250708T085539Z,Gaia_2978701557993923200,62,863.9846709519625,-0.07061635227185231,33.395424,3,0.046875,-1,0.9962386201090145,pruned
uhf_long,119834,34850059,MeerKAT:array_1:20250719T053812Z,Gaia_4669732505729685632,34,650.0030689835548,0.0183345402352383,24.874023,4,0.0625,-1,0.9962418317908691,pruned
uhf_long,45347,1137501,MeerKAT:array_1:20250716T012443Z,Gaia_4669054141415170432,30,575.9454725384712,-0.0101858556862435,21.460976,1,0.015625,0,0.9962501763045363,pruned
uhf_short,36540,1213945,MeerKAT:array_1:20250721T203933Z,Gaia_2682593112308143232,21,576.039944589138,-0.05989283143511178,44.363907,2,0.03125,0,0.9962803834119854,pruned
uhf_long,187284,33543652,MeerKAT:array_1:20250716T012443Z,ex_LEDA_307574,10,623.9844454526901,-0.0020371711372487,62.664387,3,0.046875,-1,0.9963215107961703,pruned
uhf_short,28570,1123961,MeerKAT:array_1:20250714T001713Z,Gaia_2682511129972264320,21,576.0412091612816,-0.05989283143511178,66.746376,1,0.015625,0,0.9963250425220563,pruned
uhf_long,188442,33653373,MeerKAT:array_1:20250731T221802Z,Gaia_4669881730073228800,21,623.9681884050369,-0.0040743422744974,119.98258,3,0.046875,-1,0.996329357678674,pruned
uhf_short,133220,1096985,MeerKAT:array_1:20250711T003519Z,Gaia_2682587202433096192,3,575.9807062745094,-0.00855611877644454,32.6533,4,0.0625,-1,0.9963420398670844,pruned
uhf_long,19207,374867,MeerKAT:array_1:20250729T031818Z,Gaia_4668946801592453888,38,543.9540011882782,0.06722664752920711,33.78114,1,0.015625,0,0.9963434853942564,pruned
uhf_long,74004,11427252,MeerKAT:array_1:20250716T012443Z,Gaia_4669834657231665920,38,599.9432013630867,-0.0183345402352383,182.60315,4,0.0625,-1,0.9963511187060341,pruned
uhf_long,233873,34899287,MeerKAT:array_1:20250729T055516Z,Gaia_4668947007750901120,51,647.9676387906075,0.0040743422744974,516.82465,3,0.046875,-1,0.9963794331769993,pruned
uhf_long,5871,253409,MeerKAT:array_1:20250713T190328Z,Gaia_6120581323132073088,43,551.9479291439056,-0.020371711372487,212.22473,2,0.03125,0,0.9964030018550849,pruned
uhf_short,177655,33460286,MeerKAT:array_1:20250704T225450Z,Gaia_2682587374231791744,21,623.9686727523804,-0.00855611877644454,71.86039,4,0.0625,-1,0.9964058436137735,pruned
uhf_long,183152,28184332,MeerKAT:array_1:20250716T012443Z,Gaia_4669825723699704192,27,611.9847450852394,-0.0020371711372487,15.341009,3,0.046875,-1,0.9964067304014691,pruned
uhf_long,123602,34899847,MeerKAT:array_1:20250729T170839Z,Gaia_1468280307246645504,34,647.9680096507072,-0.012223026823492201,170.08109,1,0.015625,0,0.9964118005502258,pruned
lband_long,9078,251318,MeerKAT:array_1:20250713T071947Z,Gaia_4669816068613192576,55,863.9842452406883,-0.03026415097365099,23.927723,2,0.03125,0,0.9964146733429112,pruned
uhf_long,42376,1126076,MeerKAT:array_1:20250714T160406Z,Gaia_6144246833452265088,56,575.9804691672325,0.0325947381959792,50.985798,4,0.0625,-1,0.9964151335067609,pruned
uhf_long,119862,34850087,MeerKAT:array_1:20250719T053812Z,Gaia_4669775421042834560,62,650.0030689835548,0.0183345402352383,27.02303,4,0.0625,-1,0.9964218237642223,pruned
uhf_long,137532,35521736,MeerKAT:array_1:20250723T033528Z,Gaia_4661377694862343296,13,671.9666139483452,0.0081486845489948,16.108099,2,0.03125,0,0.9964225612319106,pruned
uhf_long,119826,34850051,MeerKAT:array_1:20250719T053812Z,Gaia_4669717902840883200,26,650.0030689835548,0.0183345402352383,24.07052,4,0.0625,-1,0.9964265544508888,pruned
uhf_long,114717,34806173,MeerKAT:array_1:20250713T192439Z,Gaia_5820108675295388032,36,647.9752880334854,-0.06111513411746101,29.212505,3,0.046875,-1,0.9964271360089552,pruned
uhf_short,133401,1097422,MeerKAT:array_1:20250711T003519Z,Gaia_2682473368619795328,47,575.9807062745094,-0.00855611877644454,29.717133,4,0.0625,-1,0.9964294900302145,pruned
uhf_short,177613,33460229,MeerKAT:array_1:20250704T225450Z,Gaia_2682620874976650496,8,623.9686727523804,-0.00855611877644454,74.51412,4,0.0625,-1,0.9964313196197936,pruned
uhf_short,18636,1073333,MeerKAT:array_1:20250705T005108Z,Gaia_2682777074347230592,45,576.041302382946,-0.02566835632933362,49.900097,1,0.015625,0,0.9964411340738878,pruned
uhf_long,122934,34893966,MeerKAT:array_1:20250728T151003Z,ex_V1613_Cen,3,647.9937702417374,0.0101858556862435,219.5508,1,0.015625,0,0.9964447320662203,pruned
uhf_long,208736,34804813,MeerKAT:array_1:20250713T145219Z,Gaia_6441443241594297856,39,647.969217479229,-0.0040743422744974,117.648636,4,0.0625,-1,0.9964549277805035,pruned
uhf_long,71682,11383312,MeerKAT:array_1:20250715T130947Z,ex_ASASSN-V_J160825.66-601521.6,48,599.9433128237724,0.022408882509735703,206.57936,3,0.046875,-1,0.996469281905598,pruned
uhf_long,43167,1131003,MeerKAT:array_1:20250715T124827Z,ex_[VV2006]_J131908.3-014326,38,576.0568785071373,0.0183345402352383,37.289303,1,0.015625,0,0.9964697786305389,pruned
uhf_long,52009,1430624,MeerKAT:array_1:20250715T135202Z,ex_LEDA_682725,51,578.754144012928,0.0183345402352383,32.241306,2,0.03125,0,0.9964952795165454,pruned
uhf_long,92694,33464341,MeerKAT:array_1:20250705T190623Z,ex_ASASSN-V_J182843.25-115402.6,25,623.993220448494,-0.0081486845489948,25.923538,4,0.0625,-1,0.9965008589751055,pruned
uhf_short,80448,34839769,MeerKAT:array_1:20250717T021511Z,Gaia_2682558099734709760,18,647.979605615139,-0.0427805938822227,86.13725,3,0.046875,-1,0.9965010482885621,pruned
uhf_long,115956,34808438,MeerKAT:array_1:20250713T211114Z,Gaia_4189310142747177344,46,649.997818171978,0.038706251607725305,46.02887,1,0.015625,0,0.9965098605278643,pruned
sband_long,3619,787047,MeerKAT:array_1:20250703T213810Z,ex_ASASSN-V_J173706.23-443610.0,21,2008.0149515997618,-0.16865367127552292,16.926985,1,0.015625,0,0.9965216885327287,pruned
uhf_long,182271,13617188,MeerKAT:array_1:20250729T055516Z,Gaia_4669698386509344000,3,599.9700360298157,0.0040743422744974,308.0387,2,0.03125,0,0.996540249666698,pruned
uhf_long,44000,1132997,MeerKAT:array_1:20250715T135202Z,ex_ASASSN-V_J153532.40-334016.8,33,575.0678118467331,0.0183345402352383,60.304165,3,0.046875,-1,0.9965522265527081,pruned
uhf_long,42157,1125856,MeerKAT:array_1:20250714T160406Z,Gaia_6144608263539361536,1,575.9804691672325,0.028520395921481805,47.71235,3,0.046875,-1,0.9965688976866663,pruned
sband_long,17546,35178086,MeerKAT:array_1:20250708T000034Z,Gaia_6440702003254489088,62,2825.0155332498252,0.14757196236608255,11.524603,4,0.0625,-1,0.9965784892714169,pruned
uhf_short,8973,402750,MeerKAT:array_1:20250731T230132Z,J0059+0006,0,551.9992942810059,-0.02566835632933362,36.870598,1,0.015625,0,0.9965889753466826,pruned
uhf_long,187282,33543649,MeerKAT:array_1:20250716T012443Z,ex_LEDA_307657,9,623.9844454526901,-0.0020371711372487,58.502285,3,0.046875,-1,0.9966064139462444,pruned
mk_sample_hits,15069,35866307,MeerKAT:array_1:20240319T020710Z,Gaia_2530940462786470656,49,1562.039005562663,-0.005044025162275165,20.140266,1,0.015625,0,0.9966075482142748,pruned
uhf_long,113820,34643561,MeerKAT:array_1:20250708T010310Z,Gaia_6441443623847141248,10,649.9995883703232,0.038706251607725305,30.13813,4,0.0625,-1,0.9966100313732225,pruned
uhf_long,119846,34850071,MeerKAT:array_1:20250719T053812Z,Gaia_4669731887254377472,46,650.0030689835548,0.0183345402352383,26.33132,4,0.0625,-1,0.9966217204272115,pruned
uhf_long,162593,675294,MeerKAT:array_1:20250710T060816Z,Gaia_5599210398359631232,61,559.2504127621651,-0.0020371711372487,15.535629,1,0.015625,0,0.9966233857595167,pruned
uhf_long,83783,33192541,MeerKAT:array_1:20250708T010310Z,Gaia_6441476536179633664,43,613.1965000629425,-0.0162973690979896,31.515678,1,0.015625,0,0.9966268307338364,pruned
uhf_long,233875,34899291,MeerKAT:array_1:20250729T055516Z,Gaia_4668960442408616192,52,647.9676387906075,0.0040743422744974,523.7033,3,0.046875,-1,0.9966336518638094,pruned
uhf_long,180509,11427313,MeerKAT:array_1:20250716T012443Z,Gaia_4669810914652429184,53,599.9695678949356,0.0040743422744974,53.3714,1,0.015625,0,0.9966527912161718,pruned
uhf_long,99886,33609879,MeerKAT:array_1:20250720T024534Z,Gaia_4669837268571795200,16,625.0284652709961,0.006111513411746101,44.247143,4,0.0625,-1,0.996675371393772,pruned
uhf_long,112998,34636335,MeerKAT:array_1:20250705T194745Z,ex_ASASSN-V_J195628.07-115349.6,23,647.9679316282272,-0.006111513411746101,112.7128,2,0.03125,0,0.9966866875513011,pruned
uhf_long,43730,1132629,MeerKAT:array_1:20250715T135202Z,ex_ASASSN-V_J153331.85-331131.8,26,569.5383151173592,0.0101858556862435,153.24257,2,0.03125,0,0.9966931520461794,pruned
uhf_long,102940,33648078,MeerKAT:array_1:20250729T170839Z,Gaia_1456198392443226112,25,623.9691935777664,-0.006111513411746101,115.17975,1,0.015625,0,0.9966938234491124,pruned
uhf_long,92688,33464331,MeerKAT:array_1:20250705T190623Z,ex_ASASSN-V_J182727.82-120509.1,20,623.993220448494,-0.0081486845489948,24.728144,4,0.0625,-1,0.9967030220557781,pruned
uhf_long,187290,33543667,MeerKAT:array_1:20250716T012443Z,ex_LEDA_176912,15,623.9844454526901,-0.0020371711372487,64.86248,3,0.046875,-1,0.996706191297361,pruned
uhf_long,208731,34804739,MeerKAT:array_1:20250713T145219Z,Gaia_6440622151222438528,2,647.969217479229,-0.0040743422744974,114.39662,4,0.0625,-1,0.9967283189734127,pruned
uhf_long,2153,57808,MeerKAT:array_1:20250705T180344Z,Gaia_5820048889351878272,16,549.9945704936981,0.0468549361567201,175.36028,2,0.03125,0,0.9967571849212143,pruned
uhf_long,2186,57841,MeerKAT:array_1:20250705T180344Z,Gaia_5820011368515962496,49,549.9945704936981,0.0468549361567201,177.83232,2,0.03125,0,0.9967727353768997,pruned
uhf_long,116493,34814452,MeerKAT:array_1:20250715T053823Z,Gaia_4669788546463037184,61,650.0040792226791,0.038706251607725305,33.70884,3,0.046875,-1,0.996784587307056,pruned
uhf_long,56431,4419830,MeerKAT:array_1:20250713T192439Z,Gaia_5820047995998637184,23,587.9775765538216,-0.05704079184296361,17.257105,2,0.03125,0,0.9967868071629563,pruned
uhf_short,125531,1049841,MeerKAT:array_1:20250731T233401Z,Gaia_2536413488072049024,36,563.9711923003197,-0.00855611877644454,33.884434,1,0.015625,0,0.996787921367054,pruned
uhf_short,69593,33535530,MeerKAT:array_1:20250715T002705Z,Gaia_2682777280505662592,45,623.9683302640915,-0.03422447510577816,113.818474,1,0.015625,0,0.9967918383759812,pruned
uhf_long,50840,1233872,MeerKAT:array_1:20250729T031818Z,Gaia_4669749337705330816,50,576.0444668531418,-0.006111513411746101,44.02176,1,0.015625,0,0.9967934080847177,pruned
uhf_long,148350,35901111,MeerKAT:array_1:20240925T225556Z,Gaia_2776218279760123904,54,743.9774811267853,-0.038706251607725305,10.692496,2,0.03125,0,0.9968544717034753,pruned
uhf_short,155775,4417686,MeerKAT:array_1:20250713T164848Z,ex_LEDA_1784171,25,587.980122923851,0.01711223755288908,25.712975,3,0.046875,-1,0.9968651885438343,pruned
uhf_long,100766,33631088,MeerKAT:array_1:20250723T022503Z,ex_BSDL_1784,31,623.9690760374069,0.0101858556862435,149.83395,1,0.015625,0,0.9968792284504514,pruned
uhf_long,131473,35407718,MeerKAT:array_1:20250713T145219Z,Gaia_6440637510025518720,61,671.9933249950409,0.020371711372487,48.352013,1,0.015625,0,0.996893673009339,pruned
uhf_long,233847,34899238,MeerKAT:array_1:20250729T055516Z,ex_LEDA_310253,38,647.9676387906075,0.0040743422744974,493.74765,3,0.046875,-1,0.9968975090254114,pruned
uhf_short,207416,34992933,MeerKAT:array_1:20250713T154120Z,Gaia_1456169839500635776,1,658.6235083341599,0.00855611877644454,21.974928,1,0.015625,0,0.9969006713843687,pruned
uhf_short,159374,5531501,MeerKAT:array_1:20250720T043243Z,ex_2MASX_J23320809-4724361,10,587.9855237007141,-0.01711223755288908,27.988901,2,0.03125,0,0.9969125886736228,pruned
uhf_long,15366,337097,MeerKAT:array_1:20250723T012407Z,Gaia_4655297086357125504,13,544.0459582805634,-0.0651894763919584,23.624277,3,0.046875,-1,0.9969209814843669,pruned
uhf_long,41822,1122720,MeerKAT:array_1:20250713T211114Z,Gaia_4189338210358479488,2,576.0405424237251,-0.0081486845489948,52.90176,4,0.0625,-1,0.9969313734147958,pruned
uhf_short,101352,35436396,MeerKAT:array_1:20250717T200827Z,Gaia_4426454666050882816,49,675.0020349621773,0.05989283143511178,37.137306,4,0.0625,-1,0.9969438356203092,pruned
lband_long,94139,5578896,MeerKAT:array_1:20250720T073007Z,Gaia_5084042299690752768,58,924.9919553399086,-0.14123270454370462,36.440056,3,0.046875,-1,0.9969574915490658,pruned
uhf_long,17496,340055,MeerKAT:array_1:20250723T033528Z,Gaia_4661390300554471424,26,551.9477153420448,-0.006111513411746101,1232.4679,1,0.015625,0,0.9969887884528813,pruned
uhf_short,131169,1078518,MeerKAT:array_1:20250706T215041Z,Gaia_4426362856829789056,37,575.9856439828873,-0.01711223755288908,15.903361,1,0.015625,0,0.997004217193516,pruned
uhf_long,42400,1126100,MeerKAT:array_1:20250714T160406Z,Gaia_6144673821920034816,62,575.9804691672325,0.028520395921481805,49.356262,3,0.046875,-1,0.9970103509911545,pruned
uhf_long,138564,35527455,MeerKAT:array_1:20250728T151003Z,ex_V1760_Cen,29,671.9935387969017,0.014260197960740902,46.940853,2,0.03125,0,0.9970191997737171,pruned
lband_long,5325,82662,MeerKAT:array_1:20250708T085539Z,Gaia_2978678635751304192,8,863.9846709519625,-0.07061635227185231,30.606365,3,0.046875,-1,0.9970401333145843,pruned
uhf_short,97757,35409883,MeerKAT:array_1:20250713T172342Z,Gaia_1468238938121722368,31,671.984422326088,-0.0855611877644454,28.339552,4,0.0625,-1,0.9970511080997907,pruned
uhf_long,41965,1122922,MeerKAT:array_1:20250713T211114Z,Gaia_4189302063910169344,60,576.0405424237251,-0.0081486845489948,52.60077,4,0.0625,-1,0.9970624033173654,pruned
uhf_long,24461,705921,MeerKAT:array_1:20250715T135202Z,ex_ASASSN-V_J153339.64-330209.6,28,554.7929864525795,0.0101858556862435,146.66277,3,0.046875,-1,0.9970624713544151,pruned
uhf_long,90584,33404373,MeerKAT:array_1:20250731T221802Z,Gaia_4669816068613192576,42,611.9919788837433,0.0366690804704766,27.263105,1,0.015625,0,0.9970674892853947,pruned
uhf_short,126382,1060838,MeerKAT:array_1:20250702T005726Z,Gaia_2682517727042043008,63,576.0399922132492,-0.01711223755288908,46.555138,2,0.03125,0,0.9970932245743768,pruned
lband_long,94083,5578840,MeerKAT:array_1:20250720T073007Z,Gaia_5083391285727699072,30,924.9919553399086,-0.14123270454370462,35.61167,3,0.046875,-1,0.997104207617497,pruned
uhf_short,82985,34884651,MeerKAT:array_1:20250723T234200Z,Gaia_2682776868188808448,51,648.0004416704178,-0.05989283143511178,23.814098,4,0.0625,-1,0.99710660461941,pruned
uhf_long,43120,1130858,MeerKAT:array_1:20250715T124827Z,ex_LBQS_1313-0142,5,576.0568795204163,0.006111513411746101,43.979,1,0.015625,0,0.9971157493693106,pruned
uhf_short,92694,35385478,MeerKAT:array_1:20250704T005510Z,Gaia_2682471856791426304,18,671.9993590712547,-0.05133671265866724,22.27941,3,0.046875,-1,0.9971365979368955,pruned
uhf_long,42273,1125972,MeerKAT:array_1:20250714T160406Z,Gaia_6144679628716049280,30,575.9804691672325,0.028520395921481805,49.491276,3,0.046875,-1,0.9971383405294572,pruned
uhf_long,138711,35528360,MeerKAT:array_1:20250729T031818Z,Gaia_4669723537837887232,45,671.9666159749031,-0.0183345402352383,19.39523,1,0.015625,0,0.9971414791185996,pruned
uhf_long,42185,1125884,MeerKAT:array_1:20250714T160406Z,Gaia_6144297892023344000,8,575.9804691672325,0.034631909333227906,49.10593,4,0.0625,-1,0.9971563535335604,pruned
uhf_long,242988,35521825,MeerKAT:array_1:20250723T033528Z,Gaia_4661289218575824384,43,671.9666149616241,0.0020371711372487,16.302465,1,0.015625,0,0.9971802786700502,pruned
mk_sample_hits,10858,32947928,MeerKAT:array_1:20250731T124411Z,Gaia_5850069267700290176,4,961.9998192638159,-0.01008805032455033,28.844875,3,0.046875,-1,0.9971833122394592,pruned
uhf_short,184117,33526963,MeerKAT:array_1:20250713T164848Z,Gaia_1315976575042060160,58,625.0207775235176,-0.01711223755288908,21.695232,4,0.0625,-1,0.9971844567138782,pruned
uhf_short,159570,5531697,MeerKAT:array_1:20250720T043243Z,Gaia_6528260546579850880,57,587.9855237007141,-0.01711223755288908,26.314163,2,0.03125,0,0.997217585713673,pruned
uhf_long,41819,1122717,MeerKAT:array_1:20250713T211114Z,Gaia_4189338214651254144,1,576.0405424237251,-0.0081486845489948,52.6464,4,0.0625,-1,0.9972428253546562,pruned
uhf_long,65148,7857536,MeerKAT:array_1:20250704T054305Z,Gaia_6440677401681817856,19,599.9802650809288,0.0081486845489948,32.48323,2,0.03125,0,0.9972539957124974,pruned
uhf_short,52139,13651481,MeerKAT:array_1:20250730T231157Z,Gaia_2682499756898855424,14,600.1122608780861,-0.03422447510577816,19.96813,1,0.015625,0,0.997299686264832,pruned
uhf_long,1408,21670,MeerKAT:array_1:20250704T054305Z,Gaia_6441472172494571264,15,551.999394595623,-0.012223026823492201,15.0814,3,0.046875,-1,0.9973043011113328,pruned
uhf_long,243268,35528307,MeerKAT:array_1:20250729T031818Z,Gaia_4669779887808851456,28,671.9666129350662,-0.0020371711372487,20.823341,1,0.015625,0,0.9973091257787238,pruned
uhf_long,165666,1006708,MeerKAT:array_1:20250720T052239Z,Gaia_4669834416713497984,15,563.9649363160133,-0.0040743422744974,24.10337,3,0.046875,-1,0.9973131546437684,pruned
uhf_short,11944,710015,MeerKAT:array_1:20250716T201432Z,Gaia_4426340557359563648,12,558.3986778259277,0.07700506898800086,43.981995,3,0.046875,-1,0.9973135664231629,pruned
uhf_long,137572,35521795,MeerKAT:array_1:20250723T033528Z,Gaia_4661285709511821184,33,671.9666139483452,0.0081486845489948,16.338226,2,0.03125,0,0.9973233444598962,pruned
uhf_short,163354,11572100,MeerKAT:array_1:20250717T021511Z,Gaia_2682780677824347392,13,599.9869902133942,-0.01711223755288908,36.81828,1,0.015625,0,0.9973348190644078,pruned
uhf_short,67954,33528538,MeerKAT:array_1:20250713T183111Z,Gaia_1315969565655550080,22,623.9695847034454,-0.11122954409377903,469.05035,2,0.03125,0,0.9973351161169269,pruned
uhf_short,64136,33517536,MeerKAT:array_1:20250713T002413Z,Gaia_2682471513193917312,22,623.9688733816147,-0.02566835632933362,98.70565,1,0.015625,0,0.9973487191003588,pruned
uhf_short,168980,15148319,MeerKAT:array_1:20250731T192546Z,ex_SDSS_J154852.28+054426.6,38,599.9890106916428,0.00855611877644454,16.109701,2,0.03125,0,0.9973518927544353,pruned
uhf_short,104010,35469541,MeerKAT:array_1:20250721T203933Z,ex_LEDA_1216752,54,674.9922872185707,0.11122954409377903,1206.474,3,0.046875,-1,0.9973715268489841,pruned
uhf_short,31802,1142622,MeerKAT:array_1:20250716T201432Z,Gaia_4429469458211225728,52,576.0405576229095,0.05133671265866724,42.57123,1,0.015625,0,0.9973838342454459,pruned
uhf_long,42340,1126040,MeerKAT:array_1:20250714T160406Z,Gaia_6144898328450324480,47,575.9804691672325,0.0325947381959792,47.722366,4,0.0625,-1,0.9973873375925438,pruned
uhf_short,158200,4689574,MeerKAT:array_1:20250717T220401Z,Gaia_2699252706334248064,25,587.9800773262978,-0.01711223755288908,15.751062,3,0.046875,-1,0.9973946232797293,pruned
sband_short,13409,1467323,MeerKAT:array_1:20250727T151713Z,Gaia_5922812952626636416,22,2024.004853097722,0.10710868236247928,23.121382,3,0.046875,-1,0.9974008606828122,pruned
uhf_long,65123,7857480,MeerKAT:array_1:20250704T054305Z,Gaia_6441424588552067456,5,599.9802650809288,0.0081486845489948,31.171774,2,0.03125,0,0.9974012627465596,pruned
uhf_short,104004,35469535,MeerKAT:array_1:20250721T203933Z,ex_NGC_7222,52,674.9922872185707,0.11122954409377903,1217.5797,3,0.046875,-1,0.997405693711712,pruned
uhf_long,71658,11383264,MeerKAT:array_1:20250715T130947Z,ex_ASASSN-V_J161331.92-594649.8,36,599.9433128237724,0.022408882509735703,187.89183,3,0.046875,-1,0.9974101497861168,pruned
uhf_long,24435,705895,MeerKAT:array_1:20250715T135202Z,ex_HD_138923,2,554.7929864525795,0.0101858556862435,134.44131,3,0.046875,-1,0.9974471528402391,pruned
uhf_short,72606,33594371,MeerKAT:array_1:20250718T194550Z,Gaia_4426474762197643136,61,623.9691621661186,-0.10267342531733448,194.6114,1,0.015625,0,0.997471984933389,pruned
uhf_short,177691,33460341,MeerKAT:array_1:20250704T225450Z,Gaia_2682553804767393792,33,623.9686727523804,-0.00855611877644454,72.90887,4,0.0625,-1,0.99747526853515,pruned
uhf_short,169026,15148423,MeerKAT:array_1:20250731T192546Z,ex_SDSS_J155140.09+050101.6,49,599.9890106916428,0.00855611877644454,16.550953,2,0.03125,0,0.9974762806977647,pruned
uhf_long,38568,1076825,MeerKAT:array_1:20250705T231238Z,Gaia_6441449155765047424,4,575.9944676160812,-0.006111513411746101,31.104668,2,0.03125,0,0.9974799270553376,pruned
uhf_short,93448,35393300,MeerKAT:array_1:20250706T215041Z,Gaia_4429476467597995008,1,674.9956786632538,0.0427805938822227,934.9125,3,0.046875,-1,0.9974872494183331,pruned
lband_long,2495,13508,MeerKAT:array_1:20250702T203437Z,Gaia_6441449430642864512,15,864.0019034892321,-0.15636478003053011,17.528898,2,0.03125,0,0.9974998404284704,pruned
uhf_long,77462,12886946,MeerKAT:array_1:20250723T043540Z,Gaia_4655315606205811968,44,599.9431658983231,-0.0183345402352383,128.87047,1,0.015625,0,0.9975086684228899,pruned
uhf_short,74845,33622049,MeerKAT:array_1:20250721T203933Z,Gaia_2682525217465113600,25,625.0007916092873,0.1283417816466681,402.80698,2,0.03125,0,0.9975246621538817,pruned
uhf_short,97727,35409853,MeerKAT:array_1:20250713T172342Z,Gaia_1468255774393448576,16,671.984422326088,-0.0855611877644454,22.945282,4,0.0625,-1,0.9975279740055544,pruned
uhf_long,50001,1225041,MeerKAT:array_1:20250723T045553Z,Gaia_4663553628377159680,30,575.9778275489807,-0.0101858556862435,113.09102,3,0.046875,-1,0.9975634281276062,pruned
lband_long,14280,393508,MeerKAT:array_1:20250731T120456Z,Gaia_5422869417820977792,62,863.9995405524969,0.05548427678502682,40.670944,2,0.03125,0,0.9975665914518044,pruned
uhf_short,67994,33528580,MeerKAT:array_1:20250713T183111Z,Gaia_1315507976930320384,29,623.9695847034454,-0.11122954409377903,481.4928,2,0.03125,0,0.9975901674547313,pruned
uhf_long,38599,1076867,MeerKAT:array_1:20250705T231238Z,Gaia_6441462036370308096,15,575.9944676160812,-0.006111513411746101,33.043438,2,0.03125,0,0.9976073976496057,pruned
lband_long,94103,5578860,MeerKAT:array_1:20250720T073007Z,Gaia_5083372937627408768,40,924.9919553399086,-0.14123270454370462,36.970844,3,0.046875,-1,0.9976209238763104,pruned
uhf_short,100541,35425202,MeerKAT:array_1:20250716T201432Z,Gaia_4426358218265140096,46,671.992512345314,-0.0427805938822227,119.42365,3,0.046875,-1,0.997630320806651,pruned
uhf_long,88711,33376282,MeerKAT:array_1:20250723T015429Z,Gaia_4661672192169119104,14,613.1960329413414,0.0162973690979896,427.44528,2,0.03125,0,0.9976337787804321,pruned
uhf_long,165696,1006768,MeerKAT:array_1:20250720T052239Z,Gaia_4668964428138269952,30,563.9649363160133,-0.0040743422744974,30.49748,3,0.046875,-1,0.9976621600317869,pruned
uhf_long,78460,13615481,MeerKAT:array_1:20250729T031818Z,Gaia_4669673819296350464,27,599.943115234375,0.0081486845489948,107.56466,2,0.03125,0,0.9976735590045119,pruned
uhf_short,1511,296773,MeerKAT:array_1:20250717T021511Z,Gaia_2682791367998427520,38,551.9720695018768,-0.02566835632933362,84.51907,4,0.0625,-1,0.9976808993219419,pruned
uhf_short,100502,35425138,MeerKAT:array_1:20250716T201432Z,Gaia_4426384915782113920,31,671.9874388575554,0.02566835632933362,20.46557,2,0.03125,0,0.9976882934210948,pruned
uhf_short,138700,1124852,MeerKAT:array_1:20250714T021749Z,ex_LEDA_1202200,28,575.980613052845,0.00855611877644454,24.16308,1,0.015625,0,0.9976905333570852,pruned
lband_short,9861,390389,MeerKAT:array_1:20250731T030702Z,Gaia_2546798100519344768,52,863.9784750193357,0.03075228244096795,38.55635,3,0.046875,-1,0.9976980606721423,pruned
lband_short,20370,442804,MeerKAT:array_1:20250708T112920Z,Gaia_2973747673995344640,39,875.003072053194,-0.1230091297638718,19.899008,4,0.0625,-1,0.9977221546933271,pruned
uhf_long,155320,262666,MeerKAT:array_1:20250715T053823Z,Gaia_4668929587363446528,5,551.3878483176231,0.0040743422744974,15.111045,1,0.015625,0,0.9977372544141944,pruned
uhf_short,36266,1213592,MeerKAT:array_1:20250721T203933Z,Gaia_2682469275515505536,14,575.000728726387,0.11122954409377903,56.734238,1,0.015625,0,0.997765202068375,pruned
uhf_short,80200,34653766,MeerKAT:array_1:20250710T050136Z,Gaia_2700582114675870720,52,647.96751922369,0.05133671265866724,133.66559,2,0.03125,0,0.9978009758587921,pruned
uhf_long,13938,306140,MeerKAT:array_1:20250718T054018Z,ex_1RXS_J040840.0-654545,10,551.9863020181656,-0.0101858556862435,365.11414,2,0.03125,0,0.997812207467336,pruned
uhf_short,1611,296933,MeerKAT:array_1:20250717T021511Z,ex_LEDA_1202200,57,551.9720695018768,-0.02566835632933362,79.91807,4,0.0625,-1,0.9978150733181453,pruned
uhf_long,15510,337289,MeerKAT:array_1:20250723T012407Z,Gaia_4655433146567121408,61,544.0459582805634,-0.0651894763919584,22.459076,3,0.046875,-1,0.9978189014124016,pruned
uhf_long,96881,33538539,MeerKAT:array_1:20250715T130947Z,ex_ASASSN-V_J161331.92-594649.8,36,623.9933329224586,0.048892107293968805,69.77271,1,0.015625,0,0.9978236271173087,pruned
uhf_long,71676,11383300,MeerKAT:array_1:20250715T130947Z,ex_ASASSN-V_J160755.47-601702.5,45,599.9433128237724,0.022408882509735703,200.0005,3,0.046875,-1,0.9978263964357422,pruned
uhf_long,103848,33714105,MeerKAT:array_1:20250705T180344Z,Gaia_5820290197796144128,12,629.986801981926,0.040743422744974,15.371203,3,0.046875,-1,0.9978745734547124,pruned
uhf_long,78484,13615514,MeerKAT:array_1:20250729T031818Z,Gaia_4668946801592453888,38,599.943115234375,0.0081486845489948,115.47342,2,0.03125,0,0.9978916504097208,pruned
lband_long,13486,381309,MeerKAT:array_1:20250730T013301Z,ex_ASASSN-V_J051558.53-655358.2,23,864.0002500712872,-0.06052830194730198,27.324614,1,0.015625,0,0.9978929066388277,pruned
uhf_long,165754,1006884,MeerKAT:array_1:20250720T052239Z,Gaia_4669756415811624576,59,563.9649363160133,-0.0040743422744974,35.49553,3,0.046875,-1,0.9979043424792641,pruned
uhf_long,178188,8286288,MeerKAT:array_1:20250705T180344Z,Gaia_5820272811768164352,5,600.1126327514648,0.0040743422744974,10.02046,3,0.046875,-1,0.9979208719821723,pruned
uhf_long,13932,306125,MeerKAT:array_1:20250718T054018Z,ex_LEDA_310383,7,551.9863020181656,-0.0101858556862435,377.97586,2,0.03125,0,0.997923289671378,pruned
uhf_long,184899,33376294,MeerKAT:array_1:20250723T015429Z,Gaia_4661480464851111680,26,613.1960349678993,0.0020371711372487,160.99567,2,0.03125,0,0.9979268421377728,pruned
uhf_long,186072,33463810,MeerKAT:array_1:20250705T182441Z,Gaia_6024574579156381184,31,623.969203710556,0.0040743422744974,80.35901,2,0.03125,0,0.9979375490679226,pruned
lband_short,9862,390395,MeerKAT:array_1:20250731T030702Z,Gaia_2543792001369200640,53,863.9784750193357,0.03075228244096795,38.276016,3,0.046875,-1,0.9979383485781507,pruned
uhf_short,37937,1854374,MeerKAT:array_1:20250704T203712Z,Gaia_4426430717313185664,59,587.9854781031609,0.07700506898800086,17.162592,1,0.015625,0,0.9979780675610805,pruned
lband_short,1418,13861,MeerKAT:array_1:20250702T211800Z,Gaia_6891249157844985984,9,864.0015654712915,-0.16401217301849572,27.851835,1,0.015625,0,0.9979808306384884,pruned
uhf_short,185833,33559187,MeerKAT:array_1:20250717T200827Z,Gaia_4426158309008158336,26,623.9930745363235,0.01711223755288908,15.077994,2,0.03125,0,0.9979965484291698,pruned
uhf_short,72872,33594757,MeerKAT:array_1:20250718T213759Z,Gaia_2699436599653880192,29,623.9689584970474,-0.06844895021155632,214.85,2,0.03125,0,0.9980089054013872,pruned
uhf_short,137740,1115558,MeerKAT:array_1:20250713T154120Z,Gaia_1456206466981745152,58,575.9805228710175,0.00855611877644454,16.104599,4,0.0625,-1,0.9980128845489487,pruned
uhf_long,20325,402207,MeerKAT:array_1:20250731T221802Z,Gaia_4669881730073228800,21,551.9718607664108,-0.012223026823492201,127.550446,2,0.03125,0,0.998032169786036,pruned
lband_long,14064,393206,MeerKAT:array_1:20250731T120456Z,Gaia_5422852272311080576,10,863.9995405524969,0.05548427678502682,38.677998,2,0.03125,0,0.9980322376863539,pruned
lband_short,9841,390079,MeerKAT:array_1:20250731T030702Z,ex_2XMMi_J002209.9+001629,8,863.9784750193357,0.03075228244096795,39.40004,3,0.046875,-1,0.9980485866547738,pruned
uhf_short,104028,35469559,MeerKAT:array_1:20250721T203933Z,ex_LEDA_1225072,60,674.9922872185707,0.11122954409377903,1199.0797,3,0.046875,-1,0.9980511731615213,pruned
uhf_long,163240,759429,MeerKAT:array_1:20250723T015429Z,Gaia_4661492662543069440,34,559.2504016160965,0.0040743422744974,129.7599,2,0.03125,0,0.9981045389731947,pruned
uhf_long,96659,33537654,MeerKAT:array_1:20250715T124827Z,ex_[VV2006]_J131604.1-013605,10,624.0616188049316,0.012223026823492201,76.05697,1,0.015625,0,0.9981209502195041,pruned
uhf_short,100511,35425148,MeerKAT:array_1:20250716T201432Z,Gaia_4426405084948485248,33,671.992512345314,-0.0427805938822227,120.61786,3,0.046875,-1,0.9981393674199084,pruned
uhf_long,71179,11372722,MeerKAT:array_1:20250715T053823Z,Gaia_4669672410547078016,60,599.9930151700974,-0.006111513411746101,207.34747,4,0.0625,-1,0.9981732815396411,pruned
uhf_long,116475,34814434,MeerKAT:array_1:20250715T053823Z,Gaia_4669681305423190912,43,650.0040792226791,0.038706251607725305,32.426647,3,0.046875,-1,0.9982114844896195,pruned
uhf_long,48671,1223136,MeerKAT:array_1:20250723T015429Z,Gaia_4661467300835356416,6,575.9936428070068,-0.030557567058730504,40.297188,2,0.03125,0,0.9982325248164089,pruned
uhf_long,1396,21630,MeerKAT:array_1:20250704T054305Z,Gaia_6441424588552067456,5,551.999394595623,-0.012223026823492201,15.3148985,3,0.046875,-1,0.9982395421588736,pruned
uhf_long,32779,988152,MeerKAT:array_1:20250715T141354Z,ex_ASASSN-V_J151310.06-311615.3,19,563.9649900197983,0.020371711372487,15.415325,1,0.015625,0,0.9982464668635352,pruned
uhf_short,84720,34900839,MeerKAT:array_1:20250729T175426Z,ex_V3464_Sgr,16,647.9679225087166,-0.05133671265866724,146.83875,2,0.03125,0,0.998256627087441,pruned
uhf_long,1433,21770,MeerKAT:array_1:20250704T054305Z,Gaia_6441084976897929344,40,551.999394595623,-0.012223026823492201,14.942328,3,0.046875,-1,0.9982712738491778,pruned
uhf_long,49998,1225033,MeerKAT:array_1:20250723T045553Z,Gaia_4663762226323893120,28,575.9778275489807,-0.0101858556862435,111.89106,3,0.046875,-1,0.9982733709516027,pruned
uhf_long,50018,1225105,MeerKAT:array_1:20250723T045553Z,Gaia_4662326023637459456,46,575.9778275489807,-0.0101858556862435,109.33704,3,0.046875,-1,0.9982848033580868,pruned
lband_short,17466,430430,MeerKAT:array_1:20250706T141948Z,Gaia_4802477811565559936,31,871.9998113512993,-0.05125380406827991,13.061232,4,0.0625,-1,0.9982996123261614,pruned
uhf_long,175541,1898827,MeerKAT:array_1:20250705T182441Z,Gaia_6024237681926623232,4,587.9936329722404,-0.0040743422744974,22.433136,2,0.03125,0,0.9983003452694975,pruned
uhf_long,17643,340315,MeerKAT:array_1:20250723T043540Z,Gaia_4655158547868595200,36,544.0454496145248,-0.020371711372487,28.086348,1,0.015625,0,0.9983069684456787,pruned
uhf_short,1573,296872,MeerKAT:array_1:20250717T021511Z,ex_LEDA_3096664,50,551.9720695018768,-0.02566835632933362,87.1859,4,0.0625,-1,0.9983089643325181,pruned
uhf_short,80182,34653608,MeerKAT:array_1:20250710T050136Z,Gaia_2700582084611316480,34,647.96751922369,0.05133671265866724,137.42552,2,0.03125,0,0.9983602959241172,pruned
uhf_long,43706,1132605,MeerKAT:array_1:20250715T135202Z,ex_HD_138923,2,569.5383151173592,0.0101858556862435,120.153175,2,0.03125,0,0.998379207716252,pruned
uhf_long,48823,1223336,MeerKAT:array_1:20250723T015429Z,Gaia_4661558839400808192,56,575.9936428070068,-0.030557567058730504,43.57762,2,0.03125,0,0.9983874551476021,pruned
uhf_short,263,61702,MeerKAT:array_1:20250706T001134Z,Gaia_2699234530032694272,33,551.9864256381989,-0.0427805938822227,589.4016,2,0.03125,0,0.998399592607926,pruned
uhf_long,71128,11372604,MeerKAT:array_1:20250715T053823Z,Gaia_4669672547986031616,37,599.9930151700974,-0.006111513411746101,210.57117,4,0.0625,-1,0.9984301801304535,pruned
uhf_short,24135,1114264,MeerKAT:array_1:20250713T150856Z,Gaia_1468338478284081024,12,575.9942892789841,0.02566835632933362,36.207817,2,0.03125,0,0.9984450609452029,pruned
uhf_long,184900,33376310,MeerKAT:array_1:20250723T015429Z,Gaia_4661562687692839168,42,613.1960349678993,0.0020371711372487,256.77014,2,0.03125,0,0.9984501612386181,pruned
lband_short,6987,310868,MeerKAT:array_1:20250719T011200Z,ex_LEDA_650598,31,863.9566808342934,0.05125380406827991,72.2868,2,0.03125,0,0.9984770972063434,pruned
uhf_long,71085,11372502,MeerKAT:array_1:20250715T053823Z,Gaia_4669749101483172096,17,599.9930151700974,-0.006111513411746101,205.2278,4,0.0625,-1,0.9984880212393203,pruned
uhf_short,1484,296731,MeerKAT:array_1:20250717T021511Z,Gaia_2682565143481001088,33,551.9720695018768,-0.02566835632933362,85.91334,4,0.0625,-1,0.9984888071073763,pruned
mk_sample_hits,15113,35879460,MeerKAT:array_1:20240319T020710Z,Gaia_2531020383537905280,4,1702.6632062643766,0.01008805032455033,276.01355,2,0.03125,0,0.9985073711203424,pruned
uhf_long,71142,11372635,MeerKAT:array_1:20250715T053823Z,Gaia_4669681305423190912,43,599.9930151700974,-0.006111513411746101,193.25235,4,0.0625,-1,0.9985261254271843,pruned
uhf_long,43988,1132974,MeerKAT:array_1:20250715T135202Z,ex_ASASSN-V_J153224.56-325629.5,23,575.0678118467331,0.0183345402352383,38.57125,3,0.046875,-1,0.9985338882038165,pruned
uhf_short,254,61630,MeerKAT:array_1:20250706T001134Z,Gaia_2699001055610231808,25,551.9864256381989,-0.0427805938822227,605.28613,2,0.03125,0,0.9985346512951337,pruned
uhf_short,84786,34900937,MeerKAT:array_1:20250729T175426Z,ex_ASASSN-V_J183039.47-355100.3,32,647.9679225087166,-0.05133671265866724,130.0171,2,0.03125,0,0.9985366130878583,pruned
mk_sample_hits,15098,35877522,MeerKAT:array_1:20240319T020710Z,Gaia_2543037354139398912,26,1687.4974334537983,-0.005044025162275165,230.80109,3,0.046875,-1,0.9985471288350872,pruned
uhf_long,24872,706370,MeerKAT:array_1:20250715T135202Z,ex_LEDA_682319,52,560.3224831819534,0.0183345402352383,91.91203,4,0.0625,-1,0.9985724745939866,pruned
sband_long,21135,347302,MeerKAT:array_1:20250724T180802Z,Gaia_5883214904665310976,27,2190.119974082336,-0.010540854454720182,44.38786,3,0.046875,-1,0.998594459557566,pruned
uhf_short,114815,383910,MeerKAT:array_1:20250730T204925Z,Gaia_2699045753334219008,56,551.9790651798248,-0.00855611877644454,39.64342,2,0.03125,0,0.9986021100656592,pruned
sband_long,21099,347266,MeerKAT:array_1:20250724T180802Z,Gaia_5883175837640804352,9,2190.119974082336,-0.010540854454720182,49.836605,3,0.046875,-1,0.9986086382738095,pruned
uhf_long,62459,6150141,MeerKAT:array_1:20250723T015429Z,Gaia_4661456443051461248,61,587.9867061972618,-0.0427805938822227,35.546604,1,0.015625,0,0.9986245030951525,pruned
uhf_short,43851,4679503,MeerKAT:array_1:20250716T201432Z,Gaia_4429469561290444288,48,587.9934485554695,-0.03422447510577816,18.809143,4,0.0625,-1,0.9986330634369494,pruned
uhf_short,48203,12890241,MeerKAT:array_1:20250723T214437Z,Gaia_2682550471872804736,62,599.9707797765732,-0.03422447510577816,162.1605,4,0.0625,-1,0.998679293758596,pruned
uhf_short,48072,12889949,MeerKAT:array_1:20250723T214437Z,ex_LEDA_1225072,26,599.9707797765732,-0.02566835632933362,159.02892,4,0.0625,-1,0.9986804481039827,pruned
uhf_short,24124,1114172,MeerKAT:array_1:20250713T150856Z,Gaia_1456165372734634240,3,575.9942892789841,0.02566835632933362,36.58979,2,0.03125,0,0.9987057625925323,pruned
uhf_short,9599,404141,MeerKAT:array_1:20250731T233401Z,Gaia_2536499829799384448,58,551.9903196692467,0.02566835632933362,54.064896,2,0.03125,0,0.9987121464782481,pruned
uhf_short,48174,12890176,MeerKAT:array_1:20250723T214437Z,Gaia_2682593902582126208,54,599.9707797765732,-0.02566835632933362,162.99573,4,0.0625,-1,0.9987211729825856,pruned
uhf_long,67411,8756972,MeerKAT:array_1:20250707T173400Z,Gaia_6143878840653944832,21,599.943297624588,-0.0081486845489948,78.69002,1,0.015625,0,0.9987404579764053,pruned
uhf_long,164771,978528,MeerKAT:array_1:20250713T205023Z,Gaia_6757775352547754624,33,563.9467054009438,-0.0040743422744974,31.20539,1,0.015625,0,0.998740703725821,pruned
uhf_short,144420,1212291,MeerKAT:array_1:20250720T235835Z,Gaia_2682587374231791744,30,575.000625371933,0.01711223755288908,292.28287,1,0.015625,0,0.9987497564008763,pruned
uhf_short,9608,404174,MeerKAT:array_1:20250731T233401Z,Gaia_2536500521289276416,62,551.9903196692467,0.02566835632933362,52.91135,2,0.03125,0,0.9987513162162657,pruned
uhf_long,53614,1627471,MeerKAT:array_1:20250702T185632Z,ex_ASASSN-V_J174418.84-160514.0,46,587.9941304922104,-0.0468549361567201,15.7778015,4,0.0625,-1,0.9987926250883086,pruned
uhf_short,92820,35385763,MeerKAT:array_1:20250704T005510Z,Gaia_2682511026893166848,57,671.9993590712547,-0.05133671265866724,18.414503,3,0.046875,-1,0.9987984764183172,pruned
uhf_long,143878,35882019,MeerKAT:array_1:20240926T000251Z,Gaia_2775929314360214400,51,552.0094047784805,-0.024446053646984402,14.21006,4,0.0625,-1,0.9988017420492477,pruned
uhf_long,87260,33361107,MeerKAT:array_1:20250716T012443Z,Gaia_4669700070136544640,48,613.1965557932854,0.012223026823492201,52.637688,1,0.015625,0,0.9988104241390318,pruned
lband_short,17450,430398,MeerKAT:array_1:20250706T141948Z,Gaia_4802447648011278464,15,871.9998113512993,-0.05125380406827991,12.129808,4,0.0625,-1,0.9988207583721533,pruned
uhf_long,40666,1121165,MeerKAT:array_1:20250713T194539Z,Gaia_6024354608113756288,43,574.9968022704124,0.0713009898037045,5299.0205,1,0.015625,0,0.9988216286372643,pruned
uhf_short,24186,1114734,MeerKAT:array_1:20250713T150856Z,Gaia_1456187775284134400,58,576.0390478372574,-0.1711223755288908,43.884953,2,0.03125,0,0.998821716337992,pruned
uhf_short,48200,12890233,MeerKAT:array_1:20250723T214437Z,Gaia_2682779234718308224,61,599.9707797765732,-0.02566835632933362,157.9587,4,0.0625,-1,0.9988567675340901,pruned
uhf_long,4233,71633,MeerKAT:array_1:20250708T010310Z,Gaia_6441843296323637376,39,544.0827443599701,-0.006111513411746101,17.362635,3,0.046875,-1,0.998858233361817,pruned
uhf_short,85500,34903114,MeerKAT:array_1:20250730T185654Z,Gaia_4426444014531979136,17,649.9951390624046,0.1711223755288908,27.83865,2,0.03125,0,0.9988600512092126,pruned
uhf_long,143800,35881925,MeerKAT:array_1:20240926T000251Z,Gaia_2776189726817516928,27,552.0094047784805,-0.024446053646984402,14.6200905,4,0.0625,-1,0.9988615256436296,pruned
uhf_long,148305,35901066,MeerKAT:array_1:20240925T225556Z,Gaia_2775987244878600064,33,743.9774811267853,-0.038706251607725305,11.307399,2,0.03125,0,0.9988720434106378,pruned
uhf_long,143729,35881842,MeerKAT:array_1:20240926T000251Z,Gaia_2776267719128173568,5,552.0094047784805,-0.024446053646984402,13.958993,4,0.0625,-1,0.9988780085719087,pruned
uhf_long,163246,759435,MeerKAT:array_1:20250723T015429Z,Gaia_4661491631768192000,40,559.2504016160965,0.0040743422744974,129.33621,2,0.03125,0,0.9989254238311079,pruned
lband_short,17864,431181,MeerKAT:array_1:20250706T145226Z,Gaia_4802467606722608768,12,876.1932491660118,0.05125380406827991,17.796825,3,0.046875,-1,0.9989293705872908,pruned
uhf_long,75427,12386992,MeerKAT:array_1:20250719T053812Z,Gaia_4669831015099402368,3,599.9431436061859,-0.0162973690979896,38.168194,2,0.03125,0,0.9989723369047515,pruned
uhf_short,138722,1125025,MeerKAT:array_1:20250714T021749Z,Gaia_2682779410809465088,47,575.9945932626724,0.00855611877644454,16.420448,2,0.03125,0,0.9989786174815394,pruned
sband_short,13398,1467302,MeerKAT:array_1:20250727T151713Z,Gaia_5922812372815440640,11,2024.004853097722,0.10710868236247928,20.44353,3,0.046875,-1,0.9990205494747446,pruned
uhf_short,143819,1188851,MeerKAT:array_1:20250720T043243Z,Gaia_6527995289400571136,48,575.9945122003555,-0.01711223755288908,21.064615,1,0.015625,0,0.9990262561167809,pruned
lband_short,29125,690090,MeerKAT:array_1:20250711T232653Z,Gaia_4216973030670027776,26,874.9934497028589,0.08200608650924786,48.923424,2,0.03125,0,0.9990342273361946,pruned
lband_short,451078,424773,MeerKAT:array_1:20250706T022717Z,ex_2MASX_J00214584+0033275,18,874.9937191605568,0.010250760813655982,20.981655,2,0.03125,0,0.9990389019906383,pruned
uhf_long,92377,33463886,MeerKAT:array_1:20250705T182441Z,Gaia_6024557330567517824,50,623.969203710556,0.006111513411746101,79.6779,2,0.03125,0,0.9990491553927,pruned
uhf_short,114803,383886,MeerKAT:array_1:20250730T204925Z,Gaia_2699252122218678912,53,551.9790651798248,-0.00855611877644454,37.593082,2,0.03125,0,0.9990511804503773,pruned
uhf_short,72868,33594749,MeerKAT:array_1:20250718T213759Z,Gaia_2698993565187261952,27,623.9689584970474,-0.06844895021155632,225.50273,2,0.03125,0,0.9990542722592838,pruned
uhf_long,186073,33463846,MeerKAT:array_1:20250705T182441Z,Gaia_6024451846168225792,40,623.969203710556,-0.0020371711372487,80.40909,1,0.015625,0,0.99905837644878,pruned
lband_long,20291,435481,MeerKAT:array_1:20250707T231708Z,Gaia_6440697502128807936,49,875.004655316472,0.05548427678502682,20.156431,1,0.015625,0,0.9990611175040772,pruned
uhf_long,116490,34814449,MeerKAT:array_1:20250715T053823Z,Gaia_4669721476253687552,58,650.0040792226791,0.038706251607725305,33.00115,3,0.046875,-1,0.9990986560669998,pruned
uhf_short,169241,15148904,MeerKAT:array_1:20250731T212434Z,Gaia_2699629151627607168,29,599.9429287910461,0.01711223755288908,158.04863,1,0.015625,0,0.9991180490947981,pruned
uhf_short,50193,13618452,MeerKAT:array_1:20250729T175426Z,J1830-3602,0,599.9702994823456,-0.05989283143511178,96.30439,1,0.015625,0,0.9991232859158655,pruned
lband_short,452174,427093,MeerKAT:array_1:20250706T070740Z,Gaia_4802493243384120064,14,874.9941512495279,-0.010250760813655982,47.287357,1,0.015625,0,0.9991528057183138,pruned
sband_short,13394,1467294,MeerKAT:array_1:20250727T151713Z,Gaia_5922804641874277760,7,2024.004853097722,0.10710868236247928,20.107557,3,0.046875,-1,0.9991635970012133,pruned
uhf_long,102749,33647799,MeerKAT:array_1:20250729T055516Z,Gaia_4669693369987462784,17,623.9931444525719,-0.012223026823492201,58.32476,4,0.0625,-1,0.9991664313529823,pruned
uhf_long,11723,283096,MeerKAT:array_1:20250715T143518Z,ex_LEDA_788944,12,551.9657628536224,0.022408882509735703,419.87,3,0.046875,-1,0.9991927524824133,pruned
uhf_short,184102,33526908,MeerKAT:array_1:20250713T164848Z,Gaia_1315968741021590912,47,625.0207775235176,-0.01711223755288908,26.273878,4,0.0625,-1,0.9991938528082628,pruned
lband_long,75400,2502643,MeerKAT:array_1:20250707T231708Z,Gaia_6440637510025518720,58,924.9989054352045,0.10088050324550331,20.036367,1,0.015625,0,0.9992043887772097,pruned
lband_long,24148,692643,MeerKAT:array_1:20250712T161927Z,Gaia_6440709390598240896,2,875.0008924752474,0.07061635227185231,10.979162,3,0.046875,-1,0.9992090706635891,pruned
uhf_long,168985,1158012,MeerKAT:array_1:20250718T015317Z,J0408-6545,0,575.9777262210846,-0.0020371711372487,16.92881,2,0.03125,0,0.999216360011996,pruned
lband_short,447255,390818,MeerKAT:array_1:20250731T033944Z,ex_SDSS_J002347.76+001920.4,17,863.9559824764729,0.020501521627311965,34.167645,4,0.0625,-1,0.9992223859825127,pruned
lband_long,24260,692755,MeerKAT:array_1:20250712T161927Z,Gaia_6441450839392144512,58,875.0008924752474,0.07061635227185231,11.212801,3,0.046875,-1,0.9992580021508407,pruned
uhf_short,47904,12889089,MeerKAT:array_1:20250723T211918Z,Gaia_2698982020315332224,62,599.9856861233711,-0.03422447510577816,31.52922,2,0.03125,0,0.9992684074202719,pruned
uhf_long,83544,33191512,MeerKAT:array_1:20250707T173400Z,Gaia_6144522226754752256,13,611.9930722117424,0.040743422744974,14.411533,4,0.0625,-1,0.9992709815002925,pruned
uhf_short,101221,35436265,MeerKAT:array_1:20250717T200827Z,Gaia_4426373096032017280,9,675.0020349621773,0.05989283143511178,46.60738,4,0.0625,-1,0.9992744950302139,pruned
lband_short,20425,442859,MeerKAT:array_1:20250708T112920Z,Gaia_2973935003288858624,58,874.9924547821283,-0.2255167379004316,13.16904,4,0.0625,-1,0.9992748006441421,pruned
uhf_long,143901,35882047,MeerKAT:array_1:20240926T000251Z,Gaia_2776010059745395328,58,552.0094047784805,-0.024446053646984402,13.987736,4,0.0625,-1,0.9992787095359732,pruned
uhf_long,53606,1627463,MeerKAT:array_1:20250702T185632Z,ex_ASASSN-V_J174406.19-160011.8,42,587.9941304922104,-0.0468549361567201,14.354669,4,0.0625,-1,0.9992799987243485,pruned
lband_short,20440,442874,MeerKAT:array_1:20250708T112920Z,ex_ATO_J072.0068-21.7529,63,874.9924547821283,-0.2255167379004316,13.171026,4,0.0625,-1,0.9992872439935214,pruned
uhf_long,70903,11370956,MeerKAT:array_1:20250714T162550Z,Gaia_4077157998290927104,38,599.9433908462524,-0.006111513411746101,126.94368,3,0.046875,-1,0.9992941880511981,pruned
uhf_long,7305,255665,MeerKAT:array_1:20250713T205023Z,Gaia_6757672445130624256,41,549.9948673844337,0.055003620705714906,137.09146,2,0.03125,0,0.9993081675255079,pruned
lband_long,24109,692541,MeerKAT:array_1:20250712T121643Z,ex_LEDA_310383,29,874.9954825937748,-0.12610062905687913,62.06782,1,0.015625,0,0.9993273500487359,pruned
lband_short,443217,312217,MeerKAT:array_1:20250719T015811Z,Gaia_2312006051061066624,34,863.9991371631622,-0.020501521627311965,16.241438,1,0.015625,0,0.9993439874155094,pruned
uhf_long,7319,255679,MeerKAT:array_1:20250713T205023Z,Gaia_6757717280293314304,55,549.9948673844337,0.055003620705714906,136.84271,2,0.03125,0,0.9993468418894014,pruned
lband_short,67043,1863643,MeerKAT:array_1:20250705T144414Z,ex_ESO_328-10,43,924.9956129491329,-0.14351065139118374,18.433474,2,0.03125,0,0.9993623416494364,pruned
lband_short,447210,390741,MeerKAT:array_1:20250731T033944Z,ex_SN_2006ng,2,863.9559824764729,0.020501521627311965,31.497328,4,0.0625,-1,0.9993625529991905,pruned
lband_short,86333,2611675,MeerKAT:array_1:20250708T092055Z,Gaia_2973747673995344640,47,924.9979790747166,-0.14351065139118374,13.189352,2,0.03125,0,0.9993833800999993,pruned
uhf_short,25723,1116979,MeerKAT:array_1:20250713T164848Z,ex_LEDA_1783593,21,575.9724450111389,-0.11978566287022356,73.74715,1,0.015625,0,0.9993867902778146,pruned
uhf_long,100463,33630782,MeerKAT:array_1:20250723T015429Z,Gaia_4661485824971341568,33,624.0002688169479,-0.0713009898037045,61.61483,1,0.015625,0,0.9993878234381848,pruned
uhf_short,150245,1856000,MeerKAT:array_1:20250705T005108Z,Gaia_2682525041370864512,11,587.9772675037384,-0.01711223755288908,18.966043,1,0.015625,0,0.9993926017660448,pruned
uhf_short,48550,12891003,MeerKAT:array_1:20250723T234200Z,Gaia_2682594383618465536,25,601.3522437810898,0.03422447510577816,25.026794,3,0.046875,-1,0.9993964713814082,pruned
uhf_short,185845,33559231,MeerKAT:array_1:20250717T200827Z,Gaia_4426471811560518656,37,623.9930745363235,0.01711223755288908,15.58658,2,0.03125,0,0.9994129505433551,pruned
uhf_short,41991,4418976,MeerKAT:array_1:20250713T183111Z,Gaia_1315326110835487744,18,587.9938042163849,-0.05133671265866724,33.66001,3,0.046875,-1,0.9994235092847307,pruned
uhf_short,98549,35410795,MeerKAT:array_1:20250713T183111Z,Gaia_1315905519102979712,46,674.9957121014595,0.17967849430533533,78.92284,1,0.015625,0,0.9994263024935796,pruned
lband_short,447243,390798,MeerKAT:array_1:20250731T033944Z,ex_SDSS_J002308.74+002239.7,13,863.9559824764729,0.020501521627311965,32.72791,4,0.0625,-1,0.9994382082341594,pruned
uhf_long,50550,1232285,MeerKAT:array_1:20250728T151003Z,ex_V1637_Cen,8,576.050518155098,0.048892107293968805,59.389683,1,0.015625,0,0.9994782078893832,pruned
uhf_long,116674,34828391,MeerKAT:array_1:20250715T124827Z,ex_[VV2006]_J131624.0-015835,14,647.9930143356323,0.055003620705714906,92.427315,3,0.046875,-1,0.9994798813099381,pruned
mk_sample_hits,14838,35831192,MeerKAT:array_1:20240319T020710Z,Gaia_2530979151851814144,3,1273.7320051044226,-0.005044025162275165,17.625536,3,0.046875,-1,0.9994823971196608,pruned
uhf_long,61079,4690538,MeerKAT:array_1:20250718T015317Z,Gaia_4669753907550640768,34,587.9921079874039,0.020371711372487,17.045506,4,0.0625,-1,0.999484759175118,pruned
uhf_short,31936,1142797,MeerKAT:array_1:20250716T222802Z,J1550+0527,0,575.0021229982376,0.0427805938822227,25.864668,3,0.046875,-1,0.999489136657664,pruned
uhf_long,12874,297797,MeerKAT:array_1:20250717T054309Z,Gaia_4669682374871238272,20,544.0542854070663,-0.081486845489948,11.936327,4,0.0625,-1,0.999494417518916,pruned
lband_short,447374,391021,MeerKAT:array_1:20250731T033944Z,Gaia_2545307643788696064,56,863.9559824764729,0.020501521627311965,33.809135,4,0.0625,-1,0.9994995390758091,pruned
uhf_long,66523,8287474,MeerKAT:array_1:20250705T190623Z,ex_ASASSN-V_J182724.69-121138.8,19,601.351532459259,0.014260197960740902,22.57279,4,0.0625,-1,0.9995031114130573,pruned
uhf_short,42120,4419111,MeerKAT:array_1:20250713T183111Z,Gaia_1315969600015052672,49,587.9938042163849,-0.05133671265866724,34.299187,3,0.046875,-1,0.9995063755498202,pruned
uhf_short,48529,12890972,MeerKAT:array_1:20250723T234200Z,Gaia_2682536521818950784,5,601.3522437810898,0.02566835632933362,21.310015,4,0.0625,-1,0.9995072495236276,pruned
uhf_short,138726,1125052,MeerKAT:array_1:20250714T021749Z,Gaia_2682518616099792128,50,575.9945932626724,0.00855611877644454,18.40775,2,0.03125,0,0.9995266407123968,pruned
uhf_long,111855,34634052,MeerKAT:array_1:20250705T174237Z,Gaia_6120544966231155968,32,647.9930183887482,-0.014260197960740902,653.3208,2,0.03125,0,0.9995285324719619,pruned
uhf_long,66515,8287466,MeerKAT:array_1:20250705T190623Z,ex_ASASSN-V_J182808.49-120849.5,11,601.351532459259,0.014260197960740902,22.864958,4,0.0625,-1,0.9995484987348412,pruned
lband_long,24164,692659,MeerKAT:array_1:20250712T161927Z,Gaia_6441087553878309120,10,875.0008924752474,0.07061635227185231,10.395892,3,0.046875,-1,0.999554676782627,pruned
uhf_short,43546,4548882,MeerKAT:array_1:20250715T222140Z,Gaia_4426397731964463616,45,587.985577404499,-0.03422447510577816,17.148926,3,0.046875,-1,0.9995567879652683,pruned
uhf_short,141062,1156485,MeerKAT:array_1:20250717T220401Z,Gaia_2699022972829013120,14,572.7169783115387,0.00855611877644454,35.080162,4,0.0625,-1,0.9995601892781681,pruned
uhf_long,111821,34634006,MeerKAT:array_1:20250705T174237Z,Gaia_6120585751241043712,9,647.9930183887482,-0.014260197960740902,646.5835,2,0.03125,0,0.9995678999634522,pruned
uhf_short,116179,400964,MeerKAT:array_1:20250731T212434Z,Gaia_2699234942349561856,37,551.9474944472313,0.01711223755288908,204.46568,1,0.015625,0,0.9995804684906964,pruned
uhf_long,64993,7199465,MeerKAT:array_1:20250702T185632Z,ex_ASASSN-V_J174307.57-161633.7,8,599.9438944458961,-0.048892107293968805,41.316364,4,0.0625,-1,0.9995862687462228,pruned
uhf_long,64999,7199484,MeerKAT:array_1:20250702T185632Z,ex_ASASSN-V_J174514.31-153842.6,14,599.9438944458961,-0.048892107293968805,41.528927,4,0.0625,-1,0.9995894568151766,pruned
uhf_long,71370,11382542,MeerKAT:array_1:20250715T124827Z,ex_[VV2006]_J131714.2-022516,21,599.9626583456993,0.0162973690979896,45.235126,1,0.015625,0,0.9995909405484014,pruned
lband_short,21683,445227,MeerKAT:array_1:20250708T131910Z,Gaia_2973725340165506816,26,875.0021217763424,-0.16401217301849572,25.18909,1,0.015625,0,0.9996089753178848,pruned
uhf_short,163393,11572410,MeerKAT:array_1:20250717T021511Z,ex_LEDA_3096664,50,599.9431952834129,-0.00855611877644454,50.561207,3,0.046875,-1,0.9996156389107177,pruned
uhf_long,133705,35418346,MeerKAT:array_1:20250715T135202Z,ex_ASASSN-V_J153641.93-331910.4,20,671.9929440021515,0.0468549361567201,99.60107,4,0.0625,-1,0.999618907509737,pruned
lband_short,29085,690049,MeerKAT:array_1:20250711T232653Z,Gaia_4216769621019652224,11,874.9934497028589,0.08200608650924786,50.50164,2,0.03125,0,0.9996200965811862,pruned
uhf_long,133686,35418327,MeerKAT:array_1:20250715T135202Z,ex_4FGL_J1534.3-3312,1,671.9929440021515,0.0468549361567201,105.648544,4,0.0625,-1,0.9996222169048685,pruned
uhf_long,179436,11226750,MeerKAT:array_1:20250713T145219Z,Gaia_6440692481309881728,26,599.9437444806099,0.0040743422744974,175.86906,3,0.046875,-1,0.9996238522230977,pruned
uhf_long,11774,283147,MeerKAT:array_1:20250715T143518Z,Gaia_6272554652090652928,29,551.9657628536224,0.022408882509735703,456.76813,3,0.046875,-1,0.9996440677098483,pruned
uhf_short,177240,33459486,MeerKAT:array_1:20250704T222921Z,Gaia_2699046994580674304,43,623.9845609664917,-0.00855611877644454,18.846127,3,0.046875,-1,0.9996483897022332,pruned
uhf_long,116666,34828379,MeerKAT:array_1:20250715T124827Z,ex_[VV2006]_J131604.1-013605,10,647.9930143356323,0.055003620705714906,90.53655,3,0.046875,-1,0.999650507764443,pruned
uhf_long,129337,35383945,MeerKAT:array_1:20250702T185632Z,ex_ASASSN-V_J174403.73-152506.9,41,671.9932935833931,-0.0631523052547097,72.251686,4,0.0625,-1,0.999651105409535,pruned
lband_short,120877,4368445,MeerKAT:array_1:20250713T104242Z,Gaia_5096260279056555520,63,924.9903162717819,-0.25626902034139953,23.058603,2,0.03125,0,0.9996553183695865,pruned
uhf_long,155140,260426,MeerKAT:array_1:20250714T162550Z,Gaia_4077478467187256960,5,551.9656878709793,-0.0020371711372487,500.7903,1,0.015625,0,0.9996583479295439,pruned
uhf_short,97551,35409671,MeerKAT:array_1:20250713T164848Z,ex_LEDA_1788535,10,675.0000783205032,0.1711223755288908,74.21149,3,0.046875,-1,0.9996612347869219,pruned
uhf_long,113832,34643573,MeerKAT:array_1:20250708T010310Z,Gaia_6441837386448623616,22,649.9995883703232,0.038706251607725305,28.589474,4,0.0625,-1,0.9996633617348871,pruned
uhf_long,133748,35418389,MeerKAT:array_1:20250715T135202Z,Gaia_6014539542668216832,63,671.9929440021515,0.0468549361567201,106.12801,4,0.0625,-1,0.9996707940349261,pruned
uhf_long,133690,35418331,MeerKAT:array_1:20250715T135202Z,ex_RX_J1534.3-3300,5,671.9929440021515,0.0468549361567201,106.026726,4,0.0625,-1,0.9996707940349261,pruned
uhf_long,61050,4690478,MeerKAT:array_1:20250718T015317Z,Gaia_4669691067884995328,4,587.9921079874039,0.020371711372487,16.856903,4,0.0625,-1,0.9996718109353449,pruned
uhf_long,116760,34828520,MeerKAT:array_1:20250715T124827Z,ex_UGC_8340,57,647.9930143356323,0.055003620705714906,90.41059,3,0.046875,-1,0.9996797741952168,pruned
uhf_short,47779,12888720,MeerKAT:array_1:20250723T211918Z,Gaia_2699021499654909056,21,599.9856861233711,-0.03422447510577816,30.98859,2,0.03125,0,0.9996907446924563,pruned
uhf_long,61092,4690562,MeerKAT:array_1:20250718T015317Z,Gaia_4669748551727376000,46,587.9921079874039,0.020371711372487,18.115374,4,0.0625,-1,0.9996954180894227,pruned
lband_short,120851,4368414,MeerKAT:array_1:20250713T104242Z,Gaia_5096070682019896832,50,924.9903162717819,-0.25626902034139953,20.445919,2,0.03125,0,0.9996988923815363,pruned
uhf_short,54546,27877159,MeerKAT:array_1:20250713T175609Z,Gaia_1456208013169974656,51,608.0524181723595,-0.0855611877644454,15.547091,1,0.015625,0,0.9997056588574952,pruned
uhf_long,112185,34634583,MeerKAT:array_1:20250705T180344Z,Gaia_5820275869784944512,18,649.9970440268517,0.059077962980212305,33.21699,2,0.03125,0,0.9997182843322113,pruned
uhf_short,101681,35449409,MeerKAT:array_1:20250718T194550Z,Gaia_4426392543643753344,3,671.9836573004723,-0.0427805938822227,22.809072,2,0.03125,0,0.9997196590867858,pruned
uhf_long,65005,7199502,MeerKAT:array_1:20250702T185632Z,ex_ASASSN-V_J174245.73-155210.4,20,599.9438944458961,-0.048892107293968805,23.08862,4,0.0625,-1,0.9997200704193593,pruned
uhf_long,58488,4544002,MeerKAT:array_1:20250715T130947Z,ex_Gaia_DR3_5832981929253923840,21,587.0345765948296,-0.0753753320782019,42.665836,4,0.0625,-1,0.9997219815018198,pruned
uhf_long,457,11923,MeerKAT:array_1:20250702T181451Z,ex_ASASSN-V_J153739.77-692830.9,45,551.9875574707985,-0.06926381866645581,255.9798,1,0.015625,0,0.9997320461073876,pruned
uhf_short,97719,35409845,MeerKAT:array_1:20250713T172342Z,Gaia_1456203512044246400,12,671.984422326088,-0.0855611877644454,24.037477,4,0.0625,-1,0.9997344025369759,pruned
uhf_short,177154,33459322,MeerKAT:array_1:20250704T222921Z,Gaia_2699059638964408832,3,623.9845609664917,-0.00855611877644454,20.544403,3,0.046875,-1,0.9997415204131967,pruned
uhf_long,11798,283171,MeerKAT:array_1:20250715T143518Z,Gaia_6272555064407513984,37,551.9657628536224,0.022408882509735703,449.6697,3,0.046875,-1,0.9997559862405392,pruned
lband_short,33472,738024,MeerKAT:array_1:20250719T212149Z,Gaia_4216977119478326016,3,875.0023418068886,0.05125380406827991,14.23644,4,0.0625,-1,0.9997675658672792,pruned
lband_short,83347,2268319,MeerKAT:array_1:20250706T124159Z,Gaia_4802458265170517760,36,924.9916141331196,-0.05125380406827991,48.214745,1,0.015625,0,0.9997685587173999,pruned
lband_short,440076,243911,MeerKAT:array_1:20250712T084022Z,ex_2dFGRS_TGS138Z224,6,863.9900888055563,0.020501521627311965,18.878386,4,0.0625,-1,0.9997692730352477,pruned
uhf_short,165803,12891012,MeerKAT:array_1:20250723T234200Z,Gaia_2682551880622063104,32,601.3522447943687,0.01711223755288908,22.70824,3,0.046875,-1,0.9997726884120739,pruned
uhf_long,120961,34878028,MeerKAT:array_1:20250723T015429Z,Gaia_4661445757172327168,30,649.9970227479935,0.0651894763919584,22.351488,1,0.015625,0,0.999780441692402,pruned
uhf_short,40911,4417627,MeerKAT:array_1:20250713T164848Z,ex_LEDA_57286,17,587.9782088398933,-0.02566835632933362,24.481113,3,0.046875,-1,0.9997876217863194,pruned
uhf_short,79425,34637904,MeerKAT:array_1:20250706T001134Z,Gaia_2699268374374965120,56,649.995000243187,0.07700506898800086,17.431206,2,0.03125,0,0.9997893759798108,pruned
uhf_short,97815,35409942,MeerKAT:array_1:20250713T172342Z,Gaia_1468318824513756416,60,671.984422326088,-0.0855611877644454,25.520351,4,0.0625,-1,0.9997961759381467,pruned
uhf_long,21358,423070,MeerKAT:array_1:20250705T182441Z,Gaia_6024558253962301696,9,558.3992787003517,0.0325947381959792,18.778198,2,0.03125,0,0.999799553519447,pruned
lband_short,21815,445364,MeerKAT:array_1:20250708T131910Z,ex_LEDA_819192,58,874.9923718720675,-0.16401217301849572,36.174553,4,0.0625,-1,0.999806370422477,pruned
uhf_long,58505,4544019,MeerKAT:array_1:20250715T130947Z,ex_ASASSN-V_J161455.85-595337.3,38,587.0345765948296,-0.0753753320782019,41.976913,4,0.0625,-1,0.9998081429098218,pruned
uhf_long,66560,8287511,MeerKAT:array_1:20250705T190623Z,Gaia_4153387306866283264,56,601.351532459259,0.014260197960740902,23.692217,4,0.0625,-1,0.9998130598872605,pruned
uhf_short,30138,1128458,MeerKAT:array_1:20250715T023108Z,J2212+0152,0,575.9927865862846,0.03422447510577816,20.278463,1,0.015625,0,0.9998130703516729,pruned
uhf_short,16368,1059410,MeerKAT:array_1:20250701T230223Z,J2212+0152,0,575.987295627594,-0.05133671265866724,16.854418,2,0.03125,0,0.9998197415934604,pruned
uhf_long,112204,34634602,MeerKAT:array_1:20250705T180344Z,Gaia_5820010097205620480,37,649.9970440268517,0.05704079184296361,34.919598,2,0.03125,0,0.9998208630416875,pruned
uhf_long,20654,415632,MeerKAT:array_1:20250702T183548Z,ex_ASASSN-V_J163447.37-330225.7,30,558.397549033165,0.059077962980212305,36.29107,3,0.046875,-1,0.9998239985446823,pruned
uhf_long,23968,704996,MeerKAT:array_1:20250715T130947Z,ex_ASASSN-V_J160920.92-603249.5,55,558.3987791538239,-0.0468549361567201,21.55602,1,0.015625,0,0.9998241057877219,pruned
uhf_short,157185,4548787,MeerKAT:array_1:20250715T222140Z,Gaia_4426450268004514816,28,587.9920147657394,0.01711223755288908,37.277325,3,0.046875,-1,0.9998267385026697,pruned
uhf_long,63773,6271753,MeerKAT:array_1:20250731T221802Z,Gaia_4669837470433574016,52,587.9769321084023,-0.0183345402352383,47.028267,2,0.03125,0,0.9998271811395062,pruned
uhf_short,41041,4417834,MeerKAT:array_1:20250713T164848Z,Gaia_1315923489246395648,45,587.9782088398933,-0.02566835632933362,26.431955,3,0.046875,-1,0.9998273404062649,pruned
uhf_long,65040,7199611,MeerKAT:array_1:20250702T185632Z,ex_ASASSN-V_J174436.17-154152.2,55,599.9438944458961,-0.048892107293968805,38.899662,4,0.0625,-1,0.9998284935616832,pruned
uhf_long,21405,423117,MeerKAT:array_1:20250705T182441Z,Gaia_6024423808620220288,56,558.3992787003517,0.034631909333227906,18.428404,2,0.03125,0,0.9998347702605365,pruned
uhf_long,176753,4690587,MeerKAT:array_1:20250718T015317Z,Gaia_4669750888189606656,59,587.9772624373436,-0.0020371711372487,13.812977,4,0.0625,-1,0.9998357657787019,pruned
lband_short,20355,442789,MeerKAT:array_1:20250708T112920Z,Gaia_2973725340165506816,34,875.003072053194,-0.1230091297638718,24.291882,4,0.0625,-1,0.9998360360306395,pruned
uhf_short,155851,4417890,MeerKAT:array_1:20250713T164848Z,Gaia_1315321128673450368,53,587.980122923851,0.01711223755288908,26.259161,3,0.046875,-1,0.9998384066097981,pruned
uhf_short,73603,33616697,MeerKAT:array_1:20250720T194306Z,Gaia_4426370519051570688,42,623.970066010952,-0.11122954409377903,213.21976,1,0.015625,0,0.9998385202652594,pruned
uhf_long,1460,43141,MeerKAT:array_1:20250705T060310Z,Gaia_6440628198536349312,6,544.0822448134422,0.0081486845489948,24.377426,4,0.0625,-1,0.9998392837872466,pruned
lband_short,21706,445250,MeerKAT:array_1:20250708T131910Z,Gaia_2973728123304216832,32,874.9923718720675,-0.16401217301849572,35.644592,4,0.0625,-1,0.9998395696053719,pruned
lband_short,440101,244040,MeerKAT:array_1:20250712T084022Z,Gaia_2322720413916475136,25,863.9900888055563,0.020501521627311965,17.372688,4,0.0625,-1,0.9998408926596254,pruned
uhf_short,73414,33616508,MeerKAT:array_1:20250720T194306Z,ex_LEDA_1280019,4,623.970064997673,-0.09411730654088994,217.71288,2,0.03125,0,0.9998409902338018,pruned
lband_short,16146,428227,MeerKAT:array_1:20250706T093833Z,Gaia_4802831137051634688,23,872.0094528347254,-0.04100304325462393,12.776038,2,0.03125,0,0.999842562050654,pruned
uhf_short,43079,4541991,MeerKAT:array_1:20250715T023108Z,ex_LEDA_1211625,26,587.9926359057426,0.0427805938822227,24.07223,2,0.03125,0,0.9998431152340066,pruned
uhf_short,32745,1156512,MeerKAT:array_1:20250717T220401Z,Gaia_2699060601037094912,41,572.7165659070015,0.02566835632933362,36.01204,4,0.0625,-1,0.9998490324655864,pruned
uhf_short,73404,33616498,MeerKAT:array_1:20250720T194306Z,Gaia_4426422367896713600,2,623.970064997673,-0.09411730654088994,218.32626,2,0.03125,0,0.9998513305818834,pruned
uhf_short,155757,4417635,MeerKAT:array_1:20250713T164848Z,ex_LEDA_1775065,18,587.980122923851,0.01711223755288908,23.96122,3,0.046875,-1,0.9998558711051415,pruned
uhf_short,75335,33714735,MeerKAT:array_1:20250706T001134Z,Gaia_2699000677653442944,47,629.989515542984,0.02566835632933362,19.70417,3,0.046875,-1,0.9998559476591508,pruned
uhf_long,124980,34994127,MeerKAT:array_1:20250713T205023Z,Gaia_6757657528701828864,39,658.6250150799751,0.0651894763919584,22.778015,2,0.03125,0,0.9998606928525668,pruned
uhf_short,36786,1214357,MeerKAT:array_1:20250721T223354Z,Gaia_2682779647032772864,19,572.7165932655334,0.02566835632933362,49.53241,1,0.015625,0,0.9998607718044106,pruned
uhf_short,43846,4679497,MeerKAT:array_1:20250716T201432Z,Gaia_4426405600344360576,47,587.9934475421906,-0.02566835632933362,16.481594,4,0.0625,-1,0.9998662824109731,pruned
uhf_short,67675,33528228,MeerKAT:array_1:20250713T175609Z,Gaia_1456305835345169024,29,625.0006629228592,0.17967849430533533,53.08096,3,0.046875,-1,0.9998668171101454,pruned
uhf_long,103859,33714116,MeerKAT:array_1:20250705T180344Z,Gaia_5820224257142370176,23,629.986801981926,0.040743422744974,15.748887,3,0.046875,-1,0.9998712939397175,pruned
uhf_long,102168,33633827,MeerKAT:array_1:20250726T235112Z,Gaia_6441455099999727360,32,623.992958009243,-0.0101858556862435,26.405052,1,0.015625,0,0.9998738986724808,pruned
uhf_short,75334,33714729,MeerKAT:array_1:20250706T001134Z,Gaia_2699011638409654656,41,629.989515542984,0.02566835632933362,16.607723,3,0.046875,-1,0.9998786598800997,pruned
uhf_long,40894,1121485,MeerKAT:array_1:20250713T200741Z,Gaia_4124077835927349248,43,572.7172427773476,0.0733381609409532,45.426796,4,0.0625,-1,0.9998811346431161,pruned
uhf_long,103894,33714151,MeerKAT:array_1:20250705T180344Z,Gaia_5820244155745049088,58,629.986801981926,0.040743422744974,16.421146,3,0.046875,-1,0.9998813674936549,pruned
uhf_long,121659,34878996,MeerKAT:array_1:20250723T030515Z,ex_ASASSN-V_J053807.45-691626.0,53,649.997242629528,0.0529664495684662,22.160213,3,0.046875,-1,0.9998821923196455,pruned
uhf_short,190662,34444089,MeerKAT:array_1:20250707T004747Z,J2212+0152,0,644.3084006905556,0.01711223755288908,25.428484,3,0.046875,-1,0.9998863506028145,pruned
uhf_long,35778,1064311,MeerKAT:array_1:20250702T183548Z,ex_ASASSN-V_J163630.68-324738.2,48,572.7148321866989,0.055003620705714906,28.609882,1,0.015625,0,0.999887522496957,pruned
uhf_long,63772,6271730,MeerKAT:array_1:20250731T221802Z,Gaia_4669056031200823040,29,587.9769321084023,-0.0183345402352383,46.410336,2,0.03125,0,0.9998878837505006,pruned
lband_short,440112,244113,MeerKAT:array_1:20250712T084022Z,Gaia_2323447431620627712,36,863.9900888055563,0.020501521627311965,16.256088,4,0.0625,-1,0.9998885831800316,pruned
uhf_short,157330,4548964,MeerKAT:array_1:20250715T222140Z,Gaia_4426445629439585536,59,587.9920147657394,0.01711223755288908,36.22402,3,0.046875,-1,0.9998893538106807,pruned
sband_short,14144,1468321,MeerKAT:array_1:20250727T162815Z,Gaia_5922440119411596032,56,2032.0112907793373,0.28919344237869404,15.9896555,2,0.03125,0,0.999891150946469,pruned
uhf_long,99147,33582522,MeerKAT:array_1:20250718T015317Z,Gaia_4669693747944615808,45,624.9952682256699,0.055003620705714906,535.8542,1,0.015625,0,0.9998930574408226,pruned
uhf_short,31970,1142865,MeerKAT:array_1:20250716T222802Z,Gaia_4426355160248380160,34,575.0021229982376,0.0427805938822227,26.330221,3,0.046875,-1,0.999895250165827,pruned
uhf_short,32744,1156481,MeerKAT:array_1:20250717T220401Z,Gaia_2699248720604580608,10,572.7165659070015,0.02566835632933362,35.083214,4,0.0625,-1,0.9998953765390333,pruned
uhf_long,35782,1064315,MeerKAT:array_1:20250702T183548Z,ex_ASASSN-V_J163639.64-324841.0,52,572.7144238352776,0.0631523052547097,29.478512,1,0.015625,0,0.9998981046028036,pruned
uhf_short,32747,1156532,MeerKAT:array_1:20250717T220401Z,Gaia_2699050224396083328,61,572.7165659070015,0.02566835632933362,35.79517,4,0.0625,-1,0.9998987274928761,pruned
uhf_short,155188,4416497,MeerKAT:array_1:20250713T154120Z,Gaia_1456210109114017536,12,587.0339959859848,0.01711223755288908,29.830038,1,0.015625,0,0.9998988126747106,pruned
uhf_long,121572,34878909,MeerKAT:array_1:20250723T030515Z,ex_M-OB6,9,649.997242629528,0.0529664495684662,21.513721,3,0.046875,-1,0.9998998466383485,pruned
uhf_long,20627,415605,MeerKAT:array_1:20250702T183548Z,ex_ASASSN-V_J163541.63-322853.2,3,558.397549033165,0.059077962980212305,38.737076,3,0.046875,-1,0.9999003477119318,pruned
sband_short,14103,1468247,MeerKAT:array_1:20250727T162815Z,Gaia_5922825390852030720,19,2032.0112907793373,0.28919344237869404,12.006904,2,0.03125,0,0.999901042399378,pruned
lband_short,32182,698890,MeerKAT:array_1:20250713T120523Z,Gaia_5096249318300023680,23,874.9907312095165,-0.1127583689502158,122.56776,3,0.046875,-1,0.9999052804445837,pruned
uhf_short,129233,1070950,MeerKAT:array_1:20250704T222921Z,Gaia_2699059638964408832,3,572.7163541316986,0.00855611877644454,49.071167,4,0.0625,-1,0.9999067560464866,pruned
lband_short,20430,442864,MeerKAT:array_1:20250708T112920Z,Gaia_2973639750057471488,59,875.003072053194,-0.1230091297638718,22.573795,4,0.0625,-1,0.9999080991633112,pruned
uhf_long,175542,1898925,MeerKAT:array_1:20250705T182441Z,Gaia_6024514690132639232,53,587.9936329722404,-0.0040743422744974,22.834127,2,0.03125,0,0.9999097040620687,pruned
uhf_long,1509,43288,MeerKAT:array_1:20250705T060310Z,Gaia_6441425718127908992,55,544.0822448134422,0.0081486845489948,22.689226,4,0.0625,-1,0.9999134365016006,pruned
uhf_long,176758,4690595,MeerKAT:array_1:20250718T015317Z,Gaia_4669686979076209920,63,587.9772624373436,-0.0020371711372487,13.087007,4,0.0625,-1,0.9999138542644855,pruned
uhf_long,20684,415662,MeerKAT:array_1:20250702T183548Z,Gaia_6024291489270494976,60,558.397549033165,0.059077962980212305,38.352203,3,0.046875,-1,0.9999146500605803,pruned
uhf_long,1500,43261,MeerKAT:array_1:20250705T060310Z,Gaia_6441839619831617152,46,544.0822448134422,0.0081486845489948,23.548021,4,0.0625,-1,0.9999154149288386,pruned
uhf_short,157198,4548803,MeerKAT:array_1:20250715T222140Z,Gaia_4426365708688082560,31,587.9920147657394,0.01711223755288908,35.53798,3,0.046875,-1,0.9999178134018227,pruned
uhf_long,124959,34994106,MeerKAT:array_1:20250713T205023Z,Gaia_6757685600607829504,18,658.6250150799751,0.0651894763919584,23.056786,2,0.03125,0,0.9999212444547804,pruned
uhf_short,129272,1070989,MeerKAT:array_1:20250704T222921Z,Gaia_2699630457297668480,42,572.7163541316986,0.00855611877644454,46.492336,4,0.0625,-1,0.9999220885871232,pruned
uhf_short,12863,755747,MeerKAT:array_1:20250721T223354Z,Gaia_2682466320578404736,16,558.3984437584877,0.03422447510577816,34.319107,1,0.015625,0,0.9999233996357358,pruned
uhf_long,40875,1121466,MeerKAT:array_1:20250713T200741Z,Gaia_4124088964113535744,24,572.7172427773476,0.0733381609409532,48.252144,4,0.0625,-1,0.9999249245548498,pruned
uhf_long,40856,1121447,MeerKAT:array_1:20250713T200741Z,Gaia_4148122261073757184,5,572.7172427773476,0.0733381609409532,48.615414,4,0.0625,-1,0.999925321905275,pruned
uhf_long,3708,69536,MeerKAT:array_1:20250707T173400Z,Gaia_6144299438211598336,35,548.0059335231781,0.022408882509735703,22.346037,1,0.015625,0,0.9999282945143899,pruned
uhf_long,83594,33191562,MeerKAT:array_1:20250707T173400Z,Gaia_6144647468001000832,43,611.9930722117424,0.040743422744974,15.190626,4,0.0625,-1,0.9999285883839745,pruned
uhf_long,40879,1121470,MeerKAT:array_1:20250713T200741Z,Gaia_4124142741481437696,28,572.7172427773476,0.0733381609409532,45.017258,4,0.0625,-1,0.9999291921091913,pruned
uhf_long,44358,1133522,MeerKAT:array_1:20250715T141354Z,ex_ASASSN-V_J151250.05-311941.7,24,572.71506524086,-0.0468549361567201,42.856525,1,0.015625,0,0.9999296875081196,pruned
uhf_long,70885,11370938,MeerKAT:array_1:20250714T162550Z,Gaia_4077370891195826432,32,599.9433908462524,-0.006111513411746101,128.42673,3,0.046875,-1,0.9999298443708252,pruned
uhf_short,3663,345800,MeerKAT:array_1:20250723T234200Z,Gaia_2682536521818950784,5,551.997122824192,-0.05133671265866724,52.426228,1,0.015625,0,0.9999303601629546,pruned
uhf_short,31937,1142799,MeerKAT:array_1:20250716T222802Z,Gaia_4426848394292054912,1,575.0021229982376,0.0427805938822227,29.960003,3,0.046875,-1,0.9999316038490508,pruned
uhf_long,169579,1189600,MeerKAT:array_1:20250720T052239Z,Gaia_4669729928749271936,48,576.0478167533875,0.0040743422744974,48.26952,1,0.015625,0,0.9999319087042462,pruned
lband_short,456940,691254,MeerKAT:array_1:20250712T013838Z,J2011-0644,0,875.0039505809546,0.010250760813655982,17.547932,2,0.03125,0,0.9999320368770169,pruned
uhf_long,118940,34834069,MeerKAT:array_1:20250716T012443Z,Gaia_4669812357761441792,40,650.0031328201294,0.05704079184296361,13.689645,1,0.015625,0,0.9999333077404872,pruned
lband_short,101373,3636218,MeerKAT:array_1:20250711T080009Z,Gaia_4814706515465897088,31,924.9924352616072,-0.14351065139118374,38.109238,3,0.046875,-1,0.9999341557621569,pruned
uhf_short,118196,433454,MeerKAT:array_1:20250706T234838Z,Gaia_4426312485450098816,17,558.3987821936607,0.00855611877644454,15.890263,4,0.0625,-1,0.9999344440924264,pruned
lband_short,456949,691278,MeerKAT:array_1:20250712T013838Z,Gaia_4216981139568287616,8,875.0039505809546,0.010250760813655982,25.338497,2,0.03125,0,0.9999350993017296,pruned
lband_short,18431,437960,MeerKAT:array_1:20250708T092055Z,Gaia_2973747055520055296,39,874.9934449195862,-0.2972720635960235,76.23575,2,0.03125,0,0.9999366155569843,pruned
uhf_long,58492,4544006,MeerKAT:array_1:20250715T130947Z,ex_Gaia_DR3_5834428268044352512,25,587.0345765948296,-0.0753753320782019,41.748207,4,0.0625,-1,0.9999371007547012,pruned
lband_short,18301,437785,MeerKAT:array_1:20250708T092055Z,Gaia_2973729703852178304,11,874.9934449195862,-0.2972720635960235,65.83694,2,0.03125,0,0.9999374550488148,pruned
lband_short,32239,698947,MeerKAT:array_1:20250713T120523Z,Gaia_5096043812704503296,40,874.9907312095165,-0.1127583689502158,190.77339,3,0.046875,-1,0.9999399914394635,pruned
uhf_short,5044,378988,MeerKAT:array_1:20250729T173047Z,Gaia_6734171960335689856,24,544.0796690583229,0.02566835632933362,29.411125,1,0.015625,0,0.9999401874581276,pruned
uhf_short,179521,33479941,MeerKAT:array_1:20250707T004747Z,Gaia_2682779032852352896,34,623.9920886158943,0.01711223755288908,37.77955,2,0.03125,0,0.9999412596209768,pruned
uhf_short,97595,35409715,MeerKAT:array_1:20250713T164848Z,Gaia_1315927990371978624,27,675.0000783205032,0.1711223755288908,73.93314,3,0.046875,-1,0.9999418526952341,pruned
lband_short,85038,2306897,MeerKAT:array_1:20250706T141948Z,Gaia_4802452320935701888,57,924.9963878393173,-0.03075228244096795,30.851017,1,0.015625,0,0.9999432081047727,pruned
uhf_short,142746,1187508,MeerKAT:array_1:20250720T034305Z,Gaia_6528046141813518592,31,575.9876178503036,-0.01711223755288908,24.54198,1,0.015625,0,0.9999446210065791,pruned
lband_short,101291,3636082,MeerKAT:array_1:20250711T080009Z,Gaia_4790697235964446464,20,924.9924352616072,-0.14351065139118374,31.891258,3,0.046875,-1,0.9999450375018878,pruned
uhf_long,43072,1130541,MeerKAT:array_1:20250715T124827Z,ex_PGC1089638,56,572.7162426710129,-0.0733381609409532,74.06155,4,0.0625,-1,0.9999467070039394,pruned
uhf_long,39994,1120201,MeerKAT:array_1:20250713T184021Z,Gaia_6440707947489298048,35,575.9890749454498,0.0183345402352383,17.172207,1,0.015625,0,0.9999468992980297,pruned
sband_short,6219,1028500,MeerKAT:array_1:20250727T162815Z,Gaia_5922814125162418560,15,2000.007767463103,0.299904310614942,10.401236,1,0.015625,0,0.9999473826797415,pruned
uhf_short,190664,34444127,MeerKAT:array_1:20250707T004747Z,Gaia_2682565933754987264,38,644.3084006905556,0.01711223755288908,39.55892,3,0.046875,-1,0.9999475616647348,pruned
uhf_short,32746,1156525,MeerKAT:array_1:20250717T220401Z,Gaia_2699054931680212992,54,572.7165659070015,0.02566835632933362,37.3912,4,0.0625,-1,0.9999478189059022,pruned
uhf_long,163335,760209,MeerKAT:array_1:20250723T045553Z,Gaia_4662326023637459456,46,558.3987426757812,0.0020371711372487,44.452763,2,0.03125,0,0.9999490897635073,pruned
uhf_short,113883,379858,MeerKAT:array_1:20250729T175426Z,ex_ASASSN-V_J183039.47-355100.3,32,548.0058129429817,0.01711223755288908,26.903023,2,0.03125,0,0.9999492430783157,pruned
uhf_long,5510,252792,MeerKAT:array_1:20250713T184021Z,Gaia_6440682761800997888,29,551.9656757116318,-0.0081486845489948,39.16165,1,0.015625,0,0.9999525376441726,pruned
uhf_short,103063,35466993,MeerKAT:array_1:20250720T220520Z,Gaia_4426424223322605184,11,671.984028160572,-0.03422447510577816,24.658947,1,0.015625,0,0.9999527250604241,pruned
uhf_short,73894,33617066,MeerKAT:array_1:20250720T220520Z,Gaia_4426369969295755904,2,623.9933997988701,-0.03422447510577816,25.70617,3,0.046875,-1,0.9999533981126558,pruned
uhf_short,48566,12891026,MeerKAT:array_1:20250723T234200Z,Gaia_2682779239010774400,41,601.3522437810898,0.02566835632933362,24.61806,4,0.0625,-1,0.9999539078418455,pruned
uhf_long,27405,759612,MeerKAT:array_1:20250723T022503Z,ex_NGC_1972,25,559.2503945231438,0.020371711372487,223.54408,4,0.0625,-1,0.9999547159769819,pruned
uhf_long,119933,34850867,MeerKAT:array_1:20250720T024534Z,Gaia_4669837887047095808,40,647.9731864929199,-0.020371711372487,187.73434,2,0.03125,0,0.9999553564812996,pruned
mk_sample_hits,15099,35877580,MeerKAT:array_1:20240319T020710Z,Gaia_2543025916641889664,55,1687.4974334537983,-0.005044025162275165,202.39117,3,0.046875,-1,0.9999562422580358,pruned
uhf_long,121629,34878966,MeerKAT:array_1:20250723T030515Z,ex_ASASSN-V_J053354.71-701633.7,38,649.997242629528,0.0529664495684662,21.537971,3,0.046875,-1,0.9999567852635766,pruned
uhf_short,190663,34444091,MeerKAT:array_1:20250707T004747Z,ex_LEDA_1191080,2,644.3084006905556,0.01711223755288908,37.153267,3,0.046875,-1,0.9999610885986718,pruned
uhf_short,73960,33617206,MeerKAT:array_1:20250720T220520Z,Gaia_4429442039139998848,37,623.9933997988701,-0.03422447510577816,28.581823,3,0.046875,-1,0.9999612628294835,pruned
uhf_short,155890,4418278,MeerKAT:array_1:20250713T172342Z,Gaia_1468315422899682304,41,587.991895198822,-0.00855611877644454,19.048094,2,0.03125,0,0.999962424382316,pruned
uhf_long,119948,34850891,MeerKAT:array_1:20250720T024534Z,Gaia_4668955288447797760,48,647.9731864929199,-0.020371711372487,200.05484,2,0.03125,0,0.9999628609409373,pruned
lband_short,101242,3636005,MeerKAT:array_1:20250711T080009Z,Gaia_4790686275207935232,13,924.9924352616072,-0.14351065139118374,33.388138,3,0.046875,-1,0.9999635036856689,pruned
uhf_short,43097,4542058,MeerKAT:array_1:20250715T023108Z,Gaia_2682781231875604992,42,587.9926359057426,0.0427805938822227,24.613245,2,0.03125,0,0.999964227061486,pruned
uhf_short,73932,33617146,MeerKAT:array_1:20250720T220520Z,Gaia_4426378353072082944,22,623.9933997988701,-0.03422447510577816,27.09446,3,0.046875,-1,0.9999645227745785,pruned
uhf_short,121189,806119,MeerKAT:array_1:20250706T010358Z,Gaia_2699011775848607616,37,563.9811943769455,0.01711223755288908,20.853125,2,0.03125,0,0.9999652618741552,pruned
uhf_short,179645,33480089,MeerKAT:array_1:20250707T004747Z,Gaia_2682559920800831744,59,623.9920886158943,0.01711223755288908,35.129055,2,0.03125,0,0.9999656294882225,pruned
uhf_long,4232,71627,MeerKAT:array_1:20250708T010310Z,Gaia_6440604692179242752,37,544.0827443599701,-0.006111513411746101,17.477848,3,0.046875,-1,0.9999678705094818,pruned
lband_short,67029,1863629,MeerKAT:array_1:20250705T144414Z,ex_ASASSN-V_J150215.27-393048.2,36,924.9956129491329,-0.14351065139118374,21.736609,2,0.03125,0,0.9999716567520828,pruned
uhf_long,43060,1130529,MeerKAT:array_1:20250715T124827Z,ex_2dFGRS_TGN195Z209,44,572.7162426710129,-0.0733381609409532,72.8133,4,0.0625,-1,0.999971996946999,pruned
uhf_long,27237,759380,MeerKAT:array_1:20250723T015429Z,Gaia_4661359278024797312,49,558.3985379934311,0.030557567058730504,54.88323,3,0.046875,-1,0.9999721854833925,pruned
uhf_long,29759,804189,MeerKAT:array_1:20250705T180344Z,Gaia_5820201755826454400,20,563.9785476922989,-0.012223026823492201,15.597315,2,0.03125,0,0.9999723281560309,pruned
uhf_short,11974,710045,MeerKAT:array_1:20250716T201432Z,Gaia_4426338736293399680,42,558.3986778259277,0.07700506898800086,42.7108,3,0.046875,-1,0.9999723652733,pruned
uhf_short,113865,379840,MeerKAT:array_1:20250729T175426Z,ex_V1194_Sgr,14,548.0058129429817,0.01711223755288908,29.107885,2,0.03125,0,0.9999733765779638,pruned
lband_short,113529,4072897,MeerKAT:array_1:20250712T021129Z,Gaia_4216968460825000960,13,924.9986758381128,0.08200608650924786,38.652676,1,0.015625,0,0.9999742519230644,pruned
uhf_short,90503,35002614,MeerKAT:array_1:20250715T023108Z,Gaia_2682497626595077632,39,658.6265633702278,0.02566835632933362,25.230555,2,0.03125,0,0.9999743041108319,pruned
uhf_long,43071,1130540,MeerKAT:array_1:20250715T124827Z,ex_2dFGRS_TGN194Z171,55,572.7162426710129,-0.0733381609409532,74.92113,4,0.0625,-1,0.9999743591758704,pruned
uhf_short,138032,1117200,MeerKAT:array_1:20250713T164848Z,Gaia_1315704338538113536,43,575.992071211338,-0.00855611877644454,30.786682,1,0.015625,0,0.999975369744239,pruned
uhf_long,43018,1130487,MeerKAT:array_1:20250715T124827Z,ex_ATO_J199.0886-01.7543,2,572.7162426710129,-0.0733381609409532,72.95808,4,0.0625,-1,0.9999755264404496,pruned
uhf_short,15672,1036125,MeerKAT:array_1:20250730T231157Z,Gaia_2682520677684092928,39,564.0000403523445,-0.09411730654088994,23.083153,1,0.015625,0,0.9999755615851987,pruned
lband_short,83297,2268269,MeerKAT:array_1:20250706T124159Z,Gaia_4802497057315091712,19,924.996579170227,-0.08200608650924786,41.1851,4,0.0625,-1,0.9999759139840686,pruned
uhf_long,163334,760181,MeerKAT:array_1:20250723T045553Z,Gaia_4663583280833070208,18,558.3987426757812,0.0020371711372487,44.219257,2,0.03125,0,0.9999760204300011,pruned
uhf_long,122624,34885558,MeerKAT:array_1:20250726T235112Z,Gaia_6440624453324678912,20,647.2235890626907,0.014260197960740902,12.779276,2,0.03125,0,0.9999780717477403,pruned
uhf_short,43352,4548409,MeerKAT:array_1:20250715T200216Z,Gaia_4426312244931928832,29,587.9710378646851,-0.05989283143511178,22.739813,1,0.015625,0,0.9999782258073832,pruned
uhf_long,122109,34879871,MeerKAT:array_1:20250723T043540Z,Gaia_4655049112084855680,34,647.9927255511284,-0.006111513411746101,286.1246,3,0.046875,-1,0.9999789741954745,pruned
uhf_short,11940,710011,MeerKAT:array_1:20250716T201432Z,ex_2MASX_J15522536+0522385,8,558.3986778259277,0.07700506898800086,41.170807,3,0.046875,-1,0.9999793497405158,pruned
uhf_long,27241,759384,MeerKAT:array_1:20250723T015429Z,Gaia_4661658345193927680,53,558.3985379934311,0.030557567058730504,59.248672,3,0.046875,-1,0.9999806128731428,pruned
sband_short,21325,348622,MeerKAT:array_1:20250724T191130Z,Gaia_6103253191678904960,12,2190.1175456587225,-0.021421736472495855,71.40345,1,0.015625,0,0.9999807653208393,pruned
uhf_short,136601,1112386,MeerKAT:array_1:20250713T025525Z,ex_LEDA_1198640,62,575.9923751950264,0.00855611877644454,48.533974,1,0.015625,0,0.999981975782803,pruned
uhf_short,100216,35420910,MeerKAT:array_1:20250715T200216Z,Gaia_4426424566919989248,62,674.992827296257,0.13689790042311265,2255.98,1,0.015625,0,0.9999819946932957,pruned
uhf_long,28315,767871,MeerKAT:array_1:20250729T031818Z,Gaia_4669729241554482560,46,558.3986606001854,0.014260197960740902,26.250917,2,0.03125,0,0.99998249436026,pruned
uhf_long,27208,759351,MeerKAT:array_1:20250723T015429Z,Gaia_4661427379048759296,20,558.3985379934311,0.030557567058730504,54.177464,3,0.046875,-1,0.9999824993790525,pruned
uhf_short,40756,4417426,MeerKAT:array_1:20250713T161348Z,Gaia_1456191451776110208,53,592.0515730381012,-0.0427805938822227,16.521736,1,0.015625,0,0.9999826615818477,pruned
uhf_short,100418,35425007,MeerKAT:array_1:20250716T201432Z,J1550+0527,0,671.992512345314,-0.0427805938822227,95.14592,3,0.046875,-1,0.9999828671977437,pruned
uhf_long,121945,34879482,MeerKAT:array_1:20250723T033528Z,Gaia_4658248759709772416,38,649.9973287582397,0.0366690804704766,35.736115,1,0.015625,0,0.9999830592945343,pruned
uhf_long,122155,34879940,MeerKAT:array_1:20250723T043540Z,Gaia_4655157413997164544,57,647.9927255511284,-0.006111513411746101,285.036,3,0.046875,-1,0.9999831458860309,pruned
lband_short,31685,698292,MeerKAT:array_1:20250713T111016Z,Gaia_5096087136038857472,50,874.9910644441843,-0.1230091297638718,1437.4226,4,0.0625,-1,0.9999832693367481,pruned
uhf_short,200333,34903792,MeerKAT:array_1:20250730T204925Z,Gaia_2698991503603079552,40,647.9931946992874,-0.00855611877644454,205.21783,3,0.046875,-1,0.999983320191992,pruned
uhf_long,70891,11370944,MeerKAT:array_1:20250714T162550Z,Gaia_4077369138849069824,34,599.9433908462524,-0.006111513411746101,118.937416,3,0.046875,-1,0.9999846002231956,pruned
uhf_short,56496,33395872,MeerKAT:array_1:20250729T050525Z,Gaia_6526534760004678272,1,615.2238696217537,-0.03422447510577816,61.50173,2,0.03125,0,0.9999849508412435,pruned
uhf_short,32850,1156905,MeerKAT:array_1:20250717T220401Z,Gaia_2699254870997761280,21,575.9868173599243,-0.03422447510577816,28.003868,2,0.03125,0,0.999985150197903,pruned
uhf_short,51012,13649321,MeerKAT:array_1:20250730T185654Z,Gaia_4426435871273922560,59,601.3522214889526,0.07700506898800086,38.14474,2,0.03125,0,0.9999855830688453,pruned
lband_short,83309,2268281,MeerKAT:array_1:20250706T124159Z,Gaia_4802417651959747072,23,924.996579170227,-0.08200608650924786,44.175453,4,0.0625,-1,0.9999856149456136,pruned
uhf_long,129346,35383961,MeerKAT:array_1:20250702T185632Z,ex_ASASSN-V_J174422.24-155907.0,48,671.9932935833931,-0.0631523052547097,75.36272,4,0.0625,-1,0.9999860997572114,pruned
uhf_short,35336,1210283,MeerKAT:array_1:20250720T220520Z,Gaia_4426343581016497408,31,574.9954333305359,0.02566835632933362,5083.419,1,0.015625,0,0.9999861663568202,pruned
uhf_short,107737,296650,MeerKAT:array_1:20250717T021511Z,Gaia_2682555041717977984,24,551.9477396607399,-0.00855611877644454,635.246,1,0.015625,0,0.9999863493636268,pruned
uhf_short,21994,1106607,MeerKAT:array_1:20250712T200859Z,ex_SDSS_J155015.00+055010.6,28,572.7158312797546,0.05133671265866724,29.018068,1,0.015625,0,0.9999864287146359,pruned
uhf_long,113813,34643554,MeerKAT:array_1:20250708T010310Z,Gaia_6441482553430969856,3,649.9995883703232,0.038706251607725305,29.514355,4,0.0625,-1,0.9999867493331027,pruned
uhf_short,200286,34903583,MeerKAT:array_1:20250730T204925Z,Gaia_2699010470178769280,14,647.9931946992874,-0.00855611877644454,209.53879,3,0.046875,-1,0.999987100663705,pruned
uhf_long,10554,281569,MeerKAT:array_1:20250715T135202Z,ex_LEDA_682319,52,551.9936300516129,0.0101858556862435,270.386,1,0.015625,0,0.9999871410598632,pruned
lband_short,107737,3810026,MeerKAT:array_1:20250711T113506Z,ex_PGC0130374,47,924.9954391568899,-0.16401217301849572,41.685284,2,0.03125,0,0.9999871772179247,pruned
lband_short,451059,424721,MeerKAT:array_1:20250706T022717Z,ex_RX_J0022.0+0006,1,874.9937191605568,0.010250760813655982,19.419895,2,0.03125,0,0.9999873228135026,pruned
uhf_long,129361,35383988,MeerKAT:array_1:20250702T185632Z,ex_ASASSN-V_J174444.99-160553.8,60,671.9932935833931,-0.0631523052547097,73.26133,4,0.0625,-1,0.9999873742509205,pruned
lband_short,20075,442123,MeerKAT:array_1:20250708T104320Z,Gaia_2973718949254089216,9,874.9975091069937,-0.13325989057752777,32.668358,2,0.03125,0,0.9999874616669299,pruned
uhf_short,129254,1070971,MeerKAT:array_1:20250704T222921Z,Gaia_2699206866147811072,24,572.7163541316986,0.00855611877644454,42.452316,4,0.0625,-1,0.9999876308938822,pruned
uhf_short,129259,1070976,MeerKAT:array_1:20250704T222921Z,Gaia_2699042665253603584,29,572.7163541316986,0.00855611877644454,43.929684,4,0.0625,-1,0.9999878295033766,pruned
uhf_long,129339,35383949,MeerKAT:array_1:20250702T185632Z,ex_ASASSN-V_J174406.90-155127.8,43,671.9932935833931,-0.0631523052547097,72.63415,4,0.0625,-1,0.9999880621477133,pruned
mk_sample_hits,15097,35877510,MeerKAT:array_1:20240319T020710Z,Gaia_2530963312012456192,20,1687.4974334537983,-0.005044025162275165,190.3484,3,0.046875,-1,0.9999884382661451,pruned
lband_short,32209,698917,MeerKAT:array_1:20250713T120523Z,Gaia_5096076523175408896,31,874.9907312095165,-0.1127583689502158,117.35597,3,0.046875,-1,0.9999891893143876,pruned
uhf_short,90511,35002622,MeerKAT:array_1:20250715T023108Z,Gaia_2682555591473780352,47,658.6265633702278,0.02566835632933362,25.892496,2,0.03125,0,0.9999901914714835,pruned
uhf_short,56495,33395871,MeerKAT:array_1:20250729T050525Z,J2329-4730,0,615.2238696217537,-0.03422447510577816,34.711983,2,0.03125,0,0.9999902898883971,pruned
uhf_long,54890,1899445,MeerKAT:array_1:20250705T192701Z,ex_CRTS_J191626.8-314030,58,587.9935964941978,-0.0101858556862435,32.71266,1,0.015625,0,0.9999903887598053,pruned
uhf_long,34073,1016820,MeerKAT:array_1:20250723T012407Z,Gaia_4655167172163955712,16,563.9784038066864,-0.014260197960740902,10.332888,2,0.03125,0,0.9999905974780843,pruned
uhf_short,101758,35449545,MeerKAT:array_1:20250718T194550Z,Gaia_4426262388951551360,40,671.9836573004723,-0.0427805938822227,22.250887,2,0.03125,0,0.9999910800789195,pruned
uhf_short,131735,1080337,MeerKAT:array_1:20250707T004747Z,Gaia_2682776868188808448,63,572.717700779438,0.00855611877644454,91.50678,1,0.015625,0,0.999991759177886,pruned
uhf_long,49891,1224774,MeerKAT:array_1:20250723T043540Z,Gaia_4654709328621821440,60,575.993534386158,-0.0081486845489948,97.91429,2,0.03125,0,0.9999921691874044,pruned
uhf_long,122041,34879769,MeerKAT:array_1:20250723T043540Z,LMCTIMING3f,0,647.9927255511284,-0.006111513411746101,279.923,3,0.046875,-1,0.9999924034021951,pruned
uhf_long,87332,33361337,MeerKAT:array_1:20250716T022312Z,Gaia_4669687288313854592,24,611.9949477910995,-0.0081486845489948,10.2317,2,0.03125,0,0.9999928197132101,pruned
mk_sample_hits,15109,35879410,MeerKAT:array_1:20240319T020710Z,Gaia_2531000351810466816,50,1702.3392065018415,0.005044025162275165,112.007416,4,0.0625,-1,0.9999931861290479,pruned
uhf_short,5006,377390,MeerKAT:array_1:20250729T050525Z,Gaia_6528075416310582656,57,552.0002660155296,-0.03422447510577816,24.726213,1,0.015625,0,0.9999933084411433,pruned
mk_sample_hits,15118,35879737,MeerKAT:array_1:20240319T020710Z,Gaia_2531007910952850560,60,1702.501206383109,0.01008805032455033,4187.117,2,0.03125,0,0.9999941106155626,pruned
uhf_short,132408,1081364,MeerKAT:array_1:20250707T024904Z,Gaia_2682569605952186240,21,575.9868092536926,0.01711223755288908,17.674633,1,0.015625,0,0.9999941213011878,pruned
uhf_short,40432,4416981,MeerKAT:array_1:20250713T161348Z,Gaia_1468255740033709568,11,587.0340507030487,0.03422447510577816,21.793257,1,0.015625,0,0.9999941314520102,pruned
lband_short,14406,424039,MeerKAT:array_1:20250705T223133Z,Gaia_2699253187370591232,6,874.9929139763117,0.10250760813655982,33.820477,2,0.03125,0,0.9999948163477018,pruned
lband_short,15910,427567,MeerKAT:array_1:20250706T081304Z,Gaia_4802493032929154304,29,874.9937239438295,-0.15376141220483974,68.05468,2,0.03125,0,0.9999952349083134,pruned
uhf_long,37763,1075820,MeerKAT:array_1:20250705T190623Z,ex_LEDA_202487,30,572.7157451510429,0.014260197960740902,29.477678,1,0.015625,0,0.9999952431950762,pruned
uhf_short,51008,13649317,MeerKAT:array_1:20250730T185654Z,Gaia_4426365708688082560,55,601.3522214889526,0.07700506898800086,34.909355,2,0.03125,0,0.9999953895539728,pruned
uhf_short,182213,33517730,MeerKAT:array_1:20250713T002413Z,ex_ICRF_J221237.9+015251,56,623.9915870428085,0.00855611877644454,36.911182,2,0.03125,0,0.9999955831818937,pruned
uhf_short,181957,33517414,MeerKAT:array_1:20250713T002413Z,J2212+0152,0,623.9915870428085,0.00855611877644454,36.92004,2,0.03125,0,0.9999955831818937,pruned
uhf_short,113915,379894,MeerKAT:array_1:20250729T175426Z,Gaia_6733400240609825664,4,549.9942148327827,0.01711223755288908,200.85648,3,0.046875,-1,0.9999956631795841,pruned
uhf_short,87283,34911019,MeerKAT:array_1:20250731T192546Z,Gaia_4426444461208578560,8,647.9839495420456,-0.03422447510577816,16.178802,1,0.015625,0,0.9999957522447245,pruned
uhf_short,200321,34903744,MeerKAT:array_1:20250730T204925Z,Gaia_2699061356951313920,34,647.9931946992874,-0.00855611877644454,205.81522,3,0.046875,-1,0.9999958083560673,pruned
uhf_short,164221,12847534,MeerKAT:array_1:20250722T231023Z,Gaia_2682555041717977984,52,599.9935795664787,-0.01711223755288908,319.90936,2,0.03125,0,0.9999962669299253,pruned
uhf_long,49461,1224092,MeerKAT:array_1:20250723T033528Z,Gaia_4661279151170414720,17,572.7158951163292,0.006111513411746101,28.329525,1,0.015625,0,0.999996307152935,pruned
uhf_long,72423,11384401,MeerKAT:array_1:20250715T135202Z,ex_ASASSN-V_J153642.66-332458.7,36,599.9937001466751,0.0427805938822227,367.8748,1,0.015625,0,0.999996574959352,pruned
uhf_short,164127,12847202,MeerKAT:array_1:20250722T231023Z,Gaia_2682553804767393792,8,599.9935795664787,-0.01711223755288908,327.3384,2,0.03125,0,0.9999966862742043,pruned
uhf_short,9562,403982,MeerKAT:array_1:20250731T233401Z,Gaia_2536530895297967872,38,551.9992517232895,-0.03422447510577816,63.421,1,0.015625,0,0.9999967683515174,pruned
uhf_long,49613,1224324,MeerKAT:array_1:20250723T033528Z,Gaia_4661342991550536832,39,575.9921279549599,0.006111513411746101,23.406519,1,0.015625,0,0.999997061249872,pruned
uhf_short,113916,379910,MeerKAT:array_1:20250729T175426Z,ex_V3493_Sgr,20,549.9942148327827,0.01711223755288908,207.41872,3,0.046875,-1,0.9999970969207791,pruned
uhf_short,113917,379939,MeerKAT:array_1:20250729T175426Z,Gaia_6733432130770080384,49,549.9942148327827,0.01711223755288908,199.21877,3,0.046875,-1,0.9999972228429802,pruned
lband_short,20108,442156,MeerKAT:array_1:20250708T104320Z,Gaia_2973735888605109888,20,874.9975091069937,-0.13325989057752777,32.321274,2,0.03125,0,0.9999974638438455,pruned
uhf_short,28788,1124342,MeerKAT:array_1:20250714T021749Z,Gaia_2682532948406193664,1,572.7164949774742,0.0427805938822227,59.778496,1,0.015625,0,0.9999974996334656,pruned
uhf_short,127983,1066681,MeerKAT:array_1:20250704T025554Z,Gaia_2682497764034027776,14,572.7175883054733,0.00855611877644454,60.66631,1,0.015625,0,0.999997515010078,pruned
uhf_long,56316,4419691,MeerKAT:array_1:20250713T192439Z,Gaia_5820302223704827392,1,587.0343354344368,0.0753753320782019,242.99583,3,0.046875,-1,0.9999976189404811,pruned
uhf_long,2122,57766,MeerKAT:array_1:20250705T180344Z,Gaia_5820272811768181504,52,544.0813024640083,0.040743422744974,92.02042,2,0.03125,0,0.9999976671811659,pruned
mk_sample_hits,15096,35877466,MeerKAT:array_1:20240319T020710Z,Gaia_2531007910952850560,60,1686.837437480688,-0.005044025162275165,16.756596,4,0.0625,-1,0.9999977794808367,pruned
mk_sample_hits,10857,32947927,MeerKAT:array_1:20250731T124411Z,Gaia_5853145460716740352,3,961.9998192638159,-0.01008805032455033,38.825462,3,0.046875,-1,0.9999977905013745,pruned
uhf_short,65059,33525058,MeerKAT:array_1:20250713T154120Z,Gaia_1468206399449430784,15,624.0018444657326,0.03422447510577816,70.11467,1,0.015625,0,0.9999978513954458,pruned
uhf_short,9308,403403,MeerKAT:array_1:20250731T233401Z,Gaia_2536604592641468288,23,544.0826308727264,0.02566835632933362,56.41018,1,0.015625,0,0.9999979816097118,pruned
uhf_long,2075,57681,MeerKAT:array_1:20250705T180344Z,Gaia_5820122865867721216,14,544.0813024640083,0.040743422744974,88.769615,2,0.03125,0,0.9999981026660626,pruned
uhf_long,120315,34874300,MeerKAT:array_1:20250722T002453Z,Gaia_6440688499877294336,3,650.0018540620804,0.048892107293968805,29.20403,1,0.015625,0,0.9999981949734509,pruned
uhf_long,70498,11229493,MeerKAT:array_1:20250713T211114Z,Gaia_4189206170177871616,31,601.3516743183136,0.030557567058730504,35.430897,1,0.015625,0,0.9999982478089766,pruned
uhf_long,49501,1224132,MeerKAT:array_1:20250723T033528Z,Gaia_4661239190774477824,55,572.7158941030502,0.012223026823492201,29.49806,2,0.03125,0,0.9999984005853414,pruned
uhf_short,5927,382591,MeerKAT:array_1:20250730T185654Z,J1550+0527,0,551.9793701767921,-0.07700506898800086,48.04506,1,0.015625,0,0.9999984618631227,pruned
uhf_long,74235,11428042,MeerKAT:array_1:20250716T022312Z,Gaia_4669750200994819712,18,599.9849950671196,0.0081486845489948,51.997425,1,0.015625,0,0.9999986455918703,pruned
uhf_long,48465,1222904,MeerKAT:array_1:20250723T012407Z,Gaia_4655272519140479360,44,575.9936833381653,-0.0264832247842331,91.01621,4,0.0625,-1,0.9999987765797838,pruned
uhf_short,121354,806300,MeerKAT:array_1:20250706T010358Z,Gaia_2698983085467196544,60,563.9811943769455,0.01711223755288908,22.293139,2,0.03125,0,0.9999988975611008,pruned
uhf_long,56327,4419702,MeerKAT:array_1:20250713T192439Z,Gaia_5820247316841038848,12,587.0343354344368,0.0753753320782019,253.2068,3,0.046875,-1,0.9999989290825249,pruned
uhf_long,49468,1224099,MeerKAT:array_1:20250723T033528Z,Gaia_4658381353909026048,24,572.7158941030502,0.012223026823492201,30.59021,2,0.03125,0,0.9999990110889093,pruned
lband_short,15920,427577,MeerKAT:array_1:20250706T081304Z,Gaia_4802495236248942592,34,874.9937239438295,-0.15376141220483974,71.79291,2,0.03125,0,0.9999990282046145,pruned
uhf_short,10798,699446,MeerKAT:array_1:20250713T161348Z,Gaia_1468225125506898048,41,558.3984032273293,0.02566835632933362,21.494797,1,0.015625,0,0.9999990284979594,pruned
uhf_long,55302,1934932,MeerKAT:array_1:20250705T231238Z,Gaia_6441453794329653376,39,587.9920218586922,0.0264832247842331,139.15144,1,0.015625,0,0.9999990598228786,pruned
lband_long,24112,692544,MeerKAT:array_1:20250712T121643Z,Gaia_4669690655568165888,32,874.9878166019917,-0.04539622646047649,88.422966,2,0.03125,0,0.9999990749474854,pruned
uhf_short,16309,1059350,MeerKAT:array_1:20250701T230223Z,Gaia_2682594624136633472,44,575.000754058361,0.05133671265866724,75.350266,2,0.03125,0,0.9999993419010087,pruned
uhf_long,48429,1222856,MeerKAT:array_1:20250723T012407Z,Gaia_4655476753385618816,32,575.9936833381653,-0.0264832247842331,92.57443,4,0.0625,-1,0.9999993439292296,pruned
lband_short,14537,424171,MeerKAT:array_1:20250705T223133Z,Gaia_2699050533633773440,39,874.9929139763117,0.10250760813655982,31.748554,2,0.03125,0,0.9999994332138025,pruned
lband_short,31891,698499,MeerKAT:array_1:20250713T113750Z,Gaia_5096257014881405312,8,874.9902831763029,-0.03075228244096795,493.89886,2,0.03125,0,0.9999994607357051,pruned
uhf_long,48360,1222764,MeerKAT:array_1:20250723T012407Z,Gaia_4655270113956994688,9,575.9936833381653,-0.0264832247842331,91.69236,4,0.0625,-1,0.9999996516715571,pruned
uhf_long,49642,1224444,MeerKAT:array_1:20250723T043540Z,Gaia_4655091202771104640,43,572.7156164646149,0.0081486845489948,35.775616,1,0.015625,0,0.9999997036871827,pruned
lband_short,107698,3809987,MeerKAT:array_1:20250711T113506Z,ex_LEDA_550602,34,924.9954391568899,-0.16401217301849572,43.151722,2,0.03125,0,0.999999755232,pruned
uhf_long,168296,1125973,MeerKAT:array_1:20250714T160406Z,Gaia_6144679628716049280,30,575.9920347332954,0.0040743422744974,117.64766,1,0.015625,0,0.9999998514273042,pruned
uhf_short,100145,35420839,MeerKAT:array_1:20250715T200216Z,Gaia_4426378353072082944,38,674.9957850575447,0.11122954409377903,463.19196,3,0.046875,-1,0.99999991274089,pruned
uhf_short,32904,1157238,MeerKAT:array_1:20250717T220401Z,Gaia_2699041084705595136,60,575.9868173599243,-0.03422447510577816,31.651546,2,0.03125,0,0.9999999833470078,pruned
uhf_long,96305,33534758,MeerKAT:array_1:20250714T162550Z,Gaia_4077157478516625664,33,623.9953493475914,-0.020371711372487,79.62407,1,0.015625,0,0.9999999978197728,pruned
uhf_long,12793,287893,MeerKAT:array_1:20250716T022312Z,Gaia_4669719994488866048,50,551.9618029594421,-0.030557567058730504,38.06668,1,0.015625,0,1.0,pruned
lband_short,12169,406053,MeerKAT:array_1:20250701T080259Z,Gaia_2536494783212986624,20,874.9966704398394,-0.16401217301849572,358.7259,2,0.03125,0,1.0,pruned
uhf_long,49825,1224686,MeerKAT:array_1:20250723T043540Z,Gaia_4655314747212415104,38,575.993534386158,-0.0081486845489948,103.01702,2,0.03125,0,1.0,pruned
uhf_long,21637,423349,MeerKAT:array_1:20250705T192701Z,ex_CRTS_J191451.8-315431,31,558.3987973928452,0.022408882509735703,75.88935,1,0.015625,0,1.0,pruned
lband_short,12200,406084,MeerKAT:array_1:20250701T080259Z,Gaia_2536411941883805696,28,874.9966704398394,-0.16401217301849572,357.17947,2,0.03125,0,1.0,pruned
uhf_short,52136,13651478,MeerKAT:array_1:20250730T231157Z,Gaia_2682499756898855424,14,599.9934822916985,-0.05133671265866724,331.99524,2,0.03125,0,1.0,pruned
uhf_short,52192,13651565,MeerKAT:array_1:20250730T231157Z,Gaia_2682741271499860352,23,599.9934822916985,-0.05133671265866724,324.20242,2,0.03125,0,1.0,pruned
lband_short,31898,698506,MeerKAT:array_1:20250713T113750Z,Gaia_5096257461558006144,10,874.9902831763029,-0.03075228244096795,560.53986,2,0.03125,0,1.0,pruned
