file,row,id,obsid,sourceName,beam,frequency,driftRate,snr,n_beams,beam_frac,weak_label,rfi_score,verdict
uhf_long,116933,34829108,MeerKAT:array_1:20250715T130947Z,ex_Gaia_DR2_5831450996752094208,28,647.9950905442238,0.038706251607725305,216.15692,64,1.0,1,1.2347834025284662e-105,shortlist
uhf_long,144657,35883062,MeerKAT:array_1:20240926T000251Z,Gaia_2776224636311774080,16,575.9904611110687,-0.014260197960740902,79.28151,64,1.0,1,1.0884500365643728e-104,shortlist
uhf_short,4010,372790,MeerKAT:array_1:20250728T194227Z,Gaia_2682790955681568896,23,551.9869748353958,-0.0427805938822227,640.867,64,1.0,1,7.636593918677597e-90,shortlist
uhf_long,164162,805325,MeerKAT:array_1:20250705T231238Z,Gaia_6440694444112084992,14,563.9467114806175,-0.0020371711372487,18.94722,64,1.0,1,1.2030008915274966e-84,shortlist
lband_long,445532,1939718,MeerKAT:array_1:20250706T014240Z,Gaia_6441462624782380928,51,934.6325841546059,0.0,158.1105,63,0.984375,1,4.964914971964726e-82,shortlist
uhf_long,63952,7198213,MeerKAT:array_1:20250702T175345Z,ex_LEDA_612500,33,599.9865697026253,-0.059077962980212305,375.66922,64,1.0,1,8.522021819921991e-82,shortlist
lband_short,28768,687570,MeerKAT:array_1:20250711T120252Z,Gaia_4814711016591606912,9,874.9907806366682,-0.13325989057752777,46.465454,58,0.90625,1,1.6511815678797799e-81,shortlist
uhf_long,114136,34804773,MeerKAT:array_1:20250713T145219Z,Gaia_6441085664092651392,19,647.9754400253296,0.038706251607725305,118.52864,55,0.859375,1,3.150158425707504e-80,shortlist
lband_short,27540,685862,MeerKAT:array_1:20250711T095125Z,Gaia_4814721118354706304,11,874.9920593649149,-0.16401217301849572,87.4904,64,1.0,1,4.7640754956614926e-80,shortlist
uhf_long,99786,33609779,MeerKAT:array_1:20250720T024534Z,Gaia_4669786106921584640,33,623.992956995964,-0.006111513411746101,70.77295,64,1.0,1,7.544061810219018e-80,shortlist
uhf_long,114148,34804785,MeerKAT:array_1:20250713T145219Z,Gaia_6440708222367129344,25,647.9754400253296,0.038706251607725305,117.528076,55,0.859375,1,2.1379977173210067e-79,shortlist
lband_short,61567,1473025,MeerKAT:array_1:20250731T021904Z,Gaia_2546802120608732032,42,911.9643867611885,-0.03075228244096795,22.736668,64,1.0,1,2.381938408837908e-79,shortlist
sband_short,10207,1204958,MeerKAT:array_1:20250720T183547Z,Gaia_3504689259086875648,21,2231.760934460908,0.04284347294499171,517.9103,49,1.0,1,2.9712487022951362e-78,shortlist
lband_short,470051,1046144,MeerKAT:array_1:20250731T153525Z,Gaia_1315541099718104832,39,887.9903208315372,0.0,24.144245,64,1.0,1,4.516324030433146e-78,shortlist
uhf_long,13760,305931,MeerKAT:array_1:20250718T054018Z,ex_LEDA_309322,3,549.996453166008,0.0529664495684662,241.05153,64,1.0,1,6.933532445410382e-78,shortlist
uhf_short,107810,296845,MeerKAT:array_1:20250717T021511Z,Gaia_2682668772451942272,46,551.9994412064552,-0.01711223755288908,470.04776,64,1.0,1,9.355676888408578e-78,shortlist
uhf_short,107682,296509,MeerKAT:array_1:20250717T021511Z,Gaia_2682773604013656192,7,551.9994412064552,-0.01711223755288908,478.63654,64,1.0,1,1.1835597113865413e-77,shortlist
uhf_short,107821,296877,MeerKAT:array_1:20250717T021511Z,ex_LEDA_3096664,50,551.9994412064552,-0.01711223755288908,421.82648,64,1.0,1,1.3034559877582925e-77,shortlist
uhf_short,107813,296853,MeerKAT:array_1:20250717T021511Z,ex_CRTS_J221150.1+013129,47,551.9994412064552,-0.01711223755288908,439.8756,64,1.0,1,1.388137780048703e-77,shortlist
sband_short,10641,1205660,MeerKAT:array_1:20250720T183547Z,Gaia_3504660469922085888,20,2237.5199573580176,-0.04284347294499171,994.61145,49,1.0,1,1.5123274888021626e-77,shortlist
uhf_short,107774,296751,MeerKAT:array_1:20250717T021511Z,Gaia_2682532948406192768,35,551.9994412064552,-0.01711223755288908,485.54257,64,1.0,1,1.54639691072332e-77,shortlist
uhf_short,107818,296869,MeerKAT:array_1:20250717T021511Z,ex_PC_2211+0119,49,551.9994412064552,-0.01711223755288908,421.2894,64,1.0,1,1.816917248591247e-77,shortlist
uhf_short,188764,33622467,MeerKAT:array_1:20250721T223354Z,ex_PG_2208+014,50,623.9692604541779,-0.00855611877644454,225.05173,64,1.0,1,1.853313295040962e-77,shortlist
uhf_short,107861,296980,MeerKAT:array_1:20250717T021511Z,ex_2MASX_J22115125+0119578,62,551.9994412064552,-0.01711223755288908,431.6111,64,1.0,1,1.8549929578075322e-77,shortlist
sband_short,10554,1205526,MeerKAT:array_1:20250720T183547Z,ex_LEDA_816754,4,2237.5849559903145,-0.03213260470874378,97.19667,49,1.0,1,1.8777516399210447e-77,shortlist
sband_short,1145,412643,MeerKAT:array_1:20250701T171131Z,Gaia_3607212159962866048,11,2205.000390764326,-0.03213260470874378,53.74851,55,1.0,1,2.111417238611243e-77,shortlist
sband_short,1201,412727,MeerKAT:array_1:20250701T171131Z,ex_LEDA_942978,39,2205.000390764326,-0.03213260470874378,51.543797,55,1.0,1,2.2234826819945117e-77,shortlist
uhf_short,188618,33622278,MeerKAT:array_1:20250721T223354Z,Gaia_2682468970573271552,15,623.9692604541779,-0.00855611877644454,218.66202,64,1.0,1,2.25051872962273e-77,shortlist
sband_short,11332,1206636,MeerKAT:array_1:20250720T183547Z,Gaia_3504488533791162880,29,2239.56803441979,-0.04284347294499171,52.78618,49,1.0,1,2.688147799313552e-77,shortlist
sband_short,10682,1205723,MeerKAT:array_1:20250720T183547Z,Gaia_3504684349940269440,27,2237.5849559903145,-0.03213260470874378,96.23974,49,1.0,1,2.7715336933375236e-77,shortlist
sband_short,9550,1201335,MeerKAT:array_1:20250720T173033Z,Gaia_3504684968415551104,44,2237.5201284885406,-0.03213260470874378,92.26214,49,1.0,1,4.964254809810445e-77,shortlist
sband_short,9434,1201177,MeerKAT:array_1:20250720T173033Z,Gaia_3504467677429969920,25,2237.5201284885406,-0.03213260470874378,114.065346,49,1.0,1,5.928676226728342e-77,shortlist
uhf_short,75268,33622734,MeerKAT:array_1:20250721T223354Z,ex_SN_2008dr,47,625.0013620853424,0.05989283143511178,728.3551,64,1.0,1,1.1594513557011812e-76,shortlist
uhf_long,137563,35521781,MeerKAT:array_1:20250723T033528Z,Gaia_4661370788570939392,28,671.9924819469452,-0.0081486845489948,46.342106,64,1.0,1,2.575168936527086e-76,shortlist
uhf_short,75216,33622682,MeerKAT:array_1:20250721T223354Z,Gaia_2682472299172480896,34,625.0013620853424,0.05989283143511178,718.5432,64,1.0,1,3.316410999889971e-76,shortlist
lband_short,430799,35027095,MeerKAT:array_1:20250719T110629Z,Gaia_2993087258896710400,38,1031.9886644482613,0.08200608650924786,67.72687,64,1.0,1,5.884324657089022e-76,shortlist
lband_short,430734,35027012,MeerKAT:array_1:20250719T110629Z,Gaia_2992772077015759104,25,1031.9886644482613,0.08200608650924786,64.152954,64,1.0,1,7.259203307196738e-76,shortlist
uhf_short,165868,13613766,MeerKAT:array_1:20250728T194227Z,Gaia_2682773638373394176,49,599.9625387787819,-0.00855611877644454,90.260796,64,1.0,1,7.52319244757526e-76,shortlist
lband_short,406013,33605204,MeerKAT:array_1:20250719T110629Z,Gaia_2992935079615609216,29,983.9891937226057,0.05125380406827991,83.543205,64,1.0,1,5.813007074293338e-75,shortlist
lband_short,465856,1000007,MeerKAT:array_1:20250719T023034Z,Gaia_2311996980090128640,49,887.9780326038599,0.0,117.469925,64,1.0,1,6.252102977798761e-75,shortlist
lband_short,405972,33605156,MeerKAT:array_1:20250719T110629Z,Gaia_2992970190968888704,22,983.9891937226057,0.05125380406827991,83.41342,64,1.0,1,1.5029399665605283e-74,shortlist
sband_short,9458,1201209,MeerKAT:array_1:20250720T173033Z,Gaia_3504488533791162880,29,2237.5201284885406,-0.03213260470874378,98.77007,49,1.0,1,2.769303624148372e-74,shortlist
uhf_short,120475,755742,MeerKAT:array_1:20250721T223354Z,Gaia_2682777280505662592,11,558.3986788392067,0.01711223755288908,37.3288,56,0.875,1,2.8355888616729195e-74,shortlist
uhf_long,111662,34609387,MeerKAT:array_1:20250704T054305Z,Gaia_6441456641891280896,48,650.0038299560547,0.012223026823492201,26.76367,64,1.0,1,4.9265304737039975e-74,shortlist
sband_short,11169,1206437,MeerKAT:array_1:20250720T183547Z,J1311-2216,0,2239.56803441979,-0.04284347294499171,40.63919,49,1.0,1,5.3483764072321335e-74,shortlist
uhf_short,165862,13613712,MeerKAT:array_1:20250728T194227Z,Gaia_2682525217465113472,43,599.9625387787819,-0.00855611877644454,92.36608,64,1.0,1,1.6190557187071855e-73,shortlist
uhf_long,144745,35883150,MeerKAT:array_1:20240926T000251Z,Gaia_2776198003218736640,60,575.9904611110687,-0.014260197960740902,80.66367,64,1.0,1,3.246569121914045e-73,shortlist
uhf_long,144723,35883128,MeerKAT:array_1:20240926T000251Z,Gaia_2776266864430144256,49,575.9904611110687,-0.014260197960740902,79.96687,64,1.0,1,3.8562932219054844e-73,shortlist
sband_short,30845,1191336,MeerKAT:array_1:20250720T131853Z,Gaia_3607213770575181184,31,2232.807917520404,0.0,75.74306,55,1.0,1,1.6370994600107851e-72,shortlist
uhf_long,74925,11574964,MeerKAT:array_1:20250718T015317Z,Gaia_4669753430810225280,33,599.9979082942009,0.055003620705714906,303.95743,64,1.0,1,2.0058979199044185e-71,shortlist
uhf_short,159966,5691538,MeerKAT:array_1:20250720T235835Z,Gaia_2682476426636516736,9,587.9868916273117,-0.01711223755288908,26.02576,64,1.0,1,3.851093678148792e-71,shortlist
lband_long,101660,6266400,MeerKAT:array_1:20250731T144023Z,Gaia_1468232100533713280,60,934.5926916599274,0.02017610064910066,39.615917,64,1.0,1,2.8818910888212157e-70,shortlist
uhf_short,107850,296955,MeerKAT:array_1:20250717T021511Z,ex_LEDA_1203369,59,551.9994412064552,-0.01711223755288908,466.87164,64,1.0,1,5.721806194354139e-70,shortlist
uhf_short,203291,34959249,MeerKAT:array_1:20250704T222921Z,Gaia_2699245937465809664,56,658.625802397728,0.00855611877644454,32.5439,64,1.0,1,7.030852644481796e-70,shortlist
uhf_long,6591,254740,MeerKAT:array_1:20250713T200741Z,Gaia_4148206481161430144,22,551.9788361787796,-0.040743422744974,88.121475,64,1.0,1,9.32847235218549e-70,shortlist
sband_short,12924,1462512,MeerKAT:array_1:20250724T183832Z,Gaia_6103254016312632448,28,2254.8037914093584,0.06426520941748756,113.65249,64,1.0,1,1.8402061738155902e-69,shortlist
uhf_long,153490,94557,MeerKAT:array_1:20250710T060816Z,Gaia_5598371535400433408,50,551.9996094107628,-0.0040743422744974,112.76006,64,1.0,1,2.398753922428245e-69,shortlist
uhf_long,114215,34804857,MeerKAT:array_1:20250713T145219Z,Gaia_6440637510025518720,61,647.9754400253296,0.038706251607725305,116.649,55,0.859375,1,4.274496816181806e-69,shortlist
lband_long,241279,34965581,MeerKAT:array_1:20250706T180055Z,Gaia_5938850261757193728,30,1031.988552838564,-0.03026415097365099,19.21076,64,1.0,1,1.5520473087596223e-67,shortlist
lband_long,241259,34965561,MeerKAT:array_1:20250706T180055Z,Gaia_5938650562977955840,10,1031.988552838564,-0.03026415097365099,20.465319,64,1.0,1,1.6936893073123172e-67,shortlist
lband_long,241290,34965592,MeerKAT:array_1:20250706T180055Z,Gaia_5938635753929478016,41,1031.988552838564,-0.03026415097365099,18.696747,64,1.0,1,3.3439282906473586e-67,shortlist
uhf_long,37943,1076066,MeerKAT:array_1:20250705T192701Z,ex_ASASSN-V_J191504.48-321454.7,25,572.715769469738,0.024446053646984402,131.42822,64,1.0,1,4.136423020867658e-66,shortlist
lband_long,245778,35161156,MeerKAT:array_1:20250723T000253Z,Gaia_6440702175053167872,30,1031.988849401474,-0.03026415097365099,40.033127,64,1.0,1,2.1582363944692313e-65,shortlist
lband_long,245752,35161130,MeerKAT:array_1:20250723T000253Z,Gaia_6440692588686135424,4,1031.988849401474,-0.03026415097365099,38.696304,64,1.0,1,3.6548397136869953e-65,shortlist
uhf_long,12801,287904,MeerKAT:array_1:20250716T022312Z,Gaia_4669713298635870336,52,552.0101981759071,-0.006111513411746101,90.772575,64,1.0,1,5.302206833169806e-63,shortlist
uhf_long,117002,34829207,MeerKAT:array_1:20250715T130947Z,ex_ASASSN-V_J161014.90-601619.7,59,647.9950905442238,0.038706251607725305,208.13107,64,1.0,1,9.194067390687176e-63,shortlist
lband_long,205957,33416369,MeerKAT:array_1:20250702T203437Z,Gaia_6441456886706080896,48,983.9897852540016,-0.04539622646047649,161.24924,64,1.0,1,1.1288725107906257e-62,shortlist
uhf_short,18708,1078016,MeerKAT:array_1:20250706T215041Z,Gaia_4426443396056686080,47,572.7163997292519,0.0427805938822227,21.844643,55,0.859375,1,7.10999466932875e-62,shortlist
uhf_short,79594,34638726,MeerKAT:array_1:20250706T010358Z,Gaia_2699016895449632128,9,649.9985862374306,0.05133671265866724,30.479803,64,1.0,1,7.175390426006429e-62,shortlist
lband_short,410315,33866197,MeerKAT:array_1:20250712T065251Z,Gaia_2323445503180132224,43,992.0980480015278,-0.0615045648819359,84.310814,61,0.953125,1,4.549983014462043e-61,shortlist
uhf_short,148048,1625929,MeerKAT:array_1:20250702T032809Z,ex_ICRF_J221237.9+015251,24,587.9919326901436,0.00855611877644454,27.055534,64,1.0,1,1.1552086088021822e-60,shortlist
uhf_short,147946,1625824,MeerKAT:array_1:20250702T032809Z,J2212+0152,0,587.9919326901436,0.00855611877644454,27.049839,64,1.0,1,1.1552086088021822e-60,shortlist
uhf_long,56076,4419451,MeerKAT:array_1:20250713T190328Z,Gaia_6117458950633281408,17,587.0342351198196,0.081486845489948,183.60844,64,1.0,1,1.7437291109009442e-60,shortlist
uhf_long,62662,6150383,MeerKAT:array_1:20250723T030515Z,ex_ASASSN-V_J054047.45-692028.9,43,587.0347144007683,0.020371711372487,66.14056,64,1.0,1,3.1792008160377677e-60,shortlist
lband_short,458598,738486,MeerKAT:array_1:20250719T215443Z,Gaia_4216755052490547328,34,874.9960470199585,0.020501521627311965,102.861916,64,1.0,1,2.281287273299476e-59,shortlist
uhf_long,6537,254680,MeerKAT:array_1:20250713T200741Z,Gaia_4124085326295153536,7,551.9788361787796,-0.040743422744974,83.95173,64,1.0,1,4.544977728406961e-59,shortlist
lband_short,458587,738461,MeerKAT:array_1:20250719T215443Z,Gaia_4216966399240493824,27,874.9960470199585,0.020501521627311965,102.69005,64,1.0,1,7.799792087002425e-59,shortlist
lband_short,458571,738421,MeerKAT:array_1:20250719T215443Z,Gaia_4216968770062644352,16,874.9960470199585,0.020501521627311965,104.19315,64,1.0,1,1.0487727105056576e-58,shortlist
lband_short,458612,738514,MeerKAT:array_1:20250719T215443Z,Gaia_4216958633938854144,42,874.9960470199585,0.020501521627311965,98.344185,64,1.0,1,4.296547624115847e-58,shortlist
uhf_short,58230,33411470,MeerKAT:array_1:20250701T230223Z,Gaia_2682583938257936640,24,623.9694327116013,-0.0427805938822227,120.80502,64,1.0,1,6.317051833016658e-57,shortlist
lband_short,12164,406048,MeerKAT:array_1:20250701T080259Z,Gaia_2536426201175242496,19,874.9920370429754,-0.13325989057752777,42.739048,64,1.0,1,5.9996638792534245e-56,shortlist
uhf_long,6595,254744,MeerKAT:array_1:20250713T200741Z,Gaia_4148117386349673728,23,551.9788361787796,-0.040743422744974,85.397446,64,1.0,1,4.70492439605526e-55,shortlist
uhf_long,6588,254736,MeerKAT:array_1:20250713T200741Z,Gaia_4124140228843837824,21,551.9788361787796,-0.040743422744974,87.681114,64,1.0,1,3.047983305694536e-54,shortlist
lband_short,389603,33341799,MeerKAT:array_1:20250712T065251Z,Gaia_2323498661990558848,48,974.9991729110479,-0.04100304325462393,27.974144,64,1.0,1,4.005021495196481e-54,shortlist
uhf_long,6708,254872,MeerKAT:array_1:20250713T200741Z,Gaia_4148103882971999488,55,551.9788361787796,-0.040743422744974,85.546486,64,1.0,1,4.308345260855057e-54,shortlist
sband_short,9396,1201126,MeerKAT:array_1:20250720T173033Z,Gaia_3504684556098689280,19,2237.5201284885406,-0.03213260470874378,72.60707,49,1.0,1,9.270333737171044e-54,shortlist
uhf_long,6712,254876,MeerKAT:array_1:20250713T200741Z,Gaia_4148223592312429952,56,551.9788361787796,-0.040743422744974,86.4902,64,1.0,1,1.1357429421462647e-53,shortlist
lband_short,391060,33369917,MeerKAT:array_1:20250719T040738Z,ex_LEDA_649643,17,974.9985032528639,0.05125380406827991,28.439571,64,1.0,1,1.6862001269649265e-53,shortlist
uhf_long,6661,254816,MeerKAT:array_1:20250713T200741Z,Gaia_4148124327016949376,41,551.9788361787796,-0.040743422744974,86.76482,64,1.0,1,2.3059391275270084e-53,shortlist
uhf_long,6689,254848,MeerKAT:array_1:20250713T200741Z,Gaia_4148098763370959104,49,551.9788361787796,-0.040743422744974,90.514145,64,1.0,1,2.8666229818177777e-53,shortlist
uhf_short,49975,13618020,MeerKAT:array_1:20250729T173047Z,Gaia_6734171960335689856,24,599.9962069988251,0.0427805938822227,171.48161,64,1.0,1,7.640395690132218e-53,shortlist
uhf_short,10954,699618,MeerKAT:array_1:20250713T164848Z,ex_UGC10253,23,558.3979087471962,0.05133671265866724,69.61798,64,1.0,1,2.814290107767852e-52,shortlist
lband_long,328563,1484369,MeerKAT:array_1:20250701T055458Z,ex_LEDA_1133469,24,935.0996994376183,0.0,20.730387,64,1.0,1,1.1326089867998039e-51,shortlist
uhf_long,95319,33530548,MeerKAT:array_1:20250713T202929Z,Gaia_4153212145235759232,13,624.996779024601,0.0835240166271967,313.6717,64,1.0,1,4.8475589163063356e-51,shortlist
uhf_long,95394,33530627,MeerKAT:array_1:20250713T202929Z,Gaia_4153016462211233280,57,624.996779024601,0.0835240166271967,315.38675,64,1.0,1,6.899737384772966e-51,shortlist
uhf_long,95391,33530624,MeerKAT:array_1:20250713T202929Z,Gaia_4153218222588774784,55,624.996779024601,0.0835240166271967,311.1084,64,1.0,1,8.151893887096874e-51,shortlist
uhf_long,95377,33530609,MeerKAT:array_1:20250713T202929Z,Gaia_4153218742305762560,47,624.996779024601,0.0835240166271967,305.8503,64,1.0,1,8.239014865833799e-51,shortlist
uhf_long,95364,33530594,MeerKAT:array_1:20250713T202929Z,Gaia_4153202799386745856,38,624.996779024601,0.0835240166271967,311.08667,64,1.0,1,8.501721199500756e-51,shortlist
uhf_long,95302,33530531,MeerKAT:array_1:20250713T202929Z,Gaia_4153020658413933824,4,624.996779024601,0.0835240166271967,310.726,64,1.0,1,8.847592606232645e-51,shortlist
uhf_long,95370,33530602,MeerKAT:array_1:20250713T202929Z,Gaia_4153209254703427328,42,624.996779024601,0.0835240166271967,305.6389,64,1.0,1,8.896159021944944e-51,shortlist
uhf_long,95351,33530581,MeerKAT:array_1:20250713T202929Z,Gaia_4153021895364697728,31,624.996779024601,0.0835240166271967,316.66,64,1.0,1,8.896159021944944e-51,shortlist
uhf_long,95358,33530588,MeerKAT:array_1:20250713T202929Z,Gaia_4153014748538694784,35,624.996779024601,0.0835240166271967,309.2907,64,1.0,1,8.896159021944944e-51,shortlist
uhf_long,95404,33530639,MeerKAT:array_1:20250713T202929Z,Gaia_4153126039735766400,63,624.996779024601,0.0835240166271967,312.464,64,1.0,1,9.190405603862662e-51,shortlist
uhf_long,64007,7198268,MeerKAT:array_1:20250702T175345Z,Gaia_6117575876823708928,44,599.9865697026253,-0.059077962980212305,369.66336,64,1.0,1,2.3719400409993287e-50,shortlist
uhf_long,63992,7198253,MeerKAT:array_1:20250702T175345Z,Gaia_6117429538697884160,41,599.9865697026253,-0.059077962980212305,379.73462,64,1.0,1,3.1646449662247165e-50,shortlist
uhf_long,64104,7198365,MeerKAT:array_1:20250702T175345Z,Gaia_6120538506602479616,63,599.9865697026253,-0.059077962980212305,375.69263,64,1.0,1,3.1808658520954736e-50,shortlist
uhf_short,57743,33404678,MeerKAT:array_1:20250731T230132Z,Gaia_2536377375986979712,18,611.9920700788498,0.02566835632933362,17.067568,64,1.0,1,3.477414395978365e-50,shortlist
lband_long,241293,34965595,MeerKAT:array_1:20250706T180055Z,Gaia_5938465398344638848,44,1031.988552838564,-0.03026415097365099,19.558878,64,1.0,1,3.5354320536231625e-50,shortlist
uhf_short,188854,33714721,MeerKAT:array_1:20250706T001134Z,Gaia_2699234530032694272,33,629.989516556263,0.00855611877644454,17.115765,62,0.96875,1,8.55551097927152e-50,shortlist
lband_short,427664,34971722,MeerKAT:array_1:20250708T115647Z,Gaia_2973745303173402240,58,1031.9886644482613,0.0615045648819359,87.874504,64,1.0,1,9.527275976705032e-50,shortlist
lband_short,460626,785119,MeerKAT:array_1:20250702T234223Z,Gaia_6891278432342115200,39,887.9903798252344,-0.020501521627311965,54.237755,64,1.0,1,2.535070171143408e-48,shortlist
uhf_short,79651,34638787,MeerKAT:array_1:20250706T010358Z,Gaia_2699013390756310784,28,649.9985862374306,0.05133671265866724,33.382492,64,1.0,1,1.2298077811747325e-47,shortlist
lband_short,450151,404773,MeerKAT:array_1:20250701T062515Z,ex_[VV2006]_J005829.4+001318,43,874.9925568252802,0.010250760813655982,21.237402,64,1.0,1,1.711225610226341e-47,shortlist
sband_short,15365,5686719,MeerKAT:array_1:20250720T173033Z,Gaia_3504661462058935680,37,2256.133451126516,-0.05355434118123964,91.170975,48,0.9795918367346939,1,7.592480826387358e-47,shortlist
lband_long,245122,35027744,MeerKAT:array_1:20250719T145228Z,Gaia_6441452110702440064,34,1031.989383533597,0.04035220129820132,133.42178,64,1.0,1,2.7546259334011366e-46,shortlist
uhf_long,153394,94381,MeerKAT:array_1:20250710T060816Z,Gaia_5599312721659940480,6,551.9996094107628,-0.0040743422744974,115.75417,64,1.0,1,4.310960498729722e-45,shortlist
lband_short,408165,33614754,MeerKAT:array_1:20250720T093812Z,Gaia_5096041132644918528,29,984.000432819128,0.2460182595277436,6.035167,45,0.703125,1,1.1696174011905186e-44,shortlist
lband_short,388700,33165751,MeerKAT:array_1:20250702T225528Z,Gaia_6891222322889271296,39,974.9953080266714,0.19476445545946366,21.447443,64,1.0,1,1.8627707803852013e-44,shortlist
sband_short,10756,1205840,MeerKAT:array_1:20250720T183547Z,Gaia_3504689194663378432,41,2237.5849559903145,-0.03213260470874378,106.34057,49,1.0,1,2.5786963636112803e-44,shortlist
sband_short,9471,1201226,MeerKAT:array_1:20250720T173033Z,Gaia_3504660469922086656,31,2237.5201284885406,-0.03213260470874378,91.434875,49,1.0,1,3.318887187794163e-44,shortlist
lband_long,2712,39095,MeerKAT:array_1:20250704T110253Z,Gaia_4669704880499951232,17,857.7932425737381,-0.04539622646047649,7.9096637,53,0.828125,1,1.410894604565888e-43,shortlist
uhf_long,298385,35588986,MeerKAT:array_1:20240925T231814Z,Gaia_2775613307846612864,23,940.204302072525,0.0,53.931026,64,1.0,1,2.393725772506069e-43,shortlist
uhf_long,153409,94409,MeerKAT:array_1:20250710T060816Z,Gaia_5599317085346709632,13,551.9996094107628,-0.0040743422744974,99.27198,64,1.0,1,2.8313168568750813e-43,shortlist
lband_short,79095,2178836,MeerKAT:array_1:20250706T084548Z,Gaia_4802478399977215872,41,924.9930538982153,-0.16401217301849572,26.840206,61,0.953125,1,8.326423756026053e-43,shortlist
uhf_long,50029,1225147,MeerKAT:array_1:20250723T045553Z,Gaia_4662064168086595328,56,576.0480984449387,-0.030557567058730504,38.7286,38,0.59375,1,1.0268218953043588e-42,shortlist
lband_long,205955,33416367,MeerKAT:array_1:20250702T203437Z,Gaia_6440689869971379584,47,983.9897852540016,-0.04539622646047649,161.7933,64,1.0,1,4.3517383454417354e-42,shortlist
lband_long,205906,33416318,MeerKAT:array_1:20250702T203437Z,Gaia_6440693413319921408,23,983.9897852540016,-0.04539622646047649,165.29663,64,1.0,1,4.532845452820636e-42,shortlist
uhf_long,127137,35162080,MeerKAT:array_1:20250723T043540Z,Gaia_4654731387576073728,19,658.6250819563866,0.0081486845489948,28.572994,64,1.0,1,8.255364997864324e-42,shortlist
uhf_long,35340,1063745,MeerKAT:array_1:20250702T175345Z,ex_ASASSN-V_J140832.22-374509.2,19,575.9944058060646,-0.044817765019471406,60.514553,51,0.796875,1,1.482212616125228e-41,shortlist
uhf_long,35424,1063829,MeerKAT:array_1:20250702T175345Z,Gaia_6117574571153644928,47,575.9944058060646,-0.044817765019471406,61.294292,51,0.796875,1,1.5333546055750117e-41,shortlist
lband_long,444803,1938820,MeerKAT:array_1:20250706T014240Z,Gaia_6441449980398668800,33,934.6325841546059,0.0,137.98775,63,0.984375,1,1.810638422865907e-41,shortlist
uhf_long,49339,1223891,MeerKAT:array_1:20250723T030515Z,ex_BSDL_2865,18,575.9778620004654,-0.006111513411746101,86.74031,64,1.0,1,2.899941515086953e-41,shortlist
uhf_long,90912,33415042,MeerKAT:array_1:20250702T175345Z,Gaia_6117567630486215552,51,623.9939419031143,-0.06722664752920711,315.88306,64,1.0,1,4.602731266562296e-41,shortlist
uhf_long,90898,33415021,MeerKAT:array_1:20250702T175345Z,Gaia_6117575876823708928,44,623.9939419031143,-0.0651894763919584,312.2673,64,1.0,1,5.573860116644567e-41,shortlist
uhf_long,95306,33530535,MeerKAT:array_1:20250713T202929Z,Gaia_4153019146585449088,6,624.996779024601,0.0835240166271967,302.3922,64,1.0,1,7.796570846770864e-41,shortlist
uhf_long,95353,33530583,MeerKAT:array_1:20250713T202929Z,Gaia_4153357212046994816,32,624.996779024601,0.0835240166271967,317.12787,64,1.0,1,8.720545569237715e-41,shortlist
uhf_long,95354,33530584,MeerKAT:array_1:20250713T202929Z,Gaia_4153304401126924288,33,624.996779024601,0.0835240166271967,313.16605,64,1.0,1,9.111346191259176e-41,shortlist
uhf_long,95382,33530615,MeerKAT:array_1:20250713T202929Z,Gaia_4153204551733639296,50,624.996779024601,0.0835240166271967,316.93674,64,1.0,1,9.221337559511668e-41,shortlist
uhf_long,95383,33530616,MeerKAT:array_1:20250713T202929Z,Gaia_4153307489191144192,51,624.996779024601,0.0835240166271967,303.92123,64,1.0,1,9.600427895827259e-41,shortlist
uhf_long,95387,33530620,MeerKAT:array_1:20250713T202929Z,Gaia_4153334809495805312,53,624.996779024601,0.0835240166271967,316.1766,64,1.0,1,9.89062073471722e-41,shortlist
uhf_long,95369,33530600,MeerKAT:array_1:20250713T202929Z,Gaia_4153213240426856064,41,624.996779024601,0.0835240166271967,306.57013,64,1.0,1,1.0277248129676044e-40,shortlist
uhf_long,95324,33530553,MeerKAT:array_1:20250713T202929Z,Gaia_4153331506644802048,16,624.996779024601,0.0835240166271967,304.5162,64,1.0,1,1.0334622132759702e-40,shortlist
uhf_long,95333,33530562,MeerKAT:array_1:20250713T202929Z,Gaia_4153345937736965504,21,624.996779024601,0.0835240166271967,309.09845,64,1.0,1,1.062723431829511e-40,shortlist
uhf_long,90896,33415018,MeerKAT:array_1:20250702T175345Z,Gaia_6120442784669091328,43,623.9939419031143,-0.0651894763919584,310.93903,64,1.0,1,1.1068130319914598e-40,shortlist
uhf_long,43233,1131401,MeerKAT:array_1:20250715T130947Z,ex_4FGL_J1611.6-6013,2,572.7166601419449,-0.0733381609409532,19.442522,64,1.0,1,1.1328617545618616e-40,shortlist
uhf_long,95372,33530604,MeerKAT:array_1:20250713T202929Z,Gaia_4153325562410303872,43,624.996779024601,0.0835240166271967,308.64578,64,1.0,1,1.1376533661216117e-40,shortlist
uhf_long,114142,34804779,MeerKAT:array_1:20250713T145219Z,Gaia_6440638643896867456,22,647.9754400253296,0.038706251607725305,117.41375,55,0.859375,1,1.245650024430236e-40,shortlist
uhf_long,90894,33415015,MeerKAT:array_1:20250702T175345Z,Gaia_6120436737355102976,42,623.9939419031143,-0.06722664752920711,316.89838,64,1.0,1,1.246058948870073e-40,shortlist
uhf_long,90810,33414889,MeerKAT:array_1:20250702T175345Z,J1408-3747T2,0,623.9939419031143,-0.0651894763919584,309.92435,64,1.0,1,1.3202241108821986e-40,shortlist
uhf_long,90858,33414961,MeerKAT:array_1:20250702T175345Z,ex_LEDA_617235,24,623.9939419031143,-0.0651894763919584,319.8941,64,1.0,1,1.3300578352456604e-40,shortlist
uhf_long,90852,33414952,MeerKAT:array_1:20250702T175345Z,ex_ASASSN-V_J140942.97-372706.6,21,623.9939419031143,-0.0651894763919584,312.79126,64,1.0,1,1.4636843106627093e-40,shortlist
lband_short,8270,321911,MeerKAT:array_1:20250720T120455Z,Gaia_3610245506385483008,39,864.0022446960211,0.20501521627311964,30.286514,53,0.828125,1,1.7856332653906021e-40,shortlist
uhf_long,127156,35162099,MeerKAT:array_1:20250723T043540Z,Gaia_4655314747212415104,38,658.6250819563866,0.0081486845489948,30.39677,64,1.0,1,4.7594860340128985e-40,shortlist
uhf_long,152854,71994,MeerKAT:array_1:20250708T010310Z,Gaia_6441448159332624256,11,551.9662005901337,-0.0020371711372487,67.44738,64,1.0,1,5.078733830924789e-40,shortlist
uhf_long,64078,7198339,MeerKAT:array_1:20250702T175345Z,Gaia_6120438317903079168,58,599.9865697026253,-0.059077962980212305,369.63425,64,1.0,1,8.930775605010815e-40,shortlist
uhf_long,63797,7198058,MeerKAT:array_1:20250702T175345Z,ex_CRTS_J140828.9-373311,2,599.9865697026253,-0.059077962980212305,374.44543,64,1.0,1,1.0477172790586456e-39,shortlist
uhf_long,63942,7198203,MeerKAT:array_1:20250702T175345Z,ex_LEDA_625730,31,599.9865697026253,-0.059077962980212305,374.9723,64,1.0,1,1.0477172790586456e-39,shortlist
uhf_long,63887,7198148,MeerKAT:array_1:20250702T175345Z,ex_ASASSN-V_J140926.43-372525.5,20,599.9865697026253,-0.059077962980212305,370.32806,64,1.0,1,1.0658997005431904e-39,shortlist
uhf_short,111862,375510,MeerKAT:array_1:20250729T041550Z,Gaia_6526533969730669184,46,544.0813136100769,0.01711223755288908,98.57063,64,1.0,1,1.0820844684762607e-39,shortlist
uhf_long,63877,7198138,MeerKAT:array_1:20250702T175345Z,ex_ASASSN-V_J140712.53-371746.2,18,599.9865697026253,-0.059077962980212305,377.78412,64,1.0,1,1.1011587952982104e-39,shortlist
uhf_long,64023,7198284,MeerKAT:array_1:20250702T175345Z,Gaia_6117574571153644928,47,599.9865697026253,-0.059077962980212305,371.0864,64,1.0,1,1.2507702758190148e-39,shortlist
uhf_short,116166,400946,MeerKAT:array_1:20250731T212434Z,Gaia_2698987758391570816,34,551.9936148524284,-0.01711223755288908,295.99347,64,1.0,1,1.3565604852348863e-39,shortlist
uhf_short,29493,1125138,MeerKAT:array_1:20250714T021749Z,Gaia_2682528412920713856,60,575.9707953929901,-0.02566835632933362,22.083872,64,1.0,1,1.392251209353039e-39,shortlist
lband_short,452629,428458,MeerKAT:array_1:20250706T101122Z,Gaia_4802517363920388736,62,872.0094113796949,-0.020501521627311965,20.798464,64,1.0,1,1.3952003523912346e-39,shortlist
uhf_short,24173,1114623,MeerKAT:array_1:20250713T150856Z,Gaia_1456190043026833664,47,576.0390468239784,-0.15401013797600172,51.106476,62,0.96875,1,1.395238743730118e-39,shortlist
uhf_long,64017,7198278,MeerKAT:array_1:20250702T175345Z,Gaia_6117416408974470912,46,599.9865697026253,-0.059077962980212305,369.9534,64,1.0,1,1.5404340354199157e-39,shortlist
uhf_long,129672,35390635,MeerKAT:array_1:20250705T060310Z,Gaia_6440672488239350272,5,674.9791145920753,0.022408882509735703,154.64693,64,1.0,1,1.5927381602681772e-39,shortlist
uhf_long,129728,35390691,MeerKAT:array_1:20250705T060310Z,Gaia_6441473070142917376,33,674.9791145920753,0.022408882509735703,149.16084,64,1.0,1,1.596097535554107e-39,shortlist
uhf_long,37629,1075677,MeerKAT:array_1:20250705T184525Z,ex_ASASSN-V_J174648.03-153818.8,30,575.9937542676926,-0.0081486845489948,34.813553,64,1.0,1,1.603872922674059e-39,shortlist
uhf_long,63982,7198243,MeerKAT:array_1:20250702T175345Z,Gaia_6120560501130543616,39,599.9865697026253,-0.059077962980212305,366.6053,64,1.0,1,1.6882548824672677e-39,shortlist
uhf_long,18612,370954,MeerKAT:array_1:20250728T151003Z,ex_Cl*_NGC_5139_SAW_V455,1,544.0800216794014,-0.038706251607725305,47.86755,64,1.0,1,1.748786670509524e-39,shortlist
uhf_long,129786,35390749,MeerKAT:array_1:20250705T060310Z,Gaia_6440675649335038848,62,674.9791145920753,0.022408882509735703,148.5991,64,1.0,1,1.7944746570671748e-39,shortlist
uhf_short,41665,4418575,MeerKAT:array_1:20250713T175609Z,Gaia_1456193375921420800,25,587.9872898459435,-0.06844895021155632,20.18244,64,1.0,1,1.8326123777423697e-39,shortlist
uhf_long,63872,7198133,MeerKAT:array_1:20250702T175345Z,ex_CRTS_J140724.0-373538,17,599.9865697026253,-0.059077962980212305,362.96973,64,1.0,1,2.085688464105985e-39,shortlist
uhf_short,188879,33714748,MeerKAT:array_1:20250706T001134Z,Gaia_2698943056371849856,60,629.989516556263,0.00855611877644454,15.255782,62,0.96875,1,2.4000440408737e-39,shortlist
uhf_long,181653,12886321,MeerKAT:array_1:20250723T030515Z,ex_ASASSN-V_J053210.43-700629.2,59,599.9431689381599,-0.0020371711372487,497.2687,64,1.0,1,3.0397084470314545e-39,shortlist
uhf_long,175491,1898640,MeerKAT:array_1:20250705T180344Z,Gaia_5820048889351867392,33,587.9444707036018,0.0020371711372487,23.560974,64,1.0,1,3.219990100478422e-39,shortlist
lband_long,444887,1938924,MeerKAT:array_1:20250706T014240Z,Gaia_6440700869383161088,35,934.6325841546059,0.0,157.33968,63,0.984375,1,3.2518059119332e-39,shortlist
lband_short,709652,2035593,MeerKAT:array_1:20250706T040458Z,Gaia_2546856512074509440,62,934.6204505860806,0.0,232.7322,64,1.0,1,3.2795147656928246e-39,shortlist
uhf_short,199481,34901483,MeerKAT:array_1:20250729T181804Z,Gaia_6734159526432300800,27,647.9930183887482,0.0,197.30579,64,1.0,1,3.356723694725635e-39,shortlist
lband_long,443832,1937631,MeerKAT:array_1:20250706T014240Z,Gaia_6440694474176019200,9,934.6325841546059,0.0,150.9648,63,0.984375,1,3.536372159636845e-39,shortlist
lband_long,443632,1937383,MeerKAT:array_1:20250706T014240Z,Gaia_6440682108965978496,4,934.6325841546059,0.0,141.44063,63,0.984375,1,3.890698621008932e-39,shortlist
lband_short,705043,2030127,MeerKAT:array_1:20250706T040458Z,ex_SDSS_J002104.23+002331.1,5,934.6204505860806,0.0,228.43483,64,1.0,1,3.95284167310992e-39,shortlist
uhf_long,100386,33630704,MeerKAT:array_1:20250723T015429Z,Gaia_4661694422923037440,3,623.9931130409241,-0.0325947381959792,64.996735,63,0.984375,1,4.0378307195195096e-39,shortlist
uhf_short,48868,13613632,MeerKAT:array_1:20250728T194227Z,Gaia_2682539064439595776,34,599.9708446264267,-0.09411730654088994,77.09576,61,0.953125,1,4.260961167349765e-39,shortlist
lband_long,542954,2608760,MeerKAT:array_1:20250708T085539Z,Gaia_2978700458482356224,25,935.3821006715298,0.0,742.1157,64,1.0,1,4.8263309907228113e-39,shortlist
uhf_short,199496,34901514,MeerKAT:array_1:20250729T181804Z,Gaia_6733432508727239808,33,647.9930183887482,0.0,201.99492,64,1.0,1,4.9798128331912924e-39,shortlist
lband_short,405918,33605093,MeerKAT:array_1:20250719T110629Z,Gaia_2992974936911988352,13,983.9891937226057,0.05125380406827991,84.66531,64,1.0,1,5.021103491467032e-39,shortlist
uhf_short,48626,13613360,MeerKAT:array_1:20250728T194227Z,ex_LEDA_1191080,4,599.9708446264267,-0.09411730654088994,77.640945,61,0.953125,1,5.251564728440486e-39,shortlist
lband_long,444682,1938673,MeerKAT:array_1:20250706T014240Z,Gaia_6441462036370308096,30,934.6325841546059,0.0,154.3077,63,0.984375,1,5.7443665921609514e-39,shortlist
lband_long,445127,1939218,MeerKAT:array_1:20250706T014240Z,Gaia_6440636204355457536,41,934.6325841546059,0.0,171.02478,63,0.984375,1,6.20352386979722e-39,shortlist
lband_short,32824,733774,MeerKAT:array_1:20250719T110629Z,Gaia_2992938378150518272,37,877.3163775503635,-0.1230091297638718,27.630356,64,1.0,1,7.651216568190254e-39,shortlist
lband_short,706248,2031554,MeerKAT:array_1:20250706T040458Z,ex_2SLAQ_J002327.67+000956.8,20,934.5493839085102,0.0,85.79664,64,1.0,1,7.997678505334936e-39,shortlist
uhf_short,48844,13613605,MeerKAT:array_1:20250728T194227Z,Gaia_2682780609104842240,31,599.9759566187859,-0.05133671265866724,17.505613,60,0.9375,1,9.248081587723318e-39,shortlist
lband_short,452117,427020,MeerKAT:array_1:20250706T070740Z,Gaia_4802452595813616000,44,872.0095564723015,0.0,14.045523,64,1.0,1,9.351146277793987e-39,shortlist
lband_short,406202,33605425,MeerKAT:array_1:20250719T110629Z,Gaia_2992934667298756992,61,983.9891937226057,0.05125380406827991,86.188385,64,1.0,1,1.180086423491884e-38,shortlist
uhf_long,9143,279050,MeerKAT:array_1:20250715T124827Z,ex_ASASSN-V_J131645.18-014824.8,49,551.986996114254,0.0733381609409532,749.7314,64,1.0,1,1.2141528754221988e-38,shortlist
lband_short,12149,406033,MeerKAT:array_1:20250701T080259Z,Gaia_2536431007243245568,15,874.9920370429754,-0.13325989057752777,44.842937,64,1.0,1,1.2389625313403372e-38,shortlist
uhf_long,129668,35390631,MeerKAT:array_1:20250705T060310Z,Gaia_6441470424443027584,3,674.9791145920753,0.022408882509735703,147.60622,64,1.0,1,1.265615396351453e-38,shortlist
lband_short,121916,4381317,MeerKAT:array_1:20250713T111016Z,Gaia_5096051578005364992,61,924.9947312325239,-0.2870213027823675,17.47591,64,1.0,1,1.337381762732112e-38,shortlist
lband_long,29375,770263,MeerKAT:array_1:20250731T132801Z,Gaia_5883725971399405824,21,874.9961187690496,-0.15132075486825497,177.70337,64,1.0,1,1.3927343443374605e-38,shortlist
lband_long,29404,770292,MeerKAT:array_1:20250731T132801Z,Gaia_5883685152029428864,50,874.9961187690496,-0.15132075486825497,180.07645,64,1.0,1,1.40518277504467e-38,shortlist
lband_long,29386,770274,MeerKAT:array_1:20250731T132801Z,Gaia_5883494077524176384,32,874.9961187690496,-0.15132075486825497,170.88396,64,1.0,1,1.40518277504467e-38,shortlist
uhf_long,129666,35390629,MeerKAT:array_1:20250705T060310Z,Gaia_6440630255824798336,2,674.9791145920753,0.022408882509735703,154.75497,64,1.0,1,1.4516352011495828e-38,shortlist
uhf_long,129714,35390677,MeerKAT:array_1:20250705T060310Z,Gaia_6441462624782380928,26,674.9791145920753,0.022408882509735703,155.1531,64,1.0,1,1.6569429381329057e-38,shortlist
lband_short,73421,2044345,MeerKAT:array_1:20250706T043733Z,Gaia_2543778940372354816,49,925.0042850226164,0.03075228244096795,21.446058,64,1.0,1,1.8113760381567375e-38,shortlist
uhf_long,9038,278940,MeerKAT:array_1:20250715T124827Z,ex_[VV2006]_J131624.0-015835,14,551.986996114254,0.0733381609409532,748.4859,64,1.0,1,1.8990355953512944e-38,shortlist
uhf_long,49415,1224026,MeerKAT:array_1:20250723T030515Z,ex_ASASSN-V_J053701.07-692943.2,52,575.9778620004654,-0.006111513411746101,87.66704,64,1.0,1,2.0106038858103666e-38,shortlist
uhf_long,129684,35390647,MeerKAT:array_1:20250705T060310Z,Gaia_6441479800355212800,11,674.9791145920753,0.022408882509735703,145.54765,64,1.0,1,2.0608625546051216e-38,shortlist
uhf_long,129716,35390679,MeerKAT:array_1:20250705T060310Z,Gaia_6441086523086399360,27,674.9791145920753,0.022408882509735703,151.46259,64,1.0,1,2.2038263920918585e-38,shortlist
uhf_long,169889,1224269,MeerKAT:array_1:20250723T033528Z,Gaia_4658264496476105216,21,575.9778538942337,0.0,64.524086,64,1.0,1,2.390065269135528e-38,shortlist
uhf_long,129694,35390657,MeerKAT:array_1:20250705T060310Z,Gaia_6440682761800995072,16,674.9791145920753,0.022408882509735703,151.77545,64,1.0,1,2.638518439377874e-38,shortlist
uhf_long,129760,35390723,MeerKAT:array_1:20250705T060310Z,Gaia_6440612805373343104,49,674.9791145920753,0.022408882509735703,153.84735,64,1.0,1,2.6476011273597487e-38,shortlist
uhf_long,129740,35390703,MeerKAT:array_1:20250705T060310Z,Gaia_6441468569017169024,39,674.9791145920753,0.022408882509735703,148.30418,64,1.0,1,2.769710172868046e-38,shortlist
sband_short,10391,1205324,MeerKAT:array_1:20250720T183547Z,Gaia_3504466577918331776,11,2235.471880296245,-0.04284347294499171,45.648804,49,1.0,1,2.812676317389717e-38,shortlist
uhf_long,169945,1224354,MeerKAT:array_1:20250723T033528Z,Gaia_4661392813148576640,49,575.9778538942337,0.0,65.11562,64,1.0,1,2.85808550229492e-38,shortlist
uhf_long,129732,35390695,MeerKAT:array_1:20250705T060310Z,Gaia_6441837042851153408,35,674.9791145920753,0.022408882509735703,151.21587,64,1.0,1,3.1965418745483475e-38,shortlist
uhf_long,49347,1223907,MeerKAT:array_1:20250723T030515Z,ex_KMHK_1303,22,575.9778620004654,-0.006111513411746101,88.62294,64,1.0,1,3.395036579572445e-38,shortlist
uhf_long,9026,278928,MeerKAT:array_1:20250715T124827Z,ex_[VV2006]_J131604.1-013605,10,551.986996114254,0.0733381609409532,751.0569,64,1.0,1,3.416321700966369e-38,shortlist
uhf_long,134864,35421781,MeerKAT:array_1:20250716T012443Z,Gaia_4669054141415170432,30,674.9954871535301,0.0529664495684662,188.70956,38,0.59375,1,3.468111785598323e-38,shortlist
uhf_long,134910,35421827,MeerKAT:array_1:20250716T012443Z,Gaia_4669810914652429184,53,674.9954871535301,0.0529664495684662,184.4477,38,0.59375,1,3.524086368081518e-38,shortlist
uhf_long,129778,35390741,MeerKAT:array_1:20250705T060310Z,Gaia_6441444826437996032,58,674.9791145920753,0.022408882509735703,149.11943,64,1.0,1,3.544403003018349e-38,shortlist
uhf_long,129710,35390673,MeerKAT:array_1:20250705T060310Z,Gaia_6441451011190833664,24,674.9791145920753,0.022408882509735703,148.08891,64,1.0,1,3.62351110544475e-38,shortlist
uhf_long,129724,35390687,MeerKAT:array_1:20250705T060310Z,Gaia_6441019555955951616,31,674.9791145920753,0.022408882509735703,154.78505,64,1.0,1,3.6817623190704285e-38,shortlist
uhf_short,166941,13616521,MeerKAT:array_1:20250729T050525Z,Gaia_6526764523573567872,13,599.9431000351906,-0.01711223755288908,326.9405,64,1.0,1,3.961380242894964e-38,shortlist
uhf_short,121279,806215,MeerKAT:array_1:20250706T010358Z,Gaia_2699634374307854336,49,563.9996715188026,0.0,31.872025,64,1.0,1,4.2116175693299347e-38,shortlist
uhf_long,232623,34878730,MeerKAT:array_1:20250723T030515Z,ex_ASASSN-V_J053701.07-692943.2,52,647.2499403953552,0.0,105.051735,64,1.0,1,4.234481727617167e-38,shortlist
uhf_long,129678,35390641,MeerKAT:array_1:20250705T060310Z,Gaia_6441478395902621952,8,674.9791145920753,0.022408882509735703,150.86017,64,1.0,1,4.261929711710632e-38,shortlist
lband_long,470636,2195646,MeerKAT:array_1:20250706T085909Z,ex_4FGL_J0521.2+1637,59,934.5667184889317,0.0,83.49883,64,1.0,1,4.3230434914835184e-38,shortlist
uhf_long,129704,35390667,MeerKAT:array_1:20250705T060310Z,Gaia_6440704060541711360,21,674.9791145920753,0.022408882509735703,155.6079,64,1.0,1,4.3786260501300506e-38,shortlist
lband_short,484400,1473538,MeerKAT:array_1:20250731T030702Z,ex_SDSS_J002155.52+001434.3,7,911.9894718378782,-0.020501521627311965,24.272516,64,1.0,1,4.4251399576530817e-38,shortlist
uhf_long,129670,35390633,MeerKAT:array_1:20250705T060310Z,Gaia_6440625174879361536,4,674.9791145920753,0.022408882509735703,154.82016,64,1.0,1,4.5066119159797337e-38,shortlist
sband_short,11215,1206496,MeerKAT:array_1:20250720T183547Z,Gaia_3504655796997660288,9,2239.56803441979,-0.04284347294499171,53.108906,49,1.0,1,4.6204404902053314e-38,shortlist
uhf_short,199524,34901564,MeerKAT:array_1:20250729T181804Z,Gaia_6734076410230387072,42,647.9930183887482,0.0,211.62613,64,1.0,1,4.6515311990495073e-38,shortlist
lband_short,125828,5260546,MeerKAT:array_1:20250719T212149Z,Gaia_4216961691956589568,34,924.9910034686327,0.05125380406827991,55.01718,64,1.0,1,4.6617705774054635e-38,shortlist
uhf_short,140646,1143288,MeerKAT:array_1:20250716T222802Z,Gaia_4426832520092890496,40,575.993404686451,-0.00855611877644454,22.778166,64,1.0,1,4.6886831685598813e-38,shortlist
uhf_short,185768,33548274,MeerKAT:array_1:20250716T222802Z,Gaia_4426405428545664640,35,624.9975308775902,0.00855611877644454,1726.4452,64,1.0,1,4.801277253294857e-38,shortlist
lband_long,46837,1041250,MeerKAT:array_1:20250731T120456Z,Gaia_5422842823383209600,22,887.990113556385,0.02017610064910066,39.952953,64,1.0,1,5.350275127514266e-38,shortlist
sband_short,32498,1198788,MeerKAT:array_1:20250720T161105Z,Gaia_3504660573001303040,22,2232.7648187056184,0.010710868236247928,66.344025,49,1.0,1,5.74668158938675e-38,shortlist
uhf_long,129682,35390645,MeerKAT:array_1:20250705T060310Z,Gaia_6441481002946014720,10,674.9791145920753,0.022408882509735703,153.00308,64,1.0,1,6.153737103948282e-38,shortlist
lband_short,36233,780719,MeerKAT:array_1:20250701T205536Z,Gaia_1315899712307196800,9,887.9667265415192,-0.07175532569559187,19.373789,64,1.0,1,6.155708416411808e-38,shortlist
uhf_long,150498,21769,MeerKAT:array_1:20250704T054305Z,Gaia_6441084976897929344,40,551.9862483143806,0.0,204.22359,64,1.0,1,6.34957631157434e-38,shortlist
uhf_long,232577,34878684,MeerKAT:array_1:20250723T030515Z,ex_KMHK_1242,6,647.2499403953552,0.0,88.724525,64,1.0,1,7.279208960295801e-38,shortlist
uhf_long,53703,1769874,MeerKAT:array_1:20250704T054305Z,Gaia_6441456641891280896,48,587.0357509851456,0.006111513411746101,69.11889,64,1.0,1,7.379516387822593e-38,shortlist
lband_short,34074,741464,MeerKAT:array_1:20250720T075528Z,J0409-1757,0,874.9921789467335,-0.15376141220483974,68.54135,64,1.0,1,7.590420677541527e-38,shortlist
lband_short,484485,1473625,MeerKAT:array_1:20250731T030702Z,ex_LEDA_1448,28,911.9894718378782,-0.020501521627311965,25.926556,64,1.0,1,7.597609363252503e-38,shortlist
uhf_short,63405,33515450,MeerKAT:array_1:20250712T200859Z,Gaia_4426462396991952256,60,623.9691672325134,-0.0427805938822227,331.50952,64,1.0,1,7.600160434371349e-38,shortlist
lband_long,187426,32861720,MeerKAT:array_1:20250731T120456Z,Gaia_5423618700635793664,42,959.9893124699593,0.02017610064910066,22.125742,64,1.0,1,7.764610100877679e-38,shortlist
sband_short,27863,1054235,MeerKAT:array_1:20250701T171131Z,Gaia_3607234940469426816,5,2231.7599842790514,0.0,47.86669,55,1.0,1,7.975791423838985e-38,shortlist
uhf_long,232611,34878718,MeerKAT:array_1:20250723T030515Z,ex_ASASSN-V_J053611.24-693201.3,40,647.2499403953552,0.0,89.73537,64,1.0,1,8.061760038922928e-38,shortlist
lband_short,406172,33605390,MeerKAT:array_1:20250719T110629Z,Gaia_2992770805705458176,56,983.9891937226057,0.05125380406827991,81.44978,64,1.0,1,8.307457032511192e-38,shortlist
uhf_short,188842,33714709,MeerKAT:array_1:20250706T001134Z,Gaia_2698949236829342336,21,629.989516556263,0.00855611877644454,16.76712,62,0.96875,1,8.420315551270274e-38,shortlist
lband_short,405882,33605051,MeerKAT:array_1:20250719T110629Z,Gaia_2993084303959570176,7,983.9891937226057,0.05125380406827991,84.50493,64,1.0,1,8.550184973577848e-38,shortlist
lband_short,449297,397231,MeerKAT:array_1:20250731T160749Z,Gaia_1315490556542937088,54,863.9905782938004,-0.020501521627311965,26.445461,64,1.0,1,8.807709127270853e-38,shortlist
uhf_long,232582,34878689,MeerKAT:array_1:20250723T030515Z,ex_OGLE-CL_LMC_688,11,647.2499403953552,0.0,101.70599,64,1.0,1,9.024297407048624e-38,shortlist
lband_short,15809,427397,MeerKAT:array_1:20250706T074022Z,Gaia_4802449125480022784,47,874.9940396398306,-0.1230091297638718,44.01371,64,1.0,1,9.263118174549584e-38,shortlist
uhf_long,6858,255153,MeerKAT:array_1:20250713T202929Z,Gaia_4153127689003295488,18,551.9656574726105,0.006111513411746101,88.43079,64,1.0,1,9.358594085588633e-38,shortlist
uhf_short,121740,822565,MeerKAT:array_1:20250710T030814Z,Gaia_2699246139328171520,53,563.9650720953941,0.00855611877644454,19.286827,53,0.828125,1,9.501675668062758e-38,shortlist
uhf_long,232571,34878678,MeerKAT:array_1:20250723T030515Z,LMCTIMING3d,0,647.2499403953552,0.0,98.45113,64,1.0,1,9.567051616091888e-38,shortlist
uhf_short,80965,34840471,MeerKAT:array_1:20250717T021511Z,ex_Z_377-37,60,650.0029980540276,0.03422447510577816,54.3259,64,1.0,1,9.723430828169254e-38,shortlist
lband_short,406103,33605309,MeerKAT:array_1:20250719T110629Z,Gaia_2993040564011871488,44,983.9891937226057,0.05125380406827991,83.386795,64,1.0,1,9.820731940225546e-38,shortlist
lband_short,405858,33605023,MeerKAT:array_1:20250719T110629Z,Gaia_2992959440670093568,3,983.9891937226057,0.05125380406827991,87.94021,64,1.0,1,1.0085654655981121e-37,shortlist
uhf_short,167240,13616958,MeerKAT:array_1:20250729T050525Z,Gaia_6526763905098276736,55,599.9431000351906,-0.01711223755288908,289.307,64,1.0,1,1.0135757141893062e-37,shortlist
uhf_short,167175,13616864,MeerKAT:array_1:20250729T050525Z,Gaia_6526531736347677696,46,599.9431000351906,-0.01711223755288908,344.5435,64,1.0,1,1.0828402631579902e-37,shortlist
uhf_short,1535,296814,MeerKAT:array_1:20250717T021511Z,Gaia_2682586682742048640,43,551.9477406740189,-0.03422447510577816,551.1672,63,0.984375,1,1.0829303257157562e-37,shortlist
uhf_short,80804,34840291,MeerKAT:array_1:20250717T021511Z,Gaia_2682469275515505536,15,650.0029980540276,0.03422447510577816,62.288918,64,1.0,1,1.0992598481597232e-37,shortlist
uhf_long,9059,278962,MeerKAT:array_1:20250715T124827Z,ex_[VV2006]_J131714.2-022516,21,551.986996114254,0.0733381609409532,744.11,64,1.0,1,1.1070352380277448e-37,shortlist
uhf_long,9047,278949,MeerKAT:array_1:20250715T124827Z,ex_[VV2006]_J131702.2-012952,17,551.986996114254,0.0733381609409532,738.24414,64,1.0,1,1.1194336341704757e-37,shortlist
uhf_long,136747,35471056,MeerKAT:array_1:20250722T002453Z,Gaia_6440704060541711360,51,674.979855298996,0.05704079184296361,39.184612,64,1.0,1,1.1675637742295525e-37,shortlist
lband_long,94116,5578873,MeerKAT:array_1:20250720T073007Z,Gaia_5083283877185502976,46,925.0031721144915,-0.08070440259640264,98.93489,64,1.0,1,1.1705324574450554e-37,shortlist
uhf_long,136165,35463839,MeerKAT:array_1:20250720T024534Z,Gaia_4668945873879490048,32,671.9924150705338,-0.006111513411746101,45.200886,64,1.0,1,1.205019348312842e-37,shortlist
lband_short,406120,33605329,MeerKAT:array_1:20250719T110629Z,Gaia_2992935801170130304,47,983.9891937226057,0.05125380406827991,83.27464,64,1.0,1,1.2086003588468408e-37,shortlist
uhf_long,6828,255123,MeerKAT:array_1:20250713T202929Z,Gaia_4153124974583891712,8,551.9656574726105,0.006111513411746101,88.0071,64,1.0,1,1.2167977969443862e-37,shortlist
lband_short,449263,397190,MeerKAT:array_1:20250731T160749Z,Gaia_1315530379479720064,44,863.9905782938004,-0.020501521627311965,29.889164,64,1.0,1,1.2451604634258118e-37,shortlist
uhf_long,6951,255246,MeerKAT:array_1:20250713T202929Z,Gaia_4153151603375110144,49,551.9656574726105,0.006111513411746101,89.17836,64,1.0,1,1.2540273854597226e-37,shortlist
uhf_short,185752,33548207,MeerKAT:array_1:20250716T222802Z,Gaia_4426474525979755776,21,624.9975308775902,0.00855611877644454,1556.4796,64,1.0,1,1.299039908912497e-37,shortlist
uhf_long,120007,34850974,MeerKAT:array_1:20250720T024534Z,Gaia_4669061253881097216,19,650.0022239089012,0.038706251607725305,87.292,64,1.0,1,1.3237559223067376e-37,shortlist
uhf_long,153513,94597,MeerKAT:array_1:20250710T060816Z,Gaia_5598480734956276992,60,551.9996094107628,-0.0040743422744974,110.17195,64,1.0,1,1.3655416938281442e-37,shortlist
lband_long,218127,33648599,MeerKAT:array_1:20250730T013301Z,ex_ASASSN-V_J051946.14-653933.6,60,983.989201694727,-0.015132075486825495,146.97476,64,1.0,1,1.4220273932777273e-37,shortlist
uhf_long,280209,35570810,MeerKAT:array_1:20240925T231814Z,Gaia_2776220371408610432,32,935.2981005907059,0.0,856.62445,64,1.0,1,1.493846947641414e-37,shortlist
uhf_short,167161,13616844,MeerKAT:array_1:20250729T050525Z,Gaia_6526729339201259648,44,599.9431000351906,-0.01711223755288908,354.94403,64,1.0,1,1.5105095088394503e-37,shortlist
lband_long,23287,689505,MeerKAT:array_1:20250711T225440Z,Gaia_6440706676178910208,13,872.0095612555742,0.015132075486825495,30.128628,64,1.0,1,1.5136604065092445e-37,shortlist
lband_long,23271,689489,MeerKAT:array_1:20250711T225440Z,Gaia_6441451526586891392,5,872.0095612555742,0.015132075486825495,32.25894,64,1.0,1,1.5153649795157058e-37,shortlist
uhf_long,232583,34878690,MeerKAT:array_1:20250723T030515Z,ex_BSDL_2830,12,647.2499403953552,0.0,110.53445,64,1.0,1,1.5533649755223198e-37,shortlist
lband_short,63878,1504576,MeerKAT:array_1:20250701T065749Z,Gaia_2536458357594985472,53,924.9969235658646,-0.08200608650924786,37.469204,64,1.0,1,1.5712908023251683e-37,shortlist
uhf_long,232589,34878696,MeerKAT:array_1:20250723T030515Z,ex_BSDL_2865,18,647.2499403953552,0.0,102.69749,64,1.0,1,1.5760576378230415e-37,shortlist
uhf_short,117211,404095,MeerKAT:array_1:20250731T233401Z,Gaia_2536433519799513472,53,551.9474822878838,0.0,264.60962,64,1.0,1,1.6003193079990121e-37,shortlist
lband_short,63842,1504540,MeerKAT:array_1:20250701T065749Z,Gaia_2536489491813309824,41,924.9969235658646,-0.08200608650924786,36.123386,64,1.0,1,1.6766896870154924e-37,shortlist
lband_short,463875,997497,MeerKAT:array_1:20250719T000720Z,ex_2dFGRS_TGS544Z294,20,887.9656694382429,-0.020501521627311965,27.606747,64,1.0,1,1.7301230085254957e-37,shortlist
lband_long,217929,33648293,MeerKAT:array_1:20250730T013301Z,ex_BSDL_1165,6,983.989201694727,-0.015132075486825495,146.78076,64,1.0,1,1.8558732144194862e-37,shortlist
uhf_long,40987,1121666,MeerKAT:array_1:20250713T200741Z,Gaia_4124088964113535744,24,575.9641523361206,0.0081486845489948,32.114758,64,1.0,1,1.9199340693209826e-37,shortlist
lband_long,46793,1041184,MeerKAT:array_1:20250731T120456Z,Gaia_5422851275878657280,11,887.990113556385,0.02017610064910066,39.230686,64,1.0,1,2.0130934683117874e-37,shortlist
lband_long,553301,2733314,MeerKAT:array_1:20250708T171220Z,ex_ASASSN-V_J185543.72-301226.3,56,934.6031271666288,0.0,46.65284,64,1.0,1,2.343521492004384e-37,shortlist
uhf_short,167146,13616823,MeerKAT:array_1:20250729T050525Z,Gaia_6526730851029764224,42,599.9431000351906,-0.01711223755288908,327.3483,64,1.0,1,2.575360255540798e-37,shortlist
uhf_short,9361,403496,MeerKAT:array_1:20250731T233401Z,Gaia_2536490041569114752,63,544.0817705988884,0.03422447510577816,69.46485,63,0.984375,1,2.609828427339606e-37,shortlist
uhf_long,6837,255132,MeerKAT:array_1:20250713T202929Z,Gaia_4153310311002141824,11,551.9656574726105,0.006111513411746101,89.205055,64,1.0,1,2.6950801575083246e-37,shortlist
uhf_short,140210,1142347,MeerKAT:array_1:20250716T201432Z,Gaia_4426851005632198528,24,575.9641827344894,0.01711223755288908,18.741499,64,1.0,1,2.70274399020366e-37,shortlist
lband_short,483587,1471754,MeerKAT:array_1:20250731T004101Z,Gaia_2546789544944459520,56,909.5,0.0,21.430954,64,1.0,1,2.733049415368006e-37,shortlist
uhf_long,134892,35421809,MeerKAT:array_1:20250716T012443Z,Gaia_4668954734395819776,44,674.9954871535301,0.0529664495684662,188.28604,38,0.59375,1,2.7913044136553698e-37,shortlist
lband_long,46917,1041370,MeerKAT:array_1:20250731T120456Z,Gaia_5423618700635793664,42,887.990113556385,0.02017610064910066,38.316093,64,1.0,1,2.8515923977770373e-37,shortlist
uhf_short,65253,33525448,MeerKAT:array_1:20250713T154120Z,Gaia_1468230073309185408,36,624.9995625019073,0.07700506898800086,118.88806,64,1.0,1,2.916257237290213e-37,shortlist
uhf_short,167182,13616874,MeerKAT:array_1:20250729T050525Z,Gaia_6526710269546417536,47,599.9431000351906,-0.01711223755288908,344.57874,64,1.0,1,2.9531395389799695e-37,shortlist
uhf_short,157843,4689066,MeerKAT:array_1:20250717T200827Z,Gaia_4426445526360365824,19,587.9890306591988,0.0,15.558389,64,1.0,1,3.0172844341221537e-37,shortlist
lband_short,449125,397020,MeerKAT:array_1:20250731T160749Z,Gaia_1315706507499074176,1,863.9905782938004,-0.020501521627311965,27.722075,64,1.0,1,3.1121556484414125e-37,shortlist
uhf_long,61208,4691827,MeerKAT:array_1:20250718T054018Z,ex_6dFGS_gJ040717.4-654652,13,587.944310605526,0.0081486845489948,14.69219,62,0.96875,1,3.256701565723214e-37,shortlist
uhf_long,242359,35421683,MeerKAT:array_1:20250716T012443Z,Gaia_4669722541405576576,50,671.9944659471512,-0.0040743422744974,9.115667,63,0.984375,1,3.2812702410496974e-37,shortlist
uhf_long,136787,35471096,MeerKAT:array_1:20250722T002453Z,Gaia_6441521483014298496,61,674.979855298996,0.05704079184296361,41.369747,64,1.0,1,3.700074581505979e-37,shortlist
lband_short,48398,1089036,MeerKAT:array_1:20250708T101552Z,Gaia_2973729394614635264,19,899.9692397713661,-0.15376141220483974,37.466858,55,0.859375,1,3.7114349442057603e-37,shortlist
lband_short,115850,4295251,MeerKAT:array_1:20250713T080505Z,Gaia_5096061817207410304,55,924.9923156797886,-0.13325989057752777,37.3664,64,1.0,1,3.734545570264465e-37,shortlist
lband_long,470606,2195610,MeerKAT:array_1:20250706T085909Z,ex_CRTS_J052203.6+163537,58,934.5667184889317,0.0,91.74944,64,1.0,1,3.78041037431736e-37,shortlist
uhf_long,120054,34851031,MeerKAT:array_1:20250720T024534Z,Gaia_4668955288447797760,48,650.0022239089012,0.038706251607725305,92.461555,64,1.0,1,3.824718337440103e-37,shortlist
uhf_long,120080,34851059,MeerKAT:array_1:20250720T024534Z,Gaia_4669724121953438976,62,650.0022239089012,0.040743422744974,96.93691,64,1.0,1,4.048376585090029e-37,shortlist
lband_short,32235,698943,MeerKAT:array_1:20250713T120523Z,Gaia_5096059274586731392,39,874.9873414635658,-0.09225684732290385,375.4873,35,0.546875,1,4.131085639436403e-37,shortlist
uhf_short,65967,33526327,MeerKAT:array_1:20250713T161348Z,Gaia_1468333770999923200,59,624.9997671842575,0.1283417816466681,227.17747,64,1.0,1,4.308985681307836e-37,shortlist
lband_long,556351,2753695,MeerKAT:array_1:20250708T214410Z,Gaia_4198413240044344832,33,927.5703593790531,0.0,21.487736,64,1.0,1,4.573122386119606e-37,shortlist
uhf_long,61071,4690523,MeerKAT:array_1:20250718T015317Z,Gaia_4668957448815263232,27,587.9772634506226,-0.0081486845489948,13.743679,59,0.921875,1,4.6494241313189195e-37,shortlist
lband_short,650887,1974060,MeerKAT:array_1:20250706T025949Z,ex_LEDA_1448,28,934.6083186119795,0.0,30.01611,64,1.0,1,4.686228797063202e-37,shortlist
lband_long,469921,2194822,MeerKAT:array_1:20250706T085909Z,Gaia_3394244110647887744,35,934.5667184889317,0.0,91.51972,64,1.0,1,5.147264164646357e-37,shortlist
uhf_long,212752,34834695,MeerKAT:array_1:20250716T022312Z,Gaia_4669719994488866048,50,647.9946497678757,-0.0020371711372487,287.58118,51,0.796875,1,6.016599407160548e-37,shortlist
uhf_long,119998,34850964,MeerKAT:array_1:20250720T024534Z,Gaia_4669696118766593152,14,650.0022239089012,0.038706251607725305,99.536995,64,1.0,1,6.510329038377723e-37,shortlist
lband_long,553162,2733110,MeerKAT:array_1:20250708T171220Z,ex_ASASSN-V_J185509.16-305053.0,50,934.6031271666288,0.0,44.388878,64,1.0,1,6.895660258793646e-37,shortlist
lband_long,327078,1482349,MeerKAT:array_1:20250701T053744Z,Gaia_4669730306706410624,46,934.5337665230036,0.0,119.98668,64,1.0,1,7.392061242653843e-37,shortlist
uhf_long,162422,435711,MeerKAT:array_1:20250708T010310Z,Gaia_6441430704585513856,21,558.3989037871361,0.0,12.815223,38,0.59375,1,7.4335744036013414e-37,shortlist
lband_short,32242,698950,MeerKAT:array_1:20250713T120523Z,Gaia_5096069548148530944,41,874.9873414635658,-0.10250760813655982,343.06735,35,0.546875,1,7.544402342473515e-37,shortlist
lband_short,459429,739429,MeerKAT:array_1:20250719T233337Z,Gaia_4216984025786341888,6,874.9919270277023,0.0,50.244423,64,1.0,1,7.56578219293276e-37,shortlist
uhf_long,120076,34851055,MeerKAT:array_1:20250720T024534Z,Gaia_4669709484704842496,60,650.0022239089012,0.038706251607725305,109.5244,64,1.0,1,7.634285735677753e-37,shortlist
uhf_long,113755,34642701,MeerKAT:array_1:20250707T175557Z,Gaia_4077468541608282752,54,647.9948544502258,-0.022408882509735703,65.03372,64,1.0,1,7.771960268580315e-37,shortlist
uhf_long,40984,1121662,MeerKAT:array_1:20250713T200741Z,Gaia_4148117386349673728,23,575.9641523361206,0.0081486845489948,39.040867,64,1.0,1,7.788560454026751e-37,shortlist
uhf_long,74417,11428224,MeerKAT:array_1:20250716T022312Z,J0408-6545,0,601.352498114109,0.038706251607725305,39.022926,64,1.0,1,8.025546244029672e-37,shortlist
lband_short,709643,2035584,MeerKAT:array_1:20250706T040458Z,Gaia_2546856512074509440,62,934.5753841847181,0.0,128.11412,64,1.0,1,8.191738079976594e-37,shortlist
uhf_long,113731,34642653,MeerKAT:array_1:20250707T175557Z,ex_ASASSN-V_J183044.26-242454.9,30,647.9948544502258,-0.022408882509735703,59.365196,64,1.0,1,1.0192944323694167e-36,shortlist
uhf_short,116134,400898,MeerKAT:array_1:20250731T212434Z,Gaia_2698939001922796800,28,551.9936148524284,-0.01711223755288908,299.1797,64,1.0,1,1.0393740295506905e-36,shortlist
uhf_long,33535,995872,MeerKAT:array_1:20250718T054018Z,Gaia_4669789852133064448,39,563.9465838074684,0.0081486845489948,14.644169,62,0.96875,1,1.1075980212865088e-36,shortlist
lband_long,218054,33648486,MeerKAT:array_1:20250730T013301Z,ex_KMHK_728,40,983.989201694727,-0.015132075486825495,145.4337,64,1.0,1,1.3017001523153012e-36,shortlist
uhf_short,75212,33622678,MeerKAT:array_1:20250721T223354Z,Gaia_2682559920800831744,33,625.0013620853424,0.05989283143511178,798.818,64,1.0,1,1.3158884831292462e-36,shortlist
lband_long,309601,1006955,MeerKAT:array_1:20250720T061449Z,Gaia_4669702475318229888,13,887.978129863739,0.0,40.727253,64,1.0,1,1.3232963914054429e-36,shortlist
uhf_short,177445,33459741,MeerKAT:array_1:20250704T222921Z,Gaia_2698947316979412736,34,624.9956775903702,0.00855611877644454,860.8354,64,1.0,1,1.3420224234555101e-36,shortlist
uhf_long,120028,34850998,MeerKAT:array_1:20250720T024534Z,Gaia_4669743019809465216,31,650.0022239089012,0.038706251607725305,91.29363,64,1.0,1,1.3972901123119028e-36,shortlist
lband_short,1522,13965,MeerKAT:array_1:20250702T211800Z,Gaia_6891242011019321984,38,863.95784316957,-0.10250760813655982,77.90156,58,0.90625,1,1.4806375567269177e-36,shortlist
uhf_long,76678,12885573,MeerKAT:array_1:20250723T015429Z,Gaia_4661562584613580800,21,601.351532459259,0.030557567058730504,155.9751,64,1.0,1,1.5729945741655944e-36,shortlist
uhf_long,119990,34850954,MeerKAT:array_1:20250720T024534Z,Gaia_4668960579847570048,9,650.0022239089012,0.038706251607725305,102.246124,64,1.0,1,1.6709933989698476e-36,shortlist
uhf_long,151773,59182,MeerKAT:array_1:20250705T190623Z,ex_ASASSN-V_J182744.66-112529.9,27,551.9657162427902,0.0040743422744974,61.66835,64,1.0,1,1.712410880013774e-36,shortlist
lband_long,183,647,MeerKAT:array_1:20250701T055458Z,ex_LEDA_1133469,24,863.9905145168304,-0.015132075486825495,33.804054,64,1.0,1,1.770645593500103e-36,shortlist
uhf_long,76683,12885578,MeerKAT:array_1:20250723T015429Z,Gaia_4661480464851111680,26,601.351532459259,0.030557567058730504,168.88734,64,1.0,1,1.8197419644085003e-36,shortlist
lband_short,466776,1001136,MeerKAT:array_1:20250719T040738Z,ex_2dFGRS_TGS544Z322,10,887.9989992827177,0.0,35.281384,64,1.0,1,2.0976784423213948e-36,shortlist
lband_short,448275,392279,MeerKAT:array_1:20250731T051744Z,ex_SDSS_J002237.90+000519.0,11,863.9989123493433,-0.010250760813655982,39.33472,64,1.0,1,2.1166976365069895e-36,shortlist
lband_short,468816,1039662,MeerKAT:array_1:20250731T041226Z,ex_LEDA_1156232,27,887.9935479462147,0.0,21.963852,60,0.9375,1,2.2944757264255523e-36,shortlist
uhf_long,33602,995940,MeerKAT:array_1:20250718T054018Z,Gaia_4669738965360548992,61,563.9631853699684,0.0081486845489948,11.98123,62,0.96875,1,2.3258057975903522e-36,shortlist
uhf_long,74501,11428308,MeerKAT:array_1:20250716T022312Z,Gaia_4669713573513776384,42,601.352498114109,0.038706251607725305,104.148094,64,1.0,1,2.3688647133767138e-36,shortlist
lband_long,194,662,MeerKAT:array_1:20250701T055458Z,ex_LEDA_1140420,28,863.9905145168304,-0.015132075486825495,33.848633,64,1.0,1,2.3948886150888005e-36,shortlist
lband_long,192,659,MeerKAT:array_1:20250701T055458Z,ex_2MASX_J00212341-0049334,27,863.9905145168304,-0.015132075486825495,31.599436,64,1.0,1,2.6540739228328023e-36,shortlist
lband_long,159,610,MeerKAT:array_1:20250701T055458Z,ex_SDSS_J002243.61-001707.8,14,863.9905145168304,-0.015132075486825495,36.176033,64,1.0,1,2.8906139290287044e-36,shortlist
uhf_short,142081,1170533,MeerKAT:array_1:20250718T213759Z,Gaia_2699217934279210112,57,575.9868437051773,-0.00855611877644454,33.086052,64,1.0,1,2.9495591002558302e-36,shortlist
uhf_long,61470,4819212,MeerKAT:array_1:20250719T053812Z,Gaia_4668953536101123328,12,587.9922741651535,0.0183345402352383,40.27055,64,1.0,1,2.961159942464586e-36,shortlist
lband_short,46526,1077118,MeerKAT:array_1:20250706T145226Z,J0538-4405,0,896.653272613883,0.08200608650924786,33.065685,64,1.0,1,2.992584024433233e-36,shortlist
uhf_short,166870,13616416,MeerKAT:array_1:20250729T050525Z,Gaia_6527999412569199872,3,599.9431000351906,-0.01711223755288908,333.29733,64,1.0,1,3.2400686251722864e-36,shortlist
uhf_long,67594,8757179,MeerKAT:array_1:20250707T173400Z,Gaia_6144888295406735360,62,599.9934083223343,-0.030557567058730504,5169.129,64,1.0,1,3.557576395653185e-36,shortlist
uhf_long,33515,995851,MeerKAT:array_1:20250718T054018Z,Gaia_4669787034634537984,32,563.9631853699684,0.0081486845489948,12.28629,62,0.96875,1,3.651295413721747e-36,shortlist
lband_short,15813,427401,MeerKAT:array_1:20250706T074022Z,Gaia_4802474860924169600,49,874.9940396398306,-0.1230091297638718,42.689873,64,1.0,1,3.878663320783041e-36,shortlist
uhf_short,141112,1156540,MeerKAT:array_1:20250717T220401Z,Gaia_2699630285498979200,1,575.0020206570625,0.00855611877644454,140.21254,64,1.0,1,4.1982939386119756e-36,shortlist
uhf_long,33541,995878,MeerKAT:array_1:20250718T054018Z,Gaia_4668958793141139328,41,563.9465838074684,0.0081486845489948,15.532937,62,0.96875,1,4.7642741054762704e-36,shortlist
uhf_long,67486,8757059,MeerKAT:array_1:20250707T173400Z,Gaia_6144680414692219648,38,599.9934083223343,-0.030557567058730504,5266.6797,64,1.0,1,4.796209554326871e-36,shortlist
uhf_long,76695,12885590,MeerKAT:array_1:20250723T015429Z,Gaia_4661501527373856128,38,601.351532459259,0.030557567058730504,157.24576,64,1.0,1,4.957060797108388e-36,shortlist
uhf_long,67456,8757024,MeerKAT:array_1:20250707T173400Z,Gaia_6144669801830689792,31,599.9934083223343,-0.030557567058730504,5231.1724,64,1.0,1,5.06470684623909e-36,shortlist
uhf_long,67357,8756909,MeerKAT:array_1:20250707T173400Z,Gaia_6143859186883592576,8,599.9934083223343,-0.030557567058730504,5294.0635,64,1.0,1,5.06470684623909e-36,shortlist
uhf_long,67516,8757094,MeerKAT:array_1:20250707T173400Z,Gaia_6144702752820135424,45,599.9934083223343,-0.030557567058730504,5262.5396,64,1.0,1,5.06470684623909e-36,shortlist
uhf_long,241658,35398998,MeerKAT:array_1:20250710T060816Z,Gaia_5598470976790672000,30,679.2497125267982,-0.0040743422744974,112.06338,64,1.0,1,5.1358654320133274e-36,shortlist
uhf_long,67413,8756974,MeerKAT:array_1:20250707T173400Z,Gaia_6143878840653944832,21,599.9934083223343,-0.030557567058730504,5302.9175,64,1.0,1,5.2317680842377616e-36,shortlist
lband_long,164,621,MeerKAT:array_1:20250701T055458Z,ex_SDSS_J002329.60-003219.8,17,863.9905145168304,-0.015132075486825495,33.18743,64,1.0,1,5.587767987425754e-36,shortlist
uhf_long,67436,8756999,MeerKAT:array_1:20250707T173400Z,Gaia_6144520577487154304,26,599.9934083223343,-0.030557567058730504,5255.9077,64,1.0,1,5.670539149243613e-36,shortlist
uhf_long,67562,8757144,MeerKAT:array_1:20250707T173400Z,Gaia_6144644203825848064,55,599.9934083223343,-0.030557567058730504,5233.928,64,1.0,1,5.670539149243613e-36,shortlist
lband_short,451746,426223,MeerKAT:array_1:20250706T051005Z,Gaia_2545284897641904256,36,872.0095293670893,0.0,33.09741,64,1.0,1,5.746238309891126e-36,shortlist
uhf_long,295571,35586172,MeerKAT:array_1:20240925T231814Z,Gaia_2775816339540589824,9,939.5059005618095,0.0,184.83083,51,0.796875,1,5.7575461932015925e-36,shortlist
uhf_short,96757,35408679,MeerKAT:array_1:20250713T154120Z,Gaia_1468240106352793856,35,674.9909557700157,0.10267342531733448,644.5516,64,1.0,1,5.759658173036502e-36,shortlist
uhf_long,67318,8756869,MeerKAT:array_1:20250707T173400Z,J1213-4415,0,599.9934083223343,-0.030557567058730504,5275.1724,64,1.0,1,5.821828648986319e-36,shortlist
uhf_long,47481,1186370,MeerKAT:array_1:20250720T024534Z,Gaia_4669704158945427712,58,574.9949763417244,0.038706251607725305,16048.958,34,0.53125,1,5.840031045597171e-36,shortlist
uhf_long,67528,8757109,MeerKAT:array_1:20250707T173400Z,Gaia_6144710552480756480,48,599.9934083223343,-0.030557567058730504,5270.6426,64,1.0,1,5.881691997928234e-36,shortlist
uhf_long,47467,1186356,MeerKAT:array_1:20250720T024534Z,Gaia_4669070943327378304,44,574.9949763417244,0.038706251607725305,16035.055,34,0.53125,1,6.20994250766105e-36,shortlist
uhf_long,67447,8757014,MeerKAT:array_1:20250707T173400Z,Gaia_6144697358341490176,29,599.9934083223343,-0.030557567058730504,5265.2183,64,1.0,1,6.359174883979446e-36,shortlist
uhf_long,67511,8757089,MeerKAT:array_1:20250707T173400Z,Gaia_6144698904529723392,44,599.9934083223343,-0.030557567058730504,5244.72,64,1.0,1,6.522915000115601e-36,shortlist
uhf_long,160296,340783,MeerKAT:array_1:20250723T043540Z,Gaia_4655036983096082816,45,551.9657253623009,0.0,171.74733,64,1.0,1,6.623792323686186e-36,shortlist
uhf_long,67482,8757054,MeerKAT:array_1:20250707T173400Z,Gaia_6144661418054835840,37,599.9934083223343,-0.030557567058730504,5269.289,64,1.0,1,6.656673823921049e-36,shortlist
uhf_long,67391,8756949,MeerKAT:array_1:20250707T173400Z,Gaia_6144628845022715136,16,599.9934083223343,-0.030557567058730504,5237.9194,64,1.0,1,6.656673823921049e-36,shortlist
uhf_long,67465,8757034,MeerKAT:array_1:20250707T173400Z,Gaia_6144314865734132352,33,599.9934083223343,-0.030557567058730504,5281.752,64,1.0,1,6.725686374693071e-36,shortlist
uhf_long,67378,8756934,MeerKAT:array_1:20250707T173400Z,Gaia_6144522226754752256,13,599.9934083223343,-0.030557567058730504,5302.398,64,1.0,1,6.863603226092687e-36,shortlist
uhf_long,143519,35881418,MeerKAT:array_1:20240925T231814Z,Gaia_2775598223921507840,45,551.9909002780914,-0.024446053646984402,83.60039,64,1.0,1,7.135768649774205e-36,shortlist
uhf_long,67362,8756914,MeerKAT:array_1:20250707T173400Z,Gaia_6144610222044464000,9,599.9934083223343,-0.030557567058730504,5214.8574,64,1.0,1,7.14377890229528e-36,shortlist
uhf_long,67558,8757139,MeerKAT:array_1:20250707T173400Z,Gaia_6144293661477537152,54,599.9934083223343,-0.030557567058730504,5239.4683,64,1.0,1,7.218126367928495e-36,shortlist
uhf_long,136506,35470813,MeerKAT:array_1:20250722T002453Z,Gaia_6440699529353356288,45,671.9925842881203,-0.0081486845489948,14.64876,63,0.984375,1,7.219980220899123e-36,shortlist
uhf_long,67495,8757069,MeerKAT:array_1:20250707T173400Z,Gaia_6144604896285474048,40,599.9934083223343,-0.030557567058730504,5287.2666,64,1.0,1,7.243346983888826e-36,shortlist
uhf_long,67333,8756884,MeerKAT:array_1:20250707T173400Z,Gaia_6143853964203331072,3,599.9934083223343,-0.030557567058730504,5274.047,64,1.0,1,7.33991184667355e-36,shortlist
uhf_long,67599,8757184,MeerKAT:array_1:20250707T173400Z,Gaia_6144245489124351232,63,599.9934083223343,-0.030557567058730504,5276.8037,64,1.0,1,7.575122928947957e-36,shortlist
uhf_long,67591,8757174,MeerKAT:array_1:20250707T173400Z,Gaia_6143858877645942144,61,599.9934083223343,-0.030557567058730504,5263.411,64,1.0,1,7.575122928947957e-36,shortlist
uhf_long,33448,995784,MeerKAT:array_1:20250718T054018Z,ex_LEDA_310536,9,563.9465838074684,0.0081486845489948,15.15326,62,0.96875,1,7.680730408920105e-36,shortlist
uhf_long,67366,8756919,MeerKAT:array_1:20250707T173400Z,Gaia_6144652209644853120,10,599.9934083223343,-0.030557567058730504,5261.9023,64,1.0,1,7.712016011055027e-36,shortlist
uhf_long,67427,8756989,MeerKAT:array_1:20250707T173400Z,Gaia_6144691104868443776,24,599.9934083223343,-0.030557567058730504,5258.4126,64,1.0,1,7.712016011055027e-36,shortlist
uhf_long,67503,8757079,MeerKAT:array_1:20250707T173400Z,Gaia_6143857331457691648,42,599.9934083223343,-0.030557567058730504,5279.332,64,1.0,1,7.712016011055027e-36,shortlist
uhf_long,67382,8756939,MeerKAT:array_1:20250707T173400Z,Gaia_6144699729163146112,14,599.9934083223343,-0.030557567058730504,5305.0444,64,1.0,1,7.712016011055027e-36,shortlist
uhf_long,67469,8757039,MeerKAT:array_1:20250707T173400Z,Gaia_6144628329626655360,34,599.9934083223343,-0.030557567058730504,5274.6396,64,1.0,1,7.77220511887772e-36,shortlist
lband_short,468628,1039468,MeerKAT:array_1:20250731T033944Z,Gaia_2546866991794731392,60,887.9547603875399,0.0,25.353123,64,1.0,1,7.979928286646642e-36,shortlist
uhf_long,50392,1231217,MeerKAT:array_1:20250726T235112Z,Gaia_6441480521909658112,60,575.977688729763,-0.014260197960740902,21.408642,52,0.8125,1,8.042642059323131e-36,shortlist
uhf_short,125340,1049632,MeerKAT:array_1:20250731T233401Z,J0059+0006,0,563.9463406205177,0.0,37.50328,64,1.0,1,8.125290624591267e-36,shortlist
uhf_long,67338,8756889,MeerKAT:array_1:20250707T173400Z,Gaia_6143891794275394560,4,599.9934083223343,-0.030557567058730504,5300.7173,64,1.0,1,8.340737784972831e-36,shortlist
uhf_long,67586,8757169,MeerKAT:array_1:20250707T173400Z,Gaia_6144310639486306048,60,599.9934083223343,-0.030557567058730504,5255.019,64,1.0,1,8.642076711956479e-36,shortlist
uhf_short,19974,1094724,MeerKAT:array_1:20250710T221658Z,Gaia_2682779647032772864,54,575.0007206201553,0.06844895021155632,126.43421,64,1.0,1,8.695889573907198e-36,shortlist
uhf_long,67452,8757019,MeerKAT:array_1:20250707T173400Z,Gaia_6144635442092472576,30,599.9934083223343,-0.030557567058730504,5268.1304,64,1.0,1,8.81066222951699e-36,shortlist
uhf_long,67553,8757134,MeerKAT:array_1:20250707T173400Z,Gaia_6144889704156224512,53,599.9934083223343,-0.030557567058730504,5234.8105,64,1.0,1,9.542689530398228e-36,shortlist
uhf_long,67399,8756959,MeerKAT:array_1:20250707T173400Z,Gaia_6144246558574357120,18,599.9934083223343,-0.030557567058730504,5249.088,64,1.0,1,1.0298141403682962e-35,shortlist
uhf_long,33562,995899,MeerKAT:array_1:20250718T054018Z,Gaia_4669841666618314624,48,563.9465838074684,0.0081486845489948,16.473515,62,0.96875,1,1.0705017672015669e-35,shortlist
uhf_long,144693,35883098,MeerKAT:array_1:20240926T000251Z,Gaia_2776193197151091328,34,575.9904611110687,-0.012223026823492201,80.13952,64,1.0,1,1.0821026304016864e-35,shortlist
lband_short,484230,1473246,MeerKAT:array_1:20250731T025147Z,ex_[VV2006]_J002336.0+001228,14,911.9894845932722,0.020501521627311965,51.360027,64,1.0,1,1.0896123346459678e-35,shortlist
uhf_long,61105,4690585,MeerKAT:array_1:20250718T015317Z,Gaia_4669677736306515968,58,587.9772634506226,-0.0081486845489948,14.064101,59,0.921875,1,1.1996337506381961e-35,shortlist
lband_short,427605,34971567,MeerKAT:array_1:20250708T115647Z,J0447-2203,0,1031.9886644482613,0.0615045648819359,61.76768,64,1.0,1,1.2230035523369707e-35,shortlist
lband_long,220030,33652133,MeerKAT:array_1:20250731T141132Z,Gaia_5931542220347856384,3,983.9892160445452,0.015132075486825495,150.66989,64,1.0,1,1.2263602104937043e-35,shortlist
lband_long,243316,34985433,MeerKAT:array_1:20250711T225440Z,Gaia_6440688018840917632,9,1031.9882530868053,-0.015132075486825495,64.32897,64,1.0,1,1.2538989177836173e-35,shortlist
lband_short,12677,409509,MeerKAT:array_1:20250701T141247Z,Gaia_3607220681177994368,57,874.9867754429579,-0.04100304325462393,30.422869,58,0.90625,1,1.296959850350066e-35,shortlist
sband_long,13911,5684444,MeerKAT:array_1:20250720T144220Z,Gaia_6440702175053167872,21,2255.9957855846733,0.05270427227360091,338.92346,64,1.0,1,1.3050375853465273e-35,shortlist
uhf_long,98643,33544532,MeerKAT:array_1:20250716T022312Z,Gaia_4669719277230381952,53,623.9843947887421,0.0081486845489948,35.278053,64,1.0,1,1.3227703831144145e-35,shortlist
lband_long,219,694,MeerKAT:array_1:20250701T055458Z,ex_2MASX_J00220370-0050289,37,863.9905145168304,-0.015132075486825495,34.14865,64,1.0,1,1.3417951223431235e-35,shortlist
uhf_long,144751,35883156,MeerKAT:array_1:20240926T000251Z,Gaia_2776044075886410880,63,575.9904611110687,-0.012223026823492201,77.57733,64,1.0,1,1.3495259941230898e-35,shortlist
sband_long,13975,5684593,MeerKAT:array_1:20250720T144220Z,Gaia_6440695642407425792,40,2255.9957855846733,0.05270427227360091,348.0094,64,1.0,1,1.416758690852129e-35,shortlist
uhf_long,144629,35883034,MeerKAT:array_1:20240926T000251Z,Gaia_2775804721653352576,2,575.9904611110687,-0.012223026823492201,80.47581,64,1.0,1,1.4626237343988455e-35,shortlist
lband_long,2602,13615,MeerKAT:array_1:20250702T203437Z,Gaia_6440698017524871552,42,863.9910311102867,-0.04035220129820132,33.684414,64,1.0,1,1.466262004409802e-35,shortlist
uhf_short,103408,35468093,MeerKAT:array_1:20250720T235835Z,Gaia_2682620874976650496,51,671.9927524924278,-0.03422447510577816,85.9917,64,1.0,1,1.4962242543375773e-35,shortlist
uhf_long,12771,287864,MeerKAT:array_1:20250716T022312Z,Gaia_4669713573513776384,42,552.0101981759071,-0.006111513411746101,85.11769,64,1.0,1,1.7131394975462658e-35,shortlist
uhf_long,12765,287856,MeerKAT:array_1:20250716T022312Z,Gaia_4669316821614465920,40,552.0101981759071,-0.006111513411746101,142.89752,64,1.0,1,1.7386621661288826e-35,shortlist
uhf_long,98581,33544439,MeerKAT:array_1:20250716T022312Z,Gaia_4669699486020994816,22,623.9843947887421,0.0081486845489948,32.946068,64,1.0,1,1.8608690117786217e-35,shortlist
uhf_long,47788,1189482,MeerKAT:array_1:20250720T052239Z,Gaia_4669059810772042368,19,575.9777353405952,-0.0081486845489948,203.89069,64,1.0,1,1.892576594647868e-35,shortlist
uhf_long,144739,35883144,MeerKAT:array_1:20240926T000251Z,Gaia_2776033351352951680,57,575.9904611110687,-0.012223026823492201,80.01082,64,1.0,1,1.9222949240387906e-35,shortlist
uhf_long,12750,287836,MeerKAT:array_1:20250716T022312Z,ex_LEDA_313912,35,552.0101981759071,-0.006111513411746101,150.81927,64,1.0,1,1.9268331999063647e-35,shortlist
uhf_long,47774,1189454,MeerKAT:array_1:20250720T052239Z,Gaia_4668921925141621760,12,575.9777353405952,-0.0081486845489948,236.5945,64,1.0,1,1.9825277978306853e-35,shortlist
lband_short,473417,1105062,MeerKAT:array_1:20250711T113506Z,ex_LEDA_550336,49,896.0883617252111,0.020501521627311965,57.050655,64,1.0,1,2.0675880813126725e-35,shortlist
uhf_long,47826,1189558,MeerKAT:array_1:20250720T052239Z,Gaia_4669696393644489216,38,575.9777353405952,-0.0081486845489948,238.96202,64,1.0,1,2.080132117345874e-35,shortlist
uhf_long,12648,287700,MeerKAT:array_1:20250716T022312Z,Gaia_4669679282494757248,1,552.0101981759071,-0.006111513411746101,150.78767,64,1.0,1,2.1022107006773188e-35,shortlist
uhf_long,12798,287900,MeerKAT:array_1:20250716T022312Z,Gaia_4669713367355346944,51,552.0101981759071,-0.006111513411746101,112.32286,64,1.0,1,2.167049298241225e-35,shortlist
uhf_long,12678,287740,MeerKAT:array_1:20250716T022312Z,Gaia_4669069397139137408,11,552.0101981759071,-0.006111513411746101,151.82433,64,1.0,1,2.1859265957076202e-35,shortlist
uhf_long,47764,1189434,MeerKAT:array_1:20250720T052239Z,Gaia_4669783770459354880,7,575.9777353405952,-0.0081486845489948,226.12483,64,1.0,1,2.1978820174665756e-35,shortlist
uhf_long,12699,287768,MeerKAT:array_1:20250716T022312Z,Gaia_4669750200994819712,18,552.0101981759071,-0.006111513411746101,151.79851,64,1.0,1,2.365949083343894e-35,shortlist
uhf_long,12651,287704,MeerKAT:array_1:20250716T022312Z,Gaia_4669067919670373632,2,552.0101981759071,-0.006111513411746101,142.02275,64,1.0,1,2.3970166511419185e-35,shortlist
uhf_short,54097,15151770,MeerKAT:array_1:20250731T233401Z,Gaia_2536500521289276416,62,599.9628103375435,0.03422447510577816,39.841965,40,0.625,1,2.553410563701448e-35,shortlist
uhf_long,12672,287732,MeerKAT:array_1:20250716T022312Z,Gaia_4669837990126323840,9,552.0101981759071,-0.006111513411746101,136.78346,64,1.0,1,2.6249241869909895e-35,shortlist
uhf_long,12684,287748,MeerKAT:array_1:20250716T022312Z,Gaia_4668926009654497536,13,552.0101981759071,-0.006111513411746101,151.54079,64,1.0,1,2.76935939356497e-35,shortlist
uhf_long,12804,287908,MeerKAT:array_1:20250716T022312Z,Gaia_4669719277230381952,53,552.0101981759071,-0.006111513411746101,151.21628,64,1.0,1,2.9745807587718053e-35,shortlist
uhf_long,98609,33544481,MeerKAT:array_1:20250716T022312Z,Gaia_4669777104670046464,36,623.9843947887421,0.0081486845489948,34.299015,64,1.0,1,2.9784358530457607e-35,shortlist
uhf_long,148578,35901524,MeerKAT:array_1:20240926T000251Z,Gaia_2776035004915448448,47,743.9926944971085,0.0081486845489948,85.315025,64,1.0,1,3.0506616634861377e-35,shortlist
uhf_long,6685,254844,MeerKAT:array_1:20250713T200741Z,Gaia_4148156556456281344,48,551.9788361787796,-0.040743422744974,86.66343,64,1.0,1,3.221061282209186e-35,shortlist
uhf_long,47901,1215872,MeerKAT:array_1:20250722T002453Z,Gaia_6441016905960045824,23,572.7157725095749,0.0081486845489948,17.783943,64,1.0,1,3.290855264684787e-35,shortlist
uhf_long,61555,4819298,MeerKAT:array_1:20250719T053812Z,Gaia_4669722124792715520,36,587.9922741651535,0.0183345402352383,37.33384,64,1.0,1,3.3052610360040163e-35,shortlist
uhf_long,166196,1033026,MeerKAT:array_1:20250729T055516Z,Gaia_4668930549436118656,21,563.9936465620995,0.0040743422744974,29.811392,62,0.96875,1,3.771015588603961e-35,shortlist
lband_short,32147,698855,MeerKAT:array_1:20250713T120523Z,Gaia_5096097310817117056,12,874.9873414635658,-0.09225684732290385,329.74805,35,0.546875,1,3.9377383526412524e-35,shortlist
uhf_long,116922,34829094,MeerKAT:array_1:20250715T130947Z,ex_Gaia_DR2_5834444485845954304,24,647.9950905442238,0.038706251607725305,198.49734,64,1.0,1,4.2904526870361737e-35,shortlist
uhf_short,117143,404007,MeerKAT:array_1:20250731T233401Z,Gaia_2536383732538599936,42,551.9474822878838,0.0,271.2543,64,1.0,1,4.641415865928844e-35,shortlist
lband_short,405978,33605163,MeerKAT:array_1:20250719T110629Z,Gaia_2993005036042933248,23,983.9891937226057,0.05125380406827991,84.159424,64,1.0,1,4.666969589214997e-35,shortlist
uhf_long,166250,1033080,MeerKAT:array_1:20250729T055516Z,ex_LEDA_88238,39,563.9936465620995,0.0040743422744974,27.089836,62,0.96875,1,4.922242973511904e-35,shortlist
uhf_long,166157,1032987,MeerKAT:array_1:20250729T055516Z,Gaia_4669813835230199552,8,563.9936465620995,0.0040743422744974,26.219627,62,0.96875,1,5.08091635616754e-35,shortlist
uhf_short,61107,33477908,MeerKAT:array_1:20250706T215041Z,Gaia_4426344680522813184,3,623.9684863090515,-0.02566835632933362,165.49698,38,0.59375,1,5.197656612397202e-35,shortlist
uhf_long,166265,1033095,MeerKAT:array_1:20250729T055516Z,Gaia_4669684745693183744,44,563.9936465620995,0.0040743422744974,26.09847,62,0.96875,1,5.328282054290493e-35,shortlist
uhf_short,120058,739916,MeerKAT:array_1:20250720T034305Z,Gaia_6526544243292482304,5,560.0465166568756,-0.00855611877644454,27.388903,64,1.0,1,6.780800202102829e-35,shortlist
uhf_long,47485,1186374,MeerKAT:array_1:20250720T024534Z,Gaia_4669724121953438976,62,574.9949763417244,0.038706251607725305,16228.659,34,0.53125,1,6.87245352421657e-35,shortlist
lband_long,7337,237347,MeerKAT:array_1:20250711T071356Z,Gaia_4668963118171827840,33,863.9988884329796,-0.015132075486825495,26.253119,64,1.0,1,7.555570797670995e-35,shortlist
uhf_long,67328,8756879,MeerKAT:array_1:20250707T173400Z,Gaia_6144696598129079936,2,599.9934083223343,-0.030557567058730504,5242.524,64,1.0,1,8.243056984188379e-35,shortlist
uhf_long,67543,8757124,MeerKAT:array_1:20250707T173400Z,Gaia_6144728694422689920,51,599.9934083223343,-0.030557567058730504,5267.095,64,1.0,1,8.263543170167781e-35,shortlist
uhf_short,201226,34911152,MeerKAT:array_1:20250731T192546Z,Gaia_4426448584377188992,23,647.9947814941406,0.0,43.97457,64,1.0,1,9.714319671906218e-35,shortlist
uhf_long,67507,8757084,MeerKAT:array_1:20250707T173400Z,Gaia_6144647468001000832,43,599.9934083223343,-0.030557567058730504,5216.7363,64,1.0,1,9.745732918637315e-35,shortlist
uhf_long,67394,8756954,MeerKAT:array_1:20250707T173400Z,Gaia_6143856506823965952,17,599.9934083223343,-0.030557567058730504,5212.4966,64,1.0,1,9.745732918637315e-35,shortlist
lband_short,458559,738397,MeerKAT:array_1:20250719T215443Z,Gaia_4216983201152785024,9,874.9960470199585,0.020501521627311965,102.54783,64,1.0,1,1.010711111568741e-34,shortlist
uhf_long,67577,8757159,MeerKAT:array_1:20250707T173400Z,Gaia_6143859255603077632,58,599.9934083223343,-0.030557567058730504,5269.1714,64,1.0,1,1.0487991768497436e-34,shortlist
uhf_long,67408,8756969,MeerKAT:array_1:20250707T173400Z,Gaia_6144714194613042560,20,599.9934083223343,-0.030557567058730504,5267.8413,64,1.0,1,1.1775204274411966e-34,shortlist
uhf_long,67499,8757074,MeerKAT:array_1:20250707T173400Z,Gaia_6144620461246493568,41,599.9934083223343,-0.030557567058730504,5254.388,64,1.0,1,1.201570642086929e-34,shortlist
uhf_long,99818,33609811,MeerKAT:array_1:20250720T024534Z,Gaia_4669041771909360256,47,623.992956995964,-0.006111513411746101,71.44267,64,1.0,1,1.219921787092425e-34,shortlist
uhf_long,47468,1186357,MeerKAT:array_1:20250720T024534Z,Gaia_4668939001931763328,45,574.9949763417244,0.038706251607725305,15713.875,34,0.53125,1,1.2235273569061483e-34,shortlist
sband_short,19623,316875,MeerKAT:array_1:20250719T123812Z,Gaia_2992988852606255616,28,2190.09268283844,0.0,30.505157,63,0.984375,1,1.2332648147090134e-34,shortlist
uhf_short,132263,1081145,MeerKAT:array_1:20250707T024904Z,Gaia_2682558129799800704,43,574.9993010163307,0.0,21958.486,64,1.0,1,1.2400511328925236e-34,shortlist
uhf_long,67521,8757099,MeerKAT:array_1:20250707T173400Z,Gaia_6144895751470195712,46,599.9934083223343,-0.030557567058730504,5219.046,64,1.0,1,1.2426854907088392e-34,shortlist
lband_short,458595,738479,MeerKAT:array_1:20250719T215443Z,Gaia_4216748421060385664,32,874.9960470199585,0.020501521627311965,102.55386,64,1.0,1,1.269493199589957e-34,shortlist
uhf_long,67323,8756874,MeerKAT:array_1:20250707T173400Z,Gaia_6144621281582128896,1,599.9934083223343,-0.030557567058730504,5273.5576,64,1.0,1,1.2992996627896162e-34,shortlist
uhf_long,67443,8757009,MeerKAT:array_1:20250707T173400Z,Gaia_6144632280996572416,28,599.9934083223343,-0.030557567058730504,5284.9917,64,1.0,1,1.3254339019601223e-34,shortlist
uhf_long,67460,8757029,MeerKAT:array_1:20250707T173400Z,Gaia_6143891240221867520,32,599.9934083223343,-0.030557567058730504,5270.407,64,1.0,1,1.3921776367789447e-34,shortlist
uhf_long,185679,33455717,MeerKAT:array_1:20250704T054305Z,Gaia_6440617787535664256,16,623.9844555854797,-0.0040743422744974,27.717669,64,1.0,1,1.4018836494651133e-34,shortlist
uhf_long,144647,35883052,MeerKAT:array_1:20240926T000251Z,Gaia_2776009093377175040,11,575.9904611110687,-0.012223026823492201,78.55734,64,1.0,1,1.4199726226741192e-34,shortlist
uhf_long,67347,8756899,MeerKAT:array_1:20250707T173400Z,Gaia_6143857297097954048,6,599.9934083223343,-0.030557567058730504,5255.681,64,1.0,1,1.48393906739486e-34,shortlist
uhf_short,121201,806132,MeerKAT:array_1:20250706T010358Z,Gaia_2698999475062267904,39,563.9651207327843,0.0,19.82507,44,0.6875,1,1.493990690255689e-34,shortlist
uhf_long,145960,35885018,MeerKAT:array_1:20240926T000251Z,Gaia_2776269750648195328,25,599.9734619259834,-0.012223026823492201,28.163166,64,1.0,1,1.5014209726974621e-34,shortlist
uhf_long,67343,8756894,MeerKAT:array_1:20250707T173400Z,Gaia_6143853861124112896,5,599.9934083223343,-0.030557567058730504,5260.429,64,1.0,1,1.549354627343082e-34,shortlist
uhf_long,67582,8757164,MeerKAT:array_1:20250707T173400Z,Gaia_6144313865002817152,59,599.9934083223343,-0.030557567058730504,5257.8677,64,1.0,1,1.556735263696684e-34,shortlist
uhf_long,67387,8756944,MeerKAT:array_1:20250707T173400Z,Gaia_6144676501980262016,15,599.9934083223343,-0.030557567058730504,5220.727,64,1.0,1,1.556735263696684e-34,shortlist
uhf_long,67572,8757154,MeerKAT:array_1:20250707T173400Z,Gaia_6144658566196536320,57,599.9934083223343,-0.030557567058730504,5257.5474,64,1.0,1,1.5573590338545653e-34,shortlist
uhf_long,67477,8757049,MeerKAT:array_1:20250707T173400Z,Gaia_6143865818313088256,36,599.9934083223343,-0.030557567058730504,5217.925,64,1.0,1,1.6708510895746786e-34,shortlist
uhf_long,67524,8757104,MeerKAT:array_1:20250707T173400Z,Gaia_6144629566577185408,47,599.9934083223343,-0.030557567058730504,5213.4995,64,1.0,1,1.6756428825300136e-34,shortlist
uhf_long,67432,8756994,MeerKAT:array_1:20250707T173400Z,Gaia_6144686496365415296,25,599.9934083223343,-0.030557567058730504,5243.4546,64,1.0,1,1.7466168791707888e-34,shortlist
uhf_long,144749,35883154,MeerKAT:array_1:20240926T000251Z,Gaia_2776213808698585472,62,575.9904611110687,-0.014260197960740902,78.04034,64,1.0,1,1.8064091070392132e-34,shortlist
uhf_long,144681,35883086,MeerKAT:array_1:20240926T000251Z,Gaia_2776035516016472064,28,575.9904611110687,-0.012223026823492201,78.0073,64,1.0,1,1.8644340929150202e-34,shortlist
uhf_long,144631,35883036,MeerKAT:array_1:20240926T000251Z,Gaia_2775617740252897536,3,575.9904611110687,-0.012223026823492201,79.27474,64,1.0,1,1.8818157473083764e-34,shortlist
uhf_long,67538,8757119,MeerKAT:array_1:20250707T173400Z,Gaia_6144704230288922496,50,599.9934083223343,-0.030557567058730504,5223.932,64,1.0,1,1.9825008724825326e-34,shortlist
uhf_long,144703,35883108,MeerKAT:array_1:20240926T000251Z,Gaia_2775624234243444096,39,575.9904611110687,-0.014260197960740902,79.15287,64,1.0,1,2.0525766460757192e-34,shortlist
uhf_short,161549,8318334,MeerKAT:array_1:20250706T010358Z,Gaia_2699231334577021696,27,600.1128070354462,0.00855611877644454,52.764854,64,1.0,1,2.064963166166547e-34,shortlist
uhf_long,67473,8757044,MeerKAT:array_1:20250707T173400Z,Gaia_6144299438211598336,35,599.9934083223343,-0.030557567058730504,5272.9565,64,1.0,1,2.135122211978912e-34,shortlist
uhf_long,185677,33455714,MeerKAT:array_1:20250704T054305Z,Gaia_6441472172494571264,15,623.9844555854797,-0.0040743422744974,26.724724,64,1.0,1,2.2201053755824244e-34,shortlist
uhf_long,297973,35588574,MeerKAT:array_1:20240925T231814Z,Gaia_2775995147618921728,12,939.9642005562782,0.0,363.65155,34,0.53125,1,2.253779435712752e-34,shortlist
uhf_long,67548,8757129,MeerKAT:array_1:20250707T173400Z,Gaia_6144523257546777472,52,599.9934083223343,-0.030557567058730504,5269.584,64,1.0,1,2.2592893012622265e-34,shortlist
uhf_long,67490,8757064,MeerKAT:array_1:20250707T173400Z,Gaia_6144694678281246080,39,599.9934083223343,-0.030557567058730504,5239.8765,64,1.0,1,2.336133199849877e-34,shortlist
uhf_short,161034,8317697,MeerKAT:array_1:20250706T001134Z,Gaia_2699261468067703680,46,599.989004611969,0.01711223755288908,52.604164,64,1.0,1,2.3676334840499977e-34,shortlist
uhf_long,144665,35883070,MeerKAT:array_1:20240926T000251Z,Gaia_2776295069479993984,20,575.9904611110687,-0.014260197960740902,79.63631,64,1.0,1,2.497340993627631e-34,shortlist
uhf_short,161868,8318706,MeerKAT:array_1:20250706T010358Z,Gaia_2699045207874246016,62,600.1128070354462,0.00855611877644454,58.012775,64,1.0,1,3.151727433489581e-34,shortlist
uhf_long,37980,1076103,MeerKAT:array_1:20250705T192701Z,ex_CRTS_J191803.8-322703,62,572.715769469738,0.024446053646984402,135.91792,64,1.0,1,3.172144464131253e-34,shortlist
uhf_long,144627,35883032,MeerKAT:array_1:20240926T000251Z,Gaia_2776002053926328704,1,575.9904611110687,-0.012223026823492201,80.82741,64,1.0,1,3.2292238396217725e-34,shortlist
uhf_long,67533,8757114,MeerKAT:array_1:20250707T173400Z,Gaia_6144680281551098496,49,599.9934083223343,-0.030557567058730504,5276.0454,64,1.0,1,3.2606855190452784e-34,shortlist
uhf_short,161777,8318599,MeerKAT:array_1:20250706T010358Z,Gaia_2698947694936876288,52,600.1128070354462,0.00855611877644454,55.90056,64,1.0,1,3.3282662184223635e-34,shortlist
uhf_long,67418,8756979,MeerKAT:array_1:20250707T173400Z,Gaia_6143884338212136704,22,599.9934083223343,-0.030557567058730504,5286.317,64,1.0,1,3.3859408184353156e-34,shortlist
uhf_short,161577,8318365,MeerKAT:array_1:20250706T010358Z,Gaia_2698949447283515776,30,600.1128070354462,0.00855611877644454,56.45136,64,1.0,1,3.413668492897877e-34,shortlist
uhf_long,144645,35883050,MeerKAT:array_1:20240926T000251Z,Gaia_2776211407812421248,10,575.9904611110687,-0.014260197960740902,78.61067,64,1.0,1,3.440634827718802e-34,shortlist
uhf_short,132661,1094914,MeerKAT:array_1:20250710T221658Z,Gaia_2682577577411521792,20,575.9937127232552,0.0,30.926859,64,1.0,1,3.524500570084279e-34,shortlist
uhf_long,47636,1189012,MeerKAT:array_1:20250720T052239Z,Gaia_4669068636928063232,14,572.7170249223709,0.006111513411746101,41.714436,64,1.0,1,3.992268710484953e-34,shortlist
uhf_short,119956,739812,MeerKAT:array_1:20250720T034305Z,Gaia_6526543556097712128,19,558.399063885212,0.00855611877644454,157.63232,64,1.0,1,4.153211326594299e-34,shortlist
lband_short,458639,738573,MeerKAT:array_1:20250719T215443Z,Gaia_4216775702693382912,59,874.9960470199585,0.020501521627311965,102.626305,64,1.0,1,4.158750540019317e-34,shortlist
uhf_long,47437,1186326,MeerKAT:array_1:20250720T024534Z,Gaia_4669696118766593152,14,574.9949763417244,0.038706251607725305,15719.971,34,0.53125,1,4.579269451286223e-34,shortlist
uhf_short,161315,8318065,MeerKAT:array_1:20250706T010358Z,Gaia_2699258474475206656,1,600.1128070354462,0.00855611877644454,56.66101,64,1.0,1,4.60254419557354e-34,shortlist
uhf_short,148583,1768701,MeerKAT:array_1:20250704T025554Z,Gaia_2682776868188808448,34,587.0356993079185,0.00855611877644454,141.78453,64,1.0,1,4.62134063342946e-34,shortlist
uhf_short,161540,8318324,MeerKAT:array_1:20250706T010358Z,Gaia_2699269370807386112,26,600.1128070354462,0.00855611877644454,52.13139,64,1.0,1,4.66623573975839e-34,shortlist
uhf_short,109785,343934,MeerKAT:array_1:20250723T211918Z,Gaia_2699025343650959488,53,551.94786632061,-0.00855611877644454,301.27185,64,1.0,1,4.860484661962145e-34,shortlist
lband_short,458573,738425,MeerKAT:array_1:20250719T215443Z,Gaia_4216759794133866496,17,874.9960470199585,0.020501521627311965,107.82519,64,1.0,1,5.000231418929978e-34,shortlist
uhf_long,185837,33455969,MeerKAT:array_1:20250704T054305Z,Gaia_6441459944722781952,59,624.9992240667343,0.0040743422744974,2000.2584,64,1.0,1,5.2677757592832755e-34,shortlist
uhf_short,119970,739826,MeerKAT:array_1:20250720T034305Z,Gaia_6528052567084590336,33,558.399063885212,0.00855611877644454,149.63405,64,1.0,1,5.365310105575161e-34,shortlist
uhf_short,161713,8318524,MeerKAT:array_1:20250706T010358Z,Gaia_2699019506790088064,45,600.1128070354462,0.00855611877644454,55.67835,64,1.0,1,5.6599916565663884e-34,shortlist
uhf_short,161468,8318242,MeerKAT:array_1:20250706T010358Z,Gaia_2698995145735228800,18,600.1128070354462,0.00855611877644454,54.528427,64,1.0,1,5.6599916565663884e-34,shortlist
uhf_long,298992,35589593,MeerKAT:array_1:20240925T231814Z,Gaia_2776211339092944768,40,940.1906005144119,0.0,104.10439,53,0.828125,1,5.687506788368722e-34,shortlist
uhf_short,148574,1768692,MeerKAT:array_1:20250704T025554Z,Gaia_2682542083801653248,25,587.0356993079185,0.00855611877644454,141.67677,64,1.0,1,5.706711972778407e-34,shortlist
uhf_long,116961,34829148,MeerKAT:array_1:20250715T130947Z,ex_ASASSN-V_J160718.58-601229.2,41,647.9950905442238,0.038706251607725305,212.46059,64,1.0,1,5.83060991828128e-34,shortlist
uhf_short,161768,8318589,MeerKAT:array_1:20250706T010358Z,Gaia_2699258375691121408,51,600.1128070354462,0.00855611877644454,53.029106,64,1.0,1,6.21536983712515e-34,shortlist
lband_short,460937,785780,MeerKAT:array_1:20250703T004724Z,ex_LEDA_188849,21,887.9902953207493,0.0,80.34355,64,1.0,1,6.359689445181127e-34,shortlist
sband_short,9490,1201252,MeerKAT:array_1:20250720T173033Z,Gaia_3504467917948130432,34,2237.5201284885406,-0.03213260470874378,100.498375,49,1.0,1,6.426452170000298e-34,shortlist
uhf_long,288467,35579068,MeerKAT:array_1:20240925T231814Z,Gaia_2776010884379115264,38,937.1606005430222,0.0,591.6347,64,1.0,1,6.4450427438234125e-34,shortlist
uhf_short,148586,1768704,MeerKAT:array_1:20250704T025554Z,Gaia_2682568815678100736,37,587.0356993079185,0.00855611877644454,134.1803,64,1.0,1,6.457218582936475e-34,shortlist
uhf_long,153463,94505,MeerKAT:array_1:20250710T060816Z,Gaia_5599208371134956160,37,551.9996094107628,-0.0040743422744974,100.21714,64,1.0,1,6.674539468660962e-34,shortlist
uhf_short,161432,8318202,MeerKAT:array_1:20250706T010358Z,Gaia_2698992981071844992,14,600.1128070354462,0.00855611877644454,58.45201,64,1.0,1,6.7774902528489145e-34,shortlist
uhf_long,289171,35579772,MeerKAT:array_1:20240925T231814Z,Gaia_2775621279305946752,60,937.1606005430222,0.0,667.5909,64,1.0,1,7.010440653603277e-34,shortlist
lband_short,458621,738535,MeerKAT:array_1:20250719T215443Z,Gaia_4216927022979367296,48,874.9960470199585,0.020501521627311965,104.155205,64,1.0,1,7.148967854882283e-34,shortlist
uhf_short,161622,8318417,MeerKAT:array_1:20250706T010358Z,Gaia_2698950752953579264,35,600.1128070354462,0.00855611877644454,53.11355,64,1.0,1,7.229976316323434e-34,shortlist
uhf_short,161676,8318482,MeerKAT:array_1:20250706T010358Z,Gaia_2699633102997528704,41,600.1128070354462,0.00855611877644454,56.952522,64,1.0,1,7.270619053586735e-34,shortlist
uhf_short,161704,8318514,MeerKAT:array_1:20250706T010358Z,Gaia_2698944014149256448,44,600.1128070354462,0.00855611877644454,55.897457,64,1.0,1,7.337538199822444e-34,shortlist
uhf_long,299387,35589988,MeerKAT:array_1:20240925T231814Z,Gaia_2775813483386652032,51,940.1906005144119,0.0,97.11751,53,0.828125,1,7.3543909080339525e-34,shortlist
lband_short,458619,738528,MeerKAT:array_1:20250719T215443Z,Gaia_4216748455420108544,46,874.9960470199585,0.020501521627311965,104.89597,64,1.0,1,7.703556228250099e-34,shortlist
uhf_short,161396,8318160,MeerKAT:array_1:20250706T010358Z,Gaia_2698952848897433344,10,600.1128070354462,0.00855611877644454,56.0747,64,1.0,1,8.094747875718191e-34,shortlist
uhf_long,298132,35588733,MeerKAT:array_1:20240925T231814Z,Gaia_2776245630111882624,16,940.204302072525,0.0,53.934647,64,1.0,1,8.470322694423763e-34,shortlist
uhf_short,154,61325,MeerKAT:array_1:20250706T001134Z,Gaia_2699631625528779520,20,549.9957702159882,0.05133671265866724,369.34818,58,0.90625,1,8.595988221068092e-34,shortlist
uhf_short,161814,8318641,MeerKAT:array_1:20250706T010358Z,Gaia_2699270710837200256,56,600.1128070354462,0.00855611877644454,58.838814,64,1.0,1,8.628841561188179e-34,shortlist
uhf_short,161504,8318283,MeerKAT:array_1:20250706T010358Z,Gaia_2698999475062268032,22,600.1128070354462,0.00855611877644454,56.31598,64,1.0,1,8.708559553689632e-34,shortlist
uhf_short,39679,4271208,MeerKAT:array_1:20250712T200859Z,ex_CRTS_J155211.5+053300,18,587.9709456562996,-0.0427805938822227,20.17169,64,1.0,1,8.948200336981995e-34,shortlist
uhf_long,144699,35883104,MeerKAT:array_1:20240926T000251Z,Gaia_2776225392226018944,37,575.9904611110687,-0.014260197960740902,78.84094,64,1.0,1,1.0058158462152457e-33,shortlist
lband_short,25515,683328,MeerKAT:array_1:20250711T085603Z,Gaia_4790703317638134144,62,874.9924579709768,-0.1230091297638718,73.931175,64,1.0,1,1.0115331777366955e-33,shortlist
uhf_short,159269,5531396,MeerKAT:array_1:20250720T043243Z,ex_LEDA_506258,4,587.0349383354187,0.00855611877644454,234.22623,64,1.0,1,1.0388895308295284e-33,shortlist
lband_short,458604,738499,MeerKAT:array_1:20250719T215443Z,Gaia_4216974439418669952,38,874.9960470199585,0.020501521627311965,102.04842,64,1.0,1,1.1285696548347214e-33,shortlist
lband_short,458634,738563,MeerKAT:array_1:20250719T215443Z,Gaia_4216723510250077824,56,874.9960470199585,0.020501521627311965,102.66606,64,1.0,1,1.1905883203678272e-33,shortlist
lband_short,458549,738378,MeerKAT:array_1:20250719T215443Z,Gaia_4216928019411835520,3,874.9960470199585,0.020501521627311965,103.47057,64,1.0,1,1.1934468347659203e-33,shortlist
uhf_short,161741,8318557,MeerKAT:array_1:20250706T010358Z,Gaia_2699270367239815296,48,600.1128070354462,0.00855611877644454,54.274734,64,1.0,1,1.2147235871204958e-33,shortlist
lband_short,8504,322209,MeerKAT:array_1:20250720T121928Z,Gaia_3610239355992239232,44,863.9914663881063,0.10250760813655982,47.163616,64,1.0,1,1.2926348154476187e-33,shortlist
uhf_short,161786,8318610,MeerKAT:array_1:20250706T010358Z,Gaia_2698997276039346816,53,600.1128070354462,0.00855611877644454,56.601784,64,1.0,1,1.3645489306721752e-33,shortlist
uhf_long,78384,13612661,MeerKAT:array_1:20250728T151003Z,ex_ASASSN-V_J132538.47-472402.3,43,601.3503904938698,-0.0264832247842331,53.05072,64,1.0,1,1.4016842565682303e-33,shortlist
uhf_long,144635,35883040,MeerKAT:array_1:20240926T000251Z,Gaia_2776267719128173568,5,575.9904611110687,-0.014260197960740902,79.47136,64,1.0,1,1.4561832268485991e-33,shortlist
lband_short,458551,738381,MeerKAT:array_1:20250719T215443Z,Gaia_4216970350609714048,4,874.9960470199585,0.020501521627311965,102.06011,64,1.0,1,1.5109196803311959e-33,shortlist
uhf_short,161495,8318273,MeerKAT:array_1:20250706T010358Z,Gaia_2698994316807318656,21,600.1128070354462,0.00855611877644454,54.809723,64,1.0,1,1.5248243891411544e-33,shortlist
lband_long,219075,33650918,MeerKAT:array_1:20250731T124411Z,Gaia_5850093830542220544,12,983.9773072898388,0.02017610064910066,21.408916,64,1.0,1,1.565714100761346e-33,shortlist
uhf_short,161859,8318695,MeerKAT:array_1:20250706T010358Z,Gaia_2699248789324060544,61,600.1128070354462,0.00855611877644454,57.366505,64,1.0,1,1.584137478611287e-33,shortlist
uhf_long,299279,35589880,MeerKAT:array_1:20240925T231814Z,Gaia_2776044144605887360,48,940.1906005144119,0.0,100.53542,53,0.828125,1,1.6413954514108262e-33,shortlist
uhf_long,28182,767294,MeerKAT:array_1:20250728T151003Z,ex_V1824_Cen,40,558.3972126245499,-0.0325947381959792,69.33402,64,1.0,1,1.797189313887782e-33,shortlist
uhf_long,288915,35579516,MeerKAT:array_1:20240925T231814Z,Gaia_2776221475215791232,52,937.1606005430222,0.0,643.64453,64,1.0,1,1.9014857881384568e-33,shortlist
uhf_long,119053,34834751,MeerKAT:array_1:20250716T022312Z,Gaia_4668952535372557440,10,650.0033131837845,0.0651894763919584,27.764631,64,1.0,1,2.1288693110972454e-33,shortlist
uhf_long,144659,35883064,MeerKAT:array_1:20240926T000251Z,Gaia_2776200790653347328,17,575.9904611110687,-0.014260197960740902,78.64635,64,1.0,1,2.5506918868246855e-33,shortlist
lband_short,430639,35026889,MeerKAT:array_1:20250719T110629Z,Gaia_2992982633493128320,6,1031.9886644482613,0.08200608650924786,69.62993,64,1.0,1,3.553654436563556e-33,shortlist
uhf_short,161450,8318222,MeerKAT:array_1:20250706T010358Z,Gaia_2698944533840602368,16,600.1128070354462,0.00855611877644454,56.985714,64,1.0,1,4.0239428595620085e-33,shortlist
uhf_long,289011,35579612,MeerKAT:array_1:20240925T231814Z,Gaia_2775988962866049024,55,937.1606005430222,0.0,620.0083,64,1.0,1,4.270404696478659e-33,shortlist
uhf_long,147409,35887715,MeerKAT:array_1:20240926T000251Z,Gaia_2775812972286234112,52,650.0021722316742,0.0835240166271967,38.55933,64,1.0,1,4.440300662525298e-33,shortlist
uhf_long,298884,35589485,MeerKAT:array_1:20240925T231814Z,Gaia_2776241232065400576,37,940.1906005144119,0.0,102.30797,53,0.828125,1,4.516344217212562e-33,shortlist
uhf_long,288371,35578972,MeerKAT:array_1:20240925T231814Z,Gaia_2775833828647403008,35,937.1606005430222,0.0,576.9684,64,1.0,1,4.756355013240998e-33,shortlist
uhf_short,99957,35420649,MeerKAT:array_1:20250715T200216Z,Gaia_4426343581016497408,47,671.9669017195702,-0.09411730654088994,10.014939,62,0.96875,1,4.8294599395122584e-33,shortlist
lband_short,458633,738559,MeerKAT:array_1:20250719T215443Z,Gaia_4216954029733830400,55,874.9960470199585,0.020501521627311965,103.611244,64,1.0,1,4.930706118352299e-33,shortlist
uhf_long,62633,6150354,MeerKAT:array_1:20250723T030515Z,ex_H88_321,14,587.0347144007683,0.020371711372487,69.761734,64,1.0,1,5.1667416814788926e-33,shortlist
uhf_long,280307,35570908,MeerKAT:array_1:20240925T231814Z,Gaia_2776002638041880320,36,935.263300538063,0.0,1110.5974,63,0.984375,1,5.283116835170506e-33,shortlist
uhf_long,147378,35887684,MeerKAT:array_1:20240926T000251Z,Gaia_2775883096216605824,21,650.0021722316742,0.0835240166271967,37.893517,64,1.0,1,5.616065675906469e-33,shortlist
uhf_short,161658,8318460,MeerKAT:array_1:20250706T010358Z,Gaia_2698999475062267904,39,600.1128070354462,0.00855611877644454,56.065914,64,1.0,1,7.124764126563972e-33,shortlist
lband_short,87154,2624173,MeerKAT:array_1:20250708T094824Z,Gaia_2973930089846241536,56,925.0038545280695,-0.08200608650924786,26.621674,44,0.6875,1,7.60113758323256e-33,shortlist
uhf_long,103741,33709786,MeerKAT:array_1:20250705T060310Z,Gaia_6441475406605511808,56,629.9899674654007,0.0101858556862435,17.315084,64,1.0,1,7.802356220399617e-33,shortlist
lband_short,107665,3809954,MeerKAT:array_1:20250711T113506Z,ex_LEDA_549534,23,924.9954407513142,-0.1845136946458077,43.794006,62,0.96875,1,8.119766091686826e-33,shortlist
lband_short,221085,21166386,MeerKAT:array_1:20250708T092055Z,Gaia_2973714310689547520,40,949.9907338172197,0.0615045648819359,64.81635,64,1.0,1,9.17268323457637e-33,shortlist
lband_short,443650,312789,MeerKAT:array_1:20250719T023034Z,ex_2dFGRS_TGS544Z301,18,863.9901685267687,-0.010250760813655982,53.074764,64,1.0,1,1.0934158273891825e-32,shortlist
lband_short,221122,21166452,MeerKAT:array_1:20250708T092055Z,Gaia_2973932872985083136,45,949.9907338172197,0.0615045648819359,60.910286,64,1.0,1,1.1551495668206994e-32,shortlist
uhf_short,105533,62584,MeerKAT:array_1:20250706T010358Z,Gaia_2699010985574625536,15,551.9787713289261,0.0,154.92674,64,1.0,1,1.2343159655914592e-32,shortlist
uhf_short,161823,8318651,MeerKAT:array_1:20250706T010358Z,Gaia_2699020842525209088,57,600.1128070354462,0.00855611877644454,57.94192,64,1.0,1,1.3334350739719307e-32,shortlist
uhf_short,91569,35380145,MeerKAT:array_1:20250701T230223Z,Gaia_2682620771897433600,28,672.0004321336746,-0.0427805938822227,115.873215,64,1.0,1,1.344881737362126e-32,shortlist
lband_long,470190,2195132,MeerKAT:array_1:20250706T085909Z,Gaia_3394108595839595264,44,934.5667184889317,0.0,84.150116,64,1.0,1,1.3738935214225279e-32,shortlist
uhf_long,62566,6150250,MeerKAT:array_1:20250723T022503Z,ex_OGLE-CL_LMC_492,36,587.9934657812119,-0.0081486845489948,56.70993,52,0.8125,1,1.464969052625672e-32,shortlist
uhf_short,161804,8318630,MeerKAT:array_1:20250706T010358Z,Gaia_2699260815232541312,55,600.1128070354462,0.00855611877644454,54.986942,64,1.0,1,1.6129501893964563e-32,shortlist
lband_short,61597,1473092,MeerKAT:array_1:20250731T021904Z,Gaia_2546818819441575424,57,911.9643867611885,-0.03075228244096795,20.406414,64,1.0,1,1.7196661588718603e-32,shortlist
lband_short,408988,33656801,MeerKAT:array_1:20250701T195047Z,Gaia_1315903796819277696,63,1000.0332407802343,0.03075228244096795,62.520023,64,1.0,1,2.0237109385058996e-32,shortlist
lband_short,407567,33613958,MeerKAT:array_1:20250720T082308Z,Gaia_5096077107290963968,56,983.9890199303627,0.0615045648819359,68.100716,64,1.0,1,2.311510779867047e-32,shortlist
lband_short,27908,686426,MeerKAT:array_1:20250711T103939Z,Gaia_4814654460462353152,9,874.9962814003229,-0.1742629338321517,67.362854,59,0.921875,1,2.3273654756673206e-32,shortlist
uhf_long,48996,1223516,MeerKAT:array_1:20250723T022503Z,ex_OGLE-CL_LMC_467,6,575.9935992360115,-0.0081486845489948,41.217556,64,1.0,1,3.1172261276905936e-32,shortlist
lband_short,18128,431445,MeerKAT:array_1:20250706T145226Z,Gaia_4802501455361572480,42,881.8418095707893,-0.0615045648819359,84.06241,51,0.796875,1,3.69487934889231e-32,shortlist
uhf_short,137967,1116913,MeerKAT:array_1:20250713T164848Z,ex_LEDA_1783580,14,575.9805289506912,0.00855611877644454,53.747818,64,1.0,1,4.590166838232495e-32,shortlist
uhf_long,298095,35588696,MeerKAT:array_1:20240925T231814Z,Gaia_2776261843612676992,15,940.1906005144119,0.0,100.165276,53,0.828125,1,4.8089678455647804e-32,shortlist
uhf_short,161558,8318344,MeerKAT:array_1:20250706T010358Z,Gaia_2699013390756310784,28,600.1128070354462,0.00855611877644454,56.798656,64,1.0,1,5.515370858279762e-32,shortlist
lband_short,18035,431352,MeerKAT:array_1:20250706T145226Z,Gaia_4802454073282346112,13,881.3082530349493,0.08200608650924786,105.10152,36,0.5625,1,6.010986006988585e-32,shortlist
uhf_long,37939,1076062,MeerKAT:array_1:20250705T192701Z,ex_Gaia_DR3_6757675567564866688,21,572.715769469738,0.024446053646984402,128.96364,64,1.0,1,6.383997229153913e-32,shortlist
lband_short,389671,33341867,MeerKAT:array_1:20250712T065251Z,Gaia_2323445503180132224,43,976.0964668393135,-0.0615045648819359,101.110405,62,0.96875,1,7.613279421191913e-32,shortlist
uhf_long,299100,35589701,MeerKAT:array_1:20240925T231814Z,Gaia_2775801358694657792,43,940.1906005144119,0.0,100.487015,53,0.828125,1,9.070497537208014e-32,shortlist
uhf_long,97036,33538888,MeerKAT:array_1:20250715T133052Z,ex_CRTS_J151722.0-265132,14,623.9933896660805,0.0468549361567201,247.3883,64,1.0,1,1.074426886953302e-31,shortlist
lband_short,430714,35026986,MeerKAT:array_1:20250719T110629Z,Gaia_2993083307527185152,21,1031.9886644482613,0.08200608650924786,68.445816,64,1.0,1,1.35949844994763e-31,shortlist
uhf_long,8996,278897,MeerKAT:array_1:20250715T124827Z,J1317_5-0153,0,551.986996114254,0.0733381609409532,738.7924,64,1.0,1,1.4748080706474522e-31,shortlist
lband_short,483889,1472730,MeerKAT:array_1:20250731T014621Z,Gaia_2546811157219864320,53,911.9896169304848,-0.010250760813655982,70.46596,64,1.0,1,2.1757673268854355e-31,shortlist
uhf_short,129326,1071043,MeerKAT:array_1:20250704T222921Z,Gaia_2699005655519342208,16,574.9983900785446,0.00855611877644454,9106.517,64,1.0,1,2.197864739913773e-31,shortlist
lband_short,46710,1077366,MeerKAT:array_1:20250706T145226Z,Gaia_4802506884200171520,53,902.3018346130848,-0.05125380406827991,185.82799,50,0.78125,1,2.254733179885471e-31,shortlist
uhf_long,47627,1189003,MeerKAT:array_1:20250720T052239Z,Gaia_4669757416539958016,5,572.7170249223709,0.006111513411746101,41.688065,64,1.0,1,2.31357454336941e-31,shortlist
uhf_short,129334,1071051,MeerKAT:array_1:20250704T222921Z,Gaia_2699038713883658880,20,574.9983900785446,0.00855611877644454,9153.008,64,1.0,1,2.515751257575122e-31,shortlist
lband_short,459123,739114,MeerKAT:array_1:20250719T230037Z,Gaia_4216956572354438912,9,874.9962000846863,0.010250760813655982,428.39276,64,1.0,1,2.6286020029258103e-31,shortlist
lband_long,553680,2751024,MeerKAT:array_1:20250708T214410Z,Gaia_4199226603773107200,10,926.3964597433805,0.0,18.718367,63,0.984375,1,2.6799420177927263e-31,shortlist
lband_short,220877,21166053,MeerKAT:array_1:20250708T092055Z,Gaia_2973620474244336512,15,949.9907338172197,0.0615045648819359,68.87529,64,1.0,1,2.821136448138578e-31,shortlist
lband_short,35007,742582,MeerKAT:array_1:20250720T103314Z,Gaia_5096077794485729408,32,874.9895465523005,-0.32802434603699143,27.485664,64,1.0,1,3.1503170520541333e-31,shortlist
uhf_long,180969,12458289,MeerKAT:array_1:20250720T052239Z,Gaia_4669721922930270208,43,599.9700319766998,-0.0040743422744974,72.720345,58,0.90625,1,3.1730053204135887e-31,shortlist
uhf_short,151191,2472935,MeerKAT:array_1:20250707T004747Z,Gaia_2682777727182275456,46,587.977016210556,-0.00855611877644454,84.53153,64,1.0,1,3.386032223982929e-31,shortlist
uhf_long,75346,11578093,MeerKAT:array_1:20250718T054018Z,Gaia_4669738965360548992,61,599.9431740045547,0.0081486845489948,34.138115,56,0.875,1,3.4388397094028434e-31,shortlist
uhf_short,129384,1071101,MeerKAT:array_1:20250704T222921Z,Gaia_2698956005698215040,45,574.9983900785446,0.00855611877644454,9196.126,64,1.0,1,3.4423320023711057e-31,shortlist
uhf_short,151141,2472870,MeerKAT:array_1:20250707T004747Z,Gaia_2682779032852352896,34,587.977016210556,-0.00855611877644454,79.271805,64,1.0,1,3.7781939328843375e-31,shortlist
uhf_long,97087,33538964,MeerKAT:array_1:20250715T133052Z,Gaia_6226402651520520704,39,623.9933896660805,0.0468549361567201,243.52284,64,1.0,1,3.958246994431216e-31,shortlist
uhf_short,140656,1143305,MeerKAT:array_1:20250716T222802Z,Gaia_4426779228138639232,42,575.9867626428604,-0.01711223755288908,17.763222,41,0.640625,1,3.984895635074309e-31,shortlist
uhf_short,163417,11572533,MeerKAT:array_1:20250717T021511Z,Gaia_2682511576648858752,9,601.3523542284966,0.01711223755288908,61.359028,64,1.0,1,4.049788447072483e-31,shortlist
lband_long,8831,251071,MeerKAT:array_1:20250713T071947Z,Gaia_4669730066188224512,19,863.9908318072557,-0.02017610064910066,51.805702,64,1.0,1,4.088197194767979e-31,shortlist
lband_short,438668,88992,MeerKAT:array_1:20250709T052824Z,Gaia_4936922249414737664,58,863.9908509403467,0.0,44.75614,64,1.0,1,4.324042952625957e-31,shortlist
uhf_short,151092,2472807,MeerKAT:array_1:20250707T004747Z,Gaia_2682486459680121344,23,587.977016210556,-0.00855611877644454,77.35437,64,1.0,1,4.383600604452734e-31,shortlist
uhf_long,153503,94581,MeerKAT:array_1:20250710T060816Z,Gaia_5599281660455475200,56,551.9996094107628,-0.0040743422744974,102.30477,64,1.0,1,4.679850500582525e-31,shortlist
uhf_long,47681,1189057,MeerKAT:array_1:20250720T052239Z,Gaia_4669756415811624576,59,572.7170249223709,0.006111513411746101,42.55079,64,1.0,1,5.184439459867444e-31,shortlist
uhf_long,285843,35576444,MeerKAT:array_1:20240925T231814Z,Gaia_2776008410477939200,22,936.7068005204201,0.0,586.10657,60,0.9375,1,7.132381382501127e-31,shortlist
uhf_short,10967,699631,MeerKAT:array_1:20250713T164848Z,Gaia_1315689911745433344,36,558.3979087471962,0.05133671265866724,71.04035,64,1.0,1,7.418392188484719e-31,shortlist
uhf_long,286314,35576915,MeerKAT:array_1:20240925T231814Z,Gaia_2776002638041880320,36,936.7068005204201,0.0,564.33887,60,0.9375,1,8.672826566286998e-31,shortlist
uhf_long,111407,34606141,MeerKAT:array_1:20250702T183548Z,ex_ASASSN-V_J163357.07-325856.4,20,647.9956610202789,-0.0468549361567201,80.94181,64,1.0,1,8.851716044715714e-31,shortlist
uhf_short,10973,699637,MeerKAT:array_1:20250713T164848Z,Gaia_1315585733018279040,42,558.3979087471962,0.05133671265866724,68.50609,64,1.0,1,1.1119051665440928e-30,shortlist
uhf_short,10969,699633,MeerKAT:array_1:20250713T164848Z,Gaia_1315908851997603584,38,558.3979087471962,0.05133671265866724,69.55352,64,1.0,1,1.3692616050284448e-30,shortlist
uhf_short,42469,4455305,MeerKAT:array_1:20250714T021749Z,ex_2MASX_J22110941+0206236,29,587.035581767559,0.05133671265866724,99.634514,64,1.0,1,2.4215946387624664e-30,shortlist
uhf_long,120279,34874200,MeerKAT:array_1:20250722T002453Z,Gaia_6441424244954691968,31,647.9928491711617,-0.0081486845489948,196.69794,64,1.0,1,2.7336845891473506e-30,shortlist
sband_short,2714,748369,MeerKAT:array_1:20250720T173033Z,Gaia_3504494924702506752,28,2201.8745075911283,-0.20350649648871064,26.609224,47,0.9591836734693877,1,2.8646411901851222e-30,shortlist
sband_short,26075,749514,MeerKAT:array_1:20250720T180312Z,Gaia_3504655796997660288,9,2204.7900126781315,-0.021421736472495855,1522.4402,49,1.0,1,3.8151905376829795e-30,shortlist
uhf_short,58370,33411683,MeerKAT:array_1:20250701T230223Z,Gaia_2682511576648858752,59,623.9694327116013,-0.0427805938822227,122.074394,64,1.0,1,3.88086665128685e-30,shortlist
uhf_long,120276,34874191,MeerKAT:array_1:20250722T002453Z,Gaia_6440668399430264576,28,647.9928491711617,-0.0081486845489948,198.51326,64,1.0,1,4.032972169063297e-30,shortlist
uhf_short,111040,372639,MeerKAT:array_1:20250728T194227Z,ex_LEDA_1199444,3,551.9655358791351,-0.01711223755288908,636.9606,64,1.0,1,4.455574379937594e-30,shortlist
uhf_long,213646,34849802,MeerKAT:array_1:20250719T053812Z,Gaia_4669687185234639616,25,647.9925512671471,-0.0040743422744974,232.38702,64,1.0,1,4.475774861156237e-30,shortlist
uhf_short,114081,380320,MeerKAT:array_1:20250729T175426Z,Gaia_6734227554388964992,52,551.9789476394653,0.0,201.15353,64,1.0,1,5.107396040830804e-30,shortlist
uhf_long,120295,34874248,MeerKAT:array_1:20250722T002453Z,Gaia_6440705984687030656,47,647.9928491711617,-0.0081486845489948,200.70436,64,1.0,1,6.590423792363178e-30,shortlist
uhf_short,116280,401109,MeerKAT:array_1:20250731T212434Z,Gaia_2699630148060026624,55,551.9656209945679,0.00855611877644454,295.5254,64,1.0,1,6.70506877751653e-30,shortlist
lband_long,75945,2598135,MeerKAT:array_1:20250708T083640Z,Gaia_4669704227664904320,19,928.0915017277002,-0.015132075486825495,56.881317,64,1.0,1,6.917417754132006e-30,shortlist
sband_short,30599,1191090,MeerKAT:array_1:20250720T131853Z,ex_2MASX_J13381185-1257006,4,2232.721517793834,0.0,71.65429,55,1.0,1,6.956241331793466e-30,shortlist
uhf_long,61847,5531797,MeerKAT:array_1:20250720T052239Z,Gaia_4669691961238216448,2,587.0349504947662,0.006111513411746101,341.6959,64,1.0,1,7.076746359824427e-30,shortlist
uhf_short,163428,11572544,MeerKAT:array_1:20250717T021511Z,Gaia_2682499756898855424,20,601.3523542284966,0.01711223755288908,63.232647,64,1.0,1,7.189493185062209e-30,shortlist
lband_short,466461,1000763,MeerKAT:array_1:20250719T033518Z,ex_2dFGRS_TGS544Z257,26,887.9898648262024,-0.020501521627311965,44.179646,64,1.0,1,7.76953077003453e-30,shortlist
uhf_long,120310,34874293,MeerKAT:array_1:20250722T002453Z,Gaia_6441088722107955200,62,647.9928491711617,-0.0081486845489948,197.30125,64,1.0,1,8.47228424901927e-30,shortlist
uhf_long,120309,34874290,MeerKAT:array_1:20250722T002453Z,Gaia_6441521483014298496,61,647.9928491711617,-0.0081486845489948,203.54727,64,1.0,1,8.559787243935479e-30,shortlist
uhf_long,120306,34874281,MeerKAT:array_1:20250722T002453Z,Gaia_6441072225138813056,58,647.9928491711617,-0.0081486845489948,198.57805,64,1.0,1,8.604116813074663e-30,shortlist
uhf_long,154270,253740,MeerKAT:array_1:20250713T192439Z,Gaia_5820212029388339712,25,551.9656463265419,-0.0040743422744974,313.53888,64,1.0,1,8.783800848468618e-30,shortlist
uhf_short,127165,1062662,MeerKAT:array_1:20250702T032809Z,ex_ATO_J333.2643+01.8359,16,575.9642506241798,0.00855611877644454,29.695189,64,1.0,1,9.16362287890117e-30,shortlist
uhf_long,154300,253830,MeerKAT:array_1:20250713T192439Z,Gaia_5820224330175267968,55,551.9656463265419,-0.0040743422744974,329.46417,64,1.0,1,9.885508283931033e-30,shortlist
uhf_long,61893,5531843,MeerKAT:array_1:20250720T052239Z,Gaia_4669729928749271936,48,587.0349504947662,0.006111513411746101,399.98734,64,1.0,1,1.0353106394667215e-29,shortlist
uhf_long,61866,5531816,MeerKAT:array_1:20250720T052239Z,Gaia_4669838711680816256,21,587.0349504947662,0.006111513411746101,397.9391,64,1.0,1,1.1191309659059008e-29,shortlist
uhf_long,213653,34849831,MeerKAT:array_1:20250719T053812Z,Gaia_4669686012707274624,32,647.9925512671471,-0.0040743422744974,228.4957,64,1.0,1,1.1618531140992091e-29,shortlist
uhf_long,61881,5531831,MeerKAT:array_1:20250720T052239Z,Gaia_4669684848772399232,36,587.0349504947662,0.006111513411746101,403.64532,64,1.0,1,1.1844363959169379e-29,shortlist
uhf_long,61846,5531796,MeerKAT:array_1:20250720T052239Z,Gaia_4669836718815988864,1,587.0349504947662,0.006111513411746101,355.60794,64,1.0,1,1.2019362471443113e-29,shortlist
sband_short,30552,1191043,MeerKAT:array_1:20250720T131853Z,ex_LEDA_945818,49,2232.6687183231115,0.0,48.903046,55,1.0,1,1.296415037302675e-29,shortlist
uhf_long,8440,260506,MeerKAT:array_1:20250714T162550Z,Gaia_4077370891195826432,32,551.947920024395,-0.0081486845489948,256.51712,64,1.0,1,1.344217817962094e-29,shortlist
uhf_short,129320,1071037,MeerKAT:array_1:20250704T222921Z,Gaia_2698951882529529728,13,574.9983900785446,0.00855611877644454,9211.028,64,1.0,1,1.3966054019947387e-29,shortlist
uhf_long,61875,5531825,MeerKAT:array_1:20250720T052239Z,Gaia_4668964428138269952,30,587.0349504947662,0.006111513411746101,358.05167,64,1.0,1,1.4092648259415412e-29,shortlist
uhf_long,120275,34874188,MeerKAT:array_1:20250722T002453Z,Gaia_6441481690140810240,27,647.9928491711617,-0.0081486845489948,196.5067,64,1.0,1,1.4125148376224328e-29,shortlist
uhf_long,61895,5531845,MeerKAT:array_1:20250720T052239Z,Gaia_4669729237258501632,50,587.0349504947662,0.006111513411746101,402.72516,64,1.0,1,1.4621552226738986e-29,shortlist
uhf_short,202387,34914780,MeerKAT:array_1:20250731T233401Z,Gaia_2536600851725271424,16,647.9729554653168,0.0,25.272877,54,0.84375,1,1.5135867897200182e-29,shortlist
uhf_long,61874,5531824,MeerKAT:array_1:20250720T052239Z,Gaia_4669738175086545408,29,587.0349504947662,0.006111513411746101,382.7791,64,1.0,1,1.5452157472896025e-29,shortlist
uhf_long,61884,5531834,MeerKAT:array_1:20250720T052239Z,Gaia_4668956147440049536,39,587.0349504947662,0.006111513411746101,360.34927,64,1.0,1,1.589458857053215e-29,shortlist
uhf_long,61872,5531822,MeerKAT:array_1:20250720T052239Z,Gaia_4668964221979840000,27,587.0349504947662,0.006111513411746101,376.11548,64,1.0,1,1.6428994896408131e-29,shortlist
uhf_long,61905,5531855,MeerKAT:array_1:20250720T052239Z,Gaia_4669683233864660736,60,587.0349504947662,0.006111513411746101,383.09155,64,1.0,1,1.6523319105480553e-29,shortlist
uhf_long,152577,71600,MeerKAT:array_1:20250708T010310Z,Gaia_6441019521596217472,28,544.0814524292946,0.0,17.450964,61,0.953125,1,1.7792406452565002e-29,shortlist
uhf_long,61864,5531814,MeerKAT:array_1:20250720T052239Z,Gaia_4669059810772042368,19,587.0349504947662,0.006111513411746101,377.27625,64,1.0,1,1.8278544009839672e-29,shortlist
sband_long,11820,1455335,MeerKAT:array_1:20250720T164552Z,Gaia_6440702037614223872,59,2242.7137410268188,0.021081708909440364,63.004276,64,1.0,1,1.9745640103194277e-29,shortlist
uhf_long,61903,5531853,MeerKAT:array_1:20250720T052239Z,Gaia_4669767239128593408,58,587.0349504947662,0.006111513411746101,374.5417,64,1.0,1,2.0772665361141286e-29,shortlist
uhf_long,61908,5531858,MeerKAT:array_1:20250720T052239Z,Gaia_4669780781162069376,63,587.0349504947662,0.006111513411746101,393.90543,64,1.0,1,2.087114211813601e-29,shortlist
uhf_long,61879,5531829,MeerKAT:array_1:20250720T052239Z,Gaia_4668961610639724544,34,587.0349504947662,0.006111513411746101,347.8141,64,1.0,1,2.1144007148926853e-29,shortlist
uhf_short,127183,1062692,MeerKAT:array_1:20250702T032809Z,ex_PB_5102,19,575.9780241250992,-0.00855611877644454,90.33541,64,1.0,1,2.1834769404341388e-29,shortlist
uhf_long,61894,5531844,MeerKAT:array_1:20250720T052239Z,Gaia_4669721579331652480,49,587.0349504947662,0.006111513411746101,397.7613,64,1.0,1,2.213532188248257e-29,shortlist
uhf_long,127149,35162092,MeerKAT:array_1:20250723T043540Z,Gaia_4654728948035186048,31,658.6250819563866,0.0081486845489948,26.724104,64,1.0,1,2.316432770458762e-29,shortlist
uhf_short,129344,1071061,MeerKAT:array_1:20250704T222921Z,Gaia_2699205083736819200,25,574.9983900785446,0.00855611877644454,9162.703,64,1.0,1,2.3917796348439914e-29,shortlist
uhf_short,42495,4455331,MeerKAT:array_1:20250714T021749Z,Gaia_2682511301770962048,55,587.035581767559,0.05133671265866724,93.13376,64,1.0,1,2.4626104453526363e-29,shortlist
lband_short,435830,16549,MeerKAT:array_1:20250702T234223Z,Gaia_6891319938906079744,48,864.0005099624395,0.0,31.66091,64,1.0,1,2.5860999458957146e-29,shortlist
uhf_short,160083,5691671,MeerKAT:array_1:20250720T235835Z,Gaia_2682511301770962048,45,587.9919033050537,0.00855611877644454,18.371435,64,1.0,1,2.836573198522124e-29,shortlist
uhf_long,61869,5531819,MeerKAT:array_1:20250720T052239Z,Gaia_4669837783967881600,24,587.0349504947662,0.006111513411746101,387.32712,64,1.0,1,3.072586073616414e-29,shortlist
uhf_long,61891,5531841,MeerKAT:array_1:20250720T052239Z,Gaia_4669731818534883840,46,587.0349504947662,0.006111513411746101,396.05933,64,1.0,1,3.275407709105983e-29,shortlist
uhf_long,61865,5531815,MeerKAT:array_1:20250720T052239Z,Gaia_4669057641811709440,20,587.0349504947662,0.006111513411746101,392.50745,64,1.0,1,3.5898943447201944e-29,shortlist
uhf_short,42492,4455328,MeerKAT:array_1:20250714T021749Z,Gaia_2682773290481124608,52,587.035581767559,0.05133671265866724,95.453575,64,1.0,1,3.711746830194273e-29,shortlist
uhf_short,104837,61617,MeerKAT:array_1:20250706T001134Z,Gaia_2699416396127636352,24,551.9658307433128,0.00855611877644454,122.92295,64,1.0,1,4.1934481216737134e-29,shortlist
lband_short,36367,780885,MeerKAT:array_1:20250701T205536Z,Gaia_1315966267120401792,50,887.9907545149326,-0.03075228244096795,44.822628,64,1.0,1,4.336151679016241e-29,shortlist
uhf_long,136466,35470772,MeerKAT:array_1:20250722T002453Z,Gaia_6441089237505661696,25,671.9925842881203,-0.0081486845489948,15.114447,63,0.984375,1,4.3691052292695604e-29,shortlist
lband_long,321755,1425027,MeerKAT:array_1:20250714T053348Z,Gaia_4669717868481145088,8,911.9894096553326,0.0,11.786736,63,0.984375,1,4.6097640027721694e-29,shortlist
uhf_short,119942,739798,MeerKAT:array_1:20250720T034305Z,Gaia_6526544243292482304,5,558.399063885212,0.01711223755288908,152.8688,64,1.0,1,4.7393592962366883e-29,shortlist
uhf_long,231962,34874065,MeerKAT:array_1:20250722T002453Z,Gaia_6440682761800995072,44,647.2235981822014,0.0040743422744974,16.346975,39,0.609375,1,5.828442063174929e-29,shortlist
uhf_short,192510,34638188,MeerKAT:array_1:20250706T010358Z,Gaia_2699628739310744064,7,647.9750803112984,0.0,36.028397,64,1.0,1,6.476859403508822e-29,shortlist
uhf_long,37973,1076096,MeerKAT:array_1:20250705T192701Z,ex_CRTS_J191534.3-314358,55,572.715769469738,0.024446053646984402,138.94693,64,1.0,1,7.270639890665141e-29,shortlist
uhf_long,120260,34874143,MeerKAT:array_1:20250722T002453Z,Gaia_6440635306707183616,12,647.9928491711617,-0.0081486845489948,189.94942,64,1.0,1,7.301866528959284e-29,shortlist
uhf_long,17400,339907,MeerKAT:array_1:20250723T033528Z,Gaia_4658396231678366720,12,549.9949697256088,0.0366690804704766,172.2789,64,1.0,1,7.863241624081399e-29,shortlist
uhf_short,42452,4455288,MeerKAT:array_1:20250714T021749Z,Gaia_2682511026893166848,12,587.035581767559,0.05133671265866724,94.56454,64,1.0,1,1.866248674687207e-28,shortlist
uhf_short,4766,376289,MeerKAT:array_1:20250729T041550Z,Gaia_6526710750582764288,55,551.972509264946,-0.06844895021155632,187.10619,38,0.59375,1,2.2721913570853334e-28,shortlist
lband_long,554570,2751914,MeerKAT:array_1:20250708T214410Z,Gaia_4198421756950397440,59,925.997260555625,0.0,20.05411,55,0.859375,1,2.4556875611584854e-28,shortlist
lband_short,45501,1046523,MeerKAT:array_1:20250731T160749Z,Gaia_1315529176888873216,47,887.9783658385277,0.04100304325462393,110.31232,64,1.0,1,2.4890580910360706e-28,shortlist
lband_long,275232,35827151,MeerKAT:array_1:20240319T020710Z,Gaia_2543022270213789952,5,1258.2903761714697,-0.10088050324550331,101.66163,64,1.0,1,3.1444905973174516e-28,shortlist
lband_long,82912,3546226,MeerKAT:array_1:20250711T071356Z,Gaia_4669711821167106432,27,934.6897538304329,0.015132075486825495,144.13998,64,1.0,1,3.4153913617283044e-28,shortlist
uhf_short,43678,4679192,MeerKAT:array_1:20250716T201432Z,Gaia_4429478048145993600,53,587.0347144007683,0.0855611877644454,119.6402,64,1.0,1,3.790319473851499e-28,shortlist
uhf_short,151010,2472695,MeerKAT:array_1:20250707T004747Z,ex_LEDA_1191080,2,587.977016210556,-0.00855611877644454,81.56588,64,1.0,1,4.198408464426087e-28,shortlist
sband_short,2444,746481,MeerKAT:array_1:20250720T161105Z,Gaia_3504688301310186496,48,2202.0067165140063,-0.2784825741424461,259.21582,49,1.0,1,4.65291978508176e-28,shortlist
uhf_long,153518,94605,MeerKAT:array_1:20250710T060816Z,Gaia_5599267607321610240,62,551.9996094107628,-0.0040743422744974,114.48096,64,1.0,1,7.274659849158591e-28,shortlist
uhf_short,68842,33532634,MeerKAT:array_1:20250714T001713Z,Gaia_2682791574156860544,45,625.021891117096,0.02566835632933362,66.63998,64,1.0,1,1.2275916998654102e-27,shortlist
uhf_short,197910,34897766,MeerKAT:array_1:20250729T041550Z,Gaia_6526718103566808576,50,647.9841765165329,0.0,35.932472,64,1.0,1,1.4327675284911087e-27,shortlist
uhf_long,111769,34623075,MeerKAT:array_1:20250705T060310Z,Gaia_6441473070142917376,33,649.9993411302567,0.014260197960740902,18.59034,64,1.0,1,1.8679412880099765e-27,shortlist
uhf_long,37955,1076078,MeerKAT:array_1:20250705T192701Z,ex_ASASSN-V_J191538.45-315208.3,37,572.715769469738,0.024446053646984402,132.07158,64,1.0,1,3.1581382457667465e-27,shortlist
uhf_long,61910,5531861,MeerKAT:array_1:20250720T052239Z,Gaia_4669836718815988864,1,587.9920623898506,0.0081486845489948,67.01514,64,1.0,1,3.256241285978597e-27,shortlist
lband_short,53608,1183957,MeerKAT:array_1:20250719T110629Z,Gaia_2992780288993208064,62,904.136634260416,-0.04100304325462393,65.10478,59,0.921875,1,3.394817909701114e-27,shortlist
uhf_long,33530,995866,MeerKAT:array_1:20250718T054018Z,Gaia_4668946664153500032,37,563.9631853699684,0.0081486845489948,11.884437,62,0.96875,1,3.7561558563495046e-27,shortlist
lband_long,210532,33491135,MeerKAT:array_1:20250709T163303Z,Gaia_6441452900976433792,23,983.9904086738825,-0.035308176135926156,10.875043,32,0.5,1,3.862606623047196e-27,shortlist
uhf_long,33527,995863,MeerKAT:array_1:20250718T054018Z,Gaia_4669833660799254528,36,563.9631853699684,0.0081486845489948,11.953283,62,0.96875,1,4.725919568980525e-27,shortlist
uhf_short,48616,13613348,MeerKAT:array_1:20250728T194227Z,ex_LEDA_1199444,3,599.9433807134628,-0.0427805938822227,126.931076,64,1.0,1,5.5393991831403385e-27,shortlist
uhf_short,58123,33405425,MeerKAT:array_1:20250731T233401Z,Gaia_2536499829799384448,58,615.6724502444267,0.0427805938822227,16.499907,61,0.953125,1,8.319600345943653e-27,shortlist
uhf_long,6674,254832,MeerKAT:array_1:20250713T200741Z,Gaia_4148114637570602880,45,551.9788361787796,-0.040743422744974,87.43733,64,1.0,1,9.832537303620457e-27,shortlist
lband_long,205987,33416399,MeerKAT:array_1:20250702T203437Z,Gaia_6441451114270038528,63,983.9897852540016,-0.04539622646047649,152.87947,64,1.0,1,1.1682086430627124e-26,shortlist
sband_short,37535,1462723,MeerKAT:array_1:20250724T191130Z,Gaia_6102918390389010304,30,2242.500205989927,0.010710868236247928,20546.266,64,1.0,1,1.297245166970432e-26,shortlist
uhf_short,145170,1214889,MeerKAT:array_1:20250721T223354Z,Gaia_2682542083801653248,28,575.9779562354088,-0.00855611877644454,54.590523,64,1.0,1,1.4317594493193215e-26,shortlist
uhf_short,52534,15148024,MeerKAT:array_1:20250731T192546Z,Gaia_4426415702107444992,6,599.9625438451767,0.02566835632933362,64.73272,64,1.0,1,1.4347553132403132e-26,shortlist
lband_long,205918,33416330,MeerKAT:array_1:20250702T203437Z,Gaia_6441067865748168064,29,983.9897852540016,-0.04539622646047649,157.3027,64,1.0,1,1.5300329671186642e-26,shortlist
uhf_short,95780,35404394,MeerKAT:array_1:20250712T220135Z,Gaia_2699440924685186816,49,674.9967355132103,0.03422447510577816,271.82703,64,1.0,1,1.6585830139193336e-26,shortlist
lband_long,82043,3544296,MeerKAT:array_1:20250711T071356Z,Gaia_4669714741744883456,52,934.4592208117247,0.015132075486825495,46.671947,64,1.0,1,1.7526688950713725e-26,shortlist
lband_long,205898,33416310,MeerKAT:array_1:20250702T203437Z,Gaia_6441453794329653376,19,983.9897852540016,-0.04539622646047649,159.73764,64,1.0,1,1.79975011594614e-26,shortlist
uhf_long,33605,995943,MeerKAT:array_1:20250718T054018Z,Gaia_4669059879491518720,62,563.9631853699684,0.0081486845489948,10.043505,62,0.96875,1,2.116937050242996e-26,shortlist
uhf_long,168500,1129524,MeerKAT:array_1:20250715T053823Z,Gaia_4669681305423190912,43,573.3285995721817,0.0,12.966877,63,0.984375,1,2.242172809665736e-26,shortlist
uhf_long,12717,287792,MeerKAT:array_1:20250716T022312Z,Gaia_4669687288313854592,24,552.0101981759071,-0.006111513411746101,147.3396,64,1.0,1,2.3173300208922907e-26,shortlist
uhf_long,209590,34808037,MeerKAT:array_1:20250713T211114Z,Gaia_4189273790143221376,37,647.2499393820763,0.0,31.617186,64,1.0,1,2.727566132392537e-26,shortlist
lband_short,469578,1040575,MeerKAT:array_1:20250731T051744Z,ex_LEDA_1155202,22,887.9896782785654,0.0,57.400322,64,1.0,1,2.870830485468009e-26,shortlist
uhf_long,77373,12886743,MeerKAT:array_1:20250723T033528Z,Gaia_4661374460719903104,57,601.351689517498,0.0101858556862435,159.06018,64,1.0,1,3.1762350866081203e-26,shortlist
uhf_long,228377,34865692,MeerKAT:array_1:20250720T052239Z,Gaia_4669060360527883264,33,652.1960002183914,0.0,52.120792,64,1.0,1,3.2389762474487886e-26,shortlist
uhf_long,12822,287932,MeerKAT:array_1:20250716T022312Z,Gaia_4669694813096521984,59,552.0101981759071,-0.006111513411746101,152.82758,64,1.0,1,3.3645878096377466e-26,shortlist
uhf_long,57620,4540523,MeerKAT:array_1:20250714T160406Z,Gaia_6144886886657444352,54,587.0339807868004,0.022408882509735703,132.24162,64,1.0,1,3.9841123946037256e-26,shortlist
uhf_long,12768,287860,MeerKAT:array_1:20250716T022312Z,Gaia_4669837646528928256,41,552.0101981759071,-0.006111513411746101,141.25183,64,1.0,1,3.992099158471738e-26,shortlist
uhf_long,235651,35004328,MeerKAT:array_1:20250715T053823Z,Gaia_4668948480923587712,27,657.8360669612885,0.0,19.226011,63,0.984375,1,4.0195016453813054e-26,shortlist
uhf_long,12810,287916,MeerKAT:array_1:20250716T022312Z,Gaia_4669712474002150016,55,552.0101981759071,-0.006111513411746101,145.88611,64,1.0,1,4.026874575621214e-26,shortlist
uhf_long,57571,4540474,MeerKAT:array_1:20250714T160406Z,Gaia_6143878187818930176,5,587.0339807868004,0.022408882509735703,131.22064,64,1.0,1,4.4983073033545565e-26,shortlist
lband_short,469521,1040507,MeerKAT:array_1:20250731T051744Z,ex_SDSS_J002237.90+000519.0,11,887.9896782785654,0.0,62.250233,64,1.0,1,5.406188055650952e-26,shortlist
uhf_long,99732,33609725,MeerKAT:array_1:20250720T024534Z,Gaia_4669688284746189056,8,623.992956995964,-0.006111513411746101,65.92916,64,1.0,1,5.928015695422894e-26,shortlist
uhf_long,146385,35885513,MeerKAT:array_1:20240926T000251Z,Gaia_2775831904502054656,45,615.6702727079391,0.0427805938822227,46.401096,64,1.0,1,9.603648310542614e-26,shortlist
uhf_long,76884,12885973,MeerKAT:array_1:20250723T022503Z,ex_BSDL_1715,17,601.3515922427177,0.0325947381959792,313.53403,64,1.0,1,1.1965084326256478e-25,shortlist
uhf_long,76877,12885966,MeerKAT:array_1:20250723T022503Z,ex_OGLE-CL_LMC_469,10,601.3515922427177,0.0325947381959792,314.20453,64,1.0,1,1.2536688442828557e-25,shortlist
lband_short,32172,698880,MeerKAT:array_1:20250713T120523Z,Gaia_5096047420477034496,20,874.9873414635658,-0.09225684732290385,395.02606,35,0.546875,1,1.3958870289107248e-25,shortlist
uhf_long,107427,34412056,MeerKAT:array_1:20250731T221802Z,Gaia_4668928212973742976,14,629.990142762661,0.0631523052547097,34.57312,63,0.984375,1,1.4357431586596687e-25,shortlist
uhf_short,13300,993350,MeerKAT:array_1:20250717T021511Z,ex_LEDA_1202200,57,563.977919459343,-0.02566835632933362,14.729971,62,0.96875,1,2.1425301991612987e-25,shortlist
uhf_long,114188,34804829,MeerKAT:array_1:20250713T145219Z,Gaia_6440626995945324288,47,647.9754400253296,0.038706251607725305,122.69877,55,0.859375,1,2.185258120759549e-25,shortlist
lband_short,453548,431093,MeerKAT:array_1:20250706T145226Z,Gaia_4802467748458374656,45,874.9919222444296,0.010250760813655982,33.19228,64,1.0,1,2.7006912257511895e-25,shortlist
uhf_short,48793,13613547,MeerKAT:array_1:20250728T194227Z,Gaia_2682587374231791744,25,599.9433807134628,-0.0427805938822227,181.49318,64,1.0,1,3.0231089113812783e-25,shortlist
uhf_short,116150,400922,MeerKAT:array_1:20250731T212434Z,Gaia_2699221232813930368,31,551.9936148524284,-0.01711223755288908,286.67624,64,1.0,1,3.5130339422612637e-25,shortlist
uhf_short,155602,4417093,MeerKAT:array_1:20250713T161348Z,Gaia_1456197499090029824,14,587.9919164776802,-0.00855611877644454,23.34663,64,1.0,1,3.6739186130883175e-25,shortlist
uhf_short,138766,1127375,MeerKAT:array_1:20250715T002705Z,Gaia_2682773638373394176,25,575.0028789043427,-0.01711223755288908,206.66872,45,0.703125,1,3.900038310231266e-25,shortlist
uhf_short,138750,1127343,MeerKAT:array_1:20250715T002705Z,Gaia_2682790955681568896,9,575.0028789043427,-0.01711223755288908,218.8799,45,0.703125,1,6.007022940590597e-25,shortlist
uhf_short,116069,400802,MeerKAT:array_1:20250731T212434Z,Gaia_2698937696252994560,16,551.9936148524284,-0.01711223755288908,296.6142,64,1.0,1,6.715949961097238e-25,shortlist
uhf_short,116177,400962,MeerKAT:array_1:20250731T212434Z,Gaia_2699628704951005440,36,551.9936148524284,-0.01711223755288908,296.1095,64,1.0,1,7.141489309095754e-25,shortlist
uhf_short,116315,401162,MeerKAT:array_1:20250731T212434Z,Gaia_2699626883884858112,61,551.9936148524284,-0.01711223755288908,290.67307,64,1.0,1,7.482395263650155e-25,shortlist
uhf_short,116039,400762,MeerKAT:array_1:20250731T212434Z,Gaia_2699244837954171904,11,551.9936148524284,-0.01711223755288908,296.73087,64,1.0,1,8.370306767847495e-25,shortlist
uhf_long,102943,33648082,MeerKAT:array_1:20250729T170839Z,Gaia_1456203374605290880,26,623.9933086037636,-0.0081486845489948,107.37299,64,1.0,1,9.145264989401238e-25,shortlist
uhf_long,179758,11228986,MeerKAT:array_1:20250713T205023Z,Gaia_6757744974237463552,23,599.9433026909828,0.0020371711372487,500.07166,64,1.0,1,9.974960967082498e-25,shortlist
uhf_short,105823,62910,MeerKAT:array_1:20250706T010358Z,Gaia_2699270367239815296,48,551.9811971187592,0.00855611877644454,90.10368,64,1.0,1,1.0366233834878483e-24,shortlist
lband_short,427621,34971606,MeerKAT:array_1:20250708T115647Z,Gaia_2973618103422373760,15,1031.9886644482613,0.0615045648819359,83.678276,64,1.0,1,1.0462138006697557e-24,shortlist
uhf_short,116124,400882,MeerKAT:array_1:20250731T212434Z,Gaia_2699441646239795328,26,551.9936148524284,-0.01711223755288908,296.2343,64,1.0,1,1.1597222506959883e-24,shortlist
uhf_short,29792,1127800,MeerKAT:array_1:20250715T002705Z,Gaia_2682781747271676672,39,576.0418738722801,-0.1454540191995572,81.10865,64,1.0,1,1.3055511270116962e-24,shortlist
uhf_short,132656,1094898,MeerKAT:array_1:20250710T221658Z,ex_LEDA_1201363,18,575.9937127232552,0.0,31.149263,64,1.0,1,1.4044597943821019e-24,shortlist
sband_short,32089,1198102,MeerKAT:array_1:20250720T153748Z,Gaia_3504495165220676480,35,2232.764800777659,0.010710868236247928,75.467445,49,1.0,1,1.53801468876911e-24,shortlist
uhf_long,208867,34805118,MeerKAT:array_1:20250713T184021Z,Gaia_6440673003635361920,63,647.2499393820763,0.0,24.460123,64,1.0,1,1.6558986932734136e-24,shortlist
lband_short,406168,33605385,MeerKAT:array_1:20250719T110629Z,Gaia_2993082173655824512,55,984.0000294297934,0.1230091297638718,6.4310966,58,0.90625,1,1.8002905549843653e-24,shortlist
lband_short,14846,425129,MeerKAT:array_1:20250706T025949Z,ex_LEDA_1154760,25,874.9938036650419,0.03075228244096795,37.179543,64,1.0,1,1.8195976585666186e-24,shortlist
uhf_short,197660,34897394,MeerKAT:array_1:20250729T041550Z,Gaia_6528075966065127040,38,647.2235971689224,-0.01711223755288908,37.94968,51,0.796875,1,2.0194314004683516e-24,shortlist
uhf_short,55260,33363877,MeerKAT:array_1:20250717T021511Z,Gaia_2682525217465113600,26,611.9921045303345,0.0427805938822227,19.99312,64,1.0,1,2.0591225843456628e-24,shortlist
uhf_long,30514,809951,MeerKAT:array_1:20250707T173400Z,Gaia_6144647468001000832,43,563.9649261832237,0.012223026823492201,51.53002,64,1.0,1,2.5751874822643386e-24,shortlist
lband_short,462094,821348,MeerKAT:array_1:20250709T052824Z,Gaia_4936939807240959872,62,887.9898201823235,-0.020501521627311965,27.060104,64,1.0,1,3.3622533273132234e-24,shortlist
sband_long,14002,5684657,MeerKAT:array_1:20250720T144220Z,Gaia_6441458570333527680,48,2255.9957855846733,0.05270427227360091,376.73602,64,1.0,1,4.215748267294513e-24,shortlist
uhf_long,102945,33648085,MeerKAT:array_1:20250729T170839Z,Gaia_1456206810578000640,27,623.9933086037636,-0.0081486845489948,100.82766,64,1.0,1,4.672503418429412e-24,shortlist
lband_short,9279,388733,MeerKAT:array_1:20250731T014621Z,Gaia_2546787277201729408,34,863.9461927115917,0.03075228244096795,53.50598,64,1.0,1,5.7901692175796165e-24,shortlist
lband_short,442397,311091,MeerKAT:array_1:20250719T011200Z,Gaia_2311992960000736384,56,863.990801513195,0.020501521627311965,73.88177,64,1.0,1,6.523463268366801e-24,shortlist
sband_short,37536,1462724,MeerKAT:array_1:20250724T191130Z,Gaia_6102918390389010304,30,2242.713829036802,0.010710868236247928,1820.4231,64,1.0,1,6.569599181678178e-24,shortlist
lband_short,442162,310685,MeerKAT:array_1:20250719T011200Z,ex_2dFGRS_TGS544Z322,10,863.990801513195,0.020501521627311965,76.04163,64,1.0,1,6.850781545232778e-24,shortlist
lband_short,30156,696180,MeerKAT:array_1:20250713T083245Z,Gaia_5096096310089069184,41,874.9924930483103,-0.16401217301849572,96.41835,64,1.0,1,1.057534728349925e-23,shortlist
lband_short,484909,1474056,MeerKAT:array_1:20250731T033944Z,Gaia_2545306922234191104,52,911.978870511055,0.0,24.646969,64,1.0,1,1.3746891202754368e-23,shortlist
lband_long,306333,811254,MeerKAT:array_1:20250707T231708Z,Gaia_6440678015861902208,11,887.9807479083538,0.005044025162275165,26.320713,62,0.96875,1,1.8531831368792122e-23,shortlist
uhf_short,171826,33363830,MeerKAT:array_1:20250717T021511Z,Gaia_2682525041370864512,10,611.9949670433998,0.0,12.247532,64,1.0,1,1.9967332945957517e-23,shortlist
uhf_long,118815,34833892,MeerKAT:array_1:20250716T012443Z,ex_LEDA_313827,12,647.9726676940918,-0.034631909333227906,95.53512,64,1.0,1,2.216789202700286e-23,shortlist
uhf_long,159521,338220,MeerKAT:array_1:20250723T015429Z,Gaia_4661652362279600128,31,551.9656838178635,0.0040743422744974,276.4957,64,1.0,1,2.2979581517219563e-23,shortlist
uhf_long,159496,338145,MeerKAT:array_1:20250723T015429Z,Gaia_4661467300835356416,6,551.9656838178635,0.0040743422744974,333.78006,64,1.0,1,2.4430272617937593e-23,shortlist
lband_short,461888,820857,MeerKAT:array_1:20250709T052824Z,Gaia_4936855179205463168,23,887.9898201823235,-0.020501521627311965,27.91816,64,1.0,1,2.521907926925372e-23,shortlist
uhf_long,1281,21501,MeerKAT:array_1:20250704T054305Z,Gaia_6440652834468765696,63,549.9993166923523,0.006111513411746101,34.738792,64,1.0,1,2.5549814057101623e-23,shortlist
uhf_short,75285,33622751,MeerKAT:array_1:20250721T223354Z,ex_PB_5102,51,625.0209700465202,0.0427805938822227,42.724705,64,1.0,1,3.085851737733388e-23,shortlist
uhf_short,181019,33500421,MeerKAT:array_1:20250711T023810Z,Gaia_2682790955681568896,14,623.999510884285,-0.01711223755288908,30.704697,38,0.59375,1,3.180771705888957e-23,shortlist
uhf_long,118889,34834010,MeerKAT:array_1:20250716T012443Z,Gaia_4669810949012166784,56,647.9726676940918,-0.034631909333227906,97.00068,64,1.0,1,3.3047695477912523e-23,shortlist
uhf_short,166193,13614424,MeerKAT:array_1:20250728T214014Z,Gaia_2682489792574753152,42,599.9432530403137,0.0,136.66348,64,1.0,1,3.392982911739782e-23,shortlist
lband_short,53553,1183721,MeerKAT:array_1:20250719T110629Z,Gaia_2993086674781137408,4,904.1366326659918,-0.03075228244096795,75.14903,64,1.0,1,3.551836741175893e-23,shortlist
uhf_short,132470,1081472,MeerKAT:array_1:20250707T024904Z,Gaia_2682525217465113472,34,575.9868102669716,-0.00855611877644454,22.111244,63,0.984375,1,3.774665679329871e-23,shortlist
uhf_short,55330,33363982,MeerKAT:array_1:20250717T021511Z,ex_LEDA_1225072,61,611.9921045303345,0.0427805938822227,22.236616,64,1.0,1,4.0749209771040764e-23,shortlist
uhf_short,188233,33618746,MeerKAT:array_1:20250720T235835Z,Gaia_2682593726488412288,12,623.9914076924324,0.0,17.855354,64,1.0,1,4.2670944734815273e-23,shortlist
sband_short,30675,1191166,MeerKAT:array_1:20250720T131853Z,Gaia_3610235542061340032,12,2232.807917520404,0.0,66.15348,55,1.0,1,6.080685243370622e-23,shortlist
uhf_long,176104,4415870,MeerKAT:array_1:20250713T145219Z,Gaia_6441453072775125760,17,587.0335572361946,-0.0040743422744974,79.826485,64,1.0,1,6.227957137296653e-23,shortlist
lband_short,65211,1528372,MeerKAT:array_1:20250701T080259Z,Gaia_2536431007243245568,15,925.0029584616423,-0.1127583689502158,38.744007,64,1.0,1,6.321480879317323e-23,shortlist
uhf_short,179244,33478851,MeerKAT:array_1:20250706T234838Z,Gaia_4426453630959184640,28,624.9963321685791,0.01711223755288908,394.33292,64,1.0,1,6.704106133088958e-23,shortlist
lband_short,489772,1493651,MeerKAT:array_1:20250701T062515Z,ex_[VV2006]_J005828.9+001347,42,934.6256165206432,0.0,27.429247,64,1.0,1,7.535214821808418e-23,shortlist
lband_long,306306,811209,MeerKAT:array_1:20250707T231708Z,Gaia_6441064189256154752,2,887.9807479083538,0.005044025162275165,25.438082,62,0.96875,1,7.956332300776352e-23,shortlist
uhf_long,176094,4415860,MeerKAT:array_1:20250713T145219Z,Gaia_6441083018392836224,7,587.0335572361946,-0.0040743422744974,76.04196,64,1.0,1,8.239457737155287e-23,shortlist
lband_short,14790,425073,MeerKAT:array_1:20250706T025949Z,ex_SDSS_J002155.52+001434.3,7,874.9938036650419,0.03075228244096795,37.63211,64,1.0,1,9.785455992637692e-23,shortlist
lband_long,252626,35397460,MeerKAT:array_1:20250709T001042Z,Gaia_2378921366654437632,49,1060.8702677637339,0.03026415097365099,315.1099,51,0.796875,1,1.2942762190052407e-22,shortlist
uhf_long,75080,11575121,MeerKAT:array_1:20250718T015317Z,Gaia_4668929587363446144,18,601.3519985675812,0.022408882509735703,134.26408,64,1.0,1,1.55450171828239e-22,shortlist
lband_short,9235,388645,MeerKAT:array_1:20250731T014621Z,ex_PGC1164118,23,863.9461927115917,0.03075228244096795,34.57074,64,1.0,1,1.72573410754108e-22,shortlist
uhf_long,64058,7198319,MeerKAT:array_1:20250702T175345Z,Gaia_6117933939655205376,54,599.9865697026253,-0.059077962980212305,370.25934,64,1.0,1,2.0219178061128595e-22,shortlist
uhf_long,176093,4415859,MeerKAT:array_1:20250713T145219Z,Gaia_6441424451113127808,6,587.0335572361946,-0.0040743422744974,76.782364,64,1.0,1,2.396422535933914e-22,shortlist
uhf_short,102319,35450338,MeerKAT:array_1:20250718T213759Z,Gaia_2699217934279210112,57,674.9942357540131,0.0855611877644454,1193.2385,64,1.0,1,2.570788475191735e-22,shortlist
uhf_short,142538,1187179,MeerKAT:array_1:20250720T034305Z,Gaia_6526554791732217472,1,575.9868143200874,-0.00855611877644454,26.837366,38,0.59375,1,2.7619890935838473e-22,shortlist
uhf_long,176101,4415867,MeerKAT:array_1:20250713T145219Z,Gaia_6440683277197094400,14,587.0335572361946,-0.0040743422744974,73.54312,64,1.0,1,2.8859378353001584e-22,shortlist
lband_long,306473,811489,MeerKAT:array_1:20250707T231708Z,Gaia_6440637510025518720,58,887.9807479083538,0.005044025162275165,24.524294,62,0.96875,1,3.187110361338186e-22,shortlist
uhf_short,178461,33461308,MeerKAT:array_1:20250705T005108Z,Gaia_2682473987095080832,15,625.0029063224792,-0.01711223755288908,495.19327,64,1.0,1,3.212860017670027e-22,shortlist
uhf_short,142929,1187800,MeerKAT:array_1:20250720T034305Z,ex_LEDA_494211,58,575.9761080145836,-0.00855611877644454,68.97101,64,1.0,1,3.3542427835478304e-22,shortlist
uhf_long,176145,4415911,MeerKAT:array_1:20250713T145219Z,Gaia_6441427921446712192,58,587.0335572361946,-0.0040743422744974,76.92555,64,1.0,1,3.6096778074503297e-22,shortlist
lband_short,484441,1473580,MeerKAT:array_1:20250731T030702Z,ex_SDSS_J002347.76+001920.4,17,911.9894718378782,-0.010250760813655982,24.775843,64,1.0,1,3.933381866078118e-22,shortlist
uhf_long,137344,35521535,MeerKAT:array_1:20250723T030515Z,ex_ASASSN-V_J053519.15-694309.0,45,671.9835113883018,-0.0162973690979896,35.816113,64,1.0,1,4.782910816050002e-22,shortlist
uhf_long,60612,4664228,MeerKAT:array_1:20250716T022312Z,Gaia_4669674918807971840,3,587.9852946996689,0.0101858556862435,15.638585,63,0.984375,1,5.502618356117292e-22,shortlist
uhf_long,176138,4415904,MeerKAT:array_1:20250713T145219Z,Gaia_6440997462644215808,51,587.0335572361946,-0.0040743422744974,78.37687,64,1.0,1,6.139807343497853e-22,shortlist
uhf_long,176095,4415861,MeerKAT:array_1:20250713T145219Z,Gaia_6441522475149829888,8,587.0335572361946,-0.0040743422744974,78.04385,64,1.0,1,6.769375185099562e-22,shortlist
uhf_long,176130,4415896,MeerKAT:array_1:20250713T145219Z,Gaia_6441072431297842688,43,587.0335572361946,-0.0040743422744974,75.80718,64,1.0,1,8.35673200952498e-22,shortlist
uhf_long,163711,804076,MeerKAT:array_1:20250705T174237Z,Gaia_6117511864630944384,52,563.9649565815926,0.0,61.065178,64,1.0,1,1.0541989106358701e-21,shortlist
lband_long,28417,768503,MeerKAT:array_1:20250730T013301Z,ex_BSDL_1327,37,874.9958987385035,0.025220125811375827,163.86241,64,1.0,1,1.0595845863922805e-21,shortlist
lband_long,306318,811229,MeerKAT:array_1:20250707T231708Z,Gaia_6440682624362035456,6,887.9807479083538,0.005044025162275165,26.16146,62,0.96875,1,1.1875772862142833e-21,shortlist
uhf_long,176144,4415910,MeerKAT:array_1:20250713T145219Z,Gaia_6440703927399812608,57,587.0335572361946,-0.0040743422744974,70.84215,64,1.0,1,1.3640533974135136e-21,shortlist
uhf_long,1505,43276,MeerKAT:array_1:20250705T060310Z,Gaia_6440677264242868992,51,544.0807056427002,0.006111513411746101,21.212732,55,0.859375,1,1.6902955883085399e-21,shortlist
uhf_short,130730,1073361,MeerKAT:array_1:20250705T005108Z,ex_ASASSN-V_J221246.38+020744.5,49,575.9808440804482,0.0,36.651722,43,0.671875,1,1.71850942315322e-21,shortlist
lband_long,306481,811504,MeerKAT:array_1:20250707T231708Z,Gaia_6440697261610635520,61,887.9807479083538,0.005044025162275165,24.706764,62,0.96875,1,1.767963363709566e-21,shortlist
lband_long,306348,811279,MeerKAT:array_1:20250707T231708Z,Gaia_6440698464201481088,16,887.9807479083538,0.005044025162275165,25.060259,62,0.96875,1,1.980910679154377e-21,shortlist
uhf_long,146350,35885478,MeerKAT:array_1:20240926T000251Z,Gaia_2776211407812421248,10,615.6702727079391,0.0427805938822227,45.292423,64,1.0,1,2.3582914966555674e-21,shortlist
lband_long,7891,239875,MeerKAT:array_1:20250711T225440Z,ex_LEDA_331602,43,863.9644106030464,-0.015132075486825495,21.509254,58,0.90625,1,2.636242052557514e-21,shortlist
lband_long,306444,811439,MeerKAT:array_1:20250707T231708Z,Gaia_6440702278132381696,48,887.9807479083538,0.005044025162275165,26.020721,62,0.96875,1,2.7649660529741117e-21,shortlist
lband_short,65285,1528446,MeerKAT:array_1:20250701T080259Z,Gaia_2536493992939031808,46,925.0029584616423,-0.1127583689502158,37.525692,64,1.0,1,2.9144802745154485e-21,shortlist
uhf_short,43038,4541865,MeerKAT:array_1:20250715T023108Z,Gaia_2682778616240493184,51,587.0359587073326,0.03422447510577816,187.52043,64,1.0,1,2.9214257578906387e-21,shortlist
lband_short,65227,1528388,MeerKAT:array_1:20250701T080259Z,Gaia_2536430255624344576,22,925.0029584616423,-0.1127583689502158,38.093033,64,1.0,1,2.9239449447779553e-21,shortlist
uhf_short,10951,699615,MeerKAT:array_1:20250713T164848Z,ex_UGC_10250,20,558.3979087471962,0.05133671265866724,67.725525,64,1.0,1,3.0389565799604967e-21,shortlist
lband_short,30721,696942,MeerKAT:array_1:20250713T095528Z,Gaia_5096093909202998912,25,874.9918329566717,-0.32802434603699143,2821.5215,54,0.84375,1,3.301647232603636e-21,shortlist
uhf_short,103837,35469368,MeerKAT:array_1:20250721T203933Z,ex_2MASX_J22115125+0119578,61,671.9927839040756,-0.02566835632933362,41.201942,64,1.0,1,3.507037894537144e-21,shortlist
lband_long,306384,811339,MeerKAT:array_1:20250707T231708Z,Gaia_6440686816250070144,28,887.9807479083538,0.005044025162275165,25.072687,62,0.96875,1,4.3195226521238985e-21,shortlist
lband_long,306462,811469,MeerKAT:array_1:20250707T231708Z,Gaia_6441450323996056832,54,887.9807479083538,0.005044025162275165,24.911436,62,0.96875,1,4.625419384307317e-21,shortlist
lband_short,446626,390130,MeerKAT:array_1:20250731T030702Z,ex_SDSS_J002339.35+001442.7,15,863.9900266230106,-0.020501521627311965,54.32867,64,1.0,1,4.774801747693328e-21,shortlist
lband_long,306354,811289,MeerKAT:array_1:20250707T231708Z,Gaia_6440685059608398464,18,887.9807479083538,0.005044025162275165,24.8267,62,0.96875,1,5.126953020623369e-21,shortlist
lband_short,442238,310818,MeerKAT:array_1:20250719T011200Z,ex_PGC0654562,25,863.990801513195,0.020501521627311965,73.87207,64,1.0,1,5.537421884065817e-21,shortlist
lband_short,12207,406091,MeerKAT:array_1:20250701T080259Z,Gaia_2536494680133771392,30,874.9920370429754,-0.13325989057752777,40.409576,64,1.0,1,6.289532805166662e-21,shortlist
lband_short,400067,33503603,MeerKAT:array_1:20250711T085603Z,Gaia_4814660262961717632,51,983.988790333271,0.03075228244096795,121.06497,64,1.0,1,6.780688392939108e-21,shortlist
lband_short,25472,683253,MeerKAT:array_1:20250711T085603Z,Gaia_4814711458972055680,47,874.9924579709768,-0.1230091297638718,73.43877,64,1.0,1,8.475292544758292e-21,shortlist
uhf_short,95584,35403861,MeerKAT:array_1:20250712T200859Z,Gaia_4426367426675017856,53,674.9935193657875,0.09411730654088994,2790.6719,64,1.0,1,9.26653605243431e-21,shortlist
lband_short,442412,311117,MeerKAT:array_1:20250719T011200Z,Gaia_2311893660356547840,59,863.990801513195,0.020501521627311965,74.866035,64,1.0,1,9.673856048477827e-21,shortlist
uhf_long,62677,6150398,MeerKAT:array_1:20250723T030515Z,ex_ASASSN-V_J053130.71-695343.3,58,587.0347144007683,0.020371711372487,66.33814,64,1.0,1,1.0220282588789527e-20,shortlist
lband_long,306372,811319,MeerKAT:array_1:20250707T231708Z,Gaia_6440696746214536064,24,887.9807479083538,0.005044025162275165,24.794653,62,0.96875,1,1.032556189739603e-20,shortlist
uhf_long,77542,12887048,MeerKAT:array_1:20250723T043540Z,Gaia_4655086594236261504,39,601.3517138361931,0.006111513411746101,152.21321,64,1.0,1,1.1226827106981349e-20,shortlist
uhf_short,168119,13649070,MeerKAT:array_1:20250730T185654Z,Gaia_4426397731964463616,38,599.9625529646873,-0.01711223755288908,63.151875,63,0.984375,1,1.1561985520137708e-20,shortlist
uhf_long,49105,1223625,MeerKAT:array_1:20250723T022503Z,ex_BSDL_1858,42,575.9935992360115,-0.0081486845489948,40.312546,64,1.0,1,1.4303078252399418e-20,shortlist
lband_short,133122,5597847,MeerKAT:array_1:20250720T082308Z,Gaia_5096069548148530944,20,924.9914642572403,-0.1742629338321517,18.804731,64,1.0,1,1.4943650251769342e-20,shortlist
lband_short,401220,33505042,MeerKAT:array_1:20250711T092345Z,Gaia_4790685514997839616,44,983.9990042150021,0.08200608650924786,82.15887,64,1.0,1,1.5828889542107633e-20,shortlist
uhf_long,291766,35582367,MeerKAT:array_1:20240925T231814Z,Gaia_2775995147618921728,12,938.6695005893707,0.0,598.8093,63,0.984375,1,2.295304616241368e-20,shortlist
lband_long,260,752,MeerKAT:array_1:20250701T055458Z,ex_LEDA_143477,53,863.9905145168304,-0.015132075486825495,32.560314,64,1.0,1,2.3684815221213436e-20,shortlist
uhf_short,62671,33500102,MeerKAT:array_1:20250711T003519Z,Gaia_2682741271499860352,5,625.0014036297798,0.03422447510577816,407.5572,38,0.59375,1,2.5719674378423505e-20,shortlist
uhf_short,62746,33500282,MeerKAT:array_1:20250711T003519Z,Gaia_2682569605952186240,50,625.0014036297798,0.03422447510577816,375.94733,38,0.59375,1,2.5883409979243274e-20,shortlist
uhf_long,6574,254720,MeerKAT:array_1:20250713T200741Z,Gaia_4124137793678695296,17,551.9788361787796,-0.040743422744974,87.48116,64,1.0,1,2.8691263163009067e-20,shortlist
uhf_short,198678,34900250,MeerKAT:array_1:20250729T173047Z,Gaia_6734071771665610752,10,647.9736363887787,-0.01711223755288908,33.937466,64,1.0,1,2.9573379330580796e-20,shortlist
lband_short,65190,1528351,MeerKAT:array_1:20250701T080259Z,Gaia_2536439464034249344,7,925.0029584616423,-0.1127583689502158,37.37495,64,1.0,1,3.1888528224595297e-20,shortlist
lband_long,322607,1435659,MeerKAT:array_1:20250718T225142Z,Gaia_6441455374877616256,59,911.9647742062807,0.0,39.1322,60,0.9375,1,3.569188256066996e-20,shortlist
uhf_short,62709,33500186,MeerKAT:array_1:20250711T003519Z,ex_LEDA_3096664,26,625.0014036297798,0.03422447510577816,341.05365,38,0.59375,1,4.0683364654410473e-20,shortlist
uhf_short,62721,33500218,MeerKAT:array_1:20250711T003519Z,ex_2MASX_J22110941+0206236,34,625.0014036297798,0.03422447510577816,361.06265,38,0.59375,1,4.362078132141745e-20,shortlist
lband_short,58791,1418639,MeerKAT:array_1:20250712T080758Z,Gaia_2323496325528339456,15,912.0899875313044,-0.04100304325462393,88.9535,64,1.0,1,5.0604131068604776e-20,shortlist
lband_short,5352,243084,MeerKAT:array_1:20250712T080758Z,Gaia_2323484368339403648,25,863.9846629798412,-0.07175532569559187,23.582943,64,1.0,1,5.750097049518946e-20,shortlist
uhf_short,190774,34444326,MeerKAT:array_1:20250707T024904Z,Gaia_2682522743563950720,52,644.3085486292839,0.01711223755288908,39.161854,64,1.0,1,6.265562394551125e-20,shortlist
uhf_short,62665,33500086,MeerKAT:array_1:20250711T003519Z,Gaia_2682514084909778176,1,625.0014036297798,0.03422447510577816,393.10138,38,0.59375,1,6.63421121120616e-20,shortlist
uhf_long,276725,35567326,MeerKAT:array_1:20240925T225556Z,Gaia_2776212060647451136,53,942.8785985708237,0.0,30.930809,64,1.0,1,7.179860504674677e-20,shortlist
uhf_short,62673,33500106,MeerKAT:array_1:20250711T003519Z,Gaia_2682532948406193664,6,625.0014036297798,0.03422447510577816,359.35843,38,0.59375,1,7.202164273021586e-20,shortlist
uhf_long,235007,35003684,MeerKAT:array_1:20250715T053823Z,Gaia_4669830121746188672,45,657.6679335832596,0.0,20.283464,63,0.984375,1,7.450950523655265e-20,shortlist
uhf_short,62675,33500110,MeerKAT:array_1:20250711T003519Z,Gaia_2682552980133700480,7,625.0014036297798,0.03422447510577816,385.03717,38,0.59375,1,7.59756021239688e-20,shortlist
uhf_short,198817,34900445,MeerKAT:array_1:20250729T173047Z,Gaia_6734182066421136512,45,647.9736363887787,-0.01711223755288908,42.805912,64,1.0,1,8.188982421514754e-20,shortlist
uhf_short,111188,373045,MeerKAT:array_1:20250728T194227Z,Gaia_2682545902027585664,57,551.9655358791351,-0.01711223755288908,574.1147,64,1.0,1,8.853060673929315e-20,shortlist
uhf_long,135221,35422540,MeerKAT:array_1:20250716T022312Z,Gaia_4669041359592499456,62,674.9957222342491,0.0651894763919584,280.297,64,1.0,1,9.210479516972656e-20,shortlist
uhf_short,3245,344884,MeerKAT:array_1:20250723T214437Z,Gaia_2682791367998427520,3,551.9941721558571,-0.02566835632933362,1623.7944,64,1.0,1,1.0848547746252538e-19,shortlist
uhf_long,170446,1233713,MeerKAT:array_1:20250729T031818Z,Gaia_4669756725049253248,11,575.9639699459076,0.0,38.832035,64,1.0,1,1.1217408144185522e-19,shortlist
uhf_short,62767,33500330,MeerKAT:array_1:20250711T003519Z,Gaia_2682510648935930880,62,625.0014036297798,0.03422447510577816,363.51825,38,0.59375,1,1.1337441533188167e-19,shortlist
uhf_short,3362,345157,MeerKAT:array_1:20250723T214437Z,Gaia_2682749346038374016,42,551.9941721558571,-0.02566835632933362,1638.4349,64,1.0,1,1.1337441533188167e-19,shortlist
uhf_short,3338,345101,MeerKAT:array_1:20250723T214437Z,Gaia_2682569605952186240,34,551.9941721558571,-0.02566835632933362,1611.6968,64,1.0,1,1.1337441533188167e-19,shortlist
uhf_short,62763,33500322,MeerKAT:array_1:20250711T003519Z,Gaia_2682511301770962048,60,625.0014036297798,0.03422447510577816,360.88858,38,0.59375,1,1.1337441533188167e-19,shortlist
uhf_short,62732,33500250,MeerKAT:array_1:20250711T003519Z,Gaia_2682557687417843584,42,625.0014036297798,0.03422447510577816,377.4429,38,0.59375,1,1.1387967727798745e-19,shortlist
uhf_short,3305,345024,MeerKAT:array_1:20250723T214437Z,ex_2MASX_J22110941+0206236,23,551.9941721558571,-0.02566835632933362,1639.5719,64,1.0,1,1.1387967727798745e-19,shortlist
uhf_short,3290,344989,MeerKAT:array_1:20250723T214437Z,ex_NGC_7222,18,551.9941721558571,-0.02566835632933362,1598.7556,64,1.0,1,1.1449531192329357e-19,shortlist
uhf_short,3422,345297,MeerKAT:array_1:20250723T214437Z,Gaia_2682550471872804736,62,551.9941721558571,-0.02566835632933362,1639.4474,64,1.0,1,1.1449531192329357e-19,shortlist
uhf_short,3401,345248,MeerKAT:array_1:20250723T214437Z,Gaia_2682781231875604992,55,551.9941721558571,-0.02566835632933362,1635.1324,64,1.0,1,1.1449531192329357e-19,shortlist
uhf_short,3353,345136,MeerKAT:array_1:20250723T214437Z,Gaia_2682518616099792128,39,551.9941721558571,-0.02566835632933362,1628.8698,64,1.0,1,1.1449531192329357e-19,shortlist
uhf_short,3425,345304,MeerKAT:array_1:20250723T214437Z,Gaia_2682742199212813056,63,551.9941721558571,-0.02566835632933362,1644.1932,64,1.0,1,1.1449531192329357e-19,shortlist
uhf_short,3407,345262,MeerKAT:array_1:20250723T214437Z,Gaia_2682596440907741952,57,551.9941721558571,-0.02566835632933362,1642.7007,64,1.0,1,1.1449531192329357e-19,shortlist
uhf_short,3299,345010,MeerKAT:array_1:20250723T214437Z,ex_LEDA_1220485,21,551.9941721558571,-0.02566835632933362,1622.4082,64,1.0,1,1.1449531192329357e-19,shortlist
uhf_short,3365,345164,MeerKAT:array_1:20250723T214437Z,ex_LEDA_1222897,43,551.9941721558571,-0.02566835632933362,1615.6724,64,1.0,1,1.1449531192329357e-19,shortlist
uhf_short,3326,345073,MeerKAT:array_1:20250723T214437Z,Gaia_2682543874802993152,30,551.9941721558571,-0.02566835632933362,1627.922,64,1.0,1,1.1449531192329357e-19,shortlist
uhf_short,3344,345115,MeerKAT:array_1:20250723T214437Z,Gaia_2682779410809465088,36,551.9941721558571,-0.02566835632933362,1613.272,64,1.0,1,1.1500556923269628e-19,shortlist
uhf_short,62693,33500150,MeerKAT:array_1:20250711T003519Z,Gaia_2682511026893166848,17,625.0014036297798,0.03422447510577816,366.2782,38,0.59375,1,1.1672489715266532e-19,shortlist
uhf_short,20841,1096763,MeerKAT:array_1:20250711T003519Z,J2212+0152,0,575.0012910962105,0.03422447510577816,220.9327,59,0.921875,1,1.1717583991288295e-19,shortlist
uhf_short,20855,1096778,MeerKAT:array_1:20250711T003519Z,Gaia_2682741271499860352,5,575.0012910962105,0.03422447510577816,307.04578,59,0.921875,1,1.1717583991288295e-19,shortlist
uhf_short,20920,1096844,MeerKAT:array_1:20250711T003519Z,ex_ICRF_J221237.9+015251,27,575.0012910962105,0.03422447510577816,220.9351,59,0.921875,1,1.1717583991288295e-19,shortlist
uhf_short,20972,1096898,MeerKAT:array_1:20250711T003519Z,Gaia_2682581567435990016,45,575.0012910962105,0.03422447510577816,320.1355,59,0.921875,1,1.1814074818908627e-19,shortlist
uhf_short,3371,345178,MeerKAT:array_1:20250723T214437Z,ex_LEDA_1200474,45,551.9941721558571,-0.02566835632933362,1624.5875,64,1.0,1,1.1814074818908627e-19,shortlist
uhf_short,3320,345059,MeerKAT:array_1:20250723T214437Z,Gaia_2682555625833517824,28,551.9941721558571,-0.02566835632933362,1598.2656,64,1.0,1,1.1814074818908627e-19,shortlist
uhf_short,3242,344877,MeerKAT:array_1:20250723T214437Z,Gaia_2682782636329433984,2,551.9941721558571,-0.02566835632933362,1602.8917,64,1.0,1,1.1814074818908627e-19,shortlist
uhf_short,21025,1096952,MeerKAT:array_1:20250711T003519Z,Gaia_2682525217465113472,63,575.0012910962105,0.03422447510577816,321.79553,59,0.921875,1,1.1944866137548615e-19,shortlist
uhf_short,3284,344975,MeerKAT:array_1:20250723T214437Z,ex_ICRF_J221237.9+015251,16,551.9941721558571,-0.02566835632933362,1259.6283,64,1.0,1,1.1990694688887741e-19,shortlist
uhf_short,3329,345080,MeerKAT:array_1:20250723T214437Z,Gaia_2682473368619795328,31,551.9941721558571,-0.02566835632933362,1629.5914,64,1.0,1,1.1990694688887741e-19,shortlist
uhf_short,3236,344863,MeerKAT:array_1:20250723T214437Z,J2212+0152,0,551.9941721558571,-0.02566835632933362,1259.7543,64,1.0,1,1.1990694688887741e-19,shortlist
uhf_short,20905,1096829,MeerKAT:array_1:20250711T003519Z,Gaia_2682668772451942272,22,575.0012910962105,0.03422447510577816,308.60886,59,0.921875,1,1.2090662197825974e-19,shortlist
uhf_short,20992,1096919,MeerKAT:array_1:20250711T003519Z,Gaia_2682779410809465088,52,575.0012910962105,0.03422447510577816,306.7994,59,0.921875,1,1.2090662197825974e-19,shortlist
uhf_short,21004,1096931,MeerKAT:array_1:20250711T003519Z,Gaia_2682555007358239488,56,575.0012910962105,0.03422447510577816,310.79318,59,0.921875,1,1.2090662197825974e-19,shortlist
uhf_short,20995,1096922,MeerKAT:array_1:20250711T003519Z,Gaia_2682526072163015168,53,575.0012910962105,0.03422447510577816,310.7086,59,0.921875,1,1.220451864679711e-19,shortlist
uhf_short,20882,1096805,MeerKAT:array_1:20250711T003519Z,Gaia_2682791367998427520,14,575.0012910962105,0.03422447510577816,314.33716,59,0.921875,1,1.2325180820101133e-19,shortlist
uhf_short,20899,1096823,MeerKAT:array_1:20250711T003519Z,Gaia_2682777074347230592,20,575.0012910962105,0.03422447510577816,317.22473,59,0.921875,1,1.2325180820101133e-19,shortlist
lband_long,209493,33488739,MeerKAT:array_1:20250708T150449Z,Gaia_5888235927611614464,31,983.9896401613951,0.03026415097365099,22.210632,64,1.0,1,1.3566094217948635e-19,shortlist
lband_short,483856,1472682,MeerKAT:array_1:20250731T014621Z,Gaia_2543778940372354816,41,911.9896169304848,-0.010250760813655982,71.47962,64,1.0,1,1.4011191800029903e-19,shortlist
lband_short,58841,1418753,MeerKAT:array_1:20250712T080758Z,Gaia_2323442827415662336,40,912.0899875313044,-0.04100304325462393,93.66983,64,1.0,1,1.5378025784347812e-19,shortlist
lband_short,390616,33368333,MeerKAT:array_1:20250718T233501Z,ex_2dFGRS_TGS543Z068,1,974.9977299571037,0.07175532569559187,19.565254,63,0.984375,1,1.8423769810407597e-19,shortlist
uhf_short,107671,296476,MeerKAT:array_1:20250717T021511Z,Gaia_2682559469829704960,3,551.9994412064552,-0.01711223755288908,460.69397,64,1.0,1,1.8722944445367677e-19,shortlist
uhf_short,30551,1135408,MeerKAT:array_1:20250715T200216Z,Gaia_4426343581016497408,47,575.0011421442032,0.11122954409377903,131.22249,45,0.703125,1,2.3169280558606753e-19,shortlist
lband_short,58779,1418617,MeerKAT:array_1:20250712T080758Z,Gaia_2323477839989102720,10,912.0899875313044,-0.04100304325462393,174.5943,64,1.0,1,2.4266617134016347e-19,shortlist
uhf_short,136154,1111784,MeerKAT:array_1:20250713T025525Z,Gaia_2682790852602355840,15,575.0023651719093,0.0,135.69438,64,1.0,1,2.4862688341056953e-19,shortlist
uhf_short,107689,296526,MeerKAT:array_1:20250717T021511Z,Gaia_2682511576648858752,9,551.9994412064552,-0.01711223755288908,473.5202,64,1.0,1,2.579666980006612e-19,shortlist
lband_short,400092,33503633,MeerKAT:array_1:20250711T085603Z,Gaia_4814709745281296384,56,983.988790333271,0.03075228244096795,124.805954,64,1.0,1,3.1754511846031524e-19,shortlist
uhf_long,160888,349207,MeerKAT:array_1:20250726T235112Z,Gaia_6440679188388193280,3,551.9475876688957,-0.0040743422744974,76.542694,63,0.984375,1,3.3262657051927834e-19,shortlist
lband_long,63935,1468655,MeerKAT:array_1:20250727T173737Z,Gaia_6053011110992111232,39,911.990364715457,-0.04035220129820132,11.462093,64,1.0,1,3.474404979266906e-19,shortlist
uhf_short,199266,34901199,MeerKAT:array_1:20250729T175426Z,Gaia_6734167016855994624,55,649.9965465068817,0.0,36.16577,64,1.0,1,5.056270463097531e-19,shortlist
lband_long,225380,33869563,MeerKAT:array_1:20250713T100933Z,Gaia_3394092000085853056,25,999.9895790666342,-0.19671698132873144,1091.551,56,0.875,1,5.756898192094416e-19,shortlist
lband_long,225455,33869638,MeerKAT:array_1:20250713T100933Z,Gaia_3394151167555170688,60,999.9895790666342,-0.19671698132873144,1138.4106,56,0.875,1,6.461409171792877e-19,shortlist
lband_long,225340,33869522,MeerKAT:array_1:20250713T100933Z,Gaia_3394108797702327552,7,999.9895790666342,-0.19671698132873144,1017.05536,56,0.875,1,7.013336982904033e-19,shortlist
lband_long,225387,33869570,MeerKAT:array_1:20250713T100933Z,Gaia_3394150789598051072,28,999.9895790666342,-0.19671698132873144,1113.4678,56,0.875,1,7.690122026402393e-19,shortlist
lband_long,225393,33869576,MeerKAT:array_1:20250713T100933Z,Gaia_3394140069359843584,31,999.9895790666342,-0.19671698132873144,1110.4661,56,0.875,1,8.105691234647489e-19,shortlist
lband_short,42332,992051,MeerKAT:array_1:20250716T163236Z,Gaia_3966881998459066368,51,887.9796764552593,-0.05125380406827991,37.825882,63,0.984375,1,8.989864710529128e-19,shortlist
uhf_short,45275,5691466,MeerKAT:array_1:20250720T235835Z,Gaia_2682595380050875136,21,587.0342685580254,0.02566835632933362,36.115658,64,1.0,1,9.17193705134886e-19,shortlist
uhf_long,134929,35421846,MeerKAT:array_1:20250716T012443Z,Gaia_4669694984895213056,63,674.9788855910301,0.0529664495684662,66.20434,39,0.609375,1,1.1147935865454638e-18,shortlist
lband_short,705688,2030894,MeerKAT:array_1:20250706T040458Z,ex_SDSS_J002308.74+002239.7,13,934.5927171707153,0.010250760813655982,288.72586,61,0.953125,1,1.1478765154355433e-18,shortlist
lband_short,480642,1436773,MeerKAT:array_1:20250719T003939Z,ex_LEDA_652858,2,911.964731156826,0.0,16.64186,64,1.0,1,1.185042844937127e-18,shortlist
lband_short,428846,34983130,MeerKAT:array_1:20250711T085603Z,ex_LEDA_550336,40,1031.9882435202599,0.03075228244096795,105.05305,64,1.0,1,1.199543371076224e-18,shortlist
lband_long,225336,33869517,MeerKAT:array_1:20250713T100933Z,Gaia_3394260672041490048,5,999.9895790666342,-0.19671698132873144,1207.151,56,0.875,1,1.2138906384611925e-18,shortlist
uhf_short,196556,34883881,MeerKAT:array_1:20250723T234200Z,Gaia_2682538858281155456,43,646.0,0.0,21.727167,64,1.0,1,1.6169748622723751e-18,shortlist
lband_short,708203,2033868,MeerKAT:array_1:20250706T040458Z,Gaia_2545285516117198208,44,934.6499171406031,0.010250760813655982,205.96057,56,0.875,1,1.6425991821446796e-18,shortlist
uhf_long,71647,11383241,MeerKAT:array_1:20250715T130947Z,ex_ASASSN-V_J161432.56-602652.2,30,599.9705305099487,0.055003620705714906,127.18165,64,1.0,1,1.677343809015171e-18,shortlist
uhf_long,153385,94365,MeerKAT:array_1:20250710T060816Z,Gaia_5599210673237550464,2,551.9996094107628,-0.0040743422744974,105.57916,64,1.0,1,1.6780894690886272e-18,shortlist
uhf_short,69815,33536053,MeerKAT:array_1:20250715T023108Z,ex_ATO_J333.2643+01.8359,19,623.9989039301872,-0.03422447510577816,25.903742,64,1.0,1,1.9119121105000458e-18,shortlist
uhf_short,50282,13618612,MeerKAT:array_1:20250729T175426Z,ex_V3464_Sgr,16,600.0003888010979,-0.02566835632933362,161.16907,64,1.0,1,2.145595225016751e-18,shortlist
lband_short,706658,2032038,MeerKAT:array_1:20250706T040458Z,ex_LEDA_1154760,25,934.5927171707153,0.010250760813655982,278.9583,61,0.953125,1,2.466255736098751e-18,shortlist
lband_short,428728,34982982,MeerKAT:array_1:20250711T085603Z,ex_CRTS_J044000.9-433336,11,1031.9882435202599,0.03075228244096795,111.29743,64,1.0,1,4.140868189749566e-18,shortlist
lband_short,704891,2029944,MeerKAT:array_1:20250706T040458Z,ex_SN_2006pe,3,934.6499171406031,0.010250760813655982,157.38194,56,0.875,1,4.907407123702552e-18,shortlist
lband_long,225345,33869527,MeerKAT:array_1:20250713T100933Z,Gaia_3394088083075699072,9,999.9895790666342,-0.19671698132873144,944.95337,56,0.875,1,5.486804378872108e-18,shortlist
uhf_long,39010,1082490,MeerKAT:array_1:20250707T173400Z,Gaia_6144661418054835840,37,575.9920823574066,0.020371711372487,56.65384,64,1.0,1,6.2862662555230095e-18,shortlist
lband_short,406972,33612901,MeerKAT:array_1:20250720T065957Z,Gaia_5096281891331978496,56,983.9993789047003,0.04100304325462393,6.9734936,62,0.96875,1,7.185838920617748e-18,shortlist
uhf_long,119618,34849709,MeerKAT:array_1:20250719T053812Z,Gaia_4669831015099402368,3,647.9385931491852,-0.006111513411746101,11.381675,63,0.984375,1,7.247190825353312e-18,shortlist
lband_long,225443,33869626,MeerKAT:array_1:20250713T100933Z,Gaia_3394161544196125184,54,999.9895790666342,-0.19671698132873144,1088.7609,56,0.875,1,7.738716700767685e-18,shortlist
lband_short,469568,1040563,MeerKAT:array_1:20250731T051744Z,ex_2SLAQ_J002327.67+000956.8,20,887.9896782785654,0.0,58.325,64,1.0,1,8.082376810299438e-18,shortlist
uhf_long,111765,34623071,MeerKAT:array_1:20250705T060310Z,Gaia_6441080785009795840,29,649.9993411302567,0.014260197960740902,17.721407,64,1.0,1,8.895736424381377e-18,shortlist
lband_long,225412,33869595,MeerKAT:array_1:20250713T100933Z,Gaia_3394161574259201792,40,999.9895790666342,-0.19671698132873144,1090.069,56,0.875,1,1.0140941015553805e-17,shortlist
uhf_long,148452,35901398,MeerKAT:array_1:20240926T000251Z,Gaia_2776267719128173568,5,743.9926944971085,0.0081486845489948,85.955475,64,1.0,1,1.0988429892548786e-17,shortlist
uhf_long,180796,12457878,MeerKAT:array_1:20250720T024534Z,Gaia_4669055928121621120,13,599.9431881904602,-0.0040743422744974,866.14026,58,0.90625,1,1.2845519671611168e-17,shortlist
uhf_long,27212,759355,MeerKAT:array_1:20250723T015429Z,Gaia_4661559213062163712,24,558.3987680077553,0.030557567058730504,52.96494,49,0.765625,1,1.3009746121389072e-17,shortlist
lband_short,394973,33471574,MeerKAT:array_1:20250706T104412Z,Gaia_4802509942216919424,53,984.2082947194576,0.04100304325462393,24.311218,64,1.0,1,1.3569837020683789e-17,shortlist
uhf_short,49431,13615749,MeerKAT:array_1:20250729T041550Z,Gaia_6528262505084943360,3,599.9965353012085,0.03422447510577816,334.87488,64,1.0,1,1.3753161453106974e-17,shortlist
uhf_short,67106,33527638,MeerKAT:array_1:20250713T172342Z,Gaia_1456181899768835840,62,625.0003741383553,0.1454540191995572,123.883415,49,0.765625,1,1.4962959095989655e-17,shortlist
uhf_long,111748,34623054,MeerKAT:array_1:20250705T060310Z,Gaia_6441475200446676224,12,649.9993411302567,0.012223026823492201,19.41251,64,1.0,1,1.5254224951731258e-17,shortlist
lband_short,460925,785744,MeerKAT:array_1:20250703T004724Z,ex_ASASSN-V_J213222.11-121601.9,16,887.9659962952137,-0.010250760813655982,36.100483,64,1.0,1,1.5422469613603996e-17,shortlist
lband_short,460932,785763,MeerKAT:array_1:20250703T004724Z,ex_NSV_25649,19,887.9659962952137,-0.010250760813655982,35.99502,64,1.0,1,1.5422469613603996e-17,shortlist
lband_short,411004,33867284,MeerKAT:array_1:20250712T084022Z,Gaia_2323518075242680832,60,999.9868797063828,-0.15376141220483974,577.92914,56,0.875,1,1.636210283742095e-17,shortlist
uhf_short,192338,34638001,MeerKAT:array_1:20250706T010358Z,Gaia_2699257516697652864,3,647.2499424219131,0.0,114.24201,64,1.0,1,1.7241790491112045e-17,shortlist
lband_short,4676,241559,MeerKAT:array_1:20250712T072515Z,ex_2MASX_J00254789-2607323,3,863.9468145370483,-0.04100304325462393,24.608803,64,1.0,1,1.7298040957957496e-17,shortlist
uhf_short,87067,34906234,MeerKAT:array_1:20250730T231157Z,Gaia_2682486219161952896,57,648.000045478344,-0.09411730654088994,58.85957,64,1.0,1,1.892422927567151e-17,shortlist
uhf_short,121326,806268,MeerKAT:array_1:20250706T010358Z,Gaia_2699270710837200256,56,563.9811953902245,0.0,21.01787,62,0.96875,1,1.9143496628662362e-17,shortlist
lband_short,438501,88613,MeerKAT:array_1:20250709T052824Z,Gaia_4936961969272219264,26,863.9908509403467,0.0,42.462154,64,1.0,1,2.0504543654765087e-17,shortlist
sband_short,2757,748412,MeerKAT:array_1:20250720T173033Z,Gaia_3504684556098688640,12,2202.1366534754634,-0.21421736472495856,8.016238,36,0.7346938775510204,1,2.0801820992822617e-17,shortlist
lband_short,452013,426915,MeerKAT:array_1:20250706T063501Z,Gaia_4802459910141078912,58,874.9988037794828,-0.020501521627311965,45.171463,64,1.0,1,2.1924634752933576e-17,shortlist
lband_long,225385,33869568,MeerKAT:array_1:20250713T100933Z,Gaia_3394133266131680896,27,999.9895790666342,-0.19671698132873144,921.22815,56,0.875,1,2.2391774269118014e-17,shortlist
uhf_short,73558,33616652,MeerKAT:array_1:20250720T194306Z,Gaia_4426849871760813952,33,623.970067024231,-0.1283417816466681,214.98482,61,0.953125,1,2.3164454016005265e-17,shortlist
uhf_short,73444,33616538,MeerKAT:array_1:20250720T194306Z,Gaia_4426373027312628864,10,623.970067024231,-0.1283417816466681,216.35808,61,0.953125,1,2.359979553427533e-17,shortlist
uhf_long,33699,1001635,MeerKAT:array_1:20250719T053812Z,Gaia_4669686017003536640,23,563.9631549715996,-0.006111513411746101,10.715099,63,0.984375,1,2.3823923821744798e-17,shortlist
sband_long,7777,1207365,MeerKAT:array_1:20250720T184620Z,Gaia_6440709493677449344,10,2232.501028338447,0.0632451267283211,96.18929,64,1.0,1,2.4213637073176637e-17,shortlist
uhf_short,5773,382347,MeerKAT:array_1:20250730T185654Z,Gaia_4426419653477380480,39,544.0793144106865,0.0427805938822227,120.00236,64,1.0,1,2.7746545318367616e-17,shortlist
uhf_long,33819,1001783,MeerKAT:array_1:20250719T053812Z,Gaia_4669069702079971072,53,563.9631549715996,-0.006111513411746101,9.25123,63,0.984375,1,3.223451460433256e-17,shortlist
uhf_short,73464,33616558,MeerKAT:array_1:20250720T194306Z,Gaia_4429477532749925376,14,623.970067024231,-0.1283417816466681,218.58977,61,0.953125,1,3.3362077504102376e-17,shortlist
uhf_short,73598,33616692,MeerKAT:array_1:20250720T194306Z,Gaia_4426338736293399680,41,623.970067024231,-0.1283417816466681,215.81891,61,0.953125,1,3.6035267606085347e-17,shortlist
uhf_short,73484,33616578,MeerKAT:array_1:20250720T194306Z,Gaia_4429477292231746688,18,623.970067024231,-0.1283417816466681,215.83577,61,0.953125,1,3.691390649731752e-17,shortlist
uhf_short,73698,33616792,MeerKAT:array_1:20250720T194306Z,Gaia_4429475780403225600,61,623.970067024231,-0.1283417816466681,215.52313,61,0.953125,1,3.805955701951538e-17,shortlist
uhf_short,73518,33616612,MeerKAT:array_1:20250720T194306Z,Gaia_4426370965728172544,25,623.970067024231,-0.1283417816466681,219.16846,61,0.953125,1,3.8125631385219104e-17,shortlist
uhf_short,113531,379166,MeerKAT:array_1:20250729T173047Z,Gaia_6734071359348751616,54,548.0058038234711,0.0,25.91455,64,1.0,1,3.848464985745802e-17,shortlist
uhf_short,73489,33616583,MeerKAT:array_1:20250720T194306Z,Gaia_4429442691975175040,19,623.970067024231,-0.1283417816466681,224.90932,61,0.953125,1,3.851574930170213e-17,shortlist
uhf_short,73663,33616757,MeerKAT:array_1:20250720T194306Z,Gaia_4426426284906912768,54,623.970067024231,-0.1283417816466681,218.72906,61,0.953125,1,3.9914883224958236e-17,shortlist
uhf_short,73439,33616533,MeerKAT:array_1:20250720T194306Z,Gaia_4426373027312628736,9,623.970067024231,-0.1283417816466681,216.79845,61,0.953125,1,4.003540686091919e-17,shortlist
uhf_long,20140,401876,MeerKAT:array_1:20250731T221802Z,Gaia_4669673372619750272,24,544.0823957920074,0.055003620705714906,204.51132,64,1.0,1,4.177186385535953e-17,shortlist
uhf_short,73504,33616598,MeerKAT:array_1:20250720T194306Z,Gaia_4426354095096503040,22,623.970067024231,-0.1283417816466681,217.32018,61,0.953125,1,4.3120544847299485e-17,shortlist
uhf_short,73703,33616797,MeerKAT:array_1:20250720T194306Z,Gaia_4426429583441807616,62,623.970067024231,-0.1283417816466681,212.78404,61,0.953125,1,4.4345683988965927e-17,shortlist
uhf_short,55366,33364085,MeerKAT:array_1:20250717T021511Z,Gaia_2682552980133700480,31,615.6722678542137,0.05133671265866724,16.403393,64,1.0,1,4.7985485443121453e-17,shortlist
uhf_long,33770,1001723,MeerKAT:array_1:20250719T053812Z,Gaia_4669700516813162496,41,563.9465534090996,-0.006111513411746101,13.808285,63,0.984375,1,4.906164387911313e-17,shortlist
uhf_short,86793,34905838,MeerKAT:array_1:20250730T231157Z,Gaia_2682583693444955392,13,648.000045478344,-0.09411730654088994,59.427406,64,1.0,1,5.321553507351019e-17,shortlist
uhf_long,33662,1001589,MeerKAT:array_1:20250719T053812Z,Gaia_4669830740221486080,14,563.9465534090996,-0.006111513411746101,13.675684,63,0.984375,1,5.549783166732995e-17,shortlist
uhf_long,96874,33538513,MeerKAT:array_1:20250715T130947Z,ex_ASASSN-V_J161432.56-602652.2,30,623.9693516492844,0.05704079184296361,188.92722,64,1.0,1,5.579067086447111e-17,shortlist
uhf_long,96896,33538603,MeerKAT:array_1:20250715T130947Z,ex_IRAS_16046-6024,51,623.9693516492844,0.05704079184296361,208.6707,64,1.0,1,6.033551901049044e-17,shortlist
uhf_short,73628,33616722,MeerKAT:array_1:20250720T194306Z,Gaia_4429469561290444288,47,623.970067024231,-0.1283417816466681,230.7579,61,0.953125,1,6.654140651258412e-17,shortlist
uhf_long,33678,1001609,MeerKAT:array_1:20250719T053812Z,Gaia_4668952642747945088,18,563.9465534090996,-0.006111513411746101,13.113409,63,0.984375,1,6.920387189519175e-17,shortlist
uhf_long,152862,72002,MeerKAT:array_1:20250708T010310Z,Gaia_6441064979530120960,13,551.9662005901337,-0.0020371711372487,65.16578,64,1.0,1,7.392241484104732e-17,shortlist
uhf_long,33647,1001570,MeerKAT:array_1:20250719T053812Z,Gaia_4669686875996993408,10,563.9631549715996,-0.006111513411746101,11.222302,63,0.984375,1,7.83814349584288e-17,shortlist
uhf_long,96905,33538642,MeerKAT:array_1:20250715T130947Z,ex_ASASSN-V_J161016.48-601227.6,60,623.9693516492844,0.05704079184296361,212.00523,64,1.0,1,9.627110945715088e-17,shortlist
uhf_short,111938,375586,MeerKAT:array_1:20250729T041550Z,Gaia_6526522940254660864,15,548.0058970451355,0.01711223755288908,64.92883,63,0.984375,1,1.200080053477484e-16,shortlist
uhf_long,33778,1001732,MeerKAT:array_1:20250719T053812Z,Gaia_4669699520380750336,43,563.9465534090996,-0.006111513411746101,14.084356,63,0.984375,1,1.207033069093595e-16,shortlist
uhf_long,33735,1001679,MeerKAT:array_1:20250719T053812Z,Gaia_4669686012707274624,32,563.9631549715996,-0.006111513411746101,11.224013,63,0.984375,1,1.2541201559794509e-16,shortlist
lband_long,225420,33869603,MeerKAT:array_1:20250713T100933Z,Gaia_3394135808752346880,43,999.9895790666342,-0.19671698132873144,1074.464,56,0.875,1,1.2766708052394792e-16,shortlist
uhf_long,96849,33538406,MeerKAT:array_1:20250715T130947Z,ex_LEDA_2793282,5,623.9693516492844,0.05704079184296361,210.13582,64,1.0,1,1.3491891710817333e-16,shortlist
uhf_long,33611,1001525,MeerKAT:array_1:20250719T053812Z,Gaia_4669697149558748928,1,563.9631549715996,-0.006111513411746101,10.885881,63,0.984375,1,1.4425741049416996e-16,shortlist
sband_long,6985,1192995,MeerKAT:array_1:20250720T144220Z,Gaia_6440688018840917632,51,2237.5203093979508,0.03689299059152064,95.698425,59,0.921875,1,1.718512411454841e-16,shortlist
uhf_long,45886,1145102,MeerKAT:array_1:20250717T054309Z,Gaia_4669819642025996288,60,572.7169002890587,0.024446053646984402,17.480513,43,0.671875,1,1.9029424771955942e-16,shortlist
sband_long,6869,1192785,MeerKAT:array_1:20250720T144220Z,Gaia_6440683861312632064,15,2237.5203093979508,0.03689299059152064,93.484505,59,0.921875,1,2.506036102189987e-16,shortlist
uhf_short,165861,13613703,MeerKAT:array_1:20250728T194227Z,Gaia_2682510648935930880,42,599.9625387787819,-0.00855611877644454,87.93707,64,1.0,1,2.8783099802408665e-16,shortlist
sband_short,26253,749731,MeerKAT:array_1:20250720T180312Z,Gaia_3504657583704061952,13,2209.087514085695,0.021421736472495855,409.37823,49,1.0,1,2.879196589126635e-16,shortlist
lband_long,309618,1006977,MeerKAT:array_1:20250720T061449Z,Gaia_4669709587784079488,18,887.9994154274464,0.0,130.53911,64,1.0,1,3.469280134122198e-16,shortlist
lband_short,447304,390905,MeerKAT:array_1:20250731T033944Z,Gaia_2543778940372354816,33,863.9559824764729,0.0,32.742058,60,0.9375,1,3.7895026055591203e-16,shortlist
lband_long,217673,33646046,MeerKAT:array_1:20250727T173737Z,Gaia_6053060898257979520,10,984.0157265365124,-0.04035220129820132,35.495483,64,1.0,1,3.9832750551066414e-16,shortlist
uhf_short,86998,34906135,MeerKAT:array_1:20250730T231157Z,Gaia_2682591153803051008,46,648.000045478344,-0.09411730654088994,58.181473,64,1.0,1,4.968643887680298e-16,shortlist
uhf_short,80515,34839860,MeerKAT:array_1:20250717T021511Z,Gaia_2682741271499860352,29,647.9600239992142,0.03422447510577816,38.6863,64,1.0,1,5.095054432914394e-16,shortlist
uhf_long,33686,1001619,MeerKAT:array_1:20250719T053812Z,Gaia_4669698042911946112,20,563.9465534090996,-0.006111513411746101,13.725864,63,0.984375,1,5.665864040947927e-16,shortlist
uhf_long,33810,1001772,MeerKAT:array_1:20250719T053812Z,Gaia_4669837921406834304,51,563.9465534090996,-0.006111513411746101,14.85823,63,0.984375,1,6.398258253035463e-16,shortlist
uhf_short,100204,35420898,MeerKAT:array_1:20250715T200216Z,Gaia_4426426147467949440,58,674.9928252696991,0.16256625675244626,2258.1584,63,0.984375,1,7.139673156078948e-16,shortlist
lband_long,217729,33646102,MeerKAT:array_1:20250727T173737Z,Gaia_6053088935807434880,23,984.0157265365124,-0.04035220129820132,34.721478,64,1.0,1,7.157626590143344e-16,shortlist
uhf_long,170524,1233817,MeerKAT:array_1:20250729T031818Z,Gaia_4668952986345275648,37,575.9639699459076,0.0,39.766308,64,1.0,1,7.283728274900473e-16,shortlist
uhf_short,100084,35420778,MeerKAT:array_1:20250715T200216Z,Gaia_4426369969295755904,18,674.9928252696991,0.16256625675244626,2293.551,63,0.984375,1,7.51597910822933e-16,shortlist
lband_short,402265,33506547,MeerKAT:array_1:20250711T103939Z,Gaia_4814735274566890112,57,983.9891028404236,0.04100304325462393,25.358156,63,0.984375,1,8.160050425241827e-16,shortlist
uhf_long,3891,69735,MeerKAT:array_1:20250707T173400Z,Gaia_6144686496365415296,25,551.9656726717949,0.0101858556862435,250.74313,64,1.0,1,1.0120324746571843e-15,shortlist
uhf_short,116737,403264,MeerKAT:array_1:20250731T230132Z,Gaia_2536589375572665344,55,551.9474792480469,0.00855611877644454,48.4093,64,1.0,1,1.0401285150958587e-15,shortlist
lband_long,321967,1425239,MeerKAT:array_1:20250714T053348Z,Gaia_4669776378819612160,62,911.9802257716656,0.005044025162275165,14.692679,63,0.984375,1,1.0883108324374948e-15,shortlist
lband_short,60677,1447595,MeerKAT:array_1:20250720T121928Z,ex_LEDA_942401,56,911.9909929186106,0.09225684732290385,13.807897,64,1.0,1,1.2668998747612108e-15,shortlist
lband_long,306149,807149,MeerKAT:array_1:20250706T085909Z,Gaia_3394082001402027264,36,887.9899668693542,0.005044025162275165,39.767284,64,1.0,1,1.470228730509427e-15,shortlist
uhf_long,67567,8757149,MeerKAT:array_1:20250707T173400Z,Gaia_6144310841346811520,56,599.9934083223343,-0.030557567058730504,5237.815,64,1.0,1,1.5674836461477783e-15,shortlist
lband_short,476516,1250439,MeerKAT:array_1:20250703T004724Z,Gaia_6891238575045536256,58,911.9900330752134,0.0,79.63419,64,1.0,1,1.696414746662917e-15,shortlist
uhf_short,191554,34539534,MeerKAT:array_1:20250720T034305Z,Gaia_6526543556097712128,19,644.3072566986084,0.01711223755288908,22.297758,38,0.59375,1,1.9324267909127913e-15,shortlist
uhf_long,67373,8756929,MeerKAT:array_1:20250707T173400Z,Gaia_6144623828501360384,12,599.9934083223343,-0.030557567058730504,5259.5933,64,1.0,1,2.1997327865426793e-15,shortlist
uhf_short,183562,33524766,MeerKAT:array_1:20250713T150856Z,Gaia_1456306763058105088,10,624.9994550943375,0.01711223755288908,296.29053,64,1.0,1,2.3809699011915276e-15,shortlist
uhf_long,177515,6166781,MeerKAT:array_1:20250729T055516Z,Gaia_4669781811954235904,45,587.9442275166512,-0.0040743422744974,48.912525,64,1.0,1,2.4679758510859572e-15,shortlist
uhf_long,3100,59738,MeerKAT:array_1:20250705T194745Z,ex_ASASSN-V_J195533.64-114710.5,19,544.0814960002899,0.0325947381959792,180.7069,64,1.0,1,2.4687686541754478e-15,shortlist
lband_long,321782,1425054,MeerKAT:array_1:20250714T053348Z,Gaia_4669718761834284288,15,911.9802257716656,0.005044025162275165,14.711574,63,0.984375,1,2.6594567895170536e-15,shortlist
sband_long,6847,1192746,MeerKAT:array_1:20250720T144220Z,Gaia_6440695642407425536,8,2237.5203093979508,0.03689299059152064,91.482666,59,0.921875,1,2.8462925652952685e-15,shortlist
uhf_long,111737,34623043,MeerKAT:array_1:20250705T060310Z,Gaia_6441442627414763904,1,649.9993411302567,0.014260197960740902,18.975384,64,1.0,1,3.694040511628088e-15,shortlist
lband_short,435707,16373,MeerKAT:array_1:20250702T234223Z,Gaia_6891319870186601728,21,864.0005099624395,0.0,33.46608,64,1.0,1,4.185577882969115e-15,shortlist
uhf_short,98102,35410283,MeerKAT:array_1:20250713T175609Z,Gaia_1456160046975185280,35,671.9842662811279,-0.07700506898800086,32.000164,64,1.0,1,4.261736637087563e-15,shortlist
uhf_short,164780,12888697,MeerKAT:array_1:20250723T211918Z,Gaia_2699007240363485568,19,599.9433320760727,0.0,45.98987,53,0.828125,1,4.690743077349816e-15,shortlist
lband_short,39254,820169,MeerKAT:array_1:20250709T050322Z,Gaia_4936961213357958144,8,887.9989992827177,-0.04100304325462393,56.594616,64,1.0,1,5.7741757319940134e-15,shortlist
uhf_long,54064,1898413,MeerKAT:array_1:20250705T174237Z,Gaia_6117459294230675072,17,587.9936653971672,-0.014260197960740902,45.58727,64,1.0,1,6.1167118741270485e-15,shortlist
uhf_long,67423,8756984,MeerKAT:array_1:20250707T173400Z,Gaia_6144688253010160128,23,599.9934083223343,-0.030557567058730504,5232.234,64,1.0,1,6.919454516337808e-15,shortlist
uhf_short,148404,1768386,MeerKAT:array_1:20250704T005510Z,Gaia_2682516898113056512,24,587.9864893555641,0.0,24.775553,64,1.0,1,6.926131150646595e-15,shortlist
lband_short,428287,34974631,MeerKAT:array_1:20250709T231329Z,Gaia_4216772438517935360,63,1031.9884874671698,-0.0615045648819359,102.57837,64,1.0,1,7.13094114976587e-15,shortlist
uhf_long,54072,1898421,MeerKAT:array_1:20250705T174237Z,Gaia_6117547358240796288,23,587.9936653971672,-0.014260197960740902,44.066814,64,1.0,1,7.197683435760699e-15,shortlist
sband_short,23647,413541,MeerKAT:array_1:20250701T174407Z,Gaia_3607225766418542080,17,2209.0859869495034,0.0,31.756798,55,1.0,1,7.302999567543792e-15,shortlist
uhf_long,228066,34865381,MeerKAT:array_1:20250720T052239Z,Gaia_4669057641811709440,20,652.1960002183914,0.0,43.185703,64,1.0,1,8.173285298450827e-15,shortlist
uhf_long,170580,1233893,MeerKAT:array_1:20250729T031818Z,Gaia_4669703403031184768,56,575.9639699459076,0.0,40.100037,64,1.0,1,8.554330897754639e-15,shortlist
uhf_long,287779,35578380,MeerKAT:array_1:20240925T231814Z,Gaia_2776245630111882624,16,937.4250997900963,0.0,559.5385,64,1.0,1,9.042262326881677e-15,shortlist
uhf_short,100072,35420766,MeerKAT:array_1:20250715T200216Z,Gaia_4426474762197643136,14,674.9928252696991,0.16256625675244626,2288.0232,63,0.984375,1,9.36705830786724e-15,shortlist
uhf_long,288515,35579116,MeerKAT:array_1:20240925T231814Z,Gaia_2776211132934501504,39,937.4250997900963,0.0,499.59012,64,1.0,1,1.0386162084940478e-14,shortlist
uhf_short,27537,1119105,MeerKAT:array_1:20250713T183111Z,Gaia_1315905519102979712,46,572.7153347730637,0.05989283143511178,172.97122,64,1.0,1,1.1218436856741395e-14,shortlist
uhf_long,111792,34623098,MeerKAT:array_1:20250705T060310Z,Gaia_6441475406605511808,56,649.9993411302567,0.014260197960740902,18.749855,64,1.0,1,1.1643441716295243e-14,shortlist
uhf_short,41643,4418539,MeerKAT:array_1:20250713T175609Z,Gaia_1456206123384366720,18,587.9872898459435,-0.06844895021155632,19.978813,64,1.0,1,1.2408499019482419e-14,shortlist
uhf_short,155059,4416304,MeerKAT:array_1:20250713T150856Z,Gaia_1468249314762596864,51,587.99333101511,0.0,29.562248,62,0.96875,1,1.4150831347297778e-14,shortlist
uhf_short,61960,33498398,MeerKAT:array_1:20250710T221658Z,Gaia_2682753190034103680,22,625.0007835030556,0.06844895021155632,253.6511,64,1.0,1,1.555049693471203e-14,shortlist
uhf_long,54079,1898428,MeerKAT:array_1:20250705T174237Z,Gaia_6120532875900739840,29,587.9936653971672,-0.014260197960740902,43.733627,64,1.0,1,1.6421057228215283e-14,shortlist
uhf_long,281731,35572332,MeerKAT:array_1:20240925T231814Z,Gaia_2776008410477939200,22,936.0115006566048,0.0,919.1242,64,1.0,1,1.653496491116207e-14,shortlist
uhf_long,6628,254780,MeerKAT:array_1:20250713T200741Z,Gaia_4148106047635280128,32,551.9788361787796,-0.040743422744974,87.59179,64,1.0,1,1.6573441369828132e-14,shortlist
uhf_long,3167,59836,MeerKAT:array_1:20250705T194745Z,Gaia_4189013682623108864,50,544.0814960002899,0.034631909333227906,180.90028,59,0.921875,1,1.99566182517719e-14,shortlist
uhf_long,209564,34807993,MeerKAT:array_1:20250713T211114Z,Gaia_4189274924014622208,15,647.2499393820763,0.0,33.767223,64,1.0,1,3.1254462628857085e-14,shortlist
uhf_short,62078,33498518,MeerKAT:array_1:20250710T221658Z,Gaia_2682518890977883008,59,625.0007835030556,0.06844895021155632,261.25168,64,1.0,1,3.3472518381242607e-14,shortlist
uhf_short,33680,1169924,MeerKAT:array_1:20250718T213759Z,Gaia_2699266140991975040,23,575.002034842968,0.02566835632933362,29.724003,64,1.0,1,3.682133403495301e-14,shortlist
uhf_long,54090,1898439,MeerKAT:array_1:20250705T174237Z,Gaia_6117559830825547392,38,587.9936653971672,-0.014260197960740902,45.667576,64,1.0,1,4.3402131232345024e-14,shortlist
uhf_long,76202,12811728,MeerKAT:array_1:20250722T002453Z,Gaia_6440997325205245696,6,601.35156083107,0.0101858556862435,7.210045,60,0.9375,1,5.0395927075843195e-14,shortlist
uhf_short,83314,34895302,MeerKAT:array_1:20250728T194227Z,Gaia_2682576516554504320,41,647.9757267832756,-0.06844895021155632,26.324104,64,1.0,1,5.1401418398699e-14,shortlist
lband_short,462903,971682,MeerKAT:array_1:20250712T073536Z,Gaia_2323521133259394816,40,887.9453102350235,-0.010250760813655982,21.859844,44,0.6875,1,5.543671287268602e-14,shortlist
lband_short,470711,1047409,MeerKAT:array_1:20250731T174502Z,Gaia_1315331024278093184,62,883.9789136499166,0.020501521627311965,18.399017,63,0.984375,1,5.644576825908526e-14,shortlist
uhf_long,212927,34841587,MeerKAT:array_1:20250717T054309Z,Gaia_4669812563919875200,22,647.9924793243408,-0.0020371711372487,253.27446,64,1.0,1,5.650204001668363e-14,shortlist
lband_long,83966,3548124,MeerKAT:array_1:20250711T071356Z,Gaia_4669699382941779584,62,934.475570037961,0.015132075486825495,24.142195,46,0.71875,1,6.565752302436594e-14,shortlist
uhf_long,212892,34841524,MeerKAT:array_1:20250717T054309Z,Gaia_4669819229709133568,13,647.9924793243408,-0.0020371711372487,271.12198,64,1.0,1,8.061294481068765e-14,shortlist
lband_short,37937,785256,MeerKAT:array_1:20250702T234223Z,Gaia_6891247508577496064,60,887.9659755676985,-0.0615045648819359,16.41261,51,0.796875,1,8.933285508612157e-14,shortlist
lband_short,28836,687640,MeerKAT:array_1:20250711T120252Z,Gaia_4814651230646919936,28,875.0017231702805,-0.15376141220483974,17.534523,64,1.0,1,9.065220709443277e-14,shortlist
uhf_long,54109,1898458,MeerKAT:array_1:20250705T174237Z,Gaia_6120570087497529856,55,587.9936653971672,-0.014260197960740902,44.938515,64,1.0,1,9.412392124652935e-14,shortlist
lband_short,469603,1040605,MeerKAT:array_1:20250731T051744Z,ex_LEDA_1156232,27,887.9896782785654,0.0,61.36421,64,1.0,1,1.1398297264230598e-13,shortlist
lband_short,442242,310827,MeerKAT:array_1:20250719T011200Z,ex_2dFGRS_TGS544Z257,26,863.990801513195,0.020501521627311965,77.68535,64,1.0,1,1.2686051428460402e-13,shortlist
lband_short,467329,1037419,MeerKAT:array_1:20250731T011340Z,Gaia_2546786658726438912,47,887.9779927432537,-0.020501521627311965,25.34161,64,1.0,1,1.3722419733392713e-13,shortlist
uhf_long,76012,12458411,MeerKAT:array_1:20250720T052239Z,Gaia_4669712783239780224,54,601.3528760671616,0.006111513411746101,98.991455,64,1.0,1,1.4853991562633984e-13,shortlist
lband_short,45954,1047265,MeerKAT:array_1:20250731T171238Z,Gaia_1315710183991116032,50,887.9782255291939,-0.04100304325462393,45.14122,64,1.0,1,1.5410957363318493e-13,shortlist
uhf_long,143884,35882026,MeerKAT:array_1:20240926T000251Z,Gaia_2775598086482554624,53,551.9937486052513,0.024446053646984402,20.332544,64,1.0,1,1.5874855668153186e-13,shortlist
uhf_short,197795,34897579,MeerKAT:array_1:20250729T041550Z,Gaia_6526710372625632000,21,647.9734904766083,-0.00855611877644454,39.190453,64,1.0,1,1.6455223822747445e-13,shortlist
lband_long,245140,35027762,MeerKAT:array_1:20250719T145228Z,Gaia_6440635826398336768,52,1031.989383533597,0.04035220129820132,131.85529,64,1.0,1,1.7988471451907947e-13,shortlist
sband_long,21112,347279,MeerKAT:array_1:20250724T180802Z,Gaia_5883220878933639936,16,2190.0949727278203,-0.005270427227360091,44.846718,46,0.71875,1,1.915624718404027e-13,shortlist
lband_long,245126,35027748,MeerKAT:array_1:20250719T145228Z,Gaia_6441457608260597632,38,1031.989383533597,0.04035220129820132,138.95049,64,1.0,1,1.9606398433722906e-13,shortlist
uhf_long,77795,12887370,MeerKAT:array_1:20250723T045553Z,Gaia_4662241395604614400,12,601.3517229557037,0.006111513411746101,159.49075,64,1.0,1,2.2554946292131218e-13,shortlist
lband_long,245136,35027758,MeerKAT:array_1:20250719T145228Z,Gaia_6441465270482505984,48,1031.989383533597,0.04035220129820132,135.6923,64,1.0,1,2.2614401905090177e-13,shortlist
uhf_short,187773,33611383,MeerKAT:array_1:20250720T043243Z,Gaia_6526755967998580608,30,624.9946237802505,0.00855611877644454,391.28546,64,1.0,1,2.464428470276401e-13,shortlist
lband_long,245147,35027769,MeerKAT:array_1:20250719T145228Z,Gaia_6440695509263955200,59,1031.989383533597,0.04035220129820132,133.80786,64,1.0,1,2.6213877508335534e-13,shortlist
uhf_short,102207,35450226,MeerKAT:array_1:20250718T213759Z,Gaia_2699050224396082304,19,675.0023885965347,0.03422447510577816,131.31615,64,1.0,1,3.055877796306589e-13,shortlist
uhf_short,161808,8318635,MeerKAT:array_1:20250706T010358Z,Gaia_2699270710837200256,56,599.9799945354462,0.00855611877644454,72.66935,64,1.0,1,3.3365406548688015e-13,shortlist
uhf_long,74304,11428111,MeerKAT:array_1:20250716T022312Z,ex_LEDA_313912,35,599.9988739490509,0.0631523052547097,356.29684,64,1.0,1,3.730612035082665e-13,shortlist
uhf_short,163279,9249968,MeerKAT:array_1:20250710T050136Z,ex_CRTS_J214743.1+072601,3,601.3519489169121,0.00855611877644454,361.69598,64,1.0,1,4.740962004459331e-13,shortlist
uhf_short,186404,33594755,MeerKAT:array_1:20250718T213759Z,Gaia_2698976625836345472,28,623.9929985404015,-0.00855611877644454,57.103085,64,1.0,1,6.378764149128504e-13,shortlist
lband_short,472177,1090159,MeerKAT:array_1:20250708T125143Z,Gaia_2973726439677154304,30,896.0883696973324,0.0,78.275345,64,1.0,1,6.817599087229844e-13,shortlist
uhf_short,156043,4454920,MeerKAT:array_1:20250714T001713Z,ex_LEDA_1201363,2,587.992234647274,0.01711223755288908,124.43418,64,1.0,1,7.597578448754705e-13,shortlist
uhf_long,162461,435750,MeerKAT:array_1:20250708T010310Z,ex_CRTS_J194340.2-640125,60,558.3989037871361,0.0,17.264479,38,0.59375,1,8.430846547112941e-13,shortlist
uhf_short,58174,33411386,MeerKAT:array_1:20250701T230223Z,ex_LEDA_1211625,10,623.9694327116013,-0.0427805938822227,123.277405,64,1.0,1,8.487145316401266e-13,shortlist
uhf_short,122164,993156,MeerKAT:array_1:20250717T021511Z,Gaia_2682587202433096192,27,563.9809917211533,0.0,18.8462,53,0.828125,1,9.3003654451184e-13,shortlist
lband_short,10711,397416,MeerKAT:array_1:20250731T164013Z,Gaia_1315586145335131392,2,863.9905479997396,-0.04100304325462393,33.78816,64,1.0,1,9.901945855642435e-13,shortlist
uhf_long,243751,35533063,MeerKAT:array_1:20240925T225556Z,Gaia_2776197148521051392,9,934.6208411455154,0.0,21.07965,64,1.0,1,9.957655583859988e-13,shortlist
lband_short,10749,397464,MeerKAT:array_1:20250731T164013Z,Gaia_1315525947073455872,14,863.9905479997396,-0.04100304325462393,32.344692,64,1.0,1,1.0526425988896976e-12,shortlist
uhf_short,186485,33594935,MeerKAT:array_1:20250718T213759Z,Gaia_2699252740693989504,7,625.0214158892632,0.01711223755288908,26.005213,64,1.0,1,1.1450971022309348e-12,shortlist
uhf_long,233766,34899082,MeerKAT:array_1:20250729T055516Z,Gaia_4669841799760636416,56,647.2235981822014,-0.0040743422744974,35.66074,64,1.0,1,1.2709149093441283e-12,shortlist
uhf_short,122222,993358,MeerKAT:array_1:20250717T021511Z,ex_2MASX_J22110941+0206236,58,563.9809917211533,0.0,21.61478,53,0.828125,1,1.3718404040155058e-12,shortlist
uhf_short,197713,34897448,MeerKAT:array_1:20250729T041550Z,J2329-4730,0,647.9734904766083,-0.00855611877644454,27.290983,64,1.0,1,1.4372662512616815e-12,shortlist
uhf_short,38372,2471233,MeerKAT:array_1:20250706T215041Z,Gaia_4426357187472970240,10,587.9638790488243,0.03422447510577816,18.10772,63,0.984375,1,1.4753196347241301e-12,shortlist
lband_short,222136,21172793,MeerKAT:array_1:20250708T092055Z,Gaia_2973829725050703488,63,950.3906696289778,0.14351065139118374,43.529026,34,0.53125,1,1.5608131165346492e-12,shortlist
uhf_short,195093,34875563,MeerKAT:array_1:20250722T231023Z,Gaia_2682594314898950144,60,647.2499403953552,0.0,66.086876,64,1.0,1,1.6014503095925756e-12,shortlist
uhf_long,113718,34642627,MeerKAT:array_1:20250707T175557Z,ex_ASASSN-V_J183225.44-242802.1,17,647.9948544502258,-0.022408882509735703,58.160976,64,1.0,1,1.671799325054307e-12,shortlist
uhf_long,281827,35572428,MeerKAT:array_1:20240925T231814Z,Gaia_2776194743339347712,25,936.0115006566048,0.0,893.6082,64,1.0,1,1.7394508337064688e-12,shortlist
lband_long,5329,82668,MeerKAT:array_1:20250708T085539Z,Gaia_2978911530355314304,9,863.9642575383186,0.015132075486825495,35.409607,64,1.0,1,1.8036808162180376e-12,shortlist
uhf_short,156172,4455086,MeerKAT:array_1:20250714T001713Z,Gaia_2682484634318594944,35,587.992234647274,0.01711223755288908,120.69847,64,1.0,1,1.874155949146257e-12,shortlist
lband_short,819515,2174448,MeerKAT:array_1:20250706T081304Z,Gaia_4802485237565267712,31,935.3821006715298,0.0,609.04126,52,0.8125,1,2.0815122919253894e-12,shortlist
lband_long,57699,1267034,MeerKAT:array_1:20250708T083640Z,Gaia_4669810914652429184,36,912.0899237543344,-0.015132075486825495,39.82228,64,1.0,1,2.4135048826754e-12,shortlist
uhf_short,112175,375899,MeerKAT:array_1:20250729T041550Z,Gaia_6528255323899629824,6,551.9811565876007,0.0,20.93513,45,0.703125,1,2.9657187916941705e-12,shortlist
lband_short,446392,389854,MeerKAT:array_1:20250731T025147Z,Gaia_2546826412943757824,57,863.9640901237726,0.0,48.107224,51,0.796875,1,3.2077568627970175e-12,shortlist
lband_short,449172,397079,MeerKAT:array_1:20250731T160749Z,Gaia_1315323190257756800,16,863.9905782938004,-0.020501521627311965,29.092781,64,1.0,1,3.2186695028456477e-12,shortlist
lband_short,528077,1536244,MeerKAT:array_1:20250701T080259Z,Gaia_2536494680133771392,30,935.3821006715298,0.0,445.42868,64,1.0,1,3.878532184001715e-12,shortlist
uhf_long,187539,33549848,MeerKAT:array_1:20250717T054309Z,Gaia_4669057470012951424,59,623.9988147616386,0.0,11.012482,63,0.984375,1,4.262165685034673e-12,shortlist
lband_short,449308,397243,MeerKAT:array_1:20250731T160749Z,Gaia_1315520861832162560,57,863.9905782938004,-0.020501521627311965,28.488855,64,1.0,1,4.766952430672872e-12,shortlist
lband_long,56690,1262032,MeerKAT:array_1:20250705T204042Z,Gaia_6440702003254489088,32,911.9650755524635,-0.015132075486825495,21.31965,64,1.0,1,6.151931767848019e-12,shortlist
uhf_long,103694,33709739,MeerKAT:array_1:20250705T060310Z,Gaia_6441466301274661120,9,629.9899674654007,0.0101858556862435,17.425093,64,1.0,1,6.436172793959483e-12,shortlist
uhf_short,156076,4454963,MeerKAT:array_1:20250714T001713Z,Gaia_2682497626595077632,10,587.992234647274,0.01711223755288908,127.81051,64,1.0,1,6.8203232045937285e-12,shortlist
lband_short,484865,1474012,MeerKAT:array_1:20250731T033944Z,Gaia_2546822152336210816,42,911.9535382986069,-0.010250760813655982,25.576157,47,0.734375,1,9.423670519321589e-12,shortlist
lband_short,429566,34984491,MeerKAT:array_1:20250711T120252Z,Gaia_4814707030860701440,47,1031.98883664608,0.03075228244096795,93.30173,64,1.0,1,1.1654588143735056e-11,shortlist
uhf_long,280462,35571063,MeerKAT:array_1:20240925T231814Z,Gaia_2776205360498472448,42,935.3445006608963,0.0,945.4553,64,1.0,1,1.3355171096236786e-11,shortlist
uhf_short,129505,1071248,MeerKAT:array_1:20250704T222921Z,Gaia_2698951882529529728,13,575.9777616858482,0.0,56.66538,58,0.90625,1,1.4466941410896225e-11,shortlist
uhf_short,57920,33405030,MeerKAT:array_1:20250731T230132Z,Gaia_2536603875382252416,32,615.6723458766937,0.05989283143511178,40.05755,64,1.0,1,1.4542397092536939e-11,shortlist
sband_long,35440,12719927,MeerKAT:array_1:20250720T125752Z,Gaia_4669709725223010432,17,2277.500950032845,0.005270427227360091,33.060986,64,1.0,1,1.51215400148288e-11,shortlist
uhf_long,133179,35417524,MeerKAT:array_1:20250715T130947Z,ex_ASASSN-V_J161227.51-602016.9,18,671.9669939279556,0.0631523052547097,26.602251,64,1.0,1,1.6263159401728742e-11,shortlist
lband_long,327240,1482577,MeerKAT:array_1:20250701T053744Z,ex_LEDA_309474,52,934.5926996320486,0.0,198.75995,64,1.0,1,1.7463524677719395e-11,shortlist
uhf_long,289107,35579708,MeerKAT:array_1:20240925T231814Z,Gaia_2776249783344808448,58,937.1606005430222,0.0,552.57306,64,1.0,1,1.8900668797356614e-11,shortlist
uhf_short,65453,33525700,MeerKAT:array_1:20250713T161348Z,Gaia_1456182999280465664,18,623.9703041315079,-0.07700506898800086,243.18358,64,1.0,1,2.0335154266883603e-11,shortlist
uhf_short,118492,434099,MeerKAT:array_1:20250707T024904Z,Gaia_2682524633349563776,46,560.044862985611,-0.01711223755288908,9.807717,58,0.90625,1,2.5934874331295507e-11,shortlist
uhf_long,93047,33464770,MeerKAT:array_1:20250705T192701Z,ex_ASASSN-V_J191813.73-321543.8,48,625.0019295215607,0.0631523052547097,528.2471,64,1.0,1,2.9074952432167308e-11,shortlist
uhf_long,103730,33709775,MeerKAT:array_1:20250705T060310Z,Gaia_6441472245509186048,45,629.9899674654007,0.0101858556862435,15.633057,64,1.0,1,3.003852213761853e-11,shortlist
uhf_short,168443,13649913,MeerKAT:array_1:20250730T204925Z,Gaia_2699034689498260608,54,599.9432317614555,0.00855611877644454,39.1579,59,0.921875,1,3.9886548043385935e-11,shortlist
uhf_long,185102,33377716,MeerKAT:array_1:20250723T043540Z,Gaia_4655087728109322624,12,615.6712728142738,0.0040743422744974,24.490593,64,1.0,1,4.0590641653035823e-11,shortlist
uhf_long,162275,421793,MeerKAT:array_1:20250705T060310Z,Gaia_6440615829030514432,38,558.3995522856712,0.0040743422744974,30.652056,64,1.0,1,4.2507410818892187e-11,shortlist
uhf_short,36273,1213599,MeerKAT:array_1:20250721T203933Z,Gaia_2682558099734709760,17,574.9934310913086,0.07700506898800086,677.64,64,1.0,1,4.7059726741503184e-11,shortlist
uhf_long,119947,34850889,MeerKAT:array_1:20250720T024534Z,Gaia_4669041771909360256,47,647.9948443174362,-0.006111513411746101,235.1304,43,0.671875,1,4.948329017281906e-11,shortlist
lband_long,225357,33869539,MeerKAT:array_1:20250713T100933Z,Gaia_3394124981138166656,15,999.9895790666342,-0.19671698132873144,930.9091,56,0.875,1,6.756804835737369e-11,shortlist
uhf_long,115568,34807844,MeerKAT:array_1:20250713T205023Z,Gaia_6756241877424479488,37,649.9967501759529,0.0651894763919584,45.743736,64,1.0,1,7.744610394931421e-11,shortlist
uhf_short,52607,15148143,MeerKAT:array_1:20250731T192546Z,Gaia_4426377940755073024,19,599.969635784626,-0.02566835632933362,45.26106,64,1.0,1,1.0282914725981963e-10,shortlist
uhf_short,65449,33525693,MeerKAT:array_1:20250713T161348Z,Gaia_1456188187600995840,17,623.9703041315079,-0.07700506898800086,235.7753,64,1.0,1,1.1855682019917736e-10,shortlist
lband_short,480745,1436897,MeerKAT:array_1:20250719T003939Z,ex_2dFGRS_TGS544Z257,26,911.9802177995443,-0.010250760813655982,38.731434,64,1.0,1,1.2992777536325655e-10,shortlist
lband_long,25215,702533,MeerKAT:array_1:20250714T053348Z,Gaia_4669719758266718592,58,875.0001319348812,0.07061635227185231,149.15852,64,1.0,1,1.6092338927356968e-10,shortlist
uhf_long,129712,35390675,MeerKAT:array_1:20250705T060310Z,Gaia_6440698258043044608,25,674.9791145920753,0.022408882509735703,153.64664,64,1.0,1,1.6576033736947073e-10,shortlist
lband_long,210902,33496006,MeerKAT:array_1:20250710T123913Z,Gaia_2894202852451334912,31,983.990206182003,0.09583647808322814,27.037188,64,1.0,1,1.6985090864298395e-10,shortlist
uhf_long,133209,35417573,MeerKAT:array_1:20250715T130947Z,ex_ASASSN-V_J161135.94-595828.8,33,671.9669939279556,0.0631523052547097,29.215363,64,1.0,1,1.7030964862830758e-10,shortlist
uhf_long,133153,35417479,MeerKAT:array_1:20250715T130947Z,ex_LEDA_2793282,5,671.9669939279556,0.0631523052547097,29.17728,64,1.0,1,2.0291613765454455e-10,shortlist
uhf_short,140195,1142305,MeerKAT:array_1:20250716T201432Z,Gaia_4429477292231746688,19,575.9945101737976,-0.01711223755288908,19.964586,58,0.90625,1,2.1213532434651112e-10,shortlist
uhf_long,2108,57741,MeerKAT:array_1:20250705T180344Z,Gaia_5820260300511914752,41,544.0813034772873,0.0366690804704766,91.96969,62,0.96875,1,2.2714488959258415e-10,shortlist
lband_short,123634,4834271,MeerKAT:array_1:20250719T110629Z,Gaia_2992778536646555520,8,924.9906686395407,-0.2357674987140876,39.688187,64,1.0,1,2.3512869775857e-10,shortlist
uhf_long,157507,300612,MeerKAT:array_1:20250718T015317Z,Gaia_4669690548195177344,31,544.0448953509331,-0.0040743422744974,11.763454,63,0.984375,1,2.3892078855297986e-10,shortlist
uhf_short,148977,1769139,MeerKAT:array_1:20250704T025554Z,Gaia_2682557687417843584,47,587.9897055029869,0.01711223755288908,28.498377,64,1.0,1,2.924767851445792e-10,shortlist
lband_short,480314,1436370,MeerKAT:array_1:20250719T000720Z,ex_2dFGRS_TGS544Z316,12,911.9992042034864,-0.010250760813655982,28.272018,64,1.0,1,2.9618757569641576e-10,shortlist
lband_long,45257,1008347,MeerKAT:array_1:20250720T114301Z,Gaia_4668930961752999936,51,887.991039916873,0.07566037743412748,44.50824,64,1.0,1,3.0854346321366467e-10,shortlist
lband_long,210910,33496014,MeerKAT:array_1:20250710T123913Z,Gaia_2894223983690381696,37,983.990206182003,0.09583647808322814,27.925825,64,1.0,1,4.291671821181385e-10,shortlist
lband_long,215458,33608104,MeerKAT:array_1:20250719T204244Z,Gaia_6441080785009795840,36,983.9891490787268,-0.06557232710957715,39.187065,35,0.546875,1,4.3093178349336364e-10,shortlist
uhf_short,10400,694157,MeerKAT:array_1:20250712T200859Z,ex_SDSS_J154852.28+054426.6,23,559.2503914833069,0.02566835632933362,20.823175,63,0.984375,1,4.318889613227221e-10,shortlist
lband_long,210874,33495978,MeerKAT:array_1:20250710T123913Z,Gaia_2894210411593744128,12,983.990206182003,0.09583647808322814,27.411936,64,1.0,1,4.3523628685146635e-10,shortlist
uhf_short,36255,1213581,MeerKAT:array_1:20250721T203933Z,Gaia_2682485222729533952,11,574.9934310913086,0.07700506898800086,662.44324,64,1.0,1,5.538742142874437e-10,shortlist
uhf_short,113441,379076,MeerKAT:array_1:20250729T173047Z,Gaia_6733408766146823424,5,548.0058038234711,0.0,19.849806,64,1.0,1,5.72394027279228e-10,shortlist
lband_long,231676,34454693,MeerKAT:array_1:20250711T071356Z,Gaia_4669717868481145088,45,1013.9991503506899,0.015132075486825495,6287.5464,64,1.0,1,7.122811689676664e-10,shortlist
uhf_short,73688,33616782,MeerKAT:array_1:20250720T194306Z,Gaia_4426437795419288448,59,623.970067024231,-0.1283417816466681,212.11223,61,0.953125,1,1.022726875535776e-09,shortlist
uhf_short,157924,4689188,MeerKAT:array_1:20250717T200827Z,Gaia_4426351964792700544,46,587.9919509291649,0.00855611877644454,28.515154,64,1.0,1,1.0383826164519316e-09,shortlist
lband_short,107613,3809902,MeerKAT:array_1:20250711T113506Z,Gaia_4814715586436813824,6,924.9905235469341,-0.1845136946458077,32.677578,64,1.0,1,1.160323627695531e-09,shortlist
uhf_long,54576,1899061,MeerKAT:array_1:20250705T184525Z,ex_ASASSN-V_J174610.43-154348.3,24,587.9936238527298,-0.006111513411746101,25.283857,64,1.0,1,1.2738992458341986e-09,shortlist
uhf_short,120116,739974,MeerKAT:array_1:20250720T034305Z,ex_LEDA_506058,44,560.0465166568756,-0.00855611877644454,26.279036,64,1.0,1,1.3105357538710888e-09,shortlist
uhf_short,141059,1156482,MeerKAT:array_1:20250717T220401Z,Gaia_2698983463424320640,11,572.7160096168518,0.00855611877644454,36.745846,46,0.71875,1,1.3157181423197427e-09,shortlist
uhf_short,36294,1213620,MeerKAT:array_1:20250721T203933Z,Gaia_2682514084909778176,24,574.9934310913086,0.07700506898800086,713.5719,64,1.0,1,1.4722921955147231e-09,shortlist
lband_short,56291,1249674,MeerKAT:array_1:20250702T234223Z,Gaia_6891227339411079936,57,911.9901207685471,-0.03075228244096795,22.65921,62,0.96875,1,1.4914469166954066e-09,shortlist
uhf_short,1891,335096,MeerKAT:array_1:20250722T231023Z,Gaia_2682469275515505536,43,544.0810329318047,0.02566835632933362,39.836166,34,0.53125,1,1.4919590581995265e-09,shortlist
lband_short,42161,991866,MeerKAT:array_1:20250716T163236Z,Gaia_3966684116430170752,9,887.9908693134785,-0.0615045648819359,54.803814,64,1.0,1,1.5500800788262061e-09,shortlist
uhf_short,161731,8318546,MeerKAT:array_1:20250706T010358Z,Gaia_2699436634013620992,47,600.1128070354462,0.00855611877644454,56.96462,64,1.0,1,1.5796955454942983e-09,shortlist
uhf_short,141083,1156506,MeerKAT:array_1:20250717T220401Z,Gaia_2699026550536375296,35,572.7160096168518,0.00855611877644454,37.915318,46,0.71875,1,1.6707169492816698e-09,shortlist
uhf_short,73409,33616503,MeerKAT:array_1:20250720T194306Z,Gaia_4426392887241275904,3,623.970067024231,-0.1283417816466681,219.92535,61,0.953125,1,1.877525954445145e-09,shortlist
sband_long,6787,1192582,MeerKAT:array_1:20250720T144220Z,ex_V0532_Pav,32,2232.501078862697,-0.03689299059152064,76.153366,64,1.0,1,1.9249256232249595e-09,shortlist
sband_long,6786,1192581,MeerKAT:array_1:20250720T144220Z,ex_NSV_12217,31,2232.501078862697,-0.03689299059152064,76.15029,64,1.0,1,1.9249256232249595e-09,shortlist
uhf_short,134490,1108084,MeerKAT:array_1:20250712T220135Z,Gaia_2699440924685186816,49,575.9778265357018,0.00855611877644454,46.404694,64,1.0,1,1.93374898645476e-09,shortlist
uhf_long,298956,35589557,MeerKAT:array_1:20240925T231814Z,Gaia_2776211132934501504,39,940.1906005144119,0.0,106.589836,53,0.828125,1,2.0630774429153117e-09,shortlist
uhf_short,191500,34508463,MeerKAT:array_1:20250717T220401Z,Gaia_2699005316217984896,46,644.3073144555092,0.01711223755288908,21.03797,64,1.0,1,2.301613259254005e-09,shortlist
uhf_long,116837,34828667,MeerKAT:array_1:20250715T124827Z,ex_2MASX_J13171155-0212040,63,648.5687087774277,-0.059077962980212305,67.25319,59,0.921875,1,2.4112351490262808e-09,shortlist
lband_short,34562,741952,MeerKAT:array_1:20250720T085044Z,Gaia_5096255296894495488,59,874.9916081428528,-0.21526597708677564,64.95371,64,1.0,1,2.645969102863679e-09,shortlist
lband_short,463577,997129,MeerKAT:array_1:20250718T233501Z,ex_2dFGRS_TGS544Z301,18,887.9555703550577,-0.020501521627311965,53.530937,64,1.0,1,3.28160292493314e-09,shortlist
uhf_long,96889,33538573,MeerKAT:array_1:20250715T130947Z,ex_ASASSN-V_J160746.95-595421.6,44,623.9693516492844,0.05704079184296361,228.29883,64,1.0,1,3.323104963575399e-09,shortlist
uhf_long,96885,33538555,MeerKAT:array_1:20250715T130947Z,ex_V0498_Nor,40,623.9693516492844,0.05704079184296361,211.14825,64,1.0,1,3.875377137698693e-09,shortlist
uhf_long,96884,33538551,MeerKAT:array_1:20250715T130947Z,ex_ASASSN-V_J160714.74-600731.2,39,623.9693516492844,0.05704079184296361,211.15437,64,1.0,1,3.875377137698693e-09,shortlist
uhf_short,112658,376491,MeerKAT:array_1:20250729T050525Z,Gaia_6526758029583018112,61,544.081362247467,0.01711223755288908,106.81103,53,0.828125,1,4.126093635363638e-09,shortlist
lband_long,409092,1782033,MeerKAT:array_1:20250704T121254Z,Gaia_4668963118171827840,7,934.5545912981033,0.0,30.332705,64,1.0,1,4.450339560988671e-09,shortlist
uhf_long,185119,33377735,MeerKAT:array_1:20250723T043540Z,Gaia_4654728948035186048,31,615.6712728142738,0.0040743422744974,24.724068,64,1.0,1,4.546532707173108e-09,shortlist
lband_short,178,6675,MeerKAT:array_1:20250701T191822Z,ex_CRTS_J160928.0+264533,37,863.9912447631359,-0.08200608650924786,20.599632,64,1.0,1,4.553066983340743e-09,shortlist
uhf_short,158367,4689741,MeerKAT:array_1:20250717T220401Z,Gaia_2699060360518923264,50,587.9933948516846,-0.00855611877644454,76.81337,64,1.0,1,5.504823298979045e-09,shortlist
uhf_short,157805,4689010,MeerKAT:array_1:20250717T200827Z,Gaia_4426384984501512320,5,587.9919509291649,0.00855611877644454,31.124392,64,1.0,1,6.106085567143457e-09,shortlist
lband_short,449524,397858,MeerKAT:array_1:20250731T171238Z,ex_LEDA_1794713,6,863.9904826283455,-0.010250760813655982,21.477098,64,1.0,1,6.948893407569768e-09,shortlist
lband_short,452036,426939,MeerKAT:array_1:20250706T070740Z,Gaia_4802472764980081792,4,872.0009593367577,0.0,10.961305,64,1.0,1,8.139475150200389e-09,shortlist
lband_short,462874,971610,MeerKAT:array_1:20250712T073536Z,Gaia_2323443617689644544,31,887.9453102350235,-0.010250760813655982,17.091242,44,0.6875,1,8.197059485462049e-09,shortlist
uhf_short,65102,33525271,MeerKAT:array_1:20250713T154120Z,Gaia_1456206466981745152,58,623.9859471321106,-0.02566835632933362,29.203972,64,1.0,1,1.0200608941498802e-08,shortlist
lband_short,2696,17007,MeerKAT:array_1:20250703T001453Z,Gaia_6891278982097925760,23,863.9572867155075,-0.07175532569559187,57.90872,64,1.0,1,1.057868997089072e-08,shortlist
uhf_long,243372,35531244,MeerKAT:array_1:20240926T000251Z,Gaia_2775617740252897536,3,863.9856318831444,-0.0040743422744974,16.164999,64,1.0,1,1.1236540260750939e-08,shortlist
lband_short,2984,17932,MeerKAT:array_1:20250703T011955Z,Gaia_6891250772752645248,7,863.9905129224062,-0.04100304325462393,52.869347,64,1.0,1,1.2345399422057463e-08,shortlist
uhf_long,243380,35531261,MeerKAT:array_1:20240926T000251Z,Gaia_2776009093377175040,11,863.9856318831444,-0.0040743422744974,14.56998,64,1.0,1,1.3533703369010979e-08,shortlist
lband_short,16834,429155,MeerKAT:array_1:20250706T114942Z,J0538-4405,0,874.9970435351133,-0.07175532569559187,27.377293,64,1.0,1,1.4004150721817252e-08,shortlist
uhf_long,7576,256064,MeerKAT:array_1:20250713T211114Z,Gaia_4189405044342529408,56,548.0335707068443,-0.012223026823492201,16.890312,59,0.921875,1,1.4166300516245803e-08,shortlist
uhf_long,243410,35531334,MeerKAT:array_1:20240926T000251Z,Gaia_2775613234831428608,43,863.9856318831444,-0.0040743422744974,16.256046,64,1.0,1,1.4792896904251032e-08,shortlist
uhf_long,33529,995865,MeerKAT:array_1:20250718T054018Z,Gaia_4668946664153500032,37,563.9465838074684,0.0081486845489948,14.486905,62,0.96875,1,1.636946880922791e-08,shortlist
uhf_short,135270,1109942,MeerKAT:array_1:20250713T002413Z,Gaia_2682469275515505536,20,576.040729880333,0.01711223755288908,73.39182,64,1.0,1,1.6677958753655703e-08,shortlist
uhf_long,243402,35531316,MeerKAT:array_1:20240926T000251Z,Gaia_2776193643827689344,35,863.9856318831444,-0.0040743422744974,15.410071,64,1.0,1,1.6802068309874367e-08,shortlist
uhf_short,141097,1156521,MeerKAT:array_1:20250717T220401Z,Gaia_2699060360518923264,50,572.7160096168518,0.00855611877644454,35.19816,46,0.71875,1,1.774177270612386e-08,shortlist
uhf_long,71135,11372618,MeerKAT:array_1:20250715T053823Z,Gaia_4669677805025991680,40,599.9632582068443,0.012223026823492201,56.438892,64,1.0,1,1.8265584008238017e-08,shortlist
uhf_short,151871,3514524,MeerKAT:array_1:20250710T221658Z,Gaia_2682536521818950784,42,587.9935823082924,-0.00855611877644454,36.12526,64,1.0,1,1.8339602448083466e-08,shortlist
uhf_short,18689,1077997,MeerKAT:array_1:20250706T215041Z,Gaia_4426351964792700544,28,572.7163997292519,0.0427805938822227,22.90595,55,0.859375,1,1.9574151765871715e-08,shortlist
uhf_long,20164,401924,MeerKAT:array_1:20250731T221802Z,Gaia_4669698420869082752,48,544.0823957920074,0.055003620705714906,198.3572,64,1.0,1,2.0032985941399684e-08,shortlist
uhf_long,107006,33912926,MeerKAT:array_1:20250723T030515Z,ex_ASASSN-V_J053432.98-694605.9,50,629.9891223907471,0.0325947381959792,18.925924,64,1.0,1,2.0306788030964712e-08,shortlist
uhf_short,89690,34992975,MeerKAT:array_1:20250713T154120Z,Gaia_1468188807263398016,43,658.6223177313805,0.02566835632933362,24.252514,63,0.984375,1,2.1939597350812314e-08,shortlist
lband_short,13817,422233,MeerKAT:array_1:20250705T144414Z,ex_ASASSN-V_J150037.90-391751.2,26,874.9912095367908,-0.14351065139118374,29.241245,64,1.0,1,2.2349199358187474e-08,shortlist
sband_short,28955,1055930,MeerKAT:array_1:20250701T174407Z,Gaia_3607233119403211008,25,2232.5004073791206,0.0,61.096783,55,1.0,1,2.783630093483098e-08,shortlist
uhf_long,63827,7198088,MeerKAT:array_1:20250702T175345Z,ex_GALEX_J140624.6-375959,8,599.9865697026253,-0.059077962980212305,380.42368,64,1.0,1,2.863041155800699e-08,shortlist
uhf_long,20321,402195,MeerKAT:array_1:20250731T221802Z,Gaia_4668924841423374464,17,551.9656848311424,0.0162973690979896,194.10619,62,0.96875,1,3.111792455143516e-08,shortlist
sband_short,28986,1055961,MeerKAT:array_1:20250701T174407Z,ex_LEDA_944715,47,2232.5004073791206,0.0,62.58684,55,1.0,1,3.230525352530388e-08,shortlist
lband_long,300967,678981,MeerKAT:array_1:20250711T071356Z,Gaia_4669059879491518848,59,874.9978901743889,-0.01008805032455033,52.68625,64,1.0,1,4.8206087572773704e-08,shortlist
uhf_short,155547,4416929,MeerKAT:array_1:20250713T154120Z,Gaia_1468253369211760000,23,592.0516348481178,0.0,26.24199,64,1.0,1,5.1389888140129574e-08,shortlist
uhf_short,155587,4416969,MeerKAT:array_1:20250713T154120Z,Gaia_1456203374605290880,63,592.0516348481178,0.0,20.673391,64,1.0,1,5.421846325032333e-08,shortlist
uhf_short,186009,33559733,MeerKAT:array_1:20250717T220401Z,Gaia_2699028715199798912,39,623.9929904341698,-0.00855611877644454,80.7759,64,1.0,1,5.951460070305658e-08,shortlist
uhf_long,30819,977805,MeerKAT:array_1:20250713T190328Z,Gaia_6120567991553466112,46,563.9649119973183,-0.012223026823492201,56.878204,64,1.0,1,6.380249848339901e-08,shortlist
uhf_long,154250,253680,MeerKAT:array_1:20250713T192439Z,Gaia_5820224360220575104,5,551.9656463265419,-0.0040743422744974,325.78186,64,1.0,1,6.458897684361174e-08,shortlist
lband_short,56107,1249392,MeerKAT:array_1:20250702T234223Z,ex_LEDA_954740,1,911.9901207685471,-0.03075228244096795,24.86819,62,0.96875,1,6.557745236172793e-08,shortlist
uhf_long,154266,253728,MeerKAT:array_1:20250713T192439Z,Gaia_5820292980935102208,21,551.9656463265419,-0.0040743422744974,319.95184,64,1.0,1,6.580076318632083e-08,shortlist
lband_long,241737,34968181,MeerKAT:array_1:20250708T085539Z,Gaia_2978888681127986688,38,1031.9881558269262,0.025220125811375827,128.29366,64,1.0,1,6.674594613999784e-08,shortlist
lband_long,84495,3835063,MeerKAT:array_1:20250711T164717Z,Gaia_6441454653323104640,2,924.9948396533728,0.18662893100418113,20.597498,64,1.0,1,6.989883807866558e-08,shortlist
uhf_short,36230,1213556,MeerKAT:array_1:20250721T203933Z,Gaia_2682559469829704960,2,575.000729739666,0.09411730654088994,64.75258,51,0.796875,1,7.189413690187919e-08,shortlist
lband_long,241643,34968020,MeerKAT:array_1:20250708T085539Z,Gaia_2978678635751304192,8,1031.9881558269262,0.025220125811375827,125.8109,64,1.0,1,8.26026562998999e-08,shortlist
lband_long,314060,1238609,MeerKAT:array_1:20250701T053744Z,Gaia_4668955047929628032,26,911.9649256765842,0.0,26.51837,63,0.984375,1,1.0090746023210837e-07,shortlist
uhf_long,242376,35421707,MeerKAT:array_1:20250716T012443Z,Gaia_4669816927606651136,59,671.9944659471512,-0.0040743422744974,11.203394,63,0.984375,1,1.024573855795024e-07,shortlist
uhf_long,95335,33530564,MeerKAT:array_1:20250713T202929Z,Gaia_4153228053794833536,22,624.996779024601,0.0835240166271967,307.96417,64,1.0,1,1.0286757885634626e-07,shortlist
lband_long,71058,1770253,MeerKAT:array_1:20250704T110253Z,Gaia_4669816927606651136,27,927.994744092226,0.06052830194730198,35.118427,64,1.0,1,1.0500669170461404e-07,shortlist
uhf_long,212173,34829643,MeerKAT:array_1:20250715T133052Z,Gaia_6226370181568148864,62,647.2499383687973,0.0,64.50353,64,1.0,1,1.0897241470814751e-07,shortlist
uhf_short,36293,1213619,MeerKAT:array_1:20250721T203933Z,Gaia_2682555041717977984,23,575.000729739666,0.09411730654088994,64.18433,51,0.796875,1,1.1261646537587876e-07,shortlist
uhf_long,12022,285928,MeerKAT:array_1:20250716T012443Z,ex_LEDA_176912,15,551.9477447271347,-0.014260197960740902,217.06215,64,1.0,1,1.1355991252607134e-07,shortlist
lband_short,27648,685970,MeerKAT:array_1:20250711T095125Z,Gaia_4790689711181745280,38,874.9920593649149,-0.16401217301849572,88.048225,64,1.0,1,1.161260416961304e-07,shortlist
uhf_long,160730,341497,MeerKAT:array_1:20250723T045553Z,Gaia_4663603278201852672,53,551.977364897728,-0.0020371711372487,139.43689,38,0.59375,1,1.191744667719756e-07,shortlist
uhf_long,12017,285923,MeerKAT:array_1:20250716T012443Z,ex_LEDA_307574,10,551.9477447271347,-0.014260197960740902,219.7069,64,1.0,1,1.1986113494639113e-07,shortlist
uhf_long,12066,285972,MeerKAT:array_1:20250716T012443Z,Gaia_4669816927606651136,59,551.9477447271347,-0.014260197960740902,314.51288,64,1.0,1,1.1986113494639113e-07,shortlist
lband_long,241799,34968288,MeerKAT:array_1:20250708T085539Z,Gaia_2978888646769666304,57,1031.9881558269262,0.025220125811375827,125.6801,64,1.0,1,1.2556143022864322e-07,shortlist
uhf_short,199144,34900938,MeerKAT:array_1:20250729T175426Z,ex_ASASSN-V_J183039.47-355100.3,32,647.9752870202065,0.0,30.23366,57,0.890625,1,1.2663005864240844e-07,shortlist
uhf_long,8416,260482,MeerKAT:array_1:20250714T162550Z,Gaia_4077525029020862080,24,551.947920024395,-0.0081486845489948,247.45302,64,1.0,1,1.2827951619292718e-07,shortlist
uhf_long,95337,33530566,MeerKAT:array_1:20250713T202929Z,Gaia_4153203898898570624,23,624.996779024601,0.0835240166271967,315.4005,64,1.0,1,1.2837430094737404e-07,shortlist
lband_short,291318,24677192,MeerKAT:array_1:20250711T110722Z,Gaia_4790682289478290944,28,960.0946640521288,-0.03075228244096795,61.960236,64,1.0,1,1.311484797410633e-07,shortlist
uhf_long,95299,33530528,MeerKAT:array_1:20250713T202929Z,Gaia_4153202318350278016,2,624.996779024601,0.0835240166271967,312.2876,64,1.0,1,1.3186232763362915e-07,shortlist
sband_short,28970,1055945,MeerKAT:array_1:20250701T174407Z,ex_2MASX_J13382813-1257355,37,2232.5004073791206,0.0,74.72231,55,1.0,1,1.3225757118903824e-07,shortlist
uhf_long,12047,285953,MeerKAT:array_1:20250716T012443Z,Gaia_4669812357761441792,40,551.9477447271347,-0.014260197960740902,224.35724,64,1.0,1,1.402219527522915e-07,shortlist
lband_short,423586,34919060,MeerKAT:array_1:20250701T141247Z,Gaia_3610250866504592000,53,1031.9902796000242,0.05125380406827991,139.8001,64,1.0,1,1.492182182459221e-07,shortlist
uhf_long,155006,260125,MeerKAT:array_1:20250714T160406Z,Gaia_6143880146324043008,40,551.9923664927483,0.0040743422744974,221.60222,64,1.0,1,1.6353278561499955e-07,shortlist
uhf_long,185090,33377704,MeerKAT:array_1:20250723T043540Z,LMCTIMING3f,0,615.6712728142738,0.0040743422744974,25.036667,64,1.0,1,1.9401052787321233e-07,shortlist
lband_short,72572,1999879,MeerKAT:array_1:20250706T040458Z,ex_SDSS_J002104.23+002331.1,5,924.9936454296112,0.05125380406827991,34.3453,64,1.0,1,1.987668935329583e-07,shortlist
uhf_short,104000,35469531,MeerKAT:array_1:20250721T203933Z,ex_ICRF_J221237.9+015251,50,675.0008575320244,0.09411730654088994,67.8654,32,0.5,1,2.1555883573692413e-07,shortlist
uhf_short,103850,35469381,MeerKAT:array_1:20250721T203933Z,J2212+0152,0,675.0008575320244,0.09411730654088994,67.863396,32,0.5,1,2.1555883573692413e-07,shortlist
lband_short,66796,1599743,MeerKAT:array_1:20250701T155031Z,Gaia_3610241413280937088,47,924.9861548244953,0.13325989057752777,20.483524,44,0.6875,1,2.3002669341538847e-07,shortlist
uhf_short,3817,372317,MeerKAT:array_1:20250728T194227Z,Gaia_2682525217465113472,43,544.0793944597244,0.0427805938822227,99.41782,64,1.0,1,2.3370398012620144e-07,shortlist
uhf_short,65692,33526050,MeerKAT:array_1:20250713T161348Z,Gaia_1468232100533713280,3,624.9918605685234,0.13689790042311265,507.761,64,1.0,1,2.5000591266123886e-07,shortlist
lband_long,209170,33483738,MeerKAT:array_1:20250708T085539Z,Gaia_2978880194273961216,49,983.9887074232101,0.025220125811375827,157.86066,64,1.0,1,2.5426596907725947e-07,shortlist
lband_short,153624,16008009,MeerKAT:array_1:20250701T151756Z,Gaia_3610247430530832384,6,959.9845260083675,0.2357674987140876,32.69094,64,1.0,1,2.610684932843114e-07,shortlist
uhf_short,65808,33526167,MeerKAT:array_1:20250713T161348Z,Gaia_1468332912006461440,27,624.9918605685234,0.13689790042311265,548.27954,64,1.0,1,2.7493098188568835e-07,shortlist
lband_short,153686,16008130,MeerKAT:array_1:20250701T151756Z,Gaia_3607225079224498304,15,959.9845260083675,0.2357674987140876,52.270123,64,1.0,1,2.784547718450361e-07,shortlist
uhf_long,95823,33531058,MeerKAT:array_1:20250713T211114Z,Gaia_4189245679581017728,48,623.9950919747353,-0.0162973690979896,62.574852,64,1.0,1,3.065419553630174e-07,shortlist
sband_short,28936,1055911,MeerKAT:array_1:20250701T174407Z,Gaia_3607205391094335744,9,2232.5004073791206,0.0,67.25019,55,1.0,1,3.279759127344141e-07,shortlist
sband_long,15463,12720128,MeerKAT:array_1:20250720T144220Z,Gaia_6440702656089506816,12,2277.4960834067315,-0.015811281682080274,54.199852,39,0.609375,1,3.426351785956771e-07,shortlist
uhf_short,161530,8318312,MeerKAT:array_1:20250706T010358Z,Gaia_2699423955270145024,25,600.0025146603584,0.01711223755288908,113.05493,64,1.0,1,4.021392930819727e-07,shortlist
lband_short,402589,33506887,MeerKAT:array_1:20250711T110722Z,Gaia_4790702974040744960,60,984.208773046732,0.15376141220483974,14.679289,63,0.984375,1,4.1935569250914463e-07,shortlist
uhf_short,79735,34638872,MeerKAT:array_1:20250706T010358Z,Gaia_2699270710837200256,56,649.9985862374306,0.05133671265866724,31.531399,64,1.0,1,4.433413471017404e-07,shortlist
uhf_short,199517,34901552,MeerKAT:array_1:20250729T181804Z,Gaia_6734191343551525504,40,647.9930183887482,0.0,209.99191,64,1.0,1,4.623478398275787e-07,shortlist
lband_long,325072,1476394,MeerKAT:array_1:20250731T130553Z,Gaia_5423629420873980928,20,909.9998280853033,0.0,26.527279,64,1.0,1,5.178428755769495e-07,shortlist
uhf_long,69803,11228606,MeerKAT:array_1:20250713T200741Z,Gaia_4148203075179771776,10,601.3514899015427,0.055003620705714906,174.4302,64,1.0,1,6.066758969201451e-07,shortlist
uhf_long,152992,72138,MeerKAT:array_1:20250708T010310Z,Gaia_6441470630601459328,47,551.9662005901337,-0.0020371711372487,67.99987,64,1.0,1,6.266520910919572e-07,shortlist
lband_long,18536,416117,MeerKAT:array_1:20250703T155221Z,Gaia_6440696643135328128,31,874.9924085438251,0.04035220129820132,16.571178,64,1.0,1,6.696064865073022e-07,shortlist
uhf_long,152814,71954,MeerKAT:array_1:20250708T010310Z,Gaia_6440627854938959488,1,551.9662005901337,-0.0020371711372487,68.04584,64,1.0,1,6.760808264713146e-07,shortlist
uhf_short,136956,1114378,MeerKAT:array_1:20250713T150856Z,Gaia_1468252269700122368,23,575.9974952936172,0.0,13.825351,63,0.984375,1,6.810192596873142e-07,shortlist
uhf_long,152984,72130,MeerKAT:array_1:20250708T010310Z,Gaia_6440651799380606464,45,551.9662005901337,-0.0020371711372487,67.15096,64,1.0,1,7.170557889657135e-07,shortlist
lband_short,402480,33506773,MeerKAT:array_1:20250711T110722Z,Gaia_4790696376970983040,37,983.976310774684,0.1230091297638718,37.40458,64,1.0,1,7.230541926645157e-07,shortlist
lband_short,140396,15329569,MeerKAT:array_1:20250701T062515Z,Gaia_2536491003641788672,32,959.9894288629293,0.03075228244096795,22.104801,53,0.828125,1,7.327496913232304e-07,shortlist
uhf_short,21432,1097623,MeerKAT:array_1:20250711T023810Z,Gaia_2682490548488997760,35,572.7159680724144,0.02566835632933362,43.31137,64,1.0,1,7.829286569587195e-07,shortlist
uhf_long,62482,6150166,MeerKAT:array_1:20250723T022503Z,ex_BSDL_1723,16,587.0346556305885,0.024446053646984402,191.35107,64,1.0,1,8.848266591352697e-07,shortlist
uhf_long,148508,35901454,MeerKAT:array_1:20240926T000251Z,Gaia_2776019852270866432,24,743.9876787662506,-0.0162973690979896,10.604236,64,1.0,1,8.999809110367481e-07,shortlist
lband_short,397938,33487095,MeerKAT:array_1:20250708T112920Z,Gaia_2973741317443750272,21,983.9891012459993,0.04100304325462393,57.328148,57,0.890625,1,9.49082737380955e-07,shortlist
lband_short,485687,1474942,MeerKAT:array_1:20250731T051744Z,ex_SDSS_J002236.37+003432.8,10,911.9535048156977,-0.020501521627311965,33.611553,64,1.0,1,1.0138474864382432e-06,shortlist
lband_short,401245,33505074,MeerKAT:array_1:20250711T092345Z,Gaia_4814707546258049024,49,983.9990042150021,0.08200608650924786,66.77258,64,1.0,1,1.201900003397214e-06,shortlist
sband_long,14009,5684673,MeerKAT:array_1:20250720T144220Z,Gaia_6441063708219822464,50,2255.9957855846733,0.05270427227360091,298.74063,64,1.0,1,1.2275454295128808e-06,shortlist
lband_short,407498,33613865,MeerKAT:array_1:20250720T082308Z,Gaia_5096290653065248512,42,983.9922725558281,0.04100304325462393,10.045529,62,0.96875,1,1.2885599052403127e-06,shortlist
lband_short,814879,2169578,MeerKAT:array_1:20250706T081304Z,Gaia_4802445826945172608,54,934.5667168945074,0.0,19.16148,60,0.9375,1,1.5534683991966153e-06,shortlist
lband_short,427653,34971692,MeerKAT:array_1:20250708T115647Z,Gaia_2973934384813570304,47,1031.9886644482613,0.0615045648819359,88.01425,64,1.0,1,1.5931347771100021e-06,shortlist
lband_short,7700,313067,MeerKAT:array_1:20250719T023034Z,Gaia_2311986633513379584,63,863.9990988969803,-0.03075228244096795,41.21082,64,1.0,1,1.6548250083080526e-06,shortlist
lband_short,427661,34971713,MeerKAT:array_1:20250708T115647Z,Gaia_2973726641538374784,55,1031.9886644482613,0.0615045648819359,82.90745,64,1.0,1,1.65797534419127e-06,shortlist
uhf_long,69801,11228604,MeerKAT:array_1:20250713T200741Z,Gaia_4124082332708621312,8,601.3514899015427,0.055003620705714906,174.35939,64,1.0,1,1.6655501553927132e-06,shortlist
uhf_long,243416,35531349,MeerKAT:array_1:20240926T000251Z,Gaia_2776266864430144256,49,863.9856318831444,-0.0040743422744974,14.822517,64,1.0,1,1.7124480194008155e-06,shortlist
lband_short,482077,1438401,MeerKAT:array_1:20250719T023034Z,ex_2dFGRS_TGS544Z316,12,911.9990479499102,-0.020501521627311965,50.544758,64,1.0,1,1.8298062245178875e-06,shortlist
uhf_short,3783,372249,MeerKAT:array_1:20250728T194227Z,ex_LEDA_1216524,9,544.0793944597244,0.0427805938822227,102.41173,64,1.0,1,2.1636631310046374e-06,shortlist
uhf_long,76442,12885244,MeerKAT:array_1:20250723T012407Z,Gaia_4655251387896363264,33,601.3514726758003,0.0325947381959792,136.19362,64,1.0,1,2.1928024121141888e-06,shortlist
uhf_long,20359,402309,MeerKAT:array_1:20250731T221802Z,Gaia_4669676946032534400,55,551.9656848311424,0.0162973690979896,239.47661,62,0.96875,1,2.2192107958441955e-06,shortlist
lband_long,317972,1267636,MeerKAT:array_1:20250708T085539Z,Gaia_2978902008410698240,19,912.0899046212435,-0.01008805032455033,102.272705,64,1.0,1,2.424363099687494e-06,shortlist
lband_short,454480,445021,MeerKAT:array_1:20250708T131910Z,Gaia_2973935411308690432,11,872.086004331708,0.020501521627311965,27.507332,64,1.0,1,2.4843496609247434e-06,shortlist
lband_short,393772,33467769,MeerKAT:array_1:20250706T043733Z,Gaia_2546811947493867904,50,983.9888700544834,-0.03075228244096795,26.310371,64,1.0,1,2.4905688615726836e-06,shortlist
lband_short,463856,997469,MeerKAT:array_1:20250719T000720Z,ex_LEDA_653481,16,887.9656694382429,-0.020501521627311965,32.617306,64,1.0,1,2.617405531439115e-06,shortlist
lband_long,21715,446822,MeerKAT:array_1:20250708T233639Z,ex_PSR_J2241-5236,23,874.9975776672363,0.08070440259640264,36.53351,64,1.0,1,2.6270208413423755e-06,shortlist
lband_long,21692,446799,MeerKAT:array_1:20250708T233639Z,J2241-5236,0,874.9975776672363,0.08070440259640264,36.534763,64,1.0,1,2.6270208413423755e-06,shortlist
sband_long,26748,1054055,MeerKAT:array_1:20250701T163235Z,Gaia_6440702621729761408,1,2241.744055179879,0.0,109.80781,64,1.0,1,2.78686880236077e-06,shortlist
uhf_long,16714,338949,MeerKAT:array_1:20250723T022503Z,ex_BSDL_1897,51,551.9864985942841,-0.012223026823492201,369.83072,64,1.0,1,2.793693868928694e-06,shortlist
uhf_long,16660,338868,MeerKAT:array_1:20250723T022503Z,ex_NGC_1971,24,551.9864985942841,-0.012223026823492201,391.43445,64,1.0,1,2.828250416690897e-06,shortlist
lband_long,100374,6263904,MeerKAT:array_1:20250731T144023Z,Gaia_1468204131706712704,48,924.9955523610115,0.04035220129820132,33.705063,64,1.0,1,2.929398097182339e-06,shortlist
uhf_long,152918,72062,MeerKAT:array_1:20250708T010310Z,Gaia_6441019521596217472,28,551.9662005901337,-0.0020371711372487,68.546524,64,1.0,1,3.0241155129251556e-06,shortlist
uhf_long,16730,338973,MeerKAT:array_1:20250723T022503Z,ex_OGLE-CL_LMC_518,59,551.9864985942841,-0.012223026823492201,387.65628,64,1.0,1,3.211764035186868e-06,shortlist
uhf_long,16716,338952,MeerKAT:array_1:20250723T022503Z,ex_OGLE-CL_LMC_508,52,551.9864985942841,-0.012223026823492201,355.69513,64,1.0,1,3.2377167481789735e-06,shortlist
sband_long,26763,1054070,MeerKAT:array_1:20250701T163235Z,Gaia_6440692588686135424,16,2241.7440535500646,0.005270427227360091,85.680016,64,1.0,1,3.245960465069601e-06,shortlist
uhf_long,16704,338934,MeerKAT:array_1:20250723T022503Z,ex_BSDL_1874,46,551.9864985942841,-0.012223026823492201,356.79492,64,1.0,1,3.301656678773928e-06,shortlist
uhf_long,106657,33912564,MeerKAT:array_1:20250723T012407Z,Gaia_4655167172163955712,16,629.9868485927582,0.0366690804704766,32.95048,64,1.0,1,3.3137352908817486e-06,shortlist
uhf_long,16650,338853,MeerKAT:array_1:20250723T022503Z,ex_OGLE-CL_LMC_475,19,551.9864985942841,-0.012223026823492201,352.963,64,1.0,1,3.3451502588565764e-06,shortlist
uhf_long,16718,338955,MeerKAT:array_1:20250723T022503Z,ex_BSDL_1906,53,551.9864985942841,-0.012223026823492201,380.41898,64,1.0,1,3.353659073929073e-06,shortlist
sband_long,26752,1054059,MeerKAT:array_1:20250701T163235Z,Gaia_6440706813617922432,5,2241.744055179879,0.0,121.71598,64,1.0,1,3.4245789645462436e-06,shortlist
uhf_short,110404,345778,MeerKAT:array_1:20250723T234200Z,Gaia_2682781747271676672,3,551.965616941452,0.0,294.6361,64,1.0,1,3.4791328288318845e-06,shortlist
uhf_short,110494,345899,MeerKAT:array_1:20250723T234200Z,Gaia_2682777761542013952,18,551.965616941452,0.0,243.13628,64,1.0,1,3.4895989947495695e-06,shortlist
uhf_long,16628,338820,MeerKAT:array_1:20250723T022503Z,ex_BSDL_1680,8,551.9864985942841,-0.012223026823492201,354.15085,64,1.0,1,3.5604508536164523e-06,shortlist
uhf_long,16632,338826,MeerKAT:array_1:20250723T022503Z,ex_OGLE-CL_LMC_469,10,551.9864985942841,-0.012223026823492201,381.16324,64,1.0,1,3.56160568583778e-06,shortlist
uhf_long,16678,338895,MeerKAT:array_1:20250723T022503Z,ex_BSDL_1789,33,551.9864985942841,-0.012223026823492201,342.53604,64,1.0,1,3.5742526638323858e-06,shortlist
uhf_short,192611,34638314,MeerKAT:array_1:20250706T010358Z,Gaia_2698994316807318656,21,647.9750803112984,0.0,33.96381,64,1.0,1,3.5923801123749903e-06,shortlist
lband_short,7632,312960,MeerKAT:array_1:20250719T023034Z,Gaia_2311965330475905152,46,863.9990988969803,-0.03075228244096795,41.054844,64,1.0,1,3.669903581879189e-06,shortlist
uhf_long,16670,338883,MeerKAT:array_1:20250723T022503Z,ex_BSDL_1772,29,551.9864985942841,-0.012223026823492201,381.79282,64,1.0,1,3.7634856698625185e-06,shortlist
uhf_long,16646,338847,MeerKAT:array_1:20250723T022503Z,ex_BSDL_1715,17,551.9864985942841,-0.012223026823492201,377.9631,64,1.0,1,3.7634856698625185e-06,shortlist
uhf_short,105921,63018,MeerKAT:array_1:20250706T010358Z,Gaia_2699055648938660608,59,551.9787713289261,0.0,167.43828,64,1.0,1,3.984160062602847e-06,shortlist
lband_short,284022,24454847,MeerKAT:array_1:20250711T095125Z,Gaia_4814711635066895488,4,959.9892072379589,0.05125380406827991,53.179222,64,1.0,1,3.997622892170115e-06,shortlist
uhf_long,16652,338856,MeerKAT:array_1:20250723T022503Z,ex_KMK88_56,20,551.9864985942841,-0.012223026823492201,353.39166,64,1.0,1,4.005711064718658e-06,shortlist
uhf_short,117381,414831,MeerKAT:array_1:20250702T005726Z,Gaia_2682489616480700288,32,558.3986737728119,0.00855611877644454,232.30276,64,1.0,1,4.0095594209548605e-06,shortlist
uhf_long,16724,338964,MeerKAT:array_1:20250723T022503Z,ex_[SL63]_504,56,551.9864985942841,-0.012223026823492201,384.63217,64,1.0,1,4.011428209390369e-06,shortlist
sband_long,26774,1054081,MeerKAT:array_1:20250701T163235Z,Gaia_6440708119287928320,27,2241.744055179879,0.0,95.4705,64,1.0,1,4.021538037318763e-06,shortlist
lband_short,402036,33506284,MeerKAT:array_1:20250711T103939Z,Gaia_4814710088878680704,18,983.9995335638523,0.15376141220483974,32.727707,64,1.0,1,4.12936990879344e-06,shortlist
uhf_long,16640,338838,MeerKAT:array_1:20250723T022503Z,ex_OGLE-CL_LMC_472,14,551.9864985942841,-0.012223026823492201,357.64542,64,1.0,1,4.164265225453267e-06,shortlist
uhf_long,16668,338880,MeerKAT:array_1:20250723T022503Z,ex_KMK88_57,28,551.9864985942841,-0.012223026823492201,361.6714,64,1.0,1,4.1761196694348555e-06,shortlist
uhf_long,16622,338811,MeerKAT:array_1:20250723T022503Z,ex_OGLE-CL_LMC_466,5,551.9864985942841,-0.012223026823492201,368.6865,64,1.0,1,4.188242877063438e-06,shortlist
uhf_long,16624,338814,MeerKAT:array_1:20250723T022503Z,ex_OGLE-CL_LMC_467,6,551.9864985942841,-0.012223026823492201,379.67877,64,1.0,1,4.188242877063438e-06,shortlist
uhf_long,16738,338985,MeerKAT:array_1:20250723T022503Z,ex_OGLE-CL_LMC_523,63,551.9864985942841,-0.012223026823492201,344.01718,64,1.0,1,4.350445588028694e-06,shortlist
uhf_long,16666,338877,MeerKAT:array_1:20250723T022503Z,ex_BSDL_1790,27,551.9864985942841,-0.012223026823492201,359.8371,64,1.0,1,4.396148897539289e-06,shortlist
lband_long,100358,6263888,MeerKAT:array_1:20250731T144023Z,Gaia_1468182004035197312,32,924.9955523610115,0.04035220129820132,31.384005,64,1.0,1,4.408686639968729e-06,shortlist
uhf_long,16720,338958,MeerKAT:array_1:20250723T022503Z,ex_BSDL_1908,54,551.9864985942841,-0.012223026823492201,345.69196,64,1.0,1,4.431897118824046e-06,shortlist
uhf_long,16634,338829,MeerKAT:array_1:20250723T022503Z,ex_BSDL_1707,11,551.9864985942841,-0.012223026823492201,371.5335,64,1.0,1,4.4578063655395795e-06,shortlist
lband_long,241282,34965584,MeerKAT:array_1:20250706T180055Z,Gaia_5938852220262081024,33,1031.988552838564,-0.03026415097365099,18.61039,64,1.0,1,4.4641438981102455e-06,shortlist
uhf_long,16686,338907,MeerKAT:array_1:20250723T022503Z,ex_BSDL_1805,37,551.9864985942841,-0.012223026823492201,358.90082,64,1.0,1,4.4651562718652614e-06,shortlist
lband_short,417749,34451717,MeerKAT:array_1:20250710T004923Z,Gaia_4216956744153174016,60,1007.991995960474,-0.03075228244096795,27.199085,64,1.0,1,4.47124803769725e-06,shortlist
uhf_long,16636,338832,MeerKAT:array_1:20250723T022503Z,ex_BSDL_1712,12,551.9864985942841,-0.012223026823492201,369.70694,64,1.0,1,4.484174737901784e-06,shortlist
uhf_long,16664,338874,MeerKAT:array_1:20250723T022503Z,ex_BSDL_1768,26,551.9864985942841,-0.012223026823492201,381.99908,64,1.0,1,4.642301595207588e-06,shortlist
uhf_long,16656,338862,MeerKAT:array_1:20250723T022503Z,ex_OGLE-CL_LMC_478,22,551.9864985942841,-0.012223026823492201,365.3529,64,1.0,1,4.732225502007528e-06,shortlist
uhf_long,16642,338841,MeerKAT:array_1:20250723T022503Z,ex_BSDL_1719,15,551.9864985942841,-0.012223026823492201,369.2408,64,1.0,1,4.767738457374825e-06,shortlist
uhf_long,16626,338817,MeerKAT:array_1:20250723T022503Z,ex_BSDL_1681,7,551.9864985942841,-0.012223026823492201,359.07486,64,1.0,1,4.767738457374825e-06,shortlist
uhf_long,16736,338982,MeerKAT:array_1:20250723T022503Z,ex_BSDL_1945,62,551.9864985942841,-0.012223026823492201,363.12228,64,1.0,1,4.8898171849566795e-06,shortlist
uhf_long,16684,338904,MeerKAT:array_1:20250723T022503Z,ex_OGLE-CL_LMC_492,36,551.9864985942841,-0.012223026823492201,368.862,64,1.0,1,4.910755954061046e-06,shortlist
sband_long,13873,5684356,MeerKAT:array_1:20250720T144220Z,Gaia_6441068101970626176,10,2255.9957855846733,0.05270427227360091,324.75192,64,1.0,1,4.924985519820666e-06,shortlist
uhf_long,16732,338976,MeerKAT:array_1:20250723T022503Z,ex_OGLE-CL_LMC_517,60,551.9864985942841,-0.012223026823492201,381.34717,64,1.0,1,4.94939105316961e-06,shortlist
uhf_long,16630,338823,MeerKAT:array_1:20250723T022503Z,ex_OGLE-CL_LMC_468,9,551.9864985942841,-0.012223026823492201,364.4583,64,1.0,1,4.94939105316961e-06,shortlist
uhf_long,16616,338802,MeerKAT:array_1:20250723T022503Z,ex_OGLE-CL_LMC_463,2,551.9864985942841,-0.012223026823492201,350.05222,64,1.0,1,5.003050974864784e-06,shortlist
uhf_long,16612,338796,MeerKAT:array_1:20250723T022503Z,LMCTIMING3c,0,551.9864985942841,-0.012223026823492201,374.63522,64,1.0,1,5.003050974864784e-06,shortlist
uhf_long,16728,338970,MeerKAT:array_1:20250723T022503Z,ex_BSDL_1928,58,551.9864985942841,-0.012223026823492201,389.89844,64,1.0,1,5.003050974864784e-06,shortlist
uhf_long,16688,338910,MeerKAT:array_1:20250723T022503Z,ex_OGLE-CL_LMC_494,38,551.9864985942841,-0.012223026823492201,359.45508,64,1.0,1,5.065235057138081e-06,shortlist
uhf_long,16680,338898,MeerKAT:array_1:20250723T022503Z,ex_OGLE-CL_LMC_490,34,551.9864985942841,-0.012223026823492201,372.35123,64,1.0,1,5.094787777695223e-06,shortlist
uhf_long,16662,338871,MeerKAT:array_1:20250723T022503Z,ex_NGC_1972,25,551.9864985942841,-0.012223026823492201,376.37955,64,1.0,1,5.1296702397049876e-06,shortlist
uhf_long,77511,12887016,MeerKAT:array_1:20250723T043540Z,Gaia_4655130750836536576,7,601.3517138361931,0.006111513411746101,161.5361,64,1.0,1,5.217606908857721e-06,shortlist
uhf_long,16658,338865,MeerKAT:array_1:20250723T022503Z,ex_OGLE-CL_LMC_479,23,551.9864985942841,-0.012223026823492201,360.61655,64,1.0,1,5.2395525347279915e-06,shortlist
uhf_long,16700,338928,MeerKAT:array_1:20250723T022503Z,ex_OGLE-CL_LMC_500,44,551.9864985942841,-0.012223026823492201,392.47244,64,1.0,1,5.295499888063632e-06,shortlist
uhf_long,16654,338859,MeerKAT:array_1:20250723T022503Z,ex_NGC_1969,21,551.9864985942841,-0.012223026823492201,395.3262,64,1.0,1,5.29997764681464e-06,shortlist
uhf_short,198903,34900566,MeerKAT:array_1:20250729T173047Z,Gaia_6734206771074309760,11,649.9965191483498,0.01711223755288908,43.56471,64,1.0,1,5.300894987686954e-06,shortlist
uhf_long,16696,338922,MeerKAT:array_1:20250723T022503Z,ex_BSDL_1858,42,551.9864985942841,-0.012223026823492201,362.26852,64,1.0,1,5.364548575918426e-06,shortlist
lband_long,241287,34965589,MeerKAT:array_1:20250706T180055Z,Gaia_5938850605354571648,38,1031.988552838564,-0.03026415097365099,18.60039,64,1.0,1,5.373622708154556e-06,shortlist
lband_long,241312,34965614,MeerKAT:array_1:20250706T180055Z,Gaia_5938669971885140992,63,1031.988552838564,-0.03026415097365099,19.62366,64,1.0,1,5.385512835931623e-06,shortlist
uhf_short,105938,63037,MeerKAT:array_1:20250706T010358Z,Gaia_2699248789324060544,61,551.9787713289261,0.0,158.02751,64,1.0,1,5.4158496436562494e-06,shortlist
uhf_long,16706,338937,MeerKAT:array_1:20250723T022503Z,ex_OGLE-CL_LMC_503,47,551.9864985942841,-0.012223026823492201,374.50143,64,1.0,1,5.497260278713671e-06,shortlist
lband_long,241256,34965558,MeerKAT:array_1:20250706T180055Z,Gaia_5938852181570700160,7,1031.988552838564,-0.03026415097365099,20.093187,64,1.0,1,5.550869198852814e-06,shortlist
uhf_short,52359,13651824,MeerKAT:array_1:20250730T231157Z,Gaia_2682527038531164928,51,599.9769040346146,-0.0427805938822227,30.342995,64,1.0,1,5.600624733541437e-06,shortlist
uhf_long,16644,338844,MeerKAT:array_1:20250723T022503Z,ex_BSDL_1723,16,551.9864985942841,-0.012223026823492201,368.02847,64,1.0,1,5.605239653011075e-06,shortlist
uhf_long,16702,338931,MeerKAT:array_1:20250723T022503Z,ex_KMK88_58,45,551.9864985942841,-0.012223026823492201,402.41846,64,1.0,1,5.693226298803599e-06,shortlist
lband_long,241278,34965580,MeerKAT:array_1:20250706T180055Z,Gaia_5938654445628471424,29,1031.988552838564,-0.03026415097365099,19.894127,64,1.0,1,5.799043831490352e-06,shortlist
uhf_long,16734,338979,MeerKAT:array_1:20250723T022503Z,ex_KMK88_59,61,551.9864985942841,-0.012223026823492201,380.1769,64,1.0,1,5.946319573070171e-06,shortlist
uhf_long,20311,402165,MeerKAT:array_1:20250731T221802Z,Gaia_4669827304247693696,7,551.9656848311424,0.0162973690979896,146.79778,62,0.96875,1,6.216973172303171e-06,shortlist
uhf_long,16712,338946,MeerKAT:array_1:20250723T022503Z,ex_OGLE-CL_LMC_506,50,551.9864985942841,-0.012223026823492201,380.0988,64,1.0,1,6.4049704018235e-06,shortlist
uhf_long,16614,338799,MeerKAT:array_1:20250723T022503Z,ex_OGLE-CL_LMC_462,1,551.9864985942841,-0.012223026823492201,374.2984,64,1.0,1,6.5622782641242315e-06,shortlist
lband_long,30887,774004,MeerKAT:array_1:20250701T085314Z,Gaia_4669832630007089024,35,887.9787485003471,0.04035220129820132,31.063961,64,1.0,1,7.08313809947537e-06,shortlist
uhf_long,243415,35531347,MeerKAT:array_1:20240926T000251Z,Gaia_2776001504170515968,48,863.9856318831444,-0.0040743422744974,16.420713,64,1.0,1,7.15625365327427e-06,shortlist
sband_long,26761,1054068,MeerKAT:array_1:20250701T163235Z,Gaia_6440708222367129344,14,2241.7440535500646,0.005270427227360091,101.85882,64,1.0,1,7.164896568820138e-06,shortlist
lband_short,402006,33506248,MeerKAT:array_1:20250711T103939Z,Gaia_4790680983808219776,13,983.9995335638523,0.15376141220483974,31.91676,64,1.0,1,7.6003195148826085e-06,shortlist
sband_long,28666,1207775,MeerKAT:array_1:20250720T184620Z,Gaia_6440696643135328128,26,2232.8176687005907,0.0,68.96745,64,1.0,1,8.436982223816327e-06,shortlist
lband_long,30827,773933,MeerKAT:array_1:20250701T085314Z,Gaia_4669731749815407360,23,887.9787485003471,0.04035220129820132,30.099953,64,1.0,1,8.574711611326361e-06,shortlist
uhf_short,142600,1187282,MeerKAT:array_1:20250720T034305Z,Gaia_6528251677471181440,10,576.0478451251984,0.0,196.42311,48,0.75,1,9.38136546372155e-06,shortlist
uhf_long,77522,12887027,MeerKAT:array_1:20250723T043540Z,Gaia_4655130579037766272,18,601.3517138361931,0.006111513411746101,161.55473,64,1.0,1,1.0701814999255305e-05,shortlist
uhf_short,15023,1034837,MeerKAT:array_1:20250730T185654Z,Gaia_4429478082505731712,26,563.9789215922356,-0.07700506898800086,9.249136,58,0.90625,1,1.1530347052825517e-05,shortlist
sband_short,12948,1462550,MeerKAT:array_1:20250724T183832Z,Gaia_6103241131410679040,52,2254.8037914093584,0.06426520941748756,87.538315,64,1.0,1,1.1920964623807012e-05,shortlist
uhf_short,51328,13649921,MeerKAT:array_1:20250730T204925Z,Gaia_2699034689498260608,54,600.0006157755852,-0.05133671265866724,146.06816,64,1.0,1,1.1955659827804834e-05,shortlist
lband_short,425076,34964461,MeerKAT:array_1:20250706T114942Z,Gaia_4802417372784936704,38,1031.9885863214731,0.03075228244096795,119.24466,64,1.0,1,1.2550708779580956e-05,shortlist
lband_short,702870,2027882,MeerKAT:array_1:20250706T040458Z,ex_LEDA_1152843,31,933.7068518698215,0.0,21.276701,64,1.0,1,1.2621103481565768e-05,shortlist
uhf_long,45872,1145088,MeerKAT:array_1:20250717T054309Z,Gaia_4669817649161169024,46,572.7169002890587,0.024446053646984402,16.755917,43,0.671875,1,1.2809597373801202e-05,shortlist
lband_short,412720,34411457,MeerKAT:array_1:20250731T153525Z,Gaia_1315523816769679488,30,1000.0332631021738,0.38952891091892733,23.389805,42,0.65625,1,1.333404134963852e-05,shortlist
uhf_short,4608,375743,MeerKAT:array_1:20250729T041550Z,Gaia_6528075450670320512,12,550.0013645291328,0.03422447510577816,14.392747,64,1.0,1,1.3429675628759571e-05,shortlist
sband_short,6062,1028343,MeerKAT:array_1:20250727T160434Z,Gaia_5922438534554281984,1,2000.007635448128,0.0749760776537355,12.203599,35,0.546875,1,1.3776203020871515e-05,shortlist
uhf_long,65220,7857714,MeerKAT:array_1:20250704T054305Z,J1939-6342,0,601.3544588088989,0.006111513411746101,8.06826,64,1.0,1,1.694438942076074e-05,shortlist
uhf_long,169200,1186659,MeerKAT:array_1:20250720T024534Z,Gaia_4669749067123434112,63,575.9454603791237,0.0,14.346253,63,0.984375,1,1.777346679120258e-05,shortlist
lband_short,23053,680322,MeerKAT:array_1:20250711T082812Z,Gaia_4814728918013782784,15,874.9926540851593,-0.14351065139118374,58.600655,64,1.0,1,1.8356889177868357e-05,shortlist
uhf_long,232591,34878698,MeerKAT:array_1:20250723T030515Z,ex_BSDL_2881,20,647.2499403953552,0.0,97.820885,64,1.0,1,1.8570875784254667e-05,shortlist
uhf_short,169997,15151437,MeerKAT:array_1:20250731T233401Z,Gaia_2536529757131349120,34,599.9429156184196,0.0,247.98453,64,1.0,1,2.015614422611878e-05,shortlist
lband_short,421227,34556507,MeerKAT:array_1:20250720T103314Z,Gaia_5096090645027881088,21,1007.9894129931927,0.08200608650924786,18.095938,64,1.0,1,2.0891041521007485e-05,shortlist
uhf_short,169926,15151328,MeerKAT:array_1:20250731T233401Z,Gaia_2537357109566797056,25,599.9429156184196,0.0,240.89737,64,1.0,1,2.181436483832374e-05,shortlist
lband_short,60056,1436626,MeerKAT:array_1:20250719T000720Z,Gaia_2312000519143160064,59,911.9802337437868,0.04100304325462393,17.56574,64,1.0,1,2.186357522155078e-05,shortlist
uhf_short,63604,33515733,MeerKAT:array_1:20250712T220135Z,J2130+0502,0,623.9690527319908,-0.02566835632933362,110.36913,64,1.0,1,2.3854970479458178e-05,shortlist
uhf_long,99778,33609771,MeerKAT:array_1:20250720T024534Z,Gaia_4669717078207144576,29,623.992956995964,-0.006111513411746101,76.87144,64,1.0,1,2.4145130628738715e-05,shortlist
uhf_long,176839,5819434,MeerKAT:array_1:20250722T002453Z,Gaia_6440637608809648384,14,587.9919357299805,0.0040743422744974,36.7686,64,1.0,1,2.524373966683856e-05,shortlist
lband_long,278270,35877039,MeerKAT:array_1:20240319T020710Z,Gaia_2531019215306801792,7,1675.3249274939299,-0.04035220129820132,103.32719,64,1.0,1,2.7007087358343372e-05,shortlist
lband_short,115737,4295138,MeerKAT:array_1:20250713T080505Z,Gaia_5096069548148530944,17,924.9972296953201,-0.16401217301849572,17.684847,55,0.859375,1,2.7042414609315684e-05,shortlist
lband_long,325299,1477110,MeerKAT:array_1:20250731T132801Z,Gaia_5883493493408593792,45,911.989966109395,0.01008805032455033,27.515568,64,1.0,1,2.733239232308332e-05,shortlist
uhf_short,153181,4271837,MeerKAT:array_1:20250712T220135Z,Gaia_2699062044146075904,20,592.0494877099991,-0.01711223755288908,13.088327,63,0.984375,1,2.7527959297731718e-05,shortlist
uhf_short,76025,34408843,MeerKAT:array_1:20250730T185654Z,Gaia_4426377940755072640,5,629.986043035984,0.0855611877644454,15.634011,46,0.71875,1,2.8994134330170113e-05,shortlist
lband_long,142380,22184480,MeerKAT:array_1:20250709T163303Z,Gaia_6441464926885319168,32,959.835764631629,-0.1714968555173556,18.620398,34,0.53125,1,2.9185670766958137e-05,shortlist
lband_long,142543,22184674,MeerKAT:array_1:20250709T163303Z,Gaia_6441065593709291392,51,959.835764631629,-0.1714968555173556,21.186022,34,0.53125,1,3.058063699701639e-05,shortlist
uhf_long,65271,7857765,MeerKAT:array_1:20250704T054305Z,Gaia_6440694718989982208,51,601.3544588088989,0.006111513411746101,14.728042,64,1.0,1,3.061945577242357e-05,shortlist
uhf_long,65222,7857716,MeerKAT:array_1:20250704T054305Z,Gaia_6441476196879316608,2,601.3544588088989,0.006111513411746101,14.148172,64,1.0,1,3.233280966254341e-05,shortlist
lband_short,19895,441887,MeerKAT:array_1:20250708T101552Z,Gaia_2973666413214257664,10,879.9699236154556,-0.16401217301849572,63.258156,64,1.0,1,3.2477329315692575e-05,shortlist
uhf_long,16682,338901,MeerKAT:array_1:20250723T022503Z,ex_BSDL_1807,35,551.9864985942841,-0.012223026823492201,365.13742,64,1.0,1,3.279733414162691e-05,shortlist
uhf_long,232596,34878703,MeerKAT:array_1:20250723T030515Z,ex_X_LMC_X-1,25,647.2499403953552,0.0,106.935196,64,1.0,1,3.3006670217686026e-05,shortlist
lband_long,83403,3547100,MeerKAT:array_1:20250711T071356Z,Gaia_4669829434551415808,43,934.7018873989582,0.015132075486825495,312.87854,64,1.0,1,3.334859535024529e-05,shortlist
uhf_long,116806,34828603,MeerKAT:array_1:20250715T124827Z,ex_[VV2006]_J131802.0-021617,31,648.5687087774277,-0.059077962980212305,71.70152,59,0.921875,1,3.409409021702797e-05,shortlist
lband_long,142492,22184612,MeerKAT:array_1:20250709T163303Z,Gaia_6440707947489298048,45,959.835764631629,-0.1714968555173556,18.941467,34,0.53125,1,3.473836652507875e-05,shortlist
uhf_short,76065,34408883,MeerKAT:array_1:20250730T185654Z,Gaia_4426364334298533248,45,629.986043035984,0.0855611877644454,14.956639,46,0.71875,1,3.5220194241810494e-05,shortlist
uhf_long,98607,33544478,MeerKAT:array_1:20250716T022312Z,ex_LEDA_313912,35,623.9843947887421,0.0081486845489948,35.61183,64,1.0,1,3.563197064671279e-05,shortlist
uhf_short,114533,383275,MeerKAT:array_1:20250730T204925Z,Gaia_2699250713469402368,17,548.0056710839272,0.00855611877644454,25.641163,64,1.0,1,3.609300994408393e-05,shortlist
uhf_short,40704,4417374,MeerKAT:array_1:20250713T161348Z,Gaia_1456206810578000640,1,592.0515740513802,-0.05989283143511178,14.262447,62,0.96875,1,3.659146918797826e-05,shortlist
lband_short,421325,34556605,MeerKAT:array_1:20250720T103314Z,Gaia_5096258698508594048,54,1007.9894129931927,0.08200608650924786,20.836023,64,1.0,1,3.7452839749319824e-05,shortlist
lband_short,391389,33399657,MeerKAT:array_1:20250731T025147Z,ex_LEDA_1157799,21,974.9984299093485,0.05125380406827991,13.714937,38,0.59375,1,3.800601911204191e-05,shortlist
uhf_long,45847,1145063,MeerKAT:array_1:20250717T054309Z,Gaia_4669683714901017216,21,572.7169002890587,0.024446053646984402,16.525848,43,0.671875,1,3.8845167799376504e-05,shortlist
lband_short,402278,33506562,MeerKAT:array_1:20250711T103939Z,Gaia_4790702218126506240,59,983.9995335638523,0.15376141220483974,33.63698,64,1.0,1,4.15554488936707e-05,shortlist
uhf_long,49224,1223744,MeerKAT:array_1:20250723T030515Z,ex_ASASSN-V_J053816.06-692332.0,54,572.7157512307167,0.030557567058730504,18.858839,44,0.6875,1,4.224447819762525e-05,shortlist
lband_short,671699,1996493,MeerKAT:array_1:20250706T033223Z,Gaia_2546793015278033792,38,935.9317003041506,0.0,592.4009,60,0.9375,1,4.267696321727622e-05,shortlist
lband_long,142170,22184231,MeerKAT:array_1:20250709T163303Z,Gaia_6440680459698547456,8,959.835764631629,-0.1714968555173556,19.49957,34,0.53125,1,4.345031161724657e-05,shortlist
uhf_short,111079,372756,MeerKAT:array_1:20250728T194227Z,Gaia_2682558129799800704,18,552.0000815987587,0.0,163.16483,47,0.734375,1,4.397966627392859e-05,shortlist
lband_long,14497,393805,MeerKAT:array_1:20250731T122153Z,Gaia_5834075290540719360,52,863.9904108792543,0.015132075486825495,30.015682,64,1.0,1,4.432856535516834e-05,shortlist
uhf_short,111039,372637,MeerKAT:array_1:20250728T194227Z,ex_PB_5102,2,552.0000815987587,0.0,158.03712,47,0.734375,1,4.4711213989970484e-05,shortlist
lband_long,142390,22184491,MeerKAT:array_1:20250709T163303Z,Gaia_6441475681482976768,33,959.835764631629,-0.1714968555173556,21.214415,34,0.53125,1,4.53540608951586e-05,shortlist
uhf_long,45888,1145104,MeerKAT:array_1:20250717T054309Z,Gaia_4669316546736562048,62,572.7169002890587,0.024446053646984402,17.775377,43,0.671875,1,4.552589092059941e-05,shortlist
uhf_long,49194,1223714,MeerKAT:array_1:20250723T030515Z,ex_[W60]_A68,24,572.7157512307167,0.030557567058730504,18.807646,44,0.6875,1,4.6989360454024024e-05,shortlist
sband_long,10446,1441179,MeerKAT:array_1:20250719T120740Z,Gaia_4669726252257244928,51,2242.7138371858746,-0.04216341781888073,177.65718,64,1.0,1,4.710363104129233e-05,shortlist
lband_long,349924,1560847,MeerKAT:array_1:20250701T133303Z,Gaia_4669719998784903040,12,934.6117944568396,0.0,86.7063,64,1.0,1,4.804681550205414e-05,shortlist
uhf_short,170187,15151720,MeerKAT:array_1:20250731T233401Z,Gaia_2536499829799384448,58,599.9429156184196,0.0,255.33809,64,1.0,1,4.8579180692429576e-05,shortlist
uhf_long,232575,34878682,MeerKAT:array_1:20250723T030515Z,ex_H88_311,4,647.2499403953552,0.0,97.94538,64,1.0,1,4.92817533871106e-05,shortlist
lband_long,142588,22184725,MeerKAT:array_1:20250709T163303Z,Gaia_6440702862247948160,56,959.835764631629,-0.17654088067963078,16.871752,34,0.53125,1,5.074470167595857e-05,shortlist
lband_long,142518,22184643,MeerKAT:array_1:20250709T163303Z,Gaia_6440699529353356288,48,959.835764631629,-0.17654088067963078,16.766184,34,0.53125,1,5.2433868030577786e-05,shortlist
sband_long,29641,1227789,MeerKAT:array_1:20250724T174737Z,Gaia_6440687292989390080,31,2232.7216514386237,0.005270427227360091,52.288322,64,1.0,1,5.4015895419391544e-05,shortlist
sband_long,11764,1455279,MeerKAT:array_1:20250720T164552Z,Gaia_6441068174985814016,42,2242.7137410268188,0.021081708909440364,52.01838,64,1.0,1,5.404897138131805e-05,shortlist
lband_long,142553,22184685,MeerKAT:array_1:20250709T163303Z,Gaia_6440709665476154496,52,959.835764631629,-0.1714968555173556,19.201538,34,0.53125,1,5.445903781648086e-05,shortlist
lband_long,142271,22184356,MeerKAT:array_1:20250709T163303Z,Gaia_6440707947487817472,20,959.835764631629,-0.1714968555173556,20.295397,34,0.53125,1,5.568261228342114e-05,shortlist
lband_long,142581,22184715,MeerKAT:array_1:20250709T163303Z,Gaia_6440689324511005184,55,959.835764631629,-0.1714968555173556,19.30536,34,0.53125,1,5.588945834071074e-05,shortlist
uhf_long,17563,340208,MeerKAT:array_1:20250723T043540Z,Gaia_4655127864617129728,9,544.0815892219543,0.0081486845489948,194.34236,64,1.0,1,5.832940731009755e-05,shortlist
lband_short,221564,21168930,MeerKAT:array_1:20250708T092055Z,Gaia_2973622054792292608,23,950.3906696289778,0.14351065139118374,39.938404,34,0.53125,1,5.943531781442904e-05,shortlist
uhf_long,232594,34878701,MeerKAT:array_1:20250723T030515Z,ex_KMHK_1312,23,647.2499403953552,0.0,101.37219,64,1.0,1,5.986010264976822e-05,shortlist
lband_short,221495,21168355,MeerKAT:array_1:20250708T092055Z,Gaia_2973937236671855232,17,950.3906696289778,0.14351065139118374,40.57686,34,0.53125,1,6.036276639836004e-05,shortlist
lband_long,142562,22184695,MeerKAT:array_1:20250709T163303Z,Gaia_6440695642407425792,53,959.835764631629,-0.1714968555173556,19.222502,34,0.53125,1,6.143351752895982e-05,shortlist
uhf_long,232590,34878697,MeerKAT:array_1:20250723T030515Z,ex_KMHK_1277,19,647.2499403953552,0.0,100.46146,64,1.0,1,6.501379342900686e-05,shortlist
uhf_long,116779,34828551,MeerKAT:array_1:20250715T124827Z,ex_LBQS_1313-0142,5,648.5687087774277,-0.059077962980212305,84.29494,59,0.921875,1,6.513489294250205e-05,shortlist
lband_long,142192,22184262,MeerKAT:array_1:20250709T163303Z,Gaia_6440701694016842368,11,959.835764631629,-0.1714968555173556,16.962852,34,0.53125,1,6.573025651634345e-05,shortlist
uhf_long,232601,34878708,MeerKAT:array_1:20250723T030515Z,ex_ASASSN-V_J053527.15-694117.9,30,647.2499403953552,0.0,101.76838,64,1.0,1,6.578954125782432e-05,shortlist
uhf_long,98918,33549983,MeerKAT:array_1:20250717T054309Z,Gaia_4669811052091384320,54,624.9988846182823,0.030557567058730504,3116.3132,64,1.0,1,6.67033926271378e-05,shortlist
uhf_long,153483,94545,MeerKAT:array_1:20250710T060816Z,Gaia_5599131783275272192,47,551.9996094107628,-0.0040743422744974,112.55139,64,1.0,1,6.726986484724622e-05,shortlist
uhf_long,116775,34828545,MeerKAT:array_1:20250715T124827Z,ex_ATO_J199.0886-01.7543,2,648.5687087774277,-0.06111513411746101,51.543278,59,0.921875,1,6.954209018921965e-05,shortlist
sband_short,28589,1055346,MeerKAT:array_1:20250701T171131Z,ex_LEDA_943670,42,2239.100786158815,0.010710868236247928,48.08175,54,0.9818181818181818,1,6.966487365562883e-05,shortlist
uhf_long,116831,34828655,MeerKAT:array_1:20250715T124827Z,ex_UGC_8340,57,648.5687087774277,-0.059077962980212305,61.73653,59,0.921875,1,7.032514949882189e-05,shortlist
uhf_long,91356,33415840,MeerKAT:array_1:20250702T185632Z,ex_ASASSN-V_J174232.38-155702.3,16,623.9937726855278,-0.059077962980212305,89.90589,64,1.0,1,7.130153495452457e-05,shortlist
uhf_long,116791,34828571,MeerKAT:array_1:20250715T124827Z,ex_[VV2006]_J131627.2-021904,15,648.5687087774277,-0.059077962980212305,66.55846,59,0.921875,1,7.367867946154713e-05,shortlist
uhf_long,116799,34828587,MeerKAT:array_1:20250715T124827Z,ex_[VV2006]_J131716.7-014247,23,648.5687087774277,-0.059077962980212305,50.830486,59,0.921875,1,7.417026224690277e-05,shortlist
uhf_long,45868,1145084,MeerKAT:array_1:20250717T054309Z,Gaia_4669734223716620928,42,572.7169002890587,0.024446053646984402,17.22263,43,0.671875,1,7.463915002749985e-05,shortlist
lband_short,61523,1472927,MeerKAT:array_1:20250731T021904Z,ex_SDSS_J002111.97+001412.8,19,911.9895356148481,-0.03075228244096795,94.648125,64,1.0,1,7.499682271320857e-05,shortlist
lband_short,15677,427147,MeerKAT:array_1:20250706T070740Z,Gaia_4802449709595571840,34,874.9941528439522,-0.04100304325462393,47.36695,63,0.984375,1,7.591270841671188e-05,shortlist
uhf_long,116826,34828645,MeerKAT:array_1:20250715T124827Z,ex_2dFGRS_TGN261Z280,52,648.5687087774277,-0.059077962980212305,68.49692,59,0.921875,1,7.851317848568261e-05,shortlist
uhf_long,16056,338111,MeerKAT:array_1:20250723T015429Z,Gaia_4661363332517808768,51,549.9969942569733,0.06926381866645581,52.31027,64,1.0,1,8.100209631028761e-05,shortlist
uhf_long,116814,34828619,MeerKAT:array_1:20250715T124827Z,ex_[VV2006]_J131924.0-013740,39,648.5687087774277,-0.059077962980212305,83.04833,59,0.921875,1,8.164184620189901e-05,shortlist
lband_short,222005,21171926,MeerKAT:array_1:20250708T092055Z,Gaia_2973726783274533504,54,950.3906696289778,0.14351065139118374,40.439854,34,0.53125,1,8.199670222416828e-05,shortlist
uhf_long,51677,1246583,MeerKAT:array_1:20250702T175345Z,Gaia_6117575876823708928,44,580.046847820282,0.05092927843121751,11.284747,64,1.0,1,8.222174632211415e-05,shortlist
uhf_short,150814,2471749,MeerKAT:array_1:20250706T234838Z,Gaia_4426371687282679680,23,587.9924798607826,0.01711223755288908,33.6145,64,1.0,1,8.689943384435685e-05,shortlist
lband_long,142402,22184503,MeerKAT:array_1:20250709T163303Z,Gaia_6441460352743041920,34,959.835764631629,-0.1714968555173556,16.76622,34,0.53125,1,8.723662414143225e-05,shortlist
lband_short,221605,21169218,MeerKAT:array_1:20250708T092055Z,Gaia_2973936102800486912,26,950.3906696289778,0.14351065139118374,42.86512,34,0.53125,1,8.872947189360474e-05,shortlist
uhf_long,91387,33415916,MeerKAT:array_1:20250702T185632Z,ex_ASASSN-V_J174421.68-153113.5,47,623.9937726855278,-0.059077962980212305,89.0956,64,1.0,1,8.953156955527529e-05,shortlist
uhf_long,116790,34828569,MeerKAT:array_1:20250715T124827Z,ex_[VV2006]_J131624.0-015835,14,648.5687087774277,-0.059077962980212305,86.72581,59,0.921875,1,9.220623971157117e-05,shortlist
uhf_long,47913,1215884,MeerKAT:array_1:20250722T002453Z,Gaia_6440625174879361536,35,572.7157725095749,0.0081486845489948,15.719943,64,1.0,1,9.539153478640895e-05,shortlist
uhf_long,189754,33913085,MeerKAT:array_1:20250723T043540Z,Gaia_4655156314485619840,27,629.9871789216995,0.0040743422744974,26.9778,64,1.0,1,9.601708493275277e-05,shortlist
uhf_short,111195,373066,MeerKAT:array_1:20250728T194227Z,Gaia_2682782636329433984,59,552.0000815987587,0.0,165.27072,47,0.734375,1,9.616828621615866e-05,shortlist
uhf_long,116781,34828555,MeerKAT:array_1:20250715T124827Z,ex_[VV2006]_J131540.1-020548,7,648.5687087774277,-0.059077962980212305,56.906914,59,0.921875,1,9.628829068145027e-05,shortlist
lband_long,142626,22184766,MeerKAT:array_1:20250709T163303Z,Gaia_6440705984687030656,60,959.835764631629,-0.1714968555173556,18.828762,34,0.53125,1,9.85021317313705e-05,shortlist
uhf_short,79308,34637783,MeerKAT:array_1:20250706T001134Z,Gaia_2698940204513668992,17,649.9950012564659,0.05989283143511178,18.784302,63,0.984375,1,0.00010160106773013935,shortlist
uhf_short,138959,1127709,MeerKAT:array_1:20250715T002705Z,Gaia_2682595444475329536,29,575.9856429696083,-0.00855611877644454,26.827887,64,1.0,1,0.00010191904744314963,shortlist
uhf_short,129769,1071591,MeerKAT:array_1:20250704T222921Z,Gaia_2699023453863805568,54,575.9921441674232,0.00855611877644454,13.178676,64,1.0,1,0.00010349373126458763,shortlist
uhf_long,116803,34828595,MeerKAT:array_1:20250715T124827Z,ex_[VV2006]_J131739.1-021013,27,648.5687087774277,-0.059077962980212305,77.85394,59,0.921875,1,0.00010551286307067298,shortlist
uhf_long,71258,11382334,MeerKAT:array_1:20250715T124827Z,ex_[VV2006]_J131553.3-014051,8,599.4172619581223,-0.059077962980212305,54.576447,49,0.765625,1,0.00011088169441704012,shortlist
uhf_long,116796,34828581,MeerKAT:array_1:20250715T124827Z,ex_[VV2006]_J131712.9-014118,20,648.5687087774277,-0.059077962980212305,59.45741,59,0.921875,1,0.00011265455166094904,shortlist
lband_long,142510,22184633,MeerKAT:array_1:20250709T163303Z,Gaia_6440683620794454784,47,959.835764631629,-0.17654088067963078,19.003986,34,0.53125,1,0.00011279615326014071,shortlist
uhf_long,79808,28005100,MeerKAT:array_1:20250715T124827Z,ex_[VV2006]_J131624.0-015835,14,611.7051236629486,-0.059077962980212305,54.364986,56,0.875,1,0.0001151377946429624,shortlist
uhf_short,17771,1066248,MeerKAT:array_1:20250704T005510Z,Gaia_2682496144830906496,13,576.0468966960907,-0.05989283143511178,32.817097,64,1.0,1,0.00011960168504446043,shortlist
lband_long,64608,1475693,MeerKAT:array_1:20250731T122153Z,Gaia_5834008392122541952,10,911.9898784160614,0.015132075486825495,24.277283,64,1.0,1,0.00012129208990698007,shortlist
uhf_long,232607,34878714,MeerKAT:array_1:20250723T030515Z,ex_ASASSN-V_J054021.37-695316.4,36,647.2499403953552,0.0,105.99794,64,1.0,1,0.00012540573845074625,shortlist
uhf_long,116812,34828613,MeerKAT:array_1:20250715T124827Z,ex_[VV2006]_J131904.7-021321,36,648.5687087774277,-0.059077962980212305,54.67876,59,0.921875,1,0.0001257386362179176,shortlist
lband_long,142227,22184304,MeerKAT:array_1:20250709T163303Z,Gaia_6441083288974003328,15,959.835764631629,-0.1714968555173556,17.819414,34,0.53125,1,0.0001257826155150085,shortlist
lband_long,142334,22184428,MeerKAT:array_1:20250709T163303Z,Gaia_6441066903675544064,27,959.835764631629,-0.17654088067963078,19.634161,34,0.53125,1,0.0001264939496598506,shortlist
uhf_long,116795,34828579,MeerKAT:array_1:20250715T124827Z,ex_[VV2006]_J131709.6-020414,19,648.5687087774277,-0.059077962980212305,63.03491,59,0.921875,1,0.00012792014459754112,shortlist
uhf_short,165545,12890569,MeerKAT:array_1:20250723T234200Z,Gaia_2682672101051891584,24,599.9888100624084,-0.00855611877644454,79.182556,64,1.0,1,0.00012822897619499767,shortlist
lband_short,395259,33471921,MeerKAT:array_1:20250706T114942Z,Gaia_4802463144253364864,7,983.9891171902418,0.03075228244096795,30.749187,64,1.0,1,0.00012880490345879518,shortlist
uhf_long,116818,34828629,MeerKAT:array_1:20250715T124827Z,ex_2dFGRS_TGN195Z209,44,648.5687087774277,-0.059077962980212305,62.43472,59,0.921875,1,0.00013115831432272552,shortlist
lband_short,221962,21171643,MeerKAT:array_1:20250708T092055Z,Gaia_2973726164799247232,51,950.3906696289778,0.14351065139118374,41.847744,34,0.53125,1,0.00013121249460033981,shortlist
uhf_long,116828,34828647,MeerKAT:array_1:20250715T124827Z,ex_2dFGRS_TGN261Z268,53,648.5687087774277,-0.059077962980212305,65.82888,59,0.921875,1,0.00013159400253821645,shortlist
uhf_long,71259,11382336,MeerKAT:array_1:20250715T124827Z,ex_[VV2006]_J131600.8-021819,9,599.4172619581223,-0.059077962980212305,36.265106,49,0.765625,1,0.00013259985609807926,shortlist
uhf_long,116792,34828573,MeerKAT:array_1:20250715T124827Z,ex_[VV2006]_J131657.2-021631,16,648.5687087774277,-0.059077962980212305,61.805756,59,0.921875,1,0.0001327395161439423,shortlist
lband_long,142644,22184786,MeerKAT:array_1:20250709T163303Z,Gaia_6440707638251653120,62,959.835764631629,-0.1714968555173556,18.848236,34,0.53125,1,0.00013285161454688283,shortlist
uhf_long,116817,34828625,MeerKAT:array_1:20250715T124827Z,ex_LEDA_1109753,42,648.5687087774277,-0.059077962980212305,72.4037,59,0.921875,1,0.00013387100190459677,shortlist
uhf_short,78194,34497759,MeerKAT:array_1:20250715T023108Z,Gaia_2682519719906973312,17,640.0511719584465,-0.07700506898800086,13.818252,51,0.796875,1,0.0001348818375279451,shortlist
uhf_long,116807,34828605,MeerKAT:array_1:20250715T124827Z,ex_[VV2006]_J131810.9-021500,32,648.5687087774277,-0.059077962980212305,63.544506,59,0.921875,1,0.00013632330941603578,shortlist
lband_short,443719,312977,MeerKAT:array_1:20250719T023034Z,Gaia_2311996980090128640,49,863.9901685267687,-0.010250760813655982,55.864574,64,1.0,1,0.0001373658528600906,shortlist
uhf_long,152556,71579,MeerKAT:array_1:20250708T010310Z,Gaia_6441430704585513856,21,544.0814524292946,0.0,17.376192,61,0.953125,1,0.00013993746101097763,shortlist
uhf_long,116776,34828547,MeerKAT:array_1:20250715T124827Z,ex_IC_4218,3,648.5687087774277,-0.059077962980212305,61.505924,59,0.921875,1,0.00014135343399645554,shortlist
uhf_long,116787,34828565,MeerKAT:array_1:20250715T124827Z,ex_[VV2006]_J131617.9-021856,12,648.5687087774277,-0.059077962980212305,76.98157,59,0.921875,1,0.00014273916714334806,shortlist
lband_short,438535,88694,MeerKAT:array_1:20250709T052824Z,Gaia_4936849234970675072,33,863.9665200263262,-0.020501521627311965,22.938385,63,0.984375,1,0.00014279890811570096,shortlist
uhf_long,116797,34828583,MeerKAT:array_1:20250715T124827Z,ex_[VV2006]_J131714.2-022516,21,648.5687087774277,-0.059077962980212305,51.772057,59,0.921875,1,0.00014331853797992398,shortlist
uhf_short,138979,1127744,MeerKAT:array_1:20250715T002705Z,Gaia_2682545902027585664,33,575.9856429696083,-0.00855611877644454,25.188482,64,1.0,1,0.00014334125906296876,shortlist
uhf_long,116819,34828631,MeerKAT:array_1:20250715T124827Z,ex_2dFGRS_TGN261Z273,45,648.5687087774277,-0.059077962980212305,63.962734,59,0.921875,1,0.00014549399152281813,shortlist
uhf_long,71282,11382388,MeerKAT:array_1:20250715T124827Z,ex_[VV2006]_J131858.7-013642,35,599.4172619581223,-0.059077962980212305,42.51296,49,0.765625,1,0.00014562095267616648,shortlist
uhf_long,116832,34828657,MeerKAT:array_1:20250715T124827Z,ex_2dFGRS_TGN262Z292,58,648.5687087774277,-0.059077962980212305,73.59572,59,0.921875,1,0.0001457409830780187,shortlist
uhf_long,71292,11382416,MeerKAT:array_1:20250715T124827Z,ex_ASASSN-V_J131645.18-014824.8,49,599.4172619581223,-0.059077962980212305,44.760475,49,0.765625,1,0.0001464375743086898,shortlist
uhf_long,79834,28005127,MeerKAT:array_1:20250715T124827Z,ex_LBQS_1313-0153,41,611.7051236629486,-0.059077962980212305,36.819435,56,0.875,1,0.00014835016530122475,shortlist
lband_long,142599,22184736,MeerKAT:array_1:20250709T163303Z,Gaia_6441453313293282432,57,959.835764631629,-0.1714968555173556,20.422459,34,0.53125,1,0.00014887440776115358,shortlist
uhf_long,71287,11382402,MeerKAT:array_1:20250715T124827Z,ex_LEDA_1109753,42,599.4172619581223,-0.059077962980212305,52.090446,49,0.765625,1,0.00015136940094606394,shortlist
uhf_long,116824,34828641,MeerKAT:array_1:20250715T124827Z,ex_LEDA_1099019,50,648.5687087774277,-0.059077962980212305,72.80673,59,0.921875,1,0.0001524944689435781,shortlist
uhf_long,71255,11382326,MeerKAT:array_1:20250715T124827Z,ex_2MASX_J13155881-0223450,4,599.4172619581223,-0.059077962980212305,42.777336,49,0.765625,1,0.00015289996837699127,shortlist
uhf_long,71296,11382426,MeerKAT:array_1:20250715T124827Z,ex_LEDA_1096217,54,599.4172619581223,-0.059077962980212305,32.31913,49,0.765625,1,0.00015300821653930834,shortlist
uhf_long,116794,34828577,MeerKAT:array_1:20250715T124827Z,ex_[VV2006]_J131704.3-020048,18,648.5687087774277,-0.059077962980212305,66.48641,59,0.921875,1,0.00015330681251727032,shortlist
uhf_long,71300,11382434,MeerKAT:array_1:20250715T124827Z,ex_2dFGRS_TGN262Z292,58,599.4172619581223,-0.059077962980212305,40.84018,49,0.765625,1,0.0001536632593692999,shortlist
uhf_long,79843,28005137,MeerKAT:array_1:20250715T124827Z,ex_2dFGRS_TGN194Z196,51,611.7051236629486,-0.059077962980212305,50.854404,56,0.875,1,0.00015526450894361705,shortlist
uhf_short,111110,372840,MeerKAT:array_1:20250728T194227Z,Gaia_2682594482402655616,29,552.0000815987587,0.0,166.37016,47,0.734375,1,0.00015642311550305654,shortlist
uhf_long,71303,11382440,MeerKAT:array_1:20250715T124827Z,ex_2dFGRS_TGN261Z260,61,599.4172619581223,-0.059077962980212305,49.66803,49,0.765625,1,0.00015749633255995085,shortlist
uhf_long,116784,34828559,MeerKAT:array_1:20250715T124827Z,ex_[VV2006]_J131600.8-021819,9,648.5687087774277,-0.059077962980212305,69.412125,59,0.921875,1,0.0001589132536287671,shortlist
uhf_long,51640,1246546,MeerKAT:array_1:20250702T175345Z,ex_CRTS_J140709.5-374615,7,580.046847820282,0.05092927843121751,11.344028,64,1.0,1,0.0001596410319206412,shortlist
uhf_long,116829,34828649,MeerKAT:array_1:20250715T124827Z,ex_LEDA_1096217,54,648.5687087774277,-0.059077962980212305,65.612465,59,0.921875,1,0.0001598960257103794,shortlist
uhf_long,79819,28005111,MeerKAT:array_1:20250715T124827Z,ex_LBQS_1314-0216,25,611.7051236629486,-0.059077962980212305,41.101173,56,0.875,1,0.00016126628065364808,shortlist
uhf_long,167783,1091154,MeerKAT:array_1:20250709T013528Z,ex_Gaia_DR2_6632323648496504320,33,572.716292321682,0.0040743422744974,24.145237,64,1.0,1,0.00016321836763562013,shortlist
uhf_long,79798,28005088,MeerKAT:array_1:20250715T124827Z,ex_ATO_J199.0886-01.7543,2,611.7051236629486,-0.059077962980212305,34.10395,56,0.875,1,0.00016330352230434244,shortlist
uhf_long,79828,28005120,MeerKAT:array_1:20250715T124827Z,ex_[VV2006]_J131844.0-013821,34,611.7051236629486,-0.059077962980212305,36.94778,56,0.875,1,0.0001645695734752276,shortlist
uhf_short,174887,33412163,MeerKAT:array_1:20250702T005726Z,Gaia_2682511026893166848,28,623.9692878127098,0.0,279.4046,64,1.0,1,0.0001645721598522604,shortlist
lband_long,468212,2116043,MeerKAT:array_1:20250706T055242Z,Gaia_4668961576279986432,42,935.0385995060205,0.0,68.499794,51,0.796875,1,0.000165121988650375,shortlist
uhf_long,51691,1246597,MeerKAT:array_1:20250702T175345Z,Gaia_6120438317903079168,58,580.046847820282,0.05092927843121751,12.717875,64,1.0,1,0.00016919950300750664,shortlist
lband_long,142411,22184512,MeerKAT:array_1:20250709T163303Z,Gaia_6440688224999355264,35,959.835764631629,-0.1714968555173556,17.391659,34,0.53125,1,0.0001705373690568397,shortlist
uhf_long,116836,34828665,MeerKAT:array_1:20250715T124827Z,ex_2MASX_J13170753-0134111,62,648.5687087774277,-0.059077962980212305,66.348305,59,0.921875,1,0.0001707475752150789,shortlist
uhf_long,70090,11228893,MeerKAT:array_1:20250713T202929Z,Gaia_4153213240426856064,41,601.35156083107,0.0529664495684662,36.75952,64,1.0,1,0.00017421733535904246,shortlist
uhf_short,125670,1049992,MeerKAT:array_1:20250731T233401Z,Gaia_2536475090787568896,61,563.9992347955704,-0.01711223755288908,31.717455,64,1.0,1,0.0001743957851644745,shortlist
uhf_long,58201,4543179,MeerKAT:array_1:20250715T124827Z,ex_[VV2006]_J131810.9-021500,32,587.1294002532959,-0.059077962980212305,40.511402,57,0.890625,1,0.00017488584110533903,shortlist
uhf_long,71273,11382370,MeerKAT:array_1:20250715T124827Z,ex_[VV2006]_J131735.5-021504,26,599.4172619581223,-0.059077962980212305,35.53471,49,0.765625,1,0.00017488584110533903,shortlist
uhf_long,71261,11382342,MeerKAT:array_1:20250715T124827Z,ex_[VV2006]_J131617.9-021856,12,599.4172619581223,-0.059077962980212305,55.853806,49,0.765625,1,0.0001750907418294793,shortlist
uhf_short,111190,373050,MeerKAT:array_1:20250728T194227Z,Gaia_2682545902027585664,57,552.0000815987587,0.0,163.56888,47,0.734375,1,0.00017679893899099185,shortlist
uhf_long,45880,1145096,MeerKAT:array_1:20250717T054309Z,Gaia_4669811052091384320,54,572.7169002890587,0.024446053646984402,17.41234,43,0.671875,1,0.0001776307621128766,shortlist
uhf_long,79804,28005095,MeerKAT:array_1:20250715T124827Z,ex_[VV2006]_J131600.8-021819,9,611.7051236629486,-0.059077962980212305,49.1692,56,0.875,1,0.00017896150274877403,shortlist
uhf_short,104706,61469,MeerKAT:array_1:20250706T001134Z,Gaia_2698939001922796800,7,551.9938408136368,0.0,252.91966,64,1.0,1,0.0001799324687075517,shortlist
lband_short,37930,785222,MeerKAT:array_1:20250702T234223Z,Gaia_6891321588173546880,55,887.9659755676985,-0.05125380406827991,15.590002,51,0.796875,1,0.00018152796223435647,shortlist
uhf_long,71263,11382348,MeerKAT:array_1:20250715T124827Z,ex_[VV2006]_J131627.2-021904,15,599.4172619581223,-0.059077962980212305,40.17925,49,0.765625,1,0.00018237994562441632,shortlist
uhf_long,116788,34828567,MeerKAT:array_1:20250715T124827Z,ex_[VV2006]_J131618.7-022454,13,648.5687087774277,-0.059077962980212305,52.976402,59,0.921875,1,0.00018251273413796514,shortlist
uhf_long,116773,34828541,MeerKAT:array_1:20250715T124827Z,J1317_5-0153,0,648.5687087774277,-0.059077962980212305,77.86454,59,0.921875,1,0.00018320426519520482,shortlist
lband_short,222070,21172311,MeerKAT:array_1:20250708T092055Z,Gaia_2973828385020912384,58,950.3906696289778,0.14351065139118374,45.11782,34,0.53125,1,0.0001834397500570437,shortlist
uhf_long,45869,1145085,MeerKAT:array_1:20250717T054309Z,Gaia_4669734223716620800,43,572.7169002890587,0.024446053646984402,16.6458,43,0.671875,1,0.0001842085394154746,shortlist
uhf_short,185378,33542175,MeerKAT:array_1:20250715T222140Z,Gaia_4429442726334766720,2,623.9846926927567,-0.00855611877644454,41.988342,64,1.0,1,0.00018649682939325427,shortlist
uhf_long,79802,28005092,MeerKAT:array_1:20250715T124827Z,ex_[VV2006]_J131539.5-014850,6,611.7051236629486,-0.059077962980212305,50.991875,56,0.875,1,0.00018884275523892982,shortlist
uhf_long,71291,11382410,MeerKAT:array_1:20250715T124827Z,ex_2dFGRS_TGN195Z268,46,599.4172619581223,-0.059077962980212305,44.284668,49,0.765625,1,0.00018934324562936927,shortlist
uhf_long,71285,11382396,MeerKAT:array_1:20250715T124827Z,ex_[VV2006]_J131924.0-013740,39,599.4172619581223,-0.059077962980212305,51.934082,49,0.765625,1,0.0001914418896191796,shortlist
uhf_long,58170,4543147,MeerKAT:array_1:20250715T124827Z,ex_[VV2006]_J131657.2-021631,16,587.1294002532959,-0.059077962980212305,25.705383,57,0.890625,1,0.0001926717962503654,shortlist
uhf_long,116785,34828561,MeerKAT:array_1:20250715T124827Z,ex_[VV2006]_J131604.1-013605,10,648.5687087774277,-0.059077962980212305,47.523293,59,0.921875,1,0.00019340586953480598,shortlist
uhf_long,71277,11382378,MeerKAT:array_1:20250715T124827Z,ex_[VV2006]_J131801.0-022404,30,599.4172619581223,-0.059077962980212305,42.837337,49,0.765625,1,0.00019345074127403956,shortlist
uhf_long,116800,34828589,MeerKAT:array_1:20250715T124827Z,ex_[VV2006]_J131723.5-021125,24,648.5687087774277,-0.059077962980212305,58.407272,59,0.921875,1,0.0001950441862575043,shortlist
uhf_long,58164,4543141,MeerKAT:array_1:20250715T124827Z,ex_[VV2006]_J131618.7-022454,13,587.1294002532959,-0.059077962980212305,30.54647,57,0.890625,1,0.00019936406612987368,shortlist
uhf_long,116802,34828593,MeerKAT:array_1:20250715T124827Z,ex_[VV2006]_J131735.5-021504,26,648.5687087774277,-0.059077962980212305,52.864044,59,0.921875,1,0.00020188763577297952,shortlist
lband_short,7420,312324,MeerKAT:array_1:20250719T015811Z,Gaia_2311886681034848256,51,863.9843297451735,0.03075228244096795,26.814157,64,1.0,1,0.0002026984388054662,shortlist
uhf_long,116805,34828601,MeerKAT:array_1:20250715T124827Z,ex_[VV2006]_J131801.0-022404,30,648.5687087774277,-0.059077962980212305,48.559063,59,0.921875,1,0.00020303848532639217,shortlist
uhf_long,58168,4543145,MeerKAT:array_1:20250715T124827Z,ex_[VV2006]_J131627.2-021904,15,587.1294002532959,-0.059077962980212305,27.517258,57,0.890625,1,0.0002067585389480662,shortlist
uhf_long,71288,11382404,MeerKAT:array_1:20250715T124827Z,ex_2dFGRS_TGN261Z225,43,599.4172619581223,-0.059077962980212305,49.163002,49,0.765625,1,0.000207193432297086,shortlist
uhf_long,45853,1145069,MeerKAT:array_1:20250717T054309Z,Gaia_4668928419132178816,27,572.7169002890587,0.024446053646984402,18.018066,43,0.671875,1,0.00020794369838297795,shortlist
uhf_long,79805,28005097,MeerKAT:array_1:20250715T124827Z,ex_LBQS_1313-0138,11,611.7051236629486,-0.059077962980212305,40.074635,56,0.875,1,0.00020878824236413888,shortlist
uhf_long,71256,11382328,MeerKAT:array_1:20250715T124827Z,ex_LBQS_1313-0142,5,599.4172619581223,-0.05704079184296361,34.705883,49,0.765625,1,0.00021040021907657298,shortlist
uhf_short,109157,342879,MeerKAT:array_1:20250723T192702Z,Gaia_4426414258998431360,32,551.9480031132698,-0.00855611877644454,287.4269,64,1.0,1,0.00021059108029866885,shortlist
uhf_long,79806,28005098,MeerKAT:array_1:20250715T124827Z,ex_[VV2006]_J131617.9-021856,12,611.7051236629486,-0.059077962980212305,46.161285,56,0.875,1,0.00021089763726837358,shortlist
lband_long,142281,22184367,MeerKAT:array_1:20250709T163303Z,Gaia_6440692588686135424,21,959.835764631629,-0.1714968555173556,18.634045,34,0.53125,1,0.00021343411697829186,shortlist
uhf_long,116804,34828597,MeerKAT:array_1:20250715T124827Z,ex_[VV2006]_J131757.4-021114,28,648.5687087774277,-0.059077962980212305,74.04545,59,0.921875,1,0.0002186904731396796,shortlist
lband_short,339077,27707489,MeerKAT:array_1:20250713T113750Z,Gaia_5096045461971941376,39,950.4651483744383,0.3075228244096795,21.328915,32,0.5,1,0.00021881114444168348,shortlist
lband_short,338728,27706021,MeerKAT:array_1:20250713T113750Z,Gaia_5096093909202998912,12,950.4651483744383,0.3075228244096795,21.82814,32,0.5,1,0.00022340631103968215,shortlist
uhf_long,116830,34828653,MeerKAT:array_1:20250715T124827Z,ex_PGC1089638,56,648.5687087774277,-0.059077962980212305,50.086132,59,0.921875,1,0.00022371498910776693,shortlist
uhf_long,79832,28005124,MeerKAT:array_1:20250715T124827Z,ex_[VV2006]_J131908.3-014326,38,611.7051236629486,-0.059077962980212305,41.301815,56,0.875,1,0.00022376096222844602,shortlist
lband_short,339070,27707435,MeerKAT:array_1:20250713T113750Z,Gaia_5096255296894495488,38,950.4651483744383,0.3075228244096795,19.64492,32,0.5,1,0.00022461217836250726,shortlist
uhf_long,116801,34828591,MeerKAT:array_1:20250715T124827Z,ex_LBQS_1314-0216,25,648.5687087774277,-0.059077962980212305,64.760315,59,0.921875,1,0.00022468800728447602,shortlist
lband_short,339084,27707541,MeerKAT:array_1:20250713T113750Z,Gaia_5096290476969969152,40,950.4651483744383,0.3075228244096795,19.85419,32,0.5,1,0.00022912820199534712,shortlist
uhf_long,79813,28005105,MeerKAT:array_1:20250715T124827Z,ex_[VV2006]_J131709.6-020414,19,611.7051236629486,-0.059077962980212305,37.351887,56,0.875,1,0.00022998017413915372,shortlist
uhf_long,71265,11382352,MeerKAT:array_1:20250715T124827Z,ex_[VV2006]_J131702.2-012952,17,599.4172619581223,-0.059077962980212305,36.496815,49,0.765625,1,0.0002320895592573742,shortlist
uhf_long,79841,28005135,MeerKAT:array_1:20250715T124827Z,ex_ASASSN-V_J131645.18-014824.8,49,611.7051236629486,-0.059077962980212305,33.05932,56,0.875,1,0.00023336767980989813,shortlist
uhf_long,71286,11382400,MeerKAT:array_1:20250715T124827Z,ex_LBQS_1313-0153,41,599.4172619581223,-0.059077962980212305,31.35456,49,0.765625,1,0.00023344792009143502,shortlist
uhf_long,79851,28005145,MeerKAT:array_1:20250715T124827Z,ex_2MASX_J13164575-0154497,59,611.7051236629486,-0.059077962980212305,27.414833,56,0.875,1,0.00023419126248248632,shortlist
uhf_short,165460,12890434,MeerKAT:array_1:20250723T234200Z,Gaia_2682545077393848704,11,599.9432358145714,-0.01711223755288908,27.602016,62,0.96875,1,0.00023868359727680286,shortlist
uhf_long,58245,4543223,MeerKAT:array_1:20250715T124827Z,ex_LEDA_1096217,54,587.1294002532959,-0.059077962980212305,22.23161,57,0.890625,1,0.00023899041571942269,shortlist
sband_short,35613,1443101,MeerKAT:array_1:20250719T123812Z,Gaia_2992978957001460096,39,2252.5009401142597,0.010710868236247928,228.75853,64,1.0,1,0.00023945576517798883,shortlist
uhf_long,71279,11382382,MeerKAT:array_1:20250715T124827Z,ex_[VV2006]_J131810.9-021500,32,599.4172619581223,-0.059077962980212305,29.474958,49,0.765625,1,0.00024350302141498746,shortlist
uhf_long,116809,34828609,MeerKAT:array_1:20250715T124827Z,ex_[VV2006]_J131844.0-013821,34,648.5687087774277,-0.059077962980212305,80.149506,59,0.921875,1,0.00024373853384962652,shortlist
uhf_long,116780,34828553,MeerKAT:array_1:20250715T124827Z,ex_[VV2006]_J131539.5-014850,6,648.5687087774277,-0.059077962980212305,78.78386,59,0.921875,1,0.0002440437641935996,shortlist
lband_long,142134,22184190,MeerKAT:array_1:20250709T163303Z,Gaia_6441067865748168192,4,959.835764631629,-0.1714968555173556,19.572506,34,0.53125,1,0.00024564107789333794,shortlist
uhf_long,79796,28005086,MeerKAT:array_1:20250715T124827Z,J1317_5-0153,0,611.7051236629486,-0.059077962980212305,30.567678,56,0.875,1,0.0002473746898239698,shortlist
lband_short,338758,27706128,MeerKAT:array_1:20250713T113750Z,Gaia_5096281891331978496,14,950.4651483744383,0.3075228244096795,22.239937,32,0.5,1,0.00024747763803426514,shortlist
uhf_long,79818,28005110,MeerKAT:array_1:20250715T124827Z,ex_[VV2006]_J131723.5-021125,24,611.7051236629486,-0.059077962980212305,47.955647,56,0.875,1,0.00024787759373387443,shortlist
uhf_long,67825,8757428,MeerKAT:array_1:20250707T175557Z,Gaia_4077343815717059968,59,599.9626998901367,0.012223026823492201,47.273865,64,1.0,1,0.0002483570195075182,shortlist
uhf_long,99539,33596099,MeerKAT:array_1:20250719T053812Z,Gaia_4669714432507238656,33,623.9918008446693,0.020371711372487,43.385983,64,1.0,1,0.0002513827034239512,shortlist
uhf_long,58199,4543177,MeerKAT:array_1:20250715T124827Z,ex_[VV2006]_J131802.0-021617,31,587.1294002532959,-0.05704079184296361,37.24489,58,0.90625,1,0.0002535276421399139,shortlist
uhf_long,79840,28005134,MeerKAT:array_1:20250715T124827Z,ex_[VV2010c]_J131954.3-015649,48,611.7051236629486,-0.059077962980212305,59.93929,56,0.875,1,0.00025684279287030497,shortlist
uhf_long,71276,11382376,MeerKAT:array_1:20250715T124827Z,ex_[VV2006]_J131758.7-014439,29,599.4172619581223,-0.059077962980212305,47.673134,49,0.765625,1,0.0002593653294162825,shortlist
uhf_long,71267,11382356,MeerKAT:array_1:20250715T124827Z,ex_[VV2006]_J131709.6-020414,19,599.4172619581223,-0.059077962980212305,37.114517,49,0.765625,1,0.0002620740137972035,shortlist
lband_short,339324,27708642,MeerKAT:array_1:20250713T113750Z,Gaia_5096289141236763648,60,950.4651483744383,0.3075228244096795,21.30458,32,0.5,1,0.00026732446515832054,shortlist
uhf_long,58237,4543215,MeerKAT:array_1:20250715T124827Z,ex_LEDA_1099019,50,587.1294002532959,-0.059077962980212305,34.416782,57,0.890625,1,0.0002682731183044868,shortlist
lband_short,221341,21167187,MeerKAT:array_1:20250708T092055Z,Gaia_2973619683970334592,5,950.3906696289778,0.13325989057752777,41.068974,34,0.53125,1,0.0002687586361922376,shortlist
lband_long,142373,22184470,MeerKAT:array_1:20250709T163303Z,Gaia_6441082537356501760,31,959.835764631629,-0.1714968555173556,19.511738,34,0.53125,1,0.00027005242325491664,shortlist
lband_short,32638,733325,MeerKAT:array_1:20250719T110629Z,Gaia_2993029122219158144,35,874.6497619897127,-0.1230091297638718,46.81554,64,1.0,1,0.00027025025925412764,shortlist
lband_short,338840,27706459,MeerKAT:array_1:20250713T113750Z,Gaia_5096066696290217088,20,950.4651483744383,0.3075228244096795,22.214119,32,0.5,1,0.00027653923108956585,shortlist
uhf_long,71284,11382394,MeerKAT:array_1:20250715T124827Z,ex_[VV2006]_J131908.3-014326,38,599.4172619581223,-0.059077962980212305,47.0309,49,0.765625,1,0.0002776663737944718,shortlist
lband_long,142144,22184200,MeerKAT:array_1:20250709T163303Z,Gaia_6441464853868589952,5,959.835764631629,-0.1714968555173556,19.455883,34,0.53125,1,0.00028169817166658084,shortlist
lband_short,339058,27707380,MeerKAT:array_1:20250713T113750Z,Gaia_5096045461971941632,37,950.4651483744383,0.3075228244096795,21.676424,32,0.5,1,0.0002834826576306762,shortlist
lband_short,5743,244064,MeerKAT:array_1:20250712T084022Z,Gaia_2323473132704949248,29,863.9563364386559,0.05125380406827991,19.025818,64,1.0,1,0.00028445976256295607,shortlist
lband_short,221555,21168833,MeerKAT:array_1:20250708T092055Z,Gaia_2973928303139887872,22,950.3906696289778,0.14351065139118374,41.511333,34,0.53125,1,0.00028472772253945234,shortlist
lband_long,142210,22184283,MeerKAT:array_1:20250709T163303Z,Gaia_6441836420079796864,13,959.835764631629,-0.17654088067963078,18.901777,34,0.53125,1,0.0002858798914845032,shortlist
lband_long,245792,35161170,MeerKAT:array_1:20250723T000253Z,Gaia_6440706813617922432,44,1031.988849401474,-0.03026415097365099,40.233147,64,1.0,1,0.000287038006342712,shortlist
sband_long,2760,751349,MeerKAT:array_1:20250720T184620Z,Gaia_6440696746214536064,34,2210.997845744714,0.173924098502883,85.563034,64,1.0,1,0.00029753702864532776,shortlist
lband_short,338944,27706894,MeerKAT:array_1:20250713T113750Z,Gaia_5096288866358856192,28,950.4651483744383,0.3075228244096795,21.87185,32,0.5,1,0.00030118665855712143,shortlist
lband_short,339250,27708310,MeerKAT:array_1:20250713T113750Z,Gaia_5096258698508594048,54,950.4651483744383,0.3075228244096795,20.995987,32,0.5,1,0.0003045315203960471,shortlist
lband_short,338714,27705966,MeerKAT:array_1:20250713T113750Z,Gaia_5096088823961751680,11,950.4651483744383,0.3075228244096795,19.682837,32,0.5,1,0.00030583504931698205,shortlist
uhf_long,45848,1145064,MeerKAT:array_1:20250717T054309Z,Gaia_4669812563919875200,22,572.7169002890587,0.024446053646984402,17.841087,43,0.671875,1,0.0003205528723721806,shortlist
uhf_long,33100,988595,MeerKAT:array_1:20250715T143518Z,Gaia_6272816645095587200,58,563.9650183916092,0.022408882509735703,52.83617,64,1.0,1,0.00032113319661865287,shortlist
lband_long,142607,22184746,MeerKAT:array_1:20250709T163303Z,Gaia_6441070270929848192,58,959.835764631629,-0.1714968555173556,18.221207,34,0.53125,1,0.0003240367069298866,shortlist
uhf_long,58162,4543139,MeerKAT:array_1:20250715T124827Z,ex_[VV2006]_J131617.9-021856,12,587.1294002532959,-0.05704079184296361,35.632015,58,0.90625,1,0.0003265948066052678,shortlist
lband_short,281563,24369124,MeerKAT:array_1:20250711T095125Z,Gaia_4814650715250850560,26,950.3837450444698,-0.09225684732290385,27.1683,32,0.5,1,0.0003276958759078483,shortlist
uhf_short,193150,34652728,MeerKAT:array_1:20250710T030814Z,Gaia_2699242123534818176,19,647.9851634502411,0.0,24.858543,61,0.953125,1,0.00033030085836480096,shortlist
lband_short,339334,27708697,MeerKAT:array_1:20250713T113750Z,Gaia_5096289106877025920,61,950.4651483744383,0.3075228244096795,21.971733,32,0.5,1,0.00033092067303093666,shortlist
uhf_long,79812,28005104,MeerKAT:array_1:20250715T124827Z,ex_[VV2006]_J131704.3-020048,18,611.7051236629486,-0.059077962980212305,34.562794,56,0.875,1,0.0003311771407927954,shortlist
lband_short,338661,27705744,MeerKAT:array_1:20250713T113750Z,Gaia_5096281719533285248,7,950.4651483744383,0.3075228244096795,21.186678,32,0.5,1,0.00033428925828689663,shortlist
lband_short,339150,27707876,MeerKAT:array_1:20250713T113750Z,Gaia_5096073602597646464,46,950.4651483744383,0.3075228244096795,22.655987,32,0.5,1,0.0003343083272959396,shortlist
lband_short,338773,27706186,MeerKAT:array_1:20250713T113750Z,Gaia_5096281891331978880,15,950.4651483744383,0.3075228244096795,21.740997,32,0.5,1,0.0003344222208558646,shortlist
uhf_long,71289,11382406,MeerKAT:array_1:20250715T124827Z,ex_2dFGRS_TGN195Z209,44,599.4172619581223,-0.05704079184296361,39.722,49,0.765625,1,0.0003400296895871951,shortlist
uhf_short,94428,35400379,MeerKAT:array_1:20250711T001051Z,Gaia_2682777761542013952,31,675.0013773441315,0.05989283143511178,33.95174,64,1.0,1,0.00034204345193996613,shortlist
uhf_long,44541,1133818,MeerKAT:array_1:20250715T141354Z,J1513_0-3118,0,575.9940065741539,0.0529664495684662,137.9604,64,1.0,1,0.0003463201175744586,shortlist
lband_short,338629,27705636,MeerKAT:array_1:20250713T113750Z,Gaia_5096066936808385920,5,950.4651483744383,0.3075228244096795,19.995274,32,0.5,1,0.000353298374768802,shortlist
lband_short,281657,24369435,MeerKAT:array_1:20250711T095125Z,Gaia_4790695861574909568,31,950.3837450444698,-0.09225684732290385,32.997402,32,0.5,1,0.0003558890650214917,shortlist
uhf_long,79822,28005114,MeerKAT:array_1:20250715T124827Z,ex_[VV2006]_J131757.4-021114,28,611.7051236629486,-0.059077962980212305,43.859753,56,0.875,1,0.0003584594547281633,shortlist
uhf_long,107318,34408121,MeerKAT:array_1:20250729T031818Z,Gaia_4668922028220836224,29,629.9888143539429,0.0183345402352383,17.25652,63,0.984375,1,0.0003644944472414962,shortlist
lband_short,338702,27705913,MeerKAT:array_1:20250713T113750Z,Gaia_5096257461558006144,10,950.4651483744383,0.3075228244096795,19.770662,32,0.5,1,0.00036615394392924166,shortlist
lband_short,339109,27707651,MeerKAT:array_1:20250713T113750Z,Gaia_5096255846650307200,42,950.4651483744383,0.3075228244096795,20.582413,32,0.5,1,0.00036983874813606383,shortlist
uhf_long,116820,34828633,MeerKAT:array_1:20250715T124827Z,ex_2dFGRS_TGN195Z268,46,648.5687087774277,-0.059077962980212305,63.16173,59,0.921875,1,0.0003698888636395394,shortlist
uhf_long,116778,34828549,MeerKAT:array_1:20250715T124827Z,ex_2MASX_J13155881-0223450,4,648.5687087774277,-0.05704079184296361,57.797646,58,0.90625,1,0.0003713006058621031,shortlist
lband_short,222088,21172403,MeerKAT:array_1:20250708T092055Z,Gaia_2973722453947498368,59,950.3906696289778,0.13325989057752777,43.812523,34,0.53125,1,0.000371701983574659,shortlist
lband_long,142235,22184314,MeerKAT:array_1:20250709T163303Z,Gaia_6440684617226829184,16,959.835764631629,-0.1714968555173556,18.18844,34,0.53125,1,0.0003719890977479208,shortlist
sband_long,5157,1021075,MeerKAT:array_1:20250724T180802Z,Gaia_5883218336312999680,28,2226.410325150937,-0.20027623463968347,38.709705,42,0.65625,1,0.0003726682718086185,shortlist
uhf_long,58179,4543157,MeerKAT:array_1:20250715T124827Z,ex_[VV2006]_J131714.2-022516,21,587.1294002532959,-0.05704079184296361,25.22086,58,0.90625,1,0.00037291469325582917,shortlist
uhf_long,105115,33876846,MeerKAT:array_1:20250715T124827Z,ex_2dFGRS_TGN261Z265,60,636.2808470726013,-0.059077962980212305,23.780966,44,0.6875,1,0.0003786261961991341,shortlist
lband_short,338905,27706731,MeerKAT:array_1:20250713T113750Z,ex_LEDA_878709,25,950.4651483744383,0.3075228244096795,20.5986,32,0.5,1,0.0003818872614301235,shortlist
uhf_long,71252,11382320,MeerKAT:array_1:20250715T124827Z,ex_4FGL_J1317.5-0153,1,599.4172619581223,-0.059077962980212305,44.151077,49,0.765625,1,0.00038195033986227687,shortlist
uhf_long,79811,28005103,MeerKAT:array_1:20250715T124827Z,ex_[VV2006]_J131702.2-012952,17,611.7051236629486,-0.059077962980212305,32.51257,56,0.875,1,0.00038202084507442586,shortlist
uhf_long,116815,34828621,MeerKAT:array_1:20250715T124827Z,ex_LBQS_1317-0142,40,648.5687087774277,-0.059077962980212305,81.777794,59,0.921875,1,0.0003825961979929832,shortlist
lband_long,142244,22184324,MeerKAT:array_1:20250709T163303Z,Gaia_6440681176957195776,17,959.835764631629,-0.17654088067963078,20.400373,34,0.53125,1,0.0003854930599890745,shortlist
lband_long,142634,22184776,MeerKAT:array_1:20250709T163303Z,Gaia_6440696333897680640,61,959.835764631629,-0.1714968555173556,18.258434,34,0.53125,1,0.00038733793775703773,shortlist
uhf_long,116808,34828607,MeerKAT:array_1:20250715T124827Z,ex_[VV2006]_J131831.2-020908,33,648.5687087774277,-0.059077962980212305,75.69691,59,0.921875,1,0.000390178210975791,shortlist
lband_short,339140,27707820,MeerKAT:array_1:20250713T113750Z,Gaia_5096075354944311168,45,950.4651483744383,0.3075228244096795,20.493221,32,0.5,1,0.00039052792943350374,shortlist
lband_short,339223,27708201,MeerKAT:array_1:20250713T113750Z,Gaia_5096074702109281664,52,950.4651483744383,0.3075228244096795,21.773539,32,0.5,1,0.00039173697243288834,shortlist
lband_short,339263,27708366,MeerKAT:array_1:20250713T113750Z,Gaia_5096283437520196096,55,950.4651483744383,0.3075228244096795,21.26503,32,0.5,1,0.00039545251847264965,shortlist
lband_long,290012,308507,MeerKAT:array_1:20250718T225142Z,Gaia_6441460288320161792,15,863.966628447175,0.0,26.243866,64,1.0,1,0.0003969286854580237,shortlist
uhf_long,58158,4543135,MeerKAT:array_1:20250715T124827Z,ex_[VV2006]_J131604.1-013605,10,587.1294002532959,-0.05704079184296361,35.875263,58,0.90625,1,0.00039694604796101815,shortlist
sband_short,14701,5685109,MeerKAT:array_1:20250720T150453Z,Gaia_3504467917948130432,34,2255.99584588781,0.03213260470874378,40.962936,49,1.0,1,0.00039937965649792113,shortlist
lband_short,338871,27706568,MeerKAT:array_1:20250713T113750Z,ex_LEDA_876058,22,950.4651483744383,0.3075228244096795,21.173851,32,0.5,1,0.00040544038169132744,shortlist
lband_short,338968,27707001,MeerKAT:array_1:20250713T113750Z,Gaia_5096274710146663680,30,950.4651483744383,0.3075228244096795,19.321875,32,0.5,1,0.00040734440153814336,shortlist
lband_long,245774,35161152,MeerKAT:array_1:20250723T000253Z,Gaia_6440704167917990656,26,1031.988849401474,-0.03026415097365099,36.020134,64,1.0,1,0.00042453744928538933,shortlist
uhf_long,129662,35390625,MeerKAT:array_1:20250705T060310Z,J1939-6342,0,674.9791145920753,0.022408882509735703,66.07878,64,1.0,1,0.0004332666981173465,shortlist
lband_short,281203,24367793,MeerKAT:array_1:20250711T095125Z,Gaia_4814711635066895488,4,950.3837450444698,-0.09225684732290385,26.788137,32,0.5,1,0.0004337297532344163,shortlist
lband_long,142162,22184221,MeerKAT:array_1:20250709T163303Z,Gaia_6440680390979062656,7,959.835764631629,-0.1714968555173556,18.938377,34,0.53125,1,0.00043594588904904253,shortlist
uhf_long,79837,28005131,MeerKAT:array_1:20250715T124827Z,ex_2dFGRS_TGN261Z273,45,611.7051236629486,-0.059077962980212305,29.900885,56,0.875,1,0.0004378688106219861,shortlist
lband_short,221678,21169700,MeerKAT:array_1:20250708T092055Z,Gaia_2973713069441865856,31,950.3906696289778,0.13325989057752777,49.840763,34,0.53125,1,0.00044180533711641836,shortlist
uhf_short,54538,27877151,MeerKAT:array_1:20250713T175609Z,Gaia_1456194475433048960,43,608.0524191856384,-0.10267342531733448,17.406454,62,0.96875,1,0.000444055902150457,shortlist
uhf_long,79825,28005117,MeerKAT:array_1:20250715T124827Z,ex_[VV2006]_J131802.0-021617,31,611.7051236629486,-0.059077962980212305,41.282528,56,0.875,1,0.00044507792283767823,shortlist
uhf_long,116834,34828661,MeerKAT:array_1:20250715T124827Z,ex_2dFGRS_TGN261Z265,60,648.5687087774277,-0.059077962980212305,84.988655,59,0.921875,1,0.0004473028638028096,shortlist
uhf_long,79844,28005138,MeerKAT:array_1:20250715T124827Z,ex_2dFGRS_TGN261Z280,52,611.7051236629486,-0.059077962980212305,39.12758,56,0.875,1,0.00045010537191449943,shortlist
uhf_long,116810,34828611,MeerKAT:array_1:20250715T124827Z,ex_[VV2006]_J131858.7-013642,35,648.5687087774277,-0.059077962980212305,76.9972,59,0.921875,1,0.00045115756451033837,shortlist
uhf_long,116833,34828659,MeerKAT:array_1:20250715T124827Z,ex_2MASX_J13164575-0154497,59,648.5687087774277,-0.059077962980212305,71.2964,59,0.921875,1,0.00045476641233879907,shortlist
uhf_long,105113,33876842,MeerKAT:array_1:20250715T124827Z,ex_2dFGRS_TGN262Z292,58,636.2808470726013,-0.05704079184296361,12.363402,42,0.65625,1,0.0004610081161957505,shortlist
lband_short,338598,27705529,MeerKAT:array_1:20250713T113750Z,Gaia_5096088927040966272,3,950.4651483744383,0.3075228244096795,21.197718,32,0.5,1,0.0004637935083593026,shortlist
lband_short,221929,21171445,MeerKAT:array_1:20250708T092055Z,Gaia_2973633599664309888,49,950.3906696289778,0.13325989057752777,42.32324,34,0.53125,1,0.00046404750507295913,shortlist
uhf_long,116825,34828643,MeerKAT:array_1:20250715T124827Z,ex_2dFGRS_TGN194Z196,51,648.5687087774277,-0.059077962980212305,67.43118,59,0.921875,1,0.0004675422492754911,shortlist
uhf_long,58205,4543183,MeerKAT:array_1:20250715T124827Z,ex_[VV2006]_J131844.0-013821,34,587.1294002532959,-0.05704079184296361,25.494848,58,0.90625,1,0.00046935689442874324,shortlist
uhf_long,58191,4543169,MeerKAT:array_1:20250715T124827Z,ex_[VV2006]_J131739.1-021013,27,587.1294002532959,-0.059077962980212305,29.174086,57,0.890625,1,0.00046967211773863007,shortlist
uhf_long,58144,4543121,MeerKAT:array_1:20250715T124827Z,ex_IC_4218,3,587.1294002532959,-0.05704079184296361,26.150093,58,0.90625,1,0.0004702325055307898,shortlist
lband_short,281454,24368708,MeerKAT:array_1:20250711T095125Z,Gaia_4814728230820489984,19,950.3837450444698,-0.09225684732290385,28.66686,32,0.5,1,0.00047343029227157164,shortlist
uhf_long,32325,987598,MeerKAT:array_1:20250715T135202Z,ex_CRTS_J153300.0-332545,7,562.5537295341492,-0.055003620705714906,20.273968,44,0.6875,1,0.00047480813882692897,shortlist
uhf_long,105114,33876844,MeerKAT:array_1:20250715T124827Z,ex_2MASX_J13164575-0154497,59,636.2808470726013,-0.059077962980212305,24.585678,44,0.6875,1,0.0004811438177964294,shortlist
uhf_long,51693,1246599,MeerKAT:array_1:20250702T175345Z,Gaia_6117416928673861504,60,580.046847820282,0.05092927843121751,11.454215,64,1.0,1,0.000490051505365551,shortlist
lband_long,245757,35161135,MeerKAT:array_1:20250723T000253Z,Gaia_6441068376848592384,9,1031.988849401474,-0.03026415097365099,38.32169,64,1.0,1,0.0004949548175011343,shortlist
uhf_long,116822,34828637,MeerKAT:array_1:20250715T124827Z,ex_[VV2010c]_J131954.3-015649,48,648.5687087774277,-0.059077962980212305,87.22039,59,0.921875,1,0.0004970977628489529,shortlist
uhf_long,116798,34828585,MeerKAT:array_1:20250715T124827Z,ex_[VV2006]_J131716.4-021814,22,648.5687087774277,-0.059077962980212305,76.44169,59,0.921875,1,0.0004981709044784313,shortlist
uhf_long,105105,33876824,MeerKAT:array_1:20250715T124827Z,ex_ASASSN-V_J131645.18-014824.8,49,636.2808470726013,-0.06111513411746101,19.169554,40,0.625,1,0.0005004111796361149,shortlist
lband_short,338743,27706074,MeerKAT:array_1:20250713T113750Z,Gaia_5096091881978437760,13,950.4651483744383,0.3075228244096795,20.207378,32,0.5,1,0.0005005817933364067,shortlist
uhf_long,33053,988502,MeerKAT:array_1:20250715T143518Z,ex_CRTS_J142140.6-245217,11,563.9650183916092,0.022408882509735703,55.69815,64,1.0,1,0.0005016027931560677,shortlist
uhf_long,79836,28005130,MeerKAT:array_1:20250715T124827Z,ex_2dFGRS_TGN195Z209,44,611.7051236629486,-0.059077962980212305,50.954727,56,0.875,1,0.0005026745173514053,shortlist
uhf_long,79839,28005133,MeerKAT:array_1:20250715T124827Z,ex_2QZ_J131652.4-014400,47,611.7051236629486,-0.059077962980212305,34.894455,56,0.875,1,0.0005060661857710277,shortlist
uhf_long,116783,34828557,MeerKAT:array_1:20250715T124827Z,ex_[VV2006]_J131553.3-014051,8,648.5687087774277,-0.059077962980212305,77.15692,59,0.921875,1,0.0005074235898252671,shortlist
uhf_long,71251,11382318,MeerKAT:array_1:20250715T124827Z,J1317_5-0153,0,599.4172619581223,-0.059077962980212305,50.032074,49,0.765625,1,0.0005162444905867091,shortlist
lband_short,339030,27707272,MeerKAT:array_1:20250713T113750Z,Gaia_5096286461177179648,35,950.4651483744383,0.3075228244096795,19.549187,32,0.5,1,0.0005215536142081235,shortlist
lband_short,222054,21172215,MeerKAT:array_1:20250708T092055Z,Gaia_2973618790617128576,57,950.3906696289778,0.14351065139118374,40.704002,34,0.53125,1,0.0005247026713468584,shortlist
uhf_long,58172,4543149,MeerKAT:array_1:20250715T124827Z,ex_[VV2006]_J131702.2-012952,17,587.1294002532959,-0.059077962980212305,46.75149,57,0.890625,1,0.0005248325067106935,shortlist
uhf_long,79852,28005146,MeerKAT:array_1:20250715T124827Z,ex_2dFGRS_TGN261Z265,60,611.7051236629486,-0.059077962980212305,43.81969,56,0.875,1,0.0005249096341598316,shortlist
lband_short,338573,27705417,MeerKAT:array_1:20250713T113750Z,Gaia_5096088720882535936,1,950.4651483744383,0.3075228244096795,20.835718,32,0.5,1,0.0005252104254240233,shortlist
uhf_long,61883,5531833,MeerKAT:array_1:20250720T052239Z,Gaia_4669696393644489216,38,587.0349504947662,0.006111513411746101,375.76486,64,1.0,1,0.0005263061669147577,shortlist
lband_short,281997,24370677,MeerKAT:array_1:20250711T095125Z,Gaia_4790693834350351744,51,950.3837450444698,-0.09225684732290385,31.88895,32,0.5,1,0.0005269196327170178,shortlist
lband_short,338829,27706404,MeerKAT:array_1:20250713T113750Z,Gaia_5096090232711022336,19,950.4651483744383,0.3075228244096795,19.478136,32,0.5,1,0.0005310737428350617,shortlist
uhf_long,71298,11382430,MeerKAT:array_1:20250715T124827Z,ex_PGC1089638,56,599.4172619581223,-0.059077962980212305,60.14512,49,0.765625,1,0.000533184477433142,shortlist
uhf_long,32350,987635,MeerKAT:array_1:20250715T135202Z,ex_LEDA_684427,44,562.5537295341492,-0.055003620705714906,18.01294,44,0.6875,1,0.0005366488563943904,shortlist
lband_short,221367,21167382,MeerKAT:array_1:20250708T092055Z,Gaia_2973619409092428800,7,950.3906696289778,0.14351065139118374,43.759003,34,0.53125,1,0.0005383769261665703,shortlist
uhf_long,116835,34828663,MeerKAT:array_1:20250715T124827Z,ex_2dFGRS_TGN261Z260,61,648.5687087774277,-0.059077962980212305,64.66037,59,0.921875,1,0.0005421596662611875,shortlist
uhf_long,58231,4543209,MeerKAT:array_1:20250715T124827Z,ex_2QZ_J131652.4-014400,47,587.1294002532959,-0.059077962980212305,24.362793,57,0.890625,1,0.0005468701413073748,shortlist
lband_short,282168,24371299,MeerKAT:array_1:20250711T095125Z,Gaia_4814735686883748352,61,950.3958786129951,-0.09225684732290385,15.841312,33,0.515625,1,0.0005524589816195895,shortlist
lband_short,221758,21170275,MeerKAT:array_1:20250708T092055Z,Gaia_2973742348235894656,37,950.3906696289778,0.14351065139118374,42.268436,34,0.53125,1,0.0005543147843185882,shortlist
uhf_long,64152,7198413,MeerKAT:array_1:20250702T175345Z,Gaia_6117416408974470912,46,601.3518587350845,0.044817765019471406,56.703373,64,1.0,1,0.0005558785030023393,shortlist
lband_short,221800,21170572,MeerKAT:array_1:20250708T092055Z,Gaia_2973714310689547520,40,950.3906696289778,0.13325989057752777,42.631847,34,0.53125,1,0.0005563968295427214,shortlist
uhf_long,58156,4543133,MeerKAT:array_1:20250715T124827Z,ex_[VV2006]_J131600.8-021819,9,587.1294002532959,-0.05704079184296361,35.69966,58,0.90625,1,0.0005616496798592249,shortlist
uhf_long,58140,4543117,MeerKAT:array_1:20250715T124827Z,ex_4FGL_J1317.5-0153,1,587.1294002532959,-0.059077962980212305,16.239742,57,0.890625,1,0.0005646811641267891,shortlist
uhf_short,140853,1156090,MeerKAT:array_1:20250717T200827Z,Gaia_4426445526360365824,19,575.9869085550308,-0.01711223755288908,17.603743,64,1.0,1,0.0005654050606063193,shortlist
uhf_long,105068,33876743,MeerKAT:array_1:20250715T124827Z,ex_[VV2006]_J131540.1-020548,7,636.2808470726013,-0.059077962980212305,18.381475,44,0.6875,1,0.0005667018608963087,shortlist
uhf_long,58249,4543227,MeerKAT:array_1:20250715T124827Z,ex_PGC1089638,56,587.1294002532959,-0.059077962980212305,16.875633,57,0.890625,1,0.0005679147832384978,shortlist
lband_short,221987,21171832,MeerKAT:array_1:20250708T092055Z,Gaia_2973621711194831360,53,950.3906696289778,0.14351065139118374,38.01158,34,0.53125,1,0.0005740301179026415,shortlist
uhf_long,79809,28005101,MeerKAT:array_1:20250715T124827Z,ex_[VV2006]_J131627.2-021904,15,611.7051236629486,-0.059077962980212305,45.103878,56,0.875,1,0.0005784220864375397,shortlist
uhf_short,66600,33527045,MeerKAT:array_1:20250713T172342Z,Gaia_1468224163434219776,10,624.0015496015549,-0.11122954409377903,57.029602,64,1.0,1,0.0005788125986777806,shortlist
uhf_long,79827,28005119,MeerKAT:array_1:20250715T124827Z,ex_[VV2006]_J131831.2-020908,33,611.7051236629486,-0.059077962980212305,42.151756,56,0.875,1,0.0005790940862506714,shortlist
uhf_long,105097,33876806,MeerKAT:array_1:20250715T124827Z,ex_[VV2006]_J131924.0-013740,39,636.2808470726013,-0.059077962980212305,14.994398,44,0.6875,1,0.0005858851232143291,shortlist
uhf_long,79807,28005099,MeerKAT:array_1:20250715T124827Z,ex_[VV2006]_J131618.7-022454,13,611.7051236629486,-0.059077962980212305,38.79594,56,0.875,1,0.0005898453768851967,shortlist
uhf_long,71304,11382442,MeerKAT:array_1:20250715T124827Z,ex_2MASX_J13170753-0134111,62,599.4172619581223,-0.059077962980212305,62.67534,49,0.765625,1,0.0005904340517993321,shortlist
uhf_long,79845,28005139,MeerKAT:array_1:20250715T124827Z,ex_2dFGRS_TGN261Z268,53,611.7051236629486,-0.059077962980212305,41.807125,56,0.875,1,0.000594475431810536,shortlist
uhf_long,105100,33876813,MeerKAT:array_1:20250715T124827Z,ex_2dFGRS_TGN261Z225,43,636.2808470726013,-0.059077962980212305,18.030573,44,0.6875,1,0.0006052959030507825,shortlist
uhf_long,71290,11382408,MeerKAT:array_1:20250715T124827Z,ex_2dFGRS_TGN261Z273,45,599.4172619581223,-0.059077962980212305,25.945007,49,0.765625,1,0.0006074701976871509,shortlist
lband_short,465508,999529,MeerKAT:array_1:20250719T015811Z,Gaia_2312000519143160064,45,887.9915214329958,0.020501521627311965,56.37046,64,1.0,1,0.0006109267476203419,shortlist
lband_short,221462,21168067,MeerKAT:array_1:20250708T092055Z,Gaia_2973722316508539776,14,950.3906696289778,0.14351065139118374,43.982655,34,0.53125,1,0.0006160710363748873,shortlist
uhf_long,58146,4543123,MeerKAT:array_1:20250715T124827Z,ex_2MASX_J13155881-0223450,4,587.1294002532959,-0.05704079184296361,31.405697,58,0.90625,1,0.0006168416820649438,shortlist
uhf_long,9374,279860,MeerKAT:array_1:20250715T130947Z,ex_Gaia_DR3_5834428268044352512,25,551.9656655788422,0.014260197960740902,124.50614,64,1.0,1,0.0006182433504708902,shortlist
lband_short,339017,27707219,MeerKAT:array_1:20250713T113750Z,Gaia_5096283643678623232,34,950.4651483744383,0.3075228244096795,20.727314,32,0.5,1,0.0006189950142801488,shortlist
uhf_long,116774,34828543,MeerKAT:array_1:20250715T124827Z,ex_4FGL_J1317.5-0153,1,648.5687087774277,-0.059077962980212305,70.815155,59,0.921875,1,0.0006227589523367558,shortlist
uhf_long,32321,987594,MeerKAT:array_1:20250715T135202Z,ex_CRTS_J153258.9-332343,3,562.5537295341492,-0.055003620705714906,30.886663,44,0.6875,1,0.0006233486793687774,shortlist
uhf_long,58262,4543241,MeerKAT:array_1:20250715T124827Z,ex_2MASX_J13171155-0212040,63,587.1294002532959,-0.059077962980212305,30.73613,57,0.890625,1,0.0006235413206195497,shortlist
lband_long,14099,393255,MeerKAT:array_1:20250731T120456Z,Gaia_5423608530152937984,19,863.9903805851936,0.02017610064910066,122.59662,64,1.0,1,0.0006298961210902694,shortlist
uhf_long,71280,11382384,MeerKAT:array_1:20250715T124827Z,ex_[VV2006]_J131831.2-020908,33,599.4172619581223,-0.059077962980212305,33.354736,49,0.765625,1,0.0006318355795921788,shortlist
uhf_long,79835,28005129,MeerKAT:array_1:20250715T124827Z,ex_2dFGRS_TGN261Z225,43,611.7051236629486,-0.059077962980212305,37.415283,56,0.875,1,0.000633013894146275,shortlist
uhf_long,58241,4543219,MeerKAT:array_1:20250715T124827Z,ex_2dFGRS_TGN261Z280,52,587.1294002532959,-0.05704079184296361,31.42532,58,0.90625,1,0.0006457076816887136,shortlist
uhf_long,105067,33876741,MeerKAT:array_1:20250715T124827Z,ex_[VV2006]_J131539.5-014850,6,636.2808470726013,-0.059077962980212305,19.563885,44,0.6875,1,0.000648656774316618,shortlist
lband_short,142302,15336434,MeerKAT:array_1:20250701T065749Z,ex_FASTT_15,60,950.4548244774342,0.05125380406827991,30.067327,34,0.53125,1,0.0006490189904347912,shortlist
uhf_long,167810,1091181,MeerKAT:array_1:20250709T013528Z,ex_Gaia_DR2_6638324718535762560,60,572.716292321682,0.0040743422744974,23.003956,64,1.0,1,0.0006502534465594277,shortlist
uhf_long,116816,34828623,MeerKAT:array_1:20250715T124827Z,ex_LBQS_1313-0153,41,648.5687087774277,-0.059077962980212305,83.211784,59,0.921875,1,0.000653478100343804,shortlist
uhf_long,58233,4543211,MeerKAT:array_1:20250715T124827Z,ex_[VV2010c]_J131954.3-015649,48,587.1294002532959,-0.059077962980212305,17.42597,57,0.890625,1,0.0006568867381219577,shortlist
lband_short,142141,15335585,MeerKAT:array_1:20250701T065749Z,Gaia_2536493511902694912,49,950.4548244774342,0.05125380406827991,30.137362,34,0.53125,1,0.0006581007304296436,shortlist
uhf_long,79842,28005136,MeerKAT:array_1:20250715T124827Z,ex_LEDA_1099019,50,611.7051236629486,-0.059077962980212305,40.72574,56,0.875,1,0.0006618998009912686,shortlist
uhf_long,116793,34828575,MeerKAT:array_1:20250715T124827Z,ex_[VV2006]_J131702.2-012952,17,648.5687087774277,-0.059077962980212305,84.11562,59,0.921875,1,0.0006623737130124449,shortlist
uhf_long,79829,28005121,MeerKAT:array_1:20250715T124827Z,ex_[VV2006]_J131858.7-013642,35,611.7051236629486,-0.059077962980212305,28.009499,56,0.875,1,0.0006648079329853799,shortlist
uhf_long,105116,33876848,MeerKAT:array_1:20250715T124827Z,ex_2dFGRS_TGN261Z260,61,636.2808470726013,-0.059077962980212305,24.213823,44,0.6875,1,0.0006651206485760924,shortlist
uhf_long,32341,987620,MeerKAT:array_1:20250715T135202Z,ex_ASASSN-V_J153354.39-333109.3,29,562.5537295341492,-0.0529664495684662,28.842545,44,0.6875,1,0.0006680916854685513,shortlist
lband_short,142317,15336510,MeerKAT:array_1:20250701T065749Z,ex_ASASSN-V_J005901.65-001113.7,61,950.4548244774342,0.05125380406827991,32.318153,34,0.53125,1,0.0006731960357254945,shortlist
uhf_long,71294,11382422,MeerKAT:array_1:20250715T124827Z,ex_2dFGRS_TGN261Z280,52,599.4172619581223,-0.05704079184296361,32.958202,49,0.765625,1,0.0006779001170051838,shortlist
uhf_long,66565,8287516,MeerKAT:array_1:20250705T190623Z,Gaia_4153200252452519424,61,601.3515314459801,0.020371711372487,23.836987,60,0.9375,1,0.0006821608710548755,shortlist
uhf_long,58185,4543163,MeerKAT:array_1:20250715T124827Z,ex_[VV2006]_J131723.5-021125,24,587.1294002532959,-0.059077962980212305,29.90675,57,0.890625,1,0.0006839604715533051,shortlist
uhf_long,32326,987599,MeerKAT:array_1:20250715T135202Z,ex_CRTS_J153330.1-324437,8,562.5537295341492,-0.055003620705714906,29.376102,44,0.6875,1,0.0006893908388403184,shortlist
lband_long,275097,35826928,MeerKAT:array_1:20240319T020710Z,Gaia_2543034678375189632,9,1248.6045231074095,-0.20680503165328176,6.2643,43,0.671875,1,0.0006897133794724568,shortlist
lband_short,429296,34984011,MeerKAT:array_1:20250711T103939Z,J0440-4333,0,1031.9885703772306,0.0615045648819359,42.215485,64,1.0,1,0.0006908438299270929,shortlist
uhf_long,32333,987610,MeerKAT:array_1:20250715T135202Z,ex_CRTS_J153443.6-330420,19,562.5537295341492,-0.055003620705714906,14.188652,44,0.6875,1,0.0006928034931561758,shortlist
uhf_long,116823,34828639,MeerKAT:array_1:20250715T124827Z,ex_ASASSN-V_J131645.18-014824.8,49,648.5687087774277,-0.059077962980212305,81.182,59,0.921875,1,0.0006939063627059429,shortlist
uhf_long,116821,34828635,MeerKAT:array_1:20250715T124827Z,ex_2QZ_J131652.4-014400,47,648.5687087774277,-0.059077962980212305,56.409683,59,0.921875,1,0.0006950750998605895,shortlist
lband_short,281505,24368893,MeerKAT:array_1:20250711T095125Z,Gaia_4814735137127938304,22,950.3958786129951,-0.09225684732290385,17.423145,33,0.515625,1,0.0006968867962790454,shortlist
sband_long,21081,347248,MeerKAT:array_1:20250724T180802Z,Cir X-1,0,2190.117573365569,-0.005270427227360091,52.055042,61,0.953125,1,0.000697102569293302,shortlist
uhf_long,105102,33876816,MeerKAT:array_1:20250715T124827Z,ex_2dFGRS_TGN261Z273,45,636.2808470726013,-0.059077962980212305,20.741804,44,0.6875,1,0.0006999184895298478,shortlist
uhf_long,58195,4543173,MeerKAT:array_1:20250715T124827Z,ex_[VV2006]_J131758.7-014439,29,587.1294002532959,-0.059077962980212305,18.780983,57,0.890625,1,0.0007000100594786864,shortlist
lband_short,141685,15332962,MeerKAT:array_1:20250701T065749Z,ex_PGC1153150,15,950.4548244774342,0.05125380406827991,32.921864,34,0.53125,1,0.0007086605288885648,shortlist
uhf_long,79797,28005087,MeerKAT:array_1:20250715T124827Z,ex_4FGL_J1317.5-0153,1,611.7051236629486,-0.059077962980212305,28.855705,56,0.875,1,0.0007087838535693689,shortlist
uhf_long,58221,4543199,MeerKAT:array_1:20250715T124827Z,ex_LEDA_1109753,42,587.1294002532959,-0.05704079184296361,18.38017,58,0.90625,1,0.0007095382184430967,shortlist
lband_short,282203,24371425,MeerKAT:array_1:20250711T095125Z,Gaia_4814703766686823680,63,950.3958786129951,-0.09225684732290385,16.313229,33,0.515625,1,0.0007106753334047831,shortlist
uhf_long,58193,4543171,MeerKAT:array_1:20250715T124827Z,ex_[VV2006]_J131757.4-021114,28,587.1294002532959,-0.059077962980212305,29.72327,57,0.890625,1,0.0007137989771931728,shortlist
uhf_long,71253,11382322,MeerKAT:array_1:20250715T124827Z,ex_ATO_J199.0886-01.7543,2,599.4172619581223,-0.059077962980212305,56.307922,49,0.765625,1,0.0007216892585739513,shortlist
uhf_long,105077,33876761,MeerKAT:array_1:20250715T124827Z,ex_[VV2006]_J131657.2-021631,16,636.2808470726013,-0.05704079184296361,19.867575,42,0.65625,1,0.0007224097370104765,shortlist
lband_short,281175,24367672,MeerKAT:array_1:20250711T095125Z,Gaia_4814653292231230592,2,950.3958786129951,-0.09225684732290385,17.385708,33,0.515625,1,0.000723534120397904,shortlist
lband_short,221727,21170084,MeerKAT:array_1:20250708T092055Z,Gaia_2973742348235894528,35,950.3906696289778,0.14351065139118374,36.82098,34,0.53125,1,0.0007236652442847171,shortlist
uhf_long,116813,34828617,MeerKAT:array_1:20250715T124827Z,ex_[VV2006]_J131908.3-014326,38,648.5687087774277,-0.059077962980212305,56.932644,59,0.921875,1,0.0007315501468715877,shortlist
uhf_long,58177,4543155,MeerKAT:array_1:20250715T124827Z,ex_[VV2006]_J131712.9-014118,20,587.1294002532959,-0.059077962980212305,28.800646,57,0.890625,1,0.0007321134675687909,shortlist
uhf_long,58225,4543203,MeerKAT:array_1:20250715T124827Z,ex_2dFGRS_TGN195Z209,44,587.1294002532959,-0.059077962980212305,36.335186,57,0.890625,1,0.0007342784121338439,shortlist
lband_short,339046,27707327,MeerKAT:array_1:20250713T113750Z,Gaia_5096255296894495232,36,950.4651483744383,0.3075228244096795,20.737072,32,0.5,1,0.0007347864159373069,shortlist
lband_short,281319,24368228,MeerKAT:array_1:20250711T095125Z,Gaia_4814721118354706304,11,950.3958786129951,-0.09225684732290385,15.504285,33,0.515625,1,0.0007367402099609237,shortlist
uhf_long,32346,987630,MeerKAT:array_1:20250715T135202Z,ex_CRTS_J153336.8-332037,39,562.5537295341492,-0.055003620705714906,24.59767,44,0.6875,1,0.0007425647802031309,shortlist
uhf_long,105065,33876735,MeerKAT:array_1:20250715T124827Z,ex_IC_4218,3,636.2808470726013,-0.05704079184296361,17.346436,42,0.65625,1,0.0007430757936185029,shortlist
uhf_long,58217,4543195,MeerKAT:array_1:20250715T124827Z,ex_LBQS_1317-0142,40,587.1294002532959,-0.059077962980212305,18.235079,57,0.890625,1,0.0007443271278327112,shortlist
uhf_long,71271,11382366,MeerKAT:array_1:20250715T124827Z,ex_[VV2006]_J131723.5-021125,24,599.4172619581223,-0.059077962980212305,31.75978,49,0.765625,1,0.0007500300859075154,shortlist
uhf_long,51684,1246590,MeerKAT:array_1:20250702T175345Z,Gaia_6117567630486215552,51,580.046847820282,0.05092927843121751,13.071773,64,1.0,1,0.0007568340565928414,shortlist
lband_short,221783,21170474,MeerKAT:array_1:20250708T092055Z,Gaia_2973747055520055296,39,950.3906696289778,0.13325989057752777,40.076653,34,0.53125,1,0.0007601903074314413,shortlist
uhf_long,71270,11382362,MeerKAT:array_1:20250715T124827Z,ex_[VV2006]_J131716.4-021814,22,599.4172619581223,-0.059077962980212305,41.95563,49,0.765625,1,0.0007707527039796265,shortlist
uhf_long,58252,4543231,MeerKAT:array_1:20250715T124827Z,ex_2dFGRS_TGN262Z292,58,587.1294002532959,-0.05704079184296361,23.949545,58,0.90625,1,0.0007714331161373089,shortlist
uhf_long,61857,5531807,MeerKAT:array_1:20250720T052239Z,Gaia_4668921925141621760,12,587.0349504947662,0.006111513411746101,406.03607,64,1.0,1,0.0007721702614779889,shortlist
uhf_long,71278,11382380,MeerKAT:array_1:20250715T124827Z,ex_[VV2006]_J131802.0-021617,31,599.4172619581223,-0.059077962980212305,30.050463,49,0.765625,1,0.0007776286330050413,shortlist
uhf_long,105096,33876800,MeerKAT:array_1:20250715T124827Z,ex_[VV2006]_J131904.7-021321,36,636.2808470726013,-0.059077962980212305,14.9939575,44,0.6875,1,0.0007776472208310332,shortlist
lband_short,281250,24367981,MeerKAT:array_1:20250711T095125Z,Gaia_4814710398116321664,7,950.3837450444698,-0.09225684732290385,27.51215,32,0.5,1,0.000782852180016709,shortlist
uhf_long,105087,33876781,MeerKAT:array_1:20250715T124827Z,ex_[VV2006]_J131735.5-021504,26,636.2808470726013,-0.059077962980212305,16.35046,44,0.6875,1,0.0007843022211154769,shortlist
uhf_long,32322,987595,MeerKAT:array_1:20250715T135202Z,ex_CRTS_J153537.6-331607,4,562.5537295341492,-0.055003620705714906,14.349725,44,0.6875,1,0.0007899807974811499,shortlist
uhf_long,58187,4543165,MeerKAT:array_1:20250715T124827Z,ex_LBQS_1314-0216,25,587.1294002532959,-0.059077962980212305,17.784237,57,0.890625,1,0.0007942966086638597,shortlist
lband_short,281815,24369996,MeerKAT:array_1:20250711T095125Z,Gaia_4814722561463796992,40,950.3958786129951,-0.09225684732290385,15.949149,33,0.515625,1,0.0007950581568196638,shortlist
uhf_long,32348,987633,MeerKAT:array_1:20250715T135202Z,ex_LEDA_185107,42,562.5537295341492,-0.055003620705714906,23.835764,44,0.6875,1,0.0007965834061012348,shortlist
lband_short,141592,15332420,MeerKAT:array_1:20250701T065749Z,ex_LEDA_1149755,8,950.4548244774342,0.05125380406827991,33.26858,34,0.53125,1,0.0008056874902940082,shortlist
uhf_long,79820,28005112,MeerKAT:array_1:20250715T124827Z,ex_[VV2006]_J131735.5-021504,26,611.7051236629486,-0.059077962980212305,26.454536,56,0.875,1,0.0008132832466252042,shortlist
uhf_long,58183,4543161,MeerKAT:array_1:20250715T124827Z,ex_[VV2006]_J131716.7-014247,23,587.1294002532959,-0.05704079184296361,24.730076,58,0.90625,1,0.0008166233182247319,shortlist
uhf_long,58166,4543143,MeerKAT:array_1:20250715T124827Z,ex_[VV2006]_J131624.0-015835,14,587.1294002532959,-0.059077962980212305,16.009615,57,0.890625,1,0.0008200497037106783,shortlist
uhf_long,58235,4543213,MeerKAT:array_1:20250715T124827Z,ex_ASASSN-V_J131645.18-014824.8,49,587.1294002532959,-0.059077962980212305,21.855911,57,0.890625,1,0.000820940567454809,shortlist
lband_short,281408,24368530,MeerKAT:array_1:20250711T095125Z,Gaia_4790686034689728128,16,950.3958786129951,-0.09225684732290385,15.829233,33,0.515625,1,0.0008219257291245289,shortlist
uhf_long,71254,11382324,MeerKAT:array_1:20250715T124827Z,ex_IC_4218,3,599.4172619581223,-0.059077962980212305,39.045967,49,0.765625,1,0.000822055710298539,shortlist
uhf_long,58189,4543167,MeerKAT:array_1:20250715T124827Z,ex_[VV2006]_J131735.5-021504,26,587.1294002532959,-0.05704079184296361,29.28112,58,0.90625,1,0.0008237845533874249,shortlist
uhf_long,105066,33876737,MeerKAT:array_1:20250715T124827Z,ex_2MASX_J13155881-0223450,4,636.2808470726013,-0.059077962980212305,15.852981,44,0.6875,1,0.0008238756058281316,shortlist
lband_long,245791,35161169,MeerKAT:array_1:20250723T000253Z,Gaia_6440695955940547456,43,1031.988849401474,-0.03026415097365099,38.213406,64,1.0,1,0.0008251657341864174,shortlist
uhf_long,71266,11382354,MeerKAT:array_1:20250715T124827Z,ex_[VV2006]_J131704.3-020048,18,599.4172619581223,-0.059077962980212305,50.018032,49,0.765625,1,0.0008254844388256157,shortlist
uhf_long,71293,11382418,MeerKAT:array_1:20250715T124827Z,ex_LEDA_1099019,50,599.4172619581223,-0.059077962980212305,30.481451,49,0.765625,1,0.0008259127204053708,shortlist
uhf_long,105082,33876771,MeerKAT:array_1:20250715T124827Z,ex_[VV2006]_J131714.2-022516,21,636.2808470726013,-0.05704079184296361,17.055399,42,0.65625,1,0.0008275934887567204,shortlist
lband_long,142344,22184439,MeerKAT:array_1:20250709T163303Z,Gaia_6440682521282895360,28,959.835764631629,-0.17654088067963078,18.248322,34,0.53125,1,0.0008288209158308336,shortlist
uhf_long,105064,33876733,MeerKAT:array_1:20250715T124827Z,ex_ATO_J199.0886-01.7543,2,636.2808470726013,-0.059077962980212305,16.109804,44,0.6875,1,0.0008307369922227605,shortlist
uhf_short,55385,33364104,MeerKAT:array_1:20250717T021511Z,ex_LEDA_3096664,50,615.6722678542137,0.05133671265866724,15.910528,64,1.0,1,0.0008308959559330685,shortlist
uhf_long,105103,33876820,MeerKAT:array_1:20250715T124827Z,ex_2QZ_J131652.4-014400,47,636.2808470726013,-0.059077962980212305,16.862082,44,0.6875,1,0.0008327962601885694,shortlist
uhf_long,105079,33876765,MeerKAT:array_1:20250715T124827Z,ex_[VV2006]_J131704.3-020048,18,636.2808470726013,-0.059077962980212305,19.48752,44,0.6875,1,0.0008330980984214847,shortlist
lband_short,281546,24369068,MeerKAT:array_1:20250711T095125Z,Gaia_4790680812009532160,25,950.3958786129951,-0.09225684732290385,17.060278,33,0.515625,1,0.0008342754685038191,shortlist
lband_short,281264,24368043,MeerKAT:array_1:20250711T095125Z,Gaia_4814716033113407872,8,950.3958786129951,-0.09225684732290385,15.52533,33,0.515625,1,0.0008357626259489466,shortlist
uhf_long,71269,11382360,MeerKAT:array_1:20250715T124827Z,ex_[VV2006]_J131714.2-022516,21,599.4172619581223,-0.059077962980212305,59.11142,49,0.765625,1,0.0008371230643556529,shortlist
lband_short,141671,15332883,MeerKAT:array_1:20250701T065749Z,ex_PGC1148728,14,950.4548244774342,0.05125380406827991,33.166172,34,0.53125,1,0.0008399185695327606,shortlist
uhf_long,105071,33876749,MeerKAT:array_1:20250715T124827Z,ex_[VV2006]_J131604.1-013605,10,636.2808470726013,-0.059077962980212305,18.225641,44,0.6875,1,0.0008402080260514631,shortlist
uhf_long,79824,28005116,MeerKAT:array_1:20250715T124827Z,ex_[VV2006]_J131801.0-022404,30,611.7051236629486,-0.059077962980212305,33.131927,56,0.875,1,0.0008502237370767182,shortlist
lband_short,141500,15331956,MeerKAT:array_1:20250701T065749Z,ex_2MASX_J00580897+0015076,2,950.4548244774342,0.05125380406827991,33.47417,34,0.53125,1,0.0008525755396311052,shortlist
lband_short,221383,21167476,MeerKAT:array_1:20250708T092055Z,Gaia_2973665897818189184,8,950.3906696289778,0.14351065139118374,39.75541,34,0.53125,1,0.0008613815203101053,shortlist
lband_short,221874,21171059,MeerKAT:array_1:20250708T092055Z,Gaia_2973932872985083136,45,950.3906696289778,0.14351065139118374,39.691887,34,0.53125,1,0.0008619683627962419,shortlist
lband_short,141517,15332033,MeerKAT:array_1:20250701T065749Z,ex_LEDA_1156005,3,950.4548244774342,0.05125380406827991,32.49268,34,0.53125,1,0.0008679549805592414,shortlist
uhf_long,58258,4543237,MeerKAT:array_1:20250715T124827Z,ex_2dFGRS_TGN261Z260,61,587.1294002532959,-0.05704079184296361,21.087229,58,0.90625,1,0.0008714872937464693,shortlist
uhf_long,79816,28005108,MeerKAT:array_1:20250715T124827Z,ex_[VV2006]_J131716.4-021814,22,611.7051236629486,-0.059077962980212305,35.220665,56,0.875,1,0.0008802195013704354,shortlist
uhf_long,105078,33876763,MeerKAT:array_1:20250715T124827Z,ex_[VV2006]_J131702.2-012952,17,636.2808470726013,-0.059077962980212305,19.586164,44,0.6875,1,0.0008805684253098429,shortlist
uhf_long,79821,28005113,MeerKAT:array_1:20250715T124827Z,ex_[VV2006]_J131739.1-021013,27,611.7051236629486,-0.059077962980212305,53.368557,56,0.875,1,0.0008816786875386379,shortlist
lband_long,275140,35827009,MeerKAT:array_1:20240319T020710Z,Gaia_2543031173681877120,46,1248.6045231074095,-0.20680503165328176,7.6977515,43,0.671875,1,0.0008835988087847879,shortlist
lband_long,275127,35826983,MeerKAT:array_1:20240319T020710Z,Gaia_2543029352615742080,36,1248.6045231074095,-0.20680503165328176,7.2959356,43,0.671875,1,0.0008856283653582343,shortlist
lband_short,282202,24371423,MeerKAT:array_1:20250711T095125Z,Gaia_4814703766686823680,63,950.3837450444698,-0.09225684732290385,28.109512,32,0.5,1,0.0008880929360147306,shortlist
lband_short,141836,15333815,MeerKAT:array_1:20250701T065749Z,Gaia_2536491175440480384,26,950.4548244774342,0.05125380406827991,35.5801,34,0.53125,1,0.00088820415334367,shortlist
lband_short,281794,24369935,MeerKAT:array_1:20250711T095125Z,Gaia_4814662053964434048,39,950.3958786129951,-0.09225684732290385,16.53122,33,0.515625,1,0.000888928095606505,shortlist
uhf_long,105083,33876773,MeerKAT:array_1:20250715T124827Z,ex_[VV2006]_J131716.4-021814,22,636.2808470726013,-0.06111513411746101,18.74144,40,0.625,1,0.0008907741229774104,shortlist
uhf_short,180992,33500351,MeerKAT:array_1:20250711T023810Z,Gaia_2682528412920713856,2,623.999510884285,-0.01711223755288908,28.621126,38,0.59375,1,0.0009043846498837358,shortlist
lband_short,141952,15334511,MeerKAT:array_1:20250701T065749Z,Gaia_2536470761460659712,35,950.4548244774342,0.05125380406827991,32.63812,34,0.53125,1,0.000909646395433687,shortlist
uhf_long,79849,28005143,MeerKAT:array_1:20250715T124827Z,ex_UGC_8340,57,611.7051236629486,-0.059077962980212305,42.002686,56,0.875,1,0.0009106107931796785,shortlist
uhf_long,105095,33876798,MeerKAT:array_1:20250715T124827Z,ex_[VV2006]_J131858.7-013642,35,636.2808470726013,-0.059077962980212305,18.59877,44,0.6875,1,0.0009138609137991682,shortlist
uhf_long,105086,33876779,MeerKAT:array_1:20250715T124827Z,ex_LBQS_1314-0216,25,636.2808470726013,-0.059077962980212305,17.874825,44,0.6875,1,0.0009140776846811021,shortlist
lband_short,141806,15333657,MeerKAT:array_1:20250701T065749Z,Gaia_2536495539127214848,24,950.4548244774342,0.05125380406827991,32.20359,34,0.53125,1,0.0009221426616057575,shortlist
uhf_long,105110,33876834,MeerKAT:array_1:20250715T124827Z,ex_LEDA_1096217,54,636.2808470726013,-0.05704079184296361,20.737839,42,0.65625,1,0.0009244494950538187,shortlist
lband_short,281299,24368169,MeerKAT:array_1:20250711T095125Z,Gaia_4814654288663636096,10,950.3958786129951,-0.09225684732290385,16.465075,33,0.515625,1,0.0009320440249472473,shortlist
uhf_long,105063,33876731,MeerKAT:array_1:20250715T124827Z,ex_4FGL_J1317.5-0153,1,636.2808470726013,-0.059077962980212305,27.611639,44,0.6875,1,0.0009331200821388356,shortlist
lband_short,281915,24370372,MeerKAT:array_1:20250711T095125Z,Gaia_4814726822071264512,46,950.3958786129951,-0.09225684732290385,16.420277,33,0.515625,1,0.0009366145854892653,shortlist
uhf_long,79833,28005126,MeerKAT:array_1:20250715T124827Z,ex_LBQS_1317-0142,40,611.7051236629486,-0.059077962980212305,56.447117,56,0.875,1,0.0009414451679147878,shortlist
uhf_short,169342,15149078,MeerKAT:array_1:20250731T212434Z,Gaia_2699214704463802496,48,599.9867997169495,0.0,7.381735,63,0.984375,1,0.0009546014894470801,shortlist
uhf_long,105098,33876808,MeerKAT:array_1:20250715T124827Z,ex_LBQS_1317-0142,40,636.2808470726013,-0.059077962980212305,18.459623,44,0.6875,1,0.0009549419747826159,shortlist
uhf_long,170577,1233889,MeerKAT:array_1:20250729T031818Z,Gaia_4669704743060998272,55,575.9639699459076,0.0,37.211906,64,1.0,1,0.0009577237009707556,shortlist
uhf_long,58223,4543201,MeerKAT:array_1:20250715T124827Z,ex_2dFGRS_TGN261Z225,43,587.1294002532959,-0.059077962980212305,23.558758,57,0.890625,1,0.0009583098362438459,shortlist
lband_short,142206,15335972,MeerKAT:array_1:20250701T065749Z,Gaia_2536477259746431232,54,950.4548244774342,0.05125380406827991,32.26642,34,0.53125,1,0.0009604167287124169,shortlist
lband_long,275161,35827048,MeerKAT:array_1:20240319T020710Z,Gaia_2531012755675980032,63,1248.6045231074095,-0.20680503165328176,6.6901865,43,0.671875,1,0.0009625508455370284,shortlist
lband_short,142176,15335818,MeerKAT:array_1:20250701T065749Z,Gaia_2536483994255147776,52,950.4548244774342,0.05125380406827991,30.854832,34,0.53125,1,0.0009629785131804461,shortlist
lband_short,141549,15332187,MeerKAT:array_1:20250701T065749Z,ex_PGC1155953,5,950.4548244774342,0.05125380406827991,33.881153,34,0.53125,1,0.0009647549392618965,shortlist
lband_short,282188,24371359,MeerKAT:array_1:20250711T095125Z,Gaia_4814663634512398464,62,950.3958786129951,-0.09225684732290385,16.0417,33,0.515625,1,0.000964813001108464,shortlist
uhf_long,71281,11382386,MeerKAT:array_1:20250715T124827Z,ex_[VV2006]_J131844.0-013821,34,599.4172619581223,-0.059077962980212305,58.07828,49,0.765625,1,0.0009666673010405522,shortlist
lband_short,281999,24370679,MeerKAT:array_1:20250711T095125Z,Gaia_4790693834350351744,51,950.3958786129951,-0.09225684732290385,18.464233,33,0.515625,1,0.000972177269351322,shortlist
lband_short,142285,15336357,MeerKAT:array_1:20250701T065749Z,ex_SN_2005ho,59,950.4548244774342,0.05125380406827991,31.91999,34,0.53125,1,0.0009726003563810406,shortlist
uhf_long,79801,28005091,MeerKAT:array_1:20250715T124827Z,ex_LBQS_1313-0142,5,611.7051236629486,-0.059077962980212305,51.1725,56,0.875,1,0.0009765344979699447,shortlist
lband_short,222027,21172023,MeerKAT:array_1:20250708T092055Z,Gaia_2973821306914811136,55,950.3906696289778,0.14351065139118374,40.44688,34,0.53125,1,0.0009776503036798463,shortlist
lband_short,281532,24369010,MeerKAT:array_1:20250711T095125Z,Gaia_4814708061654122496,24,950.3958786129951,-0.08200608650924786,16.043089,33,0.515625,1,0.0009805437174771833,shortlist
lband_short,282018,24370739,MeerKAT:array_1:20250711T095125Z,Gaia_4790680949448482944,52,950.3837450444698,-0.09225684732290385,28.145655,32,0.5,1,0.0009816481281764739,shortlist
lband_short,281659,24369437,MeerKAT:array_1:20250711T095125Z,Gaia_4790695861574909568,31,950.3958786129951,-0.09225684732290385,18.586994,33,0.515625,1,0.000989110752070994,shortlist
uhf_long,71260,11382340,MeerKAT:array_1:20250715T124827Z,ex_LBQS_1313-0138,11,599.4172619581223,-0.059077962980212305,62.720192,49,0.765625,1,0.0009901216002219724,shortlist
uhf_long,79846,28005140,MeerKAT:array_1:20250715T124827Z,ex_LEDA_1096217,54,611.7051236629486,-0.059077962980212305,38.23426,56,0.875,1,0.0009977223859939785,shortlist
lband_short,141725,15333193,MeerKAT:array_1:20250701T065749Z,ex_LEDA_1154577,18,950.4548244774342,0.05125380406827991,31.992722,34,0.53125,1,0.0010069516989250973,shortlist
uhf_long,105099,33876809,MeerKAT:array_1:20250715T124827Z,ex_LBQS_1313-0153,41,636.2808470726013,-0.059077962980212305,21.61626,44,0.6875,1,0.001009238497245869,shortlist
lband_short,348744,30013873,MeerKAT:array_1:20250719T212149Z,Gaia_4216928259930022016,18,951.6206627041101,0.05125380406827991,26.297934,42,0.65625,1,0.001010650177907072,shortlist
lband_short,141489,15331881,MeerKAT:array_1:20250701T065749Z,ex_2MASX_J00580318+0006344,1,950.4548244774342,0.05125380406827991,32.15102,34,0.53125,1,0.0010151916910930352,shortlist
uhf_short,89665,34992950,MeerKAT:array_1:20250713T154120Z,Gaia_1468181076322261632,18,658.6223177313805,0.02566835632933362,24.636189,63,0.984375,1,0.0010216053520646317,shortlist
uhf_short,5419,379817,MeerKAT:array_1:20250729T175426Z,Gaia_6733409144103975424,59,544.0797075629234,0.03422447510577816,27.856867,64,1.0,1,0.0010228301694260042,shortlist
uhf_long,105070,33876747,MeerKAT:array_1:20250715T124827Z,ex_[VV2006]_J131600.8-021819,9,636.2808470726013,-0.059077962980212305,20.60008,44,0.6875,1,0.0010278415326104918,shortlist
lband_short,416723,34448283,MeerKAT:array_1:20250708T101552Z,Gaia_2973623360462331136,55,1007.9922415018082,-0.32802434603699143,70.23722,64,1.0,1,0.0010284980155955427,shortlist
uhf_long,71257,11382332,MeerKAT:array_1:20250715T124827Z,ex_[VV2006]_J131540.1-020548,7,599.4172619581223,-0.059077962980212305,59.165623,49,0.765625,1,0.0010343465494492988,shortlist
lband_short,281865,24370186,MeerKAT:array_1:20250711T095125Z,Gaia_4814726959510216448,43,950.3958786129951,-0.09225684732290385,16.05802,33,0.515625,1,0.001034670939946689,shortlist
lband_long,176858,31534695,MeerKAT:array_1:20250722T155604Z,J1939-6342,0,950.3074614107609,-0.050440251622751654,8.4073925,34,0.53125,1,0.0010362181738534778,shortlist
lband_short,281456,24368710,MeerKAT:array_1:20250711T095125Z,Gaia_4814728230820489984,19,950.3958786129951,-0.09225684732290385,17.21799,33,0.515625,1,0.0010369013401909123,shortlist
lband_short,141895,15334199,MeerKAT:array_1:20250701T065749Z,Gaia_2536477775142505856,31,950.4548244774342,0.05125380406827991,32.052998,34,0.53125,1,0.001038534790158993,shortlist
lband_short,349609,30018897,MeerKAT:array_1:20250719T212149Z,Gaia_4216736944907920896,54,951.6206627041101,0.05125380406827991,24.686884,42,0.65625,1,0.0010456444569184034,shortlist
uhf_short,166101,13614281,MeerKAT:array_1:20250728T214014Z,Gaia_2682476426636516736,26,599.993676841259,-0.00855611877644454,297.09702,64,1.0,1,0.0010560246917048553,shortlist
uhf_long,58181,4543159,MeerKAT:array_1:20250715T124827Z,ex_[VV2006]_J131716.4-021814,22,587.1294002532959,-0.05704079184296361,27.072552,58,0.90625,1,0.0010679155529158613,shortlist
lband_short,141534,15332111,MeerKAT:array_1:20250701T065749Z,ex_LEDA_1155892,4,950.4548244774342,0.05125380406827991,33.428967,34,0.53125,1,0.0010679760651253322,shortlist
uhf_long,61902,5531852,MeerKAT:array_1:20250720T052239Z,Gaia_4669767415223805568,57,587.0349504947662,0.006111513411746101,398.97437,64,1.0,1,0.0010680293956173866,shortlist
lband_long,245785,35161163,MeerKAT:array_1:20250723T000253Z,Gaia_6440701968894754944,37,1031.988849401474,-0.03026415097365099,38.204556,64,1.0,1,0.0010707707035614792,shortlist
lband_short,221916,21171349,MeerKAT:array_1:20250708T092055Z,Gaia_2973728123304216832,48,950.3906696289778,0.14351065139118374,41.857822,34,0.53125,1,0.0010712527360549403,shortlist
lband_short,141819,15333737,MeerKAT:array_1:20250701T065749Z,Gaia_2536502028822447488,25,950.4548244774342,0.05125380406827991,32.349804,34,0.53125,1,0.0010757903088253681,shortlist
lband_short,281836,24370060,MeerKAT:array_1:20250711T095125Z,Gaia_4790702493004408576,41,950.3958786129951,-0.09225684732290385,16.072748,33,0.515625,1,0.0010779027368448648,shortlist
lband_short,281160,24367614,MeerKAT:array_1:20250711T095125Z,Gaia_4815473940222636160,1,950.3958786129951,-0.09225684732290385,16.285519,33,0.515625,1,0.001083654732813499,shortlist
lband_short,281986,24370620,MeerKAT:array_1:20250711T095125Z,Gaia_4790696411330727936,50,950.3958786129951,-0.09225684732290385,16.210886,33,0.515625,1,0.0010898388998103494,shortlist
lband_short,141858,15333968,MeerKAT:array_1:20250701T065749Z,Gaia_2536452550799082496,28,950.4548244774342,0.05125380406827991,32.963467,34,0.53125,1,0.0010929360507492072,shortlist
lband_short,142164,15335741,MeerKAT:array_1:20250701T065749Z,Gaia_2536429499710111232,51,950.4548244774342,0.05125380406827991,32.38086,34,0.53125,1,0.0010976840445935969,shortlist
uhf_long,32334,987612,MeerKAT:array_1:20250715T135202Z,ex_ASASSN-V_J153200.27-331814.3,21,562.5537295341492,-0.055003620705714906,21.411503,44,0.6875,1,0.0011123656966750266,shortlist
uhf_long,58215,4543193,MeerKAT:array_1:20250715T124827Z,ex_[VV2006]_J131924.0-013740,39,587.1294002532959,-0.059077962980212305,28.728935,57,0.890625,1,0.0011138707052453579,shortlist
lband_long,275111,35826955,MeerKAT:array_1:20240319T020710Z,Gaia_2530970149600386304,22,1248.6045231074095,-0.20680503165328176,7.217969,43,0.671875,1,0.001114671627948932,shortlist
lband_short,142240,15336130,MeerKAT:array_1:20250701T065749Z,Gaia_2536401840120694016,56,950.4548244774342,0.05125380406827991,37.523155,34,0.53125,1,0.0011198606252587615,shortlist
lband_long,177255,31535252,MeerKAT:array_1:20250722T155604Z,Gaia_6441461112953880960,44,950.3074614107609,-0.050440251622751654,12.666526,34,0.53125,1,0.0011225289612401134,shortlist
uhf_long,79810,28005102,MeerKAT:array_1:20250715T124827Z,ex_[VV2006]_J131657.2-021631,16,611.7051236629486,-0.05704079184296361,28.189241,56,0.875,1,0.0011235270861625435,shortlist
lband_long,275148,35827024,MeerKAT:array_1:20240319T020710Z,Gaia_2530997225074268544,53,1248.6045231074095,-0.20680503165328176,7.211243,43,0.671875,1,0.0011268099152723131,shortlist
uhf_long,66522,8287473,MeerKAT:array_1:20250705T190623Z,ex_ASASSN-V_J182724.63-114816.0,18,601.3515314459801,0.0183345402352383,22.180025,60,0.9375,1,0.0011287844612038282,shortlist
lband_short,142060,15335129,MeerKAT:array_1:20250701T065749Z,Gaia_2536399469298755712,43,950.4548244774342,0.05125380406827991,33.870728,34,0.53125,1,0.001138066848282935,shortlist
lband_short,142087,15335279,MeerKAT:array_1:20250701T065749Z,Gaia_2536402114998600704,45,950.4548244774342,0.05125380406827991,35.048714,34,0.53125,1,0.0011396395532082338,shortlist
uhf_long,105109,33876832,MeerKAT:array_1:20250715T124827Z,ex_2dFGRS_TGN261Z268,53,636.2808470726013,-0.059077962980212305,16.08506,44,0.6875,1,0.0011397819049681398,shortlist
lband_short,282019,24370741,MeerKAT:array_1:20250711T095125Z,Gaia_4790680949448482944,52,950.3958786129951,-0.09225684732290385,16.317053,33,0.515625,1,0.0011426332127119792,shortlist
lband_short,281834,24370058,MeerKAT:array_1:20250711T095125Z,Gaia_4790702493004408576,41,950.3837450444698,-0.09225684732290385,29.74459,32,0.5,1,0.001143846047547952,shortlist
uhf_long,105090,33876789,MeerKAT:array_1:20250715T124827Z,ex_[VV2006]_J131801.0-022404,30,636.2808470726013,-0.059077962980212305,18.355265,44,0.6875,1,0.0011445118971876356,shortlist
lband_short,282139,24371177,MeerKAT:array_1:20250711T095125Z,Gaia_4814730704721657216,59,950.3958786129951,-0.09225684732290385,15.930332,33,0.515625,1,0.001144560052935588,shortlist
uhf_long,32349,987634,MeerKAT:array_1:20250715T135202Z,ex_2MASX_J15342271-3325592,43,562.5537295341492,-0.055003620705714906,23.56658,44,0.6875,1,0.001145805620467795,shortlist
lband_short,141922,15334355,MeerKAT:array_1:20250701T065749Z,Gaia_2536493511902694784,33,950.4548244774342,0.05125380406827991,30.776852,34,0.53125,1,0.0011621523218870104,shortlist
uhf_long,79853,28005147,MeerKAT:array_1:20250715T124827Z,ex_2dFGRS_TGN261Z260,61,611.7051236629486,-0.059077962980212305,36.447655,56,0.875,1,0.00116533322226181,shortlist
uhf_long,58154,4543131,MeerKAT:array_1:20250715T124827Z,ex_[VV2006]_J131553.3-014051,8,587.1294002532959,-0.059077962980212305,30.035704,57,0.890625,1,0.0011756133493221674,shortlist
lband_long,177140,31535085,MeerKAT:array_1:20250722T155604Z,Gaia_6441069201482348800,31,950.3074614107609,-0.050440251622751654,13.294906,34,0.53125,1,0.0011764418852419128,shortlist
uhf_long,71299,11382432,MeerKAT:array_1:20250715T124827Z,ex_UGC_8340,57,599.4172619581223,-0.059077962980212305,54.472267,49,0.765625,1,0.0011930503340067012,shortlist
lband_short,281899,24370310,MeerKAT:array_1:20250711T095125Z,Gaia_4814703285650487680,45,950.3958786129951,-0.09225684732290385,18.39778,33,0.515625,1,0.0012031962048992958,shortlist
lband_short,484536,1473676,MeerKAT:array_1:20250731T030702Z,Gaia_2546799165671211136,40,911.9894718378782,-0.020501521627311965,26.159155,64,1.0,1,0.0012076127759258638,shortlist
lband_short,281220,24367858,MeerKAT:array_1:20250711T095125Z,Gaia_4814707305739875712,5,950.3958786129951,-0.09225684732290385,17.835215,33,0.515625,1,0.0012080218306966173,shortlist
lband_long,275144,35827016,MeerKAT:array_1:20240319T020710Z,Gaia_2530940462786470656,49,1248.6045215129852,-0.20680503165328176,6.7453685,43,0.671875,1,0.0012132676689560061,shortlist
uhf_long,58219,4543197,MeerKAT:array_1:20250715T124827Z,ex_LBQS_1313-0153,41,587.1294002532959,-0.059077962980212305,25.523926,57,0.890625,1,0.0012157442774432252,shortlist
lband_short,221815,21170668,MeerKAT:array_1:20250708T092055Z,Gaia_2973634767895415168,41,950.3906696289778,0.14351065139118374,38.429276,34,0.53125,1,0.0012177186588489767,shortlist
lband_long,275156,35827038,MeerKAT:array_1:20240319T020710Z,Gaia_2530969909082218112,59,1248.6045231074095,-0.20680503165328176,7.2264256,43,0.671875,1,0.0012178229035473601,shortlist
uhf_short,23990,1112208,MeerKAT:array_1:20250713T025525Z,Gaia_2682559920800831744,38,575.9945446252823,0.0427805938822227,52.13065,63,0.984375,1,0.0012291832242405099,shortlist
uhf_long,61904,5531854,MeerKAT:array_1:20250720T052239Z,Gaia_4669756415811624576,59,587.0349504947662,0.006111513411746101,385.33047,64,1.0,1,0.001235213677988593,shortlist
lband_short,281813,24369994,MeerKAT:array_1:20250711T095125Z,Gaia_4814722561463796992,40,950.3837450444698,-0.09225684732290385,28.830128,32,0.5,1,0.0012378181894063375,shortlist
lband_short,281262,24368041,MeerKAT:array_1:20250711T095125Z,Gaia_4814716033113407872,8,950.3837450444698,-0.09225684732290385,27.921288,32,0.5,1,0.001255775228730312,shortlist
uhf_long,79799,28005089,MeerKAT:array_1:20250715T124827Z,ex_IC_4218,3,611.7051236629486,-0.059077962980212305,26.08824,56,0.875,1,0.0012576522875966702,shortlist
uhf_long,79831,28005123,MeerKAT:array_1:20250715T124827Z,ex_[VV2006]_J131905.8-015208,37,611.7051236629486,-0.059077962980212305,46.05541,56,0.875,1,0.001263097565657789,shortlist
uhf_long,58197,4543175,MeerKAT:array_1:20250715T124827Z,ex_[VV2006]_J131801.0-022404,30,587.1294002532959,-0.05704079184296361,28.737995,58,0.90625,1,0.0012697251890723188,shortlist
uhf_long,51635,1246541,MeerKAT:array_1:20250702T175345Z,ex_CRTS_J140828.9-373311,2,580.046847820282,0.05092927843121751,13.239274,64,1.0,1,0.001274837238999311,shortlist
lband_long,275116,35826960,MeerKAT:array_1:20240319T020710Z,Gaia_2531018562471794048,24,1248.6045231074095,-0.20680503165328176,7.2510595,43,0.671875,1,0.0012792403155636467,shortlist
lband_short,142030,15334974,MeerKAT:array_1:20250701T065749Z,Gaia_2536489491813309824,41,950.4548244774342,0.05125380406827991,35.77573,34,0.53125,1,0.0012850649049531047,shortlist
uhf_short,104946,61742,MeerKAT:array_1:20250706T001134Z,Gaia_2699626918244595072,38,551.947840988636,0.0,237.75041,64,1.0,1,0.0012882268470696735,shortlist
lband_short,221662,21169601,MeerKAT:array_1:20250708T092055Z,Gaia_2973715650719315968,30,950.3906696289778,0.13325989057752777,39.487545,34,0.53125,1,0.0013051777574504386,shortlist
uhf_long,58213,4543191,MeerKAT:array_1:20250715T124827Z,ex_[VV2006]_J131908.3-014326,38,587.1294002532959,-0.059077962980212305,26.101463,57,0.890625,1,0.0013092998618132194,shortlist
lband_short,142153,15335662,MeerKAT:array_1:20250701T065749Z,Gaia_2536479080812564096,50,950.4548244774342,0.05125380406827991,33.504654,34,0.53125,1,0.0013199471577587394,shortlist
uhf_long,32342,987622,MeerKAT:array_1:20250715T135202Z,ex_ASASSN-V_J153511.70-332719.0,31,562.5537295341492,-0.0529664495684662,22.24068,44,0.6875,1,0.0013309709002326754,shortlist
uhf_short,135380,1110088,MeerKAT:array_1:20250713T002413Z,Gaia_2682532948406193664,35,575.9807022213936,0.0,43.47866,64,1.0,1,0.0013500646566060998,shortlist
lband_short,282069,24370926,MeerKAT:array_1:20250711T095125Z,Gaia_4814653841987037696,55,950.3958786129951,-0.09225684732290385,16.004715,33,0.515625,1,0.0013509465611877345,shortlist
uhf_short,88740,34915214,MeerKAT:array_1:20250731T233401Z,Gaia_2536427678643991424,51,649.9998751282692,0.09411730654088994,33.302532,64,1.0,1,0.0013580818865855247,shortlist
uhf_long,71264,11382350,MeerKAT:array_1:20250715T124827Z,ex_[VV2006]_J131657.2-021631,16,599.4172619581223,-0.05704079184296361,34.83242,49,0.765625,1,0.0013682107632844713,shortlist
lband_long,245784,35161162,MeerKAT:array_1:20250723T000253Z,Gaia_6440683891377314560,36,1031.988849401474,-0.03026415097365099,39.493084,64,1.0,1,0.0013699556174490272,shortlist
uhf_long,71305,11382444,MeerKAT:array_1:20250715T124827Z,ex_2MASX_J13171155-0212040,63,599.4172619581223,-0.059077962980212305,30.714027,49,0.765625,1,0.0013781391134677062,shortlist
lband_long,275084,35826909,MeerKAT:array_1:20240319T020710Z,Gaia_2530979151851814144,3,1248.6045215129852,-0.20176100649100662,7.1975613,51,0.796875,1,0.0013821371751296242,shortlist
uhf_long,58211,4543189,MeerKAT:array_1:20250715T124827Z,ex_[VV2006]_J131905.8-015208,37,587.1294002532959,-0.059077962980212305,17.769402,57,0.890625,1,0.0013962352543833317,shortlist
lband_short,142042,15335051,MeerKAT:array_1:20250701T065749Z,Gaia_2536399606737724032,42,950.4548244774342,0.05125380406827991,34.67711,34,0.53125,1,0.0014045949290827778,shortlist
lband_long,275122,35826970,MeerKAT:array_1:20240319T020710Z,Gaia_2543026054080860416,29,1248.6045231074095,-0.20680503165328176,6.863408,43,0.671875,1,0.0014154174896019067,shortlist
lband_short,167972,17897769,MeerKAT:array_1:20250706T022717Z,Gaia_2546859982406706560,43,951.6035258322954,0.1230091297638718,115.02447,33,0.515625,1,0.0014255111887200092,shortlist
uhf_long,71297,11382428,MeerKAT:array_1:20250715T124827Z,ex_2dFGRS_TGN194Z171,55,599.4172619581223,-0.059077962980212305,63.072906,49,0.765625,1,0.0014291377695401235,shortlist
uhf_long,79814,28005106,MeerKAT:array_1:20250715T124827Z,ex_[VV2006]_J131712.9-014118,20,611.7051236629486,-0.059077962980212305,44.001904,56,0.875,1,0.0014292915073995571,shortlist
lband_short,281159,24367612,MeerKAT:array_1:20250711T095125Z,Gaia_4815473940222636160,1,950.3837450444698,-0.09225684732290385,27.116888,32,0.5,1,0.0014337699143653756,shortlist
uhf_long,156245,280563,MeerKAT:array_1:20250715T133052Z,Gaia_6226379561776340096,58,551.9936209321022,0.0020371711372487,259.7422,64,1.0,1,0.0014388442996551816,shortlist
lband_long,275106,35826946,MeerKAT:array_1:20240319T020710Z,Gaia_2531002722632387456,18,1248.6045215129852,-0.20680503165328176,6.720648,43,0.671875,1,0.0014629267981006487,shortlist
lband_short,349712,30019452,MeerKAT:array_1:20250719T212149Z,Gaia_4216770239494934912,58,951.6206627041101,0.05125380406827991,26.070284,42,0.65625,1,0.0014694967441975938,shortlist
lband_short,281442,24368648,MeerKAT:array_1:20250711T095125Z,Gaia_4814721663814423040,18,950.3958786129951,-0.09225684732290385,16.02277,33,0.515625,1,0.0014716920851486407,shortlist
lband_short,167418,17895785,MeerKAT:array_1:20250706T022717Z,ex_ICRF_J002225.4+001456,26,951.6035258322954,0.1230091297638718,71.81933,33,0.515625,1,0.0014724552628097613,shortlist
lband_short,166538,17892725,MeerKAT:array_1:20250706T022717Z,J0022+0014,0,951.6035258322954,0.1230091297638718,71.88683,33,0.515625,1,0.0014724552628097613,shortlist
lband_short,281852,24370125,MeerKAT:array_1:20250711T095125Z,Gaia_4814661401129475072,42,950.3958786129951,-0.09225684732290385,14.626947,33,0.515625,1,0.0014738438906620542,shortlist
lband_short,142015,15334897,MeerKAT:array_1:20250701T065749Z,Gaia_2536508080431756544,40,950.4548244774342,0.05125380406827991,32.190945,34,0.53125,1,0.0015101914702938715,shortlist
uhf_long,32361,987651,MeerKAT:array_1:20250715T135202Z,Gaia_6016055563045726848,60,562.5537295341492,-0.0529664495684662,22.885933,44,0.6875,1,0.0015109766717001478,shortlist
lband_long,142323,22184417,MeerKAT:array_1:20250709T163303Z,Gaia_6441068376848592384,26,959.835764631629,-0.17654088067963078,19.176865,34,0.53125,1,0.0015227990730202836,shortlist
lband_long,275151,35827028,MeerKAT:array_1:20240319T020710Z,Gaia_2543025916641889664,55,1248.6045215129852,-0.20176100649100662,6.5428534,51,0.796875,1,0.0015471630409642472,shortlist
uhf_long,58142,4543119,MeerKAT:array_1:20250715T124827Z,ex_ATO_J199.0886-01.7543,2,587.1294002532959,-0.05704079184296361,31.007227,58,0.90625,1,0.001552289947598993,shortlist
lband_long,195064,33075718,MeerKAT:array_1:20250731T141132Z,Gaia_5931345235962646144,41,950.4011067301035,0.06557232710957715,59.922134,34,0.53125,1,0.0015571589455677377,shortlist
sband_short,36415,1444151,MeerKAT:array_1:20250719T130249Z,Gaia_2992990261354944640,29,2252.5009710807353,0.021421736472495855,35.40398,60,0.9375,1,0.001564871330875053,shortlist
uhf_long,58148,4543125,MeerKAT:array_1:20250715T124827Z,ex_LBQS_1313-0142,5,587.1294002532959,-0.059077962980212305,18.16635,57,0.890625,1,0.0015814271090820555,shortlist
uhf_long,61852,5531802,MeerKAT:array_1:20250720T052239Z,Gaia_4669783770459354880,7,587.0349504947662,0.006111513411746101,363.40347,64,1.0,1,0.001592425367347411,shortlist
uhf_short,99785,35420471,MeerKAT:array_1:20250715T200216Z,Gaia_4426445526360365824,3,671.9669017195702,-0.09411730654088994,11.82774,62,0.96875,1,0.0016164618193252093,shortlist
lband_long,275136,35827004,MeerKAT:array_1:20240319T020710Z,Gaia_2543030520846859776,44,1248.6045231074095,-0.20680503165328176,7.2425394,43,0.671875,1,0.001620189727860578,shortlist
lband_short,348338,30011505,MeerKAT:array_1:20250719T212149Z,Gaia_4216926954259879296,1,951.6206627041101,0.05125380406827991,24.440317,42,0.65625,1,0.0016258596208234449,shortlist
lband_long,142290,22184377,MeerKAT:array_1:20250709T163303Z,Gaia_6440677951437611008,22,959.835764631629,-0.1714968555173556,19.469164,34,0.53125,1,0.0016338627768869606,shortlist
lband_short,281144,24367567,MeerKAT:array_1:20250711T095125Z,J0440-4333,0,950.3837450444698,-0.09225684732290385,25.978146,32,0.5,1,0.0016542352264078246,shortlist
lband_long,134337,20985302,MeerKAT:array_1:20250707T231708Z,Gaia_6440638197220397568,19,959.6977911293507,-0.02017610064910066,15.1357,40,0.625,1,0.0016551444717255548,shortlist
lband_long,275108,35826951,MeerKAT:array_1:20240319T020710Z,Gaia_2530963312012456192,20,1248.6045231074095,-0.20680503165328176,7.4733047,43,0.671875,1,0.0016572751066920696,shortlist
uhf_short,84516,34898875,MeerKAT:array_1:20250729T050525Z,Gaia_6526535069237757696,53,650.0017000436783,0.02566835632933362,35.595142,53,0.828125,1,0.0016700741585027675,shortlist
uhf_long,58229,4543207,MeerKAT:array_1:20250715T124827Z,ex_2dFGRS_TGN195Z268,46,587.1294002532959,-0.059077962980212305,24.425814,57,0.890625,1,0.0017413760816090927,shortlist
uhf_long,32335,987613,MeerKAT:array_1:20250715T135202Z,ex_ASASSN-V_J153218.02-325446.8,22,562.5537295341492,-0.055003620705714906,15.739006,44,0.6875,1,0.001756607508683219,shortlist
uhf_long,105080,33876767,MeerKAT:array_1:20250715T124827Z,ex_[VV2006]_J131709.6-020414,19,636.2808470726013,-0.059077962980212305,22.455357,44,0.6875,1,0.0017581083875288122,shortlist
lband_long,142152,22184211,MeerKAT:array_1:20250709T163303Z,Gaia_6441463689934278144,6,959.835764631629,-0.1714968555173556,17.793148,34,0.53125,1,0.0017614222814334925,shortlist
lband_long,176985,31534882,MeerKAT:array_1:20250722T155604Z,Gaia_6440678599976785280,15,950.3074614107609,-0.050440251622751654,13.349165,34,0.53125,1,0.001783665402228448,shortlist
lband_long,275133,35826996,MeerKAT:array_1:20240319T020710Z,Gaia_2530968122375825792,41,1248.6045231074095,-0.20680503165328176,7.217714,43,0.671875,1,0.0017999993754228096,shortlist
lband_long,194863,33074500,MeerKAT:array_1:20250731T141132Z,Gaia_5931377912076558336,16,950.4011067301035,0.06557232710957715,53.007862,34,0.53125,1,0.0018033206495562282,shortlist
lband_short,663261,1987255,MeerKAT:array_1:20250706T033223Z,ex_2MASX_J00214584+0033275,18,934.5303177833557,0.0,44.365982,64,1.0,1,0.0018087548527073902,shortlist
lband_short,142331,15336587,MeerKAT:array_1:20250701T065749Z,ex_SDSS_J005746.38+001136.0,62,950.4548244774342,0.05125380406827991,31.965206,34,0.53125,1,0.0018221797797869344,shortlist
lband_long,177303,31535328,MeerKAT:array_1:20250722T155604Z,Gaia_6441067865748168192,50,950.3074614107609,-0.050440251622751654,13.074873,34,0.53125,1,0.0018228500379905246,shortlist
lband_short,281897,24370308,MeerKAT:array_1:20250711T095125Z,Gaia_4814703285650487680,45,950.3837450444698,-0.09225684732290385,31.014524,32,0.5,1,0.0018387802553459572,shortlist
lband_short,339194,27708096,MeerKAT:array_1:20250713T113750Z,Gaia_5096272579842891520,50,950.4651483744383,0.3075228244096795,21.697104,32,0.5,1,0.001839905624786809,shortlist
lband_short,221634,21169413,MeerKAT:array_1:20250708T092055Z,Gaia_2973638478747155200,28,950.3906696289778,0.14351065139118374,46.4303,34,0.53125,1,0.0018563476764418916,shortlist
uhf_long,79800,28005090,MeerKAT:array_1:20250715T124827Z,ex_2MASX_J13155881-0223450,4,611.7051236629486,-0.059077962980212305,51.513824,56,0.875,1,0.0018703743328319096,shortlist
lband_long,275123,35826971,MeerKAT:array_1:20240319T020710Z,Gaia_2531011621804591872,30,1248.6045231074095,-0.20680503165328176,7.2794943,43,0.671875,1,0.0018966536901622937,shortlist
uhf_long,58150,4543127,MeerKAT:array_1:20250715T124827Z,ex_[VV2006]_J131539.5-014850,6,587.1294002532959,-0.059077962980212305,23.04694,57,0.890625,1,0.0019218654356018617,shortlist
uhf_long,231933,34874029,MeerKAT:array_1:20250722T002453Z,Gaia_6441471828896831232,26,647.2235981822014,0.0040743422744974,15.211077,39,0.609375,1,0.0019221045547918756,shortlist
uhf_long,58256,4543235,MeerKAT:array_1:20250715T124827Z,ex_2dFGRS_TGN261Z265,60,587.1294002532959,-0.059077962980212305,16.91368,57,0.890625,1,0.001922919228756859,shortlist
lband_short,281544,24369066,MeerKAT:array_1:20250711T095125Z,Gaia_4790680812009532160,25,950.3837450444698,-0.09225684732290385,26.908852,32,0.5,1,0.0019327648448178823,shortlist
lband_long,134523,20985705,MeerKAT:array_1:20250707T231708Z,Gaia_6441463346336885376,59,959.6977911293507,-0.02017610064910066,14.113104,40,0.625,1,0.0019386922234654142,shortlist
lband_long,275104,35826943,MeerKAT:array_1:20240319T020710Z,Gaia_2530991280839514240,17,1248.6045231074095,-0.20680503165328176,8.079571,43,0.671875,1,0.0019391174813153755,shortlist
uhf_long,32359,987649,MeerKAT:array_1:20250715T135202Z,Gaia_6014499066895969792,58,562.5537295341492,-0.055003620705714906,25.3849,44,0.6875,1,0.0019425408752077856,shortlist
lband_short,309833,26029371,MeerKAT:array_1:20250712T010545Z,Gaia_4216983476029892480,41,959.8121958523989,0.09225684732290385,28.587326,32,0.5,1,0.001942541204228514,shortlist
uhf_long,51637,1246543,MeerKAT:array_1:20250702T175345Z,ex_CRTS_J140601.7-375846,4,580.046847820282,0.05092927843121751,13.5876255,64,1.0,1,0.001944058997523325,shortlist
uhf_long,58254,4543233,MeerKAT:array_1:20250715T124827Z,ex_2MASX_J13164575-0154497,59,587.1294002532959,-0.059077962980212305,18.130058,57,0.890625,1,0.0019465587165612413,shortlist
lband_long,275128,35826987,MeerKAT:array_1:20240319T020710Z,Gaia_2531010586717352576,38,1248.6045231074095,-0.20680503165328176,7.4152627,43,0.671875,1,0.001956860066565767,shortlist
lband_short,309352,26028718,MeerKAT:array_1:20250712T010545Z,Gaia_4216771751323440128,23,959.8121958523989,0.09225684732290385,22.039156,32,0.5,1,0.001962376016430314,shortlist
lband_long,134528,20985717,MeerKAT:array_1:20250707T231708Z,Gaia_6441064876450906624,60,959.6977911293507,-0.025220125811375827,16.348425,40,0.625,1,0.001964675135605964,shortlist
uhf_long,32353,987642,MeerKAT:array_1:20250715T135202Z,ex_LEDA_682725,51,562.5537295341492,-0.055003620705714906,21.868187,44,0.6875,1,0.0019768255295117493,shortlist
uhf_short,75265,33622731,MeerKAT:array_1:20250721T223354Z,Gaia_2682519719906973312,46,625.0209700465202,0.0427805938822227,37.767994,64,1.0,1,0.00198403440303893,shortlist
uhf_short,50685,13648916,MeerKAT:array_1:20250730T185654Z,Gaia_4426444014531979136,17,599.9775768518448,-0.10267342531733448,13.223045,40,0.625,1,0.0020048487360318687,shortlist
lband_short,167510,17896134,MeerKAT:array_1:20250706T022717Z,ex_LEDA_1161460,29,951.6035258322954,0.1230091297638718,85.84355,33,0.515625,1,0.002022981278004899,shortlist
lband_short,308795,26027969,MeerKAT:array_1:20250712T010545Z,Gaia_4216979387220935680,2,959.8121958523989,0.09225684732290385,24.537085,32,0.5,1,0.0020313152044033676,shortlist
lband_long,134346,20985322,MeerKAT:array_1:20250707T231708Z,Gaia_6441084289703115136,21,959.6977911293507,-0.02017610064910066,15.134486,40,0.625,1,0.0020346395148937596,shortlist
lband_long,177015,31534931,MeerKAT:array_1:20250722T155604Z,Gaia_6440704060541711360,19,950.3074614107609,-0.050440251622751654,13.897023,34,0.53125,1,0.002043133903002,shortlist
lband_long,134508,20985684,MeerKAT:array_1:20250707T231708Z,Gaia_6440637510025518720,58,959.6977911293507,-0.025220125811375827,18.26607,40,0.625,1,0.0020493687498003457,shortlist
lband_long,275113,35826957,MeerKAT:array_1:20240319T020710Z,Gaia_2531002310315546624,23,1248.6045231074095,-0.20176100649100662,6.733886,51,0.796875,1,0.0020542658769602392,shortlist
lband_short,141909,15334279,MeerKAT:array_1:20250701T065749Z,Gaia_2536400259572752640,32,950.4548244774342,0.05125380406827991,33.311775,34,0.53125,1,0.0020557277286633183,shortlist
lband_long,134445,20985547,MeerKAT:array_1:20250707T231708Z,Gaia_6441084908178454400,44,959.6977911293507,-0.025220125811375827,13.888906,40,0.625,1,0.002071027595920022,shortlist
uhf_long,32345,987629,MeerKAT:array_1:20250715T135202Z,ex_NSV_07123,38,562.5537295341492,-0.055003620705714906,19.544847,44,0.6875,1,0.0020767417665366545,shortlist
uhf_long,32324,987597,MeerKAT:array_1:20250715T135202Z,ex_ASASSN-V_J153251.02-331648.0,6,562.5537295341492,-0.055003620705714906,19.59376,44,0.6875,1,0.0020767417665366545,shortlist
lband_short,348814,30014296,MeerKAT:array_1:20250719T212149Z,Gaia_4216746737433193600,21,951.6206627041101,0.05125380406827991,25.7918,42,0.65625,1,0.0020837854481423673,shortlist
lband_long,194829,33074303,MeerKAT:array_1:20250731T141132Z,Gaia_5931601525260286848,12,950.4011067301035,0.06557232710957715,59.31568,34,0.53125,1,0.002106493341468036,shortlist
uhf_long,105107,33876828,MeerKAT:array_1:20250715T124827Z,ex_2dFGRS_TGN194Z196,51,636.2808470726013,-0.059077962980212305,22.552477,44,0.6875,1,0.0021216093135715684,shortlist
lband_short,281603,24369252,MeerKAT:array_1:20250711T095125Z,Gaia_4814712494060356864,28,950.3958786129951,-0.09225684732290385,16.128767,33,0.515625,1,0.002168212719037868,shortlist
lband_short,281490,24368828,MeerKAT:array_1:20250711T095125Z,Gaia_4790682942313320064,21,950.3837450444698,-0.09225684732290385,29.901518,32,0.5,1,0.0021695327156799967,shortlist
uhf_long,243413,35531342,MeerKAT:array_1:20240926T000251Z,Gaia_2776033355648043392,46,863.9856318831444,-0.0040743422744974,16.170166,64,1.0,1,0.002170540732821824,shortlist
lband_short,282123,24371115,MeerKAT:array_1:20250711T095125Z,Gaia_4814659992380187264,58,950.3958786129951,-0.09225684732290385,18.310823,33,0.515625,1,0.0021706458714621105,shortlist
uhf_long,55012,1899573,MeerKAT:array_1:20250705T194745Z,ex_ASASSN-V_J195610.72-112456.6,21,587.977538049221,-0.014260197960740902,14.815402,50,0.78125,1,0.002171301441252922,shortlist
uhf_long,32330,987606,MeerKAT:array_1:20250715T135202Z,ex_CRTS_J153340.5-333253,15,562.5537295341492,-0.0529664495684662,19.709194,44,0.6875,1,0.0021735631640319724,shortlist
lband_long,275080,35826902,MeerKAT:array_1:20240319T020710Z,J1658-5324,0,1248.6045231074095,-0.20680503165328176,7.2809825,43,0.671875,1,0.002179090437539428,shortlist
lband_short,310103,26029733,MeerKAT:array_1:20250712T010545Z,Gaia_4216958496499934080,51,959.8121958523989,0.09225684732290385,22.642963,32,0.5,1,0.002180523942047538,shortlist
lband_long,275159,35827042,MeerKAT:array_1:20240319T020710Z,Gaia_2531007910952850560,60,1248.6045231074095,-0.20680503165328176,7.176621,43,0.671875,1,0.0021809274935648266,shortlist
lband_short,310050,26029663,MeerKAT:array_1:20250712T010545Z,Gaia_4216926881238499968,49,959.8121958523989,0.09225684732290385,22.211735,32,0.5,1,0.0021933673581308304,shortlist
lband_long,275107,35826949,MeerKAT:array_1:20240319T020710Z,Gaia_2531016427872523392,19,1248.6045231074095,-0.20680503165328176,7.6720185,43,0.671875,1,0.002200120519656603,shortlist
lband_long,134266,20985141,MeerKAT:array_1:20250707T231708Z,Gaia_6440686300854003584,3,959.6977911293507,-0.02017610064910066,15.05742,40,0.625,1,0.002201519579998681,shortlist
lband_long,134495,20985657,MeerKAT:array_1:20250707T231708Z,Gaia_6441085526653747328,55,959.6977911293507,-0.02017610064910066,13.020903,40,0.625,1,0.002216864281228144,shortlist
lband_long,134328,20985283,MeerKAT:array_1:20250707T231708Z,Gaia_6440635306707183616,17,959.6977911293507,-0.025220125811375827,14.803074,40,0.625,1,0.0022448402644913118,shortlist
uhf_long,79817,28005109,MeerKAT:array_1:20250715T124827Z,ex_[VV2006]_J131716.7-014247,23,611.7051236629486,-0.059077962980212305,39.033585,56,0.875,1,0.0022468811512782938,shortlist
uhf_long,32347,987632,MeerKAT:array_1:20250715T135202Z,ex_LEDA_680986,41,562.5537295341492,-0.055003620705714906,21.37254,44,0.6875,1,0.002255238120030736,shortlist
uhf_long,105085,33876777,MeerKAT:array_1:20250715T124827Z,ex_[VV2006]_J131723.5-021125,24,636.2808470726013,-0.059077962980212305,14.004896,44,0.6875,1,0.0022569721508759453,shortlist
uhf_long,26415,718407,MeerKAT:array_1:20250718T054018Z,Gaia_4669815106540510848,23,559.2503995895386,0.0101858556862435,16.155882,62,0.96875,1,0.0022656888065113274,shortlist
lband_short,282186,24371357,MeerKAT:array_1:20250711T095125Z,Gaia_4814663634512398464,62,950.3837450444698,-0.09225684732290385,26.0333,32,0.5,1,0.002284789644776306,shortlist
lband_short,309118,26028401,MeerKAT:array_1:20250712T010545Z,Gaia_4216766425563721600,14,959.8260625600815,0.10250760813655982,30.111437,37,0.578125,1,0.0022914106306199853,shortlist
lband_long,194966,33075130,MeerKAT:array_1:20250731T141132Z,Gaia_5931558639906758272,29,950.4011067301035,0.06557232710957715,51.699,34,0.53125,1,0.0023007128877367846,shortlist
lband_long,275094,35826923,MeerKAT:array_1:20240319T020710Z,Gaia_2531019215306801792,7,1248.6045231074095,-0.20680503165328176,7.8569984,43,0.671875,1,0.0023152568804025043,shortlist
uhf_long,105081,33876769,MeerKAT:array_1:20250715T124827Z,ex_[VV2006]_J131712.9-014118,20,636.2808470726013,-0.059077962980212305,15.938057,44,0.6875,1,0.002316874312933546,shortlist
lband_long,275143,35827014,MeerKAT:array_1:20240319T020710Z,Gaia_2537023579586481792,48,1248.6045231074095,-0.20176100649100662,6.771522,51,0.796875,1,0.0023208896777845646,shortlist
uhf_long,105101,33876815,MeerKAT:array_1:20250715T124827Z,ex_2dFGRS_TGN195Z209,44,636.2808470726013,-0.05704079184296361,17.813541,42,0.65625,1,0.0023256499564582402,shortlist
lband_long,177392,31535455,MeerKAT:array_1:20250722T155604Z,Gaia_6441469939110092160,60,950.3074614107609,-0.050440251622751654,13.26715,34,0.53125,1,0.002328080961152173,shortlist
lband_long,134270,20985152,MeerKAT:array_1:20250707T231708Z,Gaia_6440708222367129344,4,959.6977911293507,-0.02017610064910066,16.41566,40,0.625,1,0.0023295313181418875,shortlist
lband_long,275120,35826967,MeerKAT:array_1:20240319T020710Z,Gaia_2531005849368549376,27,1248.6045231074095,-0.20680503165328176,6.5835514,43,0.671875,1,0.0023365350867120935,shortlist
lband_long,275095,35826925,MeerKAT:array_1:20240319T020710Z,Gaia_2531011376990672256,8,1248.6045231074095,-0.20680503165328176,6.549785,43,0.671875,1,0.002337813384814885,shortlist
uhf_long,58207,4543185,MeerKAT:array_1:20250715T124827Z,ex_[VV2006]_J131858.7-013642,35,587.1294002532959,-0.05704079184296361,31.703058,58,0.90625,1,0.0023428472695332875,shortlist
lband_long,275154,35827033,MeerKAT:array_1:20240319T020710Z,Gaia_2530969943441957248,57,1248.6045215129852,-0.20176100649100662,6.863977,51,0.796875,1,0.0023491377496785816,shortlist
lband_long,134476,20985618,MeerKAT:array_1:20250707T231708Z,Gaia_6441086312630978944,51,959.6977911293507,-0.02017610064910066,15.93347,40,0.625,1,0.0023624801423366643,shortlist
lband_long,134341,20985312,MeerKAT:array_1:20250707T231708Z,Gaia_6440698837861477632,20,959.6977911293507,-0.025220125811375827,14.91873,40,0.625,1,0.002365303371178062,shortlist
lband_short,310155,26029808,MeerKAT:array_1:20250712T010545Z,Gaia_4216957019031096576,53,959.8260625600815,0.09225684732290385,31.136415,36,0.5625,1,0.0023929158657193016,shortlist
uhf_long,32363,987653,MeerKAT:array_1:20250715T135202Z,Gaia_6014524493102627456,62,562.5537295341492,-0.0529664495684662,23.336245,44,0.6875,1,0.0024465399422670176,shortlist
uhf_long,58138,4543115,MeerKAT:array_1:20250715T124827Z,J1317_5-0153,0,587.1294002532959,-0.059077962980212305,27.724531,57,0.890625,1,0.002452730852006067,shortlist
lband_long,134297,20985211,MeerKAT:array_1:20250707T231708Z,Gaia_6440703927399812608,10,959.6977911293507,-0.025220125811375827,14.969668,40,0.625,1,0.002468588948861142,shortlist
lband_short,310076,26029698,MeerKAT:array_1:20250712T010545Z,Gaia_4216980280574183936,50,959.8121958523989,0.09225684732290385,21.924225,32,0.5,1,0.00246929202105202,shortlist
lband_long,134404,20985450,MeerKAT:array_1:20250707T231708Z,Gaia_6441456921065822464,34,959.6977911293507,-0.02017610064910066,14.305447,40,0.625,1,0.002469603458090001,shortlist
uhf_long,51633,1246539,MeerKAT:array_1:20250702T175345Z,J1408-3747T2,0,580.046847820282,0.05092927843121751,13.591813,64,1.0,1,0.0024712564546258173,shortlist
uhf_long,79803,28005093,MeerKAT:array_1:20250715T124827Z,ex_[VV2006]_J131540.1-020548,7,611.7051236629486,-0.059077962980212305,28.88379,56,0.875,1,0.0024762785864889214,shortlist
lband_long,134389,20985420,MeerKAT:array_1:20250707T231708Z,Gaia_6441068174985814016,31,959.6977911293507,-0.02017610064910066,16.346905,40,0.625,1,0.0024820314855097925,shortlist
lband_long,134538,20985737,MeerKAT:array_1:20250707T231708Z,Gaia_6440693001003063552,62,959.6977911293507,-0.025220125811375827,17.58704,40,0.625,1,0.002488465388116109,shortlist
lband_short,309225,26028544,MeerKAT:array_1:20250712T010545Z,Gaia_4216955404123276544,18,959.8121958523989,0.09225684732290385,25.255037,32,0.5,1,0.0025001978755386264,shortlist
sband_long,5100,1020956,MeerKAT:array_1:20250724T180802Z,Gaia_5883169996485278592,1,2226.410325150937,-0.20027623463968347,38.658054,42,0.65625,1,0.0025049180121707797,shortlist
lband_short,221691,21169798,MeerKAT:array_1:20250708T092055Z,Gaia_2973928612377503872,32,950.3906696289778,0.14351065139118374,42.841267,34,0.53125,1,0.0025055441001471204,shortlist
uhf_long,152668,71693,MeerKAT:array_1:20250708T010310Z,ex_ASASSN-V_J193959.86-630826.7,59,544.0814524292946,0.0,17.590921,61,0.953125,1,0.0025078544302499853,shortlist
uhf_long,32364,987654,MeerKAT:array_1:20250715T135202Z,Gaia_6014539542668216832,63,562.5537295341492,-0.0529664495684662,14.869431,44,0.6875,1,0.002509087833903276,shortlist
uhf_long,32323,987596,MeerKAT:array_1:20250715T135202Z,ex_RX_J1534.3-3300,5,562.5537295341492,-0.0529664495684662,14.850094,44,0.6875,1,0.002509087833903276,shortlist
lband_short,142124,15335508,MeerKAT:array_1:20250701T065749Z,Gaia_2536500452569816576,48,950.4548244774342,0.05125380406827991,33.236927,34,0.53125,1,0.002519316984544401,shortlist
lband_long,134384,20985409,MeerKAT:array_1:20250707T231708Z,Gaia_6440695642407425536,30,959.6977911293507,-0.02017610064910066,15.304782,40,0.625,1,0.002585516921849237,shortlist
uhf_long,58160,4543137,MeerKAT:array_1:20250715T124827Z,ex_LBQS_1313-0138,11,587.1294002532959,-0.059077962980212305,25.171589,57,0.890625,1,0.0025896103348845246,shortlist
lband_long,134309,20985240,MeerKAT:array_1:20250707T231708Z,Gaia_6441452862321257856,13,959.6977911293507,-0.025220125811375827,16.546078,40,0.625,1,0.002600217967651637,shortlist
lband_long,195183,33076400,MeerKAT:array_1:20250731T141132Z,Gaia_5931529399768931584,55,950.4011067301035,0.06557232710957715,58.845985,34,0.53125,1,0.0026006169189107813,shortlist
lband_long,134358,20985350,MeerKAT:array_1:20250707T231708Z,Gaia_6440696746214536064,24,959.6977911293507,-0.02017610064910066,13.515454,40,0.625,1,0.0026120687253358447,shortlist
lband_long,134375,20985389,MeerKAT:array_1:20250707T231708Z,Gaia_6440686816250070144,28,959.6977911293507,-0.02017610064910066,13.656133,40,0.625,1,0.0026204942373575174,shortlist
uhf_short,53919,15151236,MeerKAT:array_1:20250731T233401Z,Gaia_2536600851725271424,16,599.9964197874069,0.07700506898800086,114.51901,37,0.578125,1,0.002635147382102643,shortlist
uhf_long,71295,11382424,MeerKAT:array_1:20250715T124827Z,ex_2dFGRS_TGN261Z268,53,599.4172619581223,-0.059077962980212305,32.92349,49,0.765625,1,0.0026375893441924017,shortlist
lband_long,438276,1903647,MeerKAT:array_1:20250705T204042Z,Gaia_6441458776491674368,18,935.3821006715298,0.0,795.1491,62,0.96875,1,0.0026702922796513185,shortlist
lband_short,308823,26028009,MeerKAT:array_1:20250712T010545Z,Gaia_4216760309529984640,3,959.8260625600815,0.09225684732290385,31.39067,36,0.5625,1,0.002676770879794774,shortlist
lband_long,134354,20985341,MeerKAT:array_1:20250707T231708Z,Gaia_6441062913649971968,23,959.6977911293507,-0.025220125811375827,17.196028,40,0.625,1,0.0026803745915943687,shortlist
uhf_long,32356,987645,MeerKAT:array_1:20250715T135202Z,Gaia_6206674457978041088,54,562.5537295341492,-0.0529664495684662,21.992456,44,0.6875,1,0.0026921809514437946,shortlist
lband_long,134499,20985666,MeerKAT:array_1:20250707T231708Z,Gaia_6441465820238323712,56,959.6977911293507,-0.025220125811375827,15.912264,40,0.625,1,0.0026962318401957228,shortlist
lband_long,176949,31534833,MeerKAT:array_1:20250722T155604Z,Gaia_6440686816250070144,11,950.3074614107609,-0.050440251622751654,12.846358,34,0.53125,1,0.002701141099447763,shortlist
lband_long,195126,33076056,MeerKAT:array_1:20250731T141132Z,Gaia_5931576167771414912,48,950.4011067301035,0.06557232710957715,53.60699,34,0.53125,1,0.0027025685945763394,shortlist
uhf_long,105112,33876838,MeerKAT:array_1:20250715T124827Z,ex_PGC1089638,56,636.2808470726013,-0.059077962980212305,13.314435,44,0.6875,1,0.0027032106469956673,shortlist
lband_long,134350,20985332,MeerKAT:array_1:20250707T231708Z,Gaia_6440686781890332032,22,959.6977911293507,-0.02017610064910066,14.042919,40,0.625,1,0.0027083180725208287,shortlist
uhf_long,79815,28005107,MeerKAT:array_1:20250715T124827Z,ex_[VV2006]_J131714.2-022516,21,611.7051236629486,-0.059077962980212305,34.854076,56,0.875,1,0.0027250208807112395,shortlist
lband_long,176903,31534755,MeerKAT:array_1:20250722T155604Z,Gaia_6440686781890332032,5,950.3074614107609,-0.050440251622751654,12.395154,34,0.53125,1,0.002727882127098684,shortlist
lband_short,282086,24370987,MeerKAT:array_1:20250711T095125Z,Gaia_4814708783208619136,56,950.3837450444698,-0.09225684732290385,30.415218,32,0.5,1,0.0027454229281697823,shortlist
lband_long,134437,20985528,MeerKAT:array_1:20250707T231708Z,Gaia_6440639159292954496,42,959.6977911293507,-0.025220125811375827,14.803073,40,0.625,1,0.002748044490475288,shortlist
lband_long,134362,20985360,MeerKAT:array_1:20250707T231708Z,Gaia_6440688499877294336,25,959.6977911293507,-0.02017610064910066,16.231165,40,0.625,1,0.00276205012646064,shortlist
lband_long,134318,20985261,MeerKAT:array_1:20250707T231708Z,Gaia_6441080544491623936,15,959.6977911293507,-0.02017610064910066,15.036796,40,0.625,1,0.0027719366817684104,shortlist
uhf_long,32331,987607,MeerKAT:array_1:20250715T135202Z,ex_CRTS_J153507.0-324508,16,562.5537295341492,-0.055003620705714906,20.701885,44,0.6875,1,0.0027980726620768447,shortlist
lband_long,134430,20985508,MeerKAT:array_1:20250707T231708Z,Gaia_6441068101970626176,40,959.6977911293507,-0.02017610064910066,15.778417,40,0.625,1,0.0027985290419227167,shortlist
lband_long,192320,32990860,MeerKAT:array_1:20250731T132801Z,Gaia_5883522458668776448,13,950.4548340439796,0.025220125811375827,26.850138,35,0.546875,1,0.0028075961581984026,shortlist
uhf_long,71274,11382372,MeerKAT:array_1:20250715T124827Z,ex_[VV2006]_J131739.1-021013,27,599.4172619581223,-0.059077962980212305,42.12587,49,0.765625,1,0.002810984980667032,shortlist
uhf_long,79826,28005118,MeerKAT:array_1:20250715T124827Z,ex_[VV2006]_J131810.9-021500,32,611.7051236629486,-0.059077962980212305,37.860283,56,0.875,1,0.0028170899947645004,shortlist
lband_long,134467,20985596,MeerKAT:array_1:20250707T231708Z,Gaia_6440697502128807936,49,959.6977911293507,-0.025220125811375827,15.2530985,40,0.625,1,0.0028241302657465487,shortlist
lband_long,134371,20985379,MeerKAT:array_1:20250707T231708Z,Gaia_6441084285406512128,27,959.6977911293507,-0.02017610064910066,14.95272,40,0.625,1,0.0028411549915587715,shortlist
uhf_long,105089,33876787,MeerKAT:array_1:20250715T124827Z,ex_[VV2006]_J131758.7-014439,29,636.2808470726013,-0.06111513411746101,14.407405,40,0.625,1,0.0028478188125093773,shortlist
lband_long,134255,20985111,MeerKAT:array_1:20250707T231708Z,J1939-6342,0,959.6977911293507,-0.025220125811375827,13.803158,40,0.625,1,0.0028497127307483927,shortlist
uhf_long,105104,33876822,MeerKAT:array_1:20250715T124827Z,ex_[VV2010c]_J131954.3-015649,48,636.2808470726013,-0.05704079184296361,23.63606,42,0.65625,1,0.002870549399565495,shortlist
uhf_long,32355,987644,MeerKAT:array_1:20250715T135202Z,ex_LEDA_682471,53,562.5537295341492,-0.055003620705714906,15.497233,44,0.6875,1,0.0028732866286747144,shortlist
lband_short,168457,17899401,MeerKAT:array_1:20250706T022717Z,Gaia_2543778940372354816,57,951.6035258322954,0.1230091297638718,104.55454,33,0.515625,1,0.002876004660353004,shortlist
uhf_long,32343,987627,MeerKAT:array_1:20250715T135202Z,ex_ASASSN-V_J153642.66-332458.7,36,562.5537295341492,-0.055003620705714906,17.784445,44,0.6875,1,0.0028775657632143597,shortlist
lband_long,134399,20985440,MeerKAT:array_1:20250707T231708Z,Gaia_6440677195523391744,33,959.6977911293507,-0.02017610064910066,13.999844,40,0.625,1,0.002883292538225023,shortlist
lband_long,134367,20985370,MeerKAT:array_1:20250707T231708Z,Gaia_6440706263862054016,26,959.6977911293507,-0.025220125811375827,14.725417,40,0.625,1,0.002888364299154861,shortlist
lband_short,167803,17897187,MeerKAT:array_1:20250706T022717Z,Gaia_2546789201347075968,38,951.6035258322954,0.1230091297638718,99.766235,33,0.515625,1,0.002888933572203297,shortlist
uhf_long,32344,987628,MeerKAT:array_1:20250715T135202Z,ex_CRTS_J153145.8-330555,37,562.5537295341492,-0.0529664495684662,17.600111,44,0.6875,1,0.002896043324709461,shortlist
lband_long,134486,20985637,MeerKAT:array_1:20250707T231708Z,Gaia_6441069201482348800,53,959.6977911293507,-0.02017610064910066,15.935388,40,0.625,1,0.0029510238264514126,shortlist
lband_long,134504,20985675,MeerKAT:array_1:20250707T231708Z,Gaia_6440699391914411904,57,959.6977911293507,-0.025220125811375827,15.278128,40,0.625,1,0.0030042017747582586,shortlist
lband_long,134458,20985577,MeerKAT:array_1:20250707T231708Z,Gaia_6440638502162885632,47,959.6977911293507,-0.02017610064910066,15.317131,40,0.625,1,0.003005407809274764,shortlist
lband_long,192679,32992972,MeerKAT:array_1:20250731T132801Z,Gaia_5883700957509241216,59,950.4548340439796,0.025220125811375827,28.085537,35,0.546875,1,0.003010018823934759,shortlist
uhf_long,79838,28005132,MeerKAT:array_1:20250715T124827Z,ex_2dFGRS_TGN195Z268,46,611.7051236629486,-0.059077962980212305,41.52453,56,0.875,1,0.0030231304450594513,shortlist
uhf_short,132945,1095805,MeerKAT:array_1:20250711T001051Z,Gaia_2682573522961938176,28,575.9778832793236,-0.00855611877644454,219.6148,64,1.0,1,0.00305418805247845,shortlist
uhf_long,51674,1246580,MeerKAT:array_1:20250702T175345Z,Gaia_6117429538697884160,41,580.046847820282,0.05092927843121751,13.032352,64,1.0,1,0.0030547827481086343,shortlist
uhf_long,71275,11382374,MeerKAT:array_1:20250715T124827Z,ex_[VV2006]_J131757.4-021114,28,599.4172619581223,-0.059077962980212305,44.486225,49,0.765625,1,0.0030711887326021984,shortlist
lband_short,309669,26029150,MeerKAT:array_1:20250712T010545Z,Gaia_4216749245694126976,35,959.8260625600815,0.09225684732290385,30.418194,36,0.5625,1,0.0030787730246076834,shortlist
uhf_long,32360,987650,MeerKAT:array_1:20250715T135202Z,Gaia_6016066180205058176,59,562.5537295341492,-0.0529664495684662,23.522726,44,0.6875,1,0.003083763610719122,shortlist
sband_short,37567,1462771,MeerKAT:array_1:20250724T191130Z,Gaia_6102917015999426688,46,2242.500205989927,0.010710868236247928,20872.826,64,1.0,1,0.0030928798937101204,shortlist
lband_long,275109,35826952,MeerKAT:array_1:20240319T020710Z,Gaia_2531018012715958656,21,1248.6045231074095,-0.20680503165328176,6.7643,43,0.671875,1,0.0030960063672153346,shortlist
lband_short,309968,26029555,MeerKAT:array_1:20250712T010545Z,Gaia_4216747218469577088,46,959.8121958523989,0.09225684732290385,24.020304,32,0.5,1,0.0031005906241254235,shortlist
lband_short,309808,26029333,MeerKAT:array_1:20250712T010545Z,Gaia_4216979043623546496,40,959.8260625600815,0.09225684732290385,33.268677,36,0.5625,1,0.0031103903056336436,shortlist
lband_short,281880,24370244,MeerKAT:array_1:20250711T095125Z,Gaia_4814713662291468672,44,950.3958786129951,-0.09225684732290385,18.541618,33,0.515625,1,0.003111404312041435,shortlist
lband_long,176958,31534845,MeerKAT:array_1:20250722T155604Z,Gaia_6440708462885289088,12,950.3074614107609,-0.050440251622751654,13.53998,34,0.53125,1,0.0031284578436212465,shortlist
lband_short,309470,26028868,MeerKAT:array_1:20250712T010545Z,Gaia_4216933929286962560,27,959.8260625600815,0.09225684732290385,29.335238,36,0.5625,1,0.0031672654481393033,shortlist
uhf_long,32352,987639,MeerKAT:array_1:20250715T135202Z,ex_2MASX_J15353845-3314022,48,562.5537295341492,-0.055003620705714906,15.11663,44,0.6875,1,0.0031827721828326635,shortlist
lband_long,195201,33076498,MeerKAT:array_1:20250731T141132Z,Gaia_5931571288699211904,57,950.4011067301035,0.06557232710957715,52.295452,34,0.53125,1,0.003196595165973963,shortlist
lband_short,167383,17895671,MeerKAT:array_1:20250706T022717Z,ex_LEDA_1154760,25,951.6035258322954,0.1230091297638718,117.90873,33,0.515625,1,0.003245001931496208,shortlist
uhf_long,105075,33876757,MeerKAT:array_1:20250715T124827Z,ex_[VV2006]_J131624.0-015835,14,636.2808470726013,-0.059077962980212305,28.407007,44,0.6875,1,0.0032544789392800243,shortlist
lband_short,281602,24369250,MeerKAT:array_1:20250711T095125Z,Gaia_4814712494060356864,28,950.3837450444698,-0.09225684732290385,28.615084,32,0.5,1,0.003259492867654683,shortlist
lband_long,275100,35826934,MeerKAT:array_1:20240319T020710Z,Gaia_2530997843549541248,12,1248.6045231074095,-0.20680503165328176,6.396558,43,0.671875,1,0.0032708344833513735,shortlist
uhf_long,32340,987619,MeerKAT:array_1:20250715T135202Z,ex_ASASSN-V_J153339.64-330209.6,28,562.5537295341492,-0.055003620705714906,15.788829,44,0.6875,1,0.003271836615109412,shortlist
uhf_long,4715,94524,MeerKAT:array_1:20250710T060816Z,Gaia_5599157724878925056,42,551.9880782961845,-0.0081486845489948,100.442116,64,1.0,1,0.003283886041962039,shortlist
lband_short,309354,26028720,MeerKAT:array_1:20250712T010545Z,Gaia_4216771751323440128,23,959.8260625600815,0.09225684732290385,27.565998,36,0.5625,1,0.0032851423630304946,shortlist
uhf_short,47584,12888221,MeerKAT:array_1:20250723T192702Z,Gaia_4426363990701146624,39,600.0010717511177,-0.06844895021155632,74.92381,64,1.0,1,0.003287711849054881,shortlist
lband_long,134313,20985250,MeerKAT:array_1:20250707T231708Z,Gaia_6441015673305562752,14,959.6977911293507,-0.025220125811375827,16.045853,40,0.625,1,0.0032886887198436327,shortlist
lband_long,134263,20985131,MeerKAT:array_1:20250707T231708Z,Gaia_6441064189256154752,2,959.6977911293507,-0.02017610064910066,14.000865,40,0.625,1,0.003294178229643942,shortlist
uhf_long,105062,33876729,MeerKAT:array_1:20250715T124827Z,J1317_5-0153,0,636.2808470726013,-0.059077962980212305,21.609211,44,0.6875,1,0.0033145533167497224,shortlist
lband_short,281406,24368528,MeerKAT:array_1:20250711T095125Z,Gaia_4790686034689728128,16,950.3837450444698,-0.09225684732290385,26.669914,32,0.5,1,0.0033233177720565104,shortlist
lband_short,309057,26028326,MeerKAT:array_1:20250712T010545Z,Gaia_4216765875807692288,12,959.8121958523989,0.09225684732290385,20.890776,32,0.5,1,0.0033241948511638256,shortlist
lband_short,310290,26029987,MeerKAT:array_1:20250712T010545Z,Gaia_4216983544749384576,58,959.8121958523989,0.09225684732290385,26.526812,32,0.5,1,0.0033354041089377236,shortlist
uhf_short,15178,1035156,MeerKAT:array_1:20250730T204925Z,Gaia_2699260883952022400,44,563.9998924136162,-0.2909080383991144,18.544989,47,0.734375,1,0.0033397678698305804,shortlist
uhf_long,58227,4543205,MeerKAT:array_1:20250715T124827Z,ex_2dFGRS_TGN261Z273,45,587.1294002532959,-0.05704079184296361,25.993393,58,0.90625,1,0.003357563134310675,shortlist
lband_long,275119,35826966,MeerKAT:array_1:20240319T020710Z,Gaia_2543037354139398912,26,1248.6045231074095,-0.20680503165328176,7.099751,43,0.671875,1,0.003369744367900188,shortlist
uhf_long,32362,987652,MeerKAT:array_1:20250715T135202Z,Gaia_6014539645747431680,61,562.5537295341492,-0.055003620705714906,15.997809,44,0.6875,1,0.003373904825350243,shortlist
lband_long,275098,35826930,MeerKAT:array_1:20240319T020710Z,Gaia_2531000381874689920,10,1248.6045231074095,-0.20680503165328176,6.5109115,43,0.671875,1,0.0033796499886913555,shortlist
lband_short,309198,26028509,MeerKAT:array_1:20250712T010545Z,Gaia_4216967395672921984,17,959.8260625600815,0.09225684732290385,26.083525,36,0.5625,1,0.003400785913080164,shortlist
lband_short,308901,26028113,MeerKAT:array_1:20250712T010545Z,Gaia_4216929222002632064,6,959.8121958523989,0.09225684732290385,22.588575,32,0.5,1,0.0034064376200405007,shortlist
lband_long,275092,35826920,MeerKAT:array_1:20240319T020710Z,Gaia_2530943520803184256,6,1248.6045231074095,-0.20680503165328176,6.8080935,43,0.671875,1,0.003411528983255375,shortlist
uhf_long,79847,28005141,MeerKAT:array_1:20250715T124827Z,ex_2dFGRS_TGN194Z171,55,611.7051236629486,-0.059077962980212305,66.16021,56,0.875,1,0.003412542317304423,shortlist
lband_short,309087,26028363,MeerKAT:array_1:20250712T010545Z,Gaia_4216962722747639424,13,959.8260625600815,0.09225684732290385,30.938046,36,0.5625,1,0.003467249477558872,shortlist
lband_long,275132,35826993,MeerKAT:array_1:20240319T020710Z,Gaia_2531009732019003776,40,1248.6045231074095,-0.20680503165328176,7.1048684,43,0.671875,1,0.0034700586338675433,shortlist
sband_long,5120,1020999,MeerKAT:array_1:20250724T180802Z,Gaia_5883219233992403968,11,2226.410325150937,-0.20027623463968347,43.05058,42,0.65625,1,0.003481259154940013,shortlist
lband_long,177413,31535482,MeerKAT:array_1:20250722T155604Z,Gaia_6440684617226829184,62,950.3074614107609,-0.050440251622751654,13.663396,34,0.53125,1,0.0034822311351039876,shortlist
lband_long,134434,20985518,MeerKAT:array_1:20250707T231708Z,Gaia_6440704060541711360,41,959.6977911293507,-0.025220125811375827,16.071728,40,0.625,1,0.0034829614812138953,shortlist
lband_short,123637,4834274,MeerKAT:array_1:20250719T110629Z,Gaia_2992940439734801920,9,924.9906686395407,-0.2357674987140876,37.5212,64,1.0,1,0.003519826571268026,shortlist
uhf_long,51689,1246595,MeerKAT:array_1:20250702T175345Z,Gaia_6120552564030922112,56,580.046847820282,0.05092927843121751,12.37254,64,1.0,1,0.003528422933308487,shortlist
lband_long,275135,35827002,MeerKAT:array_1:20240319T020710Z,Gaia_2530991452638205184,43,1248.6045231074095,-0.20680503165328176,6.1574063,43,0.671875,1,0.003563245613044187,shortlist
lband_short,167126,17894730,MeerKAT:array_1:20250706T022717Z,ex_SDSS_J002347.76+001920.4,17,951.6035258322954,0.1230091297638718,113.75897,33,0.515625,1,0.003567001019532866,shortlist
uhf_long,51642,1246548,MeerKAT:array_1:20250702T175345Z,ex_Gaia_DR3_6120535212362969856,9,580.046847820282,0.05092927843121751,11.99712,64,1.0,1,0.003573360874748924,shortlist
sband_long,8615,1228422,MeerKAT:array_1:20250724T174737Z,Gaia_6440690286583680000,14,2238.736253697425,-0.015811281682080274,82.29406,64,1.0,1,0.0035931065064022244,shortlist
lband_long,134276,20985162,MeerKAT:array_1:20250707T231708Z,Gaia_6440692481309881728,5,959.6977911293507,-0.02017610064910066,14.686617,40,0.625,1,0.0035936564351364774,shortlist
lband_short,308979,26028219,MeerKAT:array_1:20250712T010545Z,Gaia_4216773675466249728,9,959.8121958523989,0.09225684732290385,20.88926,32,0.5,1,0.003604352141261356,shortlist
lband_short,222110,21172597,MeerKAT:array_1:20250708T092055Z,Gaia_2973745543691571584,61,950.3906696289778,0.14351065139118374,43.76917,34,0.53125,1,0.003624539625898119,shortlist
lband_short,309666,26029147,MeerKAT:array_1:20250712T010545Z,Gaia_4216749245694126976,35,959.8121958523989,0.09225684732290385,23.686798,32,0.5,1,0.0036248467904761443,shortlist
uhf_long,32351,987638,MeerKAT:array_1:20250715T135202Z,ex_LEDA_679077,47,562.5537295341492,-0.0529664495684662,15.056546,44,0.6875,1,0.003627774663407017,shortlist
lband_short,310207,26029877,MeerKAT:array_1:20250712T010545Z,Gaia_4216932967214221312,55,959.8121958523989,0.09225684732290385,23.880737,32,0.5,1,0.0036318043819463302,shortlist
lband_long,176911,31534768,MeerKAT:array_1:20250722T155604Z,Gaia_6441062913649971968,6,950.3074614107609,-0.050440251622751654,14.367585,34,0.53125,1,0.0036417301976225626,shortlist
uhf_long,79854,28005148,MeerKAT:array_1:20250715T124827Z,ex_2MASX_J13170753-0134111,62,611.7051236629486,-0.059077962980212305,36.965446,56,0.875,1,0.0036498234865858102,shortlist
lband_long,275124,35826976,MeerKAT:array_1:20240319T020710Z,Gaia_2543036568160810496,32,1248.6045231074095,-0.20176100649100662,6.6502757,51,0.796875,1,0.003664529063982831,shortlist
lband_short,281965,24370555,MeerKAT:array_1:20250711T095125Z,Gaia_4814721805549419776,49,950.3837450444698,-0.09225684732290385,29.43934,32,0.5,1,0.0036735117416318835,shortlist
lband_short,166643,17893075,MeerKAT:array_1:20250706T022717Z,ex_SN_2006pe,3,951.6035258322954,0.1230091297638718,106.56871,33,0.515625,1,0.0036798849633202175,shortlist
lband_long,194912,33074794,MeerKAT:array_1:20250731T141132Z,Gaia_5931564244952172288,22,950.4011067301035,0.06557232710957715,58.485104,34,0.53125,1,0.0036847055687809997,shortlist
lband_short,308749,26027903,MeerKAT:array_1:20250712T010545Z,J2011-0644,0,959.8260625600815,0.09225684732290385,32.61997,36,0.5625,1,0.003700022535655955,shortlist
lband_short,281297,24368167,MeerKAT:array_1:20250711T095125Z,Gaia_4814654288663636096,10,950.3837450444698,-0.09225684732290385,28.565483,32,0.5,1,0.003701263332541065,shortlist
lband_short,281621,24369312,MeerKAT:array_1:20250711T095125Z,Gaia_4814653738907827328,29,950.3837450444698,-0.09225684732290385,27.419752,32,0.5,1,0.0037076710534713667,shortlist
uhf_long,32327,987601,MeerKAT:array_1:20250715T135202Z,ex_CRTS_J153521.2-324825,10,562.5537295341492,-0.0529664495684662,20.477875,44,0.6875,1,0.003754073702665109,shortlist
sband_long,5112,1020981,MeerKAT:array_1:20250724T180802Z,Gaia_5883217619084674688,7,2226.410325150937,-0.20027623463968347,42.182964,42,0.65625,1,0.0037655897065342857,shortlist
lband_short,166817,17893662,MeerKAT:array_1:20250706T022717Z,ex_2XMMi_J002209.9+001629,8,951.6035258322954,0.1230091297638718,116.61054,33,0.515625,1,0.0037859118521296107,shortlist
lband_short,309618,26029079,MeerKAT:array_1:20250712T010545Z,Gaia_4216768074831143680,33,959.8121958523989,0.09225684732290385,19.903328,32,0.5,1,0.003801171449999855,shortlist
lband_short,310078,26029700,MeerKAT:array_1:20250712T010545Z,Gaia_4216980280574183936,50,959.8260625600815,0.09225684732290385,26.383163,36,0.5625,1,0.003818974431927625,shortlist
lband_short,308903,26028115,MeerKAT:array_1:20250712T010545Z,Gaia_4216929222002632064,6,959.8260625600815,0.09225684732290385,28.571154,36,0.5625,1,0.0038316390901184504,shortlist
lband_short,308927,26028150,MeerKAT:array_1:20250712T010545Z,Gaia_4216755980203494400,7,959.8260625600815,0.09225684732290385,27.954418,36,0.5625,1,0.003847440393209117,shortlist
uhf_long,58203,4543181,MeerKAT:array_1:20250715T124827Z,ex_[VV2006]_J131831.2-020908,33,587.1294002532959,-0.059077962980212305,43.660126,57,0.890625,1,0.0038800748288091657,shortlist
lband_long,275131,35826991,MeerKAT:array_1:20240319T020710Z,Gaia_2530992101177715584,39,1248.6045231074095,-0.20680503165328176,7.18949,43,0.671875,1,0.0038823911018865636,shortlist
uhf_long,58175,4543153,MeerKAT:array_1:20250715T124827Z,ex_[VV2006]_J131709.6-020414,19,587.1294002532959,-0.059077962980212305,28.992674,57,0.890625,1,0.0038830006737391553,shortlist
uhf_long,276042,35566643,MeerKAT:array_1:20240925T225556Z,Gaia_2775987176159125248,34,942.8772022724152,0.0,26.627712,40,0.625,1,0.0038956320404468997,shortlist
lband_long,134421,20985488,MeerKAT:array_1:20250707T231708Z,Gaia_6440684514147621760,38,959.6977911293507,-0.025220125811375827,16.629904,40,0.625,1,0.003909217565624644,shortlist
lband_short,310370,26030098,MeerKAT:array_1:20250712T010545Z,Gaia_4216927950692329088,61,959.8121958523989,0.09225684732290385,23.194181,32,0.5,1,0.0039100460014948315,shortlist
lband_short,281913,24370370,MeerKAT:array_1:20250711T095125Z,Gaia_4814726822071264512,46,950.3837450444698,-0.09225684732290385,27.708729,32,0.5,1,0.003924525925092484,shortlist
lband_short,167155,17894851,MeerKAT:array_1:20250706T022717Z,ex_2MASX_J00214584+0033275,18,951.6035258322954,0.1230091297638718,119.77833,33,0.515625,1,0.003925938339086498,shortlist
lband_long,195208,33076548,MeerKAT:array_1:20250731T141132Z,Gaia_5931528064133793152,58,950.4011067301035,0.06557232710957715,60.070107,34,0.53125,1,0.003926192547044744,shortlist
lband_short,166608,17892953,MeerKAT:array_1:20250706T022717Z,ex_SN_2006ng,2,951.6035258322954,0.1230091297638718,114.41974,33,0.515625,1,0.003928644309788825,shortlist
sband_long,5173,1021107,MeerKAT:array_1:20250724T180802Z,Gaia_5883216588292507520,35,2226.410325150937,-0.20027623463968347,36.284176,42,0.65625,1,0.003940303172588744,shortlist
uhf_short,15109,1035018,MeerKAT:array_1:20250730T204925Z,Gaia_2699010470178769280,14,563.9998924136162,-0.2909080383991144,18.158308,47,0.734375,1,0.003945213736738406,shortlist
lband_long,177044,31534969,MeerKAT:array_1:20250722T155604Z,Gaia_6440638639601865344,22,950.3074614107609,-0.050440251622751654,13.321114,34,0.53125,1,0.0039495783535117976,shortlist
uhf_long,9065,278969,MeerKAT:array_1:20250715T124827Z,ex_[VV2006]_J131716.7-014247,23,551.986996114254,0.0733381609409532,731.92206,64,1.0,1,0.00397548438345757,shortlist
uhf_long,32329,987604,MeerKAT:array_1:20250715T135202Z,ex_Gaia_DR3_6014448656864285696,13,562.5537295341492,-0.0529664495684662,14.779477,44,0.6875,1,0.004015279398033007,shortlist
lband_long,275126,35826981,MeerKAT:array_1:20240319T020710Z,Gaia_2530999625960439808,35,1248.6045231074095,-0.20680503165328176,7.2738805,43,0.671875,1,0.004031740377928702,shortlist
lband_short,309307,26028653,MeerKAT:array_1:20250712T010545Z,Gaia_4216964784332970752,21,959.8260625600815,0.09225684732290385,26.2559,36,0.5625,1,0.004061991701079965,shortlist
lband_short,309003,26028255,MeerKAT:array_1:20250712T010545Z,Gaia_4216953548697409280,10,959.8260625600815,0.09225684732290385,29.585434,36,0.5625,1,0.004105277574777906,shortlist
sband_long,5150,1021061,MeerKAT:array_1:20250724T180802Z,Gaia_5883217653444421888,25,2226.410325150937,-0.20027623463968347,40.739758,42,0.65625,1,0.004121560303617429,shortlist
uhf_long,15010,333326,MeerKAT:array_1:20250722T002453Z,Gaia_6440703579505476736,5,544.0814605355263,0.014260197960740902,28.049467,64,1.0,1,0.0041294022267617985,shortlist
lband_short,310292,26029990,MeerKAT:array_1:20250712T010545Z,Gaia_4216983544749384576,58,959.8260625600815,0.09225684732290385,34.047447,36,0.5625,1,0.004151487742943983,shortlist
lband_short,309227,26028546,MeerKAT:array_1:20250712T010545Z,Gaia_4216955404123276544,18,959.8260625600815,0.09225684732290385,31.77866,36,0.5625,1,0.004184884022852772,shortlist
lband_short,349166,30016387,MeerKAT:array_1:20250719T212149Z,Gaia_4216773160072736640,36,951.6206627041101,0.05125380406827991,24.273935,42,0.65625,1,0.0041858360326253435,shortlist
uhf_long,64183,7198444,MeerKAT:array_1:20250702T175345Z,ex_Gaia_DR3_6117537187757973248,13,602.5486658215523,0.0468549361567201,7.85767,59,0.921875,1,0.004190629219276606,shortlist
uhf_long,51685,1246591,MeerKAT:array_1:20250702T175345Z,Gaia_6117930091364449920,52,580.046847820282,0.05092927843121751,12.535808,64,1.0,1,0.004196570902725841,shortlist
uhf_long,32358,987648,MeerKAT:array_1:20250715T135202Z,Gaia_6014445465704029440,57,562.5537295341492,-0.0529664495684662,23.643387,44,0.6875,1,0.004196970013436944,shortlist
uhf_long,31453,980569,MeerKAT:array_1:20250714T160406Z,Gaia_6144675058870620288,4,563.9787179231644,-0.014260197960740902,15.94289,43,0.671875,1,0.004199167680633192,shortlist
sband_long,5205,1021177,MeerKAT:array_1:20250724T180802Z,Gaia_5883235108191731968,51,2226.410325150937,-0.20027623463968347,41.754486,42,0.65625,1,0.004260393817099094,shortlist
lband_long,275103,35826940,MeerKAT:array_1:20240319T020710Z,Gaia_2531005054799125888,16,1248.6045231074095,-0.20680503165328176,7.6057534,43,0.671875,1,0.004291869312771359,shortlist
lband_short,308850,26028043,MeerKAT:array_1:20250712T010545Z,Gaia_4216749005176332160,4,959.8121958523989,0.09225684732290385,23.53722,32,0.5,1,0.004383503099100166,shortlist
lband_short,167608,17896485,MeerKAT:array_1:20250706T022717Z,ex_LEDA_1157956,32,951.6035258322954,0.1230091297638718,108.0271,33,0.515625,1,0.004393387532537752,shortlist
lband_short,167903,17897537,MeerKAT:array_1:20250706T022717Z,Gaia_2543794681428809344,41,951.6035258322954,0.1230091297638718,92.030685,33,0.515625,1,0.00440870568565692,shortlist
lband_long,240899,34960747,MeerKAT:array_1:20250705T204042Z,Gaia_6440707947489298048,22,1031.988669231534,-0.02017610064910066,45.77234,64,1.0,1,0.004442916642588359,shortlist
lband_long,177296,31535315,MeerKAT:array_1:20250722T155604Z,Gaia_6441085664092701440,49,950.3074614107609,-0.050440251622751654,14.821303,34,0.53125,1,0.004444647974426656,shortlist
lband_short,281218,24367856,MeerKAT:array_1:20250711T095125Z,Gaia_4814707305739875712,5,950.3837450444698,-0.09225684732290385,31.3064,32,0.5,1,0.0044474680440076565,shortlist
lband_short,281492,24368830,MeerKAT:array_1:20250711T095125Z,Gaia_4790682942313320064,21,950.3958786129951,-0.09225684732290385,17.92081,33,0.515625,1,0.004448698798336026,shortlist
sband_long,5190,1021143,MeerKAT:array_1:20250724T180802Z,Gaia_5883221776613100928,43,2226.410325150937,-0.20027623463968347,43.88671,42,0.65625,1,0.004450376548131111,shortlist
lband_short,221276,21166706,MeerKAT:array_1:20250708T092055Z,J0447-2203,0,950.3906696289778,0.13325989057752777,40.77042,34,0.53125,1,0.00445330012181261,shortlist
lband_short,309467,26028865,MeerKAT:array_1:20250712T010545Z,Gaia_4216933929286962560,27,959.8121958523989,0.09225684732290385,22.828459,32,0.5,1,0.004498824863259623,shortlist
uhf_long,32354,987643,MeerKAT:array_1:20250715T135202Z,ex_LEDA_682319,52,562.5537295341492,-0.055003620705714906,14.9070835,44,0.6875,1,0.004499825480369016,shortlist
lband_short,309836,26029374,MeerKAT:array_1:20250712T010545Z,Gaia_4216983476029892480,41,959.8260625600815,0.09225684732290385,37.092957,36,0.5625,1,0.004519475976464984,shortlist
uhf_long,32357,987646,MeerKAT:array_1:20250715T135202Z,Gaia_6014542188367932928,55,562.5537295341492,-0.0529664495684662,14.904397,44,0.6875,1,0.004522980543222793,shortlist
lband_short,308980,26028221,MeerKAT:array_1:20250712T010545Z,Gaia_4216773675466249728,9,959.8260625600815,0.09225684732290385,26.95053,36,0.5625,1,0.004566868527506847,shortlist
uhf_long,139222,35530706,MeerKAT:array_1:20250731T221802Z,Gaia_4669734773472433152,53,671.99217492342,-0.006111513411746101,45.71171,64,1.0,1,0.00457154484986549,shortlist
lband_long,176927,31534794,MeerKAT:array_1:20250722T155604Z,Gaia_6440688499877294336,8,950.3074614107609,-0.050440251622751654,13.4429245,34,0.53125,1,0.0045818513544105075,shortlist
lband_long,177198,31535174,MeerKAT:array_1:20250722T155604Z,Gaia_6440697669631874944,38,950.3074614107609,-0.050440251622751654,13.392259,34,0.53125,1,0.0045946275139201465,shortlist
lband_short,166749,17893429,MeerKAT:array_1:20250706T022717Z,ex_SDSS_J002133.91+000745.3,6,951.6035258322954,0.1230091297638718,96.233284,33,0.515625,1,0.004604228087811669,shortlist
lband_long,177245,31535239,MeerKAT:array_1:20250722T155604Z,Gaia_6441064876450906624,43,950.3074614107609,-0.050440251622751654,13.090819,34,0.53125,1,0.004615585012459002,shortlist
lband_short,168530,17899636,MeerKAT:array_1:20250706T022717Z,Gaia_2546786074610887168,59,951.6035258322954,0.1230091297638718,103.16261,33,0.515625,1,0.004617802406106832,shortlist
uhf_short,47580,12888207,MeerKAT:array_1:20250723T192702Z,Gaia_4426363990701147008,37,600.0010717511177,-0.06844895021155632,74.41991,64,1.0,1,0.004635575642416406,shortlist
lband_long,192398,32991311,MeerKAT:array_1:20250731T132801Z,Gaia_5883530189610032384,23,950.364702835679,0.02017610064910066,34.231827,33,0.515625,1,0.004644918935664271,shortlist
lband_long,276894,35857939,MeerKAT:array_1:20240319T020710Z,Gaia_2543020865760350464,11,1544.6151756495237,-0.1311446542191543,24.29118,64,1.0,1,0.00464806826856641,shortlist
lband_short,168605,17899867,MeerKAT:array_1:20250706T022717Z,Gaia_2546789544944459904,61,951.6035258322954,0.1230091297638718,102.45926,33,0.515625,1,0.004677904775165922,shortlist
lband_short,53957,1244439,MeerKAT:array_1:20250701T191822Z,J1609+2641,0,919.7936938256025,0.05125380406827991,35.506184,64,1.0,1,0.004681326733817362,shortlist
lband_short,166989,17894251,MeerKAT:array_1:20250706T022717Z,ex_SDSS_J002308.74+002239.7,13,951.6035258322954,0.1230091297638718,96.86614,33,0.515625,1,0.004707274094773565,shortlist
lband_long,195090,33075862,MeerKAT:array_1:20250731T141132Z,Gaia_5931530572395037952,44,950.4011067301035,0.06557232710957715,57.116596,34,0.53125,1,0.0047137396965650415,shortlist
lband_short,167938,17897653,MeerKAT:array_1:20250706T022717Z,Gaia_2545305754003087744,42,951.6035258322954,0.1230091297638718,114.526024,33,0.515625,1,0.004715179962861853,shortlist
lband_short,309943,26029517,MeerKAT:array_1:20250712T010545Z,Gaia_4216957293909037312,45,959.8121958523989,0.09225684732290385,22.991407,32,0.5,1,0.004762424718232277,shortlist
lband_short,308952,26028183,MeerKAT:array_1:20250712T010545Z,Gaia_4216735364359904640,8,959.8121958523989,0.09225684732290385,25.306458,32,0.5,1,0.004815712890288951,shortlist
lband_short,167771,17897071,MeerKAT:array_1:20250706T022717Z,Gaia_2546808408440796288,37,951.6035258322954,0.1230091297638718,87.274,33,0.515625,1,0.004872673105491514,shortlist
lband_long,277120,35858473,MeerKAT:array_1:20240319T020710Z,Gaia_2543036568160810496,32,1544.6151756495237,-0.1311446542191543,24.905483,64,1.0,1,0.004875793922558464,shortlist
uhf_long,81265,33164406,MeerKAT:array_1:20250702T175345Z,ex_ESO_384-61,35,615.6699666976929,0.038706251607725305,8.140307,61,0.953125,1,0.004886789980517541,shortlist
lband_long,275150,35827026,MeerKAT:array_1:20240319T020710Z,Gaia_2530985989439744512,54,1248.6045215129852,-0.20176100649100662,6.432392,51,0.796875,1,0.004907161273684274,shortlist
lband_long,84782,3864475,MeerKAT:array_1:20250711T173016Z,Gaia_5938655540794359808,6,924.990407153964,0.19167295616645627,18.154512,64,1.0,1,0.0049844635017116164,shortlist
sband_long,5180,1021120,MeerKAT:array_1:20250724T180802Z,Gaia_5883215007744526848,38,2226.410325150937,-0.20027623463968347,48.203182,42,0.65625,1,0.004988740971620137,shortlist
uhf_short,159528,5531655,MeerKAT:array_1:20250720T043243Z,Gaia_6528252609480291584,47,587.9800590872765,0.0,19.394745,64,1.0,1,0.005030978385321583,shortlist
lband_short,222097,21172500,MeerKAT:array_1:20250708T092055Z,Gaia_2973618137782113280,60,950.3906696289778,0.14351065139118374,40.284805,34,0.53125,1,0.005032415147300046,shortlist
lband_long,176993,31534894,MeerKAT:array_1:20250722T155604Z,Gaia_6440677195523391744,16,950.3074614107609,-0.050440251622751654,13.324318,34,0.53125,1,0.0050330955339609705,shortlist
lband_short,168250,17898705,MeerKAT:array_1:20250706T022717Z,Gaia_2546859707530175104,51,951.6035258322954,0.1230091297638718,113.891335,33,0.515625,1,0.005053638834533862,shortlist
uhf_short,15197,1035198,MeerKAT:array_1:20250730T204925Z,Gaia_2699252122218678912,53,563.9998924136162,-0.2909080383991144,16.586538,47,0.734375,1,0.005062645847635135,shortlist
lband_short,308852,26028045,MeerKAT:array_1:20250712T010545Z,Gaia_4216749005176332160,4,959.8260625600815,0.09225684732290385,27.885384,36,0.5625,1,0.0050629260032062015,shortlist
lband_short,168642,17899984,MeerKAT:array_1:20250706T022717Z,Gaia_2546794522810053120,62,951.6035258322954,0.1230091297638718,90.49238,33,0.515625,1,0.005065328916130977,shortlist
lband_short,310153,26029806,MeerKAT:array_1:20250712T010545Z,Gaia_4216957019031096576,53,959.8121958523989,0.09225684732290385,22.862328,32,0.5,1,0.00511126708289686,shortlist
uhf_long,51657,1246563,MeerKAT:array_1:20250702T175345Z,ex_LEDA_617235,24,580.046847820282,0.05092927843121751,12.068396,64,1.0,1,0.005113992806883721,shortlist
uhf_long,105093,33876795,MeerKAT:array_1:20250715T124827Z,ex_[VV2006]_J131831.2-020908,33,636.2808470726013,-0.059077962980212305,22.793653,44,0.6875,1,0.005117773213952227,shortlist
uhf_long,20442,415420,MeerKAT:array_1:20250702T175345Z,ex_GALEX_J140702.6-373441,10,559.2503935098648,0.0101858556862435,43.558155,64,1.0,1,0.005195546237138336,shortlist
lband_short,281731,24369683,MeerKAT:array_1:20250711T095125Z,Gaia_4790693387673757440,35,950.3837450444698,-0.09225684732290385,26.330118,32,0.5,1,0.005213728162406579,shortlist
lband_long,194805,33074155,MeerKAT:array_1:20250731T141132Z,Gaia_5931565550622194816,9,950.4011067301035,0.06557232710957715,58.33091,34,0.53125,1,0.005230136062223636,shortlist
lband_short,221426,21167871,MeerKAT:array_1:20250708T092055Z,Gaia_2973741248724273280,12,950.3906696289778,0.14351065139118374,41.03792,34,0.53125,1,0.0052680541450979895,shortlist
lband_short,281318,24368226,MeerKAT:array_1:20250711T095125Z,Gaia_4814721118354706304,11,950.3837450444698,-0.09225684732290385,26.657549,32,0.5,1,0.005270348483140199,shortlist
lband_long,192485,32991815,MeerKAT:array_1:20250731T132801Z,Gaia_5883618940812629760,34,950.364702835679,0.02017610064910066,34.015762,33,0.515625,1,0.005278379174894723,shortlist
uhf_long,32339,987618,MeerKAT:array_1:20250715T135202Z,ex_ASASSN-V_J153339.10-330721.1,27,562.5537295341492,-0.055003620705714906,20.782995,44,0.6875,1,0.0053325103462980444,shortlist
lband_short,309699,26029187,MeerKAT:array_1:20250712T010545Z,Gaia_4216968598263950336,36,959.8260625600815,0.10250760813655982,28.795446,37,0.578125,1,0.005334972104588215,shortlist
lband_long,275141,35827012,MeerKAT:array_1:20240319T020710Z,Gaia_2531019833782091904,47,1248.6045231074095,-0.20680503165328176,6.6518607,43,0.671875,1,0.005347155790103639,shortlist
lband_long,192643,32992782,MeerKAT:array_1:20250731T132801Z,Gaia_5883681475537321984,55,950.364702835679,0.02017610064910066,33.511604,33,0.515625,1,0.005406519031831908,shortlist
uhf_long,79823,28005115,MeerKAT:array_1:20250715T124827Z,ex_[VV2006]_J131758.7-014439,29,611.7051236629486,-0.059077962980212305,55.268803,56,0.875,1,0.005410034944006158,shortlist
uhf_long,81287,33164428,MeerKAT:array_1:20250702T175345Z,Gaia_6117486438424814080,59,615.6699666976929,0.038706251607725305,7.778642,61,0.953125,1,0.005415835794249203,shortlist
lband_short,309517,26028939,MeerKAT:array_1:20250712T010545Z,Gaia_4216734333567757056,29,959.8260625600815,0.09225684732290385,28.099802,36,0.5625,1,0.005433218559684464,shortlist
lband_long,194935,33074939,MeerKAT:array_1:20250731T141132Z,Gaia_5931377499759684736,25,950.4011067301035,0.06557232710957715,60.00809,34,0.53125,1,0.005465848183813786,shortlist
uhf_long,276544,35567145,MeerKAT:array_1:20240925T225556Z,Gaia_2776211648330588928,48,942.8772022724152,0.0,29.938524,40,0.625,1,0.005558712341063337,shortlist
lband_short,389865,33342193,MeerKAT:array_1:20250712T072515Z,Gaia_2323457116771699328,47,976.0963775515556,-0.03075228244096795,40.31516,55,0.859375,1,0.00559235175497746,shortlist
lband_short,281766,24369808,MeerKAT:array_1:20250711T095125Z,Gaia_4814731151398254208,37,950.3958786129951,-0.09225684732290385,18.367458,33,0.515625,1,0.0055967002654838316,shortlist
lband_long,194796,33074106,MeerKAT:array_1:20250731T141132Z,Gaia_5931528613889743616,8,950.4011067301035,0.06557232710957715,58.74398,34,0.53125,1,0.005596999957709794,shortlist
lband_short,395105,33471752,MeerKAT:array_1:20250706T111659Z,Gaia_4802439985789650176,27,983.9760094285011,0.05125380406827991,43.96134,64,1.0,1,0.005655777957210921,shortlist
lband_long,277224,35858706,MeerKAT:array_1:20240319T020710Z,Gaia_2530968122375825792,41,1544.6151756495237,-0.1311446542191543,26.36632,64,1.0,1,0.005683086895916631,shortlist
lband_short,435854,16584,MeerKAT:array_1:20250702T234223Z,Gaia_6891271182437311488,54,864.0005099624395,0.0,30.28506,64,1.0,1,0.005688228866299598,shortlist
lband_short,308821,26028007,MeerKAT:array_1:20250712T010545Z,Gaia_4216760309529984640,3,959.8121958523989,0.09225684732290385,24.382917,32,0.5,1,0.005695423535556243,shortlist
uhf_long,275685,35566286,MeerKAT:array_1:20240925T225556Z,Gaia_2775817645210647296,24,942.8772022724152,0.0,26.73911,40,0.625,1,0.005697203542458741,shortlist
lband_short,310051,26029665,MeerKAT:array_1:20250712T010545Z,Gaia_4216926881238499968,49,959.8260625600815,0.09225684732290385,30.321068,36,0.5625,1,0.005741276891793453,shortlist
lband_long,194999,33075325,MeerKAT:array_1:20250731T141132Z,Gaia_5931545999919446016,33,950.4011067301035,0.06557232710957715,59.026756,34,0.53125,1,0.005744901197480288,shortlist
lband_short,221860,21170962,MeerKAT:array_1:20250708T092055Z,Gaia_2973638375667942272,44,950.3906696289778,0.14351065139118374,39.49441,34,0.53125,1,0.005777247621632613,shortlist
lband_short,166715,17893310,MeerKAT:array_1:20250706T022717Z,ex_SDSS_J002104.23+002331.1,5,951.6035258322954,0.1230091297638718,113.33592,33,0.515625,1,0.005792312831860206,shortlist
lband_long,27625,753794,MeerKAT:array_1:20250721T164759Z,Gaia_5935910202043810816,29,874.9929745644331,0.07566037743412748,49.53818,64,1.0,1,0.005795971633640994,shortlist
lband_short,168420,17899286,MeerKAT:array_1:20250706T022717Z,Gaia_2546844176928488576,56,951.6035258322954,0.1230091297638718,117.853294,33,0.515625,1,0.005814010906050053,shortlist
lband_short,168106,17898231,MeerKAT:array_1:20250706T022717Z,Gaia_2546808099203150720,47,951.6035258322954,0.1230091297638718,128.71112,33,0.515625,1,0.0058223400239678785,shortlist
lband_long,192221,32990261,MeerKAT:array_1:20250731T132801Z,J1529-5609,0,950.364702835679,0.02017610064910066,33.418945,33,0.515625,1,0.00583630160338262,shortlist
lband_long,194778,33074009,MeerKAT:array_1:20250731T141132Z,Gaia_5931584860796499840,6,950.4011067301035,0.06557232710957715,62.304405,34,0.53125,1,0.005859714781724298,shortlist
lband_long,276621,35857165,MeerKAT:array_1:20240319T020710Z,Gaia_2543022442012637952,25,1544.1961226910353,-0.1614088051928053,9.947375,56,0.875,1,0.005864937053877037,shortlist
uhf_long,75604,12387287,MeerKAT:array_1:20250719T053812Z,Gaia_4669775421042834560,62,599.943142592907,-0.0101858556862435,24.92128,46,0.71875,1,0.005879988906845673,shortlist
uhf_short,163161,9249827,MeerKAT:array_1:20250710T050136Z,Gaia_2700446737307356928,54,599.94332498312,0.01711223755288908,168.16785,44,0.6875,1,0.005897814292844573,shortlist
lband_long,177072,31535009,MeerKAT:array_1:20250722T155604Z,Gaia_6440638502162885632,25,950.3074614107609,-0.050440251622751654,14.396091,34,0.53125,1,0.005898371604398101,shortlist
lband_long,192525,32992048,MeerKAT:array_1:20250731T132801Z,Gaia_5883733083865265792,39,950.364702835679,0.02017610064910066,29.978994,33,0.515625,1,0.005913120904961374,shortlist
lband_short,141577,15332342,MeerKAT:array_1:20250701T065749Z,ex_PGC1148792,7,950.4548244774342,0.05125380406827991,33.713215,34,0.53125,1,0.005920896611877991,shortlist
lband_long,277404,35859142,MeerKAT:array_1:20240319T020710Z,Gaia_2530941905895482240,58,1544.6151756495237,-0.1311446542191543,30.284847,64,1.0,1,0.005924245176583927,shortlist
lband_short,407553,33613939,MeerKAT:array_1:20250720T082308Z,Gaia_5096290824863938176,53,983.9922725558281,0.04100304325462393,9.829862,62,0.96875,1,0.005949139758407095,shortlist
uhf_long,81248,33164389,MeerKAT:array_1:20250702T175345Z,ex_ASASSN-V_J140712.53-371746.2,18,615.6699666976929,0.038706251607725305,6.546463,61,0.953125,1,0.006027450980063585,shortlist
lband_long,277596,35860099,MeerKAT:array_1:20240319T020710Z,Gaia_2531005054800403072,13,1546.1222589313984,0.02017610064910066,20.718048,40,0.625,1,0.006051596921128186,shortlist
lband_long,195250,33076795,MeerKAT:array_1:20250731T141132Z,Gaia_5931562630044033280,63,950.4011067301035,0.06557232710957715,55.512363,34,0.53125,1,0.006072860814309762,shortlist
lband_short,310209,26029879,MeerKAT:array_1:20250712T010545Z,Gaia_4216932967214221312,55,959.8260625600815,0.09225684732290385,31.167948,36,0.5625,1,0.006095577891538243,shortlist
lband_long,277601,35860133,MeerKAT:array_1:20240319T020710Z,Gaia_2531016427872523392,19,1546.1222589313984,0.02017610064910066,18.438377,40,0.625,1,0.006132762958276143,shortlist
lband_short,309411,26028793,MeerKAT:array_1:20250712T010545Z,Gaia_4216961176559552384,25,959.8260625600815,0.10250760813655982,29.16418,37,0.578125,1,0.0061389274452195615,shortlist
lband_short,72566,1999873,MeerKAT:array_1:20250706T040458Z,ex_SN_2006pe,3,924.9936454296112,0.05125380406827991,30.78631,64,1.0,1,0.006142695188539602,shortlist
sband_long,5128,1021016,MeerKAT:array_1:20250724T180802Z,Gaia_5883233871240445312,15,2226.410325150937,-0.20027623463968347,45.952118,42,0.65625,1,0.006144417147930651,shortlist
lband_long,195234,33076697,MeerKAT:array_1:20250731T141132Z,Gaia_5931560774531680512,61,950.4011067301035,0.06557232710957715,57.977394,34,0.53125,1,0.006145257125509689,shortlist
uhf_long,32328,987603,MeerKAT:array_1:20250715T135202Z,ex_Gaia_DR2_6014515417835108352,12,562.5537295341492,-0.055003620705714906,26.299358,44,0.6875,1,0.00617559216689881,shortlist
lband_long,192235,32990350,MeerKAT:array_1:20250731T132801Z,Gaia_5883512666143364352,2,950.364702835679,0.02017610064910066,34.093628,33,0.515625,1,0.006228659421109056,shortlist
sband_long,5224,1021215,MeerKAT:array_1:20250724T180802Z,ex_IRAS_15158-5707,60,2226.410325150937,-0.20027623463968347,44.629505,42,0.65625,1,0.006229367158485554,shortlist
uhf_long,81284,33164425,MeerKAT:array_1:20250702T175345Z,Gaia_6117451425851110400,55,615.6699666976929,0.0366690804704766,6.0651684,61,0.953125,1,0.006242465896732021,shortlist
lband_long,176864,31534705,MeerKAT:array_1:20250722T155604Z,Gaia_6441064979530120960,1,950.3074614107609,-0.050440251622751654,12.824564,34,0.53125,1,0.006264541248498202,shortlist
lband_long,192250,32990443,MeerKAT:array_1:20250731T132801Z,Gaia_5883733049505522048,4,950.364702835679,0.02017610064910066,30.33463,33,0.515625,1,0.006272720046382567,shortlist
lband_long,102731,8799299,MeerKAT:array_1:20250708T083640Z,Gaia_4669060360527883264,2,944.093079701066,-0.02017610064910066,50.01622,64,1.0,1,0.0062744817536149085,shortlist
uhf_long,51673,1246579,MeerKAT:array_1:20250702T175345Z,Gaia_6120575963012884096,40,580.046847820282,0.05092927843121751,13.255108,64,1.0,1,0.006282838496319876,shortlist
lband_short,446839,390355,MeerKAT:array_1:20250731T030702Z,Gaia_2546856649513462528,47,863.9900266230106,-0.020501521627311965,52.988407,64,1.0,1,0.006283213526109892,shortlist
lband_long,177314,31535340,MeerKAT:array_1:20250722T155604Z,Gaia_6441464853868589952,51,950.3074614107609,-0.050440251622751654,13.782979,34,0.53125,1,0.006311399374634042,shortlist
lband_long,277597,35860110,MeerKAT:array_1:20240319T020710Z,Gaia_2530996915836605824,15,1546.1222589313984,0.02017610064910066,18.09183,40,0.625,1,0.006335730012724174,shortlist
lband_long,277286,35858859,MeerKAT:array_1:20240319T020710Z,Gaia_2531019833782091904,47,1544.6151756495237,-0.12610062905687913,27.643864,64,1.0,1,0.006382178077936506,shortlist
lband_short,309970,26029557,MeerKAT:array_1:20250712T010545Z,Gaia_4216747218469577088,46,959.8260625600815,0.09225684732290385,30.270672,36,0.5625,1,0.006385457530732411,shortlist
lband_long,194854,33074451,MeerKAT:array_1:20250731T141132Z,Gaia_5931576167771403520,15,950.4011067301035,0.06557232710957715,55.819782,34,0.53125,1,0.006431296843435235,shortlist
lband_long,277660,35860343,MeerKAT:array_1:20240319T020710Z,Gaia_2531007910952850560,60,1546.1222589313984,0.02017610064910066,15.8124275,40,0.625,1,0.006557227390313512,shortlist
lband_long,277603,35860143,MeerKAT:array_1:20240319T020710Z,Gaia_2531018012715958656,21,1546.1222589313984,0.02017610064910066,17.956778,40,0.625,1,0.006581201507899922,shortlist
lband_long,195029,33075521,MeerKAT:array_1:20250731T141132Z,Gaia_5931533729095789568,37,950.4011067301035,0.06557232710957715,58.643208,34,0.53125,1,0.006598121973044049,shortlist
lband_long,194957,33075083,MeerKAT:array_1:20250731T141132Z,Gaia_5931536963307132928,28,950.4011067301035,0.06557232710957715,63.830803,34,0.53125,1,0.0066803905205066495,shortlist
lband_short,348319,30011365,MeerKAT:array_1:20250719T212149Z,J2011-0644,0,951.6206627041101,0.05125380406827991,27.384228,42,0.65625,1,0.006690243909821774,shortlist
lband_long,192459,32991677,MeerKAT:array_1:20250731T132801Z,Gaia_5883501945904588928,31,950.364702835679,0.02017610064910066,30.59417,33,0.515625,1,0.00670185807136216,shortlist
sband_long,8678,1228485,MeerKAT:array_1:20250724T174737Z,Gaia_6441459051369581952,45,2239.2835177015513,0.015811281682080274,158.84904,64,1.0,1,0.006748272224023661,shortlist
lband_long,176969,31534858,MeerKAT:array_1:20250722T155604Z,Gaia_6440695642407425536,13,950.3074614107609,-0.050440251622751654,13.54596,34,0.53125,1,0.006843024832762422,shortlist
lband_short,168351,17899054,MeerKAT:array_1:20250706T022717Z,Gaia_2546787930036759936,54,951.6035258322954,0.1230091297638718,106.31005,33,0.515625,1,0.006863334003893798,shortlist
lband_long,177084,31535022,MeerKAT:array_1:20250722T155604Z,Gaia_6440702278132381696,26,950.3074614107609,-0.050440251622751654,14.201198,34,0.53125,1,0.006865098006542972,shortlist
lband_short,309383,26028757,MeerKAT:array_1:20250712T010545Z,Gaia_4216771682603954048,24,959.8260625600815,0.09225684732290385,29.876822,36,0.5625,1,0.0069221475520990835,shortlist
lband_long,277653,35860316,MeerKAT:array_1:20240319T020710Z,Gaia_2543025916641889664,55,1546.1222589313984,0.02017610064910066,18.560375,40,0.625,1,0.006926026909637498,shortlist
lband_long,192292,32990717,MeerKAT:array_1:20250731T132801Z,Gaia_5883523248942536832,10,950.364702835679,0.02017610064910066,29.56052,33,0.515625,1,0.007077101091917076,shortlist
lband_long,194752,33073861,MeerKAT:array_1:20250731T141132Z,Gaia_5931542220347856384,3,950.4011067301035,0.06557232710957715,52.607224,34,0.53125,1,0.0071650667071516605,shortlist
uhf_long,79247,16138534,MeerKAT:array_1:20250702T175345Z,Gaia_6120439692292633728,50,608.0533240437508,-0.0835240166271967,6.0666065,42,0.65625,1,0.007170618485786793,shortlist
sband_long,5130,1021021,MeerKAT:array_1:20250724T180802Z,Gaia_5883220878933639936,16,2226.410325150937,-0.20027623463968347,44.926285,42,0.65625,1,0.0072254613220042755,shortlist
lband_long,194760,33073910,MeerKAT:array_1:20250731T141132Z,Gaia_5931527720536375040,4,950.4011067301035,0.06557232710957715,56.63709,34,0.53125,1,0.0072315415609554975,shortlist
lband_short,310000,26029595,MeerKAT:array_1:20250712T010545Z,Gaia_4217151288988654080,47,959.8260625600815,0.09225684732290385,36.411594,36,0.5625,1,0.007241854284920258,shortlist
uhf_long,81258,33164399,MeerKAT:array_1:20250702T175345Z,ex_ESO_384-55,28,615.6699666976929,0.038706251607725305,7.256191,61,0.953125,1,0.007248075352669174,shortlist
lband_long,192627,32992692,MeerKAT:array_1:20250731T132801Z,Gaia_5883519125773962368,53,950.364702835679,0.02017610064910066,30.640324,33,0.515625,1,0.007258619669343643,shortlist
lband_short,167057,17894492,MeerKAT:array_1:20250706T022717Z,ex_SDSS_J002339.35+001442.7,15,951.6035274267197,0.1127583689502158,102.352234,32,0.5,1,0.007269058995434769,shortlist
uhf_short,15165,1035127,MeerKAT:array_1:20250730T204925Z,Gaia_2699218995135577856,38,563.9998924136162,-0.2909080383991144,16.902126,47,0.734375,1,0.007350875123547281,shortlist
lband_short,8703,387824,MeerKAT:array_1:20250731T004101Z,ex_ICRF_J002225.4+001456,26,863.966461032629,-0.03075228244096795,16.714165,64,1.0,1,0.007360110216270894,shortlist
lband_short,8574,387695,MeerKAT:array_1:20250731T004101Z,J0022+0014,0,863.966461032629,-0.03075228244096795,16.714233,64,1.0,1,0.007360110216270894,shortlist
uhf_long,31495,980662,MeerKAT:array_1:20250714T160406Z,Gaia_6144669114635912960,27,563.9787179231644,-0.014260197960740902,16.282686,43,0.671875,1,0.007388960642443632,shortlist
uhf_long,47007,1171199,MeerKAT:array_1:20250719T053812Z,Gaia_4669697321357440896,21,572.7175204157829,0.0162973690979896,15.042207,63,0.984375,1,0.0073996040809992366,shortlist
lband_long,177024,31534944,MeerKAT:array_1:20250722T155604Z,Gaia_6440639159292954496,20,950.3074614107609,-0.050440251622751654,14.600884,34,0.53125,1,0.0074726776469265805,shortlist
lband_long,177218,31535200,MeerKAT:array_1:20250722T155604Z,Gaia_6440688293718825472,40,950.3074614107609,-0.050440251622751654,13.289732,34,0.53125,1,0.007475929251581191,shortlist
lband_long,192442,32991585,MeerKAT:array_1:20250731T132801Z,Gaia_5883681990933428608,29,950.364702835679,0.02017610064910066,31.155046,33,0.515625,1,0.007535467819752262,shortlist
lband_long,275146,35827019,MeerKAT:array_1:20240319T020710Z,Gaia_2531000351810466816,50,1248.6045231074095,-0.20680503165328176,7.284393,43,0.671875,1,0.007537849899507423,shortlist
lband_long,192659,32992873,MeerKAT:array_1:20250731T132801Z,Gaia_5883716041434853504,57,950.364702835679,0.02017610064910066,31.552738,33,0.515625,1,0.007610918689352312,shortlist
lband_long,177332,31535365,MeerKAT:array_1:20250722T155604Z,Gaia_6440680390979062656,53,950.3074614107609,-0.050440251622751654,13.663591,34,0.53125,1,0.007616647279974824,shortlist
uhf_short,40388,4416766,MeerKAT:array_1:20250713T154120Z,Gaia_1468182931748162816,53,587.9867588877678,-0.03422447510577816,13.459292,44,0.6875,1,0.007640422693404772,shortlist
lband_long,195046,33075620,MeerKAT:array_1:20250731T141132Z,Gaia_5931530877237871360,39,950.4011067301035,0.06557232710957715,61.00677,34,0.53125,1,0.0076460760811642055,shortlist
lband_long,277627,35860236,MeerKAT:array_1:20240319T020710Z,Gaia_2530992101177715584,39,1546.1222589313984,0.02017610064910066,18.39616,40,0.625,1,0.007649817189948063,shortlist
lband_long,192451,32991631,MeerKAT:array_1:20250731T132801Z,Gaia_5883492187738557952,30,950.364702835679,0.02017610064910066,34.214138,33,0.515625,1,0.007653760181202987,shortlist
uhf_short,115470,399849,MeerKAT:array_1:20250731T192546Z,Gaia_4426351346317412736,1,551.9898900389671,0.00855611877644454,158.17249,64,1.0,1,0.007710158121252935,shortlist
uhf_long,79223,16138502,MeerKAT:array_1:20250702T175345Z,ex_CRTS_J140724.0-373538,17,608.0533240437508,-0.0835240166271967,6.119713,42,0.65625,1,0.007714978689843002,shortlist
lband_short,167289,17895316,MeerKAT:array_1:20250706T022717Z,ex_LEDA_1155202,22,951.6035258322954,0.1230091297638718,108.28678,33,0.515625,1,0.007808184938836327,shortlist
lband_short,309641,26029112,MeerKAT:array_1:20250712T010545Z,Gaia_4216972721431702400,34,959.8121958523989,0.09225684732290385,22.629292,32,0.5,1,0.00781019710718251,shortlist
lband_short,282121,24371113,MeerKAT:array_1:20250711T095125Z,Gaia_4814659992380187264,58,950.3837450444698,-0.09225684732290385,32.53271,32,0.5,1,0.007862067855041148,shortlist
lband_long,192412,32991404,MeerKAT:array_1:20250731T132801Z,Gaia_5883517132909070976,25,950.364702835679,0.02017610064910066,33.047283,33,0.515625,1,0.00790352270747308,shortlist
lband_long,192573,32992322,MeerKAT:array_1:20250731T132801Z,Gaia_5883493493408593792,45,950.364702835679,0.02017610064910066,34.937115,33,0.515625,1,0.00797759154692344,shortlist
lband_long,192332,32990946,MeerKAT:array_1:20250731T132801Z,Gaia_5883517472198544384,15,950.364702835679,0.02017610064910066,35.48733,33,0.515625,1,0.00799168698123414,shortlist
lband_short,281503,24368891,MeerKAT:array_1:20250711T095125Z,Gaia_4814735137127938304,22,950.3837450444698,-0.09225684732290385,27.964424,32,0.5,1,0.00800251388748034,shortlist
uhf_long,105088,33876783,MeerKAT:array_1:20250715T124827Z,ex_[VV2006]_J131739.1-021013,27,636.2808470726013,-0.059077962980212305,17.189938,44,0.6875,1,0.008037717392436729,shortlist
lband_short,168142,17898353,MeerKAT:array_1:20250706T022717Z,Gaia_2545301974431868416,48,951.6035258322954,0.1230091297638718,105.82156,33,0.515625,1,0.008098733521022907,shortlist
lband_long,176938,31534820,MeerKAT:array_1:20250722T155604Z,Gaia_6441084285406512128,10,950.3074614107609,-0.050440251622751654,14.636707,34,0.53125,1,0.008106285527966687,shortlist
uhf_long,64191,7198452,MeerKAT:array_1:20250702T175345Z,ex_ASASSN-V_J140942.97-372706.6,21,602.5486658215523,0.0468549361567201,8.810968,59,0.921875,1,0.008140137546706885,shortlist
lband_long,277298,35858885,MeerKAT:array_1:20240319T020710Z,Gaia_2537023579586481792,48,1544.6151756495237,-0.1311446542191543,25.464733,64,1.0,1,0.008146330611153696,shortlist
lband_short,395166,33471820,MeerKAT:array_1:20250706T111659Z,Gaia_4802487299149341696,44,983.9760094285011,0.04100304325462393,41.55269,64,1.0,1,0.00816502156130004,shortlist
uhf_long,9128,279035,MeerKAT:array_1:20250715T124827Z,ex_2dFGRS_TGN195Z209,44,551.986996114254,0.0733381609409532,747.46893,64,1.0,1,0.008222766758036086,shortlist
lband_long,133898,20945518,MeerKAT:array_1:20250707T231708Z,Gaia_6441015673305562752,14,951.5463290512562,0.02017610064910066,14.742566,41,0.640625,1,0.008299093396234468,shortlist
lband_long,177063,31534996,MeerKAT:array_1:20250722T155604Z,Gaia_6441080647570839680,24,950.3074614107609,-0.050440251622751654,14.146889,34,0.53125,1,0.008321799389722872,shortlist
uhf_long,79234,16138518,MeerKAT:array_1:20250702T175345Z,ex_LEDA_611874,34,608.0533240437508,-0.0835240166271967,6.0227213,42,0.65625,1,0.008339325447777175,shortlist
uhf_long,51647,1246553,MeerKAT:array_1:20250702T175345Z,ex_GALEX_J141049.4-375144,14,580.046847820282,0.05092927843121751,11.796675,64,1.0,1,0.008388689208569958,shortlist
uhf_long,156220,280488,MeerKAT:array_1:20250715T133052Z,Gaia_6214256758882513024,33,551.9936209321022,0.0020371711372487,256.07196,64,1.0,1,0.008398870440787276,shortlist
uhf_short,113020,376970,MeerKAT:array_1:20250729T050525Z,Gaia_6526722673412001024,5,551.9773993492126,-0.00855611877644454,163.54726,64,1.0,1,0.008404200603892431,shortlist
uhf_short,15080,1034958,MeerKAT:array_1:20250730T204925Z,Gaia_2699420484936509056,1,563.9998924136162,-0.2909080383991144,15.490229,47,0.734375,1,0.008415068930902167,shortlist
uhf_long,79215,16138492,MeerKAT:array_1:20250702T175345Z,ex_CRTS_J140709.5-374615,7,608.0533240437508,-0.0835240166271967,8.563509,42,0.65625,1,0.00845018271386664,shortlist
sband_long,5162,1021084,MeerKAT:array_1:20250724T180802Z,Gaia_5883169859046314752,30,2226.410325150937,-0.20027623463968347,45.88748,42,0.65625,1,0.00849673582391704,shortlist
sband_long,5142,1021048,MeerKAT:array_1:20250724T180802Z,Gaia_5883169790326831744,22,2226.410325150937,-0.20027623463968347,36.124813,42,0.65625,1,0.008512430437540207,shortlist
lband_short,281878,24370242,MeerKAT:array_1:20250711T095125Z,Gaia_4814713662291468672,44,950.3837450444698,-0.09225684732290385,31.34255,32,0.5,1,0.00851854471957944,shortlist
lband_short,395136,33471788,MeerKAT:array_1:20250706T111659Z,Gaia_4802483004182132736,36,983.9760094285011,0.05125380406827991,43.8785,64,1.0,1,0.008529668841126655,shortlist
lband_long,195143,33076155,MeerKAT:array_1:20250731T141132Z,Gaia_5931554246257689728,50,950.4011067301035,0.06557232710957715,57.10637,34,0.53125,1,0.008542493740967773,shortlist
lband_short,167478,17896017,MeerKAT:array_1:20250706T022717Z,ex_LEDA_1448,28,951.6035258322954,0.1230091297638718,107.03029,33,0.515625,1,0.008568478140290712,shortlist
lband_long,162343,28056134,MeerKAT:array_1:20250715T232237Z,Gaia_6441451457867427840,30,951.6572738736868,-0.04539622646047649,93.242355,34,0.53125,1,0.008609925446037817,shortlist
lband_long,277162,35858577,MeerKAT:array_1:20240319T020710Z,Gaia_2543029352615742080,36,1544.6151756495237,-0.12610062905687913,23.46492,64,1.0,1,0.008639759372537695,shortlist
lband_long,277585,35860060,MeerKAT:array_1:20240319T020710Z,Gaia_2530943520803184256,6,1546.1222589313984,0.02017610064910066,21.187788,40,0.625,1,0.00868063177167927,shortlist
lband_short,166779,17893543,MeerKAT:array_1:20250706T022717Z,ex_SDSS_J002155.52+001434.3,7,951.6035258322954,0.1230091297638718,105.69414,33,0.515625,1,0.008692253056283296,shortlist
lband_long,277000,35858197,MeerKAT:array_1:20240319T020710Z,Gaia_2531018012715958656,21,1544.6151756495237,-0.1311446542191543,23.73238,64,1.0,1,0.008730933383816634,shortlist
lband_long,277214,35858680,MeerKAT:array_1:20240319T020710Z,Gaia_2531009732019003776,40,1544.6151756495237,-0.1311446542191543,24.288857,64,1.0,1,0.008769684476325342,shortlist
lband_long,192322,32990899,MeerKAT:array_1:20250731T132801Z,Gaia_5883501288760921472,14,950.364702835679,0.02017610064910066,34.000324,33,0.515625,1,0.008785500215895085,shortlist
lband_long,277578,35860034,MeerKAT:array_1:20240319T020710Z,Gaia_2531020417896983552,1,1546.1222589313984,0.02017610064910066,17.777851,40,0.625,1,0.008813917630799873,shortlist
lband_long,162431,28056574,MeerKAT:array_1:20250715T232237Z,Gaia_6441452110702440448,37,951.6035401821136,-0.04539622646047649,100.28094,33,0.515625,1,0.008886058464438486,shortlist
lband_long,194990,33075276,MeerKAT:array_1:20250731T141132Z,Gaia_5931563072313315328,32,950.4011067301035,0.06557232710957715,57.433502,34,0.53125,1,0.008936263816504215,shortlist
lband_long,133798,20944680,MeerKAT:array_1:20250707T231708Z,J1939-6342,0,951.5463290512562,0.02017610064910066,20.309313,41,0.640625,1,0.00900042903177068,shortlist
uhf_short,15184,1035171,MeerKAT:array_1:20250730T204925Z,Gaia_2699253908925099264,47,563.9998924136162,-0.2909080383991144,18.34779,47,0.734375,1,0.009028033570728638,shortlist
uhf_short,15118,1035035,MeerKAT:array_1:20250730T204925Z,Gaia_2698950856032793600,18,563.9998924136162,-0.2909080383991144,15.259926,47,0.734375,1,0.009058513023877121,shortlist
lband_long,277592,35860087,MeerKAT:array_1:20240319T020710Z,Gaia_2543020865760350464,11,1546.1222589313984,0.02017610064910066,22.714758,40,0.625,1,0.00906304974062453,shortlist
lband_long,277632,35860254,MeerKAT:array_1:20240319T020710Z,Gaia_2530991452638205184,43,1546.1222589313984,0.02017610064910066,20.196035,40,0.625,1,0.009068557216846034,shortlist
lband_long,192368,32991128,MeerKAT:array_1:20250731T132801Z,Gaia_5883708963328699776,19,950.364702835679,0.02017610064910066,35.864773,33,0.515625,1,0.009072265946788123,shortlist
sband_long,5196,1021155,MeerKAT:array_1:20250724T180802Z,Gaia_5883169034412553984,46,2226.410325150937,-0.20027623463968347,35.935856,42,0.65625,1,0.009077499020412863,shortlist
lband_long,192361,32991081,MeerKAT:array_1:20250731T132801Z,Gaia_5883488820484126976,18,950.364702835679,0.02017610064910066,24.992048,33,0.515625,1,0.009092463735928912,shortlist
uhf_long,51643,1246549,MeerKAT:array_1:20250702T175345Z,ex_GALEX_J140702.6-373441,10,580.046847820282,0.05092927843121751,12.058142,64,1.0,1,0.009111022267884065,shortlist
lband_short,310129,26029773,MeerKAT:array_1:20250712T010545Z,Gaia_4216929599959787136,52,959.8260625600815,0.09225684732290385,30.311409,36,0.5625,1,0.00917652044690324,shortlist
lband_long,192352,32991035,MeerKAT:array_1:20250731T132801Z,Gaia_5883724356491604480,17,950.364702835679,0.02017610064910066,32.277637,33,0.515625,1,0.009179705982282686,shortlist
lband_short,35040,742615,MeerKAT:array_1:20250720T103314Z,Gaia_5096253613267318016,48,875.0006915777922,-0.2972720635960235,23.702116,64,1.0,1,0.0092090005491596,shortlist
lband_long,195242,33076747,MeerKAT:array_1:20250731T141132Z,Gaia_5931584104882215424,62,950.4011067301035,0.06557232710957715,52.515724,34,0.53125,1,0.009229196770648382,shortlist
lband_long,192477,32991769,MeerKAT:array_1:20250731T132801Z,Gaia_5883701198027398016,33,950.364702835679,0.02017610064910066,27.658546,33,0.515625,1,0.009273321788133044,shortlist
lband_long,277377,35859068,MeerKAT:array_1:20240319T020710Z,Gaia_2543025916641889664,55,1544.6151756495237,-0.1311446542191543,28.55742,64,1.0,1,0.009280041474211196,shortlist
lband_short,309495,26028904,MeerKAT:array_1:20250712T010545Z,Gaia_4216735158201449472,28,959.8260625600815,0.09225684732290385,28.850887,36,0.5625,1,0.00928308310450016,shortlist
lband_long,277321,35858935,MeerKAT:array_1:20240319T020710Z,Gaia_2531000351810466816,50,1544.6151756495237,-0.1311446542191543,26.648792,64,1.0,1,0.009293584039928792,shortlist
lband_long,192483,32991776,MeerKAT:array_1:20250731T132801Z,Gaia_5883701198027398016,33,950.4548340439796,0.025220125811375827,30.97438,35,0.546875,1,0.009303586990251782,shortlist
uhf_long,32332,987608,MeerKAT:array_1:20250715T135202Z,ex_CRTS_J153625.3-325556,17,562.5537295341492,-0.055003620705714906,30.751993,44,0.6875,1,0.009335052534313845,shortlist
uhf_long,81256,33164397,MeerKAT:array_1:20250702T175345Z,ex_LEDA_624409,26,615.6699666976929,0.038706251607725305,7.1869693,61,0.953125,1,0.009363768540535064,shortlist
uhf_long,51654,1246560,MeerKAT:array_1:20250702T175345Z,ex_ASASSN-V_J140942.97-372706.6,21,580.046847820282,0.05092927843121751,12.474131,64,1.0,1,0.009455934817021883,shortlist
lband_short,309946,26029520,MeerKAT:array_1:20250712T010545Z,Gaia_4216957293909037312,45,959.8260625600815,0.09225684732290385,28.854107,36,0.5625,1,0.009478617813128289,shortlist
uhf_long,51692,1246598,MeerKAT:array_1:20250702T175345Z,Gaia_6117486438424814080,59,580.046847820282,0.05092927843121751,13.025896,64,1.0,1,0.009484277152409891,shortlist
uhf_long,79257,16138546,MeerKAT:array_1:20250702T175345Z,Gaia_6120538506602479616,63,608.0533240437508,-0.0835240166271967,8.520151,42,0.65625,1,0.00949338785889093,shortlist
lband_short,349766,30019730,MeerKAT:array_1:20250719T212149Z,Gaia_4216740930637660032,60,951.6206627041101,0.05125380406827991,25.64434,42,0.65625,1,0.009494586719162606,shortlist
lband_long,192307,32990807,MeerKAT:array_1:20250731T132801Z,Gaia_5883513800008214656,12,950.364702835679,0.02017610064910066,40.064873,33,0.515625,1,0.009510681957440491,shortlist
uhf_short,166174,13614396,MeerKAT:array_1:20250728T214014Z,ex_LEDA_1201363,39,599.9432530403137,0.0,134.56543,64,1.0,1,0.00953465363506731,shortlist
sband_long,5192,1021146,MeerKAT:array_1:20250724T180802Z,Gaia_5883234352277481472,44,2226.410325150937,-0.20027623463968347,38.246403,42,0.65625,1,0.009585594511794072,shortlist
lband_long,401347,1774195,MeerKAT:array_1:20250704T110253Z,Gaia_4669704743060998144,23,935.5932997018099,0.0,1013.8106,64,1.0,1,0.009590753517150708,shortlist
uhf_long,81266,33164407,MeerKAT:array_1:20250702T175345Z,ex_LEDA_624331,36,615.6699666976929,0.038706251607725305,6.154541,61,0.953125,1,0.009624948265102143,shortlist
lband_short,395111,33471760,MeerKAT:array_1:20250706T111659Z,Gaia_4802440947862424704,29,983.9760094285011,0.05125380406827991,42.688225,64,1.0,1,0.009655759262155433,shortlist
lband_short,310264,26029953,MeerKAT:array_1:20250712T010545Z,Gaia_4216734539726206976,57,959.8260625600815,0.09225684732290385,27.97825,36,0.5625,1,0.009661974697840367,shortlist
lband_long,36788,814949,MeerKAT:array_1:20250708T083640Z,Gaia_4669816648433073792,55,887.9778922945261,0.025220125811375827,38.88782,64,1.0,1,0.00967441256916689,shortlist
lband_long,194822,33074254,MeerKAT:array_1:20250731T141132Z,Gaia_5931561358733521280,11,950.4011067301035,0.06557232710957715,52.388,34,0.53125,1,0.009716854485736904,shortlist
uhf_long,51687,1246593,MeerKAT:array_1:20250702T175345Z,Gaia_6117933939655205376,54,580.046847820282,0.05092927843121751,12.331474,64,1.0,1,0.009729817920500355,shortlist
uhf_long,64217,7198478,MeerKAT:array_1:20250702T175345Z,Gaia_6117574571153644928,47,602.5486658215523,0.044817765019471406,8.225648,58,0.90625,1,0.009761377739965157,shortlist
uhf_short,144415,1212276,MeerKAT:array_1:20250720T235835Z,Gaia_2682543874802992768,25,575.000626385212,0.0,299.27722,63,0.984375,1,0.009793575610550727,shortlist
uhf_short,23331,1109782,MeerKAT:array_1:20250713T002413Z,Gaia_2682594383618465536,4,575.9987963438034,0.15401013797600172,46.81191,62,0.96875,1,0.009805531586873488,shortlist
uhf_long,79249,16138536,MeerKAT:array_1:20250702T175345Z,Gaia_6117930091364449920,52,608.0533240437508,-0.081486845489948,7.8996696,47,0.734375,1,0.009810033039837959,shortlist
lband_short,310318,26030028,MeerKAT:array_1:20250712T010545Z,Gaia_4216985571974571904,59,959.8260625600815,0.09225684732290385,26.345886,36,0.5625,1,0.009865060934218104,shortlist
lband_long,192509,32991954,MeerKAT:array_1:20250731T132801Z,Gaia_5883679035995962496,37,950.364702835679,0.02017610064910066,26.025667,33,0.515625,1,0.009866800909734087,shortlist
uhf_long,58239,4543217,MeerKAT:array_1:20250715T124827Z,ex_2dFGRS_TGN194Z196,51,587.1294002532959,-0.059077962980212305,28.37467,57,0.890625,1,0.00986762451187221,shortlist
lband_short,72575,1999882,MeerKAT:array_1:20250706T040458Z,ex_SDSS_J002133.91+000745.3,6,924.9936454296112,0.05125380406827991,31.660809,64,1.0,1,0.009869530964706297,shortlist
lband_long,277624,35860225,MeerKAT:array_1:20240319T020710Z,Gaia_2530998457729328768,37,1546.1222589313984,0.02017610064910066,18.857077,40,0.625,1,0.009871575350760142,shortlist
uhf_long,12657,287712,MeerKAT:array_1:20250716T022312Z,Gaia_4669786656677400192,4,552.0101981759071,-0.006111513411746101,152.29068,64,1.0,1,0.009914101373325098,shortlist
lband_long,192549,32992184,MeerKAT:array_1:20250731T132801Z,Gaia_5883527234672257280,42,950.364702835679,0.02017610064910066,32.307713,33,0.515625,1,0.010006120258648301,shortlist
lband_long,177384,31535441,MeerKAT:array_1:20250722T155604Z,Gaia_6441836420079796864,59,950.3074614107609,-0.050440251622751654,14.369298,34,0.53125,1,0.010006911625887729,shortlist
uhf_long,12729,287808,MeerKAT:array_1:20250716T022312Z,Gaia_4669742916730248960,28,552.0101981759071,-0.006111513411746101,139.94576,64,1.0,1,0.010027272306437289,shortlist
sband_long,5110,1020976,MeerKAT:array_1:20250724T180802Z,Gaia_5883167419504808192,6,2226.410325150937,-0.20027623463968347,44.71229,42,0.65625,1,0.010050896455933654,shortlist
lband_short,395209,33471868,MeerKAT:array_1:20250706T111659Z,Gaia_4802459467761360896,56,983.9760094285011,0.05125380406827991,45.319862,64,1.0,1,0.010108814932993102,shortlist
lband_long,195037,33075571,MeerKAT:array_1:20250731T141132Z,Gaia_5931571082540792704,38,950.4011067301035,0.06557232710957715,59.028217,34,0.53125,1,0.01025557808361173,shortlist
lband_long,192600,32992508,MeerKAT:array_1:20250731T132801Z,Gaia_5883681544256818560,49,950.364702835679,0.02017610064910066,29.231676,33,0.515625,1,0.010275822927049713,shortlist
uhf_long,79243,16138530,MeerKAT:array_1:20250702T175345Z,Gaia_6117416408974470912,46,608.0533240437508,-0.0835240166271967,7.0303016,42,0.65625,1,0.010282481591368058,shortlist
lband_long,277149,35858550,MeerKAT:array_1:20240319T020710Z,Gaia_2530999625960439808,35,1544.6151756495237,-0.1311446542191543,25.259197,64,1.0,1,0.010437294732017948,shortlist
uhf_long,81274,33164415,MeerKAT:array_1:20250702T175345Z,Gaia_6117560552380079744,45,615.6699666976929,0.038706251607725305,8.230501,61,0.953125,1,0.010639913262764334,shortlist
lband_long,192255,32990489,MeerKAT:array_1:20250731T132801Z,Gaia_5883685083309937536,5,950.364702835679,0.02017610064910066,29.760864,33,0.515625,1,0.010646116284852118,shortlist
uhf_long,81230,33164371,MeerKAT:array_1:20250702T175345Z,J1408-3747T2,0,615.6699666976929,0.038706251607725305,7.010556,61,0.953125,1,0.010741550526899893,shortlist
lband_long,177207,31535187,MeerKAT:array_1:20250722T155604Z,Gaia_6440684514147621760,39,950.3074614107609,-0.050440251622751654,13.4234085,34,0.53125,1,0.01081435903732536,shortlist
lband_long,192607,32992555,MeerKAT:array_1:20250731T132801Z,Gaia_5883685152029428864,50,950.364702835679,0.02017610064910066,39.191696,33,0.515625,1,0.010924253795769105,shortlist
lband_short,222041,21172123,MeerKAT:array_1:20250708T092055Z,Gaia_2973665829098719360,56,950.3906696289778,0.13325989057752777,37.840073,34,0.53125,1,0.010984494566759121,shortlist
sband_long,5184,1021130,MeerKAT:array_1:20250724T180802Z,Gaia_5883234386637201408,40,2226.410325150937,-0.20027623463968347,42.47417,42,0.65625,1,0.011057759153004458,shortlist
lband_long,194918,33074841,MeerKAT:array_1:20250731T141132Z,Gaia_5931554624214818560,23,950.4011067301035,0.06557232710957715,56.230522,34,0.53125,1,0.011210289782745485,shortlist
lband_long,195020,33075473,MeerKAT:array_1:20250731T141132Z,Gaia_5931543526018044544,36,950.4011067301035,0.06557232710957715,55.902164,34,0.53125,1,0.011264396808868826,shortlist
uhf_long,51668,1246574,MeerKAT:array_1:20250702T175345Z,ex_ESO_384-61,35,580.046847820282,0.05092927843121751,12.261666,64,1.0,1,0.011300480109140608,shortlist
lband_short,395030,33471668,MeerKAT:array_1:20250706T111659Z,Gaia_4802449709595571840,6,983.9760094285011,0.04100304325462393,44.60363,64,1.0,1,0.01131418692722103,shortlist
lband_long,277644,35860291,MeerKAT:array_1:20240319T020710Z,Gaia_2531000351810466816,50,1546.1222589313984,0.02017610064910066,17.58708,40,0.625,1,0.011348006839026252,shortlist
uhf_long,54928,1899483,MeerKAT:array_1:20250705T194745Z,ex_NSVS_16990122,27,587.034670829773,0.030557567058730504,25.93136,64,1.0,1,0.011387910469882707,shortlist
lband_short,166849,17893778,MeerKAT:array_1:20250706T022717Z,ex_SDSS_J002235.67-000230.4,9,951.6035258322954,0.1230091297638718,95.89049,33,0.515625,1,0.011488786625620832,shortlist
lband_short,310421,26030168,MeerKAT:array_1:20250712T010545Z,Gaia_4216738972132593024,63,959.8121958523989,0.09225684732290385,27.271774,32,0.5,1,0.011533515953358253,shortlist
lband_long,162284,28055871,MeerKAT:array_1:20250715T232237Z,Gaia_6440700903742898432,26,951.5862087905407,-0.04035220129820132,67.54387,39,0.609375,1,0.01167893379613087,shortlist
sband_long,5216,1021198,MeerKAT:array_1:20250724T180802Z,Gaia_5883220951979366912,56,2226.410325150937,-0.20027623463968347,40.81585,42,0.65625,1,0.011683065639264448,shortlist
uhf_long,51636,1246542,MeerKAT:array_1:20250702T175345Z,ex_CRTS_J141115.5-380134,3,580.046847820282,0.05092927843121751,14.016667,64,1.0,1,0.011867032413173408,shortlist
uhf_long,81254,33164395,MeerKAT:array_1:20250702T175345Z,ex_LEDA_617235,24,615.6699666976929,0.0366690804704766,6.24105,61,0.953125,1,0.011872526090195167,shortlist
lband_long,277582,35860049,MeerKAT:array_1:20240319T020710Z,Gaia_2531020383537905280,4,1546.1222589313984,0.02017610064910066,17.536526,40,0.625,1,0.011881492814799926,shortlist
lband_long,277638,35860265,MeerKAT:array_1:20240319T020710Z,Gaia_2543023202222577280,45,1546.1222589313984,0.02017610064910066,19.828966,40,0.625,1,0.011891595383954486,shortlist
lband_short,22729,679771,MeerKAT:array_1:20250711T080009Z,Gaia_4814724897925874176,2,874.9928438216448,-0.1230091297638718,52.62972,64,1.0,1,0.01189305622022193,shortlist
lband_short,310128,26029771,MeerKAT:array_1:20250712T010545Z,Gaia_4216929599959787136,52,959.8121958523989,0.09225684732290385,23.371115,32,0.5,1,0.011898861913598107,shortlist
lband_long,176874,31534718,MeerKAT:array_1:20250722T155604Z,Gaia_6440638197220397568,2,950.3074614107609,-0.050440251622751654,13.75501,34,0.53125,1,0.011925840640689373,shortlist
uhf_short,15186,1035175,MeerKAT:array_1:20250730T204925Z,Gaia_2699008202436041984,48,563.9998924136162,-0.2909080383991144,18.023003,47,0.734375,1,0.011939363751535148,shortlist
uhf_long,52852,1626648,MeerKAT:array_1:20250702T175345Z,ex_CRTS_J140724.0-373538,17,587.9920117259026,-0.0101858556862435,25.620348,34,0.53125,1,0.011969263119970095,shortlist
lband_long,192635,32992737,MeerKAT:array_1:20250731T132801Z,Gaia_5883710921833855616,54,950.364702835679,0.02017610064910066,32.6653,33,0.515625,1,0.01208211599158819,shortlist
lband_long,162157,28055174,MeerKAT:array_1:20250715T232237Z,Gaia_6440693585118612608,15,951.657275468111,-0.04035220129820132,88.71944,38,0.59375,1,0.012243909812562407,shortlist
uhf_long,81270,33164411,MeerKAT:array_1:20250702T175345Z,Gaia_6117429538697884160,41,615.6699666976929,0.038706251607725305,6.978224,61,0.953125,1,0.01231113398372075,shortlist
lband_long,277656,35860332,MeerKAT:array_1:20240319T020710Z,Gaia_2530941905895482240,58,1546.1222589313984,0.02017610064910066,19.59146,40,0.625,1,0.01236754930644413,shortlist
lband_short,577537,1867141,MeerKAT:array_1:20250705T144414Z,Gaia_6197429042658521856,3,935.9577005803585,0.0,386.3753,63,0.984375,1,0.012370848765857116,shortlist
lband_long,162433,28056577,MeerKAT:array_1:20250715T232237Z,Gaia_6441452110702440448,37,951.6451403051615,-0.04539622646047649,86.99067,32,0.5,1,0.01239623385253227,shortlist
lband_short,310344,26030064,MeerKAT:array_1:20250712T010545Z,Gaia_4216928809685774336,60,959.8260625600815,0.09225684732290385,29.358318,36,0.5625,1,0.012453290295485892,shortlist
lband_long,194927,33074889,MeerKAT:array_1:20250731T141132Z,Gaia_5931556067324117248,24,950.4011067301035,0.06557232710957715,60.643974,34,0.53125,1,0.012540358496008215,shortlist
lband_long,400389,1773237,MeerKAT:array_1:20250704T110253Z,Gaia_4668956010002303360,5,935.4056997448206,0.0,758.0762,64,1.0,1,0.012641482513654068,shortlist
lband_short,428241,34974585,MeerKAT:array_1:20250709T231329Z,Gaia_4216761443401321856,22,1031.9884874671698,-0.0615045648819359,102.48557,64,1.0,1,0.012659849267088078,shortlist
lband_short,468705,1039550,MeerKAT:array_1:20250731T041226Z,ex_SDSS_J002235.67-000230.4,9,887.9935479462147,0.0,20.798971,60,0.9375,1,0.012662517020573381,shortlist
lband_long,308949,980411,MeerKAT:array_1:20250714T053348Z,Gaia_4669720269366811264,26,887.9909601956606,0.01008805032455033,11.05259,44,0.6875,1,0.012751522804014986,shortlist
sband_short,17604,31380383,MeerKAT:array_1:20250720T173033Z,Gaia_3504488735654987264,14,2284.00332480669,0.20350649648871064,93.56243,49,1.0,1,0.012774717450225993,shortlist
lband_short,309144,26028434,MeerKAT:array_1:20250712T010545Z,Gaia_4216764673216883968,15,959.8121958523989,0.09225684732290385,22.318068,32,0.5,1,0.012877073338965157,shortlist
lband_long,195004,33075374,MeerKAT:array_1:20250731T141132Z,Gaia_5931594790750838528,34,950.4011067301035,0.06557232710957715,51.668175,34,0.53125,1,0.012895445667511505,shortlist
lband_long,162082,28054852,MeerKAT:array_1:20250715T232237Z,Gaia_6440695852861335296,10,951.6035401821136,-0.04539622646047649,96.34089,33,0.515625,1,0.012941574461307493,shortlist
lband_long,277584,35860054,MeerKAT:array_1:20240319T020710Z,Gaia_2543022270213789952,5,1546.1222589313984,0.02017610064910066,18.37419,40,0.625,1,0.012957597944042635,shortlist
uhf_long,51671,1246577,MeerKAT:array_1:20250702T175345Z,ex_LEDA_184492,38,580.046847820282,0.05092927843121751,13.768234,64,1.0,1,0.01311160177275063,shortlist
lband_long,277606,35860153,MeerKAT:array_1:20240319T020710Z,Gaia_2531002310315546624,23,1546.1222589313984,0.02017610064910066,18.06109,40,0.625,1,0.013172494008263147,shortlist
lband_long,192392,32991265,MeerKAT:array_1:20250731T132801Z,Gaia_5883508955291533440,22,950.364702835679,0.02017610064910066,31.038012,33,0.515625,1,0.013200771000984686,shortlist
sband_long,22010,411738,MeerKAT:array_1:20250701T163235Z,Gaia_6440683620794456832,47,2203.811066225171,0.0,269.4684,64,1.0,1,0.013296163842358424,shortlist
lband_long,192697,32993102,MeerKAT:array_1:20250731T132801Z,Gaia_5883623441938374272,62,950.364702835679,0.02017610064910066,35.679604,33,0.515625,1,0.013445739519039499,shortlist
lband_long,277659,35860337,MeerKAT:array_1:20240319T020710Z,Gaia_2530969909082218112,59,1546.1222589313984,0.02017610064910066,20.622482,40,0.625,1,0.013631712476943858,shortlist
lband_long,158580,27930708,MeerKAT:array_1:20250714T051258Z,Gaia_4669776108237635328,26,951.3463372290134,-0.02017610064910066,39.36799,37,0.578125,1,0.013749655069813894,shortlist
lband_short,17658,430719,MeerKAT:array_1:20250706T145226Z,Gaia_4802471905986621312,15,871.6117970496416,-0.07175532569559187,45.032276,64,1.0,1,0.013762786468127468,shortlist
sband_long,5114,1020986,MeerKAT:array_1:20250724T180802Z,Gaia_5883214801586094464,8,2226.410325150937,-0.20027623463968347,43.13828,42,0.65625,1,0.01379247797051381,shortlist
uhf_short,160285,5818321,MeerKAT:array_1:20250721T203933Z,Gaia_2682751781284831744,39,587.9776039123535,-0.00855611877644454,11.695473,64,1.0,1,0.013807024819074079,shortlist
lband_long,158689,27931581,MeerKAT:array_1:20250714T051258Z,Gaia_4668955047929628032,41,951.3463372290134,-0.015132075486825495,40.02914,37,0.578125,1,0.013908323265212807,shortlist
uhf_long,153461,94501,MeerKAT:array_1:20250710T060816Z,Gaia_5599271902288558336,36,551.9996094107628,-0.0040743422744974,114.27098,64,1.0,1,0.013918552524149029,shortlist
uhf_long,81275,33164416,MeerKAT:array_1:20250702T175345Z,Gaia_6117416408974470912,46,615.6699666976929,0.038706251607725305,7.93815,61,0.953125,1,0.013926483223916156,shortlist
uhf_long,81757,33165015,MeerKAT:array_1:20250702T185632Z,ex_ASASSN-V_J174233.86-155909.6,17,620.0503138899803,0.059077962980212305,20.278288,64,1.0,1,0.013957606282254075,shortlist
lband_long,277185,35858628,MeerKAT:array_1:20240319T020710Z,Gaia_2531010586717352576,38,1544.6151756495237,-0.12610062905687913,27.690813,64,1.0,1,0.014050138750955822,shortlist
lband_long,277110,35858448,MeerKAT:array_1:20240319T020710Z,Gaia_2530941184340976128,31,1544.6151756495237,-0.1311446542191543,26.714746,64,1.0,1,0.014060569361745327,shortlist
lband_long,177235,31535225,MeerKAT:array_1:20250722T155604Z,Gaia_6441463346336885376,42,950.3074614107609,-0.050440251622751654,14.172194,34,0.53125,1,0.014071317313851566,shortlist
lband_long,277129,35858498,MeerKAT:array_1:20240319T020710Z,Gaia_2530969599844561536,33,1544.6151756495237,-0.1311446542191543,26.714642,64,1.0,1,0.014090954124122144,shortlist
sband_long,26253,1020072,MeerKAT:array_1:20250724T174737Z,Gaia_6440685510580044160,50,2223.3578618615866,-0.010540854454720182,1389.8639,55,0.859375,1,0.014130149749724088,shortlist
lband_long,401020,1773868,MeerKAT:array_1:20250704T110253Z,Gaia_4669704880499951232,17,935.4056997448206,0.0,814.6224,64,1.0,1,0.01413995355859432,shortlist
lband_long,277628,35860241,MeerKAT:array_1:20240319T020710Z,Gaia_2531009732019003776,40,1546.1222589313984,0.02017610064910066,17.74362,40,0.625,1,0.014144824322043923,shortlist
lband_long,192704,32993149,MeerKAT:array_1:20250731T132801Z,Gaia_5883512219466746752,63,950.364702835679,0.02017610064910066,35.03796,33,0.515625,1,0.014146698435456477,shortlist
lband_long,192516,32992002,MeerKAT:array_1:20250731T132801Z,Gaia_5883700304674165120,38,950.364702835679,0.02017610064910066,32.833702,33,0.515625,1,0.014233874442383287,shortlist
lband_short,18863,440119,MeerKAT:array_1:20250708T094824Z,Gaia_2973620027567704448,5,873.58258035779,-0.32802434603699143,21.18084,44,0.6875,1,0.014329691442305715,shortlist
uhf_short,82244,34881840,MeerKAT:array_1:20250723T192702Z,Gaia_4426451122697791744,62,647.9933578372002,-0.02566835632933362,87.41438,64,1.0,1,0.014361472274281485,shortlist
uhf_long,23661,704221,MeerKAT:array_1:20250715T124827Z,ex_2dFGRS_TGN194Z196,51,558.3983373641968,-0.0733381609409532,56.470196,64,1.0,1,0.014367655537811084,shortlist
lband_long,276780,35857656,MeerKAT:array_1:20240319T020710Z,J1658-5324,0,1544.6151756495237,-0.1311446542191543,22.947195,64,1.0,1,0.014481963995795943,shortlist
uhf_short,15127,1035053,MeerKAT:array_1:20250730T204925Z,Gaia_2699441169499096960,22,563.9998924136162,-0.2909080383991144,18.672907,47,0.734375,1,0.01460227945288663,shortlist
uhf_short,193425,34653306,MeerKAT:array_1:20250710T050136Z,Gaia_2700850983923821696,62,647.2499414086342,0.0,6.345093,34,0.53125,1,0.014629272171324606,shortlist
lband_long,277055,35858325,MeerKAT:array_1:20240319T020710Z,Gaia_2543037354139398912,26,1544.6151756495237,-0.1311446542191543,24.621517,64,1.0,1,0.014668135733945485,shortlist
uhf_short,23404,1110051,MeerKAT:array_1:20250713T002413Z,Gaia_2682525217465113600,31,575.9987963438034,0.15401013797600172,48.172222,62,0.96875,1,0.014706032606939855,shortlist
lband_long,277614,35860174,MeerKAT:array_1:20240319T020710Z,Gaia_2531005849368549376,27,1546.1222589313984,0.02017610064910066,18.50591,40,0.625,1,0.014710748795255586,shortlist
lband_long,162778,28058237,MeerKAT:array_1:20250715T232237Z,Gaia_6440702862247948160,63,951.6572738736868,-0.04539622646047649,91.50518,34,0.53125,1,0.014711589401585849,shortlist
lband_short,395162,33471816,MeerKAT:array_1:20250706T111659Z,Gaia_4802464175045512704,43,983.9760094285011,0.04100304325462393,42.07708,64,1.0,1,0.014757416344022766,shortlist
lband_long,162612,28057464,MeerKAT:array_1:20250715T232237Z,Gaia_6441085492294009344,51,951.6035401821136,-0.04539622646047649,105.06006,33,0.515625,1,0.014808395583607813,shortlist
uhf_long,12819,287928,MeerKAT:array_1:20250716T022312Z,Gaia_4669754113709081216,58,552.0101981759071,-0.006111513411746101,146.08946,64,1.0,1,0.01485586076979833,shortlist
uhf_short,76103,34408944,MeerKAT:array_1:20250730T204925Z,Gaia_2699040260071861120,3,629.9884556531906,0.05133671265866724,11.97948,64,1.0,1,0.01485761116435126,shortlist
lband_short,18902,440158,MeerKAT:array_1:20250708T094824Z,Gaia_2973618240861321856,44,873.58258035779,-0.32802434603699143,20.733992,44,0.6875,1,0.015138504477174571,shortlist
uhf_long,79239,16138524,MeerKAT:array_1:20250702T175345Z,Gaia_6120575963012884096,40,608.0533240437508,-0.0835240166271967,7.9438343,42,0.65625,1,0.015151745017203382,shortlist
uhf_short,15082,1034963,MeerKAT:array_1:20250730T204925Z,Gaia_2698979993090737536,2,563.9998924136162,-0.2909080383991144,17.196964,47,0.734375,1,0.015163286102453788,shortlist
lband_long,162128,28055046,MeerKAT:array_1:20250715T232237Z,Gaia_6440701968894754944,13,951.6451403051615,-0.04539622646047649,80.17034,32,0.5,1,0.015346105674046713,shortlist
lband_short,308746,26027900,MeerKAT:array_1:20250712T010545Z,J2011-0644,0,959.8121958523989,0.09225684732290385,23.818462,32,0.5,1,0.015346778138370015,shortlist
lband_long,177118,31535061,MeerKAT:array_1:20250722T155604Z,Gaia_6441086312630978944,29,950.3074614107609,-0.050440251622751654,13.621458,34,0.53125,1,0.015392845337447406,shortlist
lband_short,281863,24370184,MeerKAT:array_1:20250711T095125Z,Gaia_4814726959510216448,43,950.3837450444698,-0.08200608650924786,28.383905,32,0.5,1,0.015431581524851754,shortlist
uhf_long,51690,1246596,MeerKAT:array_1:20250702T175345Z,Gaia_6117413355261037056,57,580.046847820282,0.05092927843121751,13.382937,64,1.0,1,0.01557932733750394,shortlist
lband_long,276929,35858014,MeerKAT:array_1:20240319T020710Z,Gaia_2530985233525500544,14,1544.6151756495237,-0.1311446542191543,23.589266,64,1.0,1,0.01565076999356897,shortlist
uhf_short,56851,33397560,MeerKAT:array_1:20250730T204925Z,Gaia_2699252122218678912,53,613.1961038708687,0.06844895021155632,40.50688,59,0.921875,1,0.015866023558705384,shortlist
uhf_short,15123,1035044,MeerKAT:array_1:20250730T204925Z,Gaia_2699059570244930176,20,563.9998924136162,-0.2909080383991144,20.758816,47,0.734375,1,0.015920626299106646,shortlist
lband_long,162536,28057084,MeerKAT:array_1:20250715T232237Z,Gaia_6440699529353356288,45,951.6035401821136,-0.04539622646047649,92.86849,33,0.515625,1,0.015941558589107094,shortlist
lband_short,404343,33522268,MeerKAT:array_1:20250713T090022Z,Gaia_5096069548148530944,61,983.9993358552456,0.16401217301849572,20.426744,64,1.0,1,0.015996729272201027,shortlist
lband_long,277625,35860230,MeerKAT:array_1:20240319T020710Z,Gaia_2531010586717352576,38,1546.1222589313984,0.02017610064910066,19.597818,40,0.625,1,0.016031694755922882,shortlist
lband_long,162457,28056706,MeerKAT:array_1:20250715T232237Z,Gaia_6440694474176019200,39,951.657275468111,-0.04035220129820132,86.85084,38,0.59375,1,0.016068300556295278,shortlist
lband_long,277650,35860310,MeerKAT:array_1:20240319T020710Z,Gaia_2530985989439744512,54,1546.1222589313984,0.02017610064910066,17.664898,40,0.625,1,0.0161538411995,shortlist
lband_long,162182,28055298,MeerKAT:array_1:20250715T232237Z,Gaia_6440630809876553856,17,951.6035401821136,-0.04539622646047649,96.26306,33,0.515625,1,0.016181189318282028,shortlist
lband_long,192404,32991358,MeerKAT:array_1:20250731T132801Z,Gaia_5883500365356572288,24,950.364702835679,0.02017610064910066,32.089176,33,0.515625,1,0.01637107583804459,shortlist
lband_long,277616,35860183,MeerKAT:array_1:20240319T020710Z,Gaia_2543026054080860416,29,1546.1222589313984,0.02017610064910066,19.140205,40,0.625,1,0.016453597733465424,shortlist
lband_long,277600,35860127,MeerKAT:array_1:20240319T020710Z,Gaia_2531002722632387456,18,1546.1222589313984,0.02017610064910066,19.950132,40,0.625,1,0.016454085789748673,shortlist
lband_long,162096,28054915,MeerKAT:array_1:20250715T232237Z,Gaia_6440687950121445632,11,951.6035401821136,-0.04539622646047649,99.75678,33,0.515625,1,0.016544638628990728,shortlist
lband_long,161973,28054337,MeerKAT:array_1:20250715T232237Z,Gaia_6440683925737061376,2,951.5862071961164,-0.04539622646047649,66.12121,33,0.515625,1,0.01659917353004058,shortlist
uhf_long,79236,16138521,MeerKAT:array_1:20250702T175345Z,ex_LEDA_623865,37,608.0533240437508,-0.0835240166271967,6.36446,42,0.65625,1,0.016602442716383968,shortlist
lband_long,162539,28057087,MeerKAT:array_1:20250715T232237Z,Gaia_6440699529353356288,45,951.6451403051615,-0.04539622646047649,83.23416,32,0.5,1,0.016624164451777137,shortlist
lband_short,72704,2000011,MeerKAT:array_1:20250706T040458Z,Gaia_2546809336153731328,49,924.9936454296112,0.05125380406827991,32.32865,64,1.0,1,0.01668371923307658,shortlist
lband_long,162100,28054919,MeerKAT:array_1:20250715T232237Z,Gaia_6440687950121445632,11,951.6572738736868,-0.04539622646047649,93.13454,34,0.53125,1,0.016757831288208763,shortlist
lband_long,162211,28055428,MeerKAT:array_1:20250715T232237Z,Gaia_6441067449135162496,19,951.6451403051615,-0.04539622646047649,83.29794,32,0.5,1,0.01680632905058726,shortlist
uhf_long,51696,1246602,MeerKAT:array_1:20250702T175345Z,Gaia_6120538506602479616,63,580.046847820282,0.05092927843121751,13.159174,64,1.0,1,0.01682151759830804,shortlist
lband_long,162094,28054913,MeerKAT:array_1:20250715T232237Z,Gaia_6440687950121445632,11,951.5862071961164,-0.04539622646047649,71.53006,33,0.515625,1,0.016881529850544332,shortlist
lband_long,162440,28056638,MeerKAT:array_1:20250715T232237Z,Gaia_6441459051369581952,38,951.6035401821136,-0.04539622646047649,89.10343,33,0.515625,1,0.01701144973034659,shortlist
uhf_short,7470,385628,MeerKAT:array_1:20250730T231157Z,Gaia_2682468352097971968,22,544.0459896922112,-0.1711223755288908,10.336327,63,0.984375,1,0.017056715353467273,shortlist
lband_long,162507,28056957,MeerKAT:array_1:20250715T232237Z,Gaia_6441452591738787072,43,951.6035401821136,-0.04539622646047649,92.29105,33,0.515625,1,0.017169150450237317,shortlist
lband_long,162015,28054535,MeerKAT:array_1:20250715T232237Z,Gaia_6440707947489298048,5,951.6572738736868,-0.04539622646047649,90.829216,34,0.53125,1,0.01731307037576642,shortlist
uhf_short,15125,1035049,MeerKAT:array_1:20250730T204925Z,Gaia_2699434022673499264,21,563.9998924136162,-0.2909080383991144,16.550823,47,0.734375,1,0.01740945929478379,shortlist
uhf_long,81252,33164393,MeerKAT:array_1:20250702T175345Z,ex_ASASSN-V_J141003.68-374528.8,22,615.6699666976929,0.038706251607725305,6.734254,61,0.953125,1,0.017512198629845592,shortlist
lband_short,30197,696221,MeerKAT:array_1:20250713T083245Z,Gaia_5096054734805356672,59,874.9924930483103,-0.15376141220483974,95.78617,64,1.0,1,0.01756971924292899,shortlist
lband_long,162679,28057787,MeerKAT:array_1:20250715T232237Z,Gaia_6440701212980532608,56,951.6451403051615,-0.04539622646047649,83.80769,32,0.5,1,0.017640267909950984,shortlist
lband_long,162236,28055557,MeerKAT:array_1:20250715T232237Z,Gaia_6440695955940547456,21,951.657275468111,-0.04035220129820132,85.0898,38,0.59375,1,0.017654084489507154,shortlist
uhf_short,15156,1035110,MeerKAT:array_1:20250730T204925Z,Gaia_2699061356951313920,34,563.9998924136162,-0.2909080383991144,21.280876,47,0.734375,1,0.017704219589790727,shortlist
lband_long,162273,28055809,MeerKAT:array_1:20250715T232237Z,Gaia_6440679600705053952,25,951.6035401821136,-0.04539622646047649,92.531395,33,0.515625,1,0.017711514430725318,shortlist
lband_long,277655,35860327,MeerKAT:array_1:20240319T020710Z,Gaia_2530969943441957248,57,1546.1222589313984,0.02017610064910066,18.85929,40,0.625,1,0.017724983117786284,shortlist
lband_long,277594,35860093,MeerKAT:array_1:20240319T020710Z,Gaia_2530997843549541248,12,1546.1222589313984,0.02017610064910066,20.082506,40,0.625,1,0.017725600885790293,shortlist
uhf_long,64181,7198442,MeerKAT:array_1:20250702T175345Z,ex_GALEX_J140755.5-380020,11,602.5486658215523,0.0468549361567201,7.3338876,59,0.921875,1,0.01779630094897144,shortlist
sband_short,17365,16093239,MeerKAT:array_1:20250701T174407Z,ex_LEDA_943911,41,2284.002327360213,0.299904310614942,144.47044,55,1.0,1,0.01786168734983963,shortlist
uhf_long,12705,287776,MeerKAT:array_1:20250716T022312Z,Gaia_4669699348582040576,20,552.0101981759071,-0.006111513411746101,155.33527,64,1.0,1,0.01793408792754193,shortlist
lband_long,162719,28057978,MeerKAT:array_1:20250715T232237Z,Gaia_6440709665476154496,59,951.6035401821136,-0.04539622646047649,93.87559,33,0.515625,1,0.01793669848079112,shortlist
lband_long,162235,28055556,MeerKAT:array_1:20250715T232237Z,Gaia_6440695955940547456,21,951.6451403051615,-0.04539622646047649,79.54424,32,0.5,1,0.017944617788765525,shortlist
lband_long,277385,35859091,MeerKAT:array_1:20240319T020710Z,Gaia_2531022720000112896,56,1544.6151756495237,-0.1311446542191543,26.378185,64,1.0,1,0.01806350896434952,shortlist
uhf_long,79248,16138535,MeerKAT:array_1:20250702T175345Z,Gaia_6117567630486215552,51,608.0533240437508,-0.081486845489948,6.4871454,47,0.734375,1,0.018082059429643884,shortlist
uhf_long,81290,33164431,MeerKAT:array_1:20250702T175345Z,Gaia_6120576100451834112,62,615.6699666976929,0.038706251607725305,6.4585223,61,0.953125,1,0.018135552052817566,shortlist
uhf_long,81233,33164374,MeerKAT:array_1:20250702T175345Z,ex_CRTS_J141115.5-380134,3,615.6699666976929,0.038706251607725305,6.627912,61,0.953125,1,0.018149913586761303,shortlist
lband_long,277355,35859017,MeerKAT:array_1:20240319T020710Z,Gaia_2530997225074268544,53,1544.6151756495237,-0.12610062905687913,27.311954,64,1.0,1,0.018187408072623406,shortlist
lband_long,162001,28054470,MeerKAT:array_1:20250715T232237Z,Gaia_6441464995604323072,4,951.6572738736868,-0.04539622646047649,90.11893,34,0.53125,1,0.01823814888717221,shortlist
uhf_long,270616,35561217,MeerKAT:array_1:20240925T225556Z,Gaia_2775609425196180864,10,941.6899007558823,0.0,570.3333,40,0.625,1,0.018296291740211787,shortlist
lband_long,162234,28055553,MeerKAT:array_1:20250715T232237Z,Gaia_6440695955940547456,21,951.6035401821136,-0.04539622646047649,100.57835,33,0.515625,1,0.01834039368309231,shortlist
lband_long,162274,28055812,MeerKAT:array_1:20250715T232237Z,Gaia_6440679600705053952,25,951.6451403051615,-0.04539622646047649,84.02156,32,0.5,1,0.01844814397654982,shortlist
uhf_short,15219,1035239,MeerKAT:array_1:20250730T204925Z,Gaia_2699628498792562816,62,563.9998924136162,-0.2909080383991144,18.485233,47,0.734375,1,0.01848855696530347,shortlist
lband_long,277620,35860198,MeerKAT:array_1:20240319T020710Z,Gaia_2543036568160810496,32,1546.1222589313984,0.02017610064910066,19.547241,40,0.625,1,0.018531208126351565,shortlist
lband_long,162577,28057277,MeerKAT:array_1:20250715T232237Z,Gaia_6440701071244397312,48,951.6451403051615,-0.04539622646047649,93.32508,32,0.5,1,0.01856714204986143,shortlist
sband_long,26617,1053334,MeerKAT:array_1:20250701T163235Z,Gaia_6440699735511788544,61,2232.7648741193116,0.005270427227360091,40.95142,63,0.984375,1,0.018576454905385422,shortlist
lband_long,162304,28055941,MeerKAT:array_1:20250715T232237Z,Gaia_6440633249417956224,27,951.657275468111,-0.04035220129820132,90.61727,38,0.59375,1,0.018599960993782576,shortlist
lband_long,162519,28057018,MeerKAT:array_1:20250715T232237Z,Gaia_6441453072775125760,44,951.5862071961164,-0.04539622646047649,69.67511,33,0.515625,1,0.018622200674238976,shortlist
lband_long,162303,28055940,MeerKAT:array_1:20250715T232237Z,Gaia_6440633249417956224,27,951.6451418995857,-0.04035220129820132,84.38865,40,0.625,1,0.018652945599835307,shortlist
lband_long,162626,28057528,MeerKAT:array_1:20250715T232237Z,Gaia_6441456096432105216,52,951.6035401821136,-0.04539622646047649,88.25114,33,0.515625,1,0.01873928115442428,shortlist
uhf_long,81220,33164233,MeerKAT:array_1:20250702T175345Z,Gaia_6117451425851110400,55,611.9863014817238,-0.0631523052547097,7.9063034,40,0.625,1,0.018892973010965146,shortlist
uhf_short,81121,34875123,MeerKAT:array_1:20250722T211839Z,Gaia_2682779410809465088,8,648.2505280375481,0.0855611877644454,11.150523,64,1.0,1,0.018907047593290358,shortlist
lband_long,162675,28057782,MeerKAT:array_1:20250715T232237Z,Gaia_6440701212980532608,56,951.5862071961164,-0.04539622646047649,75.766655,33,0.515625,1,0.018955509958672987,shortlist
uhf_short,23446,1110211,MeerKAT:array_1:20250713T002413Z,Gaia_2682588606887538176,47,575.9987963438034,0.15401013797600172,44.83881,62,0.96875,1,0.019025091210621257,shortlist
lband_long,194768,33073960,MeerKAT:array_1:20250731T141132Z,Gaia_5931548061504019840,5,950.4011067301035,0.06052830194730198,56.968246,35,0.546875,1,0.019100544180987045,shortlist
uhf_short,181051,33500512,MeerKAT:array_1:20250711T023810Z,Gaia_2682773638373394176,30,623.999510884285,-0.01711223755288908,27.119696,38,0.59375,1,0.019165177269660855,shortlist
lband_long,162563,28057214,MeerKAT:array_1:20250715T232237Z,Gaia_6440683723873670016,47,951.6451403051615,-0.04539622646047649,80.857216,32,0.5,1,0.019193019348939685,shortlist
uhf_long,64211,7198472,MeerKAT:array_1:20250702T175345Z,Gaia_6117429538697884160,41,602.5486658215523,0.0468549361567201,8.537183,59,0.921875,1,0.019199332568787118,shortlist
lband_long,162777,28058236,MeerKAT:array_1:20250715T232237Z,Gaia_6440702862247948160,63,951.6451403051615,-0.04539622646047649,88.174225,32,0.5,1,0.019207213192434864,shortlist
lband_short,18916,440172,MeerKAT:array_1:20250708T094824Z,Gaia_2973828797337771392,58,873.58258035779,-0.32802434603699143,19.514294,44,0.6875,1,0.01923760460432471,shortlist
uhf_long,51658,1246564,MeerKAT:array_1:20250702T175345Z,ex_LEDA_625413,25,580.046847820282,0.05092927843121751,13.242888,64,1.0,1,0.01929206769427736,shortlist
lband_long,162048,28054721,MeerKAT:array_1:20250715T232237Z,Gaia_6440683861312632064,8,951.5862071961164,-0.04539622646047649,67.64221,33,0.515625,1,0.019345662953463086,shortlist
lband_long,277641,35860275,MeerKAT:array_1:20240319T020710Z,Gaia_2531019833782091904,47,1546.1222589313984,0.02017610064910066,18.797228,40,0.625,1,0.019359994458275406,shortlist
uhf_long,79217,16138495,MeerKAT:array_1:20250702T175345Z,ex_GALEX_J140702.6-373441,10,608.0533240437508,-0.0835240166271967,6.5238247,42,0.65625,1,0.01949023574104375,shortlist
lband_long,275102,35826938,MeerKAT:array_1:20240319T020710Z,Gaia_2530985233525500544,14,1248.6045231074095,-0.20680503165328176,6.2810364,43,0.671875,1,0.01953574301224264,shortlist
lband_long,162315,28056004,MeerKAT:array_1:20250715T232237Z,Gaia_6440638300299490560,28,951.6451403051615,-0.04539622646047649,82.79946,32,0.5,1,0.019535757693026085,shortlist
lband_short,18897,440153,MeerKAT:array_1:20250708T094824Z,Gaia_2973618305284063360,39,873.58258035779,-0.33827510685064743,20.958622,45,0.703125,1,0.019588736956409173,shortlist
uhf_long,64193,7198454,MeerKAT:array_1:20250702T175345Z,ex_CRTS_J140749.5-381707,23,602.5486658215523,0.0468549361567201,6.872108,59,0.921875,1,0.019625154382152413,shortlist
lband_long,162156,28055173,MeerKAT:array_1:20250715T232237Z,Gaia_6440693585118612608,15,951.6451403051615,-0.04539622646047649,80.59145,32,0.5,1,0.019632404831809558,shortlist
lband_long,162588,28057341,MeerKAT:array_1:20250715T232237Z,Gaia_6440703888743020928,49,951.6572738736868,-0.04539622646047649,89.958755,34,0.53125,1,0.019713465263657953,shortlist
lband_long,162099,28054918,MeerKAT:array_1:20250715T232237Z,Gaia_6440687950121445632,11,951.6451403051615,-0.04539622646047649,87.32161,32,0.5,1,0.01975062958150797,shortlist
lband_long,162256,28055683,MeerKAT:array_1:20250715T232237Z,Gaia_6440634894390287744,23,951.6451403051615,-0.04539622646047649,82.81199,32,0.5,1,0.019758396373270447,shortlist
uhf_long,64180,7198441,MeerKAT:array_1:20250702T175345Z,ex_GALEX_J140702.6-373441,10,602.5486658215523,0.044817765019471406,8.844659,58,0.90625,1,0.01984300967111867,shortlist
uhf_long,81244,33164385,MeerKAT:array_1:20250702T175345Z,ex_GALEX_J141049.4-375144,14,615.6699666976929,0.038706251607725305,6.8239145,61,0.953125,1,0.01995204086953984,shortlist
uhf_short,699,91382,MeerKAT:array_1:20250710T030814Z,Gaia_2699253187370591232,62,544.0450412631035,-0.0855611877644454,8.827517,33,0.515625,1,0.019974893080926204,shortlist
lband_long,276666,35857313,MeerKAT:array_1:20240319T020710Z,Gaia_2530998457729328768,37,1544.196121096611,-0.15636478003053011,9.835035,46,0.71875,1,0.02017908116242482,shortlist
lband_long,162080,28054850,MeerKAT:array_1:20250715T232237Z,Gaia_6440695852861335296,10,951.5862071961164,-0.04539622646047649,69.34851,33,0.515625,1,0.02037990258398097,shortlist
lband_long,162495,28056896,MeerKAT:array_1:20250715T232237Z,Gaia_6441426164804157184,42,951.6451403051615,-0.04539622646047649,83.92555,32,0.5,1,0.02039132635338571,shortlist
uhf_long,12756,287844,MeerKAT:array_1:20250716T022312Z,Gaia_4669829434551415808,37,552.0101981759071,-0.006111513411746101,141.89897,64,1.0,1,0.02066233435293428,shortlist
uhf_long,81253,33164394,MeerKAT:array_1:20250702T175345Z,ex_CRTS_J140749.5-381707,23,615.6699666976929,0.038706251607725305,7.070647,61,0.953125,1,0.02073105918463189,shortlist
uhf_long,64186,7198447,MeerKAT:array_1:20250702T175345Z,ex_CRTS_J140802.1-372540,16,602.5486658215523,0.0468549361567201,8.081496,59,0.921875,1,0.02074302010172366,shortlist
uhf_long,64213,7198474,MeerKAT:array_1:20250702T175345Z,Gaia_6120442784669091328,43,602.5486658215523,0.048892107293968805,7.6710553,41,0.640625,1,0.020901739103685785,shortlist
lband_long,162423,28056514,MeerKAT:array_1:20250715T232237Z,Gaia_6440683620794454784,36,951.6451403051615,-0.04539622646047649,86.7446,32,0.5,1,0.020997113614271617,shortlist
lband_long,162689,28057848,MeerKAT:array_1:20250715T232237Z,Gaia_6440705851545164288,57,951.6035401821136,-0.04539622646047649,98.978935,33,0.515625,1,0.021023960432270426,shortlist
lband_long,276854,35857837,MeerKAT:array_1:20240319T020710Z,Gaia_2531019215306801792,7,1544.6151756495237,-0.1311446542191543,23.990341,64,1.0,1,0.02110047085784941,shortlist
lband_long,158793,27932323,MeerKAT:array_1:20250714T051258Z,Gaia_4669685776485351168,54,951.3463372290134,-0.015132075486825495,36.47779,37,0.578125,1,0.02112356504783449,shortlist
sband_short,1238,412927,MeerKAT:array_1:20250701T171131Z,Gaia_3607206524965703424,2,2212.745593627915,0.13924128707122305,36.415863,40,0.7272727272727273,1,0.021152039145581725,shortlist
lband_long,162574,28057274,MeerKAT:array_1:20250715T232237Z,Gaia_6440701071244397312,48,951.6035401821136,-0.04539622646047649,103.66865,33,0.515625,1,0.021318918601068975,shortlist
uhf_long,64221,7198482,MeerKAT:array_1:20250702T175345Z,Gaia_6117567630486215552,51,602.5486658215523,0.0468549361567201,8.500416,59,0.921875,1,0.021335709351736044,shortlist
uhf_long,81249,33164390,MeerKAT:array_1:20250702T175345Z,ex_ASASSN-V_J140832.22-374509.2,19,615.6699666976929,0.038706251607725305,7.621093,61,0.953125,1,0.021341643128133334,shortlist
lband_short,281764,24369806,MeerKAT:array_1:20250711T095125Z,Gaia_4814731151398254208,37,950.3837450444698,-0.09225684732290385,30.376328,32,0.5,1,0.02136280497462296,shortlist
lband_long,162453,28056702,MeerKAT:array_1:20250715T232237Z,Gaia_6440694474176019200,39,951.6035401821136,-0.04539622646047649,95.43129,33,0.515625,1,0.021514410759839814,shortlist
uhf_long,81234,33164375,MeerKAT:array_1:20250702T175345Z,ex_CRTS_J140601.7-375846,4,615.6699666976929,0.038706251607725305,7.465797,61,0.953125,1,0.021569438561550486,shortlist
uhf_long,64198,7198459,MeerKAT:array_1:20250702T175345Z,ex_ESO_384-55,28,602.5486658215523,0.044817765019471406,7.091392,58,0.90625,1,0.021652345079662974,shortlist
uhf_short,205815,34980878,MeerKAT:array_1:20250711T023810Z,Gaia_2682588538168059392,53,657.9678003191948,0.0,20.802488,64,1.0,1,0.02166369904540686,shortlist
uhf_long,74565,11573293,MeerKAT:array_1:20250717T054309Z,Gaia_4668954360734828672,25,599.4168829917908,-0.0733381609409532,14.388172,40,0.625,1,0.021744247438233853,shortlist
lband_long,162244,28055617,MeerKAT:array_1:20250715T232237Z,Gaia_6440699735511788544,22,951.6035401821136,-0.04539622646047649,101.02794,33,0.515625,1,0.021761964975377343,shortlist
lband_long,277642,35860280,MeerKAT:array_1:20240319T020710Z,Gaia_2537023579586481792,48,1546.1222589313984,0.02017610064910066,19.651327,40,0.625,1,0.021801033902455625,shortlist
lband_long,277458,35859266,MeerKAT:array_1:20240319T020710Z,Gaia_2531012755675980032,63,1544.6151756495237,-0.1311446542191543,28.01934,64,1.0,1,0.02180234152139396,shortlist
lband_long,277612,35860169,MeerKAT:array_1:20240319T020710Z,Gaia_2543037354139398912,26,1546.1222589313984,0.02017610064910066,16.938032,40,0.625,1,0.021816005004340437,shortlist
lband_long,162125,28055043,MeerKAT:array_1:20250715T232237Z,Gaia_6440701968894754944,13,951.6035401821136,-0.04539622646047649,92.93812,33,0.515625,1,0.021823098835343682,shortlist
lband_long,162180,28055296,MeerKAT:array_1:20250715T232237Z,Gaia_6440630809876553856,17,951.5862071961164,-0.04539622646047649,72.73986,33,0.515625,1,0.021901822671839904,shortlist
uhf_long,31533,980745,MeerKAT:array_1:20250714T160406Z,Gaia_6144671378080801792,49,563.9787179231644,-0.014260197960740902,16.988482,43,0.671875,1,0.021919631760510077,shortlist
sband_short,17366,16093240,MeerKAT:array_1:20250701T174407Z,ex_LEDA_943670,42,2284.002327360213,0.3106151788511899,160.52217,55,1.0,1,0.021949558062282895,shortlist
lband_long,162692,28057851,MeerKAT:array_1:20250715T232237Z,Gaia_6440705851545164288,57,951.6451403051615,-0.04539622646047649,86.62622,32,0.5,1,0.021974466698112743,shortlist
uhf_long,79254,16138542,MeerKAT:array_1:20250702T175345Z,Gaia_6120438317903079168,58,608.0533240437508,-0.0835240166271967,6.318054,42,0.65625,1,0.02210591576370471,shortlist
uhf_long,81250,33164391,MeerKAT:array_1:20250702T175345Z,ex_ASASSN-V_J140926.43-372525.5,20,615.6699666976929,0.038706251607725305,6.958351,61,0.953125,1,0.022118969643933523,shortlist
lband_short,308955,26028186,MeerKAT:array_1:20250712T010545Z,Gaia_4216735364359904640,8,959.8260625600815,0.09225684732290385,32.473015,36,0.5625,1,0.02215385060161842,shortlist
lband_long,162053,28054726,MeerKAT:array_1:20250715T232237Z,Gaia_6440683861312632064,8,951.6451403051615,-0.04539622646047649,83.26714,32,0.5,1,0.022208333322017174,shortlist
lband_long,162548,28057146,MeerKAT:array_1:20250715T232237Z,Gaia_6441458570333527680,46,951.5862071961164,-0.04539622646047649,71.86755,33,0.515625,1,0.022208333322017174,shortlist
lband_long,162642,28057594,MeerKAT:array_1:20250715T232237Z,Gaia_6441836424375865344,53,951.6451403051615,-0.04539622646047649,82.96547,32,0.5,1,0.022208333322017174,shortlist
lband_long,162108,28054977,MeerKAT:array_1:20250715T232237Z,Gaia_6440683891377314560,12,951.5862071961164,-0.04539622646047649,63.166023,33,0.515625,1,0.022237323820454166,shortlist
lband_long,162484,28056834,MeerKAT:array_1:20250715T232237Z,Gaia_6440708119287928320,41,951.6572738736868,-0.04539622646047649,88.942604,34,0.53125,1,0.022559809564563892,shortlist
lband_long,162490,28056891,MeerKAT:array_1:20250715T232237Z,Gaia_6441426164804157184,42,951.5862071961164,-0.04539622646047649,69.74603,33,0.515625,1,0.022596545578112224,shortlist
lband_long,161959,28054274,MeerKAT:array_1:20250715T232237Z,Gaia_6441458776491674368,1,951.5862071961164,-0.04539622646047649,66.64204,33,0.515625,1,0.022735856449246982,shortlist
lband_long,162677,28057784,MeerKAT:array_1:20250715T232237Z,Gaia_6440701212980532608,56,951.6035401821136,-0.04539622646047649,99.42612,33,0.515625,1,0.022781042056654863,shortlist
uhf_long,51649,1246555,MeerKAT:array_1:20250702T175345Z,ex_CRTS_J140802.1-372540,16,580.046847820282,0.05092927843121751,13.568614,64,1.0,1,0.022828943822071464,shortlist
lband_long,162225,28055494,MeerKAT:array_1:20250715T232237Z,Gaia_6440706813617922432,20,951.6572738736868,-0.04539622646047649,93.65953,34,0.53125,1,0.022836878181494946,shortlist
uhf_long,40124,1120426,MeerKAT:array_1:20250713T190328Z,Gaia_6117473553523409792,2,575.9641655087471,-0.014260197960740902,51.62159,64,1.0,1,0.022856423604877447,shortlist
lband_long,162553,28057152,MeerKAT:array_1:20250715T232237Z,Gaia_6441458570333527680,46,951.6572738736868,-0.04539622646047649,97.1152,34,0.53125,1,0.022959667739698545,shortlist
lband_long,162666,28057723,MeerKAT:array_1:20250715T232237Z,Gaia_6440682418203605888,55,951.6572738736868,-0.04539622646047649,88.79749,34,0.53125,1,0.022959667739698545,shortlist
lband_long,162680,28057788,MeerKAT:array_1:20250715T232237Z,Gaia_6440701212980532608,56,951.6572738736868,-0.04539622646047649,93.02188,34,0.53125,1,0.022959667739698545,shortlist
lband_long,134047,20946729,MeerKAT:array_1:20250707T231708Z,Gaia_6441456921065822464,34,951.5463290512562,0.02017610064910066,22.715979,41,0.640625,1,0.023011473600281225,shortlist
lband_short,18921,440177,MeerKAT:array_1:20250708T094824Z,Gaia_2973726641538374784,63,873.58258035779,-0.33827510685064743,19.277954,45,0.703125,1,0.023011979179477688,shortlist
lband_long,162601,28057404,MeerKAT:array_1:20250715T232237Z,Gaia_6440689015273350784,50,951.657275468111,-0.04035220129820132,93.49603,38,0.59375,1,0.02304398684393947,shortlist
lband_long,162552,28057151,MeerKAT:array_1:20250715T232237Z,Gaia_6441458570333527680,46,951.6451403051615,-0.04539622646047649,87.8954,32,0.5,1,0.023059906245192822,shortlist
lband_short,18872,440128,MeerKAT:array_1:20250708T094824Z,ex_LEDA_823286,14,873.58258035779,-0.32802434603699143,20.424276,44,0.6875,1,0.02316080705607287,shortlist
lband_long,162624,28057526,MeerKAT:array_1:20250715T232237Z,Gaia_6441456096432105216,52,951.5862071961164,-0.04539622646047649,59.965645,33,0.515625,1,0.023227739938150655,shortlist
lband_long,162693,28057852,MeerKAT:array_1:20250715T232237Z,Gaia_6440705851545164288,57,951.6572738736868,-0.04539622646047649,87.493805,34,0.53125,1,0.023328028273276267,shortlist
lband_long,36815,814981,MeerKAT:array_1:20250708T083640Z,Gaia_4669060635405789824,59,887.9778922945261,0.025220125811375827,38.474445,64,1.0,1,0.023364506433475492,shortlist
lband_long,277654,35860322,MeerKAT:array_1:20240319T020710Z,Gaia_2531022720000112896,56,1546.1222589313984,0.02017610064910066,16.663158,40,0.625,1,0.023370760362042442,shortlist
lband_long,162629,28057531,MeerKAT:array_1:20250715T232237Z,Gaia_6441456096432105216,52,951.6451403051615,-0.04539622646047649,78.27886,32,0.5,1,0.02343905947083599,shortlist
uhf_long,81261,33164402,MeerKAT:array_1:20250702T175345Z,ex_LEDA_625730,31,615.6699666976929,0.038706251607725305,6.827108,61,0.953125,1,0.023583014326467706,shortlist
lband_long,162572,28057272,MeerKAT:array_1:20250715T232237Z,Gaia_6440701071244397312,48,951.5862071961164,-0.04539622646047649,77.074554,33,0.515625,1,0.023621271764729834,shortlist
lband_long,162153,28055170,MeerKAT:array_1:20250715T232237Z,Gaia_6440693585118612608,15,951.6035401821136,-0.04539622646047649,94.83012,33,0.515625,1,0.023767089629629663,shortlist
lband_long,162665,28057722,MeerKAT:array_1:20250715T232237Z,Gaia_6440682418203605888,55,951.6451403051615,-0.04539622646047649,83.782524,32,0.5,1,0.023767089629629663,shortlist
lband_long,162456,28056705,MeerKAT:array_1:20250715T232237Z,Gaia_6440694474176019200,39,951.6451403051615,-0.04539622646047649,80.85279,32,0.5,1,0.023832060131967613,shortlist
lband_long,206840,33462312,MeerKAT:array_1:20250705T141541Z,Gaia_4669730615944037120,20,983.9893388152122,0.03026415097365099,67.49916,64,1.0,1,0.024063240989809612,shortlist
sband_short,4668,1005728,MeerKAT:array_1:20250719T130249Z,Gaia_2992968786518889856,39,2226.344875060022,-0.09639781412623134,7.869492,33,0.515625,1,0.024215708228572986,shortlist
lband_long,162774,28058233,MeerKAT:array_1:20250715T232237Z,Gaia_6440702862247948160,63,951.6035401821136,-0.04539622646047649,96.586136,33,0.515625,1,0.024234233561813156,shortlist
lband_long,277618,35860188,MeerKAT:array_1:20240319T020710Z,Gaia_2531011621804591872,30,1546.1222589313984,0.02017610064910066,18.417938,40,0.625,1,0.024370639521822023,shortlist
lband_long,162630,28057532,MeerKAT:array_1:20250715T232237Z,Gaia_6441456096432105216,52,951.6572738736868,-0.04539622646047649,87.024,34,0.53125,1,0.024505408319417207,shortlist
uhf_long,64225,7198486,MeerKAT:array_1:20250702T175345Z,Gaia_6117451425851110400,55,602.5486658215523,0.044817765019471406,8.136482,58,0.90625,1,0.024513701903732803,shortlist
lband_long,161995,28054464,MeerKAT:array_1:20250715T232237Z,Gaia_6441464995604323072,4,951.5862071961164,-0.04539622646047649,66.63939,33,0.515625,1,0.024669386789792653,shortlist
lband_long,277043,35858299,MeerKAT:array_1:20240319T020710Z,Gaia_2543022442012637952,25,1544.6151756495237,-0.1311446542191543,21.48355,64,1.0,1,0.02484772362463815,shortlist
sband_short,34726,1205830,MeerKAT:array_1:20250720T183547Z,Gaia_3504488087114561536,40,2237.573578255251,0.0,59.82208,49,1.0,1,0.024927163927761207,shortlist
sband_long,3148,762428,MeerKAT:array_1:20250724T180802Z,Gaia_5883234352277481472,44,2212.7472136635333,-0.03689299059152064,7.098807,49,0.765625,1,0.02502566432693768,shortlist
lband_short,18907,440163,MeerKAT:array_1:20250708T094824Z,Gaia_2973640128014591232,49,873.58258035779,-0.33827510685064743,20.835377,45,0.703125,1,0.025120382587183205,shortlist
lband_long,162430,28056572,MeerKAT:array_1:20250715T232237Z,Gaia_6441452110702440448,37,951.5862071961164,-0.04539622646047649,70.90089,33,0.515625,1,0.025173805540941938,shortlist
uhf_long,81166,33164179,MeerKAT:array_1:20250702T175345Z,ex_3FGL_J1409.2-3743,1,611.9863014817238,-0.0631523052547097,7.910629,40,0.625,1,0.02533668531697823,shortlist
lband_long,162419,28056509,MeerKAT:array_1:20250715T232237Z,Gaia_6440683620794454784,36,951.5862071961164,-0.04539622646047649,71.992744,33,0.515625,1,0.025369312201306615,shortlist
lband_long,162735,28058047,MeerKAT:array_1:20250715T232237Z,Gaia_6440689324511005184,60,951.657275468111,-0.04035220129820132,87.332565,38,0.59375,1,0.025408012750984258,shortlist
lband_long,162185,28055301,MeerKAT:array_1:20250715T232237Z,Gaia_6440630809876553856,17,951.6451403051615,-0.04539622646047649,84.25261,32,0.5,1,0.025418029377269377,shortlist
lband_long,161949,28054212,MeerKAT:array_1:20250715T232237Z,J1939-6342,0,951.6035401821136,-0.04539622646047649,86.04142,33,0.515625,1,0.025435004824192083,shortlist
lband_long,162549,28057148,MeerKAT:array_1:20250715T232237Z,Gaia_6441458570333527680,46,951.6035401821136,-0.04539622646047649,104.13077,33,0.515625,1,0.025435004824192083,shortlist
uhf_long,64171,7198432,MeerKAT:array_1:20250702T175345Z,ex_3FGL_J1409.2-3743,1,602.5486658215523,0.0468549361567201,8.186185,59,0.921875,1,0.025441439518945886,shortlist
uhf_short,16831,1060366,MeerKAT:array_1:20250702T005726Z,Gaia_2682741271499860352,16,576.0487489700317,-0.0427805938822227,36.091442,32,0.5,1,0.025574893890423642,shortlist
sband_short,32816,1199310,MeerKAT:array_1:20250720T161105Z,ex_LEDA_816754,4,2239.5683522336185,-0.021421736472495855,23.099415,49,1.0,1,0.025681741215020357,shortlist
lband_long,158719,27931818,MeerKAT:array_1:20250714T051258Z,ex_LEDA_177089,45,951.445137321949,-0.02017610064910066,38.352345,35,0.546875,1,0.025711289656430172,shortlist
uhf_long,64199,7198460,MeerKAT:array_1:20250702T175345Z,ex_ESO_325-55,29,602.5486658215523,0.0468549361567201,8.960592,59,0.921875,1,0.02584664365893813,shortlist
uhf_long,51634,1246540,MeerKAT:array_1:20250702T175345Z,ex_3FGL_J1409.2-3743,1,580.046847820282,0.05092927843121751,12.20187,64,1.0,1,0.025881194714849433,shortlist
lband_long,277646,35860300,MeerKAT:array_1:20240319T020710Z,Gaia_2530943280285016320,52,1546.1222589313984,0.02017610064910066,18.380724,40,0.625,1,0.0261073342449349,shortlist
lband_long,133954,20946002,MeerKAT:array_1:20250707T231708Z,Gaia_6440686781890332032,22,951.5463290512562,0.02017610064910066,20.697575,41,0.640625,1,0.02652595619753677,shortlist
uhf_short,6544,383642,MeerKAT:array_1:20250730T204925Z,Gaia_2699441169499096960,22,551.9998951554298,-0.2909080383991144,95.02989,36,0.5625,1,0.02657182062973673,shortlist
lband_long,162587,28057340,MeerKAT:array_1:20250715T232237Z,Gaia_6440703888743020928,49,951.6451403051615,-0.04539622646047649,84.527336,32,0.5,1,0.026654925131436594,shortlist
lband_long,177403,31535469,MeerKAT:array_1:20250722T155604Z,Gaia_6441083288974003328,61,950.3074614107609,-0.050440251622751654,13.157033,34,0.53125,1,0.026709613978134174,shortlist
lband_long,161997,28054466,MeerKAT:array_1:20250715T232237Z,Gaia_6441464995604323072,4,951.6035401821136,-0.04539622646047649,93.54814,33,0.515625,1,0.02700836656269662,shortlist
uhf_long,81263,33164404,MeerKAT:array_1:20250702T175345Z,ex_LEDA_612500,33,615.6699666976929,0.038706251607725305,6.3923054,61,0.953125,1,0.02715943319103243,shortlist
lband_short,72719,2000026,MeerKAT:array_1:20250706T040458Z,Gaia_2545302794769170048,54,924.9936454296112,0.05125380406827991,33.00732,64,1.0,1,0.027250776387221638,shortlist
lband_long,92413,5231729,MeerKAT:array_1:20250719T204244Z,Gaia_6441014642513408000,52,924.9907722771168,0.1311446542191543,48.882225,64,1.0,1,0.02741763391761186,shortlist
uhf_short,15194,1035194,MeerKAT:array_1:20250730T204925Z,Gaia_2698980302328396288,52,563.9998924136162,-0.2909080383991144,18.431686,47,0.734375,1,0.027601080120957498,shortlist
lband_long,276865,35857863,MeerKAT:array_1:20240319T020710Z,Gaia_2531011376990672256,8,1544.6151756495237,-0.1311446542191543,25.4742,64,1.0,1,0.0280739332449169,shortlist
uhf_long,81246,33164387,MeerKAT:array_1:20250702T175345Z,ex_CRTS_J140802.1-372540,16,615.6699666976929,0.038706251607725305,7.184525,61,0.953125,1,0.02835448344142887,shortlist
lband_long,277623,35860219,MeerKAT:array_1:20240319T020710Z,Gaia_2543029352615742080,36,1546.1222589313984,0.02017610064910066,17.94683,40,0.625,1,0.028418299504636462,shortlist
lband_long,276740,35857546,MeerKAT:array_1:20240319T020710Z,Gaia_2543025916641889664,55,1544.196121096611,-0.15636478003053011,11.332494,46,0.71875,1,0.028445646815198834,shortlist
sband_long,5144,1021052,MeerKAT:array_1:20250724T180802Z,Gaia_5883217859602899072,23,2226.410325150937,-0.20554666186704354,41.015263,61,0.953125,1,0.028540271472611872,shortlist
uhf_short,6329,383335,MeerKAT:array_1:20250730T204925Z,Gaia_2698979993090737536,2,549.9935683608055,0.11122954409377903,147.42828,64,1.0,1,0.0291089995347767,shortlist
lband_short,596843,1888206,MeerKAT:array_1:20250705T151001Z,Gaia_5223009505608981504,61,935.5454000085592,0.0,827.6647,64,1.0,1,0.029149839274173892,shortlist
uhf_long,81236,33164377,MeerKAT:array_1:20250702T175345Z,ex_CRTS_J140643.5-372544,6,615.6699666976929,0.038706251607725305,6.962244,61,0.953125,1,0.02916613808252319,shortlist
uhf_long,81280,33164421,MeerKAT:array_1:20250702T175345Z,Gaia_6117567630486215552,51,615.6699666976929,0.038706251607725305,6.5574512,61,0.953125,1,0.02922068758166628,shortlist
lband_long,276961,35858090,MeerKAT:array_1:20240319T020710Z,Gaia_2530991280839514240,17,1544.6151756495237,-0.1311446542191543,28.685987,64,1.0,1,0.029385177652193766,shortlist
uhf_short,15221,1035244,MeerKAT:array_1:20250730T204925Z,Gaia_2699024626391024000,63,563.9998924136162,-0.2909080383991144,18.646532,47,0.734375,1,0.029428916777591036,shortlist
lband_short,18859,440115,MeerKAT:array_1:20250708T094824Z,Gaia_2973937545909446144,1,873.58258035779,-0.33827510685064743,19.360388,45,0.703125,1,0.029505282878143302,shortlist
uhf_long,74563,11573287,MeerKAT:array_1:20250717T054309Z,Gaia_4669812563919875200,22,599.4168829917908,-0.0733381609409532,8.485621,40,0.625,1,0.029638839450495197,shortlist
lband_short,349194,30016526,MeerKAT:array_1:20250719T212149Z,Gaia_4216955988238869632,37,951.6206627041101,0.05125380406827991,27.508015,42,0.65625,1,0.029654907590983236,shortlist
uhf_long,79216,16138493,MeerKAT:array_1:20250702T175345Z,ex_GALEX_J140624.6-375959,8,608.0533240437508,-0.0835240166271967,7.1266017,42,0.65625,1,0.029690347744956318,shortlist
lband_long,161947,28054210,MeerKAT:array_1:20250715T232237Z,J1939-6342,0,951.5862087905407,-0.04035220129820132,62.563507,39,0.609375,1,0.02982025576117854,shortlist
lband_short,72644,1999951,MeerKAT:array_1:20250706T040458Z,ex_LEDA_1161460,29,924.9936454296112,0.05125380406827991,31.811563,64,1.0,1,0.02984349564217765,shortlist
lband_long,277640,35860270,MeerKAT:array_1:20240319T020710Z,Gaia_2543031173681877120,46,1546.1222589313984,0.02017610064910066,17.353306,40,0.625,1,0.03037631368389297,shortlist
lband_short,596873,1888236,MeerKAT:array_1:20250705T151001Z,Gaia_5223009505608981504,61,935.7483000606298,0.0,856.4607,64,1.0,1,0.030419037485895754,shortlist
sband_short,17293,16093167,MeerKAT:array_1:20250701T171131Z,Gaia_3607227724924361472,27,2284.0016884729266,0.3106151788511899,291.80167,55,1.0,1,0.030585053462316325,shortlist
uhf_short,87152,34906335,MeerKAT:array_1:20250730T231157Z,ex_PB_5102,31,649.9934529662132,0.13689790042311265,6.1283774,38,0.59375,1,0.030594445600768443,shortlist
lband_short,18874,440130,MeerKAT:array_1:20250708T094824Z,ex_LEDA_823593,16,873.58258035779,-0.33827510685064743,19.915535,45,0.703125,1,0.030825629087150173,shortlist
lband_short,18910,440166,MeerKAT:array_1:20250708T094824Z,Gaia_2973830412245473152,52,873.58258035779,-0.33827510685064743,20.485128,45,0.703125,1,0.03083252157132871,shortlist
lband_short,18894,440150,MeerKAT:array_1:20250708T094824Z,Gaia_2973741592321653760,36,873.58258035779,-0.32802434603699143,19.392935,44,0.6875,1,0.03084796199502224,shortlist
lband_long,162050,28054723,MeerKAT:array_1:20250715T232237Z,Gaia_6440683861312632064,8,951.6035401821136,-0.04539622646047649,99.126114,33,0.515625,1,0.03087608447059958,shortlist
lband_long,134200,20948055,MeerKAT:array_1:20250707T231708Z,Gaia_6441465820238323712,56,951.5463290512562,0.02017610064910066,20.220507,41,0.640625,1,0.0309193356254711,shortlist
uhf_short,69550,33535453,MeerKAT:array_1:20250715T002705Z,Gaia_2682490548488997760,30,624.0453627705574,-0.1454540191995572,6.596132,39,0.609375,1,0.031164437311315987,shortlist
uhf_long,74600,11573367,MeerKAT:array_1:20250717T054309Z,Gaia_4669316546736562048,62,599.4168829917908,-0.0733381609409532,28.304829,40,0.625,1,0.03119507912475626,shortlist
uhf_long,51688,1246594,MeerKAT:array_1:20250702T175345Z,Gaia_6117451425851110400,55,580.046847820282,0.05092927843121751,13.644545,64,1.0,1,0.03133289834150184,shortlist
uhf_long,64208,7198469,MeerKAT:array_1:20250702T175345Z,ex_LEDA_184492,38,602.5486658215523,0.0468549361567201,7.816393,59,0.921875,1,0.03185016516601597,shortlist
lband_long,134179,20947877,MeerKAT:array_1:20250707T231708Z,Gaia_6441069201482348800,53,951.5463290512562,0.02017610064910066,18.13677,41,0.640625,1,0.03190262787564902,shortlist
sband_long,5140,1021044,MeerKAT:array_1:20250724T180802Z,Gaia_5883222223289783424,21,2226.410325150937,-0.20027623463968347,36.430855,42,0.65625,1,0.03203669820756061,shortlist
lband_short,395027,33471664,MeerKAT:array_1:20250706T111659Z,Gaia_4802485993479359232,5,983.9760094285011,0.05125380406827991,45.78355,64,1.0,1,0.03213546273483638,shortlist
uhf_short,15212,1035227,MeerKAT:array_1:20250730T204925Z,Gaia_2699421721887095808,59,563.9998924136162,-0.2909080383991144,17.96822,47,0.734375,1,0.032227140152694206,shortlist
uhf_long,64206,7198467,MeerKAT:array_1:20250702T175345Z,ex_LEDA_624331,36,602.5486658215523,0.044817765019471406,9.408027,58,0.90625,1,0.03233283031076503,shortlist
uhf_short,61297,33478474,MeerKAT:array_1:20250706T215041Z,Gaia_4426440166241238144,60,625.0030795931816,0.02566835632933362,360.69464,64,1.0,1,0.03247145021129811,shortlist
lband_long,134185,20947935,MeerKAT:array_1:20250707T231708Z,Gaia_6441450323996056832,54,951.5463290512562,0.02017610064910066,19.346214,41,0.640625,1,0.032697551370051,shortlist
lband_short,395750,33473241,MeerKAT:array_1:20250706T141948Z,Gaia_4802461632424892800,33,983.9513277411461,0.03075228244096795,12.272451,61,0.953125,1,0.032778196047356246,shortlist
lband_long,161987,28054402,MeerKAT:array_1:20250715T232237Z,Gaia_6440696574415849984,3,951.6035417765379,-0.04035220129820132,89.51775,40,0.625,1,0.03299320757483754,shortlist
lband_long,276586,35857055,MeerKAT:array_1:20240319T020710Z,Gaia_2531005054799125888,16,1544.196121096611,-0.15636478003053011,9.958195,46,0.71875,1,0.03302286422114556,shortlist
lband_long,133820,20944861,MeerKAT:array_1:20250707T231708Z,Gaia_6440686300854003584,3,951.5463290512562,0.02017610064910066,18.455408,41,0.640625,1,0.033035829267442515,shortlist
uhf_short,54570,28004371,MeerKAT:array_1:20250715T002705Z,Gaia_2682780609104842240,17,608.0490672588348,-0.07700506898800086,6.62306,37,0.578125,1,0.033046562046470204,shortlist
lband_long,133962,20946062,MeerKAT:array_1:20250707T231708Z,Gaia_6441062913649971968,23,951.5463290512562,0.02017610064910066,19.108019,41,0.640625,1,0.033145971327355105,shortlist
uhf_long,79571,23567719,MeerKAT:array_1:20250710T060816Z,Gaia_5599255203455647104,18,607.2236796021461,-0.0081486845489948,4275.103,49,0.765625,1,0.03318297724260288,shortlist
uhf_short,184965,33535953,MeerKAT:array_1:20250715T023108Z,Gaia_2682791574156858496,1,623.9843572974205,0.00855611877644454,50.43338,64,1.0,1,0.033184684605748326,shortlist
lband_long,158652,27931235,MeerKAT:array_1:20250714T051258Z,Gaia_4668965385914739968,35,951.445137321949,-0.02017610064910066,37.018047,35,0.546875,1,0.033376694675207264,shortlist
uhf_short,23387,1109981,MeerKAT:array_1:20250713T002413Z,Gaia_2682583693444955392,24,575.9987963438034,0.15401013797600172,45.229637,62,0.96875,1,0.03348746499657707,shortlist
sband_short,18179,33615854,MeerKAT:array_1:20250720T131853Z,ex_LEDA_944529,48,2320.1924986205995,-0.28919344237869404,726.9338,47,0.8545454545454545,1,0.03351327857958249,shortlist
lband_long,277277,35858832,MeerKAT:array_1:20240319T020710Z,Gaia_2543031173681877120,46,1544.6151756495237,-0.12610062905687913,27.079308,64,1.0,1,0.03353295345694864,shortlist
lband_short,18884,440140,MeerKAT:array_1:20250708T094824Z,Gaia_2973628819363169280,26,873.58258035779,-0.32802434603699143,22.480635,44,0.6875,1,0.03359340085341128,shortlist
uhf_long,51676,1246582,MeerKAT:array_1:20250702T175345Z,Gaia_6120442784669091328,43,580.046847820282,0.05092927843121751,11.128446,64,1.0,1,0.033669146636616076,shortlist
sband_long,21673,410769,MeerKAT:array_1:20250701T163235Z,J1939-6342,0,2203.5489219706506,0.0,314.5534,64,1.0,1,0.033742304192261124,shortlist
uhf_short,23415,1110091,MeerKAT:array_1:20250713T002413Z,Gaia_2682532948406193664,35,575.9987963438034,0.15401013797600172,46.221054,62,0.96875,1,0.03414050804662227,shortlist
lband_long,277010,35858224,MeerKAT:array_1:20240319T020710Z,Gaia_2530970149600386304,22,1544.6151756495237,-0.12610062905687913,26.622393,64,1.0,1,0.03416936223205135,shortlist
lband_long,277609,35860164,MeerKAT:array_1:20240319T020710Z,Gaia_2543022442012637952,25,1546.1222589313984,0.02017610064910066,20.392448,40,0.625,1,0.03426888819769943,shortlist
uhf_long,32337,987615,MeerKAT:array_1:20250715T135202Z,ex_ASASSN-V_J153249.85-325503.6,24,562.5537295341492,-0.055003620705714906,17.95963,44,0.6875,1,0.034297578478790815,shortlist
uhf_short,15146,1035086,MeerKAT:array_1:20250730T204925Z,Gaia_2699041497022460544,29,563.9998924136162,-0.2909080383991144,18.29635,47,0.734375,1,0.03463643342917833,shortlist
lband_long,158789,27932274,MeerKAT:array_1:20250714T051258Z,Gaia_4669711821167106432,53,951.445137321949,-0.015132075486825495,35.15414,34,0.53125,1,0.03490371449923219,shortlist
uhf_short,148647,1768768,MeerKAT:array_1:20250704T025554Z,Gaia_2682486459680121344,4,587.9897055029869,0.01711223755288908,28.382551,64,1.0,1,0.03493926542400307,shortlist
uhf_long,74589,11573345,MeerKAT:array_1:20250717T054309Z,Gaia_4668954635612750464,51,599.4168829917908,-0.0733381609409532,12.774661,40,0.625,1,0.03496256403398947,shortlist
uhf_short,23488,1110371,MeerKAT:array_1:20250713T002413Z,ex_2MASX_J22110941+0206236,63,575.9987963438034,0.15401013797600172,46.04037,62,0.96875,1,0.03497511324118661,shortlist
uhf_long,33320,993672,MeerKAT:array_1:20250717T054309Z,ex_LEDA_146045,32,562.5533211827278,-0.07741250321545061,12.72953,40,0.625,1,0.035002211157179594,shortlist
lband_long,277661,35860347,MeerKAT:array_1:20240319T020710Z,Gaia_2531000901566280448,61,1546.1222589313984,0.02017610064910066,20.640255,40,0.625,1,0.0350584691981648,shortlist
uhf_long,64188,7198449,MeerKAT:array_1:20250702T175345Z,ex_ASASSN-V_J140712.53-371746.2,18,602.5486658215523,0.044817765019471406,8.7707,58,0.90625,1,0.03511232878496628,shortlist
lband_long,276610,35857129,MeerKAT:array_1:20240319T020710Z,Gaia_2530970149600386304,22,1544.1961226910353,-0.1614088051928053,12.186388,56,0.875,1,0.03513298742542801,shortlist
uhf_long,51681,1246587,MeerKAT:array_1:20250702T175345Z,Gaia_6120585411940887808,48,580.046847820282,0.05092927843121751,11.693182,64,1.0,1,0.03523181914445447,shortlist
uhf_short,69518,33535388,MeerKAT:array_1:20250715T002705Z,Gaia_2682516971127797760,19,624.0453627705574,-0.13689790042311265,7.8614774,40,0.625,1,0.03582411503296623,shortlist
uhf_short,15182,1035166,MeerKAT:array_1:20250730T204925Z,Gaia_2699033285045032960,46,563.9998924136162,-0.2909080383991144,15.798686,47,0.734375,1,0.03622758880612782,shortlist
uhf_short,23434,1110161,MeerKAT:array_1:20250713T002413Z,Gaia_2682782636329433984,42,575.9987963438034,0.15401013797600172,46.37054,62,0.96875,1,0.03659118419897785,shortlist
uhf_short,23378,1109941,MeerKAT:array_1:20250713T002413Z,Gaia_2682469275515505536,20,575.9987963438034,0.15401013797600172,48.38168,62,0.96875,1,0.03664510067064533,shortlist
uhf_long,51661,1246567,MeerKAT:array_1:20250702T175345Z,ex_ESO_384-55,28,580.046847820282,0.05092927843121751,13.488992,64,1.0,1,0.03682871043254637,shortlist
lband_short,46580,1077172,MeerKAT:array_1:20250706T145226Z,Gaia_4802452595813616000,51,896.653272613883,0.08200608650924786,53.14435,64,1.0,1,0.03685545916021303,shortlist
uhf_short,23430,1110141,MeerKAT:array_1:20250713T002413Z,Gaia_2682532948406192768,40,575.9987963438034,0.15401013797600172,45.227333,62,0.96875,1,0.03691187821896462,shortlist
uhf_long,64189,7198450,MeerKAT:array_1:20250702T175345Z,ex_ASASSN-V_J140832.22-374509.2,19,602.5486658215523,0.0468549361567201,9.185409,59,0.921875,1,0.03693633722660928,shortlist
lband_long,277663,35860358,MeerKAT:array_1:20240319T020710Z,Gaia_2531012755675980032,63,1546.1222589313984,0.02017610064910066,19.99643,40,0.625,1,0.036986329755866916,shortlist
lband_short,72710,2000017,MeerKAT:array_1:20250706T040458Z,Gaia_2543790936217312512,51,924.9936454296112,0.05125380406827991,32.303333,64,1.0,1,0.03704407273339454,shortlist
uhf_long,81243,33164384,MeerKAT:array_1:20250702T175345Z,ex_Gaia_DR3_6117537187757973248,13,615.6699666976929,0.038706251607725305,8.165291,61,0.953125,1,0.03707040222714629,shortlist
uhf_long,382,11848,MeerKAT:array_1:20250702T181451Z,ex_Gaia_DR2_5820203061496596608,20,551.9875564575195,-0.0651894763919584,247.65689,63,0.984375,1,0.03725861762323626,shortlist
uhf_long,164641,978076,MeerKAT:array_1:20250713T194539Z,Gaia_6024267849777654400,14,563.9648967981339,0.0020371711372487,78.34781,64,1.0,1,0.037475802131380784,shortlist
lband_long,133826,20944923,MeerKAT:array_1:20250707T231708Z,Gaia_6440708222367129344,4,951.5463290512562,0.02017610064910066,14.04011,41,0.640625,1,0.037712933668878436,shortlist
uhf_short,87910,34912229,MeerKAT:array_1:20250731T212434Z,Gaia_2699234530032694272,54,647.9736900925636,-0.05989283143511178,25.571148,64,1.0,1,0.03798079362256541,shortlist
lband_short,596827,1888190,MeerKAT:array_1:20250705T151001Z,Gaia_5223009505608981504,61,935.4497999250889,0.0,952.42755,64,1.0,1,0.038049412362799344,shortlist
sband_long,21737,410957,MeerKAT:array_1:20250701T163235Z,Gaia_6440683620794456832,47,2203.5489219706506,0.0,630.0661,64,1.0,1,0.03809545094071509,shortlist
uhf_long,206646,34622723,MeerKAT:array_1:20250705T060310Z,J1939-6342,0,647.2499434351921,0.0,48.388943,64,1.0,1,0.03817777069854527,shortlist
uhf_long,71885,11383599,MeerKAT:array_1:20250715T133052Z,Gaia_6226371040561103616,36,599.4172832369804,0.06111513411746101,33.83821,33,0.515625,1,0.03819420576091136,shortlist
lband_long,276979,35858143,MeerKAT:array_1:20240319T020710Z,Gaia_2531016427872523392,19,1544.6151756495237,-0.1311446542191543,29.485636,64,1.0,1,0.03828133010886846,shortlist
lband_short,401686,33505669,MeerKAT:array_1:20250711T095125Z,Gaia_4814653292231230592,2,983.9991588741541,0.10250760813655982,6.3474817,32,0.5,1,0.03830054339050054,shortlist
uhf_short,116752,403299,MeerKAT:array_1:20250731T230132Z,Gaia_2536434786814468352,58,551.9935550689697,-0.00855611877644454,277.2778,64,1.0,1,0.03838371060872487,shortlist
uhf_short,103001,35466918,MeerKAT:array_1:20250720T194306Z,Gaia_4426452260869268480,50,674.9907824993134,0.06844895021155632,2291.3245,64,1.0,1,0.038605458474689915,shortlist
uhf_short,28533,1123897,MeerKAT:array_1:20250714T001713Z,Gaia_2682102764481949056,14,575.999146938324,0.22245908818755805,59.529102,54,0.84375,1,0.03889592989615655,shortlist
lband_short,18904,440160,MeerKAT:array_1:20250708T094824Z,Gaia_2973716337914098048,46,873.58258035779,-0.32802434603699143,21.510983,44,0.6875,1,0.03900123416376377,shortlist
lband_long,195133,33076105,MeerKAT:array_1:20250731T141132Z,Gaia_5931532324741981056,49,950.4011067301035,0.06557232710957715,56.839012,34,0.53125,1,0.039032414966120164,shortlist
lband_short,390158,33342741,MeerKAT:array_1:20250712T080758Z,Gaia_2322720104678830336,49,976.096302613616,-0.05125380406827991,130.77496,64,1.0,1,0.039601580344395794,shortlist
lband_short,596491,1887849,MeerKAT:array_1:20250705T151001Z,Gaia_5223036817303303680,58,935.7483000606298,0.0,712.2767,64,1.0,1,0.03969026090146082,shortlist
lband_long,162222,28055490,MeerKAT:array_1:20250715T232237Z,Gaia_6440706813617922432,20,951.6035401821136,-0.04539622646047649,104.53313,33,0.515625,1,0.03970996058667447,shortlist
lband_long,162465,28056764,MeerKAT:array_1:20250715T232237Z,Gaia_6441014505074456832,40,951.5862087905407,-0.04035220129820132,70.78235,39,0.609375,1,0.03973458927612029,shortlist
sband_long,34365,4454377,MeerKAT:array_1:20250713T225437Z,Gaia_6440706813617922432,23,2700.000000419095,0.0,9.442935,64,1.0,1,0.03976988293971115,shortlist
uhf_long,81264,33164405,MeerKAT:array_1:20250702T175345Z,ex_LEDA_611874,34,615.6699666976929,0.038706251607725305,6.9152966,61,0.953125,1,0.03981665107863855,shortlist
lband_long,276585,35857054,MeerKAT:array_1:20240319T020710Z,Gaia_2531005054799125888,16,1544.1870647668839,-0.16645283035508046,9.783276,53,0.828125,1,0.03982723838834708,shortlist
lband_short,18865,440121,MeerKAT:array_1:20250708T094824Z,ex_CRTS_J044623.8-215436,7,873.58258035779,-0.33827510685064743,20.623066,45,0.703125,1,0.03987096552657106,shortlist
uhf_long,81267,33164408,MeerKAT:array_1:20250702T175345Z,ex_LEDA_184492,38,615.6699666976929,0.038706251607725305,6.7536793,61,0.953125,1,0.040067323713224856,shortlist
uhf_short,87113,34906295,MeerKAT:array_1:20250730T231157Z,Gaia_2682791574156860544,5,649.9934529662132,0.13689790042311265,7.0341825,38,0.59375,1,0.04018270126475215,shortlist
lband_long,133835,20944983,MeerKAT:array_1:20250707T231708Z,Gaia_6440692481309881728,5,951.5463290512562,0.02017610064910066,21.547297,41,0.640625,1,0.04033848801933053,shortlist
uhf_long,81241,33164382,MeerKAT:array_1:20250702T175345Z,ex_GALEX_J140755.5-380020,11,615.6699666976929,0.038706251607725305,8.2454405,61,0.953125,1,0.04039246465065922,shortlist
uhf_long,64194,7198455,MeerKAT:array_1:20250702T175345Z,ex_LEDA_617235,24,602.5486658215523,0.0468549361567201,8.41006,59,0.921875,1,0.04044139327744107,shortlist
uhf_short,16941,1060555,MeerKAT:array_1:20250702T005726Z,Gaia_2682781231875604992,35,576.0487489700317,-0.0427805938822227,35.90227,32,0.5,1,0.040546711902514736,shortlist
uhf_long,51665,1246571,MeerKAT:array_1:20250702T175345Z,ex_LEDA_611111,32,580.046847820282,0.05092927843121751,11.467046,64,1.0,1,0.04056330285290883,shortlist
sband_long,21764,411033,MeerKAT:array_1:20250701T163235Z,J1939-6342,0,2203.811066225171,0.0,129.52608,64,1.0,1,0.04083758849421287,shortlist
uhf_short,15171,1035142,MeerKAT:array_1:20250730T204925Z,Gaia_2699212711598972800,41,563.9998924136162,-0.2909080383991144,17.712011,47,0.734375,1,0.04093542365678415,shortlist
uhf_long,51666,1246572,MeerKAT:array_1:20250702T175345Z,ex_LEDA_612500,33,580.046847820282,0.05092927843121751,12.038871,64,1.0,1,0.04098259389425738,shortlist
uhf_long,71892,11383625,MeerKAT:array_1:20250715T133052Z,Gaia_6226381107964569856,49,599.4172832369804,0.06111513411746101,65.829216,33,0.515625,1,0.041034642910606545,shortlist
sband_short,1249,412951,MeerKAT:array_1:20250701T171131Z,Gaia_3610235954378201728,13,2212.745593627915,0.13924128707122305,35.395885,40,0.7272727272727273,1,0.041200658150484966,shortlist
uhf_long,71879,11383583,MeerKAT:array_1:20250715T133052Z,Gaia_6214189379435398016,28,599.4172832369804,0.06111513411746101,65.341644,33,0.515625,1,0.04126498000351102,shortlist
lband_short,18867,440123,MeerKAT:array_1:20250708T094824Z,ex_LEDA_818397,9,873.58258035779,-0.32802434603699143,19.84529,44,0.6875,1,0.041363887575655685,shortlist
lband_long,133812,20944802,MeerKAT:array_1:20250707T231708Z,Gaia_6441064189256154752,2,951.5463290512562,0.02017610064910066,21.95767,41,0.640625,1,0.04150587837245047,shortlist
lband_short,18909,440165,MeerKAT:array_1:20250708T094824Z,Gaia_2973635248931746048,51,873.58258035779,-0.32802434603699143,19.030907,44,0.6875,1,0.04156362303155059,shortlist
sband_short,37979,1463254,MeerKAT:array_1:20250724T191130Z,Gaia_6103294320285743488,14,2250.4531987942755,0.0,36.9035,51,0.796875,1,0.04173204321750608,shortlist
uhf_long,51650,1246556,MeerKAT:array_1:20250702T175345Z,ex_CRTS_J140724.0-373538,17,580.046847820282,0.05092927843121751,13.194375,64,1.0,1,0.04180833862434352,shortlist
lband_long,267939,35815442,MeerKAT:array_1:20240319T020710Z,Gaia_2530979151851814144,3,1200.5187988132238,-0.17654088067963078,23.220583,64,1.0,1,0.04186709042530088,shortlist
lband_long,158783,27932216,MeerKAT:array_1:20250714T051258Z,Gaia_4669729241554482560,52,951.445137321949,-0.02017610064910066,32.732044,35,0.546875,1,0.04203273866495053,shortlist
lband_short,18869,440125,MeerKAT:array_1:20250708T094824Z,ex_LEDA_819192,11,873.58258035779,-0.33827510685064743,20.51435,45,0.703125,1,0.04210191751206887,shortlist
lband_short,18913,440169,MeerKAT:array_1:20250708T094824Z,Gaia_2973934384813570304,55,873.58258035779,-0.32802434603699143,19.932594,44,0.6875,1,0.04212230416609509,shortlist
uhf_long,71893,11383631,MeerKAT:array_1:20250715T133052Z,Gaia_6214395812743872000,52,599.4172832369804,0.06111513411746101,52.64562,33,0.515625,1,0.04216720181227618,shortlist
uhf_long,79225,16138508,MeerKAT:array_1:20250702T175345Z,ex_CRTS_J140749.5-381707,23,608.0533240437508,-0.0835240166271967,6.8724256,42,0.65625,1,0.042447692942424974,shortlist
lband_short,593660,1884989,MeerKAT:array_1:20250705T151001Z,Gaia_5223773460032378496,36,935.4497999250889,0.0,838.7369,64,1.0,1,0.04246021262315744,shortlist
uhf_long,51651,1246557,MeerKAT:array_1:20250702T175345Z,ex_ASASSN-V_J140712.53-371746.2,18,580.046847820282,0.05092927843121751,13.012575,64,1.0,1,0.04255918947923132,shortlist
uhf_long,81289,33164430,MeerKAT:array_1:20250702T175345Z,Gaia_6117503824452706688,61,615.6699666976929,0.038706251607725305,7.4835405,61,0.953125,1,0.04268879031548711,shortlist
lband_short,18895,440151,MeerKAT:array_1:20250708T094824Z,Gaia_2973571545976875136,37,873.58258035779,-0.32802434603699143,20.943254,44,0.6875,1,0.04286961663637871,shortlist
lband_long,133903,20945578,MeerKAT:array_1:20250707T231708Z,Gaia_6441080544491623936,15,951.5463290512562,0.02017610064910066,17.572906,41,0.640625,1,0.04299768553832804,shortlist
lband_long,134193,20947996,MeerKAT:array_1:20250707T231708Z,Gaia_6441085526653747328,55,951.5463290512562,0.02017610064910066,18.857061,41,0.640625,1,0.043089576916697424,shortlist
lband_short,395206,33471864,MeerKAT:array_1:20250706T111659Z,Gaia_4802469840105263360,55,983.9760094285011,0.05125380406827991,46.46855,64,1.0,1,0.043119540578118724,shortlist
lband_short,21628,445171,MeerKAT:array_1:20250708T131910Z,Gaia_2973741317443750272,13,874.9912270754576,-0.16401217301849572,37.585026,60,0.9375,1,0.04314298999651411,shortlist
lband_long,134126,20947392,MeerKAT:array_1:20250707T231708Z,Gaia_6440699525057746048,45,951.5463290512562,0.02017610064910066,16.46858,41,0.640625,1,0.043287553902547474,shortlist
uhf_short,23399,1110031,MeerKAT:array_1:20250713T002413Z,Gaia_2682555041717977984,29,575.9987963438034,0.15401013797600172,50.295998,62,0.96875,1,0.0433744311413529,shortlist
lband_long,162763,28058174,MeerKAT:array_1:20250715T232237Z,Gaia_6440702003254489088,62,951.657275468111,-0.04035220129820132,89.25726,38,0.59375,1,0.043457702279935104,shortlist
lband_long,133941,20945879,MeerKAT:array_1:20250707T231708Z,Gaia_6440698837861477632,20,951.5463290512562,0.02017610064910066,15.983381,41,0.640625,1,0.043543261250052916,shortlist
lband_short,589094,1880378,MeerKAT:array_1:20250705T151001Z,J0906-6829,0,935.4703998863697,0.0,974.8748,64,1.0,1,0.04371152318215871,shortlist
uhf_long,64178,7198439,MeerKAT:array_1:20250702T175345Z,ex_GALEX_J140624.6-375959,8,602.5486658215523,0.0468549361567201,8.721139,59,0.921875,1,0.044062001282992314,shortlist
uhf_long,71880,11383585,MeerKAT:array_1:20250715T133052Z,Gaia_6214397255852916736,29,599.4172832369804,0.06111513411746101,74.53537,33,0.515625,1,0.04406526692985982,shortlist
uhf_long,33317,993669,MeerKAT:array_1:20250717T054309Z,ex_ACO_S_417,29,562.5533211827278,-0.07741250321545061,16.276373,40,0.625,1,0.044182551959891424,shortlist
uhf_short,54630,28004431,MeerKAT:array_1:20250715T023108Z,Gaia_2682497626595077632,39,608.0486122965813,-0.05989283143511178,6.781724,38,0.59375,1,0.044204996102802804,shortlist
lband_long,158799,27932330,MeerKAT:array_1:20250714T051258Z,Gaia_4669685776485351168,54,951.445137321949,-0.02017610064910066,35.835518,35,0.546875,1,0.04426499730172112,shortlist
lband_long,133971,20946120,MeerKAT:array_1:20250707T231708Z,Gaia_6440696746214536064,24,951.5463290512562,0.02017610064910066,18.053299,41,0.640625,1,0.04426840227991253,shortlist
lband_short,586947,1877273,MeerKAT:array_1:20250705T151001Z,Gaia_5222908659776657280,22,935.1491999328136,0.0,393.62018,64,1.0,1,0.0442825169345373,shortlist
lband_long,276572,35857016,MeerKAT:array_1:20240319T020710Z,Gaia_2531005054800403072,13,1544.1870647668839,-0.16645283035508046,12.57716,53,0.828125,1,0.04477471502525056,shortlist
sband_long,3154,762434,MeerKAT:array_1:20250724T180802Z,Gaia_5883216210335392512,50,2212.7472136635333,-0.03689299059152064,10.512438,49,0.765625,1,0.04479851029175825,shortlist
lband_long,133980,20946181,MeerKAT:array_1:20250707T231708Z,Gaia_6440688499877294336,25,951.5463290512562,0.02017610064910066,19.302137,41,0.640625,1,0.044922676179047716,shortlist
sband_short,17273,16093147,MeerKAT:array_1:20250701T171131Z,Gaia_3607205391094335744,9,2284.0016884729266,0.3106151788511899,324.64508,55,1.0,1,0.044937428161258876,shortlist
uhf_long,81281,33164422,MeerKAT:array_1:20250702T175345Z,Gaia_6117930091364449920,52,615.6699666976929,0.038706251607725305,7.5553055,61,0.953125,1,0.04497161933014833,shortlist
uhf_short,193390,34653251,MeerKAT:array_1:20250710T050136Z,ex_UGC_11807,6,647.2499414086342,0.0,7.4202895,34,0.53125,1,0.04520989043134025,shortlist
uhf_long,81257,33164398,MeerKAT:array_1:20250702T175345Z,ex_LEDA_624546,27,615.6699666976929,0.038706251607725305,6.5096273,61,0.953125,1,0.04532243819482331,shortlist
lband_long,134120,20947332,MeerKAT:array_1:20250707T231708Z,Gaia_6441084908178454400,44,951.5463290512562,0.02017610064910066,17.838682,41,0.640625,1,0.045428070961066117,shortlist
lband_long,134036,20946608,MeerKAT:array_1:20250707T231708Z,Gaia_6440678599976785280,32,951.5463290512562,0.02017610064910066,17.122562,41,0.640625,1,0.045450806409422735,shortlist
lband_short,586389,1876452,MeerKAT:array_1:20250705T151001Z,ex_ASASSN-V_J090459.31-681956.8,11,935.1420999616385,0.0,499.34152,38,0.59375,1,0.045487349559972245,shortlist
uhf_short,179204,33478795,MeerKAT:array_1:20250706T234838Z,Gaia_4426829049759303168,13,624.9988815784454,-0.01711223755288908,1063.9362,64,1.0,1,0.04552130328307602,shortlist
lband_long,271079,35818671,MeerKAT:array_1:20240319T020710Z,Gaia_2530969909082218112,59,1200.518800407648,-0.18158490584190595,25.382315,61,0.953125,1,0.04563149537954611,shortlist
lband_short,107216,3794720,MeerKAT:array_1:20250711T110722Z,Gaia_4814726650272575360,17,924.9957389086485,-0.19476445545946366,17.789839,64,1.0,1,0.04564888105543451,shortlist
uhf_long,81268,33164409,MeerKAT:array_1:20250702T175345Z,Gaia_6120560501130543616,39,615.6699666976929,0.038706251607725305,7.3782907,61,0.953125,1,0.045892105930396804,shortlist
lband_long,162655,28057657,MeerKAT:array_1:20250715T232237Z,Gaia_6441067487791042048,54,951.6451418995857,-0.04035220129820132,81.74165,40,0.625,1,0.04597171502071144,shortlist
uhf_short,85974,34903998,MeerKAT:array_1:20250730T204925Z,Gaia_2698995141440766848,11,650.0220476984978,0.09411730654088994,7.298142,59,0.921875,1,0.04598108821357671,shortlist
uhf_short,60311,33454305,MeerKAT:array_1:20250704T025554Z,Gaia_2682497764034027776,14,624.0452584028244,0.17967849430533533,6.6425495,35,0.546875,1,0.0460183491141852,shortlist
lband_long,134250,20948475,MeerKAT:array_1:20250707T231708Z,Gaia_6441461112953880960,63,951.5463306456804,0.025220125811375827,17.05367,41,0.640625,1,0.04602438174161511,shortlist
lband_long,133996,20946302,MeerKAT:array_1:20250707T231708Z,Gaia_6441084285406512128,27,951.5463290512562,0.02017610064910066,18.20244,41,0.640625,1,0.04603237052708217,shortlist
lband_long,264285,35811774,MeerKAT:array_1:20240319T020710Z,Gaia_2531020383537905280,4,1199.4965990781784,-0.17654088067963078,18.000622,61,0.953125,1,0.04605958869422906,shortlist
uhf_long,71891,11383617,MeerKAT:array_1:20250715T133052Z,Gaia_6214260091777145984,45,599.4172832369804,0.0631523052547097,51.52315,32,0.5,1,0.046075657126272755,shortlist
lband_short,631339,1953338,MeerKAT:array_1:20250706T022717Z,ex_LEDA_1156232,27,934.5979197770357,0.0,48.876793,64,1.0,1,0.046113710098134156,shortlist
lband_long,158823,27932553,MeerKAT:array_1:20250714T051258Z,Gaia_4669696393644489216,58,951.3463372290134,-0.02017610064910066,36.653965,37,0.578125,1,0.04616529019159247,shortlist
uhf_short,23439,1110181,MeerKAT:array_1:20250713T002413Z,Gaia_2682584758596826624,44,575.9987963438034,0.15401013797600172,45.272118,62,0.96875,1,0.046409820386056344,shortlist
lband_short,72662,1999969,MeerKAT:array_1:20250706T040458Z,Gaia_2546796623050596480,35,924.9936454296112,0.05125380406827991,33.128902,64,1.0,1,0.046424748830329245,shortlist
lband_long,276646,35857250,MeerKAT:array_1:20240319T020710Z,Gaia_2543036568160810496,32,1544.1870647668839,-0.16645283035508046,10.281861,53,0.828125,1,0.04647245405048179,shortlist
lband_long,162358,28056198,MeerKAT:array_1:20250715T232237Z,Gaia_6440683277197094400,31,951.657275468111,-0.04035220129820132,93.34578,38,0.59375,1,0.04651641014198284,shortlist
lband_long,276743,35857557,MeerKAT:array_1:20240319T020710Z,Gaia_2531022720000112896,56,1544.1870647668839,-0.16645283035508046,36.51436,53,0.828125,1,0.04669665768180254,shortlist
lband_short,590106,1881402,MeerKAT:array_1:20250705T151001Z,Gaia_5223003355215690624,8,935.4703998863697,0.0,1042.7112,64,1.0,1,0.046823508055160015,shortlist
lband_long,134092,20947091,MeerKAT:array_1:20250707T231708Z,Gaia_6441068101970626176,40,951.5463290512562,0.02017610064910066,18.81152,41,0.640625,1,0.047094448665364316,shortlist
lband_long,133918,20945698,MeerKAT:array_1:20250707T231708Z,Gaia_6440635306707183616,17,951.5463290512562,0.02017610064910066,16.970366,41,0.640625,1,0.04715144111613724,shortlist
uhf_short,77278,34454303,MeerKAT:array_1:20250711T023810Z,Gaia_2682773638373394176,30,644.307423889637,0.02566835632933362,30.25095,64,1.0,1,0.04716521852577163,shortlist
uhf_long,81271,33164412,MeerKAT:array_1:20250702T175345Z,Gaia_6120436737355102976,42,615.6699666976929,0.038706251607725305,7.7010202,61,0.953125,1,0.04717751749122859,shortlist
uhf_short,15129,1035058,MeerKAT:array_1:20250730T204925Z,Gaia_2698948794448505216,23,563.9998924136162,-0.2909080383991144,17.542963,47,0.734375,1,0.047226856918400895,shortlist
lband_long,276906,35857963,MeerKAT:array_1:20240319T020710Z,Gaia_2530997843549541248,12,1544.6151756495237,-0.1311446542191543,26.034136,64,1.0,1,0.047382245761784444,shortlist
uhf_long,209871,34810331,MeerKAT:array_1:20250714T160406Z,Gaia_6144671863415593344,58,647.9388707876205,-0.0020371711372487,24.682173,64,1.0,1,0.04738227635814977,shortlist
uhf_long,64220,7198481,MeerKAT:array_1:20250702T175345Z,Gaia_6120439692292633728,50,602.5486658215523,0.044817765019471406,8.448007,58,0.90625,1,0.04866248632316357,shortlist
lband_long,158467,27929790,MeerKAT:array_1:20250714T051258Z,Gaia_4669696599802903296,10,951.445137321949,-0.02017610064910066,34.335903,35,0.546875,1,0.048943210728883274,shortlist
uhf_short,86638,34905486,MeerKAT:array_1:20250730T211442Z,Gaia_2682668806811682176,45,649.996409714222,0.11978566287022356,28.268003,64,1.0,1,0.04896434899519556,shortlist
lband_long,161978,28054343,MeerKAT:array_1:20250715T232237Z,Gaia_6440683925737061376,2,951.657275468111,-0.04035220129820132,91.73994,38,0.59375,1,0.049045300364287364,shortlist
uhf_short,129692,1071490,MeerKAT:array_1:20250704T222921Z,Gaia_2699044761197622016,41,576.0472776889801,-0.00855611877644454,23.709702,63,0.984375,1,0.04904720461100416,shortlist
uhf_long,81242,33164383,MeerKAT:array_1:20250702T175345Z,ex_GALEX_J140807.9-375644,12,615.6699666976929,0.038706251607725305,6.2567225,61,0.953125,1,0.04915917654639786,shortlist
lband_long,134234,20948356,MeerKAT:array_1:20250707T231708Z,Gaia_6440697261610635520,61,951.5463290512562,0.02017610064910066,19.07526,41,0.640625,1,0.04922574990221886,shortlist
uhf_short,15160,1035119,MeerKAT:array_1:20250730T204925Z,Gaia_2699005174483939968,36,563.9998924136162,-0.2909080383991144,18.003778,47,0.734375,1,0.04934463140651675,shortlist
lband_long,276601,35857104,MeerKAT:array_1:20240319T020710Z,Gaia_2530963312012456192,20,1544.1870647668839,-0.16645283035508046,10.397,53,0.828125,1,0.04937524956353879,shortlist
uhf_short,15207,1035218,MeerKAT:array_1:20250730T204925Z,Gaia_2699018957033935104,57,563.9998924136162,-0.2909080383991144,20.710629,47,0.734375,1,0.04951930967691874,shortlist
lband_long,161961,28054276,MeerKAT:array_1:20250715T232237Z,Gaia_6441458776491674368,1,951.6035417765379,-0.04035220129820132,97.15818,40,0.625,1,0.04952641718469027,shortlist
uhf_long,24464,705924,MeerKAT:array_1:20250715T135202Z,ex_ASASSN-V_J153511.70-332719.0,31,554.7929854393005,0.0162973690979896,324.61295,60,0.9375,1,0.04973205082005595,shortlist
uhf_long,71873,11383567,MeerKAT:array_1:20250715T133052Z,ex_CRTS_J151522.8-265306,20,599.4172832369804,0.06111513411746101,49.06491,33,0.515625,1,0.049911581173609484,shortlist
uhf_long,33326,993679,MeerKAT:array_1:20250717T054309Z,Gaia_4669689860998045312,39,562.5533211827278,-0.07741250321545061,14.738286,40,0.625,1,0.04999421851431958,shortlist
lband_long,277365,35859043,MeerKAT:array_1:20240319T020710Z,Gaia_2530985989439744512,54,1544.6151756495237,-0.1311446542191543,24.899862,64,1.0,1,0.050003851951619695,shortlist
uhf_long,81269,33164410,MeerKAT:array_1:20250702T175345Z,Gaia_6120575963012884096,40,615.6699666976929,0.038706251607725305,6.644588,61,0.953125,1,0.050082616859135044,shortlist
uhf_long,81240,33164381,MeerKAT:array_1:20250702T175345Z,ex_GALEX_J140702.6-373441,10,615.6699666976929,0.038706251607725305,8.051084,61,0.953125,1,0.050231063413126546,shortlist
uhf_short,69037,33532842,MeerKAT:array_1:20250714T021749Z,ex_LEDA_3096664,21,624.0450040698051,0.07700506898800086,6.7925286,60,0.9375,1,0.05025416776610772,shortlist
lband_long,276590,35857067,MeerKAT:array_1:20240319T020710Z,Gaia_2530991280839514240,17,1544.1961226910353,-0.1614088051928053,12.624799,56,0.875,1,0.05028403605208924,shortlist
uhf_long,71869,11383557,MeerKAT:array_1:20250715T133052Z,ex_ASASSN-V_J151603.09-271408.4,15,599.4172832369804,0.06111513411746101,62.836487,33,0.515625,1,0.05034401404077624,shortlist
uhf_short,6691,383938,MeerKAT:array_1:20250730T204925Z,Gaia_2699421721887095808,59,551.9998951554298,-0.2909080383991144,95.14256,36,0.5625,1,0.050440845499393844,shortlist
lband_long,162564,28057215,MeerKAT:array_1:20250715T232237Z,Gaia_6440683723873670016,47,951.657275468111,-0.04035220129820132,95.31006,38,0.59375,1,0.05054048390893028,shortlist
lband_long,134150,20947635,MeerKAT:array_1:20250707T231708Z,Gaia_6440697502128807936,49,951.5463290512562,0.02017610064910066,15.531506,41,0.640625,1,0.05056694679460303,shortlist
lband_long,134085,20947030,MeerKAT:array_1:20250707T231708Z,Gaia_6440688293718825472,39,951.5463290512562,0.02017610064910066,20.82938,41,0.640625,1,0.05056694679460303,shortlist
uhf_short,23463,1110281,MeerKAT:array_1:20250713T002413Z,ex_PC_2211+0119,54,575.9987963438034,0.15401013797600172,42.475986,62,0.96875,1,0.050730959416057174,shortlist
uhf_long,32338,987616,MeerKAT:array_1:20250715T135202Z,ex_ASASSN-V_J153302.82-333213.3,25,562.5537295341492,-0.055003620705714906,25.896618,44,0.6875,1,0.05074314172848899,shortlist
lband_short,72605,1999912,MeerKAT:array_1:20250706T040458Z,ex_[VV2006]_J002342.4+002041,16,924.9936454296112,0.05125380406827991,31.929888,64,1.0,1,0.051070461204135414,shortlist
lband_long,101427,6265934,MeerKAT:array_1:20250731T144023Z,Gaia_1468227496328819712,49,934.6030920892954,0.015132075486825495,51.114113,64,1.0,1,0.05111810065226019,shortlist
lband_long,542619,2608425,MeerKAT:array_1:20250708T085539Z,Gaia_2978861296417934208,20,935.4182000309229,0.0,954.18054,42,0.65625,1,0.0512449620068991,shortlist
sband_long,34387,4454399,MeerKAT:array_1:20250713T225437Z,Gaia_6440692588686135424,45,2700.000000419095,0.0,10.784993,64,1.0,1,0.05163448572166255,shortlist
sband_long,21908,411438,MeerKAT:array_1:20250701T163235Z,Gaia_6440708119287928320,27,2203.811066225171,0.0,270.8994,64,1.0,1,0.05167765293897091,shortlist
uhf_long,51686,1246592,MeerKAT:array_1:20250702T175345Z,Gaia_6117542268696855808,53,580.046847820282,0.05092927843121751,12.468001,64,1.0,1,0.0518283314267112,shortlist
uhf_short,54583,28004384,MeerKAT:array_1:20250715T002705Z,Gaia_2682545902027585664,33,608.0490672588348,-0.07700506898800086,7.167086,37,0.578125,1,0.05183704559991355,shortlist
lband_long,276569,35857005,MeerKAT:array_1:20240319T020710Z,Gaia_2530997843549541248,12,1544.196121096611,-0.15636478003053011,17.51816,46,0.71875,1,0.051987722240653525,shortlist
uhf_long,33338,993691,MeerKAT:array_1:20250717T054309Z,Gaia_4669677323989657984,58,562.5533211827278,-0.07741250321545061,14.180982,40,0.625,1,0.05206411442405236,shortlist
uhf_short,86025,34904049,MeerKAT:array_1:20250730T204925Z,Gaia_2699218995135577856,38,650.0220476984978,0.09411730654088994,13.552347,59,0.921875,1,0.05216046753246019,shortlist
lband_short,590117,1881413,MeerKAT:array_1:20250705T151001Z,Gaia_5223003355215690624,8,935.5454000085592,0.0,836.97156,64,1.0,1,0.052179527511744005,shortlist
sband_long,5201,1021167,MeerKAT:array_1:20250724T180802Z,Gaia_5883169996485275264,49,2226.410325150937,-0.20027623463968347,39.377842,42,0.65625,1,0.052335415707042116,shortlist
uhf_short,193402,34653270,MeerKAT:array_1:20250710T050136Z,Gaia_2700547789297038720,25,647.2499414086342,0.0,7.724771,34,0.53125,1,0.05235197719812891,shortlist
uhf_short,6536,383626,MeerKAT:array_1:20250730T204925Z,Gaia_2699059570244930176,20,551.9998951554298,-0.2909080383991144,92.05627,36,0.5625,1,0.05237469117761226,shortlist
lband_short,18864,440120,MeerKAT:array_1:20250708T094824Z,Gaia_2973742210796942336,6,873.58258035779,-0.32802434603699143,20.305973,44,0.6875,1,0.05238872477873283,shortlist
uhf_long,81273,33164414,MeerKAT:array_1:20250702T175345Z,Gaia_6117575876823708928,44,615.6699666976929,0.038706251607725305,6.5392623,61,0.953125,1,0.05255103506935499,shortlist
uhf_short,15174,1035147,MeerKAT:array_1:20250730T204925Z,Gaia_2699251877404482176,42,563.9998924136162,-0.2823519196226698,18.193886,47,0.734375,1,0.05257691481735306,shortlist
lband_long,158569,27930601,MeerKAT:array_1:20250714T051258Z,Gaia_4669685158010059264,24,951.445137321949,-0.02017610064910066,34.52007,35,0.546875,1,0.052600555142029146,shortlist
uhf_long,81221,33164234,MeerKAT:array_1:20250702T175345Z,Gaia_6120552564030922112,56,611.9863014817238,-0.06111513411746101,9.299021,50,0.78125,1,0.05263305926174717,shortlist
uhf_long,81255,33164396,MeerKAT:array_1:20250702T175345Z,ex_LEDA_625413,25,615.6699666976929,0.038706251607725305,6.585713,61,0.953125,1,0.05275684647063157,shortlist
lband_long,162399,28056389,MeerKAT:array_1:20250715T232237Z,Gaia_6440677607840221568,34,951.657275468111,-0.04035220129820132,88.05447,38,0.59375,1,0.052776097408302254,shortlist
lband_long,133806,20944742,MeerKAT:array_1:20250707T231708Z,Gaia_6441450358355793408,1,951.5463290512562,0.02017610064910066,19.93519,41,0.640625,1,0.052776575043076944,shortlist
lband_long,277395,35859116,MeerKAT:array_1:20240319T020710Z,Gaia_2530969943441957248,57,1544.6151756495237,-0.12610062905687913,29.082365,64,1.0,1,0.05283750256637286,shortlist
uhf_long,33322,993674,MeerKAT:array_1:20250717T054309Z,Gaia_4668929037607477120,34,562.5533211827278,-0.07741250321545061,10.849629,40,0.625,1,0.05336689150362977,shortlist
uhf_long,111146,34605377,MeerKAT:array_1:20250702T175345Z,Gaia_6120585411940887808,48,647.9395719766617,-0.0264832247842331,6.5151978,34,0.53125,1,0.053562574391767766,shortlist
lband_long,158698,27931694,MeerKAT:array_1:20250714T051258Z,ex_LEDA_307511,43,951.3463372290134,-0.015132075486825495,39.398796,37,0.578125,1,0.053688999787349735,shortlist
uhf_short,6639,383834,MeerKAT:array_1:20250730T204925Z,Gaia_2699033285045032960,46,551.9998951554298,-0.2909080383991144,97.01129,36,0.5625,1,0.05395931387766824,shortlist
sband_long,9893,1243099,MeerKAT:array_1:20250701T163235Z,Gaia_6441460352743041920,42,2242.7143489476293,0.015811281682080274,83.53163,64,1.0,1,0.05398608580833668,shortlist
lband_long,162424,28056515,MeerKAT:array_1:20250715T232237Z,Gaia_6440683620794454784,36,951.657275468111,-0.04035220129820132,90.79326,38,0.59375,1,0.05403911596086731,shortlist
lband_long,162561,28057211,MeerKAT:array_1:20250715T232237Z,Gaia_6440683723873670016,47,951.6035417765379,-0.04035220129820132,98.89863,40,0.625,1,0.05417264720398877,shortlist
lband_short,349245,30016804,MeerKAT:array_1:20250719T212149Z,Gaia_4216955060525904896,39,951.6206627041101,0.04100304325462393,25.625229,42,0.65625,1,0.0547734621401859,shortlist
uhf_long,33316,993668,MeerKAT:array_1:20250717T054309Z,Gaia_4669676602435153408,28,562.5533211827278,-0.07741250321545061,11.810074,40,0.625,1,0.054835772373982884,shortlist
lband_long,162300,28055937,MeerKAT:array_1:20250715T232237Z,Gaia_6440633249417956224,27,951.6035417765379,-0.04035220129820132,99.21862,40,0.625,1,0.05527224578553321,shortlist
uhf_long,65539,8175975,MeerKAT:array_1:20250705T060310Z,Gaia_6441442627414763904,1,601.3522255420685,0.0081486845489948,48.457703,64,1.0,1,0.05540577238752517,shortlist
uhf_short,23454,1110241,MeerKAT:array_1:20250713T002413Z,Gaia_2682489616480700288,50,575.9987963438034,0.15401013797600172,45.42092,62,0.96875,1,0.05557453356122281,shortlist
lband_long,162480,28056830,MeerKAT:array_1:20250715T232237Z,Gaia_6440708119287928320,41,951.6035417765379,-0.04035220129820132,99.58221,40,0.625,1,0.05561431413871551,shortlist
lband_long,162352,28056192,MeerKAT:array_1:20250715T232237Z,Gaia_6440683277197094400,31,951.5862087905407,-0.04035220129820132,68.584274,39,0.609375,1,0.05561431413871551,shortlist
uhf_long,209823,34810187,MeerKAT:array_1:20250714T160406Z,Gaia_6144899393599386368,10,647.9388707876205,-0.0020371711372487,24.69814,64,1.0,1,0.05582401539680895,shortlist
uhf_long,212707,34834617,MeerKAT:array_1:20250716T022312Z,Gaia_4669687288313854592,24,647.9946497678757,-0.0020371711372487,261.9878,51,0.796875,1,0.05584651561190006,shortlist
uhf_long,81204,33164217,MeerKAT:array_1:20250702T175345Z,Gaia_6120560501130543616,39,611.9863014817238,-0.0631523052547097,8.4138155,40,0.625,1,0.05586508321377941,shortlist
lband_long,276560,35856980,MeerKAT:array_1:20240319T020710Z,Gaia_2531000381874689920,10,1544.1961226910353,-0.1614088051928053,10.19911,56,0.875,1,0.05596908186991724,shortlist
uhf_long,81205,33164218,MeerKAT:array_1:20250702T175345Z,Gaia_6120575963012884096,40,611.9863014817238,-0.0631523052547097,8.673081,40,0.625,1,0.056036267846310266,shortlist
lband_long,162290,28055877,MeerKAT:array_1:20250715T232237Z,Gaia_6440700903742898432,26,951.657275468111,-0.04035220129820132,90.97,38,0.59375,1,0.05615179442005949,shortlist
uhf_long,54823,1899378,MeerKAT:array_1:20250705T192701Z,ex_ASASSN-V_J191504.48-321454.7,25,587.9775613546371,-0.0162973690979896,17.47063,64,1.0,1,0.05640335562246816,shortlist
uhf_long,33313,993665,MeerKAT:array_1:20250717T054309Z,Gaia_4669811567487460096,23,562.5533211827278,-0.07741250321545061,10.680405,40,0.625,1,0.05671646818466691,shortlist
lband_long,276624,35857177,MeerKAT:array_1:20240319T020710Z,Gaia_2543037354139398912,26,1544.1870647668839,-0.16645283035508046,12.135183,53,0.828125,1,0.05672918515244157,shortlist
uhf_long,81181,33164194,MeerKAT:array_1:20250702T175345Z,ex_CRTS_J140802.1-372540,16,611.9863014817238,-0.0631523052547097,8.693714,40,0.625,1,0.0567930405027031,shortlist
lband_long,448623,1942928,MeerKAT:array_1:20250706T014240Z,Gaia_6441068759101362304,39,935.5863001793623,0.0,1235.8763,62,0.96875,1,0.056799937778866265,shortlist
uhf_long,33332,993685,MeerKAT:array_1:20250717T054309Z,Gaia_4669696599802903296,50,562.5533211827278,-0.07741250321545061,8.5011015,40,0.625,1,0.0568336410519225,shortlist
uhf_long,79233,16138517,MeerKAT:array_1:20250702T175345Z,ex_LEDA_612500,33,608.0533240437508,-0.0835240166271967,6.637572,42,0.65625,1,0.05685234549446799,shortlist
lband_short,18868,440124,MeerKAT:array_1:20250708T094824Z,ex_LEDA_820867,10,873.58258035779,-0.33827510685064743,21.793488,45,0.703125,1,0.057015854261102825,shortlist
lband_short,18896,440152,MeerKAT:array_1:20250708T094824Z,Gaia_2973723244221476736,38,873.58258035779,-0.32802434603699143,21.315842,44,0.6875,1,0.05713871919616149,shortlist
lband_long,276625,35857178,MeerKAT:array_1:20240319T020710Z,Gaia_2543037354139398912,26,1544.1961226910353,-0.1614088051928053,14.450763,56,0.875,1,0.05724135048201037,shortlist
uhf_long,64195,7198456,MeerKAT:array_1:20250702T175345Z,ex_LEDA_625413,25,602.5486658215523,0.0468549361567201,7.752723,59,0.921875,1,0.05724229038899388,shortlist
uhf_long,68702,11227053,MeerKAT:array_1:20250713T184021Z,Gaia_6441464853868589952,21,599.962691783905,-0.012223026823492201,129.98468,64,1.0,1,0.05729455206575106,shortlist
uhf_short,193401,34653267,MeerKAT:array_1:20250710T050136Z,Gaia_2700831020915817856,22,647.2499414086342,0.0,9.600599,34,0.53125,1,0.05730224415225176,shortlist
lband_long,162171,28055238,MeerKAT:array_1:20250715T232237Z,Gaia_6441084869521968512,16,951.657275468111,-0.04035220129820132,92.863815,38,0.59375,1,0.057418067810286834,shortlist
uhf_short,6468,383490,MeerKAT:array_1:20250730T204925Z,Gaia_2699040260071861120,3,551.9998951554298,-0.2909080383991144,96.25431,36,0.5625,1,0.057546965355550816,shortlist
sband_short,1252,412959,MeerKAT:array_1:20250701T171131Z,Gaia_3607226174441019392,16,2212.745593627915,0.13924128707122305,30.772865,40,0.7272727272727273,1,0.05763924793185187,shortlist
uhf_long,81277,33164418,MeerKAT:array_1:20250702T175345Z,Gaia_6120585411940887808,48,615.6699666976929,0.038706251607725305,6.865234,61,0.953125,1,0.05768467339216035,shortlist
sband_long,34389,4454401,MeerKAT:array_1:20250713T225437Z,Gaia_6440683861312632064,47,2700.000000419095,0.0,11.27145,64,1.0,1,0.05819345982673845,shortlist
uhf_long,51662,1246568,MeerKAT:array_1:20250702T175345Z,ex_ESO_325-55,29,580.046847820282,0.05092927843121751,12.65837,64,1.0,1,0.058364593228848814,shortlist
lband_long,158482,27929907,MeerKAT:array_1:20250714T051258Z,Gaia_4668962469633170560,12,951.445137321949,-0.015132075486825495,32.59405,34,0.53125,1,0.05845372704405156,shortlist
uhf_short,7517,385690,MeerKAT:array_1:20250730T231157Z,ex_LEDA_1216524,38,543.9540103077888,0.1711223755288908,9.249212,61,0.953125,1,0.05850196233943672,shortlist
uhf_long,51638,1246544,MeerKAT:array_1:20250702T175345Z,ex_CRTS_J140639.6-372832,5,580.046847820282,0.05092927843121751,13.212386,64,1.0,1,0.05856972770520481,shortlist
sband_long,5106,1020968,MeerKAT:array_1:20250724T180802Z,Gaia_5883227239811836032,4,2226.410325150937,-0.20027623463968347,35.03935,42,0.65625,1,0.058628989049142655,shortlist
uhf_short,23392,1110001,MeerKAT:array_1:20250713T002413Z,Gaia_2682492610073259520,26,575.9987963438034,0.15401013797600172,45.28971,62,0.96875,1,0.058636408011162086,shortlist
lband_long,162086,28054856,MeerKAT:array_1:20250715T232237Z,Gaia_6440695852861335296,10,951.657275468111,-0.04035220129820132,85.99815,38,0.59375,1,0.05878968410288488,shortlist
uhf_long,81235,33164376,MeerKAT:array_1:20250702T175345Z,ex_CRTS_J140639.6-372832,5,615.6699666976929,0.038706251607725305,7.438877,61,0.953125,1,0.058980238997789716,shortlist
sband_short,8291,1196890,MeerKAT:array_1:20250720T150453Z,Gaia_3504685238998003072,46,2233.001096174121,0.21421736472495856,20.186283,33,0.673469387755102,1,0.058995733331628754,shortlist
lband_long,307414,819846,MeerKAT:array_1:20250709T043236Z,Gaia_4669716150494192000,20,887.9656790047884,-0.005044025162275165,21.004444,62,0.96875,1,0.059063322974283336,shortlist
sband_short,1270,412999,MeerKAT:array_1:20250701T171131Z,ex_2MASX_J13373179-1248592,34,2212.745593627915,0.13924128707122305,30.0756,40,0.7272727272727273,1,0.05923441934840249,shortlist
lband_long,276620,35857164,MeerKAT:array_1:20240319T020710Z,Gaia_2543022442012637952,25,1544.1870647668839,-0.16645283035508046,11.318393,53,0.828125,1,0.059274150116234735,shortlist
lband_long,276941,35858039,MeerKAT:array_1:20240319T020710Z,Gaia_2530996915836605824,15,1544.6151756495237,-0.1311446542191543,25.158308,64,1.0,1,0.05933689813095021,shortlist
lband_long,162496,28056897,MeerKAT:array_1:20250715T232237Z,Gaia_6441426164804157184,42,951.657275468111,-0.04035220129820132,95.09066,38,0.59375,1,0.059487302428252585,shortlist
lband_long,264454,35811943,MeerKAT:array_1:20240319T020710Z,Gaia_2531019215306801792,7,1199.4965990781784,-0.17654088067963078,16.50058,61,0.953125,1,0.05949181145067242,shortlist
lband_long,278589,35878702,MeerKAT:array_1:20240319T020710Z,Gaia_2531019215306801792,7,1697.1857307702303,0.06557232710957715,39.304123,59,0.921875,1,0.05950502647211277,shortlist
uhf_short,15093,1034986,MeerKAT:array_1:20250730T204925Z,Gaia_2699037648731757440,7,563.9998924136162,-0.2909080383991144,19.811235,47,0.734375,1,0.05964088644378716,shortlist
sband_long,28097,1194808,MeerKAT:array_1:20250720T144220Z,Gaia_6440701212980532608,3,2241.74398672767,0.0,20.811096,64,1.0,1,0.05967418544927719,shortlist
uhf_short,89071,34978673,MeerKAT:array_1:20250710T221658Z,Gaia_2682777589743323904,23,658.6247404813766,0.05989283143511178,7.3956714,40,0.625,1,0.05990891720552575,shortlist
uhf_long,79245,16138532,MeerKAT:array_1:20250702T175345Z,Gaia_6120585411940887808,48,608.0533240437508,-0.0835240166271967,6.853371,42,0.65625,1,0.06011943684215298,shortlist
uhf_long,33309,993661,MeerKAT:array_1:20250717T054309Z,Gaia_4669737797129407232,18,562.5533211827278,-0.07741250321545061,9.708087,40,0.625,1,0.060153801034366704,shortlist
lband_short,18898,440154,MeerKAT:array_1:20250708T094824Z,Gaia_2973728569981012352,40,873.58258035779,-0.33827510685064743,18.935913,45,0.703125,1,0.06018059094525501,shortlist
uhf_short,23412,1110081,MeerKAT:array_1:20250713T002413Z,Gaia_2682741271499860352,34,575.9987963438034,0.15401013797600172,48.140804,62,0.96875,1,0.060224284038718344,shortlist
uhf_short,23370,1109911,MeerKAT:array_1:20250713T002413Z,Gaia_2682485222729533952,17,575.9987963438034,0.15401013797600172,43.581215,62,0.96875,1,0.0604828859632443,shortlist
lband_long,77425,2730795,MeerKAT:array_1:20250708T171220Z,ex_ASASSN-V_J185444.37-303535.7,45,925.0014868080616,0.12610062905687913,32.125847,58,0.90625,1,0.06049081651304586,shortlist
sband_long,3151,762431,MeerKAT:array_1:20250724T180802Z,Gaia_5883219852467149184,47,2212.7472136635333,-0.03689299059152064,6.3562837,49,0.765625,1,0.06108981304397223,shortlist
uhf_short,155020,4416265,MeerKAT:array_1:20250713T150856Z,Gaia_1456306591259413504,43,587.99333101511,0.0,29.87436,62,0.96875,1,0.06134511209513343,shortlist
uhf_long,81228,33164241,MeerKAT:array_1:20250702T175345Z,Gaia_6120538506602479616,63,611.9863014817238,-0.0631523052547097,8.283166,40,0.625,1,0.061472469187820546,shortlist
uhf_short,69066,33532872,MeerKAT:array_1:20250714T021749Z,ex_LEDA_1216752,26,624.0450040698051,0.07700506898800086,6.4716425,60,0.9375,1,0.06179530908183706,shortlist
uhf_long,71863,11383545,MeerKAT:array_1:20250715T133052Z,ex_ASASSN-V_J151621.88-264940.6,9,599.4172832369804,0.0631523052547097,50.26074,32,0.5,1,0.06183250326010904,shortlist
lband_long,444869,1938906,MeerKAT:array_1:20250706T014240Z,Gaia_6440637991061844224,34,935.252400636673,0.0,876.8623,64,1.0,1,0.061833158115908865,shortlist
uhf_short,86051,34904075,MeerKAT:array_1:20250730T204925Z,Gaia_2699036888521630336,51,650.0220476984978,0.09411730654088994,8.439221,59,0.921875,1,0.061918586789701135,shortlist
uhf_short,611,91206,MeerKAT:array_1:20250710T030814Z,Gaia_2699028715199798912,18,544.0450402498245,-0.06844895021155632,7.2737036,33,0.515625,1,0.0621475919930151,shortlist
uhf_long,64179,7198440,MeerKAT:array_1:20250702T175345Z,ex_Gaia_DR3_6120535212362969856,9,602.5486658215523,0.044817765019471406,10.574899,58,0.90625,1,0.062436649833352655,shortlist
uhf_short,15167,1035132,MeerKAT:array_1:20250730T204925Z,Gaia_2699232949484723200,39,563.9998924136162,-0.2909080383991144,18.394844,47,0.734375,1,0.06283275220403947,shortlist
sband_short,18146,33615820,MeerKAT:array_1:20250720T131853Z,Gaia_3607234940469426816,14,2320.1924986205995,-0.28919344237869404,785.4618,47,0.8545454545454545,1,0.06291145291524425,shortlist
uhf_long,31505,980684,MeerKAT:array_1:20250714T160406Z,Gaia_6144723952778755840,33,563.9787179231644,-0.014260197960740902,17.187984,43,0.671875,1,0.06297533680297203,shortlist
lband_short,592106,1883420,MeerKAT:array_1:20250705T151001Z,Gaia_5223790124505715712,23,936.084399908781,0.0,1072.7032,64,1.0,1,0.0630278897199868,shortlist
sband_short,18155,33615829,MeerKAT:array_1:20250720T131853Z,Gaia_3607231263977338624,23,2320.1924986205995,-0.28919344237869404,399.25546,47,0.8545454545454545,1,0.06311808015563021,shortlist
uhf_short,193408,34653279,MeerKAT:array_1:20250710T050136Z,Gaia_2700582084611316480,34,647.2499414086342,0.0,7.5769763,34,0.53125,1,0.06312843200324322,shortlist
sband_long,28102,1194964,MeerKAT:array_1:20250720T144220Z,Gaia_6440695642407425536,8,2241.74398672767,0.0,23.339739,64,1.0,1,0.06340998950334416,shortlist
sband_long,16943,33615917,MeerKAT:array_1:20250720T144220Z,Gaia_6440683891377314560,56,2320.191996637732,0.1264902534566422,69.25849,63,0.984375,1,0.06345946870401369,shortlist
sband_short,1241,412933,MeerKAT:array_1:20250701T171131Z,Gaia_3607234940469426816,5,2212.745593627915,0.13924128707122305,22.042965,40,0.7272727272727273,1,0.06353664624689523,shortlist
uhf_short,15134,1035068,MeerKAT:array_1:20250730T204925Z,Gaia_2698986006044927616,25,563.9998924136162,-0.2909080383991144,20.25588,47,0.734375,1,0.06354073171381125,shortlist
lband_long,134103,20947212,MeerKAT:array_1:20250707T231708Z,Gaia_6440639159292954496,42,951.5463290512562,0.02017610064910066,18.337572,41,0.640625,1,0.06359680097401343,shortlist
uhf_long,24467,705927,MeerKAT:array_1:20250715T135202Z,ex_ASASSN-V_J153623.95-332446.8,34,554.7929854393005,0.0162973690979896,322.7053,60,0.9375,1,0.0636073968815403,shortlist
lband_long,162316,28056005,MeerKAT:array_1:20250715T232237Z,Gaia_6440638300299490560,28,951.657275468111,-0.04035220129820132,91.764145,38,0.59375,1,0.06383326343157014,shortlist
uhf_short,70447,33541965,MeerKAT:array_1:20250715T200216Z,Gaia_4426156045564440576,13,625.021497964859,-0.05133671265866724,7.114687,54,0.84375,1,0.06394508358406997,shortlist
uhf_long,71870,11383559,MeerKAT:array_1:20250715T133052Z,ex_AI_Lib,16,599.4172832369804,0.06111513411746101,76.04921,33,0.515625,1,0.06412459701527917,shortlist
lband_long,162275,28055813,MeerKAT:array_1:20250715T232237Z,Gaia_6440679600705053952,25,951.657275468111,-0.04035220129820132,90.19738,38,0.59375,1,0.0645837394213697,shortlist
uhf_short,87188,34906372,MeerKAT:array_1:20250730T231157Z,Gaia_2682541366542086528,53,649.9934529662132,0.1283417816466681,6.8373694,34,0.53125,1,0.06463779522959547,shortlist
uhf_long,79231,16138515,MeerKAT:array_1:20250702T175345Z,ex_LEDA_613607,30,608.0533240437508,-0.0835240166271967,7.0750585,42,0.65625,1,0.06468669977968496,shortlist
uhf_short,200985,34910763,MeerKAT:array_1:20250731T192546Z,Gaia_4426416904698281472,10,646.0,0.0,17.845589,64,1.0,1,0.06480371285002294,shortlist
uhf_short,87194,34906378,MeerKAT:array_1:20250730T231157Z,Gaia_2682522743563950720,56,649.9934529662132,0.13689790042311265,6.465264,38,0.59375,1,0.06480888392157734,shortlist
uhf_long,81238,33164379,MeerKAT:array_1:20250702T175345Z,ex_GALEX_J140624.6-375959,8,615.6699666976929,0.038706251607725305,7.190311,61,0.953125,1,0.06489414248666892,shortlist
sband_long,34405,4454417,MeerKAT:array_1:20250713T225437Z,Gaia_6440702308195109376,63,2700.000000419095,0.0,11.092542,64,1.0,1,0.06494873693081628,shortlist
uhf_short,15154,1035105,MeerKAT:array_1:20250730T204925Z,Gaia_2699019365056473472,33,563.9998924136162,-0.2909080383991144,18.353073,47,0.734375,1,0.06523102709362352,shortlist
lband_long,158558,27930533,MeerKAT:array_1:20250714T051258Z,Gaia_4669751437945439360,23,951.3463372290134,-0.02017610064910066,38.254772,37,0.578125,1,0.06533095098902886,shortlist
sband_short,8269,1196846,MeerKAT:array_1:20250720T150453Z,Gaia_3504698162555090816,24,2233.001096174121,0.20350649648871064,20.22576,40,0.8163265306122449,1,0.06540594238476174,shortlist
lband_long,445958,1940245,MeerKAT:array_1:20250706T014240Z,Gaia_6441084598940761728,61,935.2944998145103,0.0,1347.0349,64,1.0,1,0.06542578972900893,shortlist
lband_short,427305,34971150,MeerKAT:array_1:20250708T101552Z,Gaia_2973624253815457152,46,1039.964456051588,-0.20501521627311964,76.293236,64,1.0,1,0.06552951120961877,shortlist
lband_short,18871,440127,MeerKAT:array_1:20250708T094824Z,ex_LEDA_816510,13,873.58258035779,-0.32802434603699143,20.49469,44,0.6875,1,0.06564682757181005,shortlist
uhf_short,89979,34993339,MeerKAT:array_1:20250713T172342Z,Gaia_1468337477554108928,46,658.6230655312538,0.10267342531733448,23.360199,64,1.0,1,0.06569028967536664,shortlist
uhf_long,71895,11383637,MeerKAT:array_1:20250715T133052Z,Gaia_6214335026067529728,55,599.4172832369804,0.06111513411746101,50.75368,33,0.515625,1,0.06590925020070085,shortlist
uhf_short,86287,34905030,MeerKAT:array_1:20250730T211442Z,Gaia_2682519818690821888,21,647.9778668284416,-0.09411730654088994,10.322664,40,0.625,1,0.06591109246342486,shortlist
uhf_long,81272,33164413,MeerKAT:array_1:20250702T175345Z,Gaia_6120442784669091328,43,615.6699666976929,0.038706251607725305,8.372125,61,0.953125,1,0.06591249033550038,shortlist
lband_long,276539,35856919,MeerKAT:array_1:20240319T020710Z,Gaia_2543022270213789952,5,1544.1961226910353,-0.1614088051928053,19.346655,56,0.875,1,0.06613009954262597,shortlist
uhf_long,81237,33164378,MeerKAT:array_1:20250702T175345Z,ex_CRTS_J140709.5-374615,7,615.6699666976929,0.038706251607725305,8.361097,61,0.953125,1,0.06674679091896076,shortlist
uhf_short,87119,34906301,MeerKAT:array_1:20250730T231157Z,Gaia_2682469275515505536,9,649.9934529662132,0.13689790042311265,6.9537687,38,0.59375,1,0.06682539790022066,shortlist
sband_short,1279,413020,MeerKAT:array_1:20250701T171131Z,ex_2MASX_J13380508-1249596,43,2212.745593627915,0.13924128707122305,22.715933,40,0.7272727272727273,1,0.06708739777944546,shortlist
lband_short,18889,440145,MeerKAT:array_1:20250708T094824Z,Gaia_2973635729968080768,31,873.58258035779,-0.33827510685064743,19.41821,45,0.703125,1,0.06713275688989963,shortlist
uhf_short,6456,383466,MeerKAT:array_1:20250730T204925Z,J2130+0502,0,551.9998951554298,-0.2909080383991144,77.88674,36,0.5625,1,0.06732391978043988,shortlist
uhf_long,105072,33876751,MeerKAT:array_1:20250715T124827Z,ex_LBQS_1313-0138,11,636.2808470726013,-0.059077962980212305,21.88431,44,0.6875,1,0.06759653069183705,shortlist
uhf_long,79244,16138531,MeerKAT:array_1:20250702T175345Z,Gaia_6117574571153644928,47,608.0533240437508,-0.0835240166271967,7.4578056,42,0.65625,1,0.06779393637369696,shortlist
lband_long,276699,35857413,MeerKAT:array_1:20240319T020710Z,Gaia_2543023202222577280,45,1544.1870647668839,-0.1614088051928053,12.894374,55,0.859375,1,0.06787431780412008,shortlist
uhf_short,69535,33535424,MeerKAT:array_1:20250715T002705Z,Gaia_2682773638373394176,25,624.0453627705574,-0.1454540191995572,7.102527,39,0.609375,1,0.06808598688937607,shortlist
lband_short,344625,29112449,MeerKAT:array_1:20250719T110629Z,Gaia_2992771802137853952,26,959.9894575625658,0.05125380406827991,13.396608,64,1.0,1,0.06814088150865158,shortlist
sband_short,1275,413012,MeerKAT:array_1:20250701T171131Z,ex_LEDA_942978,39,2212.745593627915,0.13924128707122305,20.13163,40,0.7272727272727273,1,0.06825041775661529,shortlist
lband_long,276665,35857312,MeerKAT:array_1:20240319T020710Z,Gaia_2530998457729328768,37,1544.1870647668839,-0.16645283035508046,13.839617,53,0.828125,1,0.06825888344715433,shortlist
lband_short,596831,1888194,MeerKAT:array_1:20250705T151001Z,Gaia_5223009505608981504,61,935.4703998863697,0.0,1011.76263,64,1.0,1,0.06836520074656187,shortlist
uhf_long,71876,11383577,MeerKAT:array_1:20250715T133052Z,Gaia_6214385161224956672,25,599.4172832369804,0.06111513411746101,41.537033,33,0.515625,1,0.06848441827287548,shortlist
sband_short,1239,412929,MeerKAT:array_1:20250701T171131Z,Gaia_3610235542061340032,3,2212.745593627915,0.13924128707122305,26.730453,40,0.7272727272727273,1,0.06852736581899804,shortlist
uhf_long,81455,33164626,MeerKAT:array_1:20250702T181451Z,ex_HD_137551,1,615.6679229140282,0.0651894763919584,6.514949,38,0.59375,1,0.06859591673867585,shortlist
uhf_long,81262,33164403,MeerKAT:array_1:20250702T175345Z,ex_LEDA_611111,32,615.6699666976929,0.038706251607725305,6.8506837,61,0.953125,1,0.0686272906719497,shortlist
uhf_long,32336,987614,MeerKAT:array_1:20250715T135202Z,ex_ASASSN-V_J153224.56-325629.5,23,562.5537295341492,-0.055003620705714906,17.512487,44,0.6875,1,0.06863227297577347,shortlist
lband_long,161952,28054216,MeerKAT:array_1:20250715T232237Z,J1939-6342,0,951.657275468111,-0.04035220129820132,81.035736,38,0.59375,1,0.06882031726282209,shortlist
uhf_short,23355,1109862,MeerKAT:array_1:20250713T002413Z,Gaia_2682773604013656192,12,575.9987963438034,0.15401013797600172,48.36747,62,0.96875,1,0.06893885458013323,shortlist
lband_long,276629,35857190,MeerKAT:array_1:20240319T020710Z,Gaia_2531005849368549376,27,1544.1961226910353,-0.16645283035508046,13.855815,42,0.65625,1,0.06906589525455264,shortlist
uhf_short,689,91362,MeerKAT:array_1:20250710T030814Z,Gaia_2698980474127091840,57,544.0450402498245,-0.06844895021155632,8.41356,33,0.515625,1,0.06916128108668462,shortlist
sband_long,34347,4454359,MeerKAT:array_1:20250713T225437Z,Gaia_6440702037614223872,5,2700.000000419095,0.0,9.857798,64,1.0,1,0.06943317175376118,shortlist
uhf_short,7452,385604,MeerKAT:array_1:20250730T231157Z,Gaia_2682593112308143232,16,544.0459896922112,-0.1711223755288908,9.088451,63,0.984375,1,0.06956197575072451,shortlist
sband_short,33030,1200528,MeerKAT:array_1:20250720T173033Z,Gaia_3504468261545519872,38,2232.500863727182,0.0,24.986172,34,0.6938775510204082,1,0.06978616078146503,shortlist
uhf_long,81259,33164400,MeerKAT:array_1:20250702T175345Z,ex_ESO_325-55,29,615.6699666976929,0.038706251607725305,6.1976333,61,0.953125,1,0.06991044588328986,shortlist
uhf_long,81529,33164700,MeerKAT:array_1:20250702T181451Z,ex_ASASSN-V_J153137.42-684904.4,34,620.0501730442047,0.0733381609409532,17.03497,58,0.90625,1,0.06991896592741087,shortlist
uhf_long,71886,11383601,MeerKAT:array_1:20250715T133052Z,Gaia_6214370042939954432,37,599.4172832369804,0.06111513411746101,58.05203,33,0.515625,1,0.07023262867714829,shortlist
uhf_long,7006,255305,MeerKAT:array_1:20250713T205023Z,ex_CRTS_J191825.3-321110,3,544.0800378918648,0.040743422744974,71.09302,64,1.0,1,0.07048080289443269,shortlist
sband_long,28147,1196291,MeerKAT:array_1:20250720T144220Z,Gaia_6440706813617922432,53,2241.74398672767,0.0,28.014835,64,1.0,1,0.07054962314002407,shortlist
uhf_long,81460,33164631,MeerKAT:array_1:20250702T181451Z,ex_V0347_TrA,10,615.6679229140282,0.0651894763919584,6.760584,38,0.59375,1,0.07059688676863354,shortlist
uhf_long,79251,16138539,MeerKAT:array_1:20250702T175345Z,Gaia_6117451425851110400,55,608.0533240437508,-0.0835240166271967,6.163047,42,0.65625,1,0.07086184213654773,shortlist
lband_long,247350,35166780,MeerKAT:array_1:20250731T144023Z,Gaia_1468227496328819712,49,1031.9887170642614,0.015132075486825495,92.184555,64,1.0,1,0.07098292442523217,shortlist
sband_short,17328,16093202,MeerKAT:array_1:20250701T174407Z,Gaia_3607215527217238528,4,2284.002327360213,0.3106151788511899,150.68729,55,1.0,1,0.07102387532492585,shortlist
uhf_long,64232,7198493,MeerKAT:array_1:20250702T175345Z,Gaia_6120576100451834112,62,602.5486658215523,0.0468549361567201,8.146382,59,0.921875,1,0.07117923208996653,shortlist
lband_long,134215,20948178,MeerKAT:array_1:20250707T231708Z,Gaia_6440637510025518720,58,951.5463290512562,0.02017610064910066,16.132986,41,0.640625,1,0.0712768940373978,shortlist
lband_long,158549,27930426,MeerKAT:array_1:20250714T051258Z,Gaia_4668954734395819776,21,951.445137321949,-0.02017610064910066,35.463417,35,0.546875,1,0.07144362648505594,shortlist
sband_short,1262,412982,MeerKAT:array_1:20250701T171131Z,Gaia_3607228721356778624,26,2212.745593627915,0.13924128707122305,34.029514,40,0.7272727272727273,1,0.07170407295817378,shortlist
uhf_short,54905,28932331,MeerKAT:array_1:20250718T194550Z,Gaia_4426262388951551360,40,608.0511414408684,-0.10267342531733448,6.8340726,45,0.703125,1,0.07199072689441345,shortlist
uhf_short,23338,1109802,MeerKAT:array_1:20250713T002413Z,Gaia_2682484634318594944,6,575.9987963438034,0.15401013797600172,45.946136,62,0.96875,1,0.07216707524065277,shortlist
uhf_long,64218,7198479,MeerKAT:array_1:20250702T175345Z,Gaia_6120585411940887808,48,602.5486658215523,0.044817765019471406,8.114956,58,0.90625,1,0.07252138462726565,shortlist
uhf_short,87202,34906386,MeerKAT:array_1:20250730T231157Z,Gaia_2682780609104842240,60,649.9934529662132,0.13689790042311265,6.754057,38,0.59375,1,0.07261679819774133,shortlist
uhf_short,169199,15148824,MeerKAT:array_1:20250731T212434Z,Gaia_2699369151487377664,20,599.9867997169495,0.0,9.429831,63,0.984375,1,0.07266430138744569,shortlist
uhf_long,71884,11383597,MeerKAT:array_1:20250715T133052Z,Gaia_6226376228882114688,35,599.4172832369804,0.0631523052547097,62.752293,32,0.5,1,0.07280015073096154,shortlist
uhf_short,23349,1109842,MeerKAT:array_1:20250713T002413Z,Gaia_2682553598608961152,10,575.9987963438034,0.15401013797600172,48.963936,62,0.96875,1,0.07314372866649896,shortlist
uhf_long,81276,33164417,MeerKAT:array_1:20250702T175345Z,Gaia_6117574571153644928,47,615.6699666976929,0.038706251607725305,7.8069787,61,0.953125,1,0.07331275386159872,shortlist
uhf_long,81232,33164373,MeerKAT:array_1:20250702T175345Z,ex_CRTS_J140828.9-373311,2,615.6699666976929,0.038706251607725305,7.3573227,61,0.953125,1,0.07366162315979487,shortlist
uhf_long,64192,7198453,MeerKAT:array_1:20250702T175345Z,ex_ASASSN-V_J141003.68-374528.8,22,602.5486658215523,0.044817765019471406,7.983576,58,0.90625,1,0.07395462145436404,shortlist
uhf_long,79252,16138540,MeerKAT:array_1:20250702T175345Z,Gaia_6120552564030922112,56,608.0533240437508,-0.0835240166271967,6.875394,42,0.65625,1,0.07401964112678291,shortlist
lband_long,133987,20946242,MeerKAT:array_1:20250707T231708Z,Gaia_6440706263862054016,26,951.5463290512562,0.02017610064910066,21.907553,41,0.640625,1,0.07422841968164993,shortlist
uhf_long,65546,8175982,MeerKAT:array_1:20250705T060310Z,Gaia_6441478395902621952,8,601.3522255420685,0.0081486845489948,48.376736,64,1.0,1,0.07429499149515162,shortlist
lband_short,18908,440164,MeerKAT:array_1:20250708T094824Z,Gaia_2973635455090172672,50,873.58258035779,-0.33827510685064743,17.749575,45,0.703125,1,0.07471858681639383,shortlist
uhf_short,81290,34875292,MeerKAT:array_1:20250722T211839Z,Gaia_2682573522961938176,37,650.0212735533714,0.11978566287022356,10.339474,56,0.875,1,0.07496879983977249,shortlist
uhf_long,33303,993654,MeerKAT:array_1:20250717T054309Z,Gaia_4669679454293449344,10,562.5533211827278,-0.07741250321545061,9.005305,40,0.625,1,0.0750447704703145,shortlist
lband_long,445353,1939503,MeerKAT:array_1:20250706T014240Z,Gaia_6440687292989390080,46,935.2944998145103,0.0,1310.8236,64,1.0,1,0.07531977121647036,shortlist
uhf_long,63988,7198249,MeerKAT:array_1:20250702T175345Z,Gaia_6120575963012884096,40,600.0484638214111,0.044817765019471406,13.379363,64,1.0,1,0.0753740308017939,shortlist
lband_short,18890,440146,MeerKAT:array_1:20250708T094824Z,Gaia_2973634630456452736,32,873.58258035779,-0.33827510685064743,18.842789,45,0.703125,1,0.0755265507002461,shortlist
lband_long,158459,27929732,MeerKAT:array_1:20250714T051258Z,Gaia_4669721854210793600,9,951.445137321949,-0.015132075486825495,37.387287,34,0.53125,1,0.07565312577956665,shortlist
uhf_long,71887,11383607,MeerKAT:array_1:20250715T133052Z,Gaia_6214290568864977152,40,599.4172832369804,0.06111513411746101,76.533455,33,0.515625,1,0.075821570187169,shortlist
uhf_long,33311,993663,MeerKAT:array_1:20250717T054309Z,Gaia_4669683714901017216,21,562.5533211827278,-0.07944967435269931,9.562996,40,0.625,1,0.0758325968663916,shortlist
uhf_long,81459,33164630,MeerKAT:array_1:20250702T181451Z,ex_ASASSN-V_J153830.12-690624.9,9,615.6679229140282,0.0651894763919584,6.7946415,38,0.59375,1,0.07592419303980578,shortlist
uhf_short,23427,1110131,MeerKAT:array_1:20250713T002413Z,Gaia_2682773805876651392,39,575.9987963438034,0.15401013797600172,50.300896,62,0.96875,1,0.07611000465282201,shortlist
uhf_long,71883,11383595,MeerKAT:array_1:20250715T133052Z,Gaia_6214291152980534656,34,599.4172832369804,0.0631523052547097,62.329105,32,0.5,1,0.07612983954723745,shortlist
uhf_long,33318,993670,MeerKAT:array_1:20250717T054309Z,ex_1RXS_J040340.3-655818,30,562.5533211827278,-0.07741250321545061,15.202692,40,0.625,1,0.07641721357273772,shortlist
uhf_long,81545,33164716,MeerKAT:array_1:20250702T181451Z,ex_ASASSN-V_J153907.68-691742.9,50,620.0501730442047,0.0733381609409532,14.802379,58,0.90625,1,0.0764333457678038,shortlist
sband_short,8246,1196800,MeerKAT:array_1:20250720T150453Z,ex_LEDA_818682,1,2233.0010978039354,0.20350649648871064,23.575035,40,0.8163265306122449,1,0.07655390217922817,shortlist
lband_long,265147,35812638,MeerKAT:array_1:20240319T020710Z,Gaia_2531016427872523392,19,1199.4965990781784,-0.17654088067963078,19.4617,61,0.953125,1,0.0768401648936499,shortlist
lband_long,134028,20946546,MeerKAT:array_1:20250707T231708Z,Gaia_6441068174985814016,31,951.5463290512562,0.02017610064910066,18.453213,41,0.640625,1,0.07685588359022481,shortlist
lband_long,158577,27930658,MeerKAT:array_1:20250714T051258Z,Gaia_4669699760898880000,25,951.445137321949,-0.02017610064910066,34.056805,35,0.546875,1,0.07715460074592266,shortlist
uhf_short,23432,1110151,MeerKAT:array_1:20250713T002413Z,Gaia_2682514943903238784,41,575.9987963438034,0.15401013797600172,46.527367,62,0.96875,1,0.07764455079808796,shortlist
lband_long,276707,35857440,MeerKAT:array_1:20240319T020710Z,Gaia_2531019833782091904,47,1544.1870647668839,-0.16645283035508046,14.717289,53,0.828125,1,0.07775180809276439,shortlist
uhf_long,71872,11383563,MeerKAT:array_1:20250715T133052Z,ex_ASASSN-V_J151840.37-264518.7,18,599.4172832369804,0.06111513411746101,40.620235,33,0.515625,1,0.07789434221356334,shortlist
uhf_long,64231,7198492,MeerKAT:array_1:20250702T175345Z,Gaia_6117503824452706688,61,602.5486658215523,0.044817765019471406,8.333287,58,0.90625,1,0.07792943601259239,shortlist
uhf_long,33333,993686,MeerKAT:array_1:20250717T054309Z,Gaia_4669811601847201920,53,562.5533211827278,-0.07741250321545061,9.151825,40,0.625,1,0.0781235938342362,shortlist
uhf_short,6556,383666,MeerKAT:array_1:20250730T204925Z,Gaia_2698986006044927616,25,551.9998951554298,-0.2909080383991144,89.70319,36,0.5625,1,0.07817246093008817,shortlist
lband_long,402441,1775289,MeerKAT:array_1:20250704T110253Z,Gaia_4669713848391671936,44,935.4175000786781,0.0,1201.2834,64,1.0,1,0.07845411724718068,shortlist
lband_short,349738,30019591,MeerKAT:array_1:20250719T212149Z,Gaia_4216734848963779328,59,951.6206627041101,0.05125380406827991,27.927055,42,0.65625,1,0.07851186375214267,shortlist
uhf_short,74197,33618703,MeerKAT:array_1:20250720T235835Z,Gaia_2682581567435990016,6,623.9752165079117,-0.07700506898800086,6.859575,45,0.703125,1,0.07866684284919066,shortlist
lband_long,276609,35857128,MeerKAT:array_1:20240319T020710Z,Gaia_2530970149600386304,22,1544.1870647668839,-0.1614088051928053,12.611474,55,0.859375,1,0.0787225224446002,shortlist
uhf_long,88129,33374457,MeerKAT:array_1:20250722T002453Z,Gaia_6440673862628815488,7,615.2238473296165,-0.012223026823492201,12.331013,64,1.0,1,0.07873988584363312,shortlist
lband_long,134169,20947816,MeerKAT:array_1:20250707T231708Z,Gaia_6441456813689982080,52,951.5463290512562,0.02017610064910066,23.39536,41,0.640625,1,0.07876804069850193,shortlist
uhf_short,79285,34637760,MeerKAT:array_1:20250706T001134Z,Gaia_2699208657149843072,9,650.0026150345802,0.05133671265866724,54.69384,46,0.71875,1,0.07885229612972366,shortlist
lband_short,18915,440171,MeerKAT:array_1:20250708T094824Z,Gaia_2973834123097075840,57,873.58258035779,-0.32802434603699143,19.080801,44,0.6875,1,0.0790818175675764,shortlist
uhf_short,654,91292,MeerKAT:array_1:20250710T030814Z,Gaia_2699050224396083328,40,543.9549587368965,0.0855611877644454,9.520162,55,0.859375,1,0.07933491917622308,shortlist
lband_long,443894,1937712,MeerKAT:array_1:20250706T014240Z,Gaia_6441014505074456832,10,935.252400636673,0.0,919.95856,64,1.0,1,0.07941467427606118,shortlist
uhf_long,33340,993695,MeerKAT:array_1:20250717T054309Z,Gaia_4669044795566379008,63,562.5533211827278,-0.07741250321545061,18.028944,40,0.625,1,0.079518228877668,shortlist
lband_long,133872,20945280,MeerKAT:array_1:20250707T231708Z,Gaia_6440703927399812608,10,951.5463290512562,0.02017610064910066,20.455826,41,0.640625,1,0.08016618365580232,shortlist
sband_short,18156,33615830,MeerKAT:array_1:20250720T131853Z,Gaia_3610235782579441536,24,2320.1924986205995,-0.28919344237869404,580.1984,47,0.8545454545454545,1,0.0803352715768703,shortlist
uhf_long,74562,11573283,MeerKAT:array_1:20250717T054309Z,Gaia_4669682374871238272,20,599.4168829917908,-0.0733381609409532,9.074757,40,0.625,1,0.08039135147197123,shortlist
lband_long,247316,35166729,MeerKAT:array_1:20250731T144023Z,Gaia_1468182004035197312,32,1031.9887170642614,0.015132075486825495,89.25119,64,1.0,1,0.08041235474544554,shortlist
lband_long,134097,20947152,MeerKAT:array_1:20250707T231708Z,Gaia_6440704060541711360,41,951.5463290512562,0.02017610064910066,17.466534,41,0.640625,1,0.08056861955776076,shortlist
lband_short,592360,1883676,MeerKAT:array_1:20250705T151001Z,Gaia_5223770676893757440,25,936.084399908781,0.0,838.66095,64,1.0,1,0.08072338190408034,shortlist
lband_long,268146,35815652,MeerKAT:array_1:20240319T020710Z,Gaia_2531019215306801792,7,1200.2077999860048,-0.18158490584190595,17.465433,64,1.0,1,0.08097015661681181,shortlist
sband_long,21912,411444,MeerKAT:array_1:20250701T163235Z,Gaia_6440687675243547648,28,2203.6959948018193,0.0,39.693092,52,0.8125,1,0.08105205162574278,shortlist
lband_short,594060,1885393,MeerKAT:array_1:20250705T151001Z,Gaia_5223658664146524160,39,935.5454000085592,0.0,990.02325,64,1.0,1,0.08120367425446685,shortlist
uhf_long,64184,7198445,MeerKAT:array_1:20250702T175345Z,ex_GALEX_J141049.4-375144,14,602.5486658215523,0.0468549361567201,8.28714,59,0.921875,1,0.08135435713243662,shortlist
uhf_long,51694,1246600,MeerKAT:array_1:20250702T175345Z,Gaia_6117503824452706688,61,580.046847820282,0.05092927843121751,12.441721,64,1.0,1,0.08158055014538051,shortlist
uhf_short,86540,34905331,MeerKAT:array_1:20250730T211442Z,ex_SN_2008dr,56,647.9778668284416,-0.09411730654088994,7.738794,40,0.625,1,0.08190195584373576,shortlist
uhf_long,33339,993692,MeerKAT:array_1:20250717T054309Z,Gaia_4669057470012951424,59,562.5533211827278,-0.07944967435269931,9.012222,40,0.625,1,0.08211813620347962,shortlist
sband_short,1260,412977,MeerKAT:array_1:20250701T171131Z,Gaia_3607225010505021184,24,2212.745593627915,0.13924128707122305,16.76243,40,0.7272727272727273,1,0.08218542939435487,shortlist
sband_short,1261,412980,MeerKAT:array_1:20250701T171131Z,Gaia_3607233119403211008,25,2212.745593627915,0.13924128707122305,20.405102,40,0.7272727272727273,1,0.08230107730529913,shortlist
uhf_long,89662,33377429,MeerKAT:array_1:20250723T033528Z,Gaia_4658353075849719296,50,615.6712322831154,0.014260197960740902,18.254112,63,0.984375,1,0.08245059675765784,shortlist
sband_short,1245,412942,MeerKAT:array_1:20250701T171131Z,Gaia_3607205391094335744,9,2212.745593627915,0.13924128707122305,20.711748,40,0.7272727272727273,1,0.08274190149026749,shortlist
lband_long,277590,35860077,MeerKAT:array_1:20240319T020710Z,Gaia_2543034678375189632,9,1546.1222589313984,0.02017610064910066,17.543964,40,0.625,1,0.08274470242090046,shortlist
uhf_long,33301,993652,MeerKAT:array_1:20250717T054309Z,Gaia_4669680519445349888,7,562.5533211827278,-0.07741250321545061,9.378172,40,0.625,1,0.08275005994251872,shortlist
uhf_long,33334,993687,MeerKAT:array_1:20250717T054309Z,Gaia_4669811052091384320,54,562.5533211827278,-0.07741250321545061,10.124814,40,0.625,1,0.08282163305848947,shortlist
uhf_short,23375,1109931,MeerKAT:array_1:20250713T002413Z,Gaia_2682473987095080832,19,575.9987963438034,0.15401013797600172,47.79897,62,0.96875,1,0.08336396287090334,shortlist
uhf_short,60401,33454525,MeerKAT:array_1:20250704T025554Z,Gaia_2682555763272475008,41,624.0452573895454,0.19679073185822443,6.7266603,32,0.5,1,0.08340842146137946,shortlist
lband_long,158851,27932794,MeerKAT:array_1:20250714T051258Z,Gaia_4669738175086545408,62,951.445137321949,-0.015132075486825495,35.31402,34,0.53125,1,0.08357583257685859,shortlist
uhf_short,97635,35409755,MeerKAT:array_1:20250713T164848Z,Gaia_1315926341104440448,41,675.0000793337822,0.15401013797600172,75.35227,61,0.953125,1,0.08366676340482017,shortlist
lband_long,400759,1773607,MeerKAT:array_1:20250704T110253Z,Gaia_4669708763150374656,12,935.4175000786781,0.0,1248.6038,64,1.0,1,0.08370134731329285,shortlist
lband_long,400864,1773712,MeerKAT:array_1:20250704T110253Z,Gaia_4669697630595069056,14,935.4175000786781,0.0,1280.085,64,1.0,1,0.08370134731329285,shortlist
lband_long,277332,35858963,MeerKAT:array_1:20240319T020710Z,Gaia_2543034850173888256,51,1544.6151756495237,-0.12610062905687913,25.606594,64,1.0,1,0.08375269474609409,shortlist
lband_short,18862,440118,MeerKAT:array_1:20250708T094824Z,Gaia_2973639750057471488,4,873.58258035779,-0.32802434603699143,18.296461,44,0.6875,1,0.08402861124941918,shortlist
uhf_long,74554,11573267,MeerKAT:array_1:20250717T054309Z,Gaia_4669786141281303680,12,599.4168829917908,-0.0733381609409532,15.892359,40,0.625,1,0.08413612673990074,shortlist
lband_long,276554,35856966,MeerKAT:array_1:20240319T020710Z,Gaia_2543034678375189632,9,1544.1870647668839,-0.16645283035508046,11.425246,53,0.828125,1,0.08419376906862275,shortlist
uhf_short,15201,1035208,MeerKAT:array_1:20250730T204925Z,Gaia_2698948588289734656,55,563.9998924136162,-0.2909080383991144,19.204817,47,0.734375,1,0.08434542880784221,shortlist
uhf_short,199376,34901311,MeerKAT:array_1:20250729T181804Z,Gaia_6733398183347625984,37,647.2499393820763,0.0,37.54397,64,1.0,1,0.08458742655914848,shortlist
lband_short,805689,2158946,MeerKAT:array_1:20250706T074022Z,Gaia_4802480697783412480,18,935.8858000189066,0.0,915.22687,62,0.96875,1,0.08545231280572148,shortlist
sband_long,34362,4454374,MeerKAT:array_1:20250713T225437Z,Gaia_6440703205845339520,20,2700.000000419095,0.0,10.833411,64,1.0,1,0.08563911957274917,shortlist
lband_long,134056,20946789,MeerKAT:array_1:20250707T231708Z,Gaia_6441450839392144512,35,951.5463290512562,0.02017610064910066,18.68437,41,0.640625,1,0.08575793822467963,shortlist
lband_long,134063,20946849,MeerKAT:array_1:20250707T231708Z,Gaia_6440687812682497664,36,951.5463290512562,0.02017610064910066,15.399119,41,0.640625,1,0.08575793822467963,shortlist
uhf_short,6600,383754,MeerKAT:array_1:20250730T204925Z,Gaia_2699005174483939968,36,551.9998951554298,-0.2909080383991144,101.81538,36,0.5625,1,0.08576479428693325,shortlist
lband_long,276712,35857454,MeerKAT:array_1:20240319T020710Z,Gaia_2537023579586481792,48,1544.1961226910353,-0.1614088051928053,19.518213,56,0.875,1,0.08602817143134864,shortlist
uhf_short,86002,34904026,MeerKAT:array_1:20250730T204925Z,Gaia_2699059398446235904,26,650.0220476984978,0.09411730654088994,6.792556,59,0.921875,1,0.0861444809836796,shortlist
lband_short,588741,1879880,MeerKAT:array_1:20250705T151001Z,Gaia_5223769126405038336,57,935.1619999706745,0.0,711.25287,47,0.734375,1,0.08618785669616295,shortlist
sband_long,21927,411489,MeerKAT:array_1:20250701T163235Z,Gaia_6440695990300282112,31,2203.6959948018193,0.0,36.81317,52,0.8125,1,0.08619271964990334,shortlist
sband_short,18169,33615843,MeerKAT:array_1:20250720T131853Z,Gaia_3610236641572903552,37,2320.1924986205995,-0.28919344237869404,626.807,47,0.8545454545454545,1,0.08662864293807084,shortlist
uhf_short,23366,1109901,MeerKAT:array_1:20250713T002413Z,Gaia_2682791574156860544,16,575.9987963438034,0.15401013797600172,48.84244,62,0.96875,1,0.08677778661822469,shortlist
lband_long,276769,35857641,MeerKAT:array_1:20240319T020710Z,Gaia_2531012755675980032,63,1544.1313858777285,0.17654088067963078,13.162183,33,0.515625,1,0.08698613463395545,shortlist
uhf_short,23402,1110041,MeerKAT:array_1:20250713T002413Z,Gaia_2682514084909778176,30,575.9987963438034,0.15401013797600172,45.511395,62,0.96875,1,0.08719237855789623,shortlist
sband_short,18133,33615807,MeerKAT:array_1:20250720T131853Z,ex_2MASX_J13382813-1257355,1,2320.1924986205995,-0.28919344237869404,1170.2554,47,0.8545454545454545,1,0.08723840472307336,shortlist
uhf_short,15137,1035072,MeerKAT:array_1:20250730T204925Z,Gaia_2699059398446235904,26,563.9998924136162,-0.2909080383991144,21.500505,47,0.734375,1,0.08739548214485912,shortlist
lband_short,16073,427856,MeerKAT:array_1:20250706T084548Z,Gaia_4802478399977215872,41,874.9934273809195,-0.13325989057752777,58.399456,64,1.0,1,0.08742682077752736,shortlist
sband_short,18176,33615851,MeerKAT:array_1:20250720T131853Z,ex_LEDA_945882,45,2320.1924986205995,-0.28919344237869404,813.76245,47,0.8545454545454545,1,0.08778630671947509,shortlist
lband_long,276559,35856979,MeerKAT:array_1:20240319T020710Z,Gaia_2531000381874689920,10,1544.1870647668839,-0.16645283035508046,18.21461,53,0.828125,1,0.08780462369451142,shortlist
uhf_short,15188,1035180,MeerKAT:array_1:20250730T204925Z,Gaia_2699272630686611584,49,563.9998924136162,-0.2909080383991144,18.51417,47,0.734375,1,0.08794989320141067,shortlist
lband_long,276573,35857017,MeerKAT:array_1:20240319T020710Z,Gaia_2531005054800403072,13,1544.196121096611,-0.15636478003053011,14.145968,46,0.71875,1,0.08798538360484151,shortlist
uhf_short,193388,34653249,MeerKAT:array_1:20250710T050136Z,ex_ASASSN-V_J215000.72+065916.9,4,647.2499414086342,0.0,7.259767,34,0.53125,1,0.08801227786659899,shortlist
sband_long,21943,411534,MeerKAT:array_1:20250701T163235Z,Gaia_6440703927399812608,34,2203.6959948018193,-0.005270427227360091,38.92531,52,0.8125,1,0.08819334069362657,shortlist
uhf_short,193391,34653252,MeerKAT:array_1:20250710T050136Z,ex_LEDA_1318621,7,647.2499414086342,0.0,7.4005837,34,0.53125,1,0.08833989193722232,shortlist
uhf_long,81227,33164240,MeerKAT:array_1:20250702T175345Z,Gaia_6120576100451834112,62,611.9863014817238,-0.06111513411746101,7.072118,50,0.78125,1,0.08862284433085302,shortlist
lband_long,269504,35817046,MeerKAT:array_1:20240319T020710Z,Gaia_2530941184340976128,31,1200.5187988132238,-0.17654088067963078,26.276865,64,1.0,1,0.08876822822658255,shortlist
lband_long,134242,20948416,MeerKAT:array_1:20250707T231708Z,Gaia_6440693001003063552,62,951.5463290512562,0.02017610064910066,20.468151,41,0.640625,1,0.08883250962498519,shortlist
lband_long,274545,35822984,MeerKAT:array_1:20240319T020710Z,Gaia_2530998457729328768,37,1210.9728869348764,-0.15132075486825497,6.8052073,52,0.8125,1,0.0890206242522284,shortlist
lband_long,277426,35859192,MeerKAT:array_1:20240319T020710Z,Gaia_2531007910952850560,60,1544.6151756495237,-0.12610062905687913,28.019848,64,1.0,1,0.0890318165470812,shortlist
sband_long,34382,4454394,MeerKAT:array_1:20250713T225437Z,Gaia_6440707638251653120,40,2700.000000419095,0.0,12.504724,64,1.0,1,0.08921541104023596,shortlist
sband_long,22045,411834,MeerKAT:array_1:20250701T163235Z,Gaia_6441452110702440448,54,2203.6959948018193,0.0,35.272514,52,0.8125,1,0.08925132310768563,shortlist
uhf_short,23418,1110101,MeerKAT:array_1:20250713T002413Z,Gaia_2682552980133700480,36,575.9987963438034,0.15401013797600172,42.846874,62,0.96875,1,0.08925408822410529,shortlist
sband_long,22084,411939,MeerKAT:array_1:20250701T163235Z,Gaia_6440699735511788544,61,2203.6959948018193,0.0,39.80408,52,0.8125,1,0.08959051169081995,shortlist
sband_long,22004,411714,MeerKAT:array_1:20250701T163235Z,Gaia_6441063742579559680,46,2203.6959948018193,0.0,38.969654,52,0.8125,1,0.08959051169081995,shortlist
sband_long,21854,411279,MeerKAT:array_1:20250701T163235Z,Gaia_6440685849881991040,17,2203.6959948018193,0.0,38.003475,52,0.8125,1,0.08959051169081995,shortlist
sband_long,21968,411609,MeerKAT:array_1:20250701T163235Z,Gaia_6440685059608398464,39,2203.6959948018193,-0.005270427227360091,37.379704,52,0.8125,1,0.08959051169081995,shortlist
sband_long,22074,411909,MeerKAT:array_1:20250701T163235Z,Gaia_6440685510580044160,59,2203.6959948018193,0.0,38.206116,52,0.8125,1,0.08959051169081995,shortlist
sband_long,21995,411684,MeerKAT:array_1:20250701T163235Z,Gaia_6441068071906599040,44,2203.6959948018193,0.0,38.790653,52,0.8125,1,0.08959051169081995,shortlist
sband_long,22009,411729,MeerKAT:array_1:20250701T163235Z,Gaia_6440683620794456832,47,2203.6959948018193,0.0,36.08636,52,0.8125,1,0.08959051169081995,shortlist
sband_long,21984,411654,MeerKAT:array_1:20250701T163235Z,Gaia_6441460352743041920,42,2203.6959948018193,0.0,39.718174,52,0.8125,1,0.08959051169081995,shortlist
sband_long,21907,411429,MeerKAT:array_1:20250701T163235Z,Gaia_6440708119287928320,27,2203.6959948018193,0.0,36.72047,52,0.8125,1,0.08959051169081995,shortlist
sband_long,21885,411369,MeerKAT:array_1:20250701T163235Z,Gaia_6440687950121445632,23,2203.6959948018193,0.0,37.644985,52,0.8125,1,0.08959051169081995,shortlist
sband_long,21807,411144,MeerKAT:array_1:20250701T163235Z,Gaia_6440690286583679616,8,2203.6959948018193,0.0,39.753246,52,0.8125,1,0.08959051169081995,shortlist
lband_long,158730,27931926,MeerKAT:array_1:20250714T051258Z,Gaia_4668956624181438848,47,951.3463372290134,-0.015132075486825495,37.201546,37,0.578125,1,0.08960961345395885,shortlist
uhf_long,160680,341428,MeerKAT:array_1:20250723T045553Z,Gaia_4662057708455173120,34,551.977364897728,-0.0020371711372487,135.13754,38,0.59375,1,0.0896910401518893,shortlist
sband_long,21785,411084,MeerKAT:array_1:20250701T163235Z,Gaia_6440695852861335296,4,2203.6959948018193,0.0,37.06145,52,0.8125,1,0.09000491152722465,shortlist
uhf_long,71882,11383591,MeerKAT:array_1:20250715T133052Z,Gaia_6214384886347032704,32,599.4172832369804,0.06111513411746101,47.560093,33,0.515625,1,0.09004547189283396,shortlist
uhf_short,54771,28184872,MeerKAT:array_1:20250716T222802Z,Gaia_4426384194227526784,11,607.9949976801872,0.1283417816466681,14.096424,63,0.984375,1,0.09024032478284039,shortlist
uhf_short,6480,383514,MeerKAT:array_1:20250730T204925Z,Gaia_2699627158762762240,6,551.9998951554298,-0.2909080383991144,93.11035,36,0.5625,1,0.09041127683839176,shortlist
lband_long,445518,1939704,MeerKAT:array_1:20250706T014240Z,Gaia_6440698258043044608,50,935.2944998145103,0.0,1236.7045,64,1.0,1,0.09059172678063178,shortlist
sband_long,21838,411234,MeerKAT:array_1:20250701T163235Z,Gaia_6440708222367129344,14,2203.6959948018193,0.0,39.369434,52,0.8125,1,0.09066011696378345,shortlist
sband_long,22018,411759,MeerKAT:array_1:20250701T163235Z,Gaia_6440687292989390080,49,2203.6959948018193,0.0,38.71805,52,0.8125,1,0.09066011696378345,shortlist
sband_long,22058,411864,MeerKAT:array_1:20250701T163235Z,Gaia_6441460288320161408,56,2203.6959948018193,0.0,39.75249,52,0.8125,1,0.09066011696378345,shortlist
sband_long,21990,411669,MeerKAT:array_1:20250701T163235Z,Gaia_6441453313293282432,43,2203.6959948018193,0.0,36.92656,52,0.8125,1,0.09066011696378345,shortlist
sband_long,21796,411114,MeerKAT:array_1:20250701T163235Z,Gaia_6440709390598240896,6,2203.6959948018193,0.0,36.23592,52,0.8125,1,0.09066011696378345,shortlist
uhf_long,71864,11383547,MeerKAT:array_1:20250715T133052Z,ex_GALEX_J151638.4-271247,10,599.4172832369804,0.0631523052547097,97.38383,32,0.5,1,0.09077241139683323,shortlist
lband_long,134157,20947697,MeerKAT:array_1:20250707T231708Z,Gaia_6441068690381887360,50,951.5463290512562,0.02017610064910066,18.679773,41,0.640625,1,0.09080396501886774,shortlist
uhf_long,51645,1246551,MeerKAT:array_1:20250702T175345Z,ex_GALEX_J140807.9-375644,12,580.046847820282,0.05092927843121751,12.753142,64,1.0,1,0.09087639321525184,shortlist
uhf_long,79227,16138510,MeerKAT:array_1:20250702T175345Z,ex_LEDA_625413,25,608.0533240437508,-0.0835240166271967,6.341947,42,0.65625,1,0.09118133261460648,shortlist
lband_short,395591,33472649,MeerKAT:array_1:20250706T124159Z,Gaia_4802508945784579456,59,984.2088001519442,0.1230091297638718,8.993199,63,0.984375,1,0.09136698961282717,shortlist
lband_long,274268,35822127,MeerKAT:array_1:20240319T020710Z,Gaia_2530969909082218112,59,1201.5577989965677,-0.17654088067963078,16.942211,32,0.5,1,0.09139036035583765,shortlist
uhf_short,6524,383602,MeerKAT:array_1:20250730T204925Z,Gaia_2699250713469402368,17,551.9998951554298,-0.2909080383991144,90.61652,36,0.5625,1,0.09140481706838878,shortlist
uhf_long,33315,993667,MeerKAT:array_1:20250717T054309Z,Gaia_4669685158010059264,26,562.5533211827278,-0.07741250321545061,10.706723,40,0.625,1,0.09150222190258071,shortlist
lband_long,276755,35857595,MeerKAT:array_1:20240319T020710Z,Gaia_2530969909082218112,59,1544.1870647668839,-0.16645283035508046,13.226041,53,0.828125,1,0.0915387169002754,shortlist
sband_short,26510,750059,MeerKAT:array_1:20250720T180312Z,ex_LEDA_816754,4,2212.2441094834358,-0.010710868236247928,26.874548,48,0.9795918367346939,1,0.09154797840700733,shortlist
uhf_long,71865,11383549,MeerKAT:array_1:20250715T133052Z,ex_GALEX_J151820.4-263254,11,599.4172832369804,0.0631523052547097,79.76826,32,0.5,1,0.0915963633616688,shortlist
lband_short,349528,30018474,MeerKAT:array_1:20250719T212149Z,Gaia_4216982857555400192,51,951.6206627041101,0.04100304325462393,28.385178,42,0.65625,1,0.09162786087745839,shortlist
uhf_long,81283,33164424,MeerKAT:array_1:20250702T175345Z,Gaia_6117933939655205376,54,615.6699666976929,0.038706251607725305,7.406399,61,0.953125,1,0.09178072152305455,shortlist
uhf_short,78635,34501592,MeerKAT:array_1:20250716T222802Z,Gaia_4426264003859256064,63,639.9947333335876,0.1454540191995572,9.536181,49,0.765625,1,0.0922426535847745,shortlist
uhf_long,54779,1899334,MeerKAT:array_1:20250705T192701Z,ex_V424_Sgr,3,587.9775613546371,-0.0162973690979896,19.02825,64,1.0,1,0.09236001929892479,shortlist
uhf_short,85982,34904006,MeerKAT:array_1:20250730T204925Z,Gaia_2699434709868205696,15,650.0220476984978,0.09411730654088994,9.505633,59,0.921875,1,0.09256503418690237,shortlist
lband_long,158804,27932380,MeerKAT:array_1:20250714T051258Z,Gaia_4669830121746188544,55,951.3463372290134,-0.02017610064910066,38.052948,37,0.578125,1,0.09268061082033081,shortlist
uhf_long,64207,7198468,MeerKAT:array_1:20250702T175345Z,ex_LEDA_623865,37,602.5486658215523,0.0468549361567201,8.603331,59,0.921875,1,0.09284253826526795,shortlist
uhf_long,79250,16138537,MeerKAT:array_1:20250702T175345Z,Gaia_6117542268696855808,53,608.0533240437508,-0.0835240166271967,8.116445,42,0.65625,1,0.09288040085956412,shortlist
lband_long,274521,35822791,MeerKAT:array_1:20240319T020710Z,Gaia_2543037354139398912,26,1210.9728869348764,-0.15636478003053011,7.4941735,51,0.796875,1,0.09297751419386964,shortlist
uhf_long,71881,11383589,MeerKAT:array_1:20250715T133052Z,Gaia_6214341043321072256,31,599.4172832369804,0.0631523052547097,42.430447,32,0.5,1,0.09309802065419709,shortlist
uhf_long,64204,7198465,MeerKAT:array_1:20250702T175345Z,ex_LEDA_611874,34,602.5486658215523,0.0468549361567201,9.137538,59,0.921875,1,0.09311716341299378,shortlist
lband_short,18911,440167,MeerKAT:array_1:20250708T094824Z,Gaia_2973742279516419584,53,873.58258035779,-0.32802434603699143,20.423279,44,0.6875,1,0.09320152751263786,shortlist
sband_short,1257,412970,MeerKAT:array_1:20250701T171131Z,Gaia_3607232500928004992,21,2212.745593627915,0.13924128707122305,42.088333,40,0.7272727272727273,1,0.093225959408499,shortlist
sband_long,22052,411849,MeerKAT:array_1:20250701T163235Z,Gaia_6441459051369581952,55,2203.6959948018193,0.0,37.56367,52,0.8125,1,0.09325162222268749,shortlist
sband_long,21973,411624,MeerKAT:array_1:20250701T163235Z,Gaia_6440696608775590528,40,2203.6959948018193,-0.005270427227360091,38.40315,52,0.8125,1,0.09325162222268749,shortlist
uhf_short,78727,34508353,MeerKAT:array_1:20250717T200827Z,Gaia_4426470196652716672,39,640.0537365674973,-0.07700506898800086,6.908662,32,0.5,1,0.09325215432751278,shortlist
sband_long,34396,4454408,MeerKAT:array_1:20250713T225437Z,Gaia_6440690698900526336,54,2700.000000419095,0.0,11.814015,64,1.0,1,0.09344972684484515,shortlist
uhf_long,33323,993675,MeerKAT:array_1:20250717T054309Z,Gaia_4668930034039883648,35,562.5533211827278,-0.07741250321545061,6.1747003,40,0.625,1,0.09352381048743044,shortlist
lband_long,162254,28055680,MeerKAT:array_1:20250715T232237Z,Gaia_6440634894390287744,23,951.6035417765379,-0.04035220129820132,88.736786,40,0.625,1,0.09374638439643784,shortlist
lband_long,268052,35815557,MeerKAT:array_1:20240319T020710Z,Gaia_2543022270213789952,5,1200.518800407648,-0.18158490584190595,26.117123,61,0.953125,1,0.09377943124916785,shortlist
uhf_short,7506,385676,MeerKAT:array_1:20250730T231157Z,ex_LEDA_1203342,34,544.0459896922112,-0.1711223755288908,8.922107,63,0.984375,1,0.0937830405816579,shortlist
lband_long,134016,20946424,MeerKAT:array_1:20250707T231708Z,Gaia_6440708462885289088,29,951.5463290512562,0.02017610064910066,19.733162,41,0.640625,1,0.09390566301567711,shortlist
uhf_short,23346,1109832,MeerKAT:array_1:20250713T002413Z,Gaia_2682586068561745152,9,575.9987963438034,0.15401013797600172,48.752354,62,0.96875,1,0.09399932457016982,shortlist
lband_long,277139,35858525,MeerKAT:array_1:20240319T020710Z,Gaia_2530967469540769920,34,1544.6151756495237,-0.1311446542191543,26.870258,64,1.0,1,0.09404244169659288,shortlist
uhf_short,57266,33398429,MeerKAT:array_1:20250730T231157Z,Gaia_2682471513193917312,11,615.6710823178291,0.0855611877644454,7.034062,64,1.0,1,0.094067427530914,shortlist
lband_long,445794,1940045,MeerKAT:array_1:20250706T014240Z,Gaia_6441068621662409984,57,935.252400636673,0.0,919.1621,64,1.0,1,0.09417649012851578,shortlist
uhf_short,102840,35466757,MeerKAT:array_1:20250720T194306Z,Gaia_4429467259187969536,53,672.9416548013687,0.07700506898800086,7.5147657,58,0.90625,1,0.09432421288840331,shortlist
lband_long,276563,35856991,MeerKAT:array_1:20240319T020710Z,Gaia_2543020865760350464,11,1544.187066361308,-0.1714968555173556,21.12064,48,0.75,1,0.09458336974358761,shortlist
lband_short,593116,1884440,MeerKAT:array_1:20250705T151001Z,Gaia_5223681101055676672,31,936.0399999767542,0.0,894.34564,64,1.0,1,0.09461253070076528,shortlist
uhf_long,79212,16138488,MeerKAT:array_1:20250702T175345Z,ex_CRTS_J140828.9-373311,2,608.0533240437508,-0.0835240166271967,6.7758245,42,0.65625,1,0.0949337636206289,shortlist
uhf_long,180505,11427297,MeerKAT:array_1:20250716T012443Z,Gaia_4669704777420736384,49,599.9695678949356,-0.0020371711372487,58.208397,62,0.96875,1,0.094942961110098,shortlist
uhf_long,51644,1246550,MeerKAT:array_1:20250702T175345Z,ex_GALEX_J140755.5-380020,11,580.046847820282,0.05092927843121751,12.017976,64,1.0,1,0.09511885562589836,shortlist
lband_long,162165,28055232,MeerKAT:array_1:20250715T232237Z,Gaia_6441084869521968512,16,951.5862087905407,-0.04035220129820132,72.806816,39,0.609375,1,0.09573011183865554,shortlist
lband_short,590328,1881626,MeerKAT:array_1:20250705T151001Z,Gaia_5223753531384098176,9,936.084399908781,0.0,937.3937,64,1.0,1,0.09581109763854537,shortlist
lband_long,276613,35857140,MeerKAT:array_1:20240319T020710Z,Gaia_2531002310315546624,23,1544.1870647668839,-0.16645283035508046,31.688795,53,0.828125,1,0.09598413246439247,shortlist
lband_long,266881,35814377,MeerKAT:array_1:20240319T020710Z,Gaia_2530940462786470656,49,1199.4965990781784,-0.17654088067963078,17.41605,61,0.953125,1,0.09608405660634614,shortlist
uhf_long,51675,1246581,MeerKAT:array_1:20250702T175345Z,Gaia_6120436737355102976,42,580.046847820282,0.05092927843121751,12.224187,64,1.0,1,0.09620153503479521,shortlist
lband_short,595022,1886366,MeerKAT:array_1:20250705T151001Z,Gaia_5223769847959145600,46,936.0399999767542,0.0,854.49835,64,1.0,1,0.096283980480775,shortlist
uhf_short,89393,34988866,MeerKAT:array_1:20250713T002413Z,Gaia_2682672101051891584,3,662.3948677778244,0.05989283143511178,9.518946,64,1.0,1,0.09661677266011251,shortlist
uhf_long,51652,1246558,MeerKAT:array_1:20250702T175345Z,ex_ASASSN-V_J140832.22-374509.2,19,580.046847820282,0.05092927843121751,13.809594,64,1.0,1,0.09667045061077935,shortlist
sband_long,21979,411639,MeerKAT:array_1:20250701T163235Z,Gaia_6441460288320161792,41,2203.6959948018193,0.0,38.779808,52,0.8125,1,0.09678860563096263,shortlist
uhf_short,23441,1110191,MeerKAT:array_1:20250713T002413Z,Gaia_2682751781284831744,45,575.9987963438034,0.15401013797600172,50.504917,62,0.96875,1,0.09688833058527899,shortlist
uhf_short,71062,33547461,MeerKAT:array_1:20250716T201432Z,Gaia_4426851005632198528,24,623.9930471777916,-0.03422447510577816,36.619225,64,1.0,1,0.09706275398170319,shortlist
uhf_short,7451,385602,MeerKAT:array_1:20250730T231157Z,Gaia_2682593112308143232,16,543.9540103077888,0.1711223755288908,8.542704,61,0.953125,1,0.09748238395436833,shortlist
uhf_long,65550,8175986,MeerKAT:array_1:20250705T060310Z,Gaia_6441475200446676224,12,601.3522255420685,0.0081486845489948,45.97924,64,1.0,1,0.0977338457269665,shortlist
lband_short,589223,1880509,MeerKAT:array_1:20250705T151001Z,Gaia_5223661412925550976,1,935.4703998863697,0.0,1001.97626,64,1.0,1,0.09773772183031254,shortlist
uhf_short,6679,383914,MeerKAT:array_1:20250730T204925Z,Gaia_2699045753334219008,56,551.9998951554298,-0.2909080383991144,102.93851,36,0.5625,1,0.09783008089471691,shortlist
uhf_long,180474,11427169,MeerKAT:array_1:20250716T012443Z,ex_LEDA_315174,17,599.9695678949356,-0.0020371711372487,58.35481,62,0.96875,1,0.09783831405673837,shortlist
lband_long,158493,27930015,MeerKAT:array_1:20250714T051258Z,Gaia_4669829228392991744,14,951.3463372290134,-0.015132075486825495,38.613224,37,0.578125,1,0.09804190892064049,shortlist
uhf_long,51664,1246570,MeerKAT:array_1:20250702T175345Z,ex_LEDA_625730,31,580.046847820282,0.05092927843121751,12.06001,64,1.0,1,0.09812157583791514,shortlist
uhf_long,44968,1134552,MeerKAT:array_1:20250715T143518Z,Gaia_6272832068321816064,52,575.964273929596,0.022408882509735703,15.924902,63,0.984375,1,0.09818810982925581,shortlist
uhf_short,117069,403906,MeerKAT:array_1:20250731T233401Z,Gaia_2537228397987049856,29,551.9782494902611,-0.01711223755288908,103.16558,64,1.0,1,0.0986342402017993,shortlist
uhf_short,179836,33480383,MeerKAT:array_1:20250707T024904Z,Gaia_2682490685927957376,12,623.9843724966049,0.0,18.441454,64,1.0,1,0.09867506147243954,shortlist
uhf_short,23352,1109852,MeerKAT:array_1:20250713T002413Z,Gaia_2682570950276783744,11,575.9987963438034,0.15401013797600172,44.587894,62,0.96875,1,0.09878733589879488,shortlist
uhf_short,74666,33621867,MeerKAT:array_1:20250721T203933Z,Gaia_2682489616480700288,44,623.9849135875702,-0.03422447510577816,7.0363965,57,0.890625,1,0.09928109292024881,shortlist
lband_long,270340,35817912,MeerKAT:array_1:20240319T020710Z,Gaia_2543031173681877120,46,1200.5187988132238,-0.17654088067963078,24.247395,64,1.0,1,0.09977792881251066,shortlist
sband_long,34348,4454360,MeerKAT:array_1:20250713T225437Z,Gaia_6440687812682497664,6,2700.000000419095,0.0,8.024886,64,1.0,1,0.09984637326456451,shortlist
